date,trades,unique_traders,vol_osmo,vol_l1,buys_l1,sells_l1,price_l1_osmo_close,volume_usdc,tvl_usd_close,l1_in_pool,osmo_in_pool,l1_usd_close,osmo_usd_close,price_l1_usd_close,price_osmo_usd_close,lp_add_l1,lp_add_osmo,lp_rm_l1,lp_rm_osmo,l1_bridged_in,l1_bridged_out,price_osmo_usd,price_l1_usd,lp_add_usd,lp_rm_usd,lp_net_usd,l1_bridged_in_usd,l1_bridged_out_usd,cum_volume_usdc,l1_share
2021-09-24 00:00:00+00:00,0.0,0.0,0.0,0.0,0.0,0.0,0.0,0.0,0.0,0.0,0.0,0.0,0.0,0.0,0.0,0.0,0.0,0.0,0.0,0.0,0.0,0.8052301460904354,0.01896704833736577,0.0,0.0,0.0,0.0,0.0,0.0,0.0
2021-09-25 00:00:00+00:00,0.0,0.0,0.0,0.0,0.0,0.0,0.0,0.0,0.0,0.0,0.0,0.0,0.0,0.0,0.0,0.0,0.0,0.0,0.0,0.0,0.0,0.8052301460904354,0.01896704833736577,0.0,0.0,0.0,0.0,0.0,0.0,0.0
2021-09-26 00:00:00+00:00,0.0,0.0,0.0,0.0,0.0,0.0,0.0,0.0,0.0,0.0,0.0,0.0,0.0,0.0,0.0,0.0,0.0,0.0,0.0,0.0,0.0,0.8052301460904354,0.01896704833736577,0.0,0.0,0.0,0.0,0.0,0.0,0.0
2021-09-27 00:00:00+00:00,0.0,0.0,0.0,0.0,0.0,0.0,0.0,0.0,0.0,0.0,0.0,0.0,0.0,0.0,0.0,0.0,0.0,0.0,0.0,0.0,0.0,0.8052301460904354,0.01896704833736577,0.0,0.0,0.0,0.0,0.0,0.0,0.0
2021-09-28 00:00:00+00:00,0.0,0.0,0.0,0.0,0.0,0.0,0.0,0.0,0.0,0.0,0.0,0.0,0.0,0.0,0.0,0.0,0.0,0.0,0.0,0.0,0.0,0.8052301460904354,0.01896704833736577,0.0,0.0,0.0,0.0,0.0,0.0,0.0
2021-09-29 00:00:00+00:00,0.0,0.0,0.0,0.0,0.0,0.0,0.0,0.0,0.0,0.0,0.0,0.0,0.0,0.0,0.0,0.0,0.0,0.0,0.0,0.0,0.0,0.8052301460904354,0.01896704833736577,0.0,0.0,0.0,0.0,0.0,0.0,0.0
2021-09-30 00:00:00+00:00,0.0,0.0,0.0,0.0,0.0,0.0,0.0,0.0,0.0,0.0,0.0,0.0,0.0,0.0,0.0,0.0,0.0,0.0,0.0,0.0,0.0,0.8052301460904354,0.01896704833736577,0.0,0.0,0.0,0.0,0.0,0.0,0.0
2021-10-01 00:00:00+00:00,0.0,0.0,0.0,0.0,0.0,0.0,0.0,0.0,0.0,0.0,0.0,0.0,0.0,0.0,0.0,0.0,0.0,0.0,0.0,0.0,0.0,0.8052301460904354,0.01896704833736577,0.0,0.0,0.0,0.0,0.0,0.0,0.0
2021-10-02 00:00:00+00:00,0.0,0.0,0.0,0.0,0.0,0.0,0.0,0.0,0.0,0.0,0.0,0.0,0.0,0.0,0.0,0.0,0.0,0.0,0.0,0.0,0.0,0.8052301460904354,0.01896704833736577,0.0,0.0,0.0,0.0,0.0,0.0,0.0
2021-10-03 00:00:00+00:00,0.0,0.0,0.0,0.0,0.0,0.0,0.0,0.0,0.0,0.0,0.0,0.0,0.0,0.0,0.0,0.0,0.0,0.0,0.0,0.0,0.0,0.8052301460904354,0.01896704833736577,0.0,0.0,0.0,0.0,0.0,0.0,0.0
2021-10-04 00:00:00+00:00,0.0,0.0,0.0,0.0,0.0,0.0,0.0,0.0,0.0,0.0,0.0,0.0,0.0,0.0,0.0,0.0,0.0,0.0,0.0,0.0,0.0,0.8052301460904354,0.01896704833736577,0.0,0.0,0.0,0.0,0.0,0.0,0.0
2021-10-05 00:00:00+00:00,0.0,0.0,0.0,0.0,0.0,0.0,0.0,0.0,0.0,0.0,0.0,0.0,0.0,0.0,0.0,0.0,0.0,0.0,0.0,0.0,0.0,0.8052301460904354,0.01896704833736577,0.0,0.0,0.0,0.0,0.0,0.0,0.0
2021-10-06 00:00:00+00:00,0.0,0.0,0.0,0.0,0.0,0.0,0.0,0.0,0.0,0.0,0.0,0.0,0.0,0.0,0.0,0.0,0.0,0.0,0.0,0.0,0.0,0.8052301460904354,0.01896704833736577,0.0,0.0,0.0,0.0,0.0,0.0,0.0
2021-10-07 00:00:00+00:00,0.0,0.0,0.0,0.0,0.0,0.0,0.0,0.0,0.0,0.0,0.0,0.0,0.0,0.0,0.0,0.0,0.0,0.0,0.0,0.0,0.0,0.8052301460904354,0.01896704833736577,0.0,0.0,0.0,0.0,0.0,0.0,0.0
2021-10-08 00:00:00+00:00,0.0,0.0,0.0,0.0,0.0,0.0,0.0,0.0,0.0,0.0,0.0,0.0,0.0,0.0,0.0,0.0,0.0,0.0,0.0,0.0,0.0,0.8052301460904354,0.01896704833736577,0.0,0.0,0.0,0.0,0.0,0.0,0.0
2021-10-09 00:00:00+00:00,0.0,0.0,0.0,0.0,0.0,0.0,0.0,0.0,0.0,0.0,0.0,0.0,0.0,0.0,0.0,0.0,0.0,0.0,0.0,0.0,0.0,0.8052301460904354,0.01896704833736577,0.0,0.0,0.0,0.0,0.0,0.0,0.0
2021-10-10 00:00:00+00:00,0.0,0.0,0.0,0.0,0.0,0.0,0.0,0.0,0.0,0.0,0.0,0.0,0.0,0.0,0.0,0.0,0.0,0.0,0.0,0.0,0.0,0.8052301460904354,0.01896704833736577,0.0,0.0,0.0,0.0,0.0,0.0,0.0
2021-10-11 00:00:00+00:00,0.0,0.0,0.0,0.0,0.0,0.0,0.0,0.0,0.0,0.0,0.0,0.0,0.0,0.0,0.0,0.0,0.0,0.0,0.0,0.0,0.0,0.8052301460904354,0.01896704833736577,0.0,0.0,0.0,0.0,0.0,0.0,0.0
2021-10-12 00:00:00+00:00,0.0,0.0,0.0,0.0,0.0,0.0,0.0,0.0,0.0,0.0,0.0,0.0,0.0,0.0,0.0,0.0,0.0,0.0,0.0,0.0,0.0,0.8052301460904354,0.01896704833736577,0.0,0.0,0.0,0.0,0.0,0.0,0.0
2021-10-13 00:00:00+00:00,0.0,0.0,0.0,0.0,0.0,0.0,0.0,0.0,0.0,0.0,0.0,0.0,0.0,0.0,0.0,0.0,0.0,0.0,0.0,0.0,0.0,0.8052301460904354,0.01896704833736577,0.0,0.0,0.0,0.0,0.0,0.0,0.0
2021-10-14 00:00:00+00:00,0.0,0.0,0.0,0.0,0.0,0.0,0.0,0.0,0.0,0.0,0.0,0.0,0.0,0.0,0.0,0.0,0.0,0.0,0.0,0.0,0.0,0.8052301460904354,0.01896704833736577,0.0,0.0,0.0,0.0,0.0,0.0,0.0
2021-10-15 00:00:00+00:00,0.0,0.0,0.0,0.0,0.0,0.0,0.0,0.0,0.0,0.0,0.0,0.0,0.0,0.0,0.0,0.0,0.0,0.0,0.0,0.0,0.0,0.8052301460904354,0.01896704833736577,0.0,0.0,0.0,0.0,0.0,0.0,0.0
2021-10-16 00:00:00+00:00,0.0,0.0,0.0,0.0,0.0,0.0,0.0,0.0,0.0,0.0,0.0,0.0,0.0,0.0,0.0,0.0,0.0,0.0,0.0,0.0,0.0,0.8052301460904354,0.01896704833736577,0.0,0.0,0.0,0.0,0.0,0.0,0.0
2021-10-17 00:00:00+00:00,0.0,0.0,0.0,0.0,0.0,0.0,0.0,0.0,0.0,0.0,0.0,0.0,0.0,0.0,0.0,0.0,0.0,0.0,0.0,0.0,0.0,0.8052301460904354,0.01896704833736577,0.0,0.0,0.0,0.0,0.0,0.0,0.0
2021-10-18 00:00:00+00:00,0.0,0.0,0.0,0.0,0.0,0.0,0.0,0.0,0.0,0.0,0.0,0.0,0.0,0.0,0.0,0.0,0.0,0.0,0.0,0.0,0.0,0.8052301460904354,0.01896704833736577,0.0,0.0,0.0,0.0,0.0,0.0,0.0
2021-10-19 00:00:00+00:00,0.0,0.0,0.0,0.0,0.0,0.0,0.0,0.0,0.0,0.0,0.0,0.0,0.0,0.0,0.0,0.0,0.0,0.0,0.0,0.0,0.0,0.8052301460904354,0.01896704833736577,0.0,0.0,0.0,0.0,0.0,0.0,0.0
2021-10-20 00:00:00+00:00,0.0,0.0,0.0,0.0,0.0,0.0,0.0,0.0,0.0,0.0,0.0,0.0,0.0,0.0,0.0,0.0,0.0,0.0,0.0,0.0,0.0,0.8052301460904354,0.01896704833736577,0.0,0.0,0.0,0.0,0.0,0.0,0.0
2021-10-21 00:00:00+00:00,0.0,0.0,0.0,0.0,0.0,0.0,0.0,0.0,0.0,0.0,0.0,0.0,0.0,0.0,0.0,0.0,0.0,0.0,0.0,0.0,0.0,0.8052301460904354,0.01896704833736577,0.0,0.0,0.0,0.0,0.0,0.0,0.0
2021-10-22 00:00:00+00:00,0.0,0.0,0.0,0.0,0.0,0.0,0.0,0.0,0.0,0.0,0.0,0.0,0.0,0.0,0.0,0.0,0.0,0.0,0.0,0.0,0.0,0.8052301460904354,0.01896704833736577,0.0,0.0,0.0,0.0,0.0,0.0,0.0
2021-10-23 00:00:00+00:00,0.0,0.0,0.0,0.0,0.0,0.0,0.0,0.0,0.0,0.0,0.0,0.0,0.0,0.0,0.0,0.0,0.0,0.0,0.0,0.0,0.0,0.8052301460904354,0.01896704833736577,0.0,0.0,0.0,0.0,0.0,0.0,0.0
2021-10-24 00:00:00+00:00,0.0,0.0,0.0,0.0,0.0,0.0,0.0,0.0,0.0,0.0,0.0,0.0,0.0,0.0,0.0,0.0,0.0,0.0,0.0,0.0,0.0,0.8052301460904354,0.01896704833736577,0.0,0.0,0.0,0.0,0.0,0.0,0.0
2021-10-25 00:00:00+00:00,0.0,0.0,0.0,0.0,0.0,0.0,0.0,0.0,0.0,0.0,0.0,0.0,0.0,0.0,0.0,0.0,0.0,0.0,0.0,0.0,0.0,0.8052301460904354,0.01896704833736577,0.0,0.0,0.0,0.0,0.0,0.0,0.0
2021-10-26 00:00:00+00:00,0.0,0.0,0.0,0.0,0.0,0.0,0.0,0.0,0.0,0.0,0.0,0.0,0.0,0.0,0.0,0.0,0.0,0.0,0.0,0.0,0.0,0.8052301460904354,0.01896704833736577,0.0,0.0,0.0,0.0,0.0,0.0,0.0
2021-10-27 00:00:00+00:00,0.0,0.0,0.0,0.0,0.0,0.0,0.0,0.0,0.0,0.0,0.0,0.0,0.0,0.0,0.0,0.0,0.0,0.0,0.0,0.0,0.0,0.8052301460904354,0.01896704833736577,0.0,0.0,0.0,0.0,0.0,0.0,0.0
2021-10-28 00:00:00+00:00,0.0,0.0,0.0,0.0,0.0,0.0,0.0,0.0,0.0,0.0,0.0,0.0,0.0,0.0,0.0,0.0,0.0,0.0,0.0,0.0,0.0,0.8052301460904354,0.01896704833736577,0.0,0.0,0.0,0.0,0.0,0.0,0.0
2021-10-29 00:00:00+00:00,0.0,0.0,0.0,0.0,0.0,0.0,0.0,0.0,0.0,0.0,0.0,0.0,0.0,0.0,0.0,0.0,0.0,0.0,0.0,0.0,0.0,0.8052301460904354,0.01896704833736577,0.0,0.0,0.0,0.0,0.0,0.0,0.0
2021-10-30 00:00:00+00:00,0.0,0.0,0.0,0.0,0.0,0.0,0.0,0.0,0.0,0.0,0.0,0.0,0.0,0.0,0.0,0.0,0.0,0.0,0.0,0.0,0.0,0.8052301460904354,0.01896704833736577,0.0,0.0,0.0,0.0,0.0,0.0,0.0
2021-10-31 00:00:00+00:00,0.0,0.0,0.0,0.0,0.0,0.0,0.0,0.0,0.0,0.0,0.0,0.0,0.0,0.0,0.0,0.0,0.0,0.0,0.0,0.0,0.0,0.8052301460904354,0.01896704833736577,0.0,0.0,0.0,0.0,0.0,0.0,0.0
2021-11-01 00:00:00+00:00,0.0,0.0,0.0,0.0,0.0,0.0,0.0,0.0,0.0,0.0,0.0,0.0,0.0,0.0,0.0,0.0,0.0,0.0,0.0,0.0,0.0,0.8052301460904354,0.01896704833736577,0.0,0.0,0.0,0.0,0.0,0.0,0.0
2021-11-02 00:00:00+00:00,0.0,0.0,0.0,0.0,0.0,0.0,0.0,0.0,0.0,0.0,0.0,0.0,0.0,0.0,0.0,0.0,0.0,0.0,0.0,0.0,0.0,0.8052301460904354,0.01896704833736577,0.0,0.0,0.0,0.0,0.0,0.0,0.0
2021-11-03 00:00:00+00:00,0.0,0.0,0.0,0.0,0.0,0.0,0.0,0.0,0.0,0.0,0.0,0.0,0.0,0.0,0.0,0.0,0.0,0.0,0.0,0.0,0.0,0.8052301460904354,0.01896704833736577,0.0,0.0,0.0,0.0,0.0,0.0,0.0
2021-11-04 00:00:00+00:00,0.0,0.0,0.0,0.0,0.0,0.0,0.0,0.0,0.0,0.0,0.0,0.0,0.0,0.0,0.0,0.0,0.0,0.0,0.0,0.0,0.0,0.8052301460904354,0.01896704833736577,0.0,0.0,0.0,0.0,0.0,0.0,0.0
2021-11-05 00:00:00+00:00,0.0,0.0,0.0,0.0,0.0,0.0,0.0,0.0,0.0,0.0,0.0,0.0,0.0,0.0,0.0,0.0,0.0,0.0,0.0,0.0,0.0,0.8052301460904354,0.01896704833736577,0.0,0.0,0.0,0.0,0.0,0.0,0.0
2021-11-06 00:00:00+00:00,0.0,0.0,0.0,0.0,0.0,0.0,0.0,0.0,0.0,0.0,0.0,0.0,0.0,0.0,0.0,0.0,0.0,0.0,0.0,0.0,0.0,0.8052301460904354,0.01896704833736577,0.0,0.0,0.0,0.0,0.0,0.0,0.0
2021-11-07 00:00:00+00:00,0.0,0.0,0.0,0.0,0.0,0.0,0.0,0.0,0.0,0.0,0.0,0.0,0.0,0.0,0.0,0.0,0.0,0.0,0.0,0.0,0.0,0.8052301460904354,0.01896704833736577,0.0,0.0,0.0,0.0,0.0,0.0,0.0
2021-11-08 00:00:00+00:00,0.0,0.0,0.0,0.0,0.0,0.0,0.0,0.0,0.0,0.0,0.0,0.0,0.0,0.0,0.0,0.0,0.0,0.0,0.0,0.0,0.0,0.8052301460904354,0.01896704833736577,0.0,0.0,0.0,0.0,0.0,0.0,0.0
2021-11-09 00:00:00+00:00,0.0,0.0,0.0,0.0,0.0,0.0,0.0,0.0,0.0,0.0,0.0,0.0,0.0,0.0,0.0,0.0,0.0,0.0,0.0,0.0,0.0,0.8052301460904354,0.01896704833736577,0.0,0.0,0.0,0.0,0.0,0.0,0.0
2021-11-10 00:00:00+00:00,0.0,0.0,0.0,0.0,0.0,0.0,0.0,0.0,0.0,0.0,0.0,0.0,0.0,0.0,0.0,0.0,0.0,0.0,0.0,0.0,0.0,0.8052301460904354,0.01896704833736577,0.0,0.0,0.0,0.0,0.0,0.0,0.0
2021-11-11 00:00:00+00:00,0.0,0.0,0.0,0.0,0.0,0.0,0.0,0.0,0.0,0.0,0.0,0.0,0.0,0.0,0.0,0.0,0.0,0.0,0.0,0.0,0.0,0.8052301460904354,0.01896704833736577,0.0,0.0,0.0,0.0,0.0,0.0,0.0
2021-11-12 00:00:00+00:00,0.0,0.0,0.0,0.0,0.0,0.0,0.0,0.0,0.0,0.0,0.0,0.0,0.0,0.0,0.0,0.0,0.0,0.0,0.0,0.0,0.0,0.8052301460904354,0.01896704833736577,0.0,0.0,0.0,0.0,0.0,0.0,0.0
2021-11-13 00:00:00+00:00,0.0,0.0,0.0,0.0,0.0,0.0,0.0,0.0,0.0,0.0,0.0,0.0,0.0,0.0,0.0,0.0,0.0,0.0,0.0,0.0,0.0,0.8052301460904354,0.01896704833736577,0.0,0.0,0.0,0.0,0.0,0.0,0.0
2021-11-14 00:00:00+00:00,0.0,0.0,0.0,0.0,0.0,0.0,0.0,0.0,0.0,0.0,0.0,0.0,0.0,0.0,0.0,0.0,0.0,0.0,0.0,0.0,0.0,0.8052301460904354,0.01896704833736577,0.0,0.0,0.0,0.0,0.0,0.0,0.0
2021-11-15 00:00:00+00:00,0.0,0.0,0.0,0.0,0.0,0.0,0.0,0.0,0.0,0.0,0.0,0.0,0.0,0.0,0.0,0.0,0.0,0.0,0.0,0.0,0.0,0.8052301460904354,0.01896704833736577,0.0,0.0,0.0,0.0,0.0,0.0,0.0
2021-11-16 00:00:00+00:00,0.0,0.0,0.0,0.0,0.0,0.0,0.0,0.0,0.0,0.0,0.0,0.0,0.0,0.0,0.0,0.0,0.0,0.0,0.0,0.0,0.0,0.8052301460904354,0.01896704833736577,0.0,0.0,0.0,0.0,0.0,0.0,0.0
2021-11-17 00:00:00+00:00,0.0,0.0,0.0,0.0,0.0,0.0,0.0,0.0,0.0,0.0,0.0,0.0,0.0,0.0,0.0,0.0,0.0,0.0,0.0,0.0,0.0,0.8052301460904354,0.01896704833736577,0.0,0.0,0.0,0.0,0.0,0.0,0.0
2021-11-18 00:00:00+00:00,0.0,0.0,0.0,0.0,0.0,0.0,0.0,0.0,0.0,0.0,0.0,0.0,0.0,0.0,0.0,0.0,0.0,0.0,0.0,0.0,0.0,0.8052301460904354,0.01896704833736577,0.0,0.0,0.0,0.0,0.0,0.0,0.0
2021-11-19 00:00:00+00:00,0.0,0.0,0.0,0.0,0.0,0.0,0.0,0.0,0.0,0.0,0.0,0.0,0.0,0.0,0.0,0.0,0.0,0.0,0.0,0.0,0.0,0.8052301460904354,0.01896704833736577,0.0,0.0,0.0,0.0,0.0,0.0,0.0
2021-11-20 00:00:00+00:00,0.0,0.0,0.0,0.0,0.0,0.0,0.0,0.0,0.0,0.0,0.0,0.0,0.0,0.0,0.0,0.0,0.0,0.0,0.0,0.0,0.0,0.8052301460904354,0.01896704833736577,0.0,0.0,0.0,0.0,0.0,0.0,0.0
2021-11-21 00:00:00+00:00,0.0,0.0,0.0,0.0,0.0,0.0,0.0,0.0,0.0,0.0,0.0,0.0,0.0,0.0,0.0,0.0,0.0,0.0,0.0,0.0,0.0,0.8052301460904354,0.01896704833736577,0.0,0.0,0.0,0.0,0.0,0.0,0.0
2021-11-22 00:00:00+00:00,0.0,0.0,0.0,0.0,0.0,0.0,0.0,0.0,0.0,0.0,0.0,0.0,0.0,0.0,0.0,0.0,0.0,0.0,0.0,0.0,0.0,0.8052301460904354,0.01896704833736577,0.0,0.0,0.0,0.0,0.0,0.0,0.0
2021-11-23 00:00:00+00:00,0.0,0.0,0.0,0.0,0.0,0.0,0.0,0.0,0.0,0.0,0.0,0.0,0.0,0.0,0.0,0.0,0.0,0.0,0.0,0.0,0.0,0.8052301460904354,0.01896704833736577,0.0,0.0,0.0,0.0,0.0,0.0,0.0
2021-11-24 00:00:00+00:00,0.0,0.0,0.0,0.0,0.0,0.0,0.0,0.0,0.0,0.0,0.0,0.0,0.0,0.0,0.0,0.0,0.0,0.0,0.0,0.0,0.0,0.8052301460904354,0.01896704833736577,0.0,0.0,0.0,0.0,0.0,0.0,0.0
2021-11-25 00:00:00+00:00,0.0,0.0,0.0,0.0,0.0,0.0,0.0,0.0,0.0,0.0,0.0,0.0,0.0,0.0,0.0,0.0,0.0,0.0,0.0,0.0,0.0,0.8052301460904354,0.01896704833736577,0.0,0.0,0.0,0.0,0.0,0.0,0.0
2021-11-26 00:00:00+00:00,0.0,0.0,0.0,0.0,0.0,0.0,0.0,0.0,0.0,0.0,0.0,0.0,0.0,0.0,0.0,0.0,0.0,0.0,0.0,0.0,0.0,0.8052301460904354,0.01896704833736577,0.0,0.0,0.0,0.0,0.0,0.0,0.0
2021-11-27 00:00:00+00:00,0.0,0.0,0.0,0.0,0.0,0.0,0.0,0.0,0.0,0.0,0.0,0.0,0.0,0.0,0.0,0.0,0.0,0.0,0.0,0.0,0.0,0.8052301460904354,0.01896704833736577,0.0,0.0,0.0,0.0,0.0,0.0,0.0
2021-11-28 00:00:00+00:00,0.0,0.0,0.0,0.0,0.0,0.0,0.0,0.0,0.0,0.0,0.0,0.0,0.0,0.0,0.0,0.0,0.0,0.0,0.0,0.0,0.0,0.8052301460904354,0.01896704833736577,0.0,0.0,0.0,0.0,0.0,0.0,0.0
2021-11-29 00:00:00+00:00,0.0,0.0,0.0,0.0,0.0,0.0,0.0,0.0,0.0,0.0,0.0,0.0,0.0,0.0,0.0,0.0,0.0,0.0,0.0,0.0,0.0,0.8052301460904354,0.01896704833736577,0.0,0.0,0.0,0.0,0.0,0.0,0.0
2021-11-30 00:00:00+00:00,0.0,0.0,0.0,0.0,0.0,0.0,0.0,0.0,0.0,0.0,0.0,0.0,0.0,0.0,0.0,0.0,0.0,0.0,0.0,0.0,0.0,0.8052301460904354,0.01896704833736577,0.0,0.0,0.0,0.0,0.0,0.0,0.0
2021-12-01 00:00:00+00:00,0.0,0.0,0.0,0.0,0.0,0.0,0.0,0.0,0.0,0.0,0.0,0.0,0.0,0.0,0.0,0.0,0.0,0.0,0.0,0.0,0.0,0.8052301460904354,0.01896704833736577,0.0,0.0,0.0,0.0,0.0,0.0,0.0
2021-12-02 00:00:00+00:00,0.0,0.0,0.0,0.0,0.0,0.0,0.0,0.0,0.0,0.0,0.0,0.0,0.0,0.0,0.0,0.0,0.0,0.0,0.0,0.0,0.0,0.8052301460904354,0.01896704833736577,0.0,0.0,0.0,0.0,0.0,0.0,0.0
2021-12-03 00:00:00+00:00,0.0,0.0,0.0,0.0,0.0,0.0,0.0,0.0,0.0,0.0,0.0,0.0,0.0,0.0,0.0,0.0,0.0,0.0,0.0,0.0,0.0,0.8052301460904354,0.01896704833736577,0.0,0.0,0.0,0.0,0.0,0.0,0.0
2021-12-04 00:00:00+00:00,0.0,0.0,0.0,0.0,0.0,0.0,0.0,0.0,0.0,0.0,0.0,0.0,0.0,0.0,0.0,0.0,0.0,0.0,0.0,0.0,0.0,0.8052301460904354,0.01896704833736577,0.0,0.0,0.0,0.0,0.0,0.0,0.0
2021-12-05 00:00:00+00:00,0.0,0.0,0.0,0.0,0.0,0.0,0.0,0.0,0.0,0.0,0.0,0.0,0.0,0.0,0.0,0.0,0.0,0.0,0.0,0.0,0.0,0.8052301460904354,0.01896704833736577,0.0,0.0,0.0,0.0,0.0,0.0,0.0
2021-12-06 00:00:00+00:00,0.0,0.0,0.0,0.0,0.0,0.0,0.0,0.0,0.0,0.0,0.0,0.0,0.0,0.0,0.0,0.0,0.0,0.0,0.0,0.0,0.0,0.8052301460904354,0.01896704833736577,0.0,0.0,0.0,0.0,0.0,0.0,0.0
2021-12-07 00:00:00+00:00,0.0,0.0,0.0,0.0,0.0,0.0,0.0,0.0,0.0,0.0,0.0,0.0,0.0,0.0,0.0,0.0,0.0,0.0,0.0,0.0,0.0,0.8052301460904354,0.01896704833736577,0.0,0.0,0.0,0.0,0.0,0.0,0.0
2021-12-08 00:00:00+00:00,0.0,0.0,0.0,0.0,0.0,0.0,0.0,0.0,0.0,0.0,0.0,0.0,0.0,0.0,0.0,0.0,0.0,0.0,0.0,0.0,0.0,0.8052301460904354,0.01896704833736577,0.0,0.0,0.0,0.0,0.0,0.0,0.0
2021-12-09 00:00:00+00:00,0.0,0.0,0.0,0.0,0.0,0.0,0.0,0.0,0.0,0.0,0.0,0.0,0.0,0.0,0.0,0.0,0.0,0.0,0.0,0.0,0.0,0.8052301460904354,0.01896704833736577,0.0,0.0,0.0,0.0,0.0,0.0,0.0
2021-12-10 00:00:00+00:00,0.0,0.0,0.0,0.0,0.0,0.0,0.0,0.0,0.0,0.0,0.0,0.0,0.0,0.0,0.0,0.0,0.0,0.0,0.0,0.0,0.0,0.8052301460904354,0.01896704833736577,0.0,0.0,0.0,0.0,0.0,0.0,0.0
2021-12-11 00:00:00+00:00,0.0,0.0,0.0,0.0,0.0,0.0,0.0,0.0,0.0,0.0,0.0,0.0,0.0,0.0,0.0,0.0,0.0,0.0,0.0,0.0,0.0,0.8052301460904354,0.01896704833736577,0.0,0.0,0.0,0.0,0.0,0.0,0.0
2021-12-12 00:00:00+00:00,0.0,0.0,0.0,0.0,0.0,0.0,0.0,0.0,0.0,0.0,0.0,0.0,0.0,0.0,0.0,0.0,0.0,0.0,0.0,0.0,0.0,0.8052301460904354,0.01896704833736577,0.0,0.0,0.0,0.0,0.0,0.0,0.0
2021-12-13 00:00:00+00:00,0.0,0.0,0.0,0.0,0.0,0.0,0.0,0.0,0.0,0.0,0.0,0.0,0.0,0.0,0.0,0.0,0.0,0.0,0.0,0.0,0.0,0.8052301460904354,0.01896704833736577,0.0,0.0,0.0,0.0,0.0,0.0,0.0
2021-12-14 00:00:00+00:00,0.0,0.0,0.0,0.0,0.0,0.0,0.0,0.0,0.0,0.0,0.0,0.0,0.0,0.0,0.0,0.0,0.0,0.0,0.0,0.0,0.0,0.8052301460904354,0.01896704833736577,0.0,0.0,0.0,0.0,0.0,0.0,0.0
2021-12-15 00:00:00+00:00,0.0,0.0,0.0,0.0,0.0,0.0,0.0,0.0,0.0,0.0,0.0,0.0,0.0,0.0,0.0,0.0,0.0,0.0,0.0,0.0,0.0,0.8052301460904354,0.01896704833736577,0.0,0.0,0.0,0.0,0.0,0.0,0.0
2021-12-16 00:00:00+00:00,0.0,0.0,0.0,0.0,0.0,0.0,0.0,0.0,0.0,0.0,0.0,0.0,0.0,0.0,0.0,0.0,0.0,0.0,0.0,0.0,0.0,0.8052301460904354,0.01896704833736577,0.0,0.0,0.0,0.0,0.0,0.0,0.0
2021-12-17 00:00:00+00:00,0.0,0.0,0.0,0.0,0.0,0.0,0.0,0.0,0.0,0.0,0.0,0.0,0.0,0.0,0.0,0.0,0.0,0.0,0.0,0.0,0.0,0.8052301460904354,0.01896704833736577,0.0,0.0,0.0,0.0,0.0,0.0,0.0
2021-12-18 00:00:00+00:00,0.0,0.0,0.0,0.0,0.0,0.0,0.0,0.0,0.0,0.0,0.0,0.0,0.0,0.0,0.0,0.0,0.0,0.0,0.0,0.0,0.0,0.8052301460904354,0.01896704833736577,0.0,0.0,0.0,0.0,0.0,0.0,0.0
2021-12-19 00:00:00+00:00,0.0,0.0,0.0,0.0,0.0,0.0,0.0,0.0,0.0,0.0,0.0,0.0,0.0,0.0,0.0,0.0,0.0,0.0,0.0,0.0,0.0,0.8052301460904354,0.01896704833736577,0.0,0.0,0.0,0.0,0.0,0.0,0.0
2021-12-20 00:00:00+00:00,0.0,0.0,0.0,0.0,0.0,0.0,0.0,0.0,0.0,0.0,0.0,0.0,0.0,0.0,0.0,0.0,0.0,0.0,0.0,0.0,0.0,0.8052301460904354,0.01896704833736577,0.0,0.0,0.0,0.0,0.0,0.0,0.0
2021-12-21 00:00:00+00:00,0.0,0.0,0.0,0.0,0.0,0.0,0.0,0.0,0.0,0.0,0.0,0.0,0.0,0.0,0.0,0.0,0.0,0.0,0.0,0.0,0.0,0.8052301460904354,0.01896704833736577,0.0,0.0,0.0,0.0,0.0,0.0,0.0
2021-12-22 00:00:00+00:00,0.0,0.0,0.0,0.0,0.0,0.0,0.0,0.0,0.0,0.0,0.0,0.0,0.0,0.0,0.0,0.0,0.0,0.0,0.0,0.0,0.0,0.8052301460904354,0.01896704833736577,0.0,0.0,0.0,0.0,0.0,0.0,0.0
2021-12-23 00:00:00+00:00,0.0,0.0,0.0,0.0,0.0,0.0,0.0,0.0,0.0,0.0,0.0,0.0,0.0,0.0,0.0,0.0,0.0,0.0,0.0,0.0,0.0,0.8052301460904354,0.01896704833736577,0.0,0.0,0.0,0.0,0.0,0.0,0.0
2021-12-24 00:00:00+00:00,0.0,0.0,0.0,0.0,0.0,0.0,0.0,0.0,0.0,0.0,0.0,0.0,0.0,0.0,0.0,0.0,0.0,0.0,0.0,0.0,0.0,0.8052301460904354,0.01896704833736577,0.0,0.0,0.0,0.0,0.0,0.0,0.0
2021-12-25 00:00:00+00:00,0.0,0.0,0.0,0.0,0.0,0.0,0.0,0.0,0.0,0.0,0.0,0.0,0.0,0.0,0.0,0.0,0.0,0.0,0.0,0.0,0.0,0.8052301460904354,0.01896704833736577,0.0,0.0,0.0,0.0,0.0,0.0,0.0
2021-12-26 00:00:00+00:00,0.0,0.0,0.0,0.0,0.0,0.0,0.0,0.0,0.0,0.0,0.0,0.0,0.0,0.0,0.0,0.0,0.0,0.0,0.0,0.0,0.0,0.8052301460904354,0.01896704833736577,0.0,0.0,0.0,0.0,0.0,0.0,0.0
2021-12-27 00:00:00+00:00,0.0,0.0,0.0,0.0,0.0,0.0,0.0,0.0,0.0,0.0,0.0,0.0,0.0,0.0,0.0,0.0,0.0,0.0,0.0,0.0,0.0,0.8052301460904354,0.01896704833736577,0.0,0.0,0.0,0.0,0.0,0.0,0.0
2021-12-28 00:00:00+00:00,0.0,0.0,0.0,0.0,0.0,0.0,0.0,0.0,0.0,0.0,0.0,0.0,0.0,0.0,0.0,0.0,0.0,0.0,0.0,0.0,0.0,0.8052301460904354,0.01896704833736577,0.0,0.0,0.0,0.0,0.0,0.0,0.0
2021-12-29 00:00:00+00:00,0.0,0.0,0.0,0.0,0.0,0.0,0.0,0.0,0.0,0.0,0.0,0.0,0.0,0.0,0.0,0.0,0.0,0.0,0.0,0.0,0.0,0.8052301460904354,0.01896704833736577,0.0,0.0,0.0,0.0,0.0,0.0,0.0
2021-12-30 00:00:00+00:00,0.0,0.0,0.0,0.0,0.0,0.0,0.0,0.0,0.0,0.0,0.0,0.0,0.0,0.0,0.0,0.0,0.0,0.0,0.0,0.0,0.0,0.8052301460904354,0.01896704833736577,0.0,0.0,0.0,0.0,0.0,0.0,0.0
2021-12-31 00:00:00+00:00,0.0,0.0,0.0,0.0,0.0,0.0,0.0,0.0,0.0,0.0,0.0,0.0,0.0,0.0,0.0,0.0,0.0,0.0,0.0,0.0,0.0,0.8052301460904354,0.01896704833736577,0.0,0.0,0.0,0.0,0.0,0.0,0.0
2022-01-01 00:00:00+00:00,0.0,0.0,0.0,0.0,0.0,0.0,0.0,0.0,0.0,0.0,0.0,0.0,0.0,0.0,0.0,0.0,0.0,0.0,0.0,0.0,0.0,0.8052301460904354,0.01896704833736577,0.0,0.0,0.0,0.0,0.0,0.0,0.0
2022-01-02 00:00:00+00:00,0.0,0.0,0.0,0.0,0.0,0.0,0.0,0.0,0.0,0.0,0.0,0.0,0.0,0.0,0.0,0.0,0.0,0.0,0.0,0.0,0.0,0.8052301460904354,0.01896704833736577,0.0,0.0,0.0,0.0,0.0,0.0,0.0
2022-01-03 00:00:00+00:00,0.0,0.0,0.0,0.0,0.0,0.0,0.0,0.0,0.0,0.0,0.0,0.0,0.0,0.0,0.0,0.0,0.0,0.0,0.0,0.0,0.0,0.8052301460904354,0.01896704833736577,0.0,0.0,0.0,0.0,0.0,0.0,0.0
2022-01-04 00:00:00+00:00,0.0,0.0,0.0,0.0,0.0,0.0,0.0,0.0,0.0,0.0,0.0,0.0,0.0,0.0,0.0,0.0,0.0,0.0,0.0,0.0,0.0,0.8052301460904354,0.01896704833736577,0.0,0.0,0.0,0.0,0.0,0.0,0.0
2022-01-05 00:00:00+00:00,0.0,0.0,0.0,0.0,0.0,0.0,0.0,0.0,0.0,0.0,0.0,0.0,0.0,0.0,0.0,0.0,0.0,0.0,0.0,0.0,0.0,0.8052301460904354,0.01896704833736577,0.0,0.0,0.0,0.0,0.0,0.0,0.0
2022-01-06 00:00:00+00:00,0.0,0.0,0.0,0.0,0.0,0.0,0.0,0.0,0.0,0.0,0.0,0.0,0.0,0.0,0.0,0.0,0.0,0.0,0.0,0.0,0.0,0.8052301460904354,0.01896704833736577,0.0,0.0,0.0,0.0,0.0,0.0,0.0
2022-01-07 00:00:00+00:00,0.0,0.0,0.0,0.0,0.0,0.0,0.0,0.0,0.0,0.0,0.0,0.0,0.0,0.0,0.0,0.0,0.0,0.0,0.0,0.0,0.0,0.8052301460904354,0.01896704833736577,0.0,0.0,0.0,0.0,0.0,0.0,0.0
2022-01-08 00:00:00+00:00,0.0,0.0,0.0,0.0,0.0,0.0,0.0,0.0,0.0,0.0,0.0,0.0,0.0,0.0,0.0,0.0,0.0,0.0,0.0,0.0,0.0,0.8052301460904354,0.01896704833736577,0.0,0.0,0.0,0.0,0.0,0.0,0.0
2022-01-09 00:00:00+00:00,0.0,0.0,0.0,0.0,0.0,0.0,0.0,0.0,0.0,0.0,0.0,0.0,0.0,0.0,0.0,0.0,0.0,0.0,0.0,0.0,0.0,0.8052301460904354,0.01896704833736577,0.0,0.0,0.0,0.0,0.0,0.0,0.0
2022-01-10 00:00:00+00:00,0.0,0.0,0.0,0.0,0.0,0.0,0.0,0.0,0.0,0.0,0.0,0.0,0.0,0.0,0.0,0.0,0.0,0.0,0.0,0.0,0.0,0.8052301460904354,0.01896704833736577,0.0,0.0,0.0,0.0,0.0,0.0,0.0
2022-01-11 00:00:00+00:00,0.0,0.0,0.0,0.0,0.0,0.0,0.0,0.0,0.0,0.0,0.0,0.0,0.0,0.0,0.0,0.0,0.0,0.0,0.0,0.0,0.0,0.8052301460904354,0.01896704833736577,0.0,0.0,0.0,0.0,0.0,0.0,0.0
2022-01-12 00:00:00+00:00,0.0,0.0,0.0,0.0,0.0,0.0,0.0,0.0,0.0,0.0,0.0,0.0,0.0,0.0,0.0,0.0,0.0,0.0,0.0,0.0,0.0,0.8052301460904354,0.01896704833736577,0.0,0.0,0.0,0.0,0.0,0.0,0.0
2022-01-13 00:00:00+00:00,0.0,0.0,0.0,0.0,0.0,0.0,0.0,0.0,0.0,0.0,0.0,0.0,0.0,0.0,0.0,0.0,0.0,0.0,0.0,0.0,0.0,0.8052301460904354,0.01896704833736577,0.0,0.0,0.0,0.0,0.0,0.0,0.0
2022-01-14 00:00:00+00:00,0.0,0.0,0.0,0.0,0.0,0.0,0.0,0.0,0.0,0.0,0.0,0.0,0.0,0.0,0.0,0.0,0.0,0.0,0.0,0.0,0.0,0.8052301460904354,0.01896704833736577,0.0,0.0,0.0,0.0,0.0,0.0,0.0
2022-01-15 00:00:00+00:00,0.0,0.0,0.0,0.0,0.0,0.0,0.0,0.0,0.0,0.0,0.0,0.0,0.0,0.0,0.0,0.0,0.0,0.0,0.0,0.0,0.0,0.8052301460904354,0.01896704833736577,0.0,0.0,0.0,0.0,0.0,0.0,0.0
2022-01-16 00:00:00+00:00,0.0,0.0,0.0,0.0,0.0,0.0,0.0,0.0,0.0,0.0,0.0,0.0,0.0,0.0,0.0,0.0,0.0,0.0,0.0,0.0,0.0,0.8052301460904354,0.01896704833736577,0.0,0.0,0.0,0.0,0.0,0.0,0.0
2022-01-17 00:00:00+00:00,0.0,0.0,0.0,0.0,0.0,0.0,0.0,0.0,0.0,0.0,0.0,0.0,0.0,0.0,0.0,0.0,0.0,0.0,0.0,0.0,0.0,0.8052301460904354,0.01896704833736577,0.0,0.0,0.0,0.0,0.0,0.0,0.0
2022-01-18 00:00:00+00:00,0.0,0.0,0.0,0.0,0.0,0.0,0.0,0.0,0.0,0.0,0.0,0.0,0.0,0.0,0.0,0.0,0.0,0.0,0.0,0.0,0.0,0.8052301460904354,0.01896704833736577,0.0,0.0,0.0,0.0,0.0,0.0,0.0
2022-01-19 00:00:00+00:00,0.0,0.0,0.0,0.0,0.0,0.0,0.0,0.0,0.0,0.0,0.0,0.0,0.0,0.0,0.0,0.0,0.0,0.0,0.0,0.0,0.0,0.8052301460904354,0.01896704833736577,0.0,0.0,0.0,0.0,0.0,0.0,0.0
2022-01-20 00:00:00+00:00,0.0,0.0,0.0,0.0,0.0,0.0,0.0,0.0,0.0,0.0,0.0,0.0,0.0,0.0,0.0,0.0,0.0,0.0,0.0,0.0,0.0,0.8052301460904354,0.01896704833736577,0.0,0.0,0.0,0.0,0.0,0.0,0.0
2022-01-21 00:00:00+00:00,0.0,0.0,0.0,0.0,0.0,0.0,0.0,0.0,0.0,0.0,0.0,0.0,0.0,0.0,0.0,0.0,0.0,0.0,0.0,0.0,0.0,0.8052301460904354,0.01896704833736577,0.0,0.0,0.0,0.0,0.0,0.0,0.0
2022-01-22 00:00:00+00:00,0.0,0.0,0.0,0.0,0.0,0.0,0.0,0.0,0.0,0.0,0.0,0.0,0.0,0.0,0.0,0.0,0.0,0.0,0.0,0.0,0.0,0.8052301460904354,0.01896704833736577,0.0,0.0,0.0,0.0,0.0,0.0,0.0
2022-01-23 00:00:00+00:00,0.0,0.0,0.0,0.0,0.0,0.0,0.0,0.0,0.0,0.0,0.0,0.0,0.0,0.0,0.0,0.0,0.0,0.0,0.0,0.0,0.0,0.8052301460904354,0.01896704833736577,0.0,0.0,0.0,0.0,0.0,0.0,0.0
2022-01-24 00:00:00+00:00,0.0,0.0,0.0,0.0,0.0,0.0,0.0,0.0,0.0,0.0,0.0,0.0,0.0,0.0,0.0,0.0,0.0,0.0,0.0,0.0,0.0,0.8052301460904354,0.01896704833736577,0.0,0.0,0.0,0.0,0.0,0.0,0.0
2022-01-25 00:00:00+00:00,0.0,0.0,0.0,0.0,0.0,0.0,0.0,0.0,0.0,0.0,0.0,0.0,0.0,0.0,0.0,0.0,0.0,0.0,0.0,0.0,0.0,0.8052301460904354,0.01896704833736577,0.0,0.0,0.0,0.0,0.0,0.0,0.0
2022-01-26 00:00:00+00:00,0.0,0.0,0.0,0.0,0.0,0.0,0.0,0.0,0.0,0.0,0.0,0.0,0.0,0.0,0.0,0.0,0.0,0.0,0.0,0.0,0.0,0.8052301460904354,0.01896704833736577,0.0,0.0,0.0,0.0,0.0,0.0,0.0
2022-01-27 00:00:00+00:00,0.0,0.0,0.0,0.0,0.0,0.0,0.0,0.0,0.0,0.0,0.0,0.0,0.0,0.0,0.0,0.0,0.0,0.0,0.0,0.0,0.0,0.8052301460904354,0.01896704833736577,0.0,0.0,0.0,0.0,0.0,0.0,0.0
2022-01-28 00:00:00+00:00,0.0,0.0,0.0,0.0,0.0,0.0,0.0,0.0,0.0,0.0,0.0,0.0,0.0,0.0,0.0,0.0,0.0,0.0,0.0,0.0,0.0,0.8052301460904354,0.01896704833736577,0.0,0.0,0.0,0.0,0.0,0.0,0.0
2022-01-29 00:00:00+00:00,0.0,0.0,0.0,0.0,0.0,0.0,0.0,0.0,0.0,0.0,0.0,0.0,0.0,0.0,0.0,0.0,0.0,0.0,0.0,0.0,0.0,0.8052301460904354,0.01896704833736577,0.0,0.0,0.0,0.0,0.0,0.0,0.0
2022-01-30 00:00:00+00:00,0.0,0.0,0.0,0.0,0.0,0.0,0.0,0.0,0.0,0.0,0.0,0.0,0.0,0.0,0.0,0.0,0.0,0.0,0.0,0.0,0.0,0.8052301460904354,0.01896704833736577,0.0,0.0,0.0,0.0,0.0,0.0,0.0
2022-01-31 00:00:00+00:00,0.0,0.0,0.0,0.0,0.0,0.0,0.0,0.0,0.0,0.0,0.0,0.0,0.0,0.0,0.0,0.0,0.0,0.0,0.0,0.0,0.0,0.8052301460904354,0.01896704833736577,0.0,0.0,0.0,0.0,0.0,0.0,0.0
2022-02-01 00:00:00+00:00,0.0,0.0,0.0,0.0,0.0,0.0,0.0,0.0,0.0,0.0,0.0,0.0,0.0,0.0,0.0,0.0,0.0,0.0,0.0,0.0,0.0,0.8052301460904354,0.01896704833736577,0.0,0.0,0.0,0.0,0.0,0.0,0.0
2022-02-02 00:00:00+00:00,0.0,0.0,0.0,0.0,0.0,0.0,0.0,0.0,0.0,0.0,0.0,0.0,0.0,0.0,0.0,0.0,0.0,0.0,0.0,0.0,0.0,0.8052301460904354,0.01896704833736577,0.0,0.0,0.0,0.0,0.0,0.0,0.0
2022-02-03 00:00:00+00:00,0.0,0.0,0.0,0.0,0.0,0.0,0.0,0.0,0.0,0.0,0.0,0.0,0.0,0.0,0.0,0.0,0.0,0.0,0.0,0.0,0.0,0.8052301460904354,0.01896704833736577,0.0,0.0,0.0,0.0,0.0,0.0,0.0
2022-02-04 00:00:00+00:00,0.0,0.0,0.0,0.0,0.0,0.0,0.0,0.0,0.0,0.0,0.0,0.0,0.0,0.0,0.0,0.0,0.0,0.0,0.0,0.0,0.0,0.8052301460904354,0.01896704833736577,0.0,0.0,0.0,0.0,0.0,0.0,0.0
2022-02-05 00:00:00+00:00,0.0,0.0,0.0,0.0,0.0,0.0,0.0,0.0,0.0,0.0,0.0,0.0,0.0,0.0,0.0,0.0,0.0,0.0,0.0,0.0,0.0,0.8052301460904354,0.01896704833736577,0.0,0.0,0.0,0.0,0.0,0.0,0.0
2022-02-06 00:00:00+00:00,0.0,0.0,0.0,0.0,0.0,0.0,0.0,0.0,0.0,0.0,0.0,0.0,0.0,0.0,0.0,0.0,0.0,0.0,0.0,0.0,0.0,0.8052301460904354,0.01896704833736577,0.0,0.0,0.0,0.0,0.0,0.0,0.0
2022-02-07 00:00:00+00:00,0.0,0.0,0.0,0.0,0.0,0.0,0.0,0.0,0.0,0.0,0.0,0.0,0.0,0.0,0.0,0.0,0.0,0.0,0.0,0.0,0.0,0.8052301460904354,0.01896704833736577,0.0,0.0,0.0,0.0,0.0,0.0,0.0
2022-02-08 00:00:00+00:00,0.0,0.0,0.0,0.0,0.0,0.0,0.0,0.0,0.0,0.0,0.0,0.0,0.0,0.0,0.0,0.0,0.0,0.0,0.0,0.0,0.0,0.8052301460904354,0.01896704833736577,0.0,0.0,0.0,0.0,0.0,0.0,0.0
2022-02-09 00:00:00+00:00,0.0,0.0,0.0,0.0,0.0,0.0,0.0,0.0,0.0,0.0,0.0,0.0,0.0,0.0,0.0,0.0,0.0,0.0,0.0,0.0,0.0,0.8052301460904354,0.01896704833736577,0.0,0.0,0.0,0.0,0.0,0.0,0.0
2022-02-10 00:00:00+00:00,0.0,0.0,0.0,0.0,0.0,0.0,0.0,0.0,0.0,0.0,0.0,0.0,0.0,0.0,0.0,0.0,0.0,0.0,0.0,0.0,0.0,0.8052301460904354,0.01896704833736577,0.0,0.0,0.0,0.0,0.0,0.0,0.0
2022-02-11 00:00:00+00:00,0.0,0.0,0.0,0.0,0.0,0.0,0.0,0.0,0.0,0.0,0.0,0.0,0.0,0.0,0.0,0.0,0.0,0.0,0.0,0.0,0.0,0.8052301460904354,0.01896704833736577,0.0,0.0,0.0,0.0,0.0,0.0,0.0
2022-02-12 00:00:00+00:00,0.0,0.0,0.0,0.0,0.0,0.0,0.0,0.0,0.0,0.0,0.0,0.0,0.0,0.0,0.0,0.0,0.0,0.0,0.0,0.0,0.0,0.8052301460904354,0.01896704833736577,0.0,0.0,0.0,0.0,0.0,0.0,0.0
2022-02-13 00:00:00+00:00,0.0,0.0,0.0,0.0,0.0,0.0,0.0,0.0,0.0,0.0,0.0,0.0,0.0,0.0,0.0,0.0,0.0,0.0,0.0,0.0,0.0,0.8052301460904354,0.01896704833736577,0.0,0.0,0.0,0.0,0.0,0.0,0.0
2022-02-14 00:00:00+00:00,0.0,0.0,0.0,0.0,0.0,0.0,0.0,0.0,0.0,0.0,0.0,0.0,0.0,0.0,0.0,0.0,0.0,0.0,0.0,0.0,0.0,0.8052301460904354,0.01896704833736577,0.0,0.0,0.0,0.0,0.0,0.0,0.0
2022-02-15 00:00:00+00:00,0.0,0.0,0.0,0.0,0.0,0.0,0.0,0.0,0.0,0.0,0.0,0.0,0.0,0.0,0.0,0.0,0.0,0.0,0.0,0.0,0.0,0.8052301460904354,0.01896704833736577,0.0,0.0,0.0,0.0,0.0,0.0,0.0
2022-02-16 00:00:00+00:00,0.0,0.0,0.0,0.0,0.0,0.0,0.0,0.0,0.0,0.0,0.0,0.0,0.0,0.0,0.0,0.0,0.0,0.0,0.0,0.0,0.0,0.8052301460904354,0.01896704833736577,0.0,0.0,0.0,0.0,0.0,0.0,0.0
2022-02-17 00:00:00+00:00,0.0,0.0,0.0,0.0,0.0,0.0,0.0,0.0,0.0,0.0,0.0,0.0,0.0,0.0,0.0,0.0,0.0,0.0,0.0,0.0,0.0,0.8052301460904354,0.01896704833736577,0.0,0.0,0.0,0.0,0.0,0.0,0.0
2022-02-18 00:00:00+00:00,0.0,0.0,0.0,0.0,0.0,0.0,0.0,0.0,0.0,0.0,0.0,0.0,0.0,0.0,0.0,0.0,0.0,0.0,0.0,0.0,0.0,0.8052301460904354,0.01896704833736577,0.0,0.0,0.0,0.0,0.0,0.0,0.0
2022-02-19 00:00:00+00:00,0.0,0.0,0.0,0.0,0.0,0.0,0.0,0.0,0.0,0.0,0.0,0.0,0.0,0.0,0.0,0.0,0.0,0.0,0.0,0.0,0.0,0.8052301460904354,0.01896704833736577,0.0,0.0,0.0,0.0,0.0,0.0,0.0
2022-02-20 00:00:00+00:00,0.0,0.0,0.0,0.0,0.0,0.0,0.0,0.0,0.0,0.0,0.0,0.0,0.0,0.0,0.0,0.0,0.0,0.0,0.0,0.0,0.0,0.8052301460904354,0.01896704833736577,0.0,0.0,0.0,0.0,0.0,0.0,0.0
2022-02-21 00:00:00+00:00,0.0,0.0,0.0,0.0,0.0,0.0,0.0,0.0,0.0,0.0,0.0,0.0,0.0,0.0,0.0,0.0,0.0,0.0,0.0,0.0,0.0,0.8052301460904354,0.01896704833736577,0.0,0.0,0.0,0.0,0.0,0.0,0.0
2022-02-22 00:00:00+00:00,0.0,0.0,0.0,0.0,0.0,0.0,0.0,0.0,0.0,0.0,0.0,0.0,0.0,0.0,0.0,0.0,0.0,0.0,0.0,0.0,0.0,0.8052301460904354,0.01896704833736577,0.0,0.0,0.0,0.0,0.0,0.0,0.0
2022-02-23 00:00:00+00:00,0.0,0.0,0.0,0.0,0.0,0.0,0.0,0.0,0.0,0.0,0.0,0.0,0.0,0.0,0.0,0.0,0.0,0.0,0.0,0.0,0.0,0.8052301460904354,0.01896704833736577,0.0,0.0,0.0,0.0,0.0,0.0,0.0
2022-02-24 00:00:00+00:00,0.0,0.0,0.0,0.0,0.0,0.0,0.0,0.0,0.0,0.0,0.0,0.0,0.0,0.0,0.0,0.0,0.0,0.0,0.0,0.0,0.0,0.8052301460904354,0.01896704833736577,0.0,0.0,0.0,0.0,0.0,0.0,0.0
2022-02-25 00:00:00+00:00,0.0,0.0,0.0,0.0,0.0,0.0,0.0,0.0,0.0,0.0,0.0,0.0,0.0,0.0,0.0,0.0,0.0,0.0,0.0,0.0,0.0,0.8052301460904354,0.01896704833736577,0.0,0.0,0.0,0.0,0.0,0.0,0.0
2022-02-26 00:00:00+00:00,0.0,0.0,0.0,0.0,0.0,0.0,0.0,0.0,0.0,0.0,0.0,0.0,0.0,0.0,0.0,0.0,0.0,0.0,0.0,0.0,0.0,0.8052301460904354,0.01896704833736577,0.0,0.0,0.0,0.0,0.0,0.0,0.0
2022-02-27 00:00:00+00:00,0.0,0.0,0.0,0.0,0.0,0.0,0.0,0.0,0.0,0.0,0.0,0.0,0.0,0.0,0.0,0.0,0.0,0.0,0.0,0.0,0.0,0.8052301460904354,0.01896704833736577,0.0,0.0,0.0,0.0,0.0,0.0,0.0
2022-02-28 00:00:00+00:00,0.0,0.0,0.0,0.0,0.0,0.0,0.0,0.0,0.0,0.0,0.0,0.0,0.0,0.0,0.0,0.0,0.0,0.0,0.0,0.0,0.0,0.8052301460904354,0.01896704833736577,0.0,0.0,0.0,0.0,0.0,0.0,0.0
2022-03-01 00:00:00+00:00,0.0,0.0,0.0,0.0,0.0,0.0,0.0,0.0,0.0,0.0,0.0,0.0,0.0,0.0,0.0,0.0,0.0,0.0,0.0,0.0,0.0,0.8052301460904354,0.01896704833736577,0.0,0.0,0.0,0.0,0.0,0.0,0.0
2022-03-02 00:00:00+00:00,0.0,0.0,0.0,0.0,0.0,0.0,0.0,0.0,0.0,0.0,0.0,0.0,0.0,0.0,0.0,0.0,0.0,0.0,0.0,0.0,0.0,0.8052301460904354,0.01896704833736577,0.0,0.0,0.0,0.0,0.0,0.0,0.0
2022-03-03 00:00:00+00:00,0.0,0.0,0.0,0.0,0.0,0.0,0.0,0.0,0.0,0.0,0.0,0.0,0.0,0.0,0.0,0.0,0.0,0.0,0.0,0.0,0.0,0.8052301460904354,0.01896704833736577,0.0,0.0,0.0,0.0,0.0,0.0,0.0
2022-03-04 00:00:00+00:00,0.0,0.0,0.0,0.0,0.0,0.0,0.0,0.0,0.0,0.0,0.0,0.0,0.0,0.0,0.0,0.0,0.0,0.0,0.0,0.0,0.0,0.8052301460904354,0.01896704833736577,0.0,0.0,0.0,0.0,0.0,0.0,0.0
2022-03-05 00:00:00+00:00,0.0,0.0,0.0,0.0,0.0,0.0,0.0,0.0,0.0,0.0,0.0,0.0,0.0,0.0,0.0,0.0,0.0,0.0,0.0,0.0,0.0,0.8052301460904354,0.01896704833736577,0.0,0.0,0.0,0.0,0.0,0.0,0.0
2022-03-06 00:00:00+00:00,0.0,0.0,0.0,0.0,0.0,0.0,0.0,0.0,0.0,0.0,0.0,0.0,0.0,0.0,0.0,0.0,0.0,0.0,0.0,0.0,0.0,0.8052301460904354,0.01896704833736577,0.0,0.0,0.0,0.0,0.0,0.0,0.0
2022-03-07 00:00:00+00:00,0.0,0.0,0.0,0.0,0.0,0.0,0.0,0.0,0.0,0.0,0.0,0.0,0.0,0.0,0.0,0.0,0.0,0.0,0.0,0.0,0.0,0.8052301460904354,0.01896704833736577,0.0,0.0,0.0,0.0,0.0,0.0,0.0
2022-03-08 00:00:00+00:00,0.0,0.0,0.0,0.0,0.0,0.0,0.0,0.0,0.0,0.0,0.0,0.0,0.0,0.0,0.0,0.0,0.0,0.0,0.0,0.0,0.0,0.8052301460904354,0.01896704833736577,0.0,0.0,0.0,0.0,0.0,0.0,0.0
2022-03-09 00:00:00+00:00,0.0,0.0,0.0,0.0,0.0,0.0,0.0,0.0,0.0,0.0,0.0,0.0,0.0,0.0,0.0,0.0,0.0,0.0,0.0,0.0,0.0,0.8052301460904354,0.01896704833736577,0.0,0.0,0.0,0.0,0.0,0.0,0.0
2022-03-10 00:00:00+00:00,0.0,0.0,0.0,0.0,0.0,0.0,0.0,0.0,0.0,0.0,0.0,0.0,0.0,0.0,0.0,0.0,0.0,0.0,0.0,0.0,0.0,0.8052301460904354,0.01896704833736577,0.0,0.0,0.0,0.0,0.0,0.0,0.0
2022-03-11 00:00:00+00:00,0.0,0.0,0.0,0.0,0.0,0.0,0.0,0.0,0.0,0.0,0.0,0.0,0.0,0.0,0.0,0.0,0.0,0.0,0.0,0.0,0.0,0.8052301460904354,0.01896704833736577,0.0,0.0,0.0,0.0,0.0,0.0,0.0
2022-03-12 00:00:00+00:00,0.0,0.0,0.0,0.0,0.0,0.0,0.0,0.0,0.0,0.0,0.0,0.0,0.0,0.0,0.0,0.0,0.0,0.0,0.0,0.0,0.0,0.8052301460904354,0.01896704833736577,0.0,0.0,0.0,0.0,0.0,0.0,0.0
2022-03-13 00:00:00+00:00,0.0,0.0,0.0,0.0,0.0,0.0,0.0,0.0,0.0,0.0,0.0,0.0,0.0,0.0,0.0,0.0,0.0,0.0,0.0,0.0,0.0,0.8052301460904354,0.01896704833736577,0.0,0.0,0.0,0.0,0.0,0.0,0.0
2022-03-14 00:00:00+00:00,0.0,0.0,0.0,0.0,0.0,0.0,0.0,0.0,0.0,0.0,0.0,0.0,0.0,0.0,0.0,0.0,0.0,0.0,0.0,0.0,0.0,0.8052301460904354,0.01896704833736577,0.0,0.0,0.0,0.0,0.0,0.0,0.0
2022-03-15 00:00:00+00:00,0.0,0.0,0.0,0.0,0.0,0.0,0.0,0.0,0.0,0.0,0.0,0.0,0.0,0.0,0.0,0.0,0.0,0.0,0.0,0.0,0.0,0.8052301460904354,0.01896704833736577,0.0,0.0,0.0,0.0,0.0,0.0,0.0
2022-03-16 00:00:00+00:00,0.0,0.0,0.0,0.0,0.0,0.0,0.0,0.0,0.0,0.0,0.0,0.0,0.0,0.0,0.0,0.0,0.0,0.0,0.0,0.0,0.0,0.8052301460904354,0.01896704833736577,0.0,0.0,0.0,0.0,0.0,0.0,0.0
2022-03-17 00:00:00+00:00,0.0,0.0,0.0,0.0,0.0,0.0,0.0,0.0,0.0,0.0,0.0,0.0,0.0,0.0,0.0,0.0,0.0,0.0,0.0,0.0,0.0,0.8052301460904354,0.01896704833736577,0.0,0.0,0.0,0.0,0.0,0.0,0.0
2022-03-18 00:00:00+00:00,0.0,0.0,0.0,0.0,0.0,0.0,0.0,0.0,0.0,0.0,0.0,0.0,0.0,0.0,0.0,0.0,0.0,0.0,0.0,0.0,0.0,0.8052301460904354,0.01896704833736577,0.0,0.0,0.0,0.0,0.0,0.0,0.0
2022-03-19 00:00:00+00:00,0.0,0.0,0.0,0.0,0.0,0.0,0.0,0.0,0.0,0.0,0.0,0.0,0.0,0.0,0.0,0.0,0.0,0.0,0.0,0.0,0.0,0.8052301460904354,0.01896704833736577,0.0,0.0,0.0,0.0,0.0,0.0,0.0
2022-03-20 00:00:00+00:00,0.0,0.0,0.0,0.0,0.0,0.0,0.0,0.0,0.0,0.0,0.0,0.0,0.0,0.0,0.0,0.0,0.0,0.0,0.0,0.0,0.0,0.8052301460904354,0.01896704833736577,0.0,0.0,0.0,0.0,0.0,0.0,0.0
2022-03-21 00:00:00+00:00,0.0,0.0,0.0,0.0,0.0,0.0,0.0,0.0,0.0,0.0,0.0,0.0,0.0,0.0,0.0,0.0,0.0,0.0,0.0,0.0,0.0,0.8052301460904354,0.01896704833736577,0.0,0.0,0.0,0.0,0.0,0.0,0.0
2022-03-22 00:00:00+00:00,0.0,0.0,0.0,0.0,0.0,0.0,0.0,0.0,0.0,0.0,0.0,0.0,0.0,0.0,0.0,0.0,0.0,0.0,0.0,0.0,0.0,0.8052301460904354,0.01896704833736577,0.0,0.0,0.0,0.0,0.0,0.0,0.0
2022-03-23 00:00:00+00:00,0.0,0.0,0.0,0.0,0.0,0.0,0.0,0.0,0.0,0.0,0.0,0.0,0.0,0.0,0.0,0.0,0.0,0.0,0.0,0.0,0.0,0.8052301460904354,0.01896704833736577,0.0,0.0,0.0,0.0,0.0,0.0,0.0
2022-03-24 00:00:00+00:00,0.0,0.0,0.0,0.0,0.0,0.0,0.0,0.0,0.0,0.0,0.0,0.0,0.0,0.0,0.0,0.0,0.0,0.0,0.0,0.0,0.0,0.8052301460904354,0.01896704833736577,0.0,0.0,0.0,0.0,0.0,0.0,0.0
2022-03-25 00:00:00+00:00,0.0,0.0,0.0,0.0,0.0,0.0,0.0,0.0,0.0,0.0,0.0,0.0,0.0,0.0,0.0,0.0,0.0,0.0,0.0,0.0,0.0,0.8052301460904354,0.01896704833736577,0.0,0.0,0.0,0.0,0.0,0.0,0.0
2022-03-26 00:00:00+00:00,0.0,0.0,0.0,0.0,0.0,0.0,0.0,0.0,0.0,0.0,0.0,0.0,0.0,0.0,0.0,0.0,0.0,0.0,0.0,0.0,0.0,0.8052301460904354,0.01896704833736577,0.0,0.0,0.0,0.0,0.0,0.0,0.0
2022-03-27 00:00:00+00:00,0.0,0.0,0.0,0.0,0.0,0.0,0.0,0.0,0.0,0.0,0.0,0.0,0.0,0.0,0.0,0.0,0.0,0.0,0.0,0.0,0.0,0.8052301460904354,0.01896704833736577,0.0,0.0,0.0,0.0,0.0,0.0,0.0
2022-03-28 00:00:00+00:00,0.0,0.0,0.0,0.0,0.0,0.0,0.0,0.0,0.0,0.0,0.0,0.0,0.0,0.0,0.0,0.0,0.0,0.0,0.0,0.0,0.0,0.8052301460904354,0.01896704833736577,0.0,0.0,0.0,0.0,0.0,0.0,0.0
2022-03-29 00:00:00+00:00,0.0,0.0,0.0,0.0,0.0,0.0,0.0,0.0,0.0,0.0,0.0,0.0,0.0,0.0,0.0,0.0,0.0,0.0,0.0,0.0,0.0,0.8052301460904354,0.01896704833736577,0.0,0.0,0.0,0.0,0.0,0.0,0.0
2022-03-30 00:00:00+00:00,0.0,0.0,0.0,0.0,0.0,0.0,0.0,0.0,0.0,0.0,0.0,0.0,0.0,0.0,0.0,0.0,0.0,0.0,0.0,0.0,0.0,0.8052301460904354,0.01896704833736577,0.0,0.0,0.0,0.0,0.0,0.0,0.0
2022-03-31 00:00:00+00:00,0.0,0.0,0.0,0.0,0.0,0.0,0.0,0.0,0.0,0.0,0.0,0.0,0.0,0.0,0.0,0.0,0.0,0.0,0.0,0.0,0.0,0.8052301460904354,0.01896704833736577,0.0,0.0,0.0,0.0,0.0,0.0,0.0
2022-04-01 00:00:00+00:00,0.0,0.0,0.0,0.0,0.0,0.0,0.0,0.0,0.0,0.0,0.0,0.0,0.0,0.0,0.0,0.0,0.0,0.0,0.0,0.0,0.0,0.8052301460904354,0.01896704833736577,0.0,0.0,0.0,0.0,0.0,0.0,0.0
2022-04-02 00:00:00+00:00,0.0,0.0,0.0,0.0,0.0,0.0,0.0,0.0,0.0,0.0,0.0,0.0,0.0,0.0,0.0,0.0,0.0,0.0,0.0,0.0,0.0,0.8052301460904354,0.01896704833736577,0.0,0.0,0.0,0.0,0.0,0.0,0.0
2022-04-03 00:00:00+00:00,0.0,0.0,0.0,0.0,0.0,0.0,0.0,0.0,0.0,0.0,0.0,0.0,0.0,0.0,0.0,0.0,0.0,0.0,0.0,0.0,0.0,0.8052301460904354,0.01896704833736577,0.0,0.0,0.0,0.0,0.0,0.0,0.0
2022-04-04 00:00:00+00:00,0.0,0.0,0.0,0.0,0.0,0.0,0.0,0.0,0.0,0.0,0.0,0.0,0.0,0.0,0.0,0.0,0.0,0.0,0.0,0.0,0.0,0.8052301460904354,0.01896704833736577,0.0,0.0,0.0,0.0,0.0,0.0,0.0
2022-04-05 00:00:00+00:00,0.0,0.0,0.0,0.0,0.0,0.0,0.0,0.0,0.0,0.0,0.0,0.0,0.0,0.0,0.0,0.0,0.0,0.0,0.0,0.0,0.0,0.8052301460904354,0.01896704833736577,0.0,0.0,0.0,0.0,0.0,0.0,0.0
2022-04-06 00:00:00+00:00,0.0,0.0,0.0,0.0,0.0,0.0,0.0,0.0,0.0,0.0,0.0,0.0,0.0,0.0,0.0,0.0,0.0,0.0,0.0,0.0,0.0,0.8052301460904354,0.01896704833736577,0.0,0.0,0.0,0.0,0.0,0.0,0.0
2022-04-07 00:00:00+00:00,0.0,0.0,0.0,0.0,0.0,0.0,0.0,0.0,0.0,0.0,0.0,0.0,0.0,0.0,0.0,0.0,0.0,0.0,0.0,0.0,0.0,0.8052301460904354,0.01896704833736577,0.0,0.0,0.0,0.0,0.0,0.0,0.0
2022-04-08 00:00:00+00:00,0.0,0.0,0.0,0.0,0.0,0.0,0.0,0.0,0.0,0.0,0.0,0.0,0.0,0.0,0.0,0.0,0.0,0.0,0.0,0.0,0.0,0.8052301460904354,0.01896704833736577,0.0,0.0,0.0,0.0,0.0,0.0,0.0
2022-04-09 00:00:00+00:00,0.0,0.0,0.0,0.0,0.0,0.0,0.0,0.0,0.0,0.0,0.0,0.0,0.0,0.0,0.0,0.0,0.0,0.0,0.0,0.0,0.0,0.8052301460904354,0.01896704833736577,0.0,0.0,0.0,0.0,0.0,0.0,0.0
2022-04-10 00:00:00+00:00,0.0,0.0,0.0,0.0,0.0,0.0,0.0,0.0,0.0,0.0,0.0,0.0,0.0,0.0,0.0,0.0,0.0,0.0,0.0,0.0,0.0,0.8052301460904354,0.01896704833736577,0.0,0.0,0.0,0.0,0.0,0.0,0.0
2022-04-11 00:00:00+00:00,0.0,0.0,0.0,0.0,0.0,0.0,0.0,0.0,0.0,0.0,0.0,0.0,0.0,0.0,0.0,0.0,0.0,0.0,0.0,0.0,0.0,0.8052301460904354,0.01896704833736577,0.0,0.0,0.0,0.0,0.0,0.0,0.0
2022-04-12 00:00:00+00:00,0.0,0.0,0.0,0.0,0.0,0.0,0.0,0.0,0.0,0.0,0.0,0.0,0.0,0.0,0.0,0.0,0.0,0.0,0.0,0.0,0.0,0.8052301460904354,0.01896704833736577,0.0,0.0,0.0,0.0,0.0,0.0,0.0
2022-04-13 00:00:00+00:00,0.0,0.0,0.0,0.0,0.0,0.0,0.0,0.0,0.0,0.0,0.0,0.0,0.0,0.0,0.0,0.0,0.0,0.0,0.0,0.0,0.0,0.8052301460904354,0.01896704833736577,0.0,0.0,0.0,0.0,0.0,0.0,0.0
2022-04-14 00:00:00+00:00,0.0,0.0,0.0,0.0,0.0,0.0,0.0,0.0,0.0,0.0,0.0,0.0,0.0,0.0,0.0,0.0,0.0,0.0,0.0,0.0,0.0,0.8052301460904354,0.01896704833736577,0.0,0.0,0.0,0.0,0.0,0.0,0.0
2022-04-15 00:00:00+00:00,0.0,0.0,0.0,0.0,0.0,0.0,0.0,0.0,0.0,0.0,0.0,0.0,0.0,0.0,0.0,0.0,0.0,0.0,0.0,0.0,0.0,0.8052301460904354,0.01896704833736577,0.0,0.0,0.0,0.0,0.0,0.0,0.0
2022-04-16 00:00:00+00:00,0.0,0.0,0.0,0.0,0.0,0.0,0.0,0.0,0.0,0.0,0.0,0.0,0.0,0.0,0.0,0.0,0.0,0.0,0.0,0.0,0.0,0.8052301460904354,0.01896704833736577,0.0,0.0,0.0,0.0,0.0,0.0,0.0
2022-04-17 00:00:00+00:00,0.0,0.0,0.0,0.0,0.0,0.0,0.0,0.0,0.0,0.0,0.0,0.0,0.0,0.0,0.0,0.0,0.0,0.0,0.0,0.0,0.0,0.8052301460904354,0.01896704833736577,0.0,0.0,0.0,0.0,0.0,0.0,0.0
2022-04-18 00:00:00+00:00,0.0,0.0,0.0,0.0,0.0,0.0,0.0,0.0,0.0,0.0,0.0,0.0,0.0,0.0,0.0,0.0,0.0,0.0,0.0,0.0,0.0,0.8052301460904354,0.01896704833736577,0.0,0.0,0.0,0.0,0.0,0.0,0.0
2022-04-19 00:00:00+00:00,0.0,0.0,0.0,0.0,0.0,0.0,0.0,0.0,0.0,0.0,0.0,0.0,0.0,0.0,0.0,0.0,0.0,0.0,0.0,0.0,0.0,0.8052301460904354,0.01896704833736577,0.0,0.0,0.0,0.0,0.0,0.0,0.0
2022-04-20 00:00:00+00:00,0.0,0.0,0.0,0.0,0.0,0.0,0.0,0.0,0.0,0.0,0.0,0.0,0.0,0.0,0.0,0.0,0.0,0.0,0.0,0.0,0.0,0.8052301460904354,0.01896704833736577,0.0,0.0,0.0,0.0,0.0,0.0,0.0
2022-04-21 00:00:00+00:00,0.0,0.0,0.0,0.0,0.0,0.0,0.0,0.0,0.0,0.0,0.0,0.0,0.0,0.0,0.0,0.0,0.0,0.0,0.0,0.0,0.0,0.8052301460904354,0.01896704833736577,0.0,0.0,0.0,0.0,0.0,0.0,0.0
2022-04-22 00:00:00+00:00,0.0,0.0,0.0,0.0,0.0,0.0,0.0,0.0,0.0,0.0,0.0,0.0,0.0,0.0,0.0,0.0,0.0,0.0,0.0,0.0,0.0,0.8052301460904354,0.01896704833736577,0.0,0.0,0.0,0.0,0.0,0.0,0.0
2022-04-23 00:00:00+00:00,0.0,0.0,0.0,0.0,0.0,0.0,0.0,0.0,0.0,0.0,0.0,0.0,0.0,0.0,0.0,0.0,0.0,0.0,0.0,0.0,0.0,0.8052301460904354,0.01896704833736577,0.0,0.0,0.0,0.0,0.0,0.0,0.0
2022-04-24 00:00:00+00:00,0.0,0.0,0.0,0.0,0.0,0.0,0.0,0.0,0.0,0.0,0.0,0.0,0.0,0.0,0.0,0.0,0.0,0.0,0.0,0.0,0.0,0.8052301460904354,0.01896704833736577,0.0,0.0,0.0,0.0,0.0,0.0,0.0
2022-04-25 00:00:00+00:00,0.0,0.0,0.0,0.0,0.0,0.0,0.0,0.0,0.0,0.0,0.0,0.0,0.0,0.0,0.0,0.0,0.0,0.0,0.0,0.0,0.0,0.8052301460904354,0.01896704833736577,0.0,0.0,0.0,0.0,0.0,0.0,0.0
2022-04-26 00:00:00+00:00,0.0,0.0,0.0,0.0,0.0,0.0,0.0,0.0,0.0,0.0,0.0,0.0,0.0,0.0,0.0,0.0,0.0,0.0,0.0,0.0,0.0,0.8052301460904354,0.01896704833736577,0.0,0.0,0.0,0.0,0.0,0.0,0.0
2022-04-27 00:00:00+00:00,0.0,0.0,0.0,0.0,0.0,0.0,0.0,0.0,0.0,0.0,0.0,0.0,0.0,0.0,0.0,0.0,0.0,0.0,0.0,0.0,0.0,0.8052301460904354,0.01896704833736577,0.0,0.0,0.0,0.0,0.0,0.0,0.0
2022-04-28 00:00:00+00:00,0.0,0.0,0.0,0.0,0.0,0.0,0.0,0.0,0.0,0.0,0.0,0.0,0.0,0.0,0.0,0.0,0.0,0.0,0.0,0.0,0.0,0.8052301460904354,0.01896704833736577,0.0,0.0,0.0,0.0,0.0,0.0,0.0
2022-04-29 00:00:00+00:00,0.0,0.0,0.0,0.0,0.0,0.0,0.0,0.0,0.0,0.0,0.0,0.0,0.0,0.0,0.0,0.0,0.0,0.0,0.0,0.0,0.0,0.8052301460904354,0.01896704833736577,0.0,0.0,0.0,0.0,0.0,0.0,0.0
2022-04-30 00:00:00+00:00,0.0,0.0,0.0,0.0,0.0,0.0,0.0,0.0,0.0,0.0,0.0,0.0,0.0,0.0,0.0,0.0,0.0,0.0,0.0,0.0,0.0,0.8052301460904354,0.01896704833736577,0.0,0.0,0.0,0.0,0.0,0.0,0.0
2022-05-01 00:00:00+00:00,0.0,0.0,0.0,0.0,0.0,0.0,0.0,0.0,0.0,0.0,0.0,0.0,0.0,0.0,0.0,0.0,0.0,0.0,0.0,0.0,0.0,0.8052301460904354,0.01896704833736577,0.0,0.0,0.0,0.0,0.0,0.0,0.0
2022-05-02 00:00:00+00:00,0.0,0.0,0.0,0.0,0.0,0.0,0.0,0.0,0.0,0.0,0.0,0.0,0.0,0.0,0.0,0.0,0.0,0.0,0.0,0.0,0.0,0.8052301460904354,0.01896704833736577,0.0,0.0,0.0,0.0,0.0,0.0,0.0
2022-05-03 00:00:00+00:00,0.0,0.0,0.0,0.0,0.0,0.0,0.0,0.0,0.0,0.0,0.0,0.0,0.0,0.0,0.0,0.0,0.0,0.0,0.0,0.0,0.0,0.8052301460904354,0.01896704833736577,0.0,0.0,0.0,0.0,0.0,0.0,0.0
2022-05-04 00:00:00+00:00,0.0,0.0,0.0,0.0,0.0,0.0,0.0,0.0,0.0,0.0,0.0,0.0,0.0,0.0,0.0,0.0,0.0,0.0,0.0,0.0,0.0,0.8052301460904354,0.01896704833736577,0.0,0.0,0.0,0.0,0.0,0.0,0.0
2022-05-05 00:00:00+00:00,0.0,0.0,0.0,0.0,0.0,0.0,0.0,0.0,0.0,0.0,0.0,0.0,0.0,0.0,0.0,0.0,0.0,0.0,0.0,0.0,0.0,0.8052301460904354,0.01896704833736577,0.0,0.0,0.0,0.0,0.0,0.0,0.0
2022-05-06 00:00:00+00:00,0.0,0.0,0.0,0.0,0.0,0.0,0.0,0.0,0.0,0.0,0.0,0.0,0.0,0.0,0.0,0.0,0.0,0.0,0.0,0.0,0.0,0.8052301460904354,0.01896704833736577,0.0,0.0,0.0,0.0,0.0,0.0,0.0
2022-05-07 00:00:00+00:00,0.0,0.0,0.0,0.0,0.0,0.0,0.0,0.0,0.0,0.0,0.0,0.0,0.0,0.0,0.0,0.0,0.0,0.0,0.0,0.0,0.0,0.8052301460904354,0.01896704833736577,0.0,0.0,0.0,0.0,0.0,0.0,0.0
2022-05-08 00:00:00+00:00,0.0,0.0,0.0,0.0,0.0,0.0,0.0,0.0,0.0,0.0,0.0,0.0,0.0,0.0,0.0,0.0,0.0,0.0,0.0,0.0,0.0,0.8052301460904354,0.01896704833736577,0.0,0.0,0.0,0.0,0.0,0.0,0.0
2022-05-09 00:00:00+00:00,0.0,0.0,0.0,0.0,0.0,0.0,0.0,0.0,0.0,0.0,0.0,0.0,0.0,0.0,0.0,0.0,0.0,0.0,0.0,0.0,0.0,0.8052301460904354,0.01896704833736577,0.0,0.0,0.0,0.0,0.0,0.0,0.0
2022-05-10 00:00:00+00:00,0.0,0.0,0.0,0.0,0.0,0.0,0.0,0.0,0.0,0.0,0.0,0.0,0.0,0.0,0.0,0.0,0.0,0.0,0.0,0.0,0.0,0.8052301460904354,0.01896704833736577,0.0,0.0,0.0,0.0,0.0,0.0,0.0
2022-05-11 00:00:00+00:00,0.0,0.0,0.0,0.0,0.0,0.0,0.0,0.0,0.0,0.0,0.0,0.0,0.0,0.0,0.0,0.0,0.0,0.0,0.0,0.0,0.0,0.8052301460904354,0.01896704833736577,0.0,0.0,0.0,0.0,0.0,0.0,0.0
2022-05-12 00:00:00+00:00,0.0,0.0,0.0,0.0,0.0,0.0,0.0,0.0,0.0,0.0,0.0,0.0,0.0,0.0,0.0,0.0,0.0,0.0,0.0,0.0,0.0,0.8052301460904354,0.01896704833736577,0.0,0.0,0.0,0.0,0.0,0.0,0.0
2022-05-13 00:00:00+00:00,0.0,0.0,0.0,0.0,0.0,0.0,0.0,0.0,0.0,0.0,0.0,0.0,0.0,0.0,0.0,0.0,0.0,0.0,0.0,0.0,0.0,0.8052301460904354,0.01896704833736577,0.0,0.0,0.0,0.0,0.0,0.0,0.0
2022-05-14 00:00:00+00:00,0.0,0.0,0.0,0.0,0.0,0.0,0.0,0.0,0.0,0.0,0.0,0.0,0.0,0.0,0.0,0.0,0.0,0.0,0.0,0.0,0.0,0.8052301460904354,0.01896704833736577,0.0,0.0,0.0,0.0,0.0,0.0,0.0
2022-05-15 00:00:00+00:00,0.0,0.0,0.0,0.0,0.0,0.0,0.0,0.0,0.0,0.0,0.0,0.0,0.0,0.0,0.0,0.0,0.0,0.0,0.0,0.0,0.0,0.8052301460904354,0.01896704833736577,0.0,0.0,0.0,0.0,0.0,0.0,0.0
2022-05-16 00:00:00+00:00,0.0,0.0,0.0,0.0,0.0,0.0,0.0,0.0,0.0,0.0,0.0,0.0,0.0,0.0,0.0,0.0,0.0,0.0,0.0,0.0,0.0,0.8052301460904354,0.01896704833736577,0.0,0.0,0.0,0.0,0.0,0.0,0.0
2022-05-17 00:00:00+00:00,0.0,0.0,0.0,0.0,0.0,0.0,0.0,0.0,0.0,0.0,0.0,0.0,0.0,0.0,0.0,0.0,0.0,0.0,0.0,0.0,0.0,0.8052301460904354,0.01896704833736577,0.0,0.0,0.0,0.0,0.0,0.0,0.0
2022-05-18 00:00:00+00:00,0.0,0.0,0.0,0.0,0.0,0.0,0.0,0.0,0.0,0.0,0.0,0.0,0.0,0.0,0.0,0.0,0.0,0.0,0.0,0.0,0.0,0.8052301460904354,0.01896704833736577,0.0,0.0,0.0,0.0,0.0,0.0,0.0
2022-05-19 00:00:00+00:00,0.0,0.0,0.0,0.0,0.0,0.0,0.0,0.0,0.0,0.0,0.0,0.0,0.0,0.0,0.0,0.0,0.0,0.0,0.0,0.0,0.0,0.8052301460904354,0.01896704833736577,0.0,0.0,0.0,0.0,0.0,0.0,0.0
2022-05-20 00:00:00+00:00,0.0,0.0,0.0,0.0,0.0,0.0,0.0,0.0,0.0,0.0,0.0,0.0,0.0,0.0,0.0,0.0,0.0,0.0,0.0,0.0,0.0,0.8052301460904354,0.01896704833736577,0.0,0.0,0.0,0.0,0.0,0.0,0.0
2022-05-21 00:00:00+00:00,0.0,0.0,0.0,0.0,0.0,0.0,0.0,0.0,0.0,0.0,0.0,0.0,0.0,0.0,0.0,0.0,0.0,0.0,0.0,0.0,0.0,0.8052301460904354,0.01896704833736577,0.0,0.0,0.0,0.0,0.0,0.0,0.0
2022-05-22 00:00:00+00:00,0.0,0.0,0.0,0.0,0.0,0.0,0.0,0.0,0.0,0.0,0.0,0.0,0.0,0.0,0.0,0.0,0.0,0.0,0.0,0.0,0.0,0.8052301460904354,0.01896704833736577,0.0,0.0,0.0,0.0,0.0,0.0,0.0
2022-05-23 00:00:00+00:00,0.0,0.0,0.0,0.0,0.0,0.0,0.0,0.0,0.0,0.0,0.0,0.0,0.0,0.0,0.0,0.0,0.0,0.0,0.0,0.0,0.0,0.8052301460904354,0.01896704833736577,0.0,0.0,0.0,0.0,0.0,0.0,0.0
2022-05-24 00:00:00+00:00,0.0,0.0,0.0,0.0,0.0,0.0,0.0,0.0,0.0,0.0,0.0,0.0,0.0,0.0,0.0,0.0,0.0,0.0,0.0,0.0,0.0,0.8052301460904354,0.01896704833736577,0.0,0.0,0.0,0.0,0.0,0.0,0.0
2022-05-25 00:00:00+00:00,0.0,0.0,0.0,0.0,0.0,0.0,0.0,0.0,0.0,0.0,0.0,0.0,0.0,0.0,0.0,0.0,0.0,0.0,0.0,0.0,0.0,0.8052301460904354,0.01896704833736577,0.0,0.0,0.0,0.0,0.0,0.0,0.0
2022-05-26 00:00:00+00:00,0.0,0.0,0.0,0.0,0.0,0.0,0.0,0.0,0.0,0.0,0.0,0.0,0.0,0.0,0.0,0.0,0.0,0.0,0.0,0.0,0.0,0.8052301460904354,0.01896704833736577,0.0,0.0,0.0,0.0,0.0,0.0,0.0
2022-05-27 00:00:00+00:00,0.0,0.0,0.0,0.0,0.0,0.0,0.0,0.0,0.0,0.0,0.0,0.0,0.0,0.0,0.0,0.0,0.0,0.0,0.0,0.0,0.0,0.8052301460904354,0.01896704833736577,0.0,0.0,0.0,0.0,0.0,0.0,0.0
2022-05-28 00:00:00+00:00,0.0,0.0,0.0,0.0,0.0,0.0,0.0,0.0,0.0,0.0,0.0,0.0,0.0,0.0,0.0,0.0,0.0,0.0,0.0,0.0,0.0,0.8052301460904354,0.01896704833736577,0.0,0.0,0.0,0.0,0.0,0.0,0.0
2022-05-29 00:00:00+00:00,0.0,0.0,0.0,0.0,0.0,0.0,0.0,0.0,0.0,0.0,0.0,0.0,0.0,0.0,0.0,0.0,0.0,0.0,0.0,0.0,0.0,0.8052301460904354,0.01896704833736577,0.0,0.0,0.0,0.0,0.0,0.0,0.0
2022-05-30 00:00:00+00:00,0.0,0.0,0.0,0.0,0.0,0.0,0.0,0.0,0.0,0.0,0.0,0.0,0.0,0.0,0.0,0.0,0.0,0.0,0.0,0.0,0.0,0.8052301460904354,0.01896704833736577,0.0,0.0,0.0,0.0,0.0,0.0,0.0
2022-05-31 00:00:00+00:00,0.0,0.0,0.0,0.0,0.0,0.0,0.0,0.0,0.0,0.0,0.0,0.0,0.0,0.0,0.0,0.0,0.0,0.0,0.0,0.0,0.0,0.8052301460904354,0.01896704833736577,0.0,0.0,0.0,0.0,0.0,0.0,0.0
2022-06-01 00:00:00+00:00,0.0,0.0,0.0,0.0,0.0,0.0,0.0,0.0,0.0,0.0,0.0,0.0,0.0,0.0,0.0,0.0,0.0,0.0,0.0,41.0,40.0,0.8052301460904354,0.01896704833736577,0.0,0.0,0.0,0.7776489818319966,0.7586819334946309,0.0,0.0
2022-06-02 00:00:00+00:00,0.0,0.0,0.0,0.0,0.0,0.0,0.0,0.0,0.0,0.0,0.0,0.0,0.0,0.0,0.0,0.0,0.0,0.0,0.0,97.0,0.0,0.8052301460904354,0.01896704833736577,0.0,0.0,0.0,1.8398036887244797,0.0,0.0,0.0
2022-06-03 00:00:00+00:00,0.0,0.0,0.0,0.0,0.0,0.0,0.0,0.0,0.0,0.0,0.0,0.0,0.0,0.0,0.0,0.0,0.0,0.0,0.0,45599.780909999994,44.49944999999975,0.8052301460904354,0.01896704833736577,0.0,0.0,0.0,864.8932486932588,0.8440232191361865,0.0,0.0
2022-06-04 00:00:00+00:00,0.0,0.0,0.0,0.0,0.0,0.0,0.0,0.0,0.0,0.0,0.0,0.0,0.0,0.0,0.0,0.0,0.0,0.0,0.0,502250.0042121337,10.0,0.8052301460904354,0.01896704833736577,0.0,0.0,0.0,9526.200107333701,0.18967048337365772,0.0,0.0
2022-06-05 00:00:00+00:00,0.0,0.0,0.0,0.0,0.0,0.0,0.0,0.0,0.0,0.0,0.0,0.0,0.0,0.0,0.0,0.0,0.0,0.0,0.0,55782.59004284058,349.699829999999,0.8052301460904354,0.01896704833736577,0.0,0.0,0.0,1058.0310817260158,6.632773579178574,0.0,0.0
2022-06-06 00:00:00+00:00,160.0,92.0,8958.834376,380339.80749523395,90.0,70.0,0.032629021979351046,7213.923513386495,0.0,0.0,0.0,0.0,0.0,0.0,0.0,47668.158390553464,1253.112901,33427.3998435181,848.502132,46988.75291454791,201967.29932055474,0.8052301460904354,0.01896704833736577,1913.1685486868746,1317.2586043328665,595.9099443540081,891.237947842767,3830.7235287801827,7213.923513386495,0.0
2022-06-07 00:00:00+00:00,352.0,304.0,5857.009319,141153.01862683007,47.0,305.0,0.055096487501606485,5578.959288193987,0.0,0.0,0.0,0.0,0.0,0.0,0.0,3128.945058635558,107.138043,0.0,0.0,39295.959939999964,56187.60954259353,0.8788785536321424,0.029245621155582005,185.66927007230413,0.0,185.66927007230413,1149.2347573501659,1643.2415423204545,12792.882801580483,0.0
2022-06-08 00:00:00+00:00,18.0,17.0,669.9152809999999,11692.415758310852,3.0,15.0,0.05903824317923826,771.3184611584059,0.0,0.0,0.0,0.0,0.0,0.0,0.0,0.0,0.0,0.0,0.0,1921.9982099999988,11005.0,0.9525269611738494,0.039524193973798236,0.0,0.0,0.0,75.96543006933295,434.96375468164956,13564.201262738889,0.0
2022-06-09 00:00:00+00:00,0.0,0.0,0.0,0.0,0.0,0.0,0.0,0.0,0.0,0.0,0.0,0.0,0.0,0.0,0.0,0.0,0.0,0.0,0.0,0.0,0.0,0.9525269611738494,0.039524193973798236,0.0,0.0,0.0,0.0,0.0,13564.201262738889,0.0
2022-06-10 00:00:00+00:00,0.0,0.0,0.0,0.0,0.0,0.0,0.0,0.0,0.0,0.0,0.0,0.0,0.0,0.0,0.0,0.0,0.0,0.0,0.0,0.0,0.0,0.9525269611738494,0.039524193973798236,0.0,0.0,0.0,0.0,0.0,13564.201262738889,0.0
2022-06-11 00:00:00+00:00,0.0,0.0,0.0,0.0,0.0,0.0,0.0,0.0,0.0,0.0,0.0,0.0,0.0,0.0,0.0,0.0,0.0,0.0,0.0,0.0,0.0,0.9525269611738494,0.039524193973798236,0.0,0.0,0.0,0.0,0.0,13564.201262738889,0.0
2022-06-12 00:00:00+00:00,54.0,35.0,4023.439998,86838.63040264217,16.0,38.0,0.03733522220940376,3913.82136814528,0.0,0.0,0.0,0.0,0.0,0.0,0.0,0.0,0.0,0.0,0.0,75211.28336206205,61.80295036617678,0.9626409797034505,0.04229712172184817,0.0,0.0,0.0,3181.2208072215526,2.6140869144075203,17478.022630884167,0.0
2022-06-13 00:00:00+00:00,214.0,182.0,3829.463725,98006.41052220417,26.0,188.0,0.03779439816794152,3128.951080455439,0.0,0.0,0.0,0.0,0.0,0.0,0.0,264.0836615999999,0.377402,64.63772686229105,2.584603,37202.65487530486,50038.56039023922,0.9626409797034505,0.04229712172184817,11.533281410468598,5.222034564982377,6.311246845486221,1573.5652216366782,2116.4870796119985,20606.973711339604,0.0
2022-06-14 00:00:00+00:00,137.0,118.0,2417.012659,57884.15449826211,22.0,115.0,0.046837612909674656,1869.968971561894,0.0,0.0,0.0,0.0,0.0,0.0,0.0,0.0,0.0,0.0,0.0,1971.0048799999859,34479.159222995004,0.8949139555436512,0.03868770924568192,0.0,0.0,0.0,76.25366371925963,1333.9196870548028,22476.9426829015,0.0
2022-06-15 00:00:00+00:00,31.0,20.0,444.385913,9427.069988210285,6.0,25.0,0.046673453791903,307.7374545702372,0.0,0.0,0.0,0.0,0.0,0.0,0.0,0.0,0.0,0.0,0.0,759.4450299999966,427.8839544763108,0.7953712056368302,0.032474694157160706,0.0,0.0,0.0,24.662745078425626,13.895400556374668,22784.680137471736,0.0
2022-06-16 00:00:00+00:00,27.0,25.0,1023.421294,21127.442354855,5.0,22.0,0.04962420487334388,792.3145204917578,0.0,0.0,0.0,0.0,0.0,0.0,0.0,0.0,0.0,0.0,0.0,8941.543460509127,15541.45569116334,0.7741821722264827,0.03264401929285567,0.0,0.0,0.0,291.88791723276734,507.3355794213976,23576.994657963493,0.0
2022-06-17 00:00:00+00:00,37.0,34.0,867.362015,16817.248241033973,2.0,35.0,0.05305716845878136,646.6692416540371,0.0,0.0,0.0,0.0,0.0,0.0,0.0,6000.0,53.168188,0.0,0.0,1987.7582899999961,15238.224029293153,0.7739258353229462,0.03507284818107155,251.58532339693676,0.0,251.58532339693676,69.71634472583627,534.4479179285552,24223.663899617528,0.0
2022-06-18 00:00:00+00:00,41.0,39.0,972.9611329999999,17371.317387096646,5.0,36.0,0.05584694665058375,683.1868082545412,0.0,0.0,0.0,0.0,0.0,0.0,0.0,6437.831615326176,25.0,17.327955929631155,0.989784,676.563249999997,13246.976847915223,0.7736694984194098,0.03750167706928743,260.7712197248965,1.4155930983674287,259.3556266265291,25.372256518447465,496.78384789484375,24906.85070787207,0.0
2022-06-19 00:00:00+00:00,137.0,131.0,11690.657393000001,128953.1023082776,5.0,132.0,0.10122628721975922,8334.6043520504,0.0,0.0,0.0,0.0,0.0,0.0,0.0,10001.0,0.163833,209.4740260713419,27.05543,11962.178436478991,106707.65845,0.745558636959721,0.03750167706928743,375.17641947811256,28.027036793290105,347.14938268482246,448.6017527700287,4001.7161480117197,33241.45505992247,0.0
2022-06-20 00:00:00+00:00,96.0,88.0,246.613684,2433.137877405283,11.0,85.0,0.10090028336698642,188.90940246131146,0.0,0.0,0.0,0.0,0.0,0.0,0.0,0.0,0.2,1.231441797651121,0.12435,1288.652473065128,742.8928028670799,0.745558636959721,0.038452738069012296,0.1491117273919442,0.1400625253982535,0.009049201993690692,49.55221600875829,28.56626236200221,33430.36446238378,0.0
2022-06-21 00:00:00+00:00,93.0,74.0,5046.041998,62876.85822003981,9.0,84.0,0.06384592038271093,4903.5479894562395,0.0,0.0,0.0,0.0,0.0,0.0,0.0,15.499989900185998,0.99526,0.0,0.0,56609.84490351135,15.545612367392076,0.745558636959721,0.039328439693469074,1.3516151070593767,0.0,1.3516151070593767,2226.3768713443837,0.6113846784890262,38333.91245184002,0.0
2022-06-22 00:00:00+00:00,164.0,144.0,14080.282088,145553.45070972393,15.0,149.0,0.12794459899270896,10958.250375766784,0.0,0.0,0.0,0.0,0.0,0.0,0.0,0.0,0.0,0.0,0.0,22553.862229999988,113806.99999999999,0.7660134644487588,0.06463283319951114,0.0,0.0,0.0,1457.7200155163437,7355.668847936764,49292.16282760681,0.0
2022-06-23 00:00:00+00:00,59.0,43.0,5557.075962,53510.648818526584,14.0,45.0,0.08714916088087654,4508.496809151281,0.0,0.0,0.0,0.0,0.0,0.0,0.0,5000.0,0.0,0.0,0.0,50750.998909999995,0.0,0.7660134644487588,0.07528677830950731,376.4338915475365,0.0,376.4338915475365,3820.8792039232167,0.0,53800.659636758086,0.0
2022-06-24 00:00:00+00:00,33.0,29.0,313.172908,3618.7184451114463,4.0,29.0,0.08578034273302906,273.22268949775145,0.0,0.0,0.0,0.0,0.0,0.0,0.0,0.0,0.0,0.0,0.0,2871.9991399999976,0.0,0.778269235465532,0.07550261056282231,0.0,0.0,0.0,216.84343260418044,0.0,54073.882326255836,0.0
2022-06-25 00:00:00+00:00,43.0,34.0,775.6706330000001,9350.5553027873,10.0,33.0,0.08096678882234161,676.701833829611,0.0,0.0,0.0,0.0,0.0,0.0,0.0,0.0,0.0,0.0,0.0,16547.94055067904,24.775345745761534,0.8113073925893693,0.07550261056282231,0.0,0.0,0.0,1249.4127110146549,1.8706032814015097,54750.58416008545,0.0
2022-06-26 00:00:00+00:00,30.0,23.0,377.171191,4749.784875921309,6.0,24.0,0.0780349918829538,339.70065164220546,0.0,0.0,0.0,0.0,0.0,0.0,0.0,0.0,0.0,0.0,0.0,323.8981999999968,453.5751873119316,0.8724087325729798,0.07550261056282231,0.0,0.0,0.0,24.45515965659889,34.246110728571956,55090.28481172765,0.0
2022-06-27 00:00:00+00:00,24.0,23.0,126.59613300000001,1627.7636596847708,5.0,19.0,0.077574,108.20698174733373,0.0,0.0,0.0,0.0,0.0,0.0,0.0,0.0,0.0,0.0,0.0,466.4789299999972,384.81856381158025,0.8724087325729798,0.07528677830950731,0.0,0.0,0.0,35.11969578896597,28.971749903065433,55198.49179347498,0.0
2022-06-28 00:00:00+00:00,44.0,37.0,569.37927,7487.990359989815,9.0,35.0,0.07546467889908257,471.8827673029006,0.0,0.0,0.0,0.0,0.0,0.0,0.0,0.0,0.0,136.7620536056725,10.335433,5651.999499999997,152.59664521605438,0.8547416037370883,0.0723702295657129,0.0,18.73162579305808,-18.73162579305808,409.03650132029435,11.0434542452435,55670.374560777884,0.0
2022-06-29 00:00:00+00:00,20.0,14.0,596.827086,7774.407773012378,8.0,12.0,0.0766610895867924,474.71600343377935,0.0,0.0,0.0,0.0,0.0,0.0,0.0,0.0,0.0,22.655988071623206,1.733139,2962.6842162709513,157.86390554761908,0.8547416037370883,0.07151916571301857,0.0,3.1017233736458856,-3.1017233736458856,211.8887034188267,11.290294820964482,56145.09056421166,0.0
2022-06-30 00:00:00+00:00,16.0,9.0,405.620517,5391.244097780251,9.0,7.0,0.07442975648087903,334.72209794950413,0.0,0.0,0.0,0.0,0.0,0.0,0.0,0.0,0.0,0.0,0.0,6162.348489999999,37.93880443194299,0.8547416037370883,0.06647585544961046,0.0,0.0,0.0,409.64738745136526,2.522014479348883,56479.81266216117,0.0
2022-07-01 00:00:00+00:00,17.0,16.0,3373.331133,39274.17687037859,6.0,11.0,0.0913496360879454,2608.210046039765,0.0,0.0,0.0,0.0,0.0,0.0,0.0,0.0,0.0,0.0,0.0,3443.9896099999996,33265.59656347664,0.8287670313373028,0.06641030452778074,0.0,0.0,0.0,228.7163987906128,2209.17839807878,59088.02270820093,0.0
2022-07-02 00:00:00+00:00,13.0,12.0,36.574796,400.82977060519585,3.0,10.0,0.09113059207352177,25.83701670672468,0.0,0.0,0.0,0.0,0.0,0.0,0.0,92.8942057543689,8.832227999999999,0.0,0.0,295.06726137652817,51.02057472367048,0.8252099780975924,0.06445882666777586,13.276294181594512,0.0,13.276294181594512,19.019689456404944,3.2887263826033815,59113.859724907656,0.0
2022-07-03 00:00:00+00:00,21.0,14.0,2955.059343,37030.81874054189,5.0,16.0,0.07190960910022721,2315.855266054955,0.0,0.0,0.0,0.0,0.0,0.0,0.0,0.0,0.0,0.0,0.0,34364.00308939853,105.31116511842686,0.7953995630717392,0.06301861308800383,0.0,0.0,0.0,2165.571814845774,6.636563568445027,61429.71499096261,0.0
2022-07-04 00:00:00+00:00,22.0,10.0,828.9020399999999,11375.840109794639,16.0,6.0,0.07307713641460457,695.294611699609,0.0,0.0,0.0,0.0,0.0,0.0,0.0,0.0,0.0,0.0,0.0,2213.9997399999997,33.999479999999615,0.7953995630717392,0.06253859203819122,0.0,0.0,0.0,138.46042651252142,2.1262796092306173,62125.00960266222,0.0
2022-07-05 00:00:00+00:00,38.0,23.0,529.26645,7143.346559490514,13.0,25.0,0.07342009165464458,442.509133463684,0.0,0.0,0.0,0.0,0.0,0.0,0.0,0.0,0.0,0.06002444154836753,0.004442,3638.9787599999977,1611.18987,0.7953995630717392,0.06208624426545999,0.0,0.007259856999034437,-0.007259856999034437,225.93052417018058,100.03272782685472,62567.5187361259,0.0
2022-07-06 00:00:00+00:00,39.0,33.0,324.348374,4348.325831026063,8.0,31.0,0.07459417652411283,276.3926313207067,0.0,0.0,0.0,0.0,0.0,0.0,0.0,0.0,0.0,9.01008640085118,0.6744079999999999,362.5020999999963,20.580523699446637,0.8252099780975924,0.06253859203819122,0.0,1.1200063285605277,-1.1200063285605277,22.670370944887363,1.287076975572019,62843.911367446606,0.0
2022-07-07 00:00:00+00:00,112.0,104.0,498.708531,6825.383735122048,4.0,108.0,0.07165307201239718,428.51688193458756,0.0,0.0,0.0,0.0,0.0,0.0,0.0,0.0,0.0,15.537240326658738,1.115583,6122.821559999987,20.999869999999873,0.8360800754774538,0.06278282636762621,0.0,1.9081885805020598,-1.9081885805020598,384.4080428814374,1.3184311919527145,63272.42824938119,0.0
2022-07-08 00:00:00+00:00,30.0,24.0,210.653473,2944.1915254931355,8.0,22.0,0.07135999999999999,184.64419985534064,0.0,0.0,0.0,0.0,0.0,0.0,0.0,0.0,0.0,0.0,0.0,951.9144899999983,11.00073999999987,0.8388139709483754,0.06271473790225443,0.0,0.0,0.0,59.69906774570809,0.6899085258308383,63457.07244923653,0.0
2022-07-09 00:00:00+00:00,225.0,221.0,229.545426,3231.9964355967772,6.0,219.0,0.07037206058186006,202.16125316701695,0.0,0.0,0.0,0.0,0.0,0.0,0.0,8.409754118438487,0.601486,0.0,0.0,2775.187169999973,52.594368059747325,0.8521474238089034,0.06254996167088549,1.0385845431270209,0.0,1.0385845431270209,173.58785111303146,3.289775706241639,63659.23370240355,0.0
2022-07-10 00:00:00+00:00,11.0,9.0,1153.60463,15468.50314041685,4.0,7.0,0.07751967458534116,973.9313626133379,0.0,0.0,0.0,0.0,0.0,0.0,0.0,0.0,0.0,0.0,0.0,1073.9098699999997,14280.865580113876,0.8521474238089034,0.06271473790225443,0.0,0.0,0.0,67.34997602769411,895.6207418741684,64633.16506501689,0.0
2022-07-11 00:00:00+00:00,14.0,13.0,49.262131,638.3506314640575,2.0,12.0,0.07733361173292708,40.39620117164018,0.0,0.0,0.0,0.0,0.0,0.0,0.0,0.0,0.0,0.0,0.0,384.9915299999981,0.0,0.8521474238089034,0.06278282636762621,0.0,0.0,0.0,24.170856380996636,0.0,64673.56126618853,0.0
2022-07-12 00:00:00+00:00,36.0,35.0,32.776229,425.72957130211574,2.0,34.0,0.07684718092122997,26.637115862108082,0.0,0.0,0.0,0.0,0.0,0.0,0.0,0.0,0.0,0.0,0.0,391.0023199999955,56.73899130211999,0.8521474238089034,0.06278282636762621,0.0,0.0,0.0,24.548230765898737,3.562234239195253,64700.19838205064,0.0
2022-07-13 00:00:00+00:00,128.0,81.0,2718.4322469999997,34214.11275096381,3.0,125.0,0.07264678703703703,2128.273748668092,0.0,0.0,0.0,0.0,0.0,0.0,0.0,0.0,0.0,0.0,0.0,21155.175994006197,13165.427710551296,0.8442505666896793,0.06271473790225443,0.0,0.0,0.0,1326.7413177401634,825.6663482383021,66828.47213071873,0.0
2022-07-14 00:00:00+00:00,66.0,19.0,1951.499998,25232.305390129142,6.0,60.0,0.0751236658503106,1548.415959803331,0.0,0.0,0.0,0.0,0.0,0.0,0.0,0.0,0.0,0.0,0.0,14026.66348,13350.602780428884,0.8200254506172334,0.06256815983122126,0.0,0.0,0.0,877.6225225153942,835.3226486090214,68376.88809052206,0.0
2022-07-15 00:00:00+00:00,61.0,53.0,500.669608,6813.9333373103245,6.0,55.0,0.07203864873107316,428.3618372799587,0.0,0.0,0.0,0.0,0.0,0.0,0.0,1799.9988667031762,133.5013,0.0,0.0,4371.200779999995,13.725305519826076,0.8200254506172334,0.06256815983122126,222.0970804783879,0.0,222.0970804783879,273.4979890573987,0.8587671094968213,68805.24992780201,0.0
2022-07-16 00:00:00+00:00,13.0,6.0,5579.866494,76221.16942426124,11.0,2.0,0.0612540985100288,4871.510203600292,0.0,0.0,0.0,0.0,0.0,0.0,0.0,0.0,0.0,0.0,0.0,51532.99947999999,23227.237493957877,0.8200254506172334,0.06286557500268218,0.0,0.0,0.0,3239.6516439231214,1460.1936407815206,73676.7601314023,0.0
2022-07-17 00:00:00+00:00,28.0,10.0,2450.211936,35781.433753440506,16.0,12.0,0.0710755594836203,2147.883699217411,0.0,0.0,0.0,0.0,0.0,0.0,0.0,0.0,0.0,0.0,0.0,412.53893802393645,21774.439890614653,0.8200254506172334,0.06256815983122126,0.0,0.0,0.0,25.811802210883936,1362.3866353112974,75824.64383061972,0.0
2022-07-18 00:00:00+00:00,16.0,16.0,903.931965,12267.695854003123,4.0,12.0,0.07655754189944133,826.1801507839047,0.0,0.0,0.0,0.0,0.0,0.0,0.0,0.0,0.0,0.0,0.0,485.89923999999974,11717.802858611098,0.8555778709858473,0.06256815983122126,0.0,0.0,0.0,30.40182131018892,733.1613621283205,76650.82398140364,0.0
2022-07-19 00:00:00+00:00,25.0,22.0,1512.68736,19854.884364375153,6.0,19.0,0.07846871028339247,1387.916908858283,0.0,0.0,0.0,0.0,0.0,0.0,0.0,0.0,0.0,0.0,0.0,8669.822718427667,10713.093190903755,0.8730513908959292,0.06286557500268218,0.0,0.0,0.0,545.0333903652725,673.4847635034838,78038.74089026192,0.0
2022-07-20 00:00:00+00:00,14.0,11.0,1943.170344,22934.316179792837,5.0,9.0,0.08611397473684211,1651.9214291543387,0.0,0.0,0.0,0.0,0.0,0.0,0.0,0.0,777.0,4874.383682303059,389.603186,7019.50374,18770.654405340323,0.8730513908959292,0.06391282422452163,678.360930726137,651.6792309246973,26.681699801439663,448.6363086779922,1199.6855355877587,79690.66231941625,0.0
2022-07-21 00:00:00+00:00,25.0,21.0,1690.6513329999998,21140.30258291008,7.0,18.0,0.08234829605020726,1480.1608758806888,0.0,0.0,0.0,0.0,0.0,0.0,0.0,0.0,0.0,0.0,0.0,6022.00574,8979.586272080494,0.8754974174682113,0.06734599232131357,0.0,0.0,0.0,405.5579523249462,604.7391481281057,81170.82319529694,0.0
2022-07-22 00:00:00+00:00,27.0,21.0,1091.45441,13992.248966954341,8.0,19.0,0.07414285714285715,879.0527696027901,0.0,0.0,0.0,0.0,0.0,0.0,0.0,9.999997172890092,0.743191,0.0,0.0,14000.553459999997,52.56936344138975,0.8754974174682113,0.06734599232131357,1.324121534004231,0.0,1.324121534004231,942.8811658112999,3.540335946660176,82049.87596489972,0.0
2022-07-23 00:00:00+00:00,31.0,21.0,1609.001706,20619.64943946511,10.0,21.0,0.07603452825733578,1479.1960145026753,0.0,0.0,0.0,0.0,0.0,0.0,0.0,0.0,0.0,0.0,0.0,2952.7847065043834,8695.367748963741,0.8766113933490408,0.06990304669558128,0.0,0.0,0.0,206.40864722077418,607.8326977910639,83529.0719794024,0.0
2022-07-24 00:00:00+00:00,40.0,38.0,43.536098,574.3261995686493,1.0,39.0,0.07567528555039016,36.19566945862341,0.0,0.0,0.0,0.0,0.0,0.0,0.0,0.0,0.0,0.796245022901108,0.060434,502.1323199999954,10.999869999999872,0.8754974174682113,0.06990304669558128,0.0,0.10856976394425422,-0.10856976394425422,35.10057901232024,0.7689244262553148,83565.26764886103,0.0
2022-07-25 00:00:00+00:00,70.0,14.0,537.551736,7291.449619999999,0.0,70.0,0.07181818181818182,457.8096695248061,0.0,0.0,0.0,0.0,0.0,0.0,0.0,0.0,0.0,0.0,0.0,7335.050229999999,10.999869999999872,0.8516569454903706,0.06990304669558128,0.0,0.0,0.0,512.7423587421241,0.7689244262553148,84023.07731838584,0.0
2022-07-26 00:00:00+00:00,18.0,15.0,182.06211,2554.315077389637,3.0,15.0,0.07067299339066667,160.53085578096494,0.0,0.0,0.0,0.0,0.0,0.0,0.0,0.0,0.0,8.459315295625917,0.599317,2448.015419999999,49.95112231442682,0.8516569454903706,0.06302284222068984,0.0,1.0435425787717527,-1.0435425787717527,154.2808895684757,3.1480617003685007,84183.6081741668,0.0
2022-07-27 00:00:00+00:00,13.0,13.0,8.589238,121.58656318564616,2.0,11.0,0.07060141606982076,7.657371893171865,0.0,0.0,0.0,0.0,0.0,0.0,0.0,0.0,0.0,4.6166001153462926,0.326823,131.01174999999884,13.827581051336255,0.8754974174682113,0.06297876749324757,0.0,0.5768804777429073,-0.5768804777429073,8.250958542133406,0.8708440120261418,84191.26554605998,0.0
2022-07-28 00:00:00+00:00,16.0,15.0,1376.286237,18271.661849835833,7.0,9.0,0.07780223797411816,1360.4557815814994,0.0,0.0,0.0,0.0,0.0,0.0,0.0,0.0,133.458692,0.0,0.0,154.3013999999991,14234.01751800474,0.8817367643435801,0.06297876749324757,117.67543525760645,0.0,117.67543525760645,9.717711994482533,896.4408797612334,85551.72132764148,0.0
2022-07-29 00:00:00+00:00,30.0,24.0,1420.841432,19598.03526298506,4.0,26.0,0.06793216981132076,1233.367987685099,0.0,0.0,0.0,0.0,0.0,0.0,0.0,0.0,0.0,0.0,0.0,20523.854677811672,0.0,0.8817367643435801,0.06297876749324757,0.0,0.0,0.0,1292.567071819103,0.0,86785.08931532658,0.0
2022-07-30 00:00:00+00:00,18.0,17.0,233.698715,3480.160848699182,2.0,16.0,0.06638923914555431,218.79067574318373,0.0,0.0,0.0,0.0,0.0,0.0,0.0,0.0,0.0,0.0,0.0,6772.625627080814,45.1308653547801,0.8817367643435801,0.06293324668185332,0.0,0.0,0.0,426.22331927291845,2.840231882337884,87003.87999106976,0.0
2022-07-31 00:00:00+00:00,74.0,72.0,1943.449764,27301.802199287573,7.0,67.0,0.07744014899444329,2014.0484250375914,0.0,0.0,0.0,0.0,0.0,0.0,0.0,0.0,0.0,0.0,0.0,2274.457109936899,21852.293360614156,0.8915077092021277,0.06293324668185332,0.0,0.0,0.0,143.13897036695406,1375.2357686277562,89017.92841610734,0.0
2022-08-01 00:00:00+00:00,17.0,14.0,292.596794,3739.799897853249,6.0,11.0,0.07817019268937749,278.1211107524913,0.0,0.0,0.0,0.0,0.0,0.0,0.0,0.0,0.0,0.0,0.0,132.59960999999961,94.40503188863191,0.936208295981361,0.06297876749324757,0.0,0.0,0.0,8.350960007885282,5.945512553506772,89296.04952685983,0.0
2022-08-02 00:00:00+00:00,26.0,16.0,2162.1504370000002,26659.291985405907,8.0,18.0,0.07995863416666667,1945.8180266537813,0.0,0.0,0.0,0.0,0.0,0.0,0.0,0.0,0.0,0.0,0.0,2445.6919260996933,16393.554354638723,0.936208295981361,0.0729883609706882,0.0,0.0,0.0,178.5070451252621,1196.5386628289687,91241.86755351361,0.0
2022-08-03 00:00:00+00:00,12.0,10.0,512.996486,6275.296172046183,3.0,9.0,0.08273888691411904,503.1856477300861,0.0,0.0,0.0,0.0,0.0,0.0,0.0,0.0,0.0,0.0,0.0,152.99918015999884,0.0,0.9505268562597146,0.07376979769819543,0.0,0.0,0.0,11.286718568392871,0.0,91745.0532012437,0.0
2022-08-04 00:00:00+00:00,39.0,27.0,5311.979829,78834.47111780834,17.0,22.0,0.06268625144531563,4988.599420271393,0.0,0.0,0.0,0.0,0.0,0.0,0.0,0.0,0.0,0.0,0.0,51598.8887188769,12.15,0.9391224328520305,0.0729883609706882,0.0,0.0,0.0,3766.1183154997584,0.8868085857938617,96733.6526215151,0.0
2022-08-05 00:00:00+00:00,23.0,19.0,4051.5457220000003,57243.5037100249,7.0,16.0,0.06933638443935926,4003.081999461173,0.0,0.0,0.0,0.0,0.0,0.0,0.0,0.0,0.0,0.0,0.0,108.27981999999975,33232.16397555197,0.9505268562597146,0.0729883609706882,0.0,0.0,0.0,7.903166588001125,2425.5611800846877,100736.73462097626,0.0
2022-08-06 00:00:00+00:00,10.0,10.0,194.906252,2798.0439250030995,1.0,9.0,0.07000725454545455,202.01235019392098,0.0,0.0,0.0,0.0,0.0,0.0,0.0,10.9,0.0,0.0,0.0,639.8081564595021,0.0,0.9808754279265883,0.0729883609706882,0.7955731345805014,0.0,0.7955731345805014,46.698548675656696,0.0,100938.74697117019,0.0
2022-08-07 00:00:00+00:00,9.0,7.0,1029.941962,14283.822964173147,3.0,6.0,0.07054181762453116,1029.739897385033,0.0,0.0,0.0,0.0,0.0,0.0,0.0,30.0,0.0,5.400257787907147,0.38134,339.5003599999991,153.14729099510868,0.9808754279265883,0.07219770511418873,2.165931153425662,0.7639332549974466,1.4019978984282155,24.511146877440847,11.056882954301708,101968.48686855522,0.0
2022-08-08 00:00:00+00:00,14.0,8.0,1341.164384,19406.18342321284,6.0,8.0,0.06787269289262148,1338.555979245999,0.0,0.0,0.0,0.0,0.0,0.0,0.0,0.0,0.0,0.0,0.0,3089.8977425479998,237.29947203373237,0.9880382140881027,0.07209133716987663,0.0,0.0,0.0,222.75485997846852,17.10723624861751,103307.04284780122,0.0
2022-08-09 00:00:00+00:00,9.0,8.0,178.625703,2608.871374811169,3.0,6.0,0.06890932531523816,198.40862308103223,0.0,0.0,0.0,0.0,0.0,0.0,0.0,0.0,0.0,0.0,0.0,56.04686419270931,167.7461726594986,0.9980551192790987,0.07209133716987663,0.0,0.0,0.0,4.040493383830892,12.093045892152254,103505.45147088225,0.0
2022-08-10 00:00:00+00:00,37.0,32.0,2940.792965,38503.16845517427,6.0,31.0,0.07517901617021278,2928.9651515725277,0.0,0.0,0.0,0.0,0.0,0.0,0.0,0.0,0.0,0.0,0.0,10688.897889999998,25097.955706103436,0.9980551192790987,0.07209133716987663,0.0,0.0,0.0,770.5769417623728,1809.345187083332,106434.41662245478,0.0
2022-08-11 00:00:00+00:00,16.0,14.0,97.42038799999999,1300.198802546502,3.0,13.0,0.07492870370286282,108.583226165314,0.0,0.0,0.0,0.0,0.0,0.0,0.0,0.0,0.0,0.0,0.0,269.13981579409915,1006.1893989074405,0.999803809707321,0.07219770511418873,0.0,0.0,0.0,19.431277055189444,72.6445655113422,106542.9998486201,0.0
2022-08-12 00:00:00+00:00,36.0,31.0,41.506847,554.0482934487222,8.0,28.0,0.07478226722068433,38.37105390742492,0.0,0.0,0.0,0.0,0.0,0.0,0.0,10.999869999999872,0.0,0.0,0.0,617.5855998226034,183.7132948183057,0.999803809707321,0.07219770511418873,0.794165370554402,0.0,0.794165370554402,44.58826301876169,13.263678284848051,106581.37090252752,0.0
2022-08-13 00:00:00+00:00,74.0,56.0,5287.945227,57160.56859160983,10.0,64.0,0.10033864036575095,5806.371336491113,0.0,0.0,0.0,0.0,0.0,0.0,0.0,8.595635999999693,1.0115759999999998,0.0,0.0,16970.533253319576,47584.19258577332,0.999803809707321,0.07605151599142872,1.6650886873189696,0.0,1.6650886873189696,1290.6347810979066,3618.8499833761634,112387.74223901863,0.0
2022-08-14 00:00:00+00:00,39.0,35.0,1628.968091,17225.800418341314,5.0,34.0,0.08836686251746714,1116.4398178041986,0.0,0.0,0.0,0.0,0.0,0.0,0.0,845.4548163162978,85.0,8.507473196629553,0.760539,16748.306898074996,105.98687329738769,0.9980551192790987,0.07605151599142872,149.13280562183274,1.40606607622153,147.72673954561122,1273.7341298883064,8.06046238945781,113504.18205682283,0.0
2022-08-15 00:00:00+00:00,93.0,47.0,547.016287,6278.220431143298,17.0,76.0,0.08565723659033954,429.631693850997,0.0,0.0,0.0,0.0,0.0,0.0,0.0,133.09111999999988,0.0,0.0,0.0,5550.926278709996,624.1663004867681,0.9959780190009152,0.07605151599142872,10.121781440997148,0.0,10.121781440997148,422.1563586525552,47.46879338278035,113933.81375067383,0.0
2022-08-16 00:00:00+00:00,124.0,104.0,185.85962,2182.684622416841,25.0,99.0,0.08518366666666666,174.39952312980543,0.0,0.0,0.0,0.0,0.0,0.0,0.0,21.99977278799987,0.0,0.0,0.0,1661.65871838799,330.78129839464964,0.9383400392716041,0.07607075648806551,1.6735393585487082,0.0,1.6735393585487082,126.4036357327638,25.162783600985527,114108.21327380363,0.0
2022-08-17 00:00:00+00:00,403.0,383.0,741.325084,8889.154461338643,21.0,382.0,0.08257715773004687,645.2867354671723,0.0,0.0,0.0,0.0,0.0,0.0,0.0,11.799999999999832,0.082344,67.7361601397153,5.779097,7817.208808934162,2605.4446345467227,0.9244511853050394,0.07259258889849426,0.9327155574049784,10.259636298227724,-9.326920740822745,567.4714254006457,189.13597125343787,114753.5000092708,0.0
2022-08-18 00:00:00+00:00,412.0,386.0,11205.934408,126858.38947990234,33.0,379.0,0.07195035481304718,12774.092805133914,0.0,0.0,0.0,0.0,0.0,0.0,0.0,0.0,0.0,0.0,0.0,41351.6064113344,29284.338367891945,0.9244511853050394,0.07259258889849426,0.0,0.0,0.0,3001.8201645103377,2125.8259363047823,127527.59281440472,0.0
2022-08-19 00:00:00+00:00,206.0,134.0,2802.756324,43016.360822805545,27.0,179.0,0.05770618709873402,3159.902991318825,0.0,0.0,0.0,0.0,0.0,0.0,0.0,10.999869999999872,0.0,0.0,0.0,37842.964533601116,2380.773360221139,0.9383400392716041,0.07345816640173734,0.8080302808574691,0.0,0.8080302808574691,2779.8747858443153,174.88724565994778,130687.49580572355,0.0
2022-08-20 00:00:00+00:00,153.0,141.0,443.84184,7720.902351259353,23.0,130.0,0.057685863560206385,491.48665432584585,0.0,0.0,0.0,0.0,0.0,0.0,0.0,21.04640905845706,0.257994,0.0,0.0,3608.262837025937,2629.6779458727415,0.9383400392716041,0.07259258889849426,1.7698994206619572,0.0,1.7698994206619572,261.93314076593845,190.89513006017677,131178.9824600494,0.0
2022-08-21 00:00:00+00:00,42.0,39.0,209.818645,3648.4849792492937,8.0,34.0,0.05703385321100918,233.06619990379488,0.0,0.0,0.0,0.0,0.0,0.0,0.0,4.999997275827555,0.28667,11.428920198920048,0.653164,2646.3844559925483,1981.7455456548078,1.107346378894441,0.07259258889849426,0.6804057331754103,1.552933695778109,-0.8725279626026987,192.10789888123244,143.86003969714164,131412.04865995317,0.0
2022-08-22 00:00:00+00:00,56.0,50.0,1334.474817,23450.51874806548,15.0,41.0,0.059717475873876824,1472.2589875752885,0.0,0.0,0.0,0.0,0.0,0.0,0.0,0.0,0.0,7.132867968032029,0.422768,8424.496791107997,1512.7382623548035,1.107346378894441,0.07259258889849426,0.0,0.9859439659830322,-0.9859439659830322,611.556032233587,109.81358679014481,132884.30764752845,0.0
2022-08-23 00:00:00+00:00,59.0,54.0,604.3408019999999,10225.638987927046,11.0,48.0,0.057542680049855806,710.9289301854402,0.0,0.0,0.0,0.0,0.0,0.0,0.0,0.0,0.0,1.1837926293743302,0.069664,4499.593469371098,390.4723275704795,1.1107983273068744,0.06952415697686982,0.0,0.15968483926618854,-0.15968483926618854,312.83044269665453,27.14725939713375,133595.2365777139,0.0
2022-08-24 00:00:00+00:00,80.0,45.0,1409.135471,22771.543791196127,58.0,22.0,0.06608985318183516,1735.1158697536275,0.0,0.0,0.0,0.0,0.0,0.0,0.0,0.0,0.0,0.0,0.0,129.89969999999923,34363.67199303072,1.1274269419216285,0.06952415697686982,0.0,0.0,0.0,9.031167134048243,2389.1053259451332,135330.3524474675,0.0
2022-08-25 00:00:00+00:00,60.0,48.0,3199.949141,49785.21746498566,21.0,39.0,0.05675683134589377,4092.1140294769593,0.0,0.0,0.0,0.0,0.0,0.0,0.0,0.0,0.0,0.0,0.0,40138.616697937294,10671.079911632542,1.1274269419216285,0.06952415697686982,0.0,0.0,0.0,2790.603488141801,741.897834889063,139422.46647694448,0.0
2022-08-26 00:00:00+00:00,92.0,85.0,531.6066979999999,9383.824079756116,15.0,77.0,0.05669949041737662,717.7374874735356,0.0,0.0,0.0,0.0,0.0,0.0,0.0,112.47022355817663,6.442136,0.0,0.0,5362.292349040989,84.6603359259827,1.1763708950855187,0.06952415697686982,15.397738770464958,0.0,15.397738770464958,372.8088550305938,5.885938484632553,140140.203964418,0.0
2022-08-27 00:00:00+00:00,42.0,37.0,145.661911,2556.1918786099423,13.0,29.0,0.05709045454545454,174.66524283628098,0.0,0.0,0.0,0.0,0.0,0.0,0.0,0.0,0.0,0.0,0.0,589.49970573636,1910.9977191207324,1.1991140418052113,0.06952415697686982,0.0,0.0,0.0,40.984470079433265,132.86050540659,140314.8692072543,0.0
2022-08-28 00:00:00+00:00,62.0,58.0,1798.5136539999999,28828.982052085146,13.0,49.0,0.06762816674639585,2054.43789820092,0.0,0.0,0.0,0.0,0.0,0.0,0.0,0.0,0.0,0.0,0.0,15885.171713670385,26847.480298247887,1.1991140418052113,0.07126293583620745,0.0,0.0,0.0,1132.0239725784302,1913.2302658578828,142369.3071054552,0.0
2022-08-29 00:00:00+00:00,30.0,28.0,59.748814,886.0152394607687,1.0,29.0,0.06726646,72.42028853721035,0.0,0.0,0.0,0.0,0.0,0.0,0.0,0.0,0.0,0.0,0.0,1263.3537619577887,34.74967574699988,1.2120790972890332,0.0761966727273209,0.0,0.0,0.0,96.26335313872731,2.64780967027467,142441.72739399242,0.0
2022-08-30 00:00:00+00:00,23.0,21.0,3322.971152,46383.33708681649,4.0,19.0,0.06496822235171947,3844.174072228753,0.0,0.0,0.0,0.0,0.0,0.0,0.0,0.0,0.0,0.0,0.0,11317.093274110997,20598.83573780794,1.2120790972890332,0.07648667338318106,0.0,0.0,0.0,865.606816903923,1575.5364211515134,146285.90146622117,0.0
2022-08-31 00:00:00+00:00,26.0,26.0,528.029007,8336.215382159831,5.0,21.0,0.061941215481614034,679.6933030496365,0.0,0.0,0.0,0.0,0.0,0.0,0.0,0.0,0.0,12.871258951342913,0.800864,7424.477239999997,103.51988713445883,1.2120790972890332,0.08153499782458051,0.0,2.020168584768641,-2.020168584768641,605.3547356120473,8.44049377230892,146965.5947692708,0.0
2022-09-01 00:00:00+00:00,27.0,20.0,204.107844,3331.7209539545684,9.0,18.0,0.06063853481904857,271.1509992437788,0.0,0.0,0.0,0.0,0.0,0.0,0.0,0.0,1.0,0.0,0.0,2674.400569999998,36.98826088772353,1.2120790972890332,0.08138466666061502,1.2120790972890332,0.0,1.2120790972890332,217.65519890640863,3.0102772827032434,147236.74576851458,0.0
2022-09-02 00:00:00+00:00,32.0,19.0,628.017789,10656.870225435057,7.0,25.0,0.057603544677171326,862.1864174886181,0.0,0.0,0.0,0.0,0.0,0.0,0.0,8.999999999999911,0.515942,0.0,0.0,9977.779309999998,437.071685364776,1.2120790972890332,0.08138466666061502,1.3578245135590263,0.0,1.3578245135590263,812.0382431575312,35.5709334202055,148098.9321860032,0.0
2022-09-03 00:00:00+00:00,40.0,22.0,1795.0128280000001,34051.01856183053,16.0,24.0,0.04833305790337874,2744.528390144251,0.0,0.0,0.0,0.0,0.0,0.0,0.0,3.99999999999979,0.231338,0.0,0.0,31192.628853161,449.19271852451106,1.2872272053978968,0.08138466666061502,0.6233232338847816,0.0,0.6233232338847816,2538.6017014827903,36.5573996634928,150843.46057614745,0.0
2022-09-04 00:00:00+00:00,32.0,24.0,420.234518,8489.616342156505,15.0,17.0,0.050272129629629625,522.6727873060305,0.0,0.0,0.0,0.0,0.0,0.0,0.0,0.0,0.0,0.0,0.0,359.12039252656365,246.2992513491242,1.2872272053978968,0.08138466666061502,0.0,0.0,0.0,29.226893436803604,20.044982469807508,151366.1333634535,0.0
2022-09-05 00:00:00+00:00,32.0,25.0,3737.058631,61256.5096506636,8.0,24.0,0.0718487582125979,4534.902501174013,0.0,0.0,0.0,0.0,0.0,0.0,0.0,0.0,0.0,0.0,0.0,453.76634308399855,56225.88330963832,1.2872272053978968,0.08090428045476364,0.0,0.0,0.0,36.71163948180032,4548.9146320997925,155901.0358646275,0.0
2022-09-06 00:00:00+00:00,19.0,16.0,63.832633,887.8033193880672,4.0,15.0,0.0716968,74.00141394255387,0.0,0.0,0.0,0.0,0.0,0.0,0.0,0.0,0.0,0.0,0.0,261.98475131431513,41.67418024183224,1.2872272053978968,0.08090428045476364,0.0,0.0,0.0,21.195687795204858,3.371619566007565,155975.03727857006,0.0
2022-09-07 00:00:00+00:00,13.0,12.0,111.40580200000001,1560.283015976609,4.0,9.0,0.07121947804837776,128.35357002696807,0.0,0.0,0.0,0.0,0.0,0.0,0.0,0.0,0.0,0.0,0.0,1297.8193316349416,30.364623128873404,1.2437645288958166,0.08090428045476364,0.0,0.0,0.0,104.99913918620722,2.4566279855215765,156103.39084859702,0.0
2022-09-08 00:00:00+00:00,21.0,21.0,792.565684,11556.268399927456,5.0,16.0,0.0660559,946.1554759351519,0.0,0.0,0.0,0.0,0.0,0.0,0.0,0.0,0.0,7.718476355914228,0.535261,6373.444596784664,57.287732305889634,1.2134951438962354,0.08090428045476364,0.0,1.2739943999993897,-1.2739943999993897,515.6389491211644,4.634822761093118,157049.54632453216,0.0
2022-09-09 00:00:00+00:00,24.0,23.0,330.951666,5045.157984883554,5.0,19.0,0.06571403589028202,436.8597541998389,0.0,0.0,0.0,0.0,0.0,0.0,0.0,10.99972814979589,0.724545,6.138391431226279,0.400004,2983.0931307825294,258.20675192549044,1.2134951438962354,0.0818737885960741,1.7798212561849718,0.9879762738992428,0.791844982285729,244.23713635208964,21.14036502122655,157486.406078732,0.0
2022-09-10 00:00:00+00:00,38.0,33.0,1376.825686,21755.6517327485,8.0,30.0,0.06514375,1869.3769362588491,0.0,0.0,0.0,0.0,0.0,0.0,0.0,0.0,0.0,5.877811388787441,0.386766,11474.746035119957,10321.970710578329,1.2134951438962354,0.08226300530909085,0.0,0.9528650923058273,-0.9528650923058273,943.9470940075422,849.1163313645853,159355.78301499083,0.0
2022-09-11 00:00:00+00:00,114.0,53.0,141.447528,2179.89235574445,5.0,109.0,0.06452244853959982,181.97455896018138,0.0,0.0,0.0,0.0,0.0,0.0,0.0,26.12363065996233,1.696746,0.0,0.0,1939.8867080319947,41.85832796938295,1.2134951438962354,0.08335338731731769,4.236486135959757,0.0,4.236486135959757,161.69612812630723,3.489033423687289,159537.757573951,0.0
2022-09-12 00:00:00+00:00,20.0,18.0,58.879342,915.3788841991483,2.0,18.0,0.06438729078943735,74.8985218303985,0.0,0.0,0.0,0.0,0.0,0.0,0.0,0.0,0.0,0.0,0.0,341.13330271144775,10.1,1.2720679152698156,0.08335338731731769,0.0,0.0,0.0,28.434616307743084,0.8418692119049086,159612.6560957814,0.0
2022-09-13 00:00:00+00:00,15.0,14.0,581.2185479999999,8779.768912163721,6.0,9.0,0.06776906164383562,788.4255077641637,0.0,0.0,0.0,0.0,0.0,0.0,0.0,0.0,0.0,0.0,0.0,304.9001399999992,8530.848860193335,1.286516360753801,0.08347869034938456,0.0,0.0,0.0,25.452664374543936,712.1440904174796,160401.08160354555,0.0
2022-09-14 00:00:00+00:00,6.0,6.0,28.828831,426.1303267893186,2.0,4.0,0.06755347531604397,34.938054585563,0.0,0.0,0.0,0.0,0.0,0.0,0.0,10.99986645054172,0.744596,0.0,0.0,143.00021999999922,27.365915683345037,1.286516360753801,0.08347869034938456,1.8761893814611934,0.0,1.8761893814611934,11.937471085273803,2.284470801457327,160436.01965813112,0.0
2022-09-15 00:00:00+00:00,19.0,17.0,63.189958999999995,938.3080107259696,4.0,15.0,0.06714423495596336,76.91919976624163,0.0,0.0,0.0,0.0,0.0,0.0,0.0,0.0,0.0,0.0,0.0,902.0869006559986,10.567478418853744,1.286516360753801,0.08347869034938456,0.0,0.0,0.0,75.30503304809814,0.8821592587012956,160512.93885789736,0.0
2022-09-16 00:00:00+00:00,20.0,16.0,674.980425,10401.940576540437,6.0,14.0,0.06271249999999999,851.2613608680026,0.0,0.0,0.0,0.0,0.0,0.0,0.0,0.0,0.0,0.0,0.0,20379.70177,0.0,1.2720679152698156,0.08198912959047992,0.0,0.0,0.0,1670.9140094358631,0.0,161364.20021876536,0.0
2022-09-17 00:00:00+00:00,38.0,33.0,806.241883,13331.517176609626,11.0,27.0,0.058840395107593306,1095.3050913578438,0.0,0.0,0.0,0.0,0.0,0.0,0.0,0.0,0.0,0.0,0.0,442.99844999999624,174.17972966950245,1.2720679152698156,0.08198912959047992,0.0,0.0,0.0,36.32105732543143,14.280844427907597,162459.5053101232,0.0
2022-09-18 00:00:00+00:00,25.0,23.0,401.14674599999995,6931.294112886727,11.0,14.0,0.05774552694347668,560.3542339452408,0.0,0.0,0.0,0.0,0.0,0.0,0.0,0.0,1.0,0.0,0.0,5040.662362153998,380.70856247501274,1.2720679152698156,0.0819764926729435,1.2720679152698156,0.0,1.2720679152698156,413.21582119789934,31.209152682259738,163019.85954406846,0.0
2022-09-19 00:00:00+00:00,17.0,14.0,85.201642,1482.0926143463244,3.0,14.0,0.057272767769074306,120.18414351980877,0.0,0.0,0.0,0.0,0.0,0.0,0.0,0.0,0.0,0.0,0.0,499.1498799999991,0.0,1.3565043828645396,0.0819764926729435,0.0,0.0,0.0,40.91855648052056,0.0,163140.04368758827,0.0
2022-09-20 00:00:00+00:00,15.0,9.0,574.717269,9697.668177127627,11.0,4.0,0.060788375,761.0374019749037,0.0,0.0,0.0,0.0,0.0,0.0,0.0,1.0788753090475875,0.2,0.0,0.0,158.09631445977558,4444.233772429989,1.3241944222401705,0.0818367836851383,0.35313056973779827,0.0,0.35313056973779827,12.938093887862257,363.7017978805392,163901.08108956317,0.0
2022-09-21 00:00:00+00:00,9.0,9.0,87.428454,1428.3544957175375,3.0,6.0,0.06108154005456499,110.02373316430986,0.0,0.0,0.0,0.0,0.0,0.0,0.0,155.5461078974413,9.471521,3.8908086377443567,0.238124,152.0692273623165,431.0314384206695,1.3241944222401705,0.08109084571129577,25.155500714834616,0.6308314355370228,24.524669279297594,12.331422253473564,34.95270386968839,164011.10482272747,0.0
2022-09-22 00:00:00+00:00,9.0,9.0,18.421599,300.8101970818529,2.0,7.0,0.06111954050366121,23.441683953812273,0.0,0.0,0.0,0.0,0.0,0.0,0.0,0.0,2.0,27.892828020494022,1.707139,40075.99357225478,711.7259957860941,1.3241944222401705,0.0808440999355986,2.648388844480341,4.515554517763945,-1.8671656732836044,3239.9076293737726,57.53884753009442,164034.54650668128,0.0
2022-09-23 00:00:00+00:00,6.0,6.0,1560.126922,27711.39090347067,2.0,4.0,0.052782359,2237.097280693652,0.0,0.0,0.0,0.0,0.0,0.0,0.0,9.999996737325098,0.612231,0.0,0.0,30276.518387022,100.46241701489441,1.3585316199181428,0.08072843721509014,1.63901928095436,0.0,1.63901928095436,2444.1760136982275,8.110173924463107,166271.64378737492,0.0
2022-09-24 00:00:00+00:00,23.0,11.0,473.12023700000003,8748.922265442798,18.0,5.0,0.0544004,601.5092659141909,0.0,0.0,0.0,0.0,0.0,0.0,0.0,0.0,0.0,0.6642409072474166,0.036507,36.21,50071.03374715988,1.3241944222401705,0.07847632936852217,0.0,0.10046955398991614,-0.10046955398991614,2.8416278864341877,3929.390936164508,166873.1530532891,0.0
2022-09-25 00:00:00+00:00,7.0,6.0,131.875111,2441.6512633311763,1.0,6.0,0.053661467889908256,198.48357351186667,0.0,0.0,0.0,0.0,0.0,0.0,0.0,0.0,0.0,0.0,0.0,136.5051446508682,90.57485574443834,1.3241944222401705,0.07847632936852217,0.0,0.0,0.0,10.712422692119295,7.107982211906926,167071.63662680096,0.0
2022-09-26 00:00:00+00:00,11.0,8.0,83.252031,1539.394704010136,5.0,6.0,0.05422838707408018,100.018330896723,0.0,0.0,0.0,0.0,0.0,0.0,0.0,0.0,0.0,0.0,0.0,54.98947999999949,594.0,1.2725108148218987,0.07792848839972537,0.0,0.0,0.0,4.285247054286891,46.28952210943687,167171.65495769767,0.0
2022-09-27 00:00:00+00:00,7.0,7.0,24.884639,459.7299258381063,1.0,6.0,0.05402289524851845,36.10543855592505,0.0,0.0,0.0,0.0,0.0,0.0,0.0,0.0,0.0,28.622864303860243,1.549521,138.67999999999998,10.99947999999987,1.2725108148218987,0.07792848839972537,0.0,4.20231877916393,-4.20231877916393,10.807122771273912,0.8571728495830011,167207.76039625358,0.0
2022-09-28 00:00:00+00:00,22.0,18.0,554.547919,10161.188693067226,12.0,10.0,0.056071121083065195,673.2225344794954,0.0,0.0,0.0,0.0,0.0,0.0,0.0,0.0,0.0,0.0,0.0,4630.767348813376,6937.044459867508,1.2725108148218987,0.07792848839972537,0.0,0.0,0.0,360.86869962383014,540.5933887191642,167880.98293073307,0.0
2022-09-29 00:00:00+00:00,29.0,11.0,944.7138280000001,16093.237119508321,25.0,4.0,0.06034965559956703,1069.3191831460833,0.0,0.0,0.0,0.0,0.0,0.0,0.0,1184.6015017164689,47.526602999999994,109.28853145484112,6.645164,21.0,10608.213353547608,1.271366597481204,0.06875238431253196,141.86791324916314,15.96228665992006,125.90562658924307,1.443800070563171,729.3399613524385,168950.30211387915,0.0
2022-09-30 00:00:00+00:00,4.0,4.0,236.59045700000001,3984.4458281808306,1.0,3.0,0.058641990663481164,325.844618524438,0.0,0.0,0.0,0.0,0.0,0.0,0.0,0.0,0.0,0.0,0.0,3936.5004799999992,38.466974818140564,1.271366597481204,0.06875238431253196,0.0,0.0,0.0,270.6437938474265,2.644696236037289,169276.14673240358,0.0
2022-10-01 00:00:00+00:00,21.0,18.0,237.940714,4078.573593304388,6.0,15.0,0.05827,305.28838778449216,0.0,0.0,0.0,0.0,0.0,0.0,0.0,0.0,0.0,0.0,0.0,5153.786509206926,1177.288733729659,1.2830439257423265,0.0748517541244494,0.0,0.0,0.0,385.7699605970612,88.12212683061682,169581.43512018808,0.0
2022-10-02 00:00:00+00:00,21.0,19.0,2283.9059669999997,35995.98562416127,7.0,14.0,0.06653642870375243,2556.8141508856393,0.0,0.0,0.0,0.0,0.0,0.0,0.0,0.0,0.0,5.172136445740286,0.338357,7154.086777325012,9743.259745746349,1.2140024539150698,0.07103053594869344,0.0,0.7781458520400442,-0.7781458520400442,508.1586180168566,692.0689616276937,172138.24927107373,0.0
2022-10-03 00:00:00+00:00,26.0,14.0,2703.314965,46346.46183453436,10.0,16.0,0.05596337203096415,3576.3816940944803,0.0,0.0,0.0,0.0,0.0,0.0,0.0,0.0,0.0,506.93991385093386,33.713533999999996,35197.79622,4611.116276543049,1.2830439257423265,0.0748517541244494,0.0,81.20128680144705,-81.20128680144705,2634.6167883819144,345.15014177104695,175714.6309651682,0.0
2022-10-04 00:00:00+00:00,17.0,13.0,645.164202,11872.43503086065,4.0,13.0,0.05261390913221263,954.4846935925692,0.0,0.0,0.0,0.0,0.0,0.0,0.0,0.0,0.0,0.0,0.0,6868.950825901181,21.999869999999873,1.2830439257423265,0.0748517541244494,0.0,0.0,0.0,514.1530183132888,1.646728860009841,176669.11565876077,0.0
2022-10-05 00:00:00+00:00,9.0,8.0,185.26761499999998,3484.6820315183527,1.0,8.0,0.053312219922317834,211.5815485473703,0.0,0.0,0.0,0.0,0.0,0.0,0.0,5.331217667983334,0.284771,0.0,0.0,319.23208999999923,3150.1196495995755,1.2830439257423265,0.0748517541244494,0.7644246958453771,0.0,0.7644246958453771,23.895081909314044,235.79198147442412,176880.69720730814,0.0
2022-10-06 00:00:00+00:00,10.0,9.0,77.33911,1445.725164264229,2.0,8.0,0.053288902505212045,102.14242395540285,0.0,0.0,0.0,0.0,0.0,0.0,0.0,10.999869960297378,0.587552,0.0,0.0,984.950267375174,698.9039868890543,1.3207085516681385,0.0748517541244494,1.5993445126188144,0.0,1.5993445126188144,73.72525523837722,52.3141893832169,176982.83963126355,0.0
2022-10-07 00:00:00+00:00,12.0,11.0,55.610239,1037.992589399548,1.0,11.0,0.053509,63.68981597823144,0.0,0.0,0.0,0.0,0.0,0.0,0.0,0.0,0.0,0.0,0.0,320.48905284599766,889.2271660350054,1.2830439257423265,0.07103053594869344,0.0,0.0,0.0,22.764509189340348,63.16228218360424,177046.52944724177,0.0
2022-10-08 00:00:00+00:00,6.0,6.0,38.146838,713.1256929005496,1.0,5.0,0.05342313370251554,53.82862456870142,0.0,0.0,0.0,0.0,0.0,0.0,0.0,0.0,0.0,0.0,0.0,241.34973999999974,0.0,1.3207085516681385,0.07103053594869344,0.0,0.0,0.0,17.143201383277795,0.0,177100.35807181048,0.0
2022-10-09 00:00:00+00:00,16.0,16.0,3603.146772,59920.03187272922,3.0,13.0,0.0717695270107546,4229.146354626322,0.0,0.0,0.0,0.0,0.0,0.0,0.0,0.0,0.0,0.0,0.0,7282.0651764878685,81002.93157426841,1.3207085516681385,0.07065134264809318,0.0,0.0,0.0,514.4876819697915,5722.965874153684,181329.5044264368,0.0
2022-10-10 00:00:00+00:00,19.0,16.0,65.587334,918.4132026667146,5.0,14.0,0.07118827586206897,74.90178530133906,0.0,0.0,0.0,0.0,0.0,0.0,0.0,0.0,0.0,0.0,0.0,566.9656868514996,89.17706710566213,1.1737369089405283,0.07065134264809318,0.0,0.0,0.0,40.0568870114568,6.3004795244341345,181404.40621173813,0.0
2022-10-11 00:00:00+00:00,23.0,21.0,313.17550800000004,4466.712528670828,3.0,20.0,0.06907581190558844,365.45238996665427,0.0,0.0,0.0,0.0,0.0,0.0,0.0,0.0,0.0,0.0,0.0,3215.007338493854,0.14414409819697316,1.166925192523849,0.07065134264809318,0.0,0.0,0.0,227.1445850880634,0.010183974072414741,181769.8586017048,0.0
2022-10-12 00:00:00+00:00,17.0,12.0,409.83567,6053.630600915902,4.0,13.0,0.06636846338757396,495.07457412145783,0.0,0.0,0.0,0.0,0.0,0.0,0.0,0.0,0.0,0.0,0.0,5859.1591229589985,3139.292134113355,1.1737369089405283,0.07548266049672145,0.0,0.0,0.0,442.2649188745823,236.96212235930653,182264.93317582624,0.0
2022-10-13 00:00:00+00:00,25.0,14.0,7657.274142,103649.25327475158,6.0,19.0,0.059297004520054014,8574.718604745573,0.0,0.0,0.0,0.0,0.0,0.0,0.0,0.0,0.0,0.0,0.0,58583.299999999996,25486.803057945806,1.166925192523849,0.08155564955278671,0.0,0.0,0.0,4777.79908444577,2078.592778414721,190839.65178057182,0.0
2022-10-14 00:00:00+00:00,30.0,23.0,466.59227000000004,8087.594610149002,8.0,22.0,0.056775266666666664,649.6735774312668,0.0,0.0,0.0,0.0,0.0,0.0,0.0,130.0661261954957,7.4,0.0,0.0,1763.989513571666,36.32674634628114,1.1737369089405283,0.08155564955278671,19.29328053284829,0.0,19.29328053284829,143.8633105836415,2.9626513944102797,191489.3253580031,0.0
2022-10-15 00:00:00+00:00,13.0,13.0,201.51252100000002,3585.716622963097,3.0,10.0,0.05563862385321101,291.2427816541414,0.0,0.0,0.0,0.0,0.0,0.0,0.0,0.0,0.0,0.0,0.0,7828.988889999999,585.3204450575196,1.1737369089405283,0.08155564955278671,0.0,0.0,0.0,638.4982742655005,47.736189093192216,191780.56813965723,0.0
2022-10-16 00:00:00+00:00,17.0,15.0,85.054458,1526.7087545638972,2.0,15.0,0.055441975983541975,117.50740221213616,0.0,0.0,0.0,0.0,0.0,0.0,0.0,64.43457158133829,3.6,11.88202402599001,0.663767,15942.498699999998,0.0,1.2079831268016712,0.08155564955278671,9.603742595457593,1.770865523569198,7.8328770718883955,1300.2008369729576,0.0,191898.07554186936,0.0
2022-10-17 00:00:00+00:00,15.0,13.0,1032.6102959999998,19726.259323362003,6.0,9.0,0.049733496850417905,1600.867864087012,0.0,0.0,0.0,0.0,0.0,0.0,0.0,0.0,8.0,8.802692644951664,0.483101,4902.999757747999,586.7237382648722,1.3815548881886492,0.08122303357410036,11.052439105509194,1.38241194828222,9.670027157226974,398.2365139373717,47.65548189180939,193498.94340595638,0.0
2022-10-18 00:00:00+00:00,13.0,13.0,235.260312,4717.047777398023,4.0,9.0,0.05021064604185624,317.1067746103152,0.0,0.0,0.0,0.0,0.0,0.0,0.0,0.0,0.0,0.0,0.0,1436.273655363374,1115.380226520752,1.3815548881886492,0.08115415283986907,0.0,0.0,0.0,116.55957174723669,90.5177373776329,193816.0501805667,0.0
2022-10-19 00:00:00+00:00,14.0,14.0,79.57356200000001,1587.5659281981968,2.0,12.0,0.04991163017912523,125.04015718816477,0.0,0.0,0.0,0.0,0.0,0.0,0.0,0.0,0.0,0.0,0.0,22417.498209999994,27.8098802787046,1.392379641075637,0.08032964172264534,0.0,0.0,0.0,1800.7895995273427,2.233957719138001,193941.09033775487,0.0
2022-10-20 00:00:00+00:00,33.0,17.0,3051.465775,66853.4319297161,14.0,19.0,0.044812000000000005,4761.833806549639,0.0,0.0,0.0,0.0,0.0,0.0,0.0,72.0,0.0,0.0,0.0,9721.658017999835,276.61014823248456,1.445283797795083,0.0787621823870198,5.670877131865426,0.0,5.670877131865426,765.6990019179365,21.786418945187535,198702.9241443045,0.0
2022-10-21 00:00:00+00:00,23.0,17.0,1011.547048,23296.876082250226,5.0,18.0,0.04305996343593202,1648.0114334131792,0.0,0.0,0.0,0.0,0.0,0.0,0.0,113.0,0.0,6.446092700685741,0.275937,11005.314629263972,970.5446358170672,1.550311739373759,0.07696779222681671,8.697360521630289,0.9239298940887568,7.773430627541532,847.0547697759358,74.70067787641952,200350.93557771767,0.0
2022-10-22 00:00:00+00:00,21.0,11.0,3407.745635,74520.0375444959,5.0,16.0,0.042300860706860705,5092.866150264532,0.0,0.0,0.0,0.0,0.0,0.0,0.0,881.0893362686999,0.0,86.08933626869984,4.323425,31408.98789049999,32233.41009342063,1.550311739373759,0.0712279634582682,62.75819904721674,12.834624629695512,49.92357441752123,2237.198241725722,2295.920156269538,205443.8017279822,0.0
2022-10-23 00:00:00+00:00,29.0,15.0,206.906678,4865.978476402408,17.0,12.0,0.0428807619047619,274.8109638149174,0.0,0.0,0.0,0.0,0.0,0.0,0.0,80.0,0.0,0.0,0.0,827.7966214999808,1.6187823100378957,1.550311739373759,0.07073958875837395,5.659167100669916,0.0,5.659167100669916,58.55799258047998,0.11451199490141135,205718.6126917971,0.0
2022-10-24 00:00:00+00:00,33.0,14.0,305.055461,7126.778285330956,17.0,16.0,0.04249446591782157,507.67077320194034,0.0,0.0,0.0,0.0,0.0,0.0,0.0,88.77382347832604,0.0,99.17593973284508,4.275799,253.99934999999948,133.99986999999987,1.5605070342136278,0.07073958875837395,6.279823765365266,13.688079607810337,-7.4082558424450715,17.967809563894253,9.479095697475563,206226.28346499905,0.0
2022-10-25 00:00:00+00:00,37.0,12.0,1248.962863,30032.79137530358,18.0,19.0,0.04163094654755059,2038.840045698582,0.0,0.0,0.0,0.0,0.0,0.0,0.0,19.999999999999815,0.843513,588.9590222045184,24.869298,104.29908999999948,57.44649340402666,1.5713781568326017,0.07073958875837395,2.740269678371804,80.74179067924237,-78.00152100087057,7.378074734472596,4.063741319011488,208265.12351069762,0.0
2022-10-26 00:00:00+00:00,27.0,11.0,865.045198,21164.78151846853,15.0,12.0,0.0399432666,1573.365615493561,0.0,0.0,0.0,0.0,0.0,0.0,0.0,0.0,0.0,0.0,0.0,810.9993499999994,232.78806006520875,1.6291989944230247,0.07073958875837395,0.0,0.0,0.0,57.36976050230854,16.467331636872522,209838.48912619118,0.0
2022-10-27 00:00:00+00:00,16.0,12.0,746.34435,19327.534260982207,4.0,12.0,0.03788853868273033,1401.6308364043832,0.0,0.0,0.0,0.0,0.0,0.0,0.0,91.17071613054328,0.5,2.747486494243539,0.106964,3734.999022999999,17.0,1.6324264764776932,0.07073958875837395,7.265592204119929,0.3689669303519345,6.896625273767994,264.2122948999484,1.2025730088923572,211240.11996259558,0.0
2022-10-28 00:00:00+00:00,35.0,33.0,270.71538599999997,7228.151932444311,4.0,31.0,0.03696321229075072,575.5834676337463,0.0,0.0,0.0,0.0,0.0,0.0,0.0,200.0,0.0,0.0,0.0,5932.3826791449965,715.2423991225469,1.6641917228354104,0.071234259419418,14.246851883883599,0.0,14.246851883883599,422.58888674147664,50.94976260686241,211815.70343022933,0.0
2022-10-29 00:00:00+00:00,17.0,17.0,13.755866,373.4302202754576,1.0,16.0,0.03678091743119266,29.2225679242142,0.0,0.0,0.0,0.0,0.0,0.0,0.0,0.0,0.0,6.422550213567366,0.237032,332.91203999999834,168.4764157884329,1.8188247494248977,0.07251989920069368,0.0,0.8968823621049814,-0.8968823621049814,24.142747583497183,12.217892690671311,211844.92599815354,0.0
2022-10-30 00:00:00+00:00,18.0,17.0,53.213846,1449.5000783613011,2.0,16.0,0.03664161485544872,105.89846493622483,0.0,0.0,0.0,0.0,0.0,0.0,0.0,621.4933086121932,0.0,621.4833086121934,22.801463,1504.9144521658964,0.0,1.8779948376434863,0.07305861277078778,45.405438973533926,88.22573819212519,-42.820299218591266,109.94696221395044,0.0,211950.82446308978,0.0
2022-10-31 00:00:00+00:00,15.0,13.0,193.851241,5353.899879747176,3.0,12.0,0.035775,431.6154454216905,0.0,0.0,0.0,0.0,0.0,0.0,0.0,0.0,0.0,0.0,0.0,206.39995999999937,95.63779037363145,1.9900547112536244,0.0743388545788026,0.0,0.0,0.0,15.343536611510626,7.109603790823395,212382.43990851147,0.0
2022-11-01 00:00:00+00:00,16.0,12.0,211.933926,5876.945206865305,5.0,11.0,0.03572636687137812,412.27674575130686,0.0,0.0,0.0,0.0,0.0,0.0,0.0,68.27490860806525,0.11722,3.2749086080649863,0.117219,3138.303417199642,74.21665197817057,1.9900547112536244,0.0743388545788026,5.30875271564915,0.47672517797225045,4.8320275376768995,233.29788135536344,5.517180898730825,212794.71665426277,0.0
2022-11-02 00:00:00+00:00,16.0,13.0,166.806119,4677.927814743045,4.0,12.0,0.03551914406779661,355.67125172137906,0.0,0.0,0.0,0.0,0.0,0.0,0.0,87.70280781557626,0.0,27.711807815576268,0.993457,3882.7233955005076,13160.0,2.12437137176345,0.0760317956597019,6.668201962616002,4.217450119072827,2.450751843543175,295.21043180983855,1000.578430881677,213150.38790598416,0.0
2022-11-03 00:00:00+00:00,12.0,11.0,105.66866,3004.940023558342,4.0,8.0,0.0349039,233.22237029392593,0.0,0.0,0.0,0.0,0.0,0.0,0.0,0.0,0.0,6.386424526996309,0.225907,2644.35725096732,211.09055266578662,2.126157201991269,0.07761298677028249,0.0,0.9759832773534137,-0.9759832773534137,205.23646433522717,16.383368271381315,213383.61027627808,0.0
2022-11-04 00:00:00+00:00,18.0,18.0,41.001652,1174.2651948498176,4.0,14.0,0.03483850284789588,87.9871162084034,0.0,0.0,0.0,0.0,0.0,0.0,0.0,106.0,0.0,0.0,0.0,2878.6501327959995,7.202212885725163,2.13224343239698,0.0760317956597019,8.059370339928401,0.0,8.059370339928401,218.8689386725192,0.5475971784251276,213471.5973924865,0.0
2022-11-05 00:00:00+00:00,18.0,18.0,42.759507,1228.5184575987416,3.0,15.0,0.03461875004375057,93.54593086944104,0.0,0.0,0.0,0.0,0.0,0.0,0.0,800.0,0.0,14.286426406075,0.49853000000000003,1809.0512940393203,27.99327421844584,2.1459407588846275,0.0760317956597019,60.825436527761525,2.1560384997408173,58.66939802802071,137.5454183263169,2.128378905222876,213565.14332335594,0.0
2022-11-06 00:00:00+00:00,17.0,16.0,197.491999,5683.022777789974,4.0,13.0,0.03437543689320388,409.0071759844747,0.0,0.0,0.0,0.0,0.0,0.0,0.0,0.0,0.0,0.0,0.0,231.6416999999987,2110.84673011748,2.1459407588846275,0.0760317956597019,0.0,0.0,0.0,17.612134400665873,160.49146725324218,213974.1504993404,0.0
2022-11-07 00:00:00+00:00,15.0,11.0,5.7245740000000005,166.57480735674312,3.0,12.0,0.03434444444444445,13.39165931268107,0.0,0.0,0.0,0.0,0.0,0.0,0.0,41.21903802296761,0.0,41.21903802296761,1.41911,147.3294283623946,54.700609999999486,2.1459407588846275,0.0760317956597019,3.1339574762517564,6.179283466592521,-3.0453259903407646,11.201720991910276,4.158985601981008,213987.5421586531,0.0
2022-11-08 00:00:00+00:00,9.0,9.0,96.50863599999998,2828.7303499999994,0.0,9.0,0.03388985506192385,231.45350197342887,0.0,0.0,0.0,0.0,0.0,0.0,0.0,0.0,0.0,0.0,0.0,3271.726349999999,10.999869999999872,2.187722390471926,0.07614531982880064,0.0,0.0,0.0,249.12664931306446,0.8375886192252195,214218.9956606265,0.0
2022-11-09 00:00:00+00:00,13.0,12.0,244.21574299999997,7311.042108065474,3.0,10.0,0.03300478577666152,581.6313805536761,0.0,0.0,0.0,0.0,0.0,0.0,0.0,0.0,0.0,820.4391878508368,27.110224,2099.7292654537773,54.39803306128403,2.2071101336377876,0.07761298677028249,0.0,123.51198594807866,-123.51198594807866,162.96625970083898,4.221993820314827,214800.62704118018,0.0
2022-11-10 00:00:00+00:00,9.0,8.0,17.871426999999997,541.5530132429316,2.0,7.0,0.03290185230804511,26.711775596780225,0.0,0.0,0.0,0.0,0.0,0.0,0.0,260.0,0.0,0.0,0.0,374.98073999999974,139.80022728094198,2.187722390471926,0.07614531982880064,19.797783155488165,0.0,19.797783155488165,28.55302837694032,10.645133018446348,214827.33881677696,0.0
2022-11-11 00:00:00+00:00,15.0,11.0,159.797213,4898.527097765462,5.0,10.0,0.03225156297301733,388.57955222958105,0.0,0.0,0.0,0.0,0.0,0.0,0.0,0.0,0.0,37.125758613687516,1.200136,4586.970479999999,12.481410424835792,2.339328535657163,0.07932579415694925,0.0,5.752542677179407,-5.752542677179407,363.8650761004826,0.9900977941489245,215215.91836900654,0.0
2022-11-12 00:00:00+00:00,8.0,6.0,5.527105,171.34426423368834,4.0,4.0,0.032232017287477405,12.971684179358363,0.0,0.0,0.0,0.0,0.0,0.0,0.0,18.12722156896263,0.0,0.0,0.0,131.4181839339991,23.999869999999873,2.3469219744076444,0.07932579415694925,1.43795624681694,0.0,1.43795624681694,10.424851807228508,1.9038087474135317,215228.8900531859,0.0
2022-11-13 00:00:00+00:00,9.0,9.0,770.8909980000001,25297.275536695124,1.0,8.0,0.029159408870844332,1996.00106866421,0.0,0.0,0.0,0.0,0.0,0.0,0.0,0.0,0.0,1636.568408818228,47.559713,23584.131806547062,518.2504421160161,2.381629347104278,0.07932579415694925,0.0,243.0916969423376,-243.0916969423376,1870.829985056512,41.11062789304303,217224.89112185012,0.0
2022-11-14 00:00:00+00:00,10.0,10.0,6.624109,226.85783309052394,3.0,7.0,0.029266780246589442,14.13434263258065,0.0,0.0,0.0,0.0,0.0,0.0,0.0,18.48587358915394,0.0,0.0,0.0,255.18669899999986,36.10107833091166,2.381629347104278,0.07890181951684472,1.4585690615426306,0.0,1.4585690615426306,20.134694867597368,2.8484407668290657,217239.0254644827,0.0
2022-11-15 00:00:00+00:00,28.0,13.0,131.501041,4506.0936004851455,16.0,12.0,0.029113793981894637,278.61982499142584,0.0,0.0,0.0,0.0,0.0,0.0,0.0,979.1889845855399,0.0,0.0,0.0,1069.8539788805622,0.0,2.3469219744076444,0.07570538901533871,74.1298829975828,0.0,74.1298829975828,80.99371166076092,0.0,217517.6452894741,0.0
2022-11-16 00:00:00+00:00,12.0,10.0,244.656329,8596.12269603879,3.0,9.0,0.02806032777455332,699.6808168579755,0.0,0.0,0.0,0.0,0.0,0.0,0.0,71.28046309647931,1.996153,0.0,0.0,382.0364765079996,57.14173170911652,2.3469219744076444,0.07570538901533871,10.081130527892203,0.0,10.081130527892203,28.92222007208742,4.325937028048782,218217.3261063321,0.0
2022-11-17 00:00:00+00:00,15.0,12.0,26.001527000000003,925.425615231358,4.0,11.0,0.027991421716802436,33.898186639354414,0.0,0.0,0.0,0.0,0.0,0.0,0.0,827.5535517709841,0.998001,0.0,0.0,14.409999999999998,0.0,2.3469219744076444,0.07570538901533871,64.9924940452284,0.0,64.9924940452284,1.0909146557110307,0.0,218251.22429297146,0.0
2022-11-18 00:00:00+00:00,15.0,13.0,151.38858900000002,5470.3675268792185,2.0,13.0,0.027351881188118814,445.55777073144503,0.0,0.0,0.0,0.0,0.0,0.0,0.0,46.583161502593654,0.998153,0.0,0.0,4899.178429601982,11.0,2.3469219744076444,0.07570538901533871,5.869183572639116,0.0,5.869183572639116,370.8942088685743,0.8327592791687258,218696.7820637029,0.0
2022-11-19 00:00:00+00:00,12.0,11.0,1248.1853770000002,50541.40218910122,1.0,11.0,0.022294,4133.627729239058,0.0,0.0,0.0,0.0,0.0,0.0,0.0,149.01,0.0,0.0,0.0,50834.270319999996,415.4831591012199,2.5892130973673786,0.07890181951684472,11.757160126205031,0.0,11.757160126205031,4010.916422059136,32.78237723169293,222830.40979294197,0.0
2022-11-20 00:00:00+00:00,17.0,17.0,33.749953000000005,1518.2983109048068,1.0,16.0,0.022164560414583142,124.22149838855478,0.0,0.0,0.0,0.0,0.0,0.0,0.0,10.499958223724624,0.233473,16.62739729837853,0.369838,1434.3193264245072,0.0,2.859851693670984,0.08139493136602133,1.5223415334426027,2.4110676925809784,-0.8887261591383757,116.7463231312807,0.0,222954.63129133053,0.0
2022-11-21 00:00:00+00:00,5.0,4.0,66.79895699999999,3031.2426174362577,1.0,4.0,0.02191086956521739,246.85355381747897,0.0,0.0,0.0,0.0,0.0,0.0,0.0,1268.1767813276401,0.0,1429.160946344014,31.378768,18.429162916058814,160.9841863877814,2.943139728526335,0.08143642227696739,103.27577988604303,208.73785306123233,-105.4620731751893,1.5008050934431933,13.10997618258939,223201.48484514802,0.0
2022-11-22 00:00:00+00:00,14.0,4.0,7.879848,359.4733541115702,10.0,4.0,0.021842243902439024,10.54701225363248,0.0,0.0,0.0,0.0,0.0,0.0,0.0,997.7730014435284,0.0,22.358164293507567,0.489384,677.9870548077749,0.0,2.943139728526335,0.08143642227696739,81.25506348211238,3.2610944016490286,77.99396908046334,55.21284009364339,0.0,223212.03185740166,0.0
2022-11-23 00:00:00+00:00,23.0,21.0,562.270704,26756.723885677984,7.0,16.0,0.020004826958105643,2098.204069742533,0.0,0.0,0.0,0.0,0.0,0.0,0.0,71.56197946435519,5.15,0.0,0.0,25077.675446867535,37.48190275515086,3.3117097871905745,0.08143642227696739,22.88305698266636,0.0,22.88305698266636,2042.2361674158415,3.052392060512693,225310.23592714418,0.0
2022-11-24 00:00:00+00:00,33.0,20.0,366.454444,17975.847232210188,14.0,19.0,0.020113225733121166,869.2211690613664,0.0,0.0,0.0,0.0,0.0,0.0,0.0,1206.6006048491063,3.17,1166.6006048491063,23.385989,6407.848476347938,76.9016359987287,3.3117097871905745,0.08143642227696739,108.7593564015302,172.4513881394885,-63.6920317379583,521.8322544066928,6.262594102982106,226179.45709620556,0.0
2022-11-25 00:00:00+00:00,16.0,15.0,729.060743,38825.53668250648,2.0,14.0,0.017488115768641108,3163.590202084464,0.0,0.0,0.0,0.0,0.0,0.0,0.0,2025.2857563513357,0.0,1633.2757563513355,28.681735,18069.513105448703,0.0,3.6806421149254565,0.08143642227696739,164.93202608575467,238.57533595909217,-73.6433098733375,1471.516499594517,0.0,229343.04729829,0.0
2022-11-26 00:00:00+00:00,15.0,12.0,83.24913500000001,4725.985339643647,6.0,9.0,0.01753147991749014,213.13330007321403,0.0,0.0,0.0,0.0,0.0,0.0,0.0,0.0,0.0,0.0,0.0,77.78115366450639,5774.071600079411,3.6806421149254565,0.07841782419654278,0.0,0.0,0.0,6.099428833867542,452.7901316332777,229556.18059836322,0.0
2022-11-27 00:00:00+00:00,14.0,9.0,45.247293,2569.4027357276636,7.0,7.0,0.01754870296622015,119.50978721867266,0.0,0.0,0.0,0.0,0.0,0.0,0.0,0.0,0.0,0.0,0.0,235.90362215579128,227.74901352617337,2.6412582785598393,0.048354948605918525,0.0,0.0,0.0,11.407107525293311,11.012791844106756,229675.6903855819,0.0
2022-11-28 00:00:00+00:00,14.0,11.0,107.72407100000001,6095.948210870764,4.0,10.0,0.017549502770357515,306.4897671904116,0.0,0.0,0.0,0.0,0.0,0.0,0.0,0.0,0.0,0.0,0.0,93.05447765790085,25.118380017019344,2.6412582785598393,0.048354948605918525,0.0,0.0,0.0,4.499644484698389,1.2145979747869013,229982.18015277231,0.0
2022-11-29 00:00:00+00:00,11.0,7.0,225.39420700000002,12600.904774956582,4.0,7.0,0.0181725,303.1818065754279,0.0,0.0,0.0,0.0,0.0,0.0,0.0,0.0,0.0,264.96858220481283,4.690195,34.239938869318834,10.999869999999872,2.6412582785598393,0.048354948605918525,0.0,25.20055854650679,-25.20055854650679,1.6556704842957044,0.5318981485217789,230285.36195934773,0.0
2022-11-30 00:00:00+00:00,16.0,14.0,76.015683,4178.6712980463835,6.0,10.0,0.018140449585205675,259.8150399037349,0.0,0.0,0.0,0.0,0.0,0.0,0.0,94.45155333584779,0.0,0.0,0.0,55.34058510107848,0.0,2.6412582785598393,0.048354948605918525,4.567200007304092,0.0,4.567200007304092,2.6759911483841106,0.0,230545.17699925147,0.0
2022-12-01 00:00:00+00:00,12.0,9.0,25.343644,1395.0686655191168,4.0,8.0,0.018134400000000002,37.07005172840251,0.0,0.0,0.0,0.0,0.0,0.0,0.0,0.0,0.0,0.0,0.0,180.8728380065991,1181.2153302675374,2.6412582785598393,0.04651267220855787,0.0,0.0,0.0,8.412879025632531,54.9414814644574,230582.24705097987,0.0
2022-12-02 00:00:00+00:00,11.0,9.0,22.867997000000003,1254.602134312549,2.0,9.0,0.018198285714285715,30.35990940745615,0.0,0.0,0.0,0.0,0.0,0.0,0.0,0.0,0.0,0.0,0.0,44.38559390324502,0.0,2.5601863619749805,0.045098172075431125,0.0,0.0,0.0,2.0017091515187504,0.0,230612.60696038732,0.0
2022-12-03 00:00:00+00:00,12.0,7.0,19.455098,1064.0342894261564,6.0,6.0,0.018221849059588763,22.25591209033415,0.0,0.0,0.0,0.0,0.0,0.0,0.0,1183.714321117116,0.0,0.0,0.0,253.66118001815693,0.0,1.4626961982421514,0.026572205830892513,31.453900585699202,0.0,31.453900585699202,6.740337086749545,0.0,230634.86287247765,0.0
2022-12-04 00:00:00+00:00,10.0,7.0,284.29400499999997,16011.381270418766,5.0,5.0,0.01739987279975193,1226.3439510376306,0.0,0.0,0.0,0.0,0.0,0.0,0.0,3.2533787497952784,0.0,0.0,0.0,14693.426689707918,114.70008427343784,1.4626961982421514,0.026572205830892513,0.08644944978541189,0.0,0.08644944978541189,390.43675836004843,3.0478342481345075,231861.20682351527,0.0
2022-12-05 00:00:00+00:00,11.0,10.0,9.766248,558.8028691891851,2.0,9.0,0.017422637302225034,14.32382259681458,0.0,0.0,0.0,0.0,0.0,0.0,0.0,29.723058830492924,0.0,0.0,0.0,55.07262954903355,0.0,1.4626961982421514,0.02563305127190603,0.7618926909599044,0.0,0.7618926909599044,1.411679536909064,0.0,231875.53064611208,0.0
2022-12-06 00:00:00+00:00,8.0,8.0,201.46137099999999,11793.82639370044,0.0,8.0,0.016745834268950648,964.9991631364306,0.0,0.0,0.0,0.0,0.0,0.0,0.0,0.0,0.0,0.0,0.0,22.629739999999742,0.4225666640159809,1.466665867671452,0.026572205830892513,0.0,0.0,0.0,0.6013221091795747,0.011228528373506245,232840.52980924852,0.0
2022-12-07 00:00:00+00:00,7.0,7.0,1.122045,67.01302678542257,0.0,7.0,0.016742129208371245,5.483166582960177,0.0,0.0,0.0,0.0,0.0,0.0,0.0,0.0,0.0,4.191988451884888,0.070327,56.46800008833438,0.0,1.466665867671452,0.026572205830892513,0.0,0.2145365904599399,-0.2145365904599399,1.5004793212060776,0.0,232846.0129758315,0.0
2022-12-08 00:00:00+00:00,3.0,2.0,0.21794799999999998,13.018530241540986,0.0,3.0,0.01674,1.065207369430476,0.0,0.0,0.0,0.0,0.0,0.0,0.0,0.0,0.0,0.0,0.0,24.562606938629102,0.0,4.313646891842235,0.07659201478783825,0.0,0.0,0.0,1.8812995538713386,0.0,232847.0781832009,0.0
2022-12-09 00:00:00+00:00,7.0,6.0,7.078757,423.13261745696104,1.0,6.0,0.016716049382716047,34.591056363369354,0.0,0.0,0.0,0.0,0.0,0.0,0.0,0.0,0.0,0.0,0.0,411.6234698831198,11.359407573841464,4.789996009390955,0.08174991701481814,0.0,0.0,0.0,33.65018450429654,0.9286306264990364,232881.66923956427,0.0
2022-12-10 00:00:00+00:00,7.0,5.0,1.670071,99.64397291443338,3.0,4.0,0.016636055045871557,3.0947805584386896,0.0,0.0,0.0,0.0,0.0,0.0,0.0,3045.0914127844735,0.0,1919.3821005023879,32.075393,1072.5346606323476,0.0,4.789996009390955,0.08174991701481814,248.93597029766605,310.55033190544407,-61.61436160777802,87.67961950221056,0.0,232884.7640201227,0.0
2022-12-11 00:00:00+00:00,22.0,9.0,941.669958,51537.74764386796,14.0,8.0,0.01988,986.4951109291239,0.0,0.0,0.0,0.0,0.0,0.0,0.0,0.0,0.0,0.0,0.0,314.7627764047853,51303.91787262737,4.789996009390955,0.08174991701481814,0.0,0.0,0.0,25.731830850444958,4194.0910286223325,233871.25913105183,0.0
2022-12-12 00:00:00+00:00,18.0,9.0,10.823097,542.3041148664304,10.0,8.0,0.019984161150905608,14.959473047624106,0.0,0.0,0.0,0.0,0.0,0.0,0.0,633.2027947982331,0.219119,312.78417844206547,6.232455,22.97536571492593,144.0,4.789996009390955,0.08174991701481814,52.81385506388821,55.423515209895626,-2.609660146007414,1.8782342405802925,11.771988050133812,233886.21860409947,0.0
2022-12-13 00:00:00+00:00,9.0,5.0,411.573672,21074.101370305987,4.0,5.0,0.01889453559215876,1544.505332769344,0.0,0.0,0.0,0.0,0.0,0.0,0.0,1.2075268005440645,0.023176,6.627455566834599,0.12497,18214.489999999998,2854.095512334867,3.7526825398329757,0.0732892618114477,0.17547091837258277,0.9546940631844043,-0.7792231448118215,1334.9265263719958,209.17455323838803,235430.7239368688,0.0
2022-12-14 00:00:00+00:00,2.0,2.0,0.21294400000000002,11.315443313165561,0.0,2.0,0.0188188752344135,0.9258567120807353,0.0,0.0,0.0,0.0,0.0,0.0,0.0,0.5598666773336048,0.010557,0.0,0.0,22.87407260849668,0.0,3.7526825398329757,0.0732892618114477,0.0806492850676246,0.0,0.0806492850676246,1.6764238960981774,0.0,235431.64979358087,0.0
2022-12-15 00:00:00+00:00,5.0,3.0,1.148847,60.84935197577291,3.0,2.0,0.01889495466434429,1.7655066123874914,0.0,0.0,0.0,0.0,0.0,0.0,0.0,49.15973841359227,0.01537,0.0,0.0,0.6808534431716877,0.0,1.8530832272632058,0.03105838183606198,1.555303815813308,0.0,1.555303815813308,0.0211462062124238,0.0,235433.41530019327,0.0
2022-12-16 00:00:00+00:00,4.0,3.0,0.377778,20.074616220427444,0.0,4.0,0.018816666666666666,1.6425532483117489,0.0,0.0,0.0,0.0,0.0,0.0,0.0,0.9029278588449068,0.017026,3.714702774744667,0.070044,13.697276680401425,0.0,1.8530832272632058,0.03105838183606198,0.05959407323780633,0.2451700187559228,-0.18557594551811646,0.4254152492540949,0.0,235435.0578534416,0.0
2022-12-17 00:00:00+00:00,18.0,9.0,3233.9033979999995,131643.48568070406,4.0,14.0,0.030122953287503945,2890.219308790707,0.0,0.0,0.0,0.0,0.0,0.0,0.0,1490.2107437457332,0.0,955.7465511892714,29.512007,545.0759734855029,123784.86671169974,1.5367639140699254,0.02901438643242126,43.2375503847846,73.08338715703844,-29.845836772253847,15.815044929736587,3591.5419572590154,238325.27716223232,0.0
2022-12-18 00:00:00+00:00,6.0,4.0,22.67543,754.0421822470532,1.0,5.0,0.03001960784313725,61.54463478650234,0.0,0.0,0.0,0.0,0.0,0.0,0.0,2.609568925115541,0.0,0.0,0.0,567.0917687169101,0.0,2.714155135602824,0.0732892618114477,0.19125338016781102,0.0,0.19125338016781102,41.56173710861057,0.0,238386.8217970188,0.0
2022-12-19 00:00:00+00:00,12.0,10.0,950.015586,34047.84214315996,4.0,8.0,0.02607028826421216,2749.2944408050635,0.0,0.0,0.0,0.0,0.0,0.0,0.0,1033.3551928584584,0.0,489.66865291079733,12.735138000000001,33973.3804256659,580.3676310741514,2.8939466692129234,0.08074797895400201,83.44134336494349,76.39456427674251,7.046779088200978,2743.281807607974,46.86351325955958,241136.11623782388,0.0
2022-12-20 00:00:00+00:00,7.0,5.0,626.051052,25347.516488793088,1.0,6.0,0.023549999999999998,2041.4851497178656,0.0,0.0,0.0,0.0,0.0,0.0,0.0,2.0939028128014567,0.0,1.0459055708797216,0.025969,24676.37669862301,0.0,2.8939466692129234,0.08074797895400201,0.16907842025981765,0.15960766207805963,0.009470758181758021,1992.5675463214366,0.0,243177.60138754174,0.0
2022-12-21 00:00:00+00:00,7.0,6.0,276.627072,12023.727542231018,1.0,6.0,0.02300567025,983.6801579051003,0.0,0.0,0.0,0.0,0.0,0.0,0.0,0.0,0.0,0.0,0.0,12067.60779,2.0198822310184052,2.8939466692129234,0.08074797895400201,0.0,0.0,0.0,974.4349398520708,0.16310140787983682,244161.28154544684,0.0
2022-12-22 00:00:00+00:00,9.0,7.0,25.701843,1136.8852783203306,5.0,4.0,0.02256581214141648,20.309862784832823,0.0,0.0,0.0,0.0,0.0,0.0,0.0,12.970075903794504,0.0,0.0,0.0,11.668114665421777,3.5282830594139694,2.8939466692129234,0.08074797895400201,1.0473074161114073,0.0,1.0473074161114073,0.9421766774363599,0.28490172622532106,244181.59140823167,0.0
2022-12-23 00:00:00+00:00,5.0,4.0,0.530934,23.529844888497923,1.0,4.0,0.02265381748227384,1.9242110670209795,0.0,0.0,0.0,0.0,0.0,0.0,0.0,0.0,0.0,0.0,0.0,12.512730385765213,0.01624450273283753,2.8939466692129234,0.08074797895400201,0.0,0.0,0.0,1.0103776898468708,0.0013117107647893933,244183.5156192987,0.0
2022-12-24 00:00:00+00:00,12.0,7.0,14.021313,618.4669221619988,7.0,5.0,0.022588636363636363,12.832649193245647,0.0,0.0,0.0,0.0,0.0,0.0,0.0,524.7482267189632,0.0,0.0,0.0,11.14,0.0,2.8939466692129234,0.08074797895400201,42.37235876725272,0.0,42.37235876725272,0.8995324855475825,0.0,244196.34826849194,0.0
2022-12-25 00:00:00+00:00,9.0,2.0,27.723937,1223.7525513716955,8.0,1.0,0.022675397758526755,61.058758888241165,0.0,0.0,0.0,0.0,0.0,0.0,0.0,49.621857222080514,0.019951,0.0,0.0,1.1400000000000001,0.0,2.8939466692129234,0.0805398489678651,4.054274016168798,0.0,4.054274016168798,0.09181542782336623,0.0,244257.4070273802,0.0
2022-12-26 00:00:00+00:00,6.0,5.0,685.409116,28630.037791892522,4.0,2.0,0.02485303925787353,698.6625887368846,0.0,0.0,0.0,0.0,0.0,0.0,0.0,0.6404499999997774,0.016041,0.0,0.0,2830.3835765201684,51.31175505506867,2.2023841306608496,0.04989469384133323,0.06728350051060145,0.0,0.06728350051060145,141.22112200401156,2.5601843089341343,244956.06961611708,0.0
2022-12-27 00:00:00+00:00,9.0,9.0,200.155576,8235.070577457946,0.0,9.0,0.02390214557853526,673.8132265420734,0.0,0.0,0.0,0.0,0.0,0.0,0.0,0.0,0.0,1.5110469307064727,0.036197,8228.7,0.0,2.2023841306608496,0.04989469384133323,0.0,0.1551129223650165,-0.1551129223650165,410.5684672121788,0.0,245629.88284265916,0.0
2022-12-28 00:00:00+00:00,5.0,3.0,4.1256330000000005,172.2079799028102,1.0,4.0,0.02387272727272727,3.3940294605662022,0.0,0.0,0.0,0.0,0.0,0.0,0.0,1012.0,0.0,0.0,0.0,1013.8349999999999,176.87284990281006,1.0193365866130157,0.024403131906962847,24.6959694898464,0.0,24.6959694898464,24.740749236895677,4.3162514869387145,245633.27687211972,0.0
2022-12-29 00:00:00+00:00,7.0,5.0,1314.507943,49441.58309859268,3.0,4.0,0.029492490950588268,921.3938630977173,0.0,0.0,0.0,0.0,0.0,0.0,0.0,0.0,0.0,0.0,0.0,15.673846481094271,0.0,1.0193365866130157,0.024403131906962847,0.0,0.0,0.0,0.38249094316762894,0.0,246554.67073521743,0.0
2022-12-30 00:00:00+00:00,10.0,9.0,6.825875,232.42050396143352,1.0,9.0,0.029348775495240106,17.990946549857053,0.0,0.0,0.0,0.0,0.0,0.0,0.0,0.0,0.0,0.0,0.0,55.176029999999145,0.0,1.0193365866130157,0.024403131906962847,0.0,0.0,0.0,1.3464679381925184,0.0,246572.6616817673,0.0
2022-12-31 00:00:00+00:00,9.0,5.0,1442.76189,55116.583916158226,1.0,8.0,0.023338260869565218,4507.6858427747065,0.0,0.0,0.0,0.0,0.0,0.0,0.0,0.0,0.0,0.0,0.0,55072.15000000001,0.0,2.2023841306608496,0.04989469384133323,0.0,0.0,0.0,2747.8080634339804,0.0,251080.347524542,0.0
2023-01-01 00:00:00+00:00,8.0,7.0,804.751842,33374.32531095056,2.0,6.0,0.02571340938174293,890.7861166232885,0.0,0.0,0.0,0.0,0.0,0.0,0.0,0.0,0.0,0.0,0.0,7565.68131933564,0.0,1.1069078318720873,0.026690760287250204,0.0,0.0,0.0,201.93378650411444,0.0,251971.1336411653,0.0
2023-01-02 00:00:00+00:00,103.0,20.0,6346.410828,369949.0323761635,40.0,63.0,0.02013393142857143,19403.285374494924,0.0,0.0,0.0,0.0,0.0,0.0,0.0,4137.472579700001,0.0,3167.4495471352866,55.242456,202028.6158371577,35033.927976422325,2.6356982144936807,0.052448536626433714,217.00438213726068,311.73053622875165,-94.72615409149097,10596.105257322872,1837.478254639227,271374.41901566024,0.0
2023-01-03 00:00:00+00:00,10.0,9.0,101.19799,5077.890114846191,1.0,9.0,0.01974614540498936,415.4838133349732,0.0,0.0,0.0,0.0,0.0,0.0,0.0,0.0,0.0,0.0,0.0,34.26702338601251,11.019701031868502,2.6356982144936807,0.052448536626433714,0.0,0.0,0.0,1.7972552311401377,0.5779671931823045,271789.9028289952,0.0
2023-01-04 00:00:00+00:00,15.0,8.0,509.12717,25844.962446212743,6.0,9.0,0.01971641791044776,1256.0106949681015,0.0,0.0,0.0,0.0,0.0,0.0,0.0,0.0,1.0,0.0,0.0,13145.176525429972,53321.14589126958,2.6356982144936807,0.052448536626433714,2.6356982144936807,0.0,2.6356982144936807,689.4452724549506,2796.6160732416683,273045.9135239633,0.0
2023-01-05 00:00:00+00:00,13.0,9.0,701.351027,33299.13689700581,7.0,6.0,0.02232451442084381,511.7014466070818,0.0,0.0,0.0,0.0,0.0,0.0,0.0,0.0,0.0,0.0,0.0,10.98953999999992,185965.88652272618,2.6356982144936807,0.052448536626433714,0.0,0.0,0.0,0.5763852911976541,9753.63861055442,273557.6149705704,0.0
2023-01-06 00:00:00+00:00,6.0,4.0,132.130755,5874.030458884006,3.0,3.0,0.022595448855304918,185.07201790912694,0.0,0.0,0.0,0.0,0.0,0.0,0.0,0.0,0.371314,0.0,0.0,77.2569989328492,0.0,2.466988149479631,0.048597892048868274,0.9160272377358797,0.0,0.9160272377358797,3.754527294158137,0.0,273742.6869884795,0.0
2023-01-07 00:00:00+00:00,49.0,10.0,3996.289741,132869.33004262103,26.0,23.0,0.034962744549854013,3671.5059246804785,0.0,0.0,0.0,0.0,0.0,0.0,0.0,9540.016404703088,0.0,4816.354128007585,173.85965399999998,1518.64979,153108.098048479,1.400673279352161,0.031506819585727576,300.5755757078616,395.26857228732126,-94.69299657945965,47.84782494743307,4823.949222327316,277414.19291316,0.0
2023-01-08 00:00:00+00:00,5.0,4.0,2.345435,67.16791871835389,3.0,2.0,0.03482784671343792,2.9348915651491065,0.0,0.0,0.0,0.0,0.0,0.0,0.0,0.0,0.0,0.0,0.0,57.25582009947958,0.5,1.400673279352161,0.04369484154266546,0.0,0.0,0.0,2.50178398664212,0.02184742077133273,277417.12780472514,0.0
2023-01-09 00:00:00+00:00,6.0,5.0,503.400404,13914.714728460141,5.0,1.0,0.037385642873974605,379.3236540072558,0.0,0.0,0.0,0.0,0.0,0.0,0.0,0.0,0.0,0.0,0.0,82.49419340557913,45592.0,1.2513207849073227,0.031506819585727576,0.0,0.0,0.0,2.599129668499699,1436.4589185524917,277796.4514587324,0.0
2023-01-10 00:00:00+00:00,13.0,7.0,1253.630779,36170.55212762848,8.0,5.0,0.031785238095238096,2885.4774562904977,0.0,0.0,0.0,0.0,0.0,0.0,0.0,0.0,0.0,0.0,0.0,3686.1024014279997,1389.5193832424484,1.2513207849073227,0.031506819585727576,0.0,0.0,0.0,116.13736333630915,43.779336518691274,280681.92891502293,0.0
2023-01-11 00:00:00+00:00,5.0,5.0,280.355945,8613.41925431545,3.0,2.0,0.033181580805091204,218.92878237862774,0.0,0.0,0.0,0.0,0.0,0.0,0.0,0.0,0.0,0.0,0.0,17.0,50.0,0.9187286614913337,0.027632456064185427,0.0,0.0,0.0,0.46975175309115225,1.3816228032092714,280900.85769740155,0.0
2023-01-12 00:00:00+00:00,12.0,5.0,91.304183,2778.826700853764,8.0,4.0,0.032723049630890524,212.58268006776748,0.0,0.0,0.0,0.0,0.0,0.0,0.0,1103.811640170673,0.0,589.2212130091218,19.510354,261.2497899999998,24.1265309703132,1.2513207849073227,0.031506819585727576,34.77759420348344,42.97819793546168,-8.20060373197824,8.231150000339209,0.7601502585111269,281113.4403774693,0.0
2023-01-13 00:00:00+00:00,7.0,7.0,195.021568,5893.969599730077,2.0,5.0,0.03298265740419275,256.72348827645715,0.0,0.0,0.0,0.0,0.0,0.0,0.0,0.0,0.0,0.0,0.0,1796.000029999999,7600.423550761497,1.2513207849073227,0.04355697530035007,0.0,0.0,0.0,78.22832894613794,331.0514608727175,281370.16386574577,0.0
2023-01-14 00:00:00+00:00,5.0,5.0,4.761664,143.87966070066773,2.0,3.0,0.03299499354078641,5.796283445730312,0.0,0.0,0.0,0.0,0.0,0.0,0.0,21.74040683396704,0.718853,0.0,0.0,30.99978999999979,90.03386501511146,1.2513207849073227,0.04355697530035007,1.8464620636796476,0.0,1.8464620636796476,1.35025708734603,3.921602834658262,281375.9601491915,0.0
2023-01-15 00:00:00+00:00,7.0,7.0,94.605975,2855.6482945658763,2.0,5.0,0.03318889706149426,118.2156666470762,0.0,0.0,0.0,0.0,0.0,0.0,0.0,0.0,0.0,0.0,0.0,967.0384830445671,0.9216068575523241,1.2495581452130926,0.04139713804113531,0.0,0.0,0.0,40.03262557368603,0.03815188630175049,281494.17581583856,0.0
2023-01-16 00:00:00+00:00,4.0,4.0,1.162511,34.99952999999953,0.0,4.0,0.03319739233281887,2.8637454913028293,0.0,0.0,0.0,0.0,0.0,0.0,0.0,295.0,0.0,0.0,0.0,326.9995799999996,0.0,1.3163851101661594,0.04355697530035007,12.84930771360327,0.0,12.84930771360327,14.243112629284829,0.0,281497.0395613299,0.0
2023-01-17 00:00:00+00:00,2.0,2.0,1.202987,36.09079726010604,1.0,1.0,0.03333259514587943,1.007016105070202,0.0,0.0,0.0,0.0,0.0,0.0,0.0,0.0,0.0,0.0,0.0,90.09,0.0,1.2495581452130926,0.04139713804113531,0.0,0.0,0.0,3.7294681661258804,0.0,281498.0465774349,0.0
2023-01-18 00:00:00+00:00,6.0,5.0,160.57539500000001,4891.562140904236,1.0,5.0,0.032473880000000004,398.5583871081153,0.0,0.0,0.0,0.0,0.0,0.0,0.0,0.0,0.3,0.0,0.0,9.999789999999791,0.0,1.3163851101661594,0.04355697530035007,0.39491553304984783,0.0,0.39491553304984783,0.4355606060386785,0.0,281896.604964543,0.0
2023-01-19 00:00:00+00:00,6.0,6.0,112.710509,3431.6283853129357,3.0,3.0,0.032977,91.31181319643181,0.0,0.0,0.0,0.0,0.0,0.0,0.0,0.0,0.0,0.0,0.0,31.0,7022.695307120082,1.2495581452130926,0.04139713804113531,0.0,0.0,0.0,1.2833112792751946,290.7194870496832,281987.9167777395,0.0
2023-01-20 00:00:00+00:00,3.0,3.0,0.25949500000000003,7.863391272729756,1.0,2.0,0.03310879970918701,0.5670572973628725,0.0,0.0,0.0,0.0,0.0,0.0,0.0,1.4025878439535944,0.0,0.0,0.0,0.9,0.0,1.2495581452130926,0.04139713804113531,0.0580631225909653,0.0,0.0580631225909653,0.03725742423702178,0.0,281988.48383503687,0.0
2023-01-21 00:00:00+00:00,6.0,6.0,178.623776,5332.795405129589,2.0,4.0,0.033658373411951964,186.60578872528416,0.0,0.0,0.0,0.0,0.0,0.0,0.0,10.318898546139746,0.0,0.0,0.0,632.1410854453896,0.0,1.2495581452130926,0.04139713804113531,0.4271728675470175,0.0,0.4271728675470175,26.168831775655907,0.0,282175.0896237622,0.0
2023-01-22 00:00:00+00:00,9.0,9.0,43.805466,1294.6896859522178,5.0,4.0,0.033873628734731126,43.796213366413056,0.0,0.0,0.0,0.0,0.0,0.0,0.0,0.0,0.0,0.0,0.0,11.724789999999789,1244.7804112383199,1.0446861717069746,0.034992114744508855,0.0,0.0,0.0,0.4102751970352626,43.557498981768205,282218.8858371286,0.0
2023-01-23 00:00:00+00:00,11.0,8.0,62.566316,1856.822300019768,4.0,7.0,0.033315,130.97885226861686,0.0,0.0,0.0,0.0,0.0,0.0,0.0,4168.832737060433,0.085956,2086.770238210741,69.918031,3063.79979,0.0,1.0446861717069746,0.034992114744508855,145.96607053045884,146.06290375957587,-0.0968332291170384,107.20883380588214,0.0,282349.8646893972,0.0
2023-01-24 00:00:00+00:00,10.0,5.0,2180.6422620000003,56522.455956340804,8.0,2.0,0.044487982241678624,2137.091419399534,0.0,0.0,0.0,0.0,0.0,0.0,0.0,0.0,0.0,0.0,0.0,15.02965999999979,56223.81920844916,1.0446861717069746,0.03780959944575428,0.0,0.0,0.0,0.5682654244058674,2125.800083581968,284486.95610879676,0.0
2023-01-25 00:00:00+00:00,13.0,9.0,150.417191,3423.4611788900893,3.0,10.0,0.04355428603637062,276.0193725683547,0.0,0.0,0.0,0.0,0.0,0.0,0.0,0.0,0.0,0.0,0.0,1399.1032399999992,246.54143215069786,1.0446861717069746,0.03780959944575428,0.0,0.0,0.0,52.89953308765699,9.321632796400491,284762.9754813651,0.0
2023-01-26 00:00:00+00:00,22.0,12.0,1437.945134,36227.64399794497,1.0,21.0,0.03617359967781272,2964.230796078603,0.0,0.0,0.0,0.0,0.0,0.0,0.0,10.63714521700158,0.0,10.63714521700158,0.385545,27343.64958,0.0484298658564556,1.8350254431247468,0.07053924991488009,0.7503362448429458,1.4578211293124763,-0.7074848844695305,1928.800531308526,0.00341620641099264,287727.20627744374,0.0
2023-01-27 00:00:00+00:00,10.0,7.0,301.490183,8237.797115069363,3.0,7.0,0.036308065566570444,482.69612962464777,0.0,0.0,0.0,0.0,0.0,0.0,0.0,0.0,0.0,0.0,0.0,56.81623260397896,0.005370707498653973,1.6010343183368188,0.058595292270752095,0.0,0.0,0.0,3.3291637551531816,0.00031469817558434944,288209.9024070684,0.0
2023-01-28 00:00:00+00:00,14.0,9.0,1071.857711,28478.058090585717,6.0,8.0,0.0366504,1633.7639735944892,0.0,0.0,0.0,0.0,0.0,0.0,0.0,0.0,0.002686,0.0,0.0,11448.401291559394,1.0348913850864716,1.6010343183368188,0.058595292270752095,0.004300378179052695,0.0,0.004300378179052695,670.8224197117785,0.06063976317762526,289843.6663806629,0.0
2023-01-29 00:00:00+00:00,31.0,10.0,2230.781401,71146.78305095203,7.0,24.0,0.02737,5626.245375163509,0.0,0.0,0.0,0.0,0.0,0.0,0.0,2.8005366883199745,0.076811,0.0,0.0,73838.86320481088,8.013545185465809,1.8350254431247468,0.07053924991488009,0.33849789666504826,0.0,0.33849789666504826,5208.538025034799,0.5652694665417568,295469.9117558264,0.0
2023-01-30 00:00:00+00:00,10.0,7.0,63.131784999999994,2317.961792547961,1.0,9.0,0.02710273661241931,189.66117939227564,0.0,0.0,0.0,0.0,0.0,0.0,0.0,291.1369581519503,7.917156,291.1369581519501,7.917155,584.6655113184277,0.0,1.8350254431247468,0.07907940645937925,37.55112054623311,37.55111871120766,1.8350254507026875e-06,46.23500161233074,0.0,295659.57293521863,0.0
2023-01-31 00:00:00+00:00,21.0,17.0,306.828101,11274.460594733886,6.0,15.0,0.026811800957646677,680.9312881250482,0.0,0.0,0.0,0.0,0.0,0.0,0.0,0.0,0.0,0.0,0.0,3076.384446343802,0.0,2.0614352564571514,0.07907940645937925,0.0,0.0,0.0,243.2786560577339,0.0,296340.5042233437,0.0
2023-02-01 00:00:00+00:00,18.0,5.0,1018.746177,36110.306704835035,15.0,3.0,0.03041511809752153,1219.6483286258706,0.0,0.0,0.0,0.0,0.0,0.0,0.0,1044.7125326072533,1.354573,0.0,0.0,711.7996929589998,46476.21022688484,2.0614352564571514,0.060395908292331074,65.88872685084154,0.0,65.88872685084154,42.98978897846117,2806.9729306380364,297560.1525519696,0.0
2023-02-02 00:00:00+00:00,3.0,3.0,0.6327429999999999,20.902072832267685,1.0,2.0,0.030271,1.710154168360826,0.0,0.0,0.0,0.0,0.0,0.0,0.0,0.0,0.0,0.0,0.0,11.99978999999979,0.002072832267685902,2.219259858877946,0.060395908292331074,0.0,0.0,0.0,0.7247382163672188,0.00012519058754454238,297561.86270613794,0.0
2023-02-03 00:00:00+00:00,5.0,5.0,200.412891,6665.351485545043,2.0,3.0,0.0301930832648164,396.38070546849184,0.0,0.0,0.0,0.0,0.0,0.0,0.0,5.772330380962377,0.0,0.0,0.0,3647.9536096829725,0.0,2.219259858877946,0.060395908292331074,0.3486251363216402,0.0,0.3486251363216402,220.3214716650909,0.0,297958.2434116064,0.0
2023-02-04 00:00:00+00:00,46.0,15.0,1971.824611,71335.94006979589,4.0,42.0,0.02449992227124383,5278.943407303383,0.0,0.0,0.0,0.0,0.0,0.0,0.0,0.0,0.0,173.6842924259632,5.403434,64109.36980222357,0.0,2.522096236162545,0.07400117531413204,0.0,26.4808223268774,-26.4808223268774,4744.168714012869,0.0,303237.1868189098,0.0
2023-02-05 00:00:00+00:00,6.0,6.0,600.339117,23336.53473251406,1.0,5.0,0.02615519379844961,827.8701342205015,0.0,0.0,0.0,0.0,0.0,0.0,0.0,0.0,0.0,0.0,0.0,12.9,6.6666e-08,2.219259858877946,0.060395908292331074,0.0,0.0,0.0,0.7791072169710709,4.026353622216543e-09,304065.0569531303,0.0
2023-02-06 00:00:00+00:00,44.0,4.0,2361.7367990000002,76520.23277997067,41.0,3.0,0.03655242585626371,2509.789930715663,0.0,0.0,0.0,0.0,0.0,0.0,0.0,0.0,0.0,0.0,0.0,80.44952764970151,75210.78304232097,1.977820406115951,0.0594688376641669,0.0,0.0,0.0,4.7842398999590054,4472.6978473386625,306574.846883846,0.0
2023-02-07 00:00:00+00:00,18.0,7.0,1023.2214329999999,26173.04617278147,13.0,5.0,0.04118274546388652,1137.0566945718642,0.0,0.0,0.0,0.0,0.0,0.0,0.0,4229.430745264957,0.0,2547.409998050571,104.476922,1681.9995799999995,118.11298738190037,1.3790041507831674,0.04344380425058589,183.74256138870038,254.7432904003436,-71.00072901164322,73.07246050308765,5.131277503271201,307711.90357841784,0.0
2023-02-08 00:00:00+00:00,17.0,10.0,845.515934,18787.212660501304,11.0,6.0,0.04665008849246452,1220.096835223832,0.0,0.0,0.0,0.0,0.0,0.0,0.0,242.2925272993249,2355.0,42.16984191995854,1.721748,25.59978999999979,10.9,1.4430205110999503,0.0594688376641669,3412.722158613587,4.992309162406912,3407.72984945118,1.5223897557467505,0.6482103305394192,308932.0004136417,0.0
2023-02-09 00:00:00+00:00,4.0,4.0,47.727554000000005,1029.8658072537214,1.0,3.0,0.04640843551510333,83.70700760591943,0.0,0.0,0.0,0.0,0.0,0.0,0.0,0.0,0.0,0.0,0.0,885.2217193862932,0.01,1.4430205110999503,0.0594688376641669,0.0,0.0,0.0,52.643106726978175,0.000594688376641669,309015.7074212476,0.0
2023-02-10 00:00:00+00:00,34.0,9.0,4320.9196950000005,97723.39535246124,8.0,26.0,0.0365371,7396.493313246531,0.0,0.0,0.0,0.0,0.0,0.0,0.0,0.0,1286.0,43532.09253728389,1592.489618,89139.9,66391.0,1.4430205110999503,0.06494294056664368,1855.7243772745362,5125.097280878185,-3269.3729036036493,5789.007227816561,4311.626767160041,316412.20073449414,0.0
2023-02-11 00:00:00+00:00,8.0,8.0,2.734471,74.85647769176434,0.0,8.0,0.03652,6.124936548708049,0.0,0.0,0.0,0.0,0.0,0.0,0.0,0.0,0.0,0.0,0.0,50.62979800855854,0.0,1.4430205110999503,0.06494294056664368,0.0,0.0,0.0,3.2880479629709916,0.0,316418.32567104284,0.0
2023-02-12 00:00:00+00:00,26.0,10.0,1691.727366,52236.729510839126,3.0,23.0,0.029059103995163118,4222.030480042364,0.0,0.0,0.0,0.0,0.0,0.0,0.0,0.0,0.0,0.0,0.0,54214.9342299063,57.38912720834038,1.7117868035838446,0.07568805081494996,0.0,0.0,0.0,4103.422696922318,4.343671176370495,320640.35615108523,0.0
2023-02-13 00:00:00+00:00,10.0,7.0,610.472582,20138.617740378355,5.0,5.0,0.030866728424972654,740.4321881747348,0.0,0.0,0.0,0.0,0.0,0.0,0.0,0.0,0.0,0.0,0.0,1.1,8785.172727439423,1.7117868035838446,0.07568805081494996,0.0,0.0,0.0,0.08325685589644496,664.9325998125477,321380.78833926,0.0
2023-02-14 00:00:00+00:00,8.0,7.0,47.279011,1526.295254276272,3.0,5.0,0.030988832735651128,85.4555013690032,0.0,0.0,0.0,0.0,0.0,0.0,0.0,0.0,0.0,0.0,0.0,31.89952999999979,0.0,1.7538507757158353,0.07568805081494996,0.0,0.0,0.0,2.414413247613005,0.0,321466.243840629,0.0
2023-02-15 00:00:00+00:00,6.0,4.0,464.72259699999995,15139.882205568008,2.0,4.0,0.03136638368699035,759.8639817215361,0.0,0.0,0.0,0.0,0.0,0.0,0.0,0.0,0.0,0.0,0.0,5816.680859055933,27664.130922117634,1.7538507757158353,0.07568805081494996,0.0,0.0,0.0,440.2532364345723,2093.844146984668,322226.1078223505,0.0
2023-02-16 00:00:00+00:00,76.0,11.0,8394.272286,261804.1840143637,38.0,38.0,0.033912399999999995,14720.957683423476,0.0,0.0,0.0,0.0,0.0,0.0,0.0,0.0,0.0,0.0,0.0,22851.0,0.0,1.7536907526784837,0.05622888625269572,0.0,0.0,0.0,1284.88627976035,0.0,336947.065505774,0.0
2023-02-17 00:00:00+00:00,30.0,8.0,1371.890924,42620.350194279534,22.0,8.0,0.03369310736114306,2491.3553529676383,0.0,0.0,0.0,0.0,0.0,0.0,0.0,298.0311362370773,0.108418,175.76937605273667,5.90793,21.99957999999958,0.18562196532243186,1.8074722707080992,0.05622888625269572,16.95392138788191,20.56173590506113,-3.6078145171792215,1.2370118814270559,0.01043731637411685,339438.4208587416,0.0
2023-02-18 00:00:00+00:00,47.0,6.0,4381.1024879999995,131082.14654091466,20.0,27.0,0.033268671348994916,7688.272474172423,0.0,0.0,0.0,0.0,0.0,0.0,0.0,0.0,0.0,0.0,0.0,17940.398169846976,21255.0,1.754871632250303,0.05622888625269572,0.0,0.0,0.0,1008.7686080203961,1195.1449773010474,347126.69333291403,0.0
2023-02-19 00:00:00+00:00,58.0,9.0,6793.789501,181064.43802900452,31.0,27.0,0.03917720247386616,7344.941501274001,0.0,0.0,0.0,0.0,0.0,0.0,0.0,0.0,0.0,0.0,0.0,113.99980999999937,51208.0,1.7536907526784837,0.05598884038299909,0.0,0.0,0.0,6.382717165782188,2867.0765383326175,354471.63483418804,0.0
2023-02-20 00:00:00+00:00,44.0,9.0,1191.059453,30494.21883853233,5.0,39.0,0.036663425,1269.32265947654,0.0,0.0,0.0,0.0,0.0,0.0,0.0,0.0,0.0,0.0,0.0,968.303487180964,8553.983230644208,1.7536907526784837,0.05598884038299909,0.0,0.0,0.0,54.2141893860764,478.92760173938944,355740.9574936646,0.0
2023-02-21 00:00:00+00:00,3.0,3.0,46.510213,1273.1617058815536,0.0,3.0,0.0365291936,48.234670970163805,0.0,0.0,0.0,0.0,0.0,0.0,0.0,0.0,0.0,0.0,0.0,4012.7618358815535,0.0,1.6350915290687622,0.05018955705230522,0.0,0.0,0.0,201.39873909929025,0.0,355789.19216463476,0.0
2023-02-22 00:00:00+00:00,27.0,9.0,2810.351352,73261.77447758327,11.0,16.0,0.0341414935,2836.2896972749677,0.0,0.0,0.0,0.0,0.0,0.0,0.0,0.0,0.0,0.0,0.0,53234.79780841793,26546.0316417926,1.0811258576958964,0.04162502624506094,0.0,0.0,0.0,2215.899855925909,1104.9792637918351,358625.48186190974,0.0
2023-02-23 00:00:00+00:00,10.0,7.0,874.848431,26253.660536576463,4.0,6.0,0.03294577981651376,884.4945139769461,0.0,0.0,0.0,0.0,0.0,0.0,0.0,0.0,0.0,0.0,0.0,10.9,9.450456913898375,1.065708899987665,0.040565345582092835,0.0,0.0,0.0,0.4421622668448119,0.38336105062096615,359509.9763758867,0.0
2023-02-24 00:00:00+00:00,7.0,4.0,405.945483,11943.525604820683,5.0,2.0,0.0345493376,410.2051743874132,0.0,0.0,0.0,0.0,0.0,0.0,0.0,0.0,0.0,0.0,0.0,10000.0,10693.515734820683,1.0370769742586172,0.0387144553554708,0.0,0.0,0.0,387.144553554708,413.9936375087399,359920.18155027414,0.0
2023-02-25 00:00:00+00:00,27.0,7.0,3256.37803,93515.64230823435,14.0,13.0,0.0318311872,3232.551137369763,0.0,0.0,0.0,0.0,0.0,0.0,0.0,0.0,0.0,0.0,0.0,81848.99903,12668.281213546896,1.0110260047742443,0.03788573811742593,0.0,0.0,0.0,3100.9097424240294,479.9471844543445,363152.7326876439,0.0
2023-02-26 00:00:00+00:00,11.0,6.0,393.169056,12740.606498801646,7.0,4.0,0.030850543185419965,448.67462946584857,0.0,0.0,0.0,0.0,0.0,0.0,0.0,50.0,0.173313,2.5316711636946483,0.080509,12695.733976138996,57.92385382634287,1.0110260047742443,0.03521611231836176,1.9360295658835267,0.170552308672198,1.7654772572113286,447.09439366775246,2.0398529422608593,363601.40731710976,0.0
2023-02-27 00:00:00+00:00,4.0,4.0,36.063475,1205.99974,0.0,4.0,0.029860838649155723,42.49383187931118,0.0,0.0,0.0,0.0,0.0,0.0,0.0,0.0,1.68,27.92819396387625,0.836617,1554.9995799999997,27.92819396387625,1.0110260047742443,0.03521611231836176,1.6985236880207304,1.8293639585170731,-0.13084027049634273,54.76103986428535,0.9835224154808591,363643.90114898904,0.0
2023-02-28 00:00:00+00:00,2.0,2.0,44.738459,1505.0,0.0,2.0,0.0297097848,53.02921290709675,0.0,0.0,0.0,0.0,0.0,0.0,0.0,0.0,0.0,0.0,0.0,3000.0,0.0,1.0110260047742443,0.03521611231836176,0.0,0.0,0.0,105.64833695508528,0.0,363696.9303618961,0.0
2023-03-01 00:00:00+00:00,5.0,5.0,1.702197,57.2735192526498,2.0,3.0,0.029750017033602583,1.6924047827631772,0.0,0.0,0.0,0.0,0.0,0.0,0.0,35.65770818355746,0.0,0.0,0.0,32.29317951249958,33.0,1.0110260047742443,0.03456695647467233,1.2325784467675982,0.0,1.2325784467675982,1.1162769306373532,1.1407095636641869,363698.62276667886,0.0
2023-03-02 00:00:00+00:00,9.0,4.0,783.41234,28078.67705802426,0.0,9.0,0.026340715999999997,989.362221833609,0.0,0.0,0.0,0.0,0.0,0.0,0.0,0.0,0.0,0.0,0.0,22047.24945,6000.1,1.1411748270083812,0.03521611231836176,0.0,0.0,0.0,776.4184129421395,211.30019552140243,364687.9849885125,0.0
2023-03-03 00:00:00+00:00,8.0,7.0,47.433749,1830.3721255705761,4.0,4.0,0.02597785849569249,56.906571625877206,0.0,0.0,0.0,0.0,0.0,0.0,0.0,6090.049021028624,0.0,3077.438716577251,80.34007100000001,4209.0,47.47552181059165,1.1783066351567946,0.03521611231836176,214.46785034887313,203.0406662241275,11.427184124745622,148.22461674798464,1.671903308454629,364744.8915601383,0.0
2023-03-04 00:00:00+00:00,15.0,9.0,580.648402,21384.11369757814,13.0,2.0,0.028066177591901678,510.54731101696854,0.0,0.0,0.0,0.0,0.0,0.0,0.0,0.9645065790806713,0.074255,0.0,0.0,984.26,17774.610872264602,1.1783066351567946,0.03521611231836176,0.12146133121427156,0.0,0.12146133121427156,34.661810710470746,625.9526928928443,365255.43887115526,0.0
2023-03-05 00:00:00+00:00,184.0,8.0,19573.9058,662609.4841853344,94.0,90.0,0.028342986377910842,18245.729959827295,0.0,0.0,0.0,0.0,0.0,0.0,0.0,70.0,0.0,0.0,0.0,5954.339790000001,16.46278193371425,1.1783066351567946,0.031090165125923722,2.1763115588146604,0.0,2.1763115588146604,185.121407286958,0.5118306087512499,383501.1688309825,0.0
2023-03-06 00:00:00+00:00,13.0,6.0,106.283191,3738.6547238208027,10.0,3.0,0.02836442612503635,89.54439285977188,0.0,0.0,0.0,0.0,0.0,0.0,0.0,0.0,0.042281,0.0,0.0,4000.0,449.9888373767585,0.994247306723709,0.029549516161168618,0.04203777037558514,0.0,0.04203777037558514,118.19806464467447,13.296952422410003,383590.7132238423,0.0
2023-03-07 00:00:00+00:00,122.0,13.0,12026.542083,301095.749772339,89.0,33.0,0.052613398400000004,10294.7987992448,0.0,0.0,0.0,0.0,0.0,0.0,0.0,254610.6879308398,11844.3,265070.8851896126,11204.544437,19082.481706321818,131197.7861325125,0.9321455894524278,0.029549516161168618,18564.23464297,18276.983084539017,287.251558430984,563.878101576161,3876.8311016322223,393885.5120230871,0.0
2023-03-08 00:00:00+00:00,14.0,7.0,753.730548,13787.615527872884,11.0,3.0,0.0550850656,631.0041955155203,0.0,0.0,0.0,0.0,0.0,0.0,0.0,0.0,0.0,0.0,0.0,2858.0,91.85810984693946,0.8792710171222834,0.031090165125923722,0.0,0.0,0.0,88.85569192989,2.8558838032965874,394516.51621860266,0.0
2023-03-09 00:00:00+00:00,111.0,20.0,16928.764451,229242.48434977012,51.0,60.0,0.05171709609055787,13561.505087188723,0.0,0.0,0.0,0.0,0.0,0.0,0.0,538.9940651900129,0.47,281.6356052624497,26.599546,79730.0,87124.7752599451,0.8560065501950815,0.031090165125923722,17.159737567242082,31.525483081164413,-14.365745513922331,2478.8188654898986,2708.723649390687,408078.0213057914,0.0
2023-03-10 00:00:00+00:00,55.0,10.0,5332.897643,85836.22259751284,42.0,13.0,0.0661355424,4188.548694523392,0.0,0.0,0.0,0.0,0.0,0.0,0.0,0.0,0.0,0.0,0.0,1814.9,300.89415263651887,0.8425075688569783,0.03419111298325792,0.0,0.0,0.0,62.05345095331481,10.28790596879687,412266.5700003148,0.0
2023-03-11 00:00:00+00:00,16.0,11.0,608.838278,9132.11438438978,7.0,9.0,0.0677783848600759,507.93930669402147,0.0,0.0,0.0,0.0,0.0,0.0,0.0,0.0,0.0,65.81341633542307,4.300021,32.99936999999937,6569.171490695968,0.837174766486339,0.04576601329213812,0.0,6.6118867633693466,-6.6118867633693466,1.5102496060521549,300.64478976152645,412774.5093070088,0.0
2023-03-12 00:00:00+00:00,12.0,10.0,94.72672200000001,1406.2857275035556,4.0,8.0,0.067079945,79.3967830672272,0.0,0.0,0.0,0.0,0.0,0.0,0.0,744.804759091932,0.0,360.7469682202509,24.460172,7246.660534751153,0.001251716933339086,0.837174766486339,0.04879698299590316,36.34422516467676,38.080802456382884,-1.7365772917061264,353.6151708913345,6.108000991183144e-05,412853.906090076,0.0
2023-03-13 00:00:00+00:00,48.0,13.0,6025.205143,86362.66766761077,18.0,30.0,0.06356540556402093,5150.427738043222,0.0,0.0,0.0,0.0,0.0,0.0,0.0,15.829315464274442,0.0,0.09462991451171068,0.006352,15244.869108300469,0.09462991451171068,0.837174766486339,0.0556212159981571,0.8804457745413772,0.010581165031664227,0.869864609509713,847.938157536413,0.005263430914943001,418004.33382811927,0.0
2023-03-14 00:00:00+00:00,11.0,8.0,538.79413,8704.833909080666,3.0,8.0,0.0602950064,470.77488008591615,0.0,0.0,0.0,0.0,0.0,0.0,0.0,1620.5444399640319,85.58052,0.0,0.0,954.9991761679994,0.48342368362917004,0.837174766486339,0.0556212159981571,161.78250417663145,0.0,161.78250417663145,53.11821545570238,0.02688861312576283,418475.10870820517,0.0
2023-03-15 00:00:00+00:00,4.0,4.0,147.384792,2468.00071,0.0,4.0,0.059377031999999996,123.95277827577328,0.0,0.0,0.0,0.0,0.0,0.0,0.0,0.0,0.0,0.0,0.0,1810.0,0.0,0.8381666903582623,0.0556212159981571,0.0,0.0,0.0,100.67440095666436,0.0,418599.06148648093,0.0
2023-03-16 00:00:00+00:00,116.0,13.0,13965.454183,254395.08184124684,67.0,49.0,0.06770084117647059,11889.842506146477,0.0,0.0,0.0,0.0,0.0,0.0,0.0,223.21393333895188,74.0,223.21393333895188,15.054155999999999,4457.994552092667,3370.2676255107785,0.841014711177075,0.05408200604434457,74.30694591912267,24.73262395237375,49.57432196674892,241.09728831193078,182.27083409393276,430488.9039926274,0.0
2023-03-17 00:00:00+00:00,10.0,8.0,347.48616,5122.089433262192,5.0,5.0,0.06782084388674875,307.37525760607167,0.0,0.0,0.0,0.0,0.0,0.0,0.0,463.29382980717503,0.0,228.75522511930055,15.487839000000001,1728.523853827244,37.33923412874908,0.8513752829191804,0.0556212159981571,25.768966178318315,25.909607097499386,-0.14064091918107025,96.14259863169207,2.0768536066809116,430796.2792502335,0.0
2023-03-18 00:00:00+00:00,7.0,7.0,149.136672,2199.173219696126,2.0,5.0,0.06738497818610663,132.6390767881694,0.0,0.0,0.0,0.0,0.0,0.0,0.0,0.0,0.0,0.0,0.0,1121.5,7.35993928587429,0.8548136728633908,0.05645850022823791,0.0,0.0,0.0,63.31820800596881,0.41553113385135076,430928.91832702165,0.0
2023-03-19 00:00:00+00:00,10.0,7.0,71.212662,1060.0401373760142,4.0,6.0,0.06725897961410889,60.82808347989609,0.0,0.0,0.0,0.0,0.0,0.0,0.0,0.0,0.0,0.0,0.0,260.78589966417815,0.0,0.8548136728633908,0.05738281158906659,0.0,0.0,0.0,14.964628145514759,0.0,430989.74641050154,0.0
2023-03-20 00:00:00+00:00,11.0,9.0,777.414154,11237.306628039467,6.0,5.0,0.06943591506490569,660.9179318360618,0.0,0.0,0.0,0.0,0.0,0.0,0.0,1564.3471020559411,0.0,783.3474420559412,53.83254,5606.030392436405,0.0,0.8541751111606541,0.05738281158906659,89.7666350171784,90.9330945148337,-1.1664594976552962,321.6897857717593,0.0,431650.6643423376,0.0
2023-03-21 00:00:00+00:00,15.0,14.0,300.945383,4399.4996403858795,3.0,12.0,0.06759327151352354,261.2496343643682,0.0,0.0,0.0,0.0,0.0,0.0,0.0,0.0,0.0,5.609122573512711,0.379907,1980.1959331441312,0.0,0.8541751111606541,0.05881462112877931,0.0,0.6544055229817443,-0.6544055229817443,116.46447356862168,0.0,431911.91397670197,0.0
2023-03-22 00:00:00+00:00,6.0,5.0,358.129241,5389.576106504515,3.0,3.0,0.06573269219282192,318.37144588305665,0.0,0.0,0.0,0.0,0.0,0.0,0.0,367.4712132647618,2.312976,152.20518648113188,9.975681999999999,4506.0,0.0,0.8680965022957944,0.05907170426609689,23.715037211773947,17.650874415794664,6.064162795979282,266.1770994230326,0.0,432230.28542258503,0.0
2023-03-23 00:00:00+00:00,9.0,7.0,223.223503,3369.094109686118,6.0,3.0,0.06621787941249656,187.81569356441952,0.0,0.0,0.0,0.0,0.0,0.0,0.0,123.50435833005251,0.0,607.3280955328967,40.275159,2527.5,1e-10,0.8680965022957944,0.05907170426609689,7.2956129308469215,70.83863030911809,-63.543017378271166,149.30373253255988,5.907170426609689e-12,432418.10111614945,0.0
2023-03-24 00:00:00+00:00,26.0,11.0,1914.251297,30726.871688690313,9.0,17.0,0.05982671867320645,1764.3702078617937,0.0,0.0,0.0,0.0,0.0,0.0,0.0,399.99999999999994,26.437781,0.0,0.0,1320.5275279236653,2435.8051836671766,0.8680965022957944,0.05881462112877931,46.47639366607393,0.0,46.47639366607393,77.66632624495392,143.2609590209017,434182.4713240113,0.0
2023-03-25 00:00:00+00:00,14.0,7.0,30.255287,509.739890568112,11.0,3.0,0.05945563669867779,28.459875966529953,0.0,0.0,0.0,0.0,0.0,0.0,0.0,25.51205147288412,0.0,0.0,0.0,1394.1326729499997,82.1869904644456,0.8680965022957944,0.05742108164272408,1.4649295904978583,0.0,1.4649295904978583,80.05260603425108,4.7192658894287165,434210.9311999778,0.0
2023-03-26 00:00:00+00:00,8.0,7.0,118.233288,2008.9465600379294,0.0,8.0,0.058603051200000006,119.8521142512845,0.0,0.0,0.0,0.0,0.0,0.0,0.0,0.0,0.0,0.0,0.0,2863.0,48.06314566734717,0.8889847838005963,0.05881462112877931,0.0,0.0,0.0,168.38626029169518,2.826815702682355,434330.7833142291,0.0
2023-03-27 00:00:00+00:00,10.0,8.0,80.146196,1374.8428482176748,4.0,6.0,0.05828820543446714,80.98471244188082,0.0,0.0,0.0,0.0,0.0,0.0,0.0,0.0,0.0,551.913492510664,32.305206999999996,11.713,617.8137113271813,0.9217025009343868,0.058904705033646684,0.0,62.28609156553349,-62.28609156553349,0.6899508100591035,36.392134431470154,434411.76802667096,0.0
2023-03-28 00:00:00+00:00,6.0,2.0,62.691703,1082.365002717548,5.0,1.0,0.05789749754661432,63.65011813539145,0.0,0.0,0.0,0.0,0.0,0.0,0.0,0.0,0.0,0.0,0.0,8.0,63.365002717547995,0.9406579407602366,0.058806519035244045,0.0,0.0,0.0,0.47045215228195236,3.726275238477777,434475.41814480635,0.0
2023-03-29 00:00:00+00:00,2.0,2.0,91.932143,1583.6469761746991,1.0,1.0,0.0579464064,82.0520968036806,0.0,0.0,0.0,0.0,0.0,0.0,0.0,0.0,0.0,0.0,0.0,1672.9997899999998,958.6469761746991,0.9406579407602366,0.05742108164272408,0.0,0.0,0.0,96.06545752985024,55.046546285477966,434557.47024161,0.0
2023-03-30 00:00:00+00:00,17.0,5.0,111.548148,1924.4320734509868,13.0,4.0,0.05786754757511253,103.60812459528306,0.0,0.0,0.0,0.0,0.0,0.0,0.0,789.8244248776488,0.0,394.33160265894935,22.91485,1506.0,56.7328246820695,0.9406579407602366,0.05742108164272408,45.35257278431706,44.19798276441547,1.1545900199015904,86.47614895394247,3.2576601578914643,434661.0783662053,0.0
2023-03-31 00:00:00+00:00,10.0,6.0,163.09011,2855.499845736536,5.0,5.0,0.05649362396918595,169.3673563220354,0.0,0.0,0.0,0.0,0.0,0.0,0.0,1204.7253910670483,0.085435,603.2161718122661,34.321299,2737.4702423055505,81.30026573653626,1.0104623361273541,0.058806519035244045,70.93203549171324,70.1534232565105,0.7786122352027434,160.98109591255547,4.780985624606019,434830.44572252734,0.0
2023-04-01 00:00:00+00:00,6.0,6.0,124.28027699999998,2214.671322305551,0.0,6.0,0.0558487008,132.12548587902546,0.0,0.0,0.0,0.0,0.0,0.0,0.0,0.0,0.0,0.0,0.0,1573.0,0.0,1.0136917976203494,0.058904705033646684,0.0,0.0,0.0,92.65710101792624,0.0,434962.57120840636,0.0
2023-04-02 00:00:00+00:00,1.0,1.0,117.486381,2121.0,0.0,1.0,0.055391975954738326,126.53713114308772,0.0,0.0,0.0,0.0,0.0,0.0,0.0,0.0,33.0,0.0,0.0,2130.0992899999997,0.0,1.0152877508430653,0.058904705033646684,33.504495777821155,0.0,33.504495777821155,125.4728703698302,0.0,435089.10833954945,0.0
2023-04-03 00:00:00+00:00,25.0,11.0,273.117918,4930.83120872098,16.0,9.0,0.0553263728,237.3851890922437,0.0,0.0,0.0,0.0,0.0,0.0,0.0,3380.3806416863194,0.0,161.97157378084464,8.9355,2258.99979,50.880999847113685,1.0152877508430653,0.058806519035244045,198.78841855169702,18.597088134369884,180.19133041732715,132.8439141512473,2.9921344860415404,435326.4935286417,0.0
2023-04-04 00:00:00+00:00,11.0,8.0,145.54145,2652.2088397568605,3.0,8.0,0.05462328683689413,153.03392036544375,0.0,0.0,0.0,0.0,0.0,0.0,0.0,297.4998579234653,0.0,2011.9493866953546,110.81924799999999,442.0,19.64332465054035,1.0384894358219232,0.057700554372435105,17.165906727904627,231.17521331533254,-214.00930658742791,25.503645032616316,1.1334307220538984,435479.52744900715,0.0
2023-04-05 00:00:00+00:00,7.0,3.0,13.829495999999999,253.1335320295124,5.0,2.0,0.05451111111111111,13.259604896349604,0.0,0.0,0.0,0.0,0.0,0.0,0.0,0.0,0.0,0.0,0.0,20.19944999999958,115.1335320295124,1.0384894358219232,0.057700554372435105,0.0,0.0,0.0,1.16551946301826,6.643268624959378,435492.7870539035,0.0
2023-04-06 00:00:00+00:00,5.0,5.0,539.27445,10129.246102662377,2.0,3.0,0.052923456,561.5751163436513,0.0,0.0,0.0,0.0,0.0,0.0,0.0,18.73680142025581,0.0,0.0,0.0,8204.99945,0.0,1.0413530927409065,0.057700554372435105,1.0811238291149896,0.0,1.0811238291149896,473.4330168905251,0.0,436054.3621702472,0.0
2023-04-07 00:00:00+00:00,12.0,8.0,162.896515,3109.40695134723,5.0,7.0,0.05228136814079463,184.25449454958536,0.0,0.0,0.0,0.0,0.0,0.0,0.0,0.18855340824075184,0.0,0.09435444040947462,0.004975,1256.570651659625,65.84388059683326,1.051479976085464,0.057700554372435105,0.010879636184303454,0.010675416400152762,0.00020421978415069257,72.5048232088924,3.799228412469702,436238.6166647968,0.0
2023-04-08 00:00:00+00:00,3.0,3.0,33.012313999999996,636.9927713330159,1.0,2.0,0.05193746927006148,37.98286297773243,0.0,0.0,0.0,0.0,0.0,0.0,0.0,191.0,0.0,0.0,0.0,191.0,0.9919813330161324,1.051479976085464,0.057700554372435105,11.020805885135106,0.0,11.020805885135106,11.020805885135106,0.05723787284213801,436276.5995277745,0.0
2023-04-09 00:00:00+00:00,20.0,6.0,99.892635,1914.2423935761467,18.0,2.0,0.052262361372354474,76.8449142370386,0.0,0.0,0.0,0.0,0.0,0.0,0.0,0.0,0.0,0.0,0.0,19.0,1698.819172636352,1.0413530927409065,0.055440958848462236,0.0,0.0,0.0,1.0533782181207825,94.18416384111066,436353.44444201153,0.0
2023-04-10 00:00:00+00:00,32.0,8.0,2103.805648,45037.71572720424,10.0,22.0,0.042313426748536255,2608.3991708948083,0.0,0.0,0.0,0.0,0.0,0.0,0.0,1004.0135979605055,0.0,551.8373735104719,23.658891,43301.44501249477,0.019057161098570675,1.051479976085464,0.057700554372435105,57.93214119978435,56.718172517871366,1.2139686819129807,2498.5173823484633,0.0010996087601523323,438961.84361290635,0.0
2023-04-11 00:00:00+00:00,9.0,5.0,227.13592699999998,5459.526794984636,6.0,3.0,0.041689883769101564,280.36010290615553,0.0,0.0,0.0,0.0,0.0,0.0,0.0,1811.0,0.0,0.0,0.0,4184.0,119.3638890204164,1.131113790553379,0.055440958848462236,100.40357647456511,0.0,100.40357647456511,231.964971821966,6.617648459173319,439242.20371581253,0.0
2023-04-12 00:00:00+00:00,6.0,6.0,208.07331600000003,5074.91740954108,2.0,4.0,0.04063347801750201,301.9513539039707,0.0,0.0,0.0,0.0,0.0,0.0,0.0,168.2345993779256,7.0,0.0,0.0,4819.0,127.45380447923698,1.150566512172774,0.05791588513711522,17.797421318869954,0.0,17.797421318869954,279.0966504757583,7.3815999005078305,439544.1550697165,0.0
2023-04-13 00:00:00+00:00,12.0,5.0,89.06847499999999,2185.334616047614,10.0,2.0,0.04072386461695245,80.73833470911401,0.0,0.0,0.0,0.0,0.0,0.0,0.0,1925.8947952508934,0.0,380.73241045268645,15.502328,155.0,0.26471050696328646,1.150566512172774,0.05791588513711522,111.53990174791878,39.88691400927313,71.65298773864565,8.97696219625286,0.015330943315873239,439624.89340442565,0.0
2023-04-14 00:00:00+00:00,25.0,6.0,1171.456226,31166.18094396651,7.0,18.0,0.03523626200708689,1833.6272886571328,0.0,0.0,0.0,0.0,0.0,0.0,0.0,10.91045587133308,0.0,0.0,0.0,20422.9,52.53167116369465,1.2343274206293025,0.05791588513711522,0.631888709037691,0.0,0.631888709037691,1182.8103305667905,3.042418233177247,441458.52069308277,0.0
2023-04-15 00:00:00+00:00,24.0,5.0,63.974406,1818.7186889184986,21.0,3.0,0.03507411991372718,77.2407332231683,0.0,0.0,0.0,0.0,0.0,0.0,0.0,839.3710505100028,0.0,0.0,0.0,0.0,0.0,1.2343274206293025,0.05135245478851881,43.10376392210646,0.0,43.10376392210646,0.0,0.0,441535.7614263059,0.0
2023-04-16 00:00:00+00:00,11.0,5.0,259.727233,7536.390997014015,3.0,8.0,0.03403487794371583,445.33344632932915,0.0,0.0,0.0,0.0,0.0,0.0,0.0,0.0,0.0,593.5776993873687,20.846273,2984.0,5.252839663349315,1.2398479742529944,0.05791588513711522,0.0,60.22378720744685,-60.22378720744685,172.82100124915183,0.3042228585862219,441981.09487263527,0.0
2023-04-17 00:00:00+00:00,9.0,4.0,86.073652,2553.9881641331103,6.0,3.0,0.03344337572351229,151.30027042538364,0.0,0.0,0.0,0.0,0.0,0.0,0.0,895.521668754122,0.0,0.0,0.0,880.0,3.4231578707447405,1.451177689233206,0.058833878040873866,52.68701264243985,0.0,52.68701264243985,51.773812675969005,0.20139765268205354,442132.39514306065,0.0
2023-04-18 00:00:00+00:00,15.0,8.0,80.48367,2416.5083069930706,5.0,10.0,0.03317381513647142,129.57411537777074,0.0,0.0,0.0,0.0,0.0,0.0,0.0,564.5622182165632,0.0,245.84925742952902,8.185432,2253.386026103533,0.0,1.5652546360337776,0.058833878040873866,33.2153846930385,27.276550613987553,5.938834079050949,132.57543863878468,0.0,442261.96925843845,0.0
2023-04-19 00:00:00+00:00,15.0,8.0,389.500331,11694.93691519151,8.0,7.0,0.03326718464656098,527.6803569819617,0.0,0.0,0.0,0.0,0.0,0.0,0.0,1264.0235751292971,0.0,631.5689241964249,21.054442,5594.5,0.0,1.5652546360337776,0.05362038897313101,67.7774357696406,66.82053432835849,0.9569014412821133,299.97926611018147,0.0,442789.64961542044,0.0
2023-04-20 00:00:00+00:00,4.0,4.0,1.676584,50.84556002789882,1.0,3.0,0.03307411473588925,2.6414850096621207,0.0,0.0,0.0,0.0,0.0,0.0,0.0,0.0,0.0,575.464612334867,18.995429,1116.3,0.0,1.5755160550632241,0.05362038897313101,0.0,60.78423971598117,-60.78423971598117,59.85644021070615,0.0,442792.29110043007,0.0
2023-04-21 00:00:00+00:00,6.0,6.0,164.978872,5044.16773655161,2.0,4.0,0.03237228,285.7507743525322,0.0,0.0,0.0,0.0,0.0,0.0,0.0,0.0,0.0,0.0,0.0,1010.0,20.792286446325026,1.6099429285191733,0.05362038897313101,0.0,0.0,0.0,54.15659286286232,1.1148904868927079,443078.0418747826,0.0
2023-04-22 00:00:00+00:00,2.0,2.0,19.076849000000003,590.9295939109023,0.0,2.0,0.032221408207963056,35.25437789770646,0.0,0.0,0.0,0.0,0.0,0.0,0.0,249.0,0.0,0.0,0.0,0.0,0.0,1.71461976160709,0.05664973674088851,14.10578444848124,0.0,14.10578444848124,0.0,0.0,443113.2962526803,0.0
2023-04-23 00:00:00+00:00,6.0,1.0,20.0,617.3558042098624,6.0,0.0,0.03241909025924842,15.125222393729658,0.0,0.0,0.0,0.0,0.0,0.0,0.0,1999.99,0.0,1865.8491486413604,60.240561,0.0,483.3049528512229,1.6099429285191733,0.05362038897313101,107.24024174237229,197.031422307313,-89.7911805649407,0.0,25.914999564523313,443128.421475074,0.0
2023-04-24 00:00:00+00:00,5.0,2.0,58.834475,1831.4548794505554,3.0,2.0,0.03219058989514916,83.81292242763956,0.0,0.0,0.0,0.0,0.0,0.0,0.0,0.0,0.0,1019.0003797262924,32.842212,0.0,5000.0,1.5755160550632241,0.05195114397821059,0.0,104.68166773080196,-104.68166773080196,0.0,259.75571989105293,443212.2343975017,0.0
2023-04-25 00:00:00+00:00,0.0,0.0,0.0,0.0,0.0,0.0,0.0,0.0,0.0,0.0,0.0,0.0,0.0,0.0,0.0,0.0,0.0,0.0,0.0,0.0,0.0,1.5000353311672745,0.048857086398235536,0.0,0.0,0.0,0.0,0.0,443212.2343975017,0.0
2023-04-26 00:00:00+00:00,4.0,2.0,0.624078,19.358667760997058,4.0,0.0,0.032238713893096835,0.4762197870760461,0.0,0.0,0.0,0.0,0.0,0.0,0.0,0.0,0.0,0.0,0.0,0.0,0.7148777157879557,1.5000353311672745,0.048857086398235536,0.0,0.0,0.0,0.0,0.03492684232442542,443212.7106172888,0.0
2023-04-27 00:00:00+00:00,9.0,1.0,18.308968,568.2140230456939,7.0,2.0,0.03227606841289581,19.53949704356069,0.0,0.0,0.0,0.0,0.0,0.0,0.0,0.0,0.0,0.0,0.0,0.0,0.0,1.2458818476919054,0.04007529725421623,0.0,0.0,0.0,0.0,0.0,443232.25011433236,0.0
2023-04-28 00:00:00+00:00,6.0,4.0,157.524101,4839.209717075154,3.0,3.0,0.0325798744751554,134.62618759401093,0.0,0.0,0.0,0.0,0.0,0.0,0.0,0.0,0.0,0.0,0.0,0.0,0.0,0.9609238772229531,0.031103718089159245,0.0,0.0,0.0,0.0,0.0,443366.8763019264,0.0
2023-04-29 00:00:00+00:00,2.0,2.0,17.056998,520.6551761007175,1.0,1.0,0.032753996,30.367244199611108,0.0,0.0,0.0,0.0,0.0,0.0,0.0,913.1272529930848,30.0,0.0,0.0,0.0,0.0,0.9609238772229531,0.031103718089159245,57.229368973313896,0.0,57.229368973313896,0.0,0.0,443397.243546126,0.0
2023-04-30 00:00:00+00:00,6.0,4.0,106.50253599999999,3273.920455839811,4.0,2.0,0.03245879503423707,168.6267656653646,0.0,0.0,0.0,0.0,0.0,0.0,0.0,0.0,0.0,0.0,0.0,0.0,0.0,1.2458818476919054,0.04007529725421623,0.0,0.0,0.0,0.0,0.0,443565.87031179137,0.0
2023-05-01 00:00:00+00:00,3.0,2.0,23.609785,728.5254137719937,1.0,2.0,0.03240402601156069,43.26724463480283,0.0,0.0,0.0,0.0,0.0,0.0,0.0,3000.1655211174725,97.25849,0.0,0.0,0.0,0.0,1.3252606491529546,0.0429468162403505,257.74040691910363,0.0,257.74040691910363,0.0,0.0,443609.13755642617,0.0
2023-05-02 00:00:00+00:00,1.0,1.0,34.358415,1055.2169610574012,1.0,0.0,0.0325605219286567,25.3228949658834,0.0,0.0,0.0,0.0,0.0,0.0,0.0,0.0,0.0,0.0,0.0,0.0,0.0,1.0672090881124863,0.03438756569017197,0.0,0.0,0.0,0.0,0.0,443634.46045139205,0.0
2023-05-03 00:00:00+00:00,2.0,1.0,29.825021,911.8992755526692,2.0,0.0,0.03274045987711904,21.8128930101145,0.0,0.0,0.0,0.0,0.0,0.0,0.0,0.0,0.0,0.0,0.0,0.0,0.0,1.0672090881124863,0.03438756569017197,0.0,0.0,0.0,0.0,0.0,443656.27334440214,0.0
2023-05-04 00:00:00+00:00,6.0,1.0,712.872482,22978.851268156806,0.0,6.0,0.0296736080598929,1370.899536273581,0.0,0.0,0.0,0.0,0.0,0.0,0.0,0.0,0.0,0.0,0.0,0.0,0.0,1.583312210193423,0.05150606679052904,0.0,0.0,0.0,0.0,0.0,445027.1728806757,0.0
2023-05-05 00:00:00+00:00,2.0,1.0,35.823814,1207.7738241627412,2.0,0.0,0.029678320883048313,26.266804323848877,0.0,0.0,0.0,0.0,0.0,0.0,0.0,1610.598808749196,0.0,402.82498458645455,11.920884,0.0,0.0,1.583312210193423,0.05150606679052904,82.9556098161826,39.62241175450317,43.33319806167943,0.0,0.0,445053.4396849995,0.0
2023-05-06 00:00:00+00:00,8.0,4.0,57.370421,1950.6463014778524,3.0,5.0,0.029302148616975283,115.99694011685037,0.0,0.0,0.0,0.0,0.0,0.0,0.0,0.0,0.0,399.40086115570386,11.736893,0.0,0.0,1.583312210193423,0.05150606679052904,0.0,39.154733427514216,-39.154733427514216,0.0,0.0,445169.4366251164,0.0
2023-05-07 00:00:00+00:00,4.0,3.0,3.479906,118.32375738661032,3.0,1.0,0.029303226969144645,2.601210652520904,0.0,0.0,0.0,0.0,0.0,0.0,0.0,0.0,0.0,56.77725812831754,1.667106,0.0,0.0,0.7474945163808746,0.023997808887101367,0.0,2.608682382922641,-2.608682382922641,0.0,0.0,445172.0378357689,0.0
2023-05-08 00:00:00+00:00,2.0,2.0,2.101468,71.7262518669551,0.0,2.0,0.02929457142857143,4.279129721306477,0.0,0.0,0.0,0.0,0.0,0.0,0.0,0.0,0.0,0.0,0.0,0.0,0.0,0.7474945163808746,0.023997808887101367,0.0,0.0,0.0,0.0,0.0,445176.3169654902,0.0
2023-05-09 00:00:00+00:00,2.0,2.0,0.333274,11.331154280308004,2.0,0.0,0.0294127962999901,0.221351161103616,0.0,0.0,0.0,0.0,0.0,0.0,0.0,0.0,0.0,0.0,0.0,0.0,0.0,0.7474945163808746,0.023920287684069595,0.0,0.0,0.0,0.0,0.0,445176.53831665125,0.0
2023-05-10 00:00:00+00:00,3.0,1.0,47.86757,1621.7398162114748,3.0,0.0,0.02958530115780347,30.890615038679343,0.0,0.0,0.0,0.0,0.0,0.0,0.0,0.0,0.0,0.0,0.0,0.0,0.0,0.7474945163808746,0.021983840861490935,0.0,0.0,0.0,0.0,0.0,445207.42893168994,0.0
2023-05-11 00:00:00+00:00,0.0,0.0,0.0,0.0,0.0,0.0,0.0,0.0,0.0,0.0,0.0,0.0,0.0,0.0,0.0,0.0,0.0,0.0,0.0,0.0,0.0,0.7403581992232497,0.021865978055755547,0.0,0.0,0.0,0.0,0.0,445207.42893168994,0.0
2023-05-12 00:00:00+00:00,3.0,3.0,78.256968,2638.9607362814068,1.0,2.0,0.02947771200932409,91.18682552846735,0.0,0.0,0.0,0.0,0.0,0.0,0.0,1627.960945902864,0.0,0.0,0.0,0.0,0.0,0.9563587997496973,0.028268953824004642,46.020752807010986,0.0,46.020752807010986,0.0,0.0,445298.6157572184,0.0
2023-05-13 00:00:00+00:00,5.0,3.0,232.092311,8009.631213904357,0.0,5.0,0.028484675215853735,477.84806945854996,0.0,0.0,0.0,0.0,0.0,0.0,0.0,0.0,0.0,0.0,0.0,0.0,0.0,0.9563587997496973,0.028268953824004642,0.0,0.0,0.0,0.0,0.0,445776.46382667695,0.0
2023-05-14 00:00:00+00:00,7.0,3.0,2.852473,100.0619224891835,2.0,5.0,0.02847802519327425,4.97290420076899,0.0,0.0,0.0,0.0,0.0,0.0,0.0,0.0,0.0,0.0,0.0,0.0,0.0,1.4542944989034645,0.0421261671949136,0.0,0.0,0.0,0.0,0.0,445781.43673087773,0.0
2023-05-15 00:00:00+00:00,0.0,0.0,0.0,0.0,0.0,0.0,0.0,0.0,0.0,0.0,0.0,0.0,0.0,0.0,0.0,0.0,0.0,0.0,0.0,0.0,0.0,1.16522308311852,0.034554066786518345,0.0,0.0,0.0,0.0,0.0,445781.43673087773,0.0
2023-05-16 00:00:00+00:00,0.0,0.0,0.0,0.0,0.0,0.0,0.0,0.0,0.0,0.0,0.0,0.0,0.0,0.0,0.0,0.0,0.0,0.0,0.0,0.0,0.0,1.4542944989034645,0.0421261671949136,0.0,0.0,0.0,0.0,0.0,445781.43673087773,0.0
2023-05-17 00:00:00+00:00,2.0,2.0,0.10126900000000001,3.541990789356843,1.0,1.0,0.0284656796770682,0.0654536687849255,0.0,0.0,0.0,0.0,0.0,0.0,0.0,0.0,0.0,0.0,0.0,0.0,0.0,1.4542944989034645,0.0421261671949136,0.0,0.0,0.0,0.0,0.0,445781.5021845465,0.0
2023-05-18 00:00:00+00:00,0.0,0.0,0.0,0.0,0.0,0.0,0.0,0.0,0.0,0.0,0.0,0.0,0.0,0.0,0.0,0.0,0.0,0.0,0.0,0.0,0.0,1.4542944989034645,0.0421261671949136,0.0,0.0,0.0,0.0,0.0,445781.5021845465,0.0
2023-05-19 00:00:00+00:00,1.0,1.0,0.313249,10.999739999999871,0.0,1.0,0.028477854931116885,0.6562355223573085,0.0,0.0,0.0,0.0,0.0,0.0,0.0,0.0,0.0,0.0,0.0,0.0,0.0,1.9011183302776704,0.05467872624462654,0.0,0.0,0.0,0.0,0.0,445782.15842006885,0.0
2023-05-20 00:00:00+00:00,0.0,0.0,0.0,0.0,0.0,0.0,0.0,0.0,0.0,0.0,0.0,0.0,0.0,0.0,0.0,0.0,0.0,0.0,0.0,0.0,0.0,1.743365914688409,0.04969826760330885,0.0,0.0,0.0,0.0,0.0,445782.15842006885,0.0
2023-05-21 00:00:00+00:00,1.0,1.0,0.083704,2.927569854867958,1.0,0.0,0.028591632018896883,0.0511202509587462,0.0,0.0,0.0,0.0,0.0,0.0,0.0,0.0,0.0,0.0,0.0,0.0,0.0,0.6463347004999112,0.018479344718118428,0.0,0.0,0.0,0.0,0.0,445782.2095403198,0.0
2023-05-22 00:00:00+00:00,0.0,0.0,0.0,0.0,0.0,0.0,0.0,0.0,0.0,0.0,0.0,0.0,0.0,0.0,0.0,0.0,0.0,0.0,0.0,0.0,0.0,0.6463347004999112,0.018479344718118428,0.0,0.0,0.0,0.0,0.0,445782.2095403198,0.0
2023-05-23 00:00:00+00:00,3.0,2.0,34.784955,1213.4712757919651,2.0,1.0,0.028592927012884798,21.05519847754691,0.0,0.0,0.0,0.0,0.0,0.0,0.0,0.0,0.0,0.0,0.0,0.0,0.0,0.6285306002663598,0.01797050603562265,0.0,0.0,0.0,0.0,0.0,445803.2647387973,0.0
2023-05-24 00:00:00+00:00,1.0,1.0,17.584493,611.0567159110965,1.0,0.0,0.028777186375868898,10.214720696263552,0.0,0.0,0.0,0.0,0.0,0.0,0.0,0.0,0.0,0.0,0.0,0.0,0.0,0.6080113126277675,0.017406440136141704,0.0,0.0,0.0,0.0,0.0,445813.4794594936,0.0
2023-05-25 00:00:00+00:00,9.0,1.0,1042.489436,39367.017443331555,0.0,9.0,0.024621210893213105,2348.6041720599087,0.0,0.0,0.0,0.0,0.0,0.0,0.0,0.0,0.0,0.0,0.0,0.0,0.0,0.6107265000328085,0.017461667353126875,0.0,0.0,0.0,0.0,0.0,448162.0836315535,0.0
2023-05-26 00:00:00+00:00,1.0,1.0,55.0,2232.1239731565984,1.0,0.0,0.024640208456800344,32.63437552382351,0.0,0.0,0.0,0.0,0.0,0.0,0.0,0.0,0.0,0.0,0.0,0.0,0.0,0.6052961252227267,0.017351212919156537,0.0,0.0,0.0,0.0,0.0,448194.71800707735,0.0
2023-05-27 00:00:00+00:00,1.0,1.0,0.012325,0.5,0.0,1.0,0.02465,0.0298295924429721,0.0,0.0,0.0,0.0,0.0,0.0,0.0,0.0,0.0,0.0,0.0,0.0,0.0,0.6080113126277675,0.017406440136141704,0.0,0.0,0.0,0.0,0.0,448194.7478366698,0.0
2023-05-28 00:00:00+00:00,1.0,1.0,0.009,0.3636514666127004,1.0,0.0,0.024748972096365188,0.0051992034478494,0.0,0.0,0.0,0.0,0.0,0.0,0.0,0.0,0.0,0.0,0.0,0.0,0.0,0.5993242037370317,0.017033849180986885,0.0,0.0,0.0,0.0,0.0,448194.75303587323,0.0
2023-05-29 00:00:00+00:00,5.0,1.0,29.851407,1198.4323635510814,5.0,0.0,0.02493449976223975,17.294579123530763,0.0,0.0,0.0,0.0,0.0,0.0,0.0,1198.4323635510816,60.227367,0.0,0.0,0.0,0.0,0.5933522822513365,0.016716485442817234,55.769622822941535,0.0,55.769622822941535,0.0,0.0,448212.0476149968,0.0
2023-05-30 00:00:00+00:00,3.0,3.0,105.692482,4292.129957678579,1.0,2.0,0.024453097555800423,249.81880999268023,0.0,0.0,0.0,0.0,0.0,0.0,0.0,0.0,0.0,301.4611945655694,7.39079,0.0,0.0,0.5933522822513365,0.016716485442817234,0.0,9.42471378466999,-9.42471378466999,0.0,0.0,448461.8664249895,0.0
2023-05-31 00:00:00+00:00,6.0,4.0,4.124694,168.74477082353852,4.0,2.0,0.024523727008997166,9.293829494047712,0.0,0.0,0.0,0.0,0.0,0.0,0.0,0.0,0.0,150.8151770261658,3.693327,0.0,0.0,2.2528805481918655,0.055076251836962395,0.0,16.626959227140993,-16.626959227140993,0.0,0.0,448471.1602544835,0.0
2023-06-01 00:00:00+00:00,13.0,5.0,127.448425,5151.028205779631,6.0,7.0,0.024791519651942137,101.48375850420304,0.0,0.0,0.0,0.0,0.0,0.0,0.0,3121.1031882478965,73.90865,25121.447409476856,623.57397,0.0,0.0,0.7962731473865059,0.019701650709335033,120.34235819723968,991.469189894641,-871.1268316974013,0.0,0.0,448572.64401298773,0.0
2023-06-02 00:00:00+00:00,2.0,2.0,2.750095,110.96325344705721,1.0,1.0,0.024876069695579088,6.528515424454663,0.0,0.0,0.0,0.0,0.0,0.0,0.0,0.0,0.0,34.10269450498847,0.847021,0.0,0.0,2.2532167220277945,0.055076251836962395,0.0,3.7867704719844433,-3.7867704719844433,0.0,0.0,448579.1725284122,0.0
2023-06-03 00:00:00+00:00,2.0,2.0,60.237004,2443.486211652136,0.0,2.0,0.024530426488866226,145.7763956672102,0.0,0.0,0.0,0.0,0.0,0.0,0.0,0.0,0.0,2390.924708917968,59.358102,0.0,0.0,2.2532167220277945,0.055076251836962395,0.0,265.4298394058135,-265.4298394058135,0.0,0.0,448724.9489240794,0.0
2023-06-04 00:00:00+00:00,1.0,1.0,44.041864,1802.2815030796926,0.0,1.0,0.024436728626877867,107.52264540874884,0.0,0.0,0.0,0.0,0.0,0.0,0.0,0.0,0.0,1802.2815030796926,44.294539,0.0,0.0,2.3636384089521165,0.0582039249640512,0.0,209.5961310565753,-209.5961310565753,0.0,0.0,448832.4715694882,0.0
2023-06-05 00:00:00+00:00,0.0,0.0,0.0,0.0,0.0,0.0,0.0,0.0,0.0,0.0,0.0,0.0,0.0,0.0,0.0,0.0,0.0,0.0,0.0,0.0,0.0,2.368781004787441,0.05851942827203845,0.0,0.0,0.0,0.0,0.0,448832.4715694882,0.0
2023-06-06 00:00:00+00:00,1.0,1.0,32.939099,1356.7572663723997,0.0,1.0,0.024277812853046442,80.94303259985928,0.0,0.0,0.0,0.0,0.0,0.0,0.0,0.0,0.0,1356.7572663723997,33.097593,0.0,0.0,2.3969854235580685,0.05924705823298497,0.0,159.71832474464864,-159.71832474464864,0.0,0.0,448913.41460208804,0.0
2023-06-07 00:00:00+00:00,4.0,1.0,1.3,53.4766986828034,4.0,0.0,0.024310272565786033,0.6758840882943916,0.0,0.0,0.0,0.0,0.0,0.0,0.0,0.0,0.0,0.0,0.0,0.0,0.0,2.3969854235580685,0.05924705823298497,0.0,0.0,0.0,0.0,0.0,448914.0904861763,0.0
2023-06-08 00:00:00+00:00,3.0,3.0,1.571104,64.88799145050537,1.0,2.0,0.024305898421355096,3.8518399159803858,0.0,0.0,0.0,0.0,0.0,0.0,0.0,0.0,0.0,0.0,0.0,0.0,0.0,2.430710438508965,0.05951027626347883,0.0,0.0,0.0,0.0,0.0,448917.9423260923,0.0
2023-06-09 00:00:00+00:00,4.0,3.0,1.6556929999999999,68.40190625451893,0.0,4.0,0.02420252467524399,4.08080197178937,0.0,0.0,0.0,0.0,0.0,0.0,0.0,0.0,0.0,0.0,0.0,0.0,0.0,2.4465254344690237,0.059659184885944225,0.0,0.0,0.0,0.0,0.0,448922.02312806406,0.0
2023-06-10 00:00:00+00:00,1.0,1.0,49.192994,2041.18267197392,0.0,1.0,0.02410024084342635,121.77529441327772,0.0,0.0,0.0,0.0,0.0,0.0,0.0,1.9999999999999476,0.048094,2041.18267197392,49.499634,0.0,0.0,2.454515709006002,0.059659184885944225,0.23736584828081997,243.27292365632536,-243.03555780804453,0.0,0.0,449043.7984224773,0.0
2023-06-11 00:00:00+00:00,1.0,1.0,0.070257,2.927569854867958,0.0,1.0,0.0239984025942803,0.1746564312380844,0.0,0.0,0.0,0.0,0.0,0.0,0.0,0.0,0.0,0.0,0.0,0.0,0.0,2.4610317508956596,0.05965918488594422,0.0,0.0,0.0,0.0,0.0,449043.9730789086,0.0
2023-06-12 00:00:00+00:00,0.0,0.0,0.0,0.0,0.0,0.0,0.0,0.0,0.0,0.0,0.0,0.0,0.0,0.0,0.0,0.0,0.0,0.0,0.0,0.0,0.0,2.4610317508956596,0.05965918488594422,0.0,0.0,0.0,0.0,0.0,449043.9730789086,0.0
2023-06-13 00:00:00+00:00,1.0,1.0,0.260298,10.84673,0.0,1.0,0.023997831604548093,0.6471070704779179,0.0,0.0,0.0,0.0,0.0,0.0,0.0,0.0,0.0,0.0,0.0,0.0,0.0,2.470084716856758,0.05965918488594422,0.0,0.0,0.0,0.0,0.0,449044.62018597906,0.0
2023-06-14 00:00:00+00:00,0.0,0.0,0.0,0.0,0.0,0.0,0.0,0.0,0.0,0.0,0.0,0.0,0.0,0.0,0.0,0.0,0.0,0.0,0.0,0.0,0.0,2.475460111520712,0.05965918488594422,0.0,0.0,0.0,0.0,0.0,449044.62018597906,0.0
2023-06-15 00:00:00+00:00,0.0,0.0,0.0,0.0,0.0,0.0,0.0,0.0,0.0,0.0,0.0,0.0,0.0,0.0,0.0,0.0,0.0,0.0,0.0,0.0,0.0,2.4807124720184115,0.059659184885944225,0.0,0.0,0.0,0.0,0.0,449044.62018597906,0.0
2023-06-16 00:00:00+00:00,0.0,0.0,0.0,0.0,0.0,0.0,0.0,0.0,0.0,0.0,0.0,0.0,0.0,0.0,0.0,0.0,0.0,0.0,0.0,0.0,0.0,2.485964832516111,0.05965918488594422,0.0,0.0,0.0,0.0,0.0,449044.62018597906,0.0
2023-06-17 00:00:00+00:00,0.0,0.0,0.0,0.0,0.0,0.0,0.0,0.0,0.0,0.0,0.0,0.0,0.0,0.0,0.0,0.0,0.0,0.0,0.0,0.0,0.0,2.4859944072797266,0.059659184885944225,0.0,0.0,0.0,0.0,0.0,449044.62018597906,0.0
2023-06-18 00:00:00+00:00,2.0,1.0,0.838321,34.86269488872986,1.0,1.0,0.023998202166249146,1.249983743514741,0.0,0.0,0.0,0.0,0.0,0.0,0.0,0.0,0.0,0.0,0.0,0.0,0.0,1.9885401022790183,0.04775683168113591,0.0,0.0,0.0,0.0,0.0,449045.8701697226,0.0
2023-06-19 00:00:00+00:00,2.0,1.0,34.348916,1426.3892296693305,1.0,1.0,0.024032886176479997,50.90254400472498,0.0,0.0,0.0,0.0,0.0,0.0,0.0,0.0,0.0,0.0,0.0,0.0,0.0,1.4910562225146942,0.0358544784763276,0.0,0.0,0.0,0.0,0.0,449096.7727137273,0.0
2023-06-20 00:00:00+00:00,1.0,1.0,12.284996,512.4684751248516,0.0,1.0,0.02397219847914944,30.573451505691438,0.0,0.0,0.0,0.0,0.0,0.0,0.0,0.0,0.0,512.4684751248516,12.322619,0.0,0.0,1.4910562225146942,0.0358544784763276,0.0,36.74800764878822,-36.74800764878822,0.0,0.0,449127.346165233,0.0
2023-06-21 00:00:00+00:00,1.0,1.0,0.083751,3.497410789356973,0.0,1.0,0.023946572205605365,0.2086526769043438,0.0,0.0,0.0,0.0,0.0,0.0,0.0,0.0,0.0,0.0,0.0,0.0,0.0,1.989869237037585,0.04775683168113591,0.0,0.0,0.0,0.0,0.0,449127.5548179099,0.0
2023-06-22 00:00:00+00:00,16.0,2.0,2962.915908,98324.00688100472,15.0,1.0,0.0364425920719678,1529.148425030928,0.0,0.0,0.0,0.0,0.0,0.0,0.0,0.0,0.0,29.82860907058774,0.968718,0.0,0.0,1.4910562225146942,0.0358544784763276,0.0,2.5139022236621678,-2.5139022236621678,0.0,0.0,450656.7032429408,0.0
2023-06-23 00:00:00+00:00,9.0,1.0,11.205123,296.13874151961164,9.0,0.0,0.03786637226446045,5.85178343588171,0.0,0.0,0.0,0.0,0.0,0.0,0.0,0.0,0.0,0.0,0.0,0.0,0.0,1.4864909993543831,0.03577038574612129,0.0,0.0,0.0,0.0,0.0,450662.55502637674,0.0
2023-06-24 00:00:00+00:00,16.0,1.0,105.83539,2781.088523269175,15.0,1.0,0.038159674288962005,75.61130983826384,0.0,0.0,0.0,0.0,0.0,0.0,0.0,0.0,0.0,0.0,0.0,0.0,0.0,1.4819257761940718,0.035686293015914985,0.0,0.0,0.0,0.0,0.0,450738.166336215,0.0
2023-06-25 00:00:00+00:00,1.0,1.0,3.514855,92.47616730124724,1.0,0.0,0.03800822528198132,1.8386696226668595,0.0,0.0,0.0,0.0,0.0,0.0,0.0,2137.0457007754617,0.0,0.0,0.0,0.0,0.0,0.7144236898287409,0.027187667420734453,58.10128777559365,0.0,58.10128777559365,0.0,0.0,450740.00500583765,0.0
2023-06-26 00:00:00+00:00,3.0,3.0,17.189130000000002,451.62417331380743,2.0,1.0,0.0380765663066986,8.749674028341147,0.0,0.0,0.0,0.0,0.0,0.0,0.0,294.4699611221893,0.0,0.0,0.0,0.0,0.0,0.523113932912413,0.019882632210278257,5.854837933967428,0.0,5.854837933967428,0.0,0.0,450748.754679866,0.0
2023-06-27 00:00:00+00:00,11.0,3.0,6.578903,172.74937066728413,10.0,1.0,0.037950175774805056,3.7639143554473513,0.0,0.0,0.0,0.0,0.0,0.0,0.0,50.466847783222015,0.0,0.0,0.0,0.0,0.0,0.523113932912413,0.019882632210278257,1.0034137732858999,0.0,1.0034137732858999,0.0,0.0,450752.51859422144,0.0
2023-06-28 00:00:00+00:00,15.0,6.0,5627.587949,124455.80998139616,9.0,6.0,0.03778717384841865,5118.847109812262,0.0,0.0,0.0,0.0,0.0,0.0,0.0,0.0,0.0,0.0,0.0,0.0,0.0,0.523113932912413,0.019882632210278257,0.0,0.0,0.0,0.0,0.0,455871.3657040337,0.0
2023-06-29 00:00:00+00:00,3.0,2.0,120.20920899999999,3164.3477005105437,1.0,2.0,0.03790912450565752,128.36364030309164,0.0,0.0,0.0,0.0,0.0,0.0,0.0,0.0,0.0,0.0,0.0,0.0,0.0,0.572118840397457,0.02178829561525097,0.0,0.0,0.0,0.0,0.0,455999.7293443368,0.0
2023-06-30 00:00:00+00:00,2.0,2.0,0.830365,22.000659999999662,0.0,2.0,0.0377416296129297,1.3125414425527775,0.0,0.0,0.0,0.0,0.0,0.0,0.0,0.0,0.0,0.0,0.0,0.0,0.0,0.7144236898287409,0.027187667420734453,0.0,0.0,0.0,0.0,0.0,456001.04188577936,0.0
2023-07-01 00:00:00+00:00,4.0,4.0,45.821807,1217.939605289468,0.0,4.0,0.03751038419892083,72.66128409187831,0.0,0.0,0.0,0.0,0.0,0.0,0.0,0.0,0.0,829.4649033748517,31.320370000000004,0.0,0.0,0.9095987759235039,0.04056559280207454,0.0,62.13670572738758,-62.13670572738758,0.0,0.0,456073.70316987124,0.0
2023-07-02 00:00:00+00:00,0.0,0.0,0.0,0.0,0.0,0.0,0.0,0.0,0.0,0.0,0.0,0.0,0.0,0.0,0.0,0.0,0.0,0.0,0.0,0.0,0.0,0.9887170527185829,0.04084771462613836,0.0,0.0,0.0,0.0,0.0,456073.70316987124,0.0
2023-07-03 00:00:00+00:00,0.0,0.0,0.0,0.0,0.0,0.0,0.0,0.0,0.0,0.0,0.0,0.0,0.0,0.0,0.0,0.0,0.0,0.0,0.0,0.0,0.0,1.067835329513662,0.04112983645020216,0.0,0.0,0.0,0.0,0.0,456073.70316987124,0.0
2023-07-04 00:00:00+00:00,3.0,1.0,1.211798,32.17906942958648,3.0,0.0,0.03766056543877798,0.6180965252249264,0.0,0.0,0.0,0.0,0.0,0.0,0.0,0.0,0.0,0.0,0.0,0.0,0.0,1.067835329513662,0.04112983645020216,0.0,0.0,0.0,0.0,0.0,456074.32126639644,0.0
2023-07-05 00:00:00+00:00,1.0,1.0,3.866343,103.10071293845121,0.0,1.0,0.0375006427192033,6.1509044950677225,0.0,0.0,0.0,0.0,0.0,0.0,0.0,0.0,0.0,0.0,0.0,0.0,0.0,1.5806801136280761,0.059659184885944225,0.0,0.0,0.0,0.0,0.0,456080.47217089153,0.0
2023-07-06 00:00:00+00:00,0.0,0.0,0.0,0.0,0.0,0.0,0.0,0.0,0.0,0.0,0.0,0.0,0.0,0.0,0.0,0.0,0.0,0.0,0.0,0.0,0.0,1.5832080038580985,0.059659184885944225,0.0,0.0,0.0,0.0,0.0,456080.47217089153,0.0
2023-07-07 00:00:00+00:00,2.0,2.0,401.546991,11014.030762967526,0.0,2.0,0.03545232807296855,657.088097627357,0.0,0.0,0.0,0.0,0.0,0.0,0.0,0.0,0.0,0.0,0.0,0.0,0.0,1.5883101122978573,0.059659184885944225,0.0,0.0,0.0,0.0,0.0,456737.56026851886,0.0
2023-07-08 00:00:00+00:00,1.0,1.0,0.031414,0.8861406808546803,0.0,1.0,0.03545035306324192,0.0528664307140658,0.0,0.0,0.0,0.0,0.0,0.0,0.0,0.0,0.0,0.0,0.0,0.0,0.0,1.6136379335634605,0.05965918488594418,0.0,0.0,0.0,0.0,0.0,456737.6131349496,0.0
2023-07-09 00:00:00+00:00,0.0,0.0,0.0,0.0,0.0,0.0,0.0,0.0,0.0,0.0,0.0,0.0,0.0,0.0,0.0,0.0,0.0,0.0,0.0,0.0,0.0,1.6136379335634605,0.05965918488594418,0.0,0.0,0.0,0.0,0.0,456737.6131349496,0.0
2023-07-10 00:00:00+00:00,1.0,1.0,6.351578,178.36822594075332,1.0,0.0,0.03560935792515947,3.1452889016530228,0.0,0.0,0.0,0.0,0.0,0.0,0.0,0.0,0.0,0.0,0.0,0.0,0.0,1.590884330507594,0.05965918488594414,0.0,0.0,0.0,0.0,0.0,456740.7584238512,0.0
2023-07-11 00:00:00+00:00,10.0,4.0,2078.299794,64525.303442134464,3.0,7.0,0.03199378812967321,2795.9396027881808,0.0,0.0,0.0,0.0,0.0,0.0,0.0,0.0,0.0,0.0,0.0,0.0,0.0,1.590884330507594,0.05965918488594414,0.0,0.0,0.0,0.0,0.0,459536.6980266394,0.0
2023-07-12 00:00:00+00:00,3.0,1.0,670.158266,21574.404791166387,0.0,3.0,0.030136577954902623,1287.1114042403965,0.0,0.0,0.0,0.0,0.0,0.0,0.0,0.0,0.0,0.0,0.0,0.0,0.0,1.636391536619327,0.05965918488594414,0.0,0.0,0.0,0.0,0.0,460823.80943087983,0.0
2023-07-13 00:00:00+00:00,0.0,0.0,0.0,0.0,0.0,0.0,0.0,0.0,0.0,0.0,0.0,0.0,0.0,0.0,0.0,0.0,0.0,0.0,0.0,0.0,0.0,1.636391536619327,0.05965918488594414,0.0,0.0,0.0,0.0,0.0,460823.80943087983,0.0
2023-07-14 00:00:00+00:00,2.0,2.0,100.269892,3355.931009893548,1.0,1.0,0.029988,52.642719608542315,0.0,0.0,0.0,0.0,0.0,0.0,0.0,0.0,0.0,2011.6811392521822,60.446156,0.0,0.0,1.3453013905212274,0.04333090204365403,0.0,168.4862561064657,-168.4862561064657,0.0,0.0,460876.4521504884,0.0
2023-07-15 00:00:00+00:00,0.0,0.0,0.0,0.0,0.0,0.0,0.0,0.0,0.0,0.0,0.0,0.0,0.0,0.0,0.0,0.0,0.0,0.0,0.0,0.0,0.0,0.9351558129909805,0.03048229293709549,0.0,0.0,0.0,0.0,0.0,460876.4521504884,0.0
2023-07-16 00:00:00+00:00,0.0,0.0,0.0,0.0,0.0,0.0,0.0,0.0,0.0,0.0,0.0,0.0,0.0,0.0,0.0,32.17906942958648,0.0,0.0,0.0,0.0,0.0,0.9351558129909805,0.03048229293709549,0.9808918207957892,0.0,0.9808918207957892,0.0,0.0,460876.4521504884,0.0
2023-07-17 00:00:00+00:00,0.0,0.0,0.0,0.0,0.0,0.0,0.0,0.0,0.0,0.0,0.0,0.0,0.0,0.0,0.0,0.0,0.0,0.0,0.0,0.0,0.0,1.3453013905212274,0.04333090204365403,0.0,0.0,0.0,0.0,0.0,460876.4521504884,0.0
2023-07-18 00:00:00+00:00,3.0,2.0,15.974317,532.0369310154349,1.0,2.0,0.02997145,24.404991424619826,0.0,0.0,0.0,0.0,0.0,0.0,0.0,0.0,0.0,0.0,0.0,0.0,0.0,1.527764312215654,0.04587085971276647,0.0,0.0,0.0,0.0,0.0,460900.85714191303,0.0
2023-07-19 00:00:00+00:00,0.0,0.0,0.0,0.0,0.0,0.0,0.0,0.0,0.0,0.0,0.0,0.0,0.0,0.0,0.0,0.0,0.0,0.0,0.0,0.0,0.0,1.0263872738381936,0.030778666122764673,0.0,0.0,0.0,0.0,0.0,460900.85714191303,0.0
2023-07-20 00:00:00+00:00,1.0,1.0,11.592871,387.3227082757137,0.0,1.0,0.02993078059277556,23.107357063545447,0.0,0.0,0.0,0.0,0.0,0.0,0.0,0.0,0.0,387.3227082757137,11.626503,0.0,0.0,1.527764312215654,0.04587085971276647,0.0,35.52938197415227,-35.52938197415227,0.0,0.0,460923.9644989766,0.0
2023-07-21 00:00:00+00:00,1.0,1.0,11.950541,400.0,0.0,1.0,0.029876352499999998,23.86367395437769,0.0,0.0,0.0,0.0,0.0,0.0,0.0,0.0,0.0,0.0,0.0,0.0,0.0,1.9932385224976148,0.05965918488594422,0.0,0.0,0.0,0.0,0.0,460947.828172931,0.0
2023-07-22 00:00:00+00:00,0.0,0.0,0.0,0.0,0.0,0.0,0.0,0.0,0.0,0.0,0.0,0.0,0.0,0.0,0.0,0.0,0.0,0.0,0.0,0.0,0.0,1.9932385224976148,0.05965918488594422,0.0,0.0,0.0,0.0,0.0,460947.828172931,0.0
2023-07-23 00:00:00+00:00,2.0,2.0,1.52788,50.98065302847942,1.0,1.0,0.029854759902803993,0.8221769487659845,0.0,0.0,0.0,0.0,0.0,0.0,0.0,0.0,0.0,0.0,0.0,0.0,0.0,1.7605014173566342,0.05276502229935534,0.0,0.0,0.0,0.0,0.0,460948.65034987975,0.0
2023-07-24 00:00:00+00:00,3.0,2.0,86.079488,2890.498871412075,2.0,1.0,0.02991606524140261,117.0368955468362,0.0,0.0,0.0,0.0,0.0,0.0,0.0,0.0,0.0,0.0,0.0,0.0,0.0,1.527764312215654,0.04587085971276647,0.0,0.0,0.0,0.0,0.0,461065.6872454266,0.0
2023-07-25 00:00:00+00:00,1.0,1.0,100.0,3316.980127410497,1.0,0.0,0.030147904466967093,49.26484879848483,0.0,0.0,0.0,0.0,0.0,0.0,0.0,0.0,0.0,0.0,0.0,0.0,50.04679859150632,1.3596374498281891,0.04049020627697426,0.0,0.0,0.0,0.0,2.0264051984722755,461114.9520942251,0.0
2023-07-26 00:00:00+00:00,0.0,0.0,0.0,0.0,0.0,0.0,0.0,0.0,0.0,0.0,0.0,0.0,0.0,0.0,0.0,0.0,0.0,0.0,0.0,0.0,0.0,1.3596374498281891,0.04049020627697426,0.0,0.0,0.0,0.0,0.0,461114.9520942251,0.0
2023-07-27 00:00:00+00:00,2.0,2.0,198.016998,6581.635238686319,1.0,1.0,0.03014515764929918,246.34347407738653,0.0,0.0,0.0,0.0,0.0,0.0,0.0,0.0,0.0,0.0,0.0,0.0,0.0,1.2440521599937928,0.03742891624096691,0.0,0.0,0.0,0.0,0.0,461361.2955683025,0.0
2023-07-28 00:00:00+00:00,0.0,0.0,0.0,0.0,0.0,0.0,0.0,0.0,0.0,0.0,0.0,0.0,0.0,0.0,0.0,0.0,0.0,0.0,0.0,0.0,0.0,0.8910841698881131,0.026778075394145,0.0,0.0,0.0,0.0,0.0,461361.2955683025,0.0
2023-07-29 00:00:00+00:00,1.0,1.0,95.236225,3112.6672749237687,1.0,0.0,0.03059633959827345,46.99104287786844,0.0,0.0,0.0,0.0,0.0,0.0,0.0,0.0,0.0,0.0,0.0,0.0,0.0,0.5381161797824335,0.016127234547323083,0.0,0.0,0.0,0.0,0.0,461408.2866111804,0.0
2023-07-30 00:00:00+00:00,4.0,3.0,0.707214,23.034646287542742,2.0,2.0,0.03069472222222222,1.3192820955325477,0.0,0.0,0.0,0.0,0.0,0.0,0.0,0.0,0.0,0.0,0.0,0.0,0.0,1.2440521599937928,0.03742891624096691,0.0,0.0,0.0,0.0,0.0,461409.60589327593,0.0
2023-07-31 00:00:00+00:00,3.0,3.0,160.34833400000002,5140.5189756275295,3.0,0.0,0.031195869115749713,77.88998728318802,0.0,0.0,0.0,0.0,0.0,0.0,0.0,0.0,0.0,0.0,0.0,0.0,0.0,0.49341563966724256,0.015152164139940675,0.0,0.0,0.0,0.0,0.0,461487.49588055915,0.0
2023-08-01 00:00:00+00:00,13.0,12.0,380.914606,11883.466889632446,2.0,11.0,0.03175691536118206,418.10827163642034,0.0,0.0,0.0,0.0,0.0,0.0,0.0,0.0,0.0,0.0,0.0,0.0,0.0,1.097643054507656,0.03518403135377881,0.0,0.0,0.0,0.0,0.0,461905.60415219556,0.0
2023-08-02 00:00:00+00:00,2.0,2.0,203.68393,6539.3903478498105,1.0,1.0,0.03114708835180866,390.0647456877998,0.0,0.0,0.0,0.0,0.0,0.0,0.0,0.0,0.0,0.0,0.0,0.0,0.0,1.1708476072507246,0.03630647379737286,0.0,0.0,0.0,0.0,0.0,462295.6688978834,0.0
2023-08-03 00:00:00+00:00,1.0,1.0,0.875101,28.534848741104742,0.0,1.0,0.030667798800678697,1.7023658167380211,0.0,0.0,0.0,0.0,0.0,0.0,0.0,0.0,0.0,0.0,0.0,0.0,0.0,1.4815534128871355,0.046228923729738955,0.0,0.0,0.0,0.0,0.0,462297.37126370013,0.0
2023-08-04 00:00:00+00:00,0.0,0.0,0.0,0.0,0.0,0.0,0.0,0.0,0.0,0.0,0.0,0.0,0.0,0.0,0.0,0.0,0.0,0.0,0.0,0.0,0.0,1.4815534128871355,0.046228923729738955,0.0,0.0,0.0,0.0,0.0,462297.37126370013,0.0
2023-08-05 00:00:00+00:00,5.0,2.0,2079.770439,58313.07978278575,5.0,0.0,0.04103217942594961,946.1162893343218,0.0,0.0,0.0,0.0,0.0,0.0,0.0,0.0,0.0,0.0,0.0,0.0,0.0,1.4815534128871355,0.046228923729738955,0.0,0.0,0.0,0.0,0.0,463243.48755303444,0.0
2023-08-06 00:00:00+00:00,2.0,2.0,163.598306,3917.501036143004,1.0,1.0,0.04203849681859925,75.62520575456219,0.0,0.0,0.0,0.0,0.0,0.0,0.0,0.0,0.0,0.0,0.0,0.0,0.0,0.791698972064661,0.027244241044137727,0.0,0.0,0.0,0.0,0.0,463319.112758789,0.0
2023-08-07 00:00:00+00:00,2.0,2.0,2.411906,57.38443499999994,0.0,2.0,0.042030047509371775,3.4235086172404454,0.0,0.0,0.0,0.0,0.0,0.0,0.0,0.0,0.0,0.0,0.0,0.0,0.0,1.2585317351227179,0.047416259600182295,0.0,0.0,0.0,0.0,0.0,463322.5362674062,0.0
2023-08-08 00:00:00+00:00,0.0,0.0,0.0,0.0,0.0,0.0,0.0,0.0,0.0,0.0,0.0,0.0,0.0,0.0,0.0,0.0,0.0,0.0,0.0,0.0,0.0,1.4194204157377797,0.05964848784658579,0.0,0.0,0.0,0.0,0.0,463322.5362674062,0.0
2023-08-09 00:00:00+00:00,5.0,2.0,75.731072,1786.3008532703066,2.0,3.0,0.04242452109417127,34.82448468744116,0.0,0.0,0.0,0.0,0.0,0.0,0.0,0.0,0.0,0.0,0.0,0.0,0.0,0.46226154538887576,0.01949530764858872,0.0,0.0,0.0,0.0,0.0,463357.3607520936,0.0
2023-08-10 00:00:00+00:00,0.0,0.0,0.0,0.0,0.0,0.0,0.0,0.0,0.0,0.0,0.0,0.0,0.0,0.0,0.0,0.0,0.0,0.0,0.0,0.0,0.0,0.4610528097642496,0.019399879191542683,0.0,0.0,0.0,0.0,0.0,463357.3607520936,0.0
2023-08-11 00:00:00+00:00,1.0,1.0,0.466803,11.000869999999871,0.0,1.0,0.04243328027692405,0.6563029372362297,0.0,0.0,0.0,0.0,0.0,0.0,0.0,0.0,0.0,0.0,0.0,0.0,0.0,0.46226154538887576,0.01949530764858872,0.0,0.0,0.0,0.0,0.0,463358.01705503085,0.0
2023-08-12 00:00:00+00:00,0.0,0.0,0.0,0.0,0.0,0.0,0.0,0.0,0.0,0.0,0.0,0.0,0.0,0.0,0.0,0.0,0.0,0.0,0.0,0.0,0.0,0.9341071216427412,0.039577246267266476,0.0,0.0,0.0,0.0,0.0,463358.01705503085,0.0
2023-08-13 00:00:00+00:00,0.0,0.0,0.0,0.0,0.0,0.0,0.0,0.0,0.0,0.0,0.0,0.0,0.0,0.0,0.0,0.0,0.0,0.0,0.0,0.0,0.0,1.4059526978966066,0.05965918488594423,0.0,0.0,0.0,0.0,0.0,463358.01705503085,0.0
2023-08-14 00:00:00+00:00,0.0,0.0,0.0,0.0,0.0,0.0,0.0,0.0,0.0,0.0,0.0,0.0,0.0,0.0,0.0,0.0,0.0,0.0,0.0,0.0,0.0,0.932898386018115,0.03957724626726648,0.0,0.0,0.0,0.0,0.0,463358.01705503085,0.0
2023-08-15 00:00:00+00:00,0.0,0.0,0.0,0.0,0.0,0.0,0.0,0.0,0.0,0.0,0.0,0.0,0.0,0.0,0.0,0.0,0.0,0.0,0.0,0.0,0.0,0.932898386018115,0.03957724626726648,0.0,0.0,0.0,0.0,0.0,463358.01705503085,0.0
2023-08-16 00:00:00+00:00,0.0,0.0,0.0,0.0,0.0,0.0,0.0,0.0,0.0,0.0,0.0,0.0,0.0,0.0,0.0,0.0,0.0,0.0,0.0,0.0,0.0,1.4059526978966066,0.05965918488594424,0.0,0.0,0.0,0.0,0.0,463358.01705503085,0.0
2023-08-17 00:00:00+00:00,2.0,2.0,8.947955,210.99986999999987,0.0,2.0,0.042406115,12.58808025524019,0.0,0.0,0.0,0.0,0.0,0.0,0.0,0.0,0.0,0.0,0.0,0.0,0.0,1.406381778191085,0.05965918488594424,0.0,0.0,0.0,0.0,0.0,463370.6051352861,0.0
2023-08-18 00:00:00+00:00,1.0,1.0,1.0,23.498696344407623,1.0,0.0,0.042555552246113716,0.4354279691501613,0.0,0.0,0.0,0.0,0.0,0.0,0.0,0.0,0.0,0.0,0.0,0.0,0.0,0.9211194138178623,0.03909453128826656,0.0,0.0,0.0,0.0,0.0,463371.04056325526,0.0
2023-08-19 00:00:00+00:00,0.0,0.0,0.0,0.0,0.0,0.0,0.0,0.0,0.0,0.0,0.0,0.0,0.0,0.0,0.0,0.0,0.0,0.0,0.0,0.0,0.0,0.9211194138178623,0.03909453128826656,0.0,0.0,0.0,0.0,0.0,463371.04056325526,0.0
2023-08-20 00:00:00+00:00,3.0,1.0,532.02246,13000.0,0.0,3.0,0.040043388,775.5694035172751,0.0,0.0,0.0,0.0,0.0,0.0,0.0,0.0,0.0,0.0,0.0,0.0,0.0,1.4068108584855634,0.05965918488594423,0.0,0.0,0.0,0.0,0.0,464146.60996677255,0.0
2023-08-21 00:00:00+00:00,1.0,1.0,0.395099,10.0,0.0,1.0,0.0395099,0.5965918488594423,0.0,0.0,0.0,0.0,0.0,0.0,0.0,0.0,0.0,0.0,0.0,0.0,0.0,1.432293269351332,0.059659184885944225,0.0,0.0,0.0,0.0,0.0,464147.20655862143,0.0
2023-08-22 00:00:00+00:00,1.0,1.0,24.506437,621.2995805651211,0.0,1.0,0.03944383316291547,37.06622654649416,0.0,0.0,0.0,0.0,0.0,0.0,0.0,0.0,0.0,0.0,0.0,0.0,0.0,1.4577756802171002,0.059659184885944225,0.0,0.0,0.0,0.0,0.0,464184.2727851679,0.0
2023-08-23 00:00:00+00:00,2.0,2.0,0.14333,3.625198487119613,2.0,0.0,0.03953741133479333,0.058694034970209294,0.0,0.0,0.0,0.0,0.0,0.0,0.0,0.0,0.0,0.0,0.0,0.0,0.0,1.432293269351332,0.059659184885944225,0.0,0.0,0.0,0.0,0.0,464184.3314792029,0.0
2023-08-24 00:00:00+00:00,0.0,0.0,0.0,0.0,0.0,0.0,0.0,0.0,0.0,0.0,0.0,0.0,0.0,0.0,0.0,0.0,0.0,0.0,0.0,0.0,0.0,1.4577756802171002,0.05965918488594422,0.0,0.0,0.0,0.0,0.0,464184.3314792029,0.0
2023-08-25 00:00:00+00:00,0.0,0.0,0.0,0.0,0.0,0.0,0.0,0.0,0.0,0.0,0.0,0.0,0.0,0.0,0.0,0.0,0.0,0.0,0.0,0.0,0.0,1.4838781702023272,0.059659184885944225,0.0,0.0,0.0,0.0,0.0,464184.3314792029,0.0
2023-08-26 00:00:00+00:00,0.0,0.0,0.0,0.0,0.0,0.0,0.0,0.0,0.0,0.0,0.0,0.0,0.0,0.0,0.0,0.0,0.0,0.0,0.0,0.0,0.0,1.4838781702023272,0.059659184885944225,0.0,0.0,0.0,0.0,0.0,464184.3314792029,0.0
2023-08-27 00:00:00+00:00,3.0,3.0,1.299394,32.99960999999961,0.0,3.0,0.03937373805326836,1.9687298341540314,0.0,0.0,0.0,0.0,0.0,0.0,0.0,0.0,0.0,0.0,0.0,0.0,0.0,1.5112452386815525,0.059659184885944225,0.0,0.0,0.0,0.0,0.0,464186.300209037,0.0
2023-08-28 00:00:00+00:00,0.0,0.0,0.0,0.0,0.0,0.0,0.0,0.0,0.0,0.0,0.0,0.0,0.0,0.0,0.0,0.0,0.0,0.0,0.0,0.0,0.0,1.512509817175551,0.05965918488594422,0.0,0.0,0.0,0.0,0.0,464186.300209037,0.0
2023-08-29 00:00:00+00:00,0.0,0.0,0.0,0.0,0.0,0.0,0.0,0.0,0.0,0.0,0.0,0.0,0.0,0.0,0.0,0.0,0.0,0.0,0.0,0.0,0.0,0.9623083157164427,0.037924878146465335,0.0,0.0,0.0,0.0,0.0,464186.300209037,0.0
2023-08-30 00:00:00+00:00,0.0,0.0,0.0,0.0,0.0,0.0,0.0,0.0,0.0,0.0,0.0,0.0,0.0,0.0,0.0,0.0,0.0,0.0,0.0,0.0,0.0,1.5151138408781566,0.05965918488594424,0.0,0.0,0.0,0.0,0.0,464186.300209037,0.0
2023-08-31 00:00:00+00:00,1.0,1.0,1.5,37.941459547898866,1.0,0.0,0.03953458875524644,0.5477035904586536,0.0,0.0,0.0,0.0,0.0,0.0,0.0,0.0,0.0,0.0,0.0,0.0,0.0,0.9401247839252962,0.037047337845823716,0.0,0.0,0.0,0.0,0.0,464186.8479126275,0.0
2023-09-01 00:00:00+00:00,0.0,0.0,0.0,0.0,0.0,0.0,0.0,0.0,0.0,0.0,0.0,0.0,0.0,0.0,0.0,0.0,0.0,0.0,0.0,0.0,0.0,0.9401247839252962,0.037047337845823716,0.0,0.0,0.0,0.0,0.0,464186.8479126275,0.0
2023-09-02 00:00:00+00:00,1.0,1.0,0.1,2.5291583864918734,1.0,0.0,0.03953884443698573,0.035434718510558,0.0,0.0,0.0,0.0,0.0,0.0,0.0,0.0,0.0,0.0,0.0,0.0,0.0,0.36513572697243574,0.01443549080570319,0.0,0.0,0.0,0.0,0.0,464186.88334734604,0.0
2023-09-03 00:00:00+00:00,1.0,1.0,0.389075,9.83999972522124,1.0,0.0,0.03954014338056825,0.1379720008336218,0.0,0.0,0.0,0.0,0.0,0.0,0.0,0.0,0.0,0.0,0.0,0.0,0.0,0.3546154361848533,0.01402154519171185,0.0,0.0,0.0,0.0,0.0,464187.02131934685,0.0
2023-09-04 00:00:00+00:00,3.0,3.0,9.960289,252.97570345489262,1.0,2.0,0.039337797828717644,14.395541508454714,0.0,0.0,0.0,0.0,0.0,0.0,0.0,0.0,0.0,0.0,0.0,0.0,0.0,0.3598755815786445,0.014228517998707519,0.0,0.0,0.0,0.0,0.0,464201.4168608553,0.0
2023-09-05 00:00:00+00:00,1.0,1.0,1.492343,37.941459547898866,0.0,1.0,0.039332777857847154,2.2635565500106725,0.0,0.0,0.0,0.0,0.0,0.0,0.0,0.0,0.0,0.0,0.0,0.0,0.0,0.36513572697243574,0.01443549080570319,0.0,0.0,0.0,0.0,0.0,464203.6804174053,0.0
2023-09-06 00:00:00+00:00,4.0,2.0,2756.782849,58904.93865731135,3.0,1.0,0.052477109660393186,984.4823926937221,0.0,0.0,0.0,0.0,0.0,0.0,0.0,15.399032842155446,0.0,0.0,0.0,0.0,0.0,0.36112425450751917,0.015574280653835402,0.23982885928135755,0.0,0.23982885928135755,0.0,0.0,465188.162810099,0.0
2023-09-07 00:00:00+00:00,0.0,0.0,0.0,0.0,0.0,0.0,0.0,0.0,0.0,0.0,0.0,0.0,0.0,0.0,0.0,0.0,0.0,0.0,0.0,0.0,0.0,0.3571127820426026,0.016713070501967613,0.0,0.0,0.0,0.0,0.0,465188.162810099,0.0
2023-09-08 00:00:00+00:00,0.0,0.0,0.0,0.0,0.0,0.0,0.0,0.0,0.0,0.0,0.0,0.0,0.0,0.0,0.0,0.0,0.0,0.0,0.0,0.0,0.0,0.3571127820426026,0.016713070501967613,0.0,0.0,0.0,0.0,0.0,465188.162810099,0.0
2023-09-09 00:00:00+00:00,0.0,0.0,0.0,0.0,0.0,0.0,0.0,0.0,0.0,0.0,0.0,0.0,0.0,0.0,0.0,0.0,0.0,0.0,0.0,0.0,0.0,0.9012031690643236,0.036808954419810316,0.0,0.0,0.0,0.0,0.0,465188.162810099,0.0
2023-09-10 00:00:00+00:00,0.0,0.0,0.0,0.0,0.0,0.0,0.0,0.0,0.0,0.0,0.0,0.0,0.0,0.0,0.0,0.0,0.0,0.0,0.0,0.0,0.0,1.4452935560860447,0.056904838337653016,0.0,0.0,0.0,0.0,0.0,465188.162810099,0.0
2023-09-11 00:00:00+00:00,0.0,0.0,0.0,0.0,0.0,0.0,0.0,0.0,0.0,0.0,0.0,0.0,0.0,0.0,0.0,0.0,0.0,0.0,0.0,0.0,0.0,0.9369465700922898,0.03818612769395592,0.0,0.0,0.0,0.0,0.0,465188.162810099,0.0
2023-09-12 00:00:00+00:00,0.0,0.0,0.0,0.0,0.0,0.0,0.0,0.0,0.0,0.0,0.0,0.0,0.0,0.0,0.0,0.0,0.0,0.0,0.0,0.0,0.0,0.3571127820426026,0.016713070501967613,0.0,0.0,0.0,0.0,0.0,465188.162810099,0.0
2023-09-13 00:00:00+00:00,1.0,1.0,0.110511,2.0,0.0,1.0,0.0552555,0.1193183697718884,0.0,0.0,0.0,0.0,0.0,0.0,0.0,0.0,0.0,0.0,0.0,0.0,0.0,1.0796967702028613,0.0596591848859442,0.0,0.0,0.0,0.0,0.0,465188.2821284688,0.0
2023-09-14 00:00:00+00:00,1.0,1.0,0.055935,1.0123126954335655,0.0,1.0,0.055254666124722934,0.0603937502592596,0.0,0.0,0.0,0.0,0.0,0.0,0.0,0.0,0.0,0.0,0.0,0.0,0.0,1.0797049173197162,0.0596591848859442,0.0,0.0,0.0,0.0,0.0,465188.34252221906,0.0
2023-09-15 00:00:00+00:00,0.0,0.0,0.0,0.0,0.0,0.0,0.0,0.0,0.0,0.0,0.0,0.0,0.0,0.0,0.0,0.0,0.0,0.0,0.0,0.0,0.0,1.0797049173197162,0.0596591848859442,0.0,0.0,0.0,0.0,0.0,465188.34252221906,0.0
2023-09-16 00:00:00+00:00,5.0,1.0,3605.879966,53961.94950049026,5.0,0.0,0.07734321819129543,1213.6297657742432,0.0,0.0,0.0,0.0,0.0,0.0,0.0,0.0,0.0,0.0,0.0,0.0,0.0,1.0796967702028613,0.0596591848859442,0.0,0.0,0.0,0.0,0.0,466401.9722879933,0.0
2023-09-17 00:00:00+00:00,0.0,0.0,0.0,0.0,0.0,0.0,0.0,0.0,0.0,0.0,0.0,0.0,0.0,0.0,0.0,0.0,0.0,0.0,0.0,0.0,0.0,1.0796967702028613,0.0596591848859442,0.0,0.0,0.0,0.0,0.0,466401.9722879933,0.0
2023-09-18 00:00:00+00:00,0.0,0.0,0.0,0.0,0.0,0.0,0.0,0.0,0.0,0.0,0.0,0.0,0.0,0.0,0.0,0.0,0.0,0.0,0.0,0.0,0.0,1.0796967702028613,0.0596591848859442,0.0,0.0,0.0,0.0,0.0,466401.9722879933,0.0
2023-09-19 00:00:00+00:00,0.0,0.0,0.0,0.0,0.0,0.0,0.0,0.0,0.0,0.0,0.0,0.0,0.0,0.0,0.0,0.0,0.0,0.0,0.0,0.0,0.0,1.0796967702028613,0.0596591848859442,0.0,0.0,0.0,0.0,0.0,466401.9722879933,0.0
2023-09-20 00:00:00+00:00,1.0,1.0,0.865822,10.8,0.0,1.0,0.0801687037037037,0.6443191967681977,0.0,0.0,0.0,0.0,0.0,0.0,0.0,0.0,0.0,0.0,0.0,0.0,0.0,0.744170507065191,0.0596591848859442,0.0,0.0,0.0,0.0,0.0,466402.61660719005,0.0
2023-09-21 00:00:00+00:00,0.0,0.0,0.0,0.0,0.0,0.0,0.0,0.0,0.0,0.0,0.0,0.0,0.0,0.0,0.0,0.0,0.0,0.0,0.0,0.0,0.0,0.5403700795969142,0.0410748289198642,0.0,0.0,0.0,0.0,0.0,466402.61660719005,0.0
2023-09-22 00:00:00+00:00,0.0,0.0,0.0,0.0,0.0,0.0,0.0,0.0,0.0,0.0,0.0,0.0,0.0,0.0,0.0,0.0,0.0,0.0,0.0,0.0,0.0,0.5403700795969142,0.0410748289198642,0.0,0.0,0.0,0.0,0.0,466402.61660719005,0.0
2023-09-23 00:00:00+00:00,1.0,1.0,0.1555,1.93975673716514,0.0,1.0,0.08016469128353469,0.115724305816291,0.0,0.0,0.0,0.0,0.0,0.0,0.0,0.0,0.0,1.93975673716514,0.155813,0.0,0.0,0.744189130755396,0.059659184885944225,0.0,0.23167864684668155,-0.23167864684668155,0.0,0.0,466402.73233149585,0.0
2023-09-24 00:00:00+00:00,0.0,0.0,0.0,0.0,0.0,0.0,0.0,0.0,0.0,0.0,0.0,0.0,0.0,0.0,0.0,0.0,0.0,0.0,0.0,0.0,0.0,0.744189130755396,0.059659184885944225,0.0,0.0,0.0,0.0,0.0,466402.73233149585,0.0
2023-09-25 00:00:00+00:00,2.0,2.0,1.763446,21.999739999999743,0.0,2.0,0.08015422000441917,1.3124865561026875,0.0,0.0,0.0,0.0,0.0,0.0,0.0,0.0,0.0,0.0,0.0,0.0,0.0,0.7442077544456013,0.05965918488594423,0.0,0.0,0.0,0.0,0.0,466404.044818052,0.0
2023-09-26 00:00:00+00:00,2.0,2.0,0.987727,12.323921585702003,0.0,2.0,0.08014532115251237,0.7352351164012747,0.0,0.0,0.0,0.0,0.0,0.0,0.0,0.0,0.0,6.324051585702132,0.507871,0.0,0.0,0.7442407490359119,0.059659184885944225,0.0,0.7552660562332698,-0.7552660562332698,0.0,0.0,466404.78005316836,0.0
2023-09-27 00:00:00+00:00,0.0,0.0,0.0,0.0,0.0,0.0,0.0,0.0,0.0,0.0,0.0,0.0,0.0,0.0,0.0,0.0,0.0,0.0,0.0,0.0,0.0,0.7442737436262225,0.059659184885944225,0.0,0.0,0.0,0.0,0.0,466404.78005316836,0.0
2023-09-28 00:00:00+00:00,0.0,0.0,0.0,0.0,0.0,0.0,0.0,0.0,0.0,0.0,0.0,0.0,0.0,0.0,0.0,0.0,0.0,0.0,0.0,0.0,0.0,0.7442737436262225,0.059659184885944225,0.0,0.0,0.0,0.0,0.0,466404.78005316836,0.0
2023-09-29 00:00:00+00:00,1.0,1.0,5.365648,66.66616246107061,1.0,0.0,0.08048532871729709,1.667741461336378,0.0,0.0,0.0,0.0,0.0,0.0,0.0,0.0,0.0,0.0,0.0,0.0,0.0,0.7442407490359119,0.059659184885944225,0.0,0.0,0.0,0.0,0.0,466406.44779462967,0.0
2023-09-30 00:00:00+00:00,1.0,1.0,0.379684,4.716153908763842,1.0,0.0,0.08050712664284519,0.118682480231912,0.0,0.0,0.0,0.0,0.0,0.0,0.0,0.0,0.0,0.0,0.0,0.0,0.0,0.5284279984235452,0.04241214196615127,0.0,0.0,0.0,0.0,0.0,466406.5664771099,0.0
2023-10-01 00:00:00+00:00,1.0,1.0,4.791554,59.502664645977525,1.0,0.0,0.0805267130221523,1.4969518978065055,0.0,0.0,0.0,0.0,0.0,0.0,0.0,0.0,0.0,0.0,0.0,0.0,0.0,0.31258225322086786,0.025165099046358313,0.0,0.0,0.0,0.0,0.0,466408.0634290077,0.0
2023-10-02 00:00:00+00:00,1.0,1.0,0.280776,3.5,0.0,1.0,0.0802217142857143,0.2088071471008048,0.0,0.0,0.0,0.0,0.0,0.0,0.0,0.0,0.0,0.0,0.0,0.0,0.0,0.31258225322086786,0.025165099046358313,0.0,0.0,0.0,0.0,0.0,466408.2722361548,0.0
2023-10-03 00:00:00+00:00,2.0,2.0,88.877161,1098.8837762214446,2.0,0.0,0.0811739452471979,27.134419281205922,0.0,0.0,0.0,0.0,0.0,0.0,0.0,0.0,0.0,0.0,0.0,0.0,0.0,0.3124146984060924,0.025157728762449663,0.0,0.0,0.0,0.0,0.0,466435.40665543603,0.0
2023-10-04 00:00:00+00:00,1.0,1.0,12.404456,153.43217603655148,0.0,1.0,0.08084651029810683,9.153638557617366,0.0,0.0,0.0,0.0,0.0,0.0,0.0,0.0,0.0,0.0,0.0,0.0,0.0,0.3124984758134801,0.02516141390440399,0.0,0.0,0.0,0.0,0.0,466444.5602939936,0.0
2023-10-05 00:00:00+00:00,0.0,0.0,0.0,0.0,0.0,0.0,0.0,0.0,0.0,0.0,0.0,0.0,0.0,0.0,0.0,0.0,0.0,0.0,0.0,0.0,0.0,0.3124984758134801,0.02516141390440399,0.0,0.0,0.0,0.0,0.0,466444.5602939936,0.0
2023-10-06 00:00:00+00:00,0.0,0.0,0.0,0.0,0.0,0.0,0.0,0.0,0.0,0.0,0.0,0.0,0.0,0.0,0.0,0.0,0.0,0.0,0.0,0.0,0.0,0.31258225322086786,0.025165099046358313,0.0,0.0,0.0,0.0,0.0,466444.5602939936,0.0
2023-10-07 00:00:00+00:00,3.0,3.0,85.657876,1051.7194375962054,2.0,1.0,0.08175990753892945,25.73235684955259,0.0,0.0,0.0,0.0,0.0,0.0,0.0,0.0,0.0,0.0,0.0,0.0,0.0,0.3124146984060924,0.025157728762449663,0.0,0.0,0.0,0.0,0.0,466470.29265084316,0.0
2023-10-08 00:00:00+00:00,1.0,1.0,0.407173,5.0,0.0,1.0,0.0814346,0.2982959244297211,0.0,0.0,0.0,0.0,0.0,0.0,0.0,0.0,0.0,0.0,0.0,0.0,0.0,0.7326024182097562,0.05965918488594422,0.0,0.0,0.0,0.0,0.0,466470.5909467676,0.0
2023-10-09 00:00:00+00:00,0.0,0.0,0.0,0.0,0.0,0.0,0.0,0.0,0.0,0.0,0.0,0.0,0.0,0.0,0.0,0.0,0.0,0.0,0.0,0.0,0.0,0.5189524581766499,0.042175947839403885,0.0,0.0,0.0,0.0,0.0,466470.5909467676,0.0
2023-10-10 00:00:00+00:00,1.0,1.0,0.89571,10.99978999999979,0.0,1.0,0.08142973638587801,0.6562385053165479,0.0,0.0,0.0,0.0,0.0,0.0,0.0,0.0,0.0,0.0,0.0,0.0,0.0,0.7326242965531303,0.059659184885944225,0.0,0.0,0.0,0.0,0.0,466471.2471852729,0.0
2023-10-11 00:00:00+00:00,0.0,0.0,0.0,0.0,0.0,0.0,0.0,0.0,0.0,0.0,0.0,0.0,0.0,0.0,0.0,0.0,0.0,0.0,0.0,0.0,0.0,0.7326024182097562,0.05965918488594422,0.0,0.0,0.0,0.0,0.0,466471.2471852729,0.0
2023-10-12 00:00:00+00:00,0.0,0.0,0.0,0.0,0.0,0.0,0.0,0.0,0.0,0.0,0.0,0.0,0.0,0.0,0.0,0.0,0.0,0.0,0.0,0.0,0.0,0.7326024182097562,0.05965918488594422,0.0,0.0,0.0,0.0,0.0,466471.2471852729,0.0
2023-10-13 00:00:00+00:00,0.0,0.0,0.0,0.0,0.0,0.0,0.0,0.0,0.0,0.0,0.0,0.0,0.0,0.0,0.0,0.0,0.0,0.0,0.0,0.0,0.0,0.7326024182097562,0.05965918488594422,0.0,0.0,0.0,0.0,0.0,466471.2471852729,0.0
2023-10-14 00:00:00+00:00,0.0,0.0,0.0,0.0,0.0,0.0,0.0,0.0,0.0,0.0,0.0,0.0,0.0,0.0,0.0,0.0,0.0,0.0,0.0,0.0,0.0,0.7326242965531303,0.059659184885944225,0.0,0.0,0.0,0.0,0.0,466471.2471852729,0.0
2023-10-15 00:00:00+00:00,0.0,0.0,0.0,0.0,0.0,0.0,0.0,0.0,0.0,0.0,0.0,0.0,0.0,0.0,0.0,0.0,0.0,0.0,0.0,0.0,0.0,0.7326461748965044,0.05965918488594423,0.0,0.0,0.0,0.0,0.0,466471.2471852729,0.0
2023-10-16 00:00:00+00:00,0.0,0.0,0.0,0.0,0.0,0.0,0.0,0.0,0.0,0.0,0.0,0.0,0.0,0.0,0.0,0.0,0.0,0.0,0.0,0.0,0.0,0.7326461748965044,0.05965918488594423,0.0,0.0,0.0,0.0,0.0,466471.2471852729,0.0
2023-10-17 00:00:00+00:00,0.0,0.0,0.0,0.0,0.0,0.0,0.0,0.0,0.0,0.0,0.0,0.0,0.0,0.0,0.0,0.0,0.0,0.0,0.0,0.0,0.0,0.7326461748965044,0.05965918488594423,0.0,0.0,0.0,0.0,0.0,466471.2471852729,0.0
2023-10-18 00:00:00+00:00,0.0,0.0,0.0,0.0,0.0,0.0,0.0,0.0,0.0,0.0,0.0,0.0,0.0,0.0,0.0,0.0,0.0,0.0,0.0,0.0,0.0,0.7326461748965044,0.05965918488594423,0.0,0.0,0.0,0.0,0.0,466471.2471852729,0.0
2023-10-19 00:00:00+00:00,0.0,0.0,0.0,0.0,0.0,0.0,0.0,0.0,0.0,0.0,0.0,0.0,0.0,0.0,0.0,0.0,0.0,0.0,0.0,0.0,0.0,0.7326461748965044,0.05965918488594423,0.0,0.0,0.0,0.0,0.0,466471.2471852729,0.0
2023-10-20 00:00:00+00:00,0.0,0.0,0.0,0.0,0.0,0.0,0.0,0.0,0.0,0.0,0.0,0.0,0.0,0.0,0.0,0.0,0.0,0.0,0.0,0.0,0.0,0.7326461748965044,0.05965918488594423,0.0,0.0,0.0,0.0,0.0,466471.2471852729,0.0
2023-10-21 00:00:00+00:00,1.0,1.0,0.2997,3.6658667002182557,1.0,0.0,0.081754200168314,0.0701527739273117,0.0,0.0,0.0,0.0,0.0,0.0,0.0,0.0,0.0,0.0,0.0,0.0,0.0,0.23407665641411976,0.01913674982320961,0.0,0.0,0.0,0.0,0.0,466471.31733804685,0.0
2023-10-22 00:00:00+00:00,1.0,1.0,0.84915,10.386065054420005,1.0,0.0,0.08175858667846747,0.2027436935644109,0.0,0.0,0.0,0.0,0.0,0.0,0.0,0.0,0.0,0.0,0.0,0.0,0.0,0.2364187047980102,0.019328745778824104,0.0,0.0,0.0,0.0,0.0,466471.5200817404,0.0
2023-10-23 00:00:00+00:00,1.0,1.0,0.013416,0.16408623649439766,1.0,0.0,0.08176188501013039,0.0032432079210565,0.0,0.0,0.0,0.0,0.0,0.0,0.0,0.0,0.0,0.0,0.0,0.0,0.0,0.23876075318190063,0.0195207417344386,0.0,0.0,0.0,0.0,0.0,466471.5233249483,0.0
2023-10-24 00:00:00+00:00,1.0,1.0,0.0999,1.22183425049473,1.0,0.0,0.08176231756439119,0.0257110155819926,0.0,0.0,0.0,0.0,0.0,0.0,0.0,1.12283425049473,0.0,0.0,0.0,0.0,0.0,0.24025127406622238,0.019643003287663753,0.022055836873969448,0.0,0.022055836873969448,0.0,0.0,466471.5490359639,0.0
2023-10-25 00:00:00+00:00,3.0,3.0,12.5036,153.6287849272939,1.0,2.0,0.0813847000864504,9.160731812109098,0.0,0.0,0.0,0.0,0.0,0.0,0.0,0.0,0.0,0.6180122539568464,0.050424,0.0,0.0,0.2417417949505441,0.019765264840888905,0.0,0.024404764142957995,-0.024404764142957995,0.0,0.0,466480.709767776,0.0
2023-10-26 00:00:00+00:00,4.0,2.0,12.458705,153.25697123850412,0.0,4.0,0.08124850431827176,9.143185982177755,0.0,0.0,0.0,0.0,0.0,0.0,0.0,0.7325423671883674,0.0,0.0,0.0,0.0,0.0,0.2495546591469067,0.020404115007621074,0.014946878708066436,0.0,0.014946878708066436,0.0,0.0,466489.8529537582,0.0
2023-10-27 00:00:00+00:00,0.0,0.0,0.0,0.0,0.0,0.0,0.0,0.0,0.0,0.0,0.0,0.0,0.0,0.0,0.0,0.0,0.0,0.0,0.0,0.0,0.0,0.2495546591469067,0.020404115007621074,0.0,0.0,0.0,0.0,0.0,466489.8529537582,0.0
2023-10-28 00:00:00+00:00,0.0,0.0,0.0,0.0,0.0,0.0,0.0,0.0,0.0,0.0,0.0,0.0,0.0,0.0,0.0,0.0,350.0,2121.492409223443,175.536869,0.0,0.0,0.2573675233432693,0.021042965174353244,90.07863317014426,89.81998011490558,0.2586530552386819,0.0,0.0,466489.8529537582,0.0
2023-10-29 00:00:00+00:00,0.0,0.0,0.0,0.0,0.0,0.0,0.0,0.0,0.0,0.0,0.0,0.0,0.0,0.0,0.0,0.0,0.0,0.0,0.0,0.0,0.0,0.495007532909882,0.040335985827713514,0.0,0.0,0.0,0.0,0.0,466489.8529537582,0.0
2023-10-30 00:00:00+00:00,3.0,1.0,3.11688,37.59014369934103,3.0,0.0,0.0829199315986804,1.0445266070000874,0.0,0.0,0.0,0.0,0.0,0.0,0.0,37.689143699341024,0.0,0.0,0.0,0.0,0.0,0.5338834153374887,0.043708126730707245,1.647321869182634,0.0,1.647321869182634,0.0,0.0,466490.8974803652,0.0
2023-10-31 00:00:00+00:00,5.0,5.0,185.249226,2261.7403304785203,2.0,3.0,0.08137742577040016,131.26321138222983,0.0,0.0,0.0,0.0,0.0,0.0,0.0,0.0,10.0,0.0,0.0,0.0,0.0,0.7206119219002907,0.0588326910522337,7.206119219002907,0.0,7.206119219002907,0.0,0.0,466622.1606917474,0.0
2023-11-01 00:00:00+00:00,4.0,4.0,401.420615,5027.76686034,0.0,4.0,0.07833991398806214,299.9524726844474,0.0,0.0,0.0,0.0,0.0,0.0,0.0,0.0,0.0,0.0,0.0,0.0,0.0,0.7212278118137343,0.05884778025466893,0.0,0.0,0.0,0.0,0.0,466922.1131644318,0.0
2023-11-02 00:00:00+00:00,2.0,1.0,86.13893200000001,1095.140079099199,1.0,1.0,0.07849848486198445,48.3641414841352,0.0,0.0,0.0,0.0,0.0,0.0,0.0,0.0,0.0,0.0,0.0,0.0,0.0,0.6350214982970894,0.051099445911535896,0.0,0.0,0.0,0.0,0.0,466970.47730591596,0.0
2023-11-03 00:00:00+00:00,1.0,1.0,0.660178,8.42762370367059,0.0,1.0,0.07833501153029225,0.5027851606864499,0.0,0.0,0.0,0.0,0.0,0.0,0.0,0.0,0.0,0.0,0.0,0.0,0.0,0.7085763013240867,0.05803637562339362,0.0,0.0,0.0,0.0,0.0,466970.98009107664,0.0
2023-11-04 00:00:00+00:00,2.0,2.0,72.077911,914.332759462268,1.0,1.0,0.07870824229743983,36.18133843370921,0.0,0.0,0.0,0.0,0.0,0.0,0.0,0.0,0.0,62.30272184238985,4.916959,0.0,0.0,0.6350214982970894,0.051099445911535896,0.0,6.306009236172025,-6.306009236172025,0.0,0.0,467007.16142951034,0.0
2023-11-05 00:00:00+00:00,1.0,1.0,0.86428,10.98887012999987,0.0,1.0,0.07865048815532868,0.6555870347732923,0.0,0.0,0.0,0.0,0.0,0.0,0.0,0.0,0.0,0.0,0.0,0.0,0.0,0.7085763013240867,0.05803637562339362,0.0,0.0,0.0,0.0,0.0,467007.8170165451,0.0
2023-11-06 00:00:00+00:00,1.0,1.0,0.432113,5.494435064999935,0.0,1.0,0.0786455740923394,0.3277935173866461,0.0,0.0,0.0,0.0,0.0,0.0,0.0,0.0,0.0,0.0,0.0,0.0,0.0,0.7472273756654162,0.05965918488594422,0.0,0.0,0.0,0.0,0.0,467008.1448100625,0.0
2023-11-07 00:00:00+00:00,2.0,2.0,1.728268,21.97766033999966,0.0,2.0,0.07863422483156282,1.3111693015845236,0.0,0.0,0.0,0.0,0.0,0.0,0.0,0.0,0.0,0.0,0.0,0.0,0.0,0.7585354685672377,0.059659184885944225,0.0,0.0,0.0,0.0,0.0,467009.45597936405,0.0
2023-11-08 00:00:00+00:00,2.0,2.0,1.728072,21.97774025999974,0.0,2.0,0.07862500782871752,1.3111740695465846,0.0,0.0,0.0,0.0,0.0,0.0,0.0,0.0,1.0,0.0,0.0,0.0,0.0,0.7585828646364402,0.059659184885944225,0.7585828646364402,0.0,0.7585828646364402,0.0,0.0,467010.7671534336,0.0
2023-11-09 00:00:00+00:00,3.0,2.0,204.322077,2581.7543743335805,1.0,2.0,0.07860479218846367,132.23038022096577,0.0,0.0,0.0,0.0,0.0,0.0,0.0,0.0,0.0,0.0,0.0,0.0,0.0,0.7585828646364402,0.059659184885944225,0.0,0.0,0.0,0.0,0.0,467142.99753365456,0.0
2023-11-10 00:00:00+00:00,2.0,2.0,1.617127,20.5794,0.0,2.0,0.07857677677677677,1.2277502294418006,0.0,0.0,0.0,0.0,0.0,0.0,0.0,0.0,0.0,0.0,0.0,0.0,0.0,0.7585828646364402,0.059659184885944225,0.0,0.0,0.0,0.0,0.0,467144.225283884,0.0
2023-11-11 00:00:00+00:00,2.0,2.0,5.1480749999999995,65.53500938999974,0.0,2.0,0.07855135227035333,3.9097652417000854,0.0,0.0,0.0,0.0,0.0,0.0,0.0,0.0,0.0,0.0,0.0,0.0,0.0,0.7586608683285947,0.059659184885944225,0.0,0.0,0.0,0.0,0.0,467148.1350491257,0.0
2023-11-12 00:00:00+00:00,4.0,2.0,298.383595,3765.081719929899,2.0,2.0,0.07853483483483484,208.01012680262278,0.0,0.0,0.0,0.0,0.0,0.0,0.0,0.0,0.0,0.0,0.0,0.0,0.0,0.7586608683285947,0.059659184885944225,0.0,0.0,0.0,0.0,0.0,467356.1451759283,0.0
2023-11-13 00:00:00+00:00,1.0,1.0,9.99,126.6408884059382,1.0,0.0,0.07888447503603874,6.97683130963001,0.0,0.0,0.0,0.0,0.0,0.0,0.0,0.0,0.0,0.0,0.0,0.0,0.0,0.7586608683285947,0.059659184885944225,0.0,0.0,0.0,0.0,0.0,467363.1220072379,0.0
2023-11-14 00:00:00+00:00,4.0,4.0,258.881356,3334.4969643895884,0.0,4.0,0.07698589080944064,198.93337090013824,0.0,0.0,0.0,0.0,0.0,0.0,0.0,0.0,0.0,0.0,0.0,0.0,0.0,0.7587496756770462,0.059659184885944225,0.0,0.0,0.0,0.0,0.0,467562.0553781381,0.0
2023-11-15 00:00:00+00:00,2.0,2.0,0.9959150000000001,12.988868129999869,0.0,2.0,0.07667392511969026,0.7749052852268109,0.0,0.0,0.0,0.0,0.0,0.0,0.0,0.0,0.0,0.0,0.0,0.0,0.0,0.7592169504570764,0.059659184885944225,0.0,0.0,0.0,0.0,0.0,467562.8302834233,0.0
2023-11-16 00:00:00+00:00,5.0,4.0,5.441832,70.99514621621276,1.0,4.0,0.07652138260981806,4.235484308749309,27818.397451498306,270169.72499515995,20744.760039,13909.198725749153,13909.198725749153,0.051483187933060726,0.670492148359391,0.0,0.0,0.0,0.0,0.0,0.0,0.670492148359391,0.051483187933060726,0.0,0.0,0.0,0.0,0.0,467567.06576773204,0.5
2023-11-17 00:00:00+00:00,0.0,0.0,0.0,0.0,0.0,0.0,0.0,0.0,27411.71048343278,270169.72499515995,20744.760039,13705.85524171639,13705.85524171639,0.050730537042823466,0.6606899870593577,0.0,0.0,0.0,0.0,0.0,0.0,0.6606899870593577,0.050730537042823466,0.0,0.0,0.0,0.0,0.0,467567.06576773204,0.5
2023-11-18 00:00:00+00:00,0.0,0.0,0.0,0.0,0.0,0.0,0.0,0.0,28349.89939498683,270169.72499515995,20744.760039,14174.949697493415,14174.949697493415,0.052466832461510474,0.6833026591218511,0.0,0.0,0.0,0.0,0.0,0.0,0.6833026591218511,0.052466832461510474,0.0,0.0,0.0,0.0,0.0,467567.06576773204,0.5
2023-11-19 00:00:00+00:00,1.0,1.0,0.000499,0.006485737116397487,1.0,0.0,0.07693805515774131,0.00033774449337399125,27850.33965039112,270169.7185094228,20744.760538,13925.16982519556,13925.16982519556,0.05154230423018295,0.6712620181702076,0.0,0.0,0.0,0.0,0.0,0.0,0.6712620181702076,0.05154230423018295,0.0,0.0,0.0,0.0,0.0,467567.0661054765,0.5
2023-11-20 00:00:00+00:00,3.0,2.0,6.287247,81.70044773038563,2.0,1.0,0.07696057999984116,4.104162024747695,26897.47441329075,270090.6663347684,20750.844847,13448.737206645375,13448.737206645375,0.04979341711118633,0.64810552562103,0.0,0.0,0.0,0.0,0.0,0.0,0.64810552562103,0.04979341711118633,0.0,0.0,0.0,0.0,0.0,467571.17026750126,0.5
2023-11-21 00:00:00+00:00,0.0,0.0,0.0,0.0,0.0,0.0,0.0,0.0,24628.23189167175,270090.6672241865,20750.844779,12314.115945835874,12314.115945835876,0.04559252665925938,0.5934272111320426,0.0,0.0,0.0,0.0,0.0,0.0,0.5934272111320426,0.04559252665925938,0.0,0.0,0.0,0.0,0.0,467571.17026750126,0.5
2023-11-22 00:00:00+00:00,1.0,1.0,0.000614,0.008011713563604793,0.0,1.0,0.07663778730049063,0.00037123690255586907,26373.930895514135,270090.67523590004,20750.844165,13186.965447757068,13186.965447757068,0.04882421592763035,0.6354905536806661,0.0,0.0,0.0,0.0,0.0,0.0,0.6354905536806661,0.04882421592763035,0.0,0.0,0.0,0.0,0.0,467571.17063873814,0.5
2023-11-23 00:00:00+00:00,1.0,1.0,0.360008,4.6953,0.0,1.0,0.07667412092944008,0.2286675678226746,26301.73694990532,270095.37369027326,20750.483916,13150.86847495266,13150.86847495266,0.04868972132056275,0.6337620138493477,0.0,0.0,0.0,0.0,0.0,0.0,0.6337620138493477,0.04868972132056275,0.0,0.0,0.0,0.0,0.0,467571.399306306,0.5
2023-11-24 00:00:00+00:00,0.0,0.0,0.0,0.0,0.0,0.0,0.0,0.0,26897.690886793956,270095.37369027326,20751.053916,13448.845443396978,13448.845443396978,0.04979295002223617,0.6481042118553463,0.0,0.57,0.0,0.0,0.0,0.0,0.6481042118553463,0.04979295002223617,0.36941940075754737,0.0,0.36941940075754737,0.0,0.0,467571.399306306,0.5
2023-11-25 00:00:00+00:00,2.0,2.0,66.215462,866.3510229931087,0.0,2.0,0.07618418418418418,43.24957830158388,29909.181142196867,270962.305414488,20684.794213,16165.390275844626,13743.79086635224,0.059659184885944225,0.6644393328174629,0.0,0.0,0.0,0.0,0.0,0.0,0.6644393328174629,0.059659184885944225,0.0,0.0,0.0,0.0,0.0,467614.64888460754,0.5404825427680451
2023-11-26 00:00:00+00:00,1.0,1.0,0.837159,10.98887012999987,0.0,1.0,0.07618244551953858,0.5561381975889204,30218.285186197514,270973.3019895309,20683.956468,16166.046322548224,14052.238863649292,0.059659184885944225,0.6793786713576491,0.0,0.0,0.0,0.0,0.0,0.0,0.6793786713576491,0.059659184885944225,0.0,0.0,0.0,0.0,0.0,467615.20502280514,0.5349756355444093
2023-11-27 00:00:00+00:00,0.0,0.0,0.0,0.0,0.0,0.0,0.0,0.0,29477.800487160894,270973.3019895309,20685.156468,16166.046322548224,13311.754164612668,0.059659184885944225,0.643541381241471,0.0,1.2,0.0,0.0,0.0,0.0,0.643541381241471,0.059659184885944225,0.7722496574897652,0.0,0.7722496574897652,0.0,0.0,467615.20502280514,0.5484142661725855
2023-11-28 00:00:00+00:00,0.0,0.0,0.0,0.0,0.0,0.0,0.0,0.0,29521.446499072634,270973.3019895309,20685.156468,16166.046322548224,13355.400176524412,0.059659184885944225,0.6456513972802311,0.0,0.0,0.0,0.0,0.0,0.0,0.6456513972802311,0.059659184885944225,0.0,0.0,0.0,0.0,0.0,467615.20502280514,0.5476034625558085
2023-11-29 00:00:00+00:00,1.0,1.0,0.83714,10.98887012999987,0.0,1.0,0.07618071649737568,0.545034625045308,29034.527746731277,270984.29822957376,20684.318767,14517.26387336564,14517.263873365637,0.053572343372702856,0.7018487791111906,0.0,0.0,0.0,0.0,0.0,0.0,0.7018487791111906,0.053572343372702856,0.0,0.0,0.0,0.0,0.0,467615.7500574302,0.5000000000000001
2023-11-30 00:00:00+00:00,1.0,1.0,15.984,208.8257800504006,1.0,0.0,0.07654227364141641,11.39849958866552,28643.77283731628,270775.4724495234,20700.302767,14321.88641865814,14321.88641865814,0.052892111272478545,0.6918684513875709,0.0,0.0,0.0,0.0,0.0,0.0,0.6918684513875709,0.052892111272478545,0.0,0.0,0.0,0.0,0.0,467627.14855701884,0.5
2023-12-01 00:00:00+00:00,4.0,3.0,4.989066,65.22316411225904,3.0,1.0,0.0763101527210858,3.4702087067983296,28695.36958789468,270762.14476535434,20701.331681,14347.68479394734,14347.68479394734,0.052989995356925584,0.6930802817441868,0.0,0.0,0.0,0.0,0.0,0.0,0.6930802817441868,0.052989995356925584,0.0,0.0,0.0,0.0,0.0,467630.61876572564,0.5
2023-12-02 00:00:00+00:00,1.0,1.0,15.905841,208.61695427035022,0.0,1.0,0.0762442393794483,11.223024493816558,30872.079652328233,270970.9190352855,20685.413855,16165.904157440322,14706.175494887912,0.05965918488594423,0.7109442236918645,0.0,0.0,0.0,0.0,0.0,0.0,0.7109442236918645,0.05965918488594423,0.0,0.0,0.0,0.0,0.0,467641.8417902195,0.52364156673265
2023-12-03 00:00:00+00:00,6.0,4.0,11.052261,144.43781072910306,5.0,1.0,0.07655650714613838,7.894511627658981,31251.425857149137,270874.0734644099,20693.704591,16160.12642962207,15091.299427527065,0.05965918488594423,0.7292700715410084,11.479262645034051,0.0,0.0,0.0,0.0,0.0,0.7292700715410084,0.05965918488594423,0.6848434524943997,0.0,0.6848434524943997,0.0,0.0,467649.73630184715,0.5171004517838743
2023-12-04 00:00:00+00:00,7.0,1.0,69.084075,902.6004348122145,5.0,2.0,0.07632226490098877,52.55974559383108,31322.14845711313,270847.9750950553,20695.702591,16158.569422179522,15163.579034933608,0.05965918488594423,0.7326921600394392,0.0,0.0,0.0,0.0,0.0,0.0,0.7326921600394392,0.05965918488594423,0.0,0.0,0.0,0.0,0.0,467702.29604744096,0.5158831759035986
2023-12-05 00:00:00+00:00,0.0,0.0,0.0,0.0,0.0,0.0,0.0,0.0,32024.887737937526,270847.8260914818,20695.852175,16158.560532747782,15866.327205189746,0.05965918488594423,0.7666428553425704,0.0,0.0,0.0,0.0,0.0,0.0,0.7666428553425704,0.05965918488594423,0.0,0.0,0.0,0.0,0.0,467702.29604744096,0.5045625972204713
2023-12-06 00:00:00+00:00,8.0,3.0,85.679854,1118.8484497873671,6.0,2.0,0.07679785506655899,65.58578323282418,31453.116796215716,270847.8260914818,20695.852175,16158.560532747782,15294.556263467934,0.05965918488594423,0.7390155348105608,0.0,0.0,0.0,0.0,0.0,0.0,0.7390155348105608,0.05965918488594423,0.0,0.0,0.0,0.0,0.0,467767.8818306738,0.5137347957418293
2023-12-07 00:00:00+00:00,0.0,0.0,0.0,0.0,0.0,0.0,0.0,0.0,31842.850514965987,270847.8260914818,20695.852175,16158.560532747782,15684.289982218204,0.05965918488594423,0.7578470241087429,0.0,0.0,0.0,0.0,0.0,0.0,0.7578470241087429,0.05965918488594423,0.0,0.0,0.0,0.0,0.0,467767.8818306738,0.5074470492254874
2023-12-08 00:00:00+00:00,1.0,1.0,9.99,129.99438001984785,1.0,0.0,0.07684947609638743,7.889615026230228,32630.105237304844,270281.29509695,20739.423975,16315.052618652422,16315.052618652424,0.060363232360567926,0.7866685515624319,0.0,0.0,0.0,0.0,0.0,0.0,0.7866685515624319,0.060363232360567926,0.0,0.0,0.0,0.0,0.0,467775.7714457,0.5
2023-12-09 00:00:00+00:00,3.0,3.0,0.952746,12.435826194194979,2.0,1.0,0.07657693557617919,0.7659501538518401,32801.74609327429,270290.83701101574,20738.693733,16400.873046637145,16400.873046637145,0.06067861281575271,0.7908344304511141,0.0,0.0,0.0,0.0,0.0,0.0,0.7908344304511141,0.06067861281575271,0.0,0.0,0.0,0.0,0.0,467776.5373958539,0.5
2023-12-10 00:00:00+00:00,6.0,3.0,4.690214,61.14699786831309,2.0,4.0,0.07657075257075256,3.768841633045623,34608.887417698774,270301.82510071894,20737.860078,17304.44370884939,17304.443708849387,0.06401896732440289,0.834437287346104,0.0,0.0,0.0,0.0,0.0,0.0,0.834437287346104,0.06401896732440289,0.0,0.0,0.0,0.0,0.0,467780.30623748695,0.5000000000000001
2023-12-11 00:00:00+00:00,7.0,6.0,5.674565,74.11395362471352,2.0,5.0,0.07653343701860729,4.720523404849646,35313.4769588576,270324.5414812188,20729.502897,17656.738479428797,17656.7384794288,0.06531681652979156,0.8517685429873048,0.0,0.0,43.18866865460326,3.313483,0.0,0.0,0.8517685429873048,0.06531681652979156,0.0,5.643266933801884,-5.643266933801884,0.0,0.0,467785.0267608918,0.4999999999999999
2023-12-12 00:00:00+00:00,5.0,3.0,170.913095,2251.8497393134417,0.0,5.0,0.0754575579057562,180.34607238066206,44217.50865376099,272576.4065485136,20558.58863,22108.7543268805,22108.75432688049,0.08111030080274223,1.075402340344435,0.0,0.0,0.0,0.0,0.0,0.0,1.075402340344435,0.08111030080274223,0.0,0.0,0.0,0.0,0.0,467965.37283327244,0.5000000000000001
2023-12-13 00:00:00+00:00,4.0,3.0,6.724144,89.06138663788398,2.0,2.0,0.07558295610730896,6.899881996045694,44560.98365425455,272536.0324454701,20561.647912,22280.491827127276,22280.491827127276,0.08175246270081821,1.083594657514009,0.0,0.0,0.0,0.0,0.0,0.0,1.083594657514009,0.08175246270081821,0.0,0.0,0.0,0.0,0.0,467972.2727152685,0.5
2023-12-14 00:00:00+00:00,5.0,5.0,204.58713600000002,2680.7241791757556,1.0,4.0,0.07658073312274863,237.39077690015992,51981.8924441737,270241.063172082,20736.672641,25990.94622208685,25990.946222086848,0.09617689449932536,1.253380745891616,0.0,0.0,0.0,0.0,0.0,0.0,1.253380745891616,0.09617689449932536,0.0,0.0,0.0,0.0,0.0,468209.66349216865,0.5
2023-12-15 00:00:00+00:00,19.0,9.0,359.30476899999996,4772.455533592088,6.0,13.0,0.07428295498425908,497.39343353753503,55632.9614545924,274938.4210150406,20383.030713,27816.4807272962,27816.480727296203,0.10117349413952766,1.3646881623720095,0.0,0.0,0.4274963912648469,0.032803,0.0,0.0,1.3646881623720095,0.10117349413952766,0.0,0.08801716942659224,-0.08801716942659224,0.0,0.0,468707.05692570616,0.5
2023-12-16 00:00:00+00:00,16.0,7.0,8.082926,109.136754725917,4.0,12.0,0.07396504094355635,11.920050038672372,63496.241039106026,275010.0145325889,20381.277738,31748.120519553013,31748.12051955301,0.11544350693378418,1.5577100183645516,24.99999999999989,1.853418,1.1410361567645577,0.084572,0.0,0.0,1.5577100183645516,0.11544350693378418,5.773175460161783,0.2634638671482745,5.509711593013508,0.0,0.0,468718.9769757448,0.5
2023-12-17 00:00:00+00:00,5.0,3.0,68.510547,922.8602308665505,4.0,1.0,0.07408871480650664,96.25800625947261,55672.38535935972,275007.3035036051,20381.615616,27836.19267967986,27836.19267967986,0.10121983061920738,1.3657500565277987,0.0,0.0,0.0,0.0,0.0,0.0,1.3657500565277987,0.10121983061920738,0.0,0.0,0.0,0.0,0.0,468815.2349820043,0.5
2023-12-18 00:00:00+00:00,3.0,3.0,220.01148,3007.0037479526595,1.0,2.0,0.07266536514217582,270.5413944288201,57784.05900597356,278016.60500910715,20161.437846,28892.02950298678,28892.02950298678,0.10392195639551943,1.4330341776054885,0.0,0.0,0.0,0.0,0.0,0.0,1.4330341776054885,0.10392195639551943,0.0,0.0,0.0,0.0,0.0,469085.7763764331,0.5
2023-12-19 00:00:00+00:00,8.0,5.0,295.235331,4139.745814448267,2.0,6.0,0.07027929085189845,434.57032607546665,53696.68753812788,282138.59210512764,19867.468891,26848.343769063937,26848.34376906394,0.09516012527297214,1.3513721308116047,0.0,0.0,0.0,0.0,0.0,0.0,1.3513721308116047,0.09516012527297214,0.0,0.0,0.0,0.0,0.0,469520.34670250857,0.49999999999999994
2023-12-20 00:00:00+00:00,4.0,3.0,580.054178,8502.269030455944,0.0,4.0,0.06625078370880702,797.4776708175657,54097.695377021686,290637.16672459553,19286.182082,27048.847688510843,27048.847688510843,0.09306740770061946,1.4024988239510516,0.0,0.0,11.139433817397046,0.739193,0.0,0.0,1.4024988239510516,0.09306740770061946,0.0,2.0734355418106087,-2.0734355418106087,0.0,0.0,470317.82437332615,0.5
2023-12-21 00:00:00+00:00,1.0,1.0,0.727782,10.98986912999987,0.0,1.0,0.0662229905917004,1.0227986308981498,58599.83945782218,290648.2381867813,19285.448897,29299.91972891109,29299.919728911085,0.10080886748772197,1.5192760036541808,0.0,0.0,0.0,0.0,0.0,0.0,1.5192760036541808,0.10080886748772197,0.0,0.0,0.0,0.0,0.0,470318.847171957,0.5
2023-12-22 00:00:00+00:00,1.0,1.0,4.158153,62.80619303606422,0.0,1.0,0.06620609845930844,6.323264373140487,58339.44775257503,290711.3955569745,19281.267491,29169.723876287517,29169.723876287517,0.10033911405640356,1.512853026384453,0.0,0.0,0.0,0.0,0.0,0.0,1.512853026384453,0.10033911405640356,0.0,0.0,0.0,0.0,0.0,470325.17043633014,0.5
2023-12-23 00:00:00+00:00,5.0,4.0,26.408249,398.41918396161304,1.0,4.0,0.06614991978176056,39.18717589033883,57794.00794768671,290809.3130569249,19274.828237,28897.00397384336,28897.003973843355,0.09936753286916528,1.4992094154371038,0.0,0.0,0.0,0.0,0.0,0.0,1.4992094154371038,0.09936753286916528,0.0,0.0,0.0,0.0,0.0,470364.35761222045,0.5000000000000001
2023-12-24 00:00:00+00:00,1.0,1.0,0.726857,10.98887012999987,0.0,1.0,0.06614483485573858,1.1365447161744098,59241.31986605042,290820.30192705494,19274.10138,29620.65993302521,29620.65993302521,0.10185210501725846,1.5368114626480818,0.0,0.0,0.0,0.0,0.0,0.0,1.5368114626480818,0.10185210501725846,0.0,0.0,0.0,0.0,0.0,470365.49415693665,0.5
2023-12-25 00:00:00+00:00,2.0,2.0,132.034186,2009.9704392235608,1.0,1.0,0.06568950831397122,206.60839489395096,59009.82331674325,292831.02582641045,19142.018744,29504.911658371624,29504.911658371628,0.10075746439471228,1.5413688625511266,0.0,0.0,0.0,0.0,0.0,0.0,1.5413688625511266,0.10075746439471228,0.0,0.0,0.0,0.0,0.0,470572.1025518306,0.5
2023-12-26 00:00:00+00:00,4.0,4.0,66.378388,1021.0198894914646,0.0,4.0,0.06478516923572342,127.56139829996476,64864.57219482442,293852.7303807222,19075.596,32432.28609741221,32432.28609741221,0.11036918409909688,1.70019778660715,0.0,0.0,0.0,0.0,0.0,0.0,1.70019778660715,0.11036918409909688,0.0,0.0,0.0,0.0,0.0,470699.6639501306,0.5
2023-12-27 00:00:00+00:00,11.0,7.0,324.003576,5078.01956464287,3.0,8.0,0.06321092242242242,546.3598004482675,65470.47023460635,298496.28484408034,18779.489189,32735.23511730317,32735.23511730318,0.10966714421388003,1.7431376747178882,0.0,0.0,0.0,0.0,0.0,0.0,1.7431376747178882,0.10966714421388003,0.0,0.0,0.0,0.0,0.0,471246.02375057887,0.49999999999999994
2023-12-28 00:00:00+00:00,4.0,3.0,132.612489,2127.0254998962187,1.0,3.0,0.06191849925790222,220.09251627295933,61171.90213658887,300594.4822280674,18648.669709,30585.951068294435,30585.951068294435,0.10175153862301513,1.64011436448646,0.0,0.0,0.0,0.0,0.0,0.0,1.64011436448646,0.10175153862301513,0.0,0.0,0.0,0.0,0.0,471466.11626685184,0.5
2023-12-29 00:00:00+00:00,1.0,1.0,1.314835,21.149763589278525,1.0,0.0,0.06216783438026375,2.034750361034689,58021.39163260016,300573.72408533364,18649.960298,29010.695816300085,29010.69581630008,0.09651773755201527,1.555536599153573,0.0,0.0,0.0,0.0,0.0,0.0,1.555536599153573,0.09651773755201527,0.0,0.0,0.0,0.0,0.0,471468.1510172129,0.5000000000000001
2023-12-30 00:00:00+00:00,1.0,1.0,0.680447,10.98887012999987,0.0,1.0,0.061921470719939066,1.0219252746117535,56678.04106224202,300584.72032537655,18649.279395,28339.02053112101,28339.02053112101,0.0942796443559893,1.519577241076612,0.0,0.0,0.0,0.0,0.0,0.0,1.519577241076612,0.0942796443559893,0.0,0.0,0.0,0.0,0.0,471469.1729424875,0.5
2023-12-31 00:00:00+00:00,4.0,4.0,3.269288,52.736817704230376,1.0,3.0,0.06191375695299295,5.040744707816376,56579.60743488946,300606.1580788825,18647.956074,28289.803717444727,28289.80371744473,0.09410919556086127,1.5170458148433714,0.0,0.0,0.0,0.0,0.0,0.0,1.5170458148433714,0.09410919556086127,0.0,0.0,0.0,0.0,0.0,471474.2136871953,0.49999999999999994
2024-01-01 00:00:00+00:00,1.0,1.0,0.6803,10.98887012999987,0.0,1.0,0.06190809354846821,1.028271003027963,58232.06819948381,300617.15431892546,18647.275318,29116.034099741904,29116.034099741904,0.09685420037225366,1.5614095680582638,0.0,0.0,0.0,0.0,0.0,0.0,1.5614095680582638,0.09685420037225366,0.0,0.0,0.0,0.0,0.0,471475.24195819837,0.5
2024-01-02 00:00:00+00:00,1.0,1.0,0.1998,3.2145468339960384,1.0,0.0,0.062154950703152904,0.3151348890436129,59005.81788484043,300613.9397720914,18647.475118,29502.908942420217,29502.90894242021,0.09814218517207707,1.5821396063396111,0.0,0.0,0.0,0.0,0.0,0.0,1.5821396063396111,0.09814218517207707,0.0,0.0,0.0,0.0,0.0,471475.5570930874,0.5000000000000001
2024-01-03 00:00:00+00:00,2.0,1.0,122.875219,1998.0,0.0,2.0,0.061295614614614614,183.39919342490708,55995.985953521485,302613.2797720914,18524.518035,27997.992976760743,27997.992976760743,0.09252070166202556,1.511401965970811,0.0,0.0,0.0,0.0,0.0,0.0,1.511401965970811,0.09252070166202556,0.0,0.0,0.0,0.0,0.0,471658.9562865123,0.5
2024-01-04 00:00:00+00:00,1.0,1.0,0.671315,10.988870129999867,0.0,1.0,0.061090448067749444,1.022997147814625,68332.79035594215,302624.2760121344,18523.84627,34166.395177971084,34166.39517797108,0.11290037808004903,1.844454692614499,0.0,0.0,0.0,0.0,0.0,0.0,1.844454692614499,0.11290037808004903,0.0,0.0,0.0,0.0,0.0,471659.9792836601,0.5000000000000001
2024-01-05 00:00:00+00:00,5.0,4.0,192.234183,3172.408615761349,2.0,3.0,0.059958848562714585,347.02858646933106,65763.89168731286,305469.8551366329,18351.671365,32881.94584365643,32881.94584365643,0.10764383224966254,1.7917684547451265,0.0,0.0,0.0,0.0,0.0,0.0,1.7917684547451265,0.10764383224966254,0.0,0.0,0.0,0.0,0.0,472007.0078701295,0.5
2024-01-06 00:00:00+00:00,7.0,5.0,63.256710000000005,1058.5710750145595,2.0,5.0,0.05956392000354398,108.7147309157892,65096.28332886501,306477.0497085471,18291.48758,32548.141664432507,32548.1416644325,0.10620091029780229,1.779414687956861,0.0,0.0,0.0,0.0,0.0,0.0,1.779414687956861,0.10620091029780229,0.0,0.0,0.0,0.0,0.0,472115.7226010453,0.5000000000000001
2024-01-07 00:00:00+00:00,3.0,3.0,60.611672000000006,1020.9777402599998,0.0,3.0,0.0591705964587651,108.06428525202155,65366.190742659404,307499.8028925047,18230.77085,32683.53279315808,32682.657949501325,0.10628797965305863,1.79271947513406,0.0,0.0,0.0,0.0,0.0,0.0,1.79271947513406,0.10628797965305863,0.0,0.0,0.0,0.0,0.0,472223.7868862973,0.5000066918665966
2024-01-08 00:00:00+00:00,7.0,4.0,125.08822,2128.4313416570844,3.0,4.0,0.058411693470045926,225.47165855012548,68002.80971406472,309680.5721280028,18121.361125,34001.40485703236,34001.40485703236,0.1097950853790669,1.8763162779270732,159.99999999999983,9.363977,0.0,0.0,0.0,0.0,1.8763162779270732,0.1097950853790669,35.13699613188541,0.0,35.13699613188541,0.0,0.0,472449.2585448474,0.5
2024-01-09 00:00:00+00:00,5.0,5.0,64.595383,1110.008394716781,1.0,4.0,0.05799185834949962,120.7271282625613,63377.12981919037,310772.8393600061,18057.799458,31688.56490959518,31688.56490959519,0.10196697039179299,1.7548408920643128,0.0,0.0,0.0,0.0,0.0,0.0,1.7548408920643128,0.10196697039179299,0.0,0.0,0.0,0.0,0.0,472569.98567311,0.49999999999999994
2024-01-10 00:00:00+00:00,2.0,2.0,6.002559,103.06320618997358,1.0,1.0,0.058027725821300086,10.589787996763699,67511.20439962327,310670.0786195651,18063.784466,33755.60219981163,33755.602199811634,0.10865417857362268,1.8686893803093738,0.0,0.0,0.0,0.0,0.0,0.0,1.8686893803093738,0.10865417857362268,0.0,0.0,0.0,0.0,0.0,472580.5754611068,0.4999999999999999
2024-01-11 00:00:00+00:00,1.0,1.0,0.05797,0.999,0.0,1.0,0.05802802802802803,0.1101138034199083,68469.657139318,310671.0776195651,18063.726496,34234.828569659,34234.828569659,0.11019638143329695,1.8952251395768147,0.0,0.0,0.0,0.0,0.0,0.0,1.8952251395768147,0.11019638143329695,0.0,0.0,0.0,0.0,0.0,472580.6855749102,0.5
2024-01-12 00:00:00+00:00,0.0,0.0,0.0,0.0,0.0,0.0,0.0,0.0,63000.56519949276,310671.0782895651,18063.726458,31500.282599746384,31500.28259974638,0.10139431959091515,1.743841874099884,0.0,0.0,0.0,0.0,0.0,0.0,1.743841874099884,0.10139431959091515,0.0,0.0,0.0,0.0,0.0,472580.6855749102,0.5000000000000001
2024-01-13 00:00:00+00:00,5.0,5.0,398.367654,6999.44690143275,1.0,4.0,0.05666928200928201,711.9903714234148,63383.045788100324,317139.40885435126,17696.085452,31691.52289405016,31691.52289405017,0.0999293118711864,1.7908775915448811,0.0,0.0,0.0,0.0,0.0,0.0,1.7908775915448811,0.0999293118711864,0.0,0.0,0.0,0.0,0.0,473292.6759463336,0.49999999999999994
2024-01-14 00:00:00+00:00,3.0,2.0,1.093396,19.583559138460412,2.0,1.0,0.055690613397995706,1.954225573049225,62219.778888732384,317137.73865211103,17696.18125,31109.889444366192,31109.889444366192,0.09809582920212674,1.7580001586142315,0.0,0.0,0.0,0.0,0.0,0.0,1.7580001586142315,0.09809582920212674,0.0,0.0,0.0,0.0,0.0,473294.63017190667,0.5
2024-01-15 00:00:00+00:00,2.0,2.0,0.576345,10.34986390470572,0.0,2.0,0.05568528528528528,1.02685204959318,62426.15997511298,317148.0921073659,17695.604706,31213.07998755649,31213.07998755649,0.09841799703146174,1.7638888586256203,0.0,0.0,0.0,0.0,0.0,0.0,1.7638888586256203,0.09841799703146174,0.0,0.0,0.0,0.0,0.0,473295.65702395624,0.5
2024-01-16 00:00:00+00:00,0.0,0.0,0.0,0.0,0.0,0.0,0.0,0.0,63188.42245099936,317148.0954573659,17695.60452,31594.211225499683,31594.211225499675,0.0996197413070919,1.785427064093297,0.0,0.0,0.0,0.0,0.0,0.0,1.785427064093297,0.0996197413070919,0.0,0.0,0.0,0.0,0.0,473295.65702395624,0.5000000000000001
2024-01-17 00:00:00+00:00,2.0,1.0,0.28133,5.0440726700257255,1.0,1.0,0.055907150574464846,0.4942379993533159,61798.08652308804,317149.04739469587,17695.551971,30899.04326154402,30899.04326154402,0.09742751402021328,1.7461474675772926,0.0,0.0,0.0,0.0,0.0,0.0,1.7461474675772926,0.09742751402021328,0.0,0.0,0.0,0.0,0.0,473296.1512619556,0.5
2024-01-18 00:00:00+00:00,0.0,0.0,0.0,0.0,0.0,0.0,0.0,0.0,57874.86397318141,317149.04739469587,17695.551971,28937.431986590705,28937.431986590705,0.09124237396991995,1.6352941142505322,0.0,0.0,0.0,0.0,0.0,0.0,1.6352941142505322,0.09124237396991995,0.0,0.0,0.0,0.0,0.0,473296.1512619556,0.5
2024-01-19 00:00:00+00:00,3.0,1.0,32.994121,591.848755165034,1.0,2.0,0.05562170505804178,53.55329935510038,57419.44885096469,317183.7885955474,17669.630465,28709.724425482345,28709.72442548234,0.09051447601595794,1.6248061600581043,0.0,0.0,215.58858910724842,12.031251999999999,0.0,0.0,1.6248061600581043,0.09051447601595794,0.0,39.062340540873635,-39.062340540873635,0.0,0.0,473349.7045613107,0.5
2024-01-20 00:00:00+00:00,2.0,2.0,4.021705,72.3539366294381,0.0,2.0,0.05557001480011615,6.453369193055291,57056.56818076868,317256.14253217675,17665.60876,28528.284090384343,28528.28409038434,0.08992192826492224,1.614905236381129,0.0,0.0,0.0,0.0,0.0,0.0,1.614905236381129,0.08992192826492224,0.0,0.0,0.0,0.0,0.0,473356.1579305038,0.5000000000000001
2024-01-21 00:00:00+00:00,1.0,1.0,0.513954,9.24886848369729,0.0,1.0,0.055569392180884795,0.8275127046547239,55410.16817598035,317265.4461292685,17665.091765,27705.084087990173,27705.084087990173,0.08732461863086675,1.568352118208777,0.0,0.0,0.0,0.0,0.0,0.0,1.568352118208777,0.08732461863086675,0.0,0.0,0.0,0.0,0.0,473356.9854432084,0.5
2024-01-22 00:00:00+00:00,3.0,3.0,11.324404,203.27158845166804,2.0,1.0,0.05579019785925992,16.789843458418446,50742.02517890697,317200.0827708168,17668.754568,25371.01258945349,25371.012589453487,0.07998425589246942,1.435925350132097,0.0,0.0,0.0,0.0,0.0,0.0,1.435925350132097,0.07998425589246942,0.0,0.0,0.0,0.0,0.0,473373.7752866668,0.5000000000000001
2024-01-23 00:00:00+00:00,1.0,1.0,3.8311,68.931,0.0,1.0,0.05557876717297008,5.426705801755568,51144.41364760642,317269.01377081685,17664.923468,25572.20682380321,25572.20682380321,0.08060102220469474,1.4476262447514845,0.0,0.0,0.0,0.0,0.0,0.0,1.4476262447514845,0.08060102220469474,0.0,0.0,0.0,0.0,0.0,473379.20199246856,0.5
2024-01-24 00:00:00+00:00,0.0,0.0,0.0,0.0,0.0,0.0,0.0,0.0,51700.516724731795,317269.0600008169,17664.9209,25850.258362365897,25850.258362365897,0.08147740079760485,1.4633667769418597,0.0,0.0,0.0,0.0,0.0,0.0,1.4633667769418597,0.08147740079760485,0.0,0.0,0.0,0.0,0.0,473379.20199246856,0.5
2024-01-25 00:00:00+00:00,1.0,1.0,2.830613,50.949,0.0,1.0,0.05555777345973425,4.111696743319005,50778.47560459261,317320.04317081685,17662.088389,25389.237802296306,25389.237802296306,0.08001145325897048,1.4374991927969738,0.0,0.0,0.0,0.0,0.0,0.0,1.4374991927969738,0.08001145325897048,0.0,0.0,0.0,0.0,0.0,473383.31368921185,0.5
2024-01-26 00:00:00+00:00,2.0,2.0,3.384435,60.93887012999987,0.0,2.0,0.055529457786030564,4.884368743216613,54152.00321973105,317381.0229108597,17658.701685,27076.001609865525,27076.001609865525,0.0853107137961117,1.53329514778909,0.0,0.0,0.0,0.0,0.0,0.0,1.53329514778909,0.0853107137961117,0.0,0.0,0.0,0.0,0.0,473388.1980579551,0.5
2024-01-27 00:00:00+00:00,13.0,6.0,3156.871781,68758.70579497091,9.0,4.0,0.040708857919644424,4207.809682415588,47629.39343832339,371523.68415813457,15090.802277,23814.696719161697,23814.696719161693,0.06410007688507217,1.578093482508736,0.0,0.0,0.0,0.0,0.0,0.0,1.578093482508736,0.06410007688507217,0.0,0.0,0.0,0.0,0.0,477596.00774037064,0.5000000000000001
2024-01-28 00:00:00+00:00,2.0,2.0,0.079406,1.95886958407121,0.0,2.0,0.040534278157014464,0.12606586710996182,47944.67010161358,371526.693354668,15090.680294,23972.33505080679,23972.33505080679,0.06452385650772674,1.5885523106826471,0.0,0.0,0.0,0.0,0.0,0.0,1.5885523106826471,0.06452385650772674,0.0,0.0,0.0,0.0,0.0,477596.1338062378,0.5
2024-01-29 00:00:00+00:00,5.0,2.0,110.610037,2698.3399774471295,4.0,1.0,0.04122803866640246,178.9034500628457,50423.77353070035,368850.3386621502,15200.399141,25211.886765350177,25211.886765350177,0.068352619267738,1.6586332063706284,0.0,0.0,0.0,0.0,0.0,0.0,1.6586332063706284,0.068352619267738,0.0,0.0,0.0,0.0,0.0,477775.0372563006,0.5
2024-01-30 00:00:00+00:00,4.0,4.0,30.227988,745.4628348393786,3.0,1.0,0.04055028724661775,51.70094535186511,50879.10524026035,375607.7639304337,15230.510714,25439.552620130173,25439.552620130176,0.06772903827632762,1.6703020074531019,7500.0,0.0,0.0,0.0,0.0,0.0,1.6703020074531019,0.06772903827632762,507.96778707245716,0.0,507.96778707245716,0.0,0.0,477826.7382016525,0.49999999999999994
2024-01-31 00:00:00+00:00,0.0,0.0,0.0,0.0,0.0,0.0,0.0,0.0,48721.0484130978,375607.7639304337,15230.510714,24360.524206548896,24360.5242065489,0.06485628505554722,1.599455505070918,0.0,0.0,0.0,0.0,0.0,0.0,1.599455505070918,0.06485628505554722,0.0,0.0,0.0,0.0,0.0,477826.7382016525,0.49999999999999994
2024-02-01 00:00:00+00:00,1.0,1.0,3.019451,74.62831879626452,0.0,1.0,0.04045985557095435,4.844683534237272,49161.445903147905,375682.4423002546,15227.489239,24580.72295157395,24580.722951573956,0.06542952287327933,1.6142334803704113,0.0,0.0,0.0,0.0,0.0,0.0,1.6142334803704113,0.06542952287327933,0.0,0.0,0.0,0.0,0.0,477831.5828851867,0.49999999999999994
2024-02-02 00:00:00+00:00,1.0,1.0,13.36212,330.17828938854035,0.0,1.0,0.04046940828467375,21.707462969274072,49144.69942596034,375682.3332323512,15220.7041,24572.34971298017,24572.34971298017,0.06540725378689212,1.614402957415102,0.0,20.0,330.50879818672706,13.414066,0.0,0.0,1.614402957415102,0.06540725378689212,32.28805914830204,43.27338066316133,-10.985321514859294,0.0,0.0,477853.290348156,0.5
2024-02-03 00:00:00+00:00,0.0,0.0,0.0,0.0,0.0,0.0,0.0,0.0,48508.88039836698,375682.3332323512,15220.7041,24254.44019918349,24254.44019918349,0.06456103482561863,1.5935163077760304,0.0,0.0,0.0,0.0,0.0,0.0,1.5935163077760304,0.06456103482561863,0.0,0.0,0.0,0.0,0.0,477853.290348156,0.5
2024-02-04 00:00:00+00:00,3.0,2.0,0.484168,11.972767223264142,1.0,2.0,0.04043095581055363,0.7585624199103919,47374.82537506976,375693.32898019947,15220.259595,23687.41268753488,23687.41268753488,0.06304986237533992,1.5563080602985524,0.0,0.0,0.0,0.0,0.0,0.0,1.5563080602985524,0.06304986237533992,0.0,0.0,0.0,0.0,0.0,477854.0489105759,0.5
2024-02-05 00:00:00+00:00,1.0,1.0,144.252587,3520.278432915906,1.0,0.0,0.040977607240150364,224.2132248463448,47667.903676451475,372173.050877054,15364.512169,23833.95183822574,23833.951838225734,0.06403997221738443,1.5512338807810628,0.0,0.0,0.0,0.0,0.0,0.0,1.5512338807810628,0.06403997221738443,0.0,0.0,0.0,0.0,0.0,478078.26213542226,0.5000000000000001
2024-02-06 00:00:00+00:00,2.0,2.0,0.502726,12.197450519155641,1.0,1.0,0.04136367159063325,0.7850906253224881,48228.10103273875,372182.8405353777,15364.10904,24114.05051636937,24114.050516369374,0.06479087128703136,1.5695052966357608,0.0,0.0,0.0,0.0,0.0,0.0,1.5695052966357608,0.06479087128703136,0.0,0.0,0.0,0.0,0.0,478079.0472260476,0.49999999999999994
2024-02-07 00:00:00+00:00,0.0,0.0,0.0,0.0,0.0,0.0,0.0,0.0,50479.1849090048,372182.8405353777,15364.10904,25239.592454502395,25239.592454502403,0.06781503526115212,1.6427631689408007,0.0,0.0,0.0,0.0,0.0,0.0,1.6427631689408007,0.06781503526115212,0.0,0.0,0.0,0.0,0.0,478079.0472260476,0.49999999999999994
2024-02-08 00:00:00+00:00,2.0,2.0,143.54591,3517.0954780680336,1.0,1.0,0.0408137127135207,237.61868563138125,50671.7828596228,375699.26136627566,15220.591036,25335.8914298114,25335.8914298114,0.06743662826930874,1.6645800002040998,0.0,0.0,0.0,0.0,0.0,0.0,1.6645800002040998,0.06743662826930874,0.0,0.0,0.0,0.0,0.0,478316.665911679,0.5
2024-02-09 00:00:00+00:00,0.0,0.0,0.0,0.0,0.0,0.0,0.0,0.0,51058.58341716559,375701.6199528257,15220.495675,25529.291708582798,25529.291708582787,0.0679509758616115,1.6772969983175523,0.0,0.0,0.0,0.0,0.0,0.0,1.6772969983175523,0.0679509758616115,0.0,0.0,0.0,0.0,0.0,478316.665911679,0.5000000000000001
2024-02-10 00:00:00+00:00,3.0,3.0,484.46650600000004,12376.379042832486,2.0,1.0,0.03805119381065601,840.2842991856936,49220.10206386451,388054.7558092564,14736.914865,24610.051031932257,24610.05103193226,0.06341901668131862,1.6699595035580237,0.0,0.0,0.0,0.0,0.0,0.0,1.6699595035580237,0.06341901668131862,0.0,0.0,0.0,0.0,0.0,479156.95021086466,0.5
2024-02-11 00:00:00+00:00,0.0,0.0,0.0,0.0,0.0,0.0,0.0,0.0,48119.26555107192,388054.7558092564,14736.914865,24059.632775535956,24059.63277553596,0.062000613097400556,1.6326098777076676,0.0,0.0,0.0,0.0,0.0,0.0,1.6326098777076676,0.062000613097400556,0.0,0.0,0.0,0.0,0.0,479156.95021086466,0.49999999999999994
2024-02-12 00:00:00+00:00,4.0,3.0,2.064425,54.40916821030922,1.0,3.0,0.037896896896896896,3.3441673203568087,48566.84165721526,388077.8774453456,14736.040979,24283.420828607632,24283.420828607625,0.06257357669667102,1.6478931392233085,0.0,0.0,0.0,0.0,0.0,0.0,1.6478931392233085,0.06257357669667102,0.0,0.0,0.0,0.0,0.0,479160.294378185,0.5000000000000001
2024-02-13 00:00:00+00:00,3.0,2.0,84.10923,2209.3652055977554,2.0,1.0,0.038119477700872866,138.29307420727417,48396.736639004215,387353.00744483207,14763.785519,24198.368319502108,24198.368319502108,0.062471099628543636,1.639035482353793,0.0,0.0,0.0,0.0,0.0,0.0,1.639035482353793,0.062471099628543636,0.0,0.0,0.0,0.0,0.0,479298.58745239227,0.5
2024-02-14 00:00:00+00:00,1.0,1.0,0.611905,16.02159630025668,1.0,0.0,0.038192511440960274,1.0099263436173906,48888.4182339569,387336.9858485318,14764.397424,24444.20911697845,24444.20911697845,0.06310837851807254,1.6556184729383947,0.0,0.0,0.0,0.0,0.0,0.0,1.6556184729383947,0.06310837851807254,0.0,0.0,0.0,0.0,0.0,479299.5973787359,0.5
2024-02-15 00:00:00+00:00,2.0,1.0,64.33242200000001,1689.305234550257,1.0,1.0,0.03801828640647097,104.76729967011039,47460.081376438815,388060.40987324633,14737.002014,23730.040688219407,23730.040688219404,0.06115037783929168,1.610235288403714,0.0,0.0,0.0,0.0,0.0,0.0,1.610235288403714,0.06115037783929168,0.0,0.0,0.0,0.0,0.0,479404.364678406,0.5
2024-02-16 00:00:00+00:00,1.0,1.0,0.378596,9.99,0.0,1.0,0.0378974974974975,0.6113634676731313,47331.841992403155,388087.2372429218,14736.592504,23665.920996201578,23665.920996201578,0.06098093089669934,1.6059289818713425,16.02159630025668,0.0,0.0,0.0,0.0,0.0,1.6059289818713425,0.06098093089669934,0.9770118568407664,0.0,0.9770118568407664,0.0,0.0,479404.9760418737,0.5
2024-02-17 00:00:00+00:00,2.0,1.0,0.09965,2.6242768232900477,1.0,1.0,0.03789605916081288,0.1606821534539323,47212.156124929905,388087.2368096995,14736.592721,23606.078062464952,23606.078062464952,0.06082673126929013,1.601868119000515,0.0,0.0,0.0,0.0,0.0,0.0,1.601868119000515,0.06082673126929013,0.0,0.0,0.0,0.0,0.0,479405.13672402716,0.5
2024-02-18 00:00:00+00:00,4.0,4.0,1.854863,48.87738199727877,1.0,3.0,0.037892469728737124,3.001256985371298,47861.62543555769,388102.4670848557,14736.018132,23930.812717778845,23930.812717778845,0.06166106826769166,1.6239673773074348,0.0,0.0,0.0,0.0,0.0,0.0,1.6239673773074348,0.06166106826769166,0.0,0.0,0.0,0.0,0.0,479408.1379810125,0.5
2024-02-19 00:00:00+00:00,2.0,1.0,1.116514,29.344595429434744,2.0,0.0,0.038050967975278294,1.8092995409400126,48459.272247221554,388073.1224894263,14737.134646,24229.636123610777,24229.636123610777,0.06243574913970228,1.6441212424008937,0.0,0.0,0.0,0.0,0.0,0.0,1.6441212424008937,0.06243574913970228,0.0,0.0,0.0,0.0,0.0,479409.94728055346,0.5
2024-02-20 00:00:00+00:00,4.0,3.0,1.634147,43.06808235162079,1.0,3.0,0.037897126145328267,2.6332831015544085,47355.606463807526,388090.10349030286,14736.493094,23677.803231903763,23677.803231903763,0.06101109772951321,1.6067461288699847,0.0,0.0,0.0,0.0,0.0,0.0,1.6067461288699847,0.06101109772951321,0.0,0.0,0.0,0.0,0.0,479412.580563655,0.5
2024-02-21 00:00:00+00:00,3.0,3.0,0.9408259999999999,24.770308826456432,2.0,1.0,0.03789749713316592,1.44928873339977,45768.18405990256,388087.2999444643,14736.601435,22884.09202995128,22884.09202995128,0.058966351213312104,1.5528744623302815,0.0,0.0,0.0,0.0,0.0,0.0,1.5528744623302815,0.058966351213312104,0.0,0.0,0.0,0.0,0.0,479414.0298523884,0.5
2024-02-22 00:00:00+00:00,1.0,1.0,4.163263,109.89,0.0,1.0,0.037885731185731186,6.452234573787859,45228.5713922601,388197.19730776426,14732.437893,22614.28569613005,22614.28569613005,0.05825463412143431,1.5349995608584948,0.0,0.0,0.0,0.0,0.0,0.0,1.5349995608584948,0.05825463412143431,0.0,0.0,0.0,0.0,0.0,479420.4820869622,0.5
2024-02-23 00:00:00+00:00,1.0,1.0,0.617556,16.239275891958034,1.0,0.0,0.03802854290478704,0.9446467446611888,45162.71546197218,388181.0317318723,14733.052658,22581.35773098609,22581.35773098609,0.05817223379060849,1.5327005377072676,0.0,0.0,0.0,0.0,0.0,0.0,1.5327005377072676,0.05817223379060849,0.0,0.0,0.0,0.0,0.0,479421.42673370684,0.5
2024-02-24 00:00:00+00:00,0.0,0.0,0.0,0.0,0.0,0.0,0.0,0.0,46610.05198597061,388181.0317318723,14733.052658,23305.025992985305,23305.025992985305,0.06003648835959288,1.5818192287754262,0.0,0.0,0.0,0.0,0.0,0.0,1.5818192287754262,0.06003648835959288,0.0,0.0,0.0,0.0,0.0,479421.42673370684,0.5
2024-02-25 00:00:00+00:00,3.0,3.0,2.029721,53.48096311251275,1.0,2.0,0.037879053540148165,3.216489070509809,46646.00658867168,388181.9928324797,14733.020246,23323.003294335835,23323.00329433584,0.06008265124343596,1.5830429134629072,0.0,0.0,0.0,0.0,0.0,0.0,1.5830429134629072,0.06008265124343596,0.0,0.0,0.0,0.0,0.0,479424.64322277735,0.49999999999999994
2024-02-26 00:00:00+00:00,0.0,0.0,0.0,0.0,0.0,0.0,0.0,0.0,47978.59751439394,388181.9928324797,14733.020246,23989.29875719697,23989.29875719697,0.06179910248322512,1.6282675484485296,0.0,0.0,0.0,0.0,0.0,0.0,1.6282675484485296,0.06179910248322512,0.0,0.0,0.0,0.0,0.0,479424.64322277735,0.5
2024-02-27 00:00:00+00:00,0.0,0.0,0.0,0.0,0.0,0.0,0.0,0.0,47449.71652779946,388181.9928324797,14733.020246,23724.85826389973,23724.85826389973,0.0611178743526576,1.6103187172596878,0.0,0.0,0.0,0.0,0.0,0.0,1.6103187172596878,0.0611178743526576,0.0,0.0,0.0,0.0,0.0,479424.64322277735,0.5
2024-02-28 00:00:00+00:00,0.0,0.0,0.0,0.0,0.0,0.0,0.0,0.0,47197.4666923252,388181.9928324797,14733.020246,23598.7333461626,23598.7333461626,0.060792962532774296,1.6017580205640207,0.0,0.0,0.0,0.0,0.0,0.0,1.6017580205640207,0.060792962532774296,0.0,0.0,0.0,0.0,0.0,479424.64322277735,0.5
2024-02-29 00:00:00+00:00,0.0,0.0,0.0,0.0,0.0,0.0,0.0,0.0,46565.11132540474,388181.9928324797,14733.020246,23282.55566270237,23282.55566270237,0.059978453644422336,1.5802975407587292,0.0,0.0,0.0,0.0,0.0,0.0,1.5802975407587292,0.059978453644422336,0.0,0.0,0.0,0.0,0.0,479424.64322277735,0.5
2024-03-01 00:00:00+00:00,3.0,3.0,286.207977,7689.358986153438,2.0,1.0,0.03719955128461795,458.84215940610346,46492.89216303298,395482.6338463262,14461.982871,23246.44608151649,23246.44608151649,0.058779941499402036,1.6074176196219676,4.999999999999823,0.189924,0.0,0.0,0.0,0.0,1.6074176196219676,0.058779941499402036,0.5991868914860824,0.0,0.5991868914860824,0.0,0.0,479883.48538218345,0.5
2024-03-02 00:00:00+00:00,0.0,0.0,0.0,0.0,0.0,0.0,0.0,0.0,46633.38196114428,395487.65884632623,14461.799487,23316.69098057214,23316.69098057214,0.05895681055785423,1.612295274978192,0.0,0.0,0.0,0.0,0.0,0.0,1.612295274978192,0.05895681055785423,0.0,0.0,0.0,0.0,0.0,479883.48538218345,0.5
2024-03-03 00:00:00+00:00,0.0,0.0,0.0,0.0,0.0,0.0,0.0,0.0,46432.94117265417,395487.65884632623,14461.799487,23216.470586327086,23216.470586327086,0.05870340089511683,1.6053652664176983,0.0,0.0,0.0,0.0,0.0,0.0,1.6053652664176983,0.05870340089511683,0.0,0.0,0.0,0.0,0.0,479883.48538218345,0.5
2024-03-04 00:00:00+00:00,2.0,2.0,7.6748259999999995,210.41624092571362,0.0,2.0,0.03646045338473288,12.279202209153901,46406.8440806538,395698.2162072534,14454.119517,23203.4220403269,23203.422040326896,0.058639187870823575,1.6053154959066538,0.0,0.0,0.0,0.0,0.0,0.0,1.6053154959066538,0.058639187870823575,0.0,0.0,0.0,0.0,0.0,479895.7645843926,0.5
2024-03-05 00:00:00+00:00,1.0,1.0,0.890809,24.437328188772643,0.0,1.0,0.03645279848593549,1.409526629873513,44504.12735239514,395722.6535354422,14453.228708,22252.06367619757,22252.06367619757,0.05623146281213492,1.5395911962481323,0.0,0.0,0.0,0.0,0.0,0.0,1.5395911962481323,0.05623146281213492,0.0,0.0,0.0,0.0,0.0,479897.1741110225,0.5
2024-03-06 00:00:00+00:00,0.0,0.0,0.0,0.0,0.0,0.0,0.0,0.0,51282.67092473452,395722.66992484144,14453.228111,25641.33546236726,25641.33546236726,0.06479622576901457,1.774090553711822,0.0,0.0,0.0,0.0,0.0,0.0,1.774090553711822,0.06479622576901457,0.0,0.0,0.0,0.0,0.0,479897.1741110225,0.5
2024-03-07 00:00:00+00:00,3.0,2.0,19.932654,545.3482226237984,2.0,1.0,0.03659949131698912,34.84055331757416,50416.4385263819,395695.2889420435,14454.268128,25208.21926319095,25208.219263190946,0.06370613946551973,1.743998315235276,0.0,0.0,0.0,0.0,0.0,0.0,1.743998315235276,0.06370613946551973,0.0,0.0,0.0,0.0,0.0,479932.01466434007,0.5
2024-03-08 00:00:00+00:00,63.0,16.0,5601.997745,234062.94320926096,14.0,49.0,0.01748897333841778,9420.271781965594,32899.655149815866,580365.5139684823,9949.755853,16449.827574907933,16449.827574907933,0.028343909448419205,1.6532895699092016,2445.6978675829037,43.722978,0.0,0.0,310234.08385001466,1.0,1.6532895699092016,0.028343909448419205,141.60738238973124,0.0,141.60738238973124,8793.246780458107,0.028343909448419205,489352.28644630563,0.5
2024-03-09 00:00:00+00:00,18.0,9.0,1172.58545,61556.04486740337,9.0,9.0,0.01982551700636807,1959.457062577418,35515.440877128814,541460.3561753578,10746.882268,17757.720438564407,17757.720438564404,0.032795975247379656,1.6523601911449175,2015.3206955197209,40.0,0.0,0.0,1751.0,0.0,1.6523601911449175,0.032795975247379656,132.18881529159341,0.0,132.18881529159341,57.42575265816178,0.0,491311.74350888305,0.5
2024-03-10 00:00:00+00:00,21.0,15.0,3733.0540859999996,239113.3460307975,14.0,7.0,0.017483002807429968,6360.755506423127,32566.239756913637,576583.8325202974,10099.755226,16283.11987845682,16283.119878456817,0.028240680643579454,1.6122291594294147,0.0,0.0,0.0,0.0,131640.0,0.0,1.6122291594294147,0.028240680643579454,0.0,0.0,0.0,3717.6031999207994,0.0,497672.4990153062,0.5000000000000001
2024-03-11 00:00:00+00:00,16.0,12.0,795.0943110000001,42709.18319705353,4.0,12.0,0.01905686987105274,1309.6348867285997,34956.77651456763,553123.2804800186,10529.706782,17478.388257283816,17478.388257283816,0.031599444236220714,1.6599121532199013,0.0,0.0,0.0,0.0,1084.8,0.0,1.6599121532199013,0.031599444236220714,0.0,0.0,0.0,34.27907710745223,0.0,498982.1339020348,0.5
2024-03-12 00:00:00+00:00,13.0,7.0,67.075037,3551.5006387203994,2.0,11.0,0.018825354583622323,108.92568715062094,34032.42388696819,556508.3068356375,10465.364495,17016.211943484093,17016.211943484093,0.03057674384096797,1.6259550206410744,0.0,0.0,11.314944292648313,0.2154,1705.5754781691128,17.99146433939434,1.6259550206410744,0.03057674384096797,0.0,0.6962048646572174,-0.6962048646572174,52.15094449741342,0.5501203964295708,499091.0595891854,0.5
2024-03-13 00:00:00+00:00,17.0,10.0,71.484645,3789.769612379273,2.0,15.0,0.018826442791985608,116.71191080070369,34651.71162067252,555724.5513289458,10480.267185,17325.855810336256,17325.85581033626,0.031177056635168697,1.6531883686261437,0.0,0.0,0.0,0.0,0.0,811.72244196,1.6531883686261437,0.031177056635168697,0.0,0.0,0.0,0.0,25.307116545024353,499207.7714999861,0.4999999999999999
2024-03-14 00:00:00+00:00,5.0,3.0,21.306074,1126.1313473303228,4.0,1.0,0.018958126271051992,31.8278097233918,33455.99196526484,554812.0718032679,10497.546361,16727.99598263242,16727.99598263242,0.030150742625809406,1.593514846934089,0.0,0.0,0.0,0.0,0.0,80198.73665615007,1.593514846934089,0.030150742625809406,0.0,0.0,0.0,0.0,2418.051467834647,499239.5993097095,0.5
2024-03-15 00:00:00+00:00,4.0,3.0,32.387487,1718.7571569622435,2.0,2.0,0.018867454153066315,47.73776755829996,31241.143537956967,556075.9709103851,10473.751411,15620.571768978483,15620.571768978483,0.028090715272960122,1.4914018059062453,0.0,0.0,0.0,0.0,0.0,127.66360923895569,1.4914018059062453,0.028090715272960122,0.0,0.0,0.0,0.0,3.5861620978499453,499287.3370772678,0.5
2024-03-16 00:00:00+00:00,4.0,4.0,107.36664999999999,5759.087950023009,2.0,2.0,0.018465575575575575,150.17885592590105,28640.314677427097,561306.1666282433,10376.371238,14320.157338713549,14320.157338713549,0.025512203838298254,1.3800737281132298,0.0,0.0,0.0,0.0,10003.0,245766.94950049027,1.3800737281132298,0.025512203838298254,0.0,0.0,0.0,255.19857499449745,6270.056512373261,499437.51593319373,0.5
2024-03-17 00:00:00+00:00,10.0,6.0,632.8224600000001,32228.918587842123,7.0,3.0,0.0205259928999936,890.4470635221298,30982.72532685951,533219.4231730334,10924.199146,15491.362663429756,15491.362663429754,0.029052510074080145,1.4180776509463455,0.0,0.0,0.0,0.0,0.0,167819.19874720188,1.4180776509463455,0.029052510074080145,0.0,0.0,0.0,0.0,4875.568962227141,500327.96299671585,0.5000000000000001
2024-03-18 00:00:00+00:00,6.0,5.0,81.97263099999999,4036.962241731707,3.0,3.0,0.020171322012718016,110.905265880359,28746.02906689007,539075.9487775869,10854.585444,14373.014533445035,14373.014533445035,0.02666231829863195,1.3241421892707923,2429.293482809419,0.0,0.0,0.0,4252.4,98089.56540187648,1.3241421892707923,0.02666231829863195,64.77059607945691,0.0,64.77059607945691,113.3788423331025,2615.2952145193067,500438.8682625962,0.5
2024-03-19 00:00:00+00:00,3.0,2.0,25.607871,1275.1517096254286,1.0,2.0,0.02003276258213677,31.393304156770604,27053.892147762635,539096.5533485345,10817.364059,13526.946073881318,13526.94607388132,0.02509188009060769,1.2504844988208528,0.0,0.0,915.766044971072,18.451095,1002.0,0.0,1.2504844988208528,0.02509188009060769,0.0,46.05110007523513,-46.05110007523513,25.142063850788904,0.0,500470.261566753,0.5
2024-03-20 00:00:00+00:00,8.0,5.0,123.78219399999999,6241.138924328191,5.0,3.0,0.01967314314314314,160.68508330951718,29027.942495354153,544160.2110587388,10716.949747,14513.971247677076,14513.971247677076,0.026672239080909908,1.354300579018762,0.0,0.0,0.0,0.0,5500.1,0.7224419643170877,1.354300579018762,0.026672239080909908,0.0,0.0,0.0,146.69998216891258,0.019269144794347548,500630.9466500625,0.5
2024-03-21 00:00:00+00:00,10.0,6.0,378.482105,19913.654108016104,4.0,6.0,0.01854690801913024,508.30744035760335,27574.842927286736,562294.5731628642,10366.18058,13787.421463643368,13787.421463643368,0.02451992624806989,1.3300387116778711,0.0,0.0,154.37812984443656,3.040396,25504.472926116,5002.337323585044,1.3300387116778711,0.02451992624806989,0.0,7.829184736931094,-7.829184736931094,625.3677951442595,122.65694224227259,501139.25409042015,0.5
2024-03-22 00:00:00+00:00,8.0,3.0,232.75996800000001,12369.184281046964,2.0,6.0,0.019069285549781368,297.56365770384997,27136.470749469387,552402.6222003102,10552.275253,13568.235374734695,13568.235374734692,0.02456222115798471,1.2858113581596782,0.0,0.0,0.0,0.0,0.0,10800.0,1.2858113581596782,0.02456222115798471,0.0,0.0,0.0,0.0,265.2719885062349,501436.817748124,0.5000000000000001
2024-03-23 00:00:00+00:00,4.0,4.0,12.453259,652.558636567974,3.0,1.0,0.01912416836810104,16.160406240051394,27046.10408076182,552549.8688912755,10549.488176,13523.052040380911,13523.05204038091,0.02447390326508579,1.2818680693102953,0.0,0.0,0.0,0.0,15000.0,5464.075810828898,1.2818680693102953,0.02447390326508579,0.0,0.0,0.0,367.10854897628684,133.72726282732165,501452.97815436404,0.5000000000000001
2024-03-24 00:00:00+00:00,13.0,5.0,86.591152,4576.946197496672,1.0,12.0,0.018767398264868684,111.05239431447716,27452.605510117755,554471.6912460937,10423.166176,13726.302755058878,13726.302755058878,0.024755642121622165,1.3169033788086923,0.0,0.0,2373.3285727645953,45.124038,5000.0,0.0,1.3169033788086923,0.024755642121622165,0.0,118.17727089207246,-118.17727089207246,123.77821060811083,0.0,501564.03054867854,0.5
2024-03-25 00:00:00+00:00,26.0,16.0,2526.5750709999998,110743.71467746695,5.0,21.0,0.026323142142142143,3406.3048793231,33441.734446749455,468695.5496266816,12335.91471,16720.867223374727,16720.867223374724,0.035675327484318946,1.355462291727755,0.0,0.0,2.0725129006038685,0.049723,2360.0,384.4984072914781,1.355462291727755,0.035675327484318946,0.0,0.14133522797609793,-0.14133522797609793,84.19377286299272,13.717106597322529,504970.33542800165,0.5
2024-03-26 00:00:00+00:00,13.0,9.0,1085.838438,40756.14806123021,6.0,7.0,0.028208061039760705,1455.702611869478,34359.229219283516,452402.4053277393,12782.376992,17179.614609641758,17179.614609641754,0.03797418936620402,1.3440078179820403,0.0,0.0,0.0,0.0,14765.199999999999,0.0,1.3440078179820403,0.03797418936620402,0.0,0.0,0.0,560.6965008298755,0.0,506426.03803987114,0.5
2024-03-27 00:00:00+00:00,11.0,10.0,912.0704929999999,30606.88672379414,3.0,8.0,0.031243762435991713,1217.5284760055831,36539.66997317849,429861.1480686663,13454.493025,18269.83498658925,18269.834986589245,0.04250171263133279,1.3578984323409127,0.0,0.0,0.0,0.0,3070.961992605,2632.0719304153563,1.3578984323409127,0.04250171263133279,0.0,0.0,0.0,130.52114411144285,111.86756481151083,507643.56651587674,0.5000000000000001
2024-03-28 00:00:00+00:00,13.0,10.0,48.595518,1553.6113051211728,3.0,10.0,0.03133871412992775,66.42201252241145,36653.03523070594,429995.3898980703,13450.389999,18326.51761535297,18326.51761535297,0.04262026534679183,1.362526857341348,0.0,0.0,0.0,0.0,1627.0,200.0,1.362526857341348,0.04262026534679183,0.0,0.0,0.0,69.34317171923031,8.524053069358366,507709.98852839915,0.5
2024-03-29 00:00:00+00:00,5.0,5.0,158.348579,5132.8198365052285,0.0,5.0,0.030840346746746745,218.32111052181116,37001.06818686628,435131.68568986247,13291.935452,18500.53409343314,18500.534093433143,0.04251709241560332,1.3918615660031226,0.0,0.0,0.0,0.0,11.312230838571828,0.0,1.3918615660031226,0.04251709241560332,0.0,0.0,0.0,0.4809631639901963,0.0,507928.30963892094,0.5
2024-03-30 00:00:00+00:00,5.0,3.0,10.645943,348.5609471931778,3.0,2.0,0.030604536771029964,14.739465698118348,36344.166157600645,435122.4841847569,13292.237857,18172.08307880033,18172.08307880032,0.04176314426235051,1.3671199142159858,0.0,0.0,0.0,0.0,123.02555500232424,240.16658334181278,1.3671199142159858,0.04176314426235051,0.0,0.0,0.0,5.137934001517805,10.030111667099954,507943.0491046191,0.5000000000000002
2024-03-31 00:00:00+00:00,5.0,4.0,8.877843,290.3978688274081,3.0,2.0,0.030616016992160607,12.226048779765367,36753.11970842858,435074.91396837006,13293.708978,18376.55985421429,18376.559854214287,0.04223769117506569,1.3823500939147975,0.0,0.0,0.0,0.0,0.0,176.6967203870181,1.3823500939147975,0.04223769117506569,0.0,0.0,0.0,0.0,7.4632615073538044,507955.27515339886,0.5
2024-04-01 00:00:00+00:00,5.0,4.0,90.365939,2969.8875033625436,1.0,4.0,0.03036199444937309,120.6508077526517,34660.40348706975,437105.2939200497,13232.139128,17330.201743534875,17330.201743534875,0.0396476592358653,1.3097052242190477,0.0,0.0,0.0,0.0,2188.0,2.8919829781473987,1.3097052242190477,0.0396476592358653,0.0,0.0,0.0,86.74907840807327,0.11466035563351096,508075.9259611515,0.5
2024-04-02 00:00:00+00:00,27.0,12.0,705.109119,24578.266501053775,10.0,17.0,0.02748888840959808,863.1554317123341,31557.696685277995,459144.0710224434,12598.377383,15778.848342638996,15778.848342638998,0.03436578916831469,1.252450840528929,0.0,0.0,0.0,0.0,22896.98887,0.0,1.252450840528929,0.03436578916831469,0.0,0.0,0.0,786.8730920956681,0.0,508939.0813928638,0.49999999999999994
2024-04-03 00:00:00+00:00,5.0,3.0,20.453634,744.19818955257,3.0,2.0,0.027415596850366413,25.78533827981198,31763.51165280591,458964.974174475,12603.334645,15881.755826402956,15881.755826402956,0.03460341577256291,1.2601233144835657,0.0,0.0,0.0,0.0,21.0,0.0,1.2601233144835657,0.03460341577256291,0.0,0.0,0.0,0.7266717312238211,0.0,508964.8667311436,0.5
2024-04-04 00:00:00+00:00,13.0,8.0,191.888577,7095.54043429037,2.0,11.0,0.026684121376624924,248.01193368171258,32575.78814660604,465177.6658905832,12435.391172,16287.89407330302,16287.89407330302,0.035014351005265544,1.309801505076693,0.0,0.0,0.0,0.0,19.0,443.6575056717467,1.309801505076693,0.035014351005265544,0.0,0.0,0.0,0.6652726691000453,15.534379629711129,509212.87866482534,0.5
2024-04-05 00:00:00+00:00,7.0,4.0,20.530719,770.8170115676978,0.0,7.0,0.026593092448859903,26.300893694923595,31873.706429972022,465949.1571145824,12414.842523,15936.853214986011,15936.853214986011,0.03420298753983356,1.283693545484855,0.0,0.0,0.0,0.0,20.0,0.0,1.283693545484855,0.03420298753983356,0.0,0.0,0.0,0.6840597507966711,0.0,509239.17955852026,0.5
2024-04-06 00:00:00+00:00,2.0,2.0,8.416561999999999,315.15317489608395,1.0,1.0,0.02662228895562229,10.921065286386161,32656.120553049186,465687.9758335168,12421.82223,16328.060276524591,16328.060276524597,0.03506223291958447,1.3144657824107822,0.0,0.0,0.0,0.0,27.0,342.6882629320427,1.3144657824107822,0.03506223291958447,0.0,0.0,0.0,0.9466802888287806,12.015415693731086,509250.10062380665,0.49999999999999994
2024-04-07 00:00:00+00:00,5.0,4.0,289.013299,11086.807067483885,2.0,3.0,0.02583563919772181,385.3537895034094,32250.854147976763,472767.0920266394,12236.394327,16125.42707398838,16125.427073988383,0.03410860727395922,1.317825058841648,0.0,0.0,0.0,0.0,15628.0,0.7224419643170877,1.317825058841648,0.03410860727395922,0.0,0.0,0.0,533.0493144774347,0.024641489239119206,509635.45441331004,0.49999999999999994
2024-04-08 00:00:00+00:00,8.0,4.0,197.367701,7652.808121939591,5.0,3.0,0.026101792495222455,263.64019946863334,33064.975999040595,471205.0290812318,12277.355166,16532.487999520297,16532.487999520297,0.03508555083071967,1.3465838347092987,0.0,0.0,0.0,0.0,3036.0,6700.0,1.3465838347092987,0.03508555083071967,0.0,0.0,0.0,106.51973232206491,235.07319056582176,509899.0946127787,0.5
2024-04-09 00:00:00+00:00,8.0,6.0,113.491896,4356.774486629429,3.0,5.0,0.0259950820250568,150.79779371023585,31248.229580306885,471332.5010392671,12274.261688,15624.11479015344,15624.114790153442,0.0331488169300928,1.2729168716867463,0.0,0.0,0.0,0.0,145.804045,972.9332636120162,1.2729168716867463,0.0331488169300928,0.0,0.0,0.0,4.833231595372013,32.25158664067244,510049.89240648894,0.49999999999999994
2024-04-10 00:00:00+00:00,6.0,4.0,126.93886499999999,4840.120878882891,2.0,4.0,0.02608333333333333,160.40591554329646,31307.67355511158,470500.39299821,12296.222786,15653.83677755579,15653.83677755579,0.0332706136073628,1.2730606016165094,0.0,0.0,0.0,0.0,3820.0,3980.0,1.2730606016165094,0.0332706136073628,0.0,0.0,0.0,127.09374398012591,132.41704215730397,510210.29832203226,0.5
2024-04-11 00:00:00+00:00,3.0,3.0,4.093588,156.88921811555576,1.0,2.0,0.026173849073075378,4.283121491704282,30550.036363801162,470602.5175795723,12293.562613,15275.018181900585,15275.018181900576,0.03245842852788775,1.2425216890137114,0.0,0.0,0.0,0.0,20.0,27.44353717309797,1.2425216890137114,0.03245842852788775,0.0,0.0,0.0,0.649168570557755,0.890774089885431,510214.581443524,0.5000000000000001
2024-04-12 00:00:00+00:00,8.0,5.0,338.43251,13327.433668238125,5.0,3.0,0.024909443755106432,395.7617414717579,24931.81355072496,482396.3802700604,11993.669756,12465.90677536248,12465.90677536248,0.02584162586042557,1.0393738554562284,0.0,0.0,0.0,0.0,8141.000000000001,0.0,1.0393738554562284,0.02584162586042557,0.0,0.0,0.0,210.3766761297246,0.0,510610.34318499576,0.5
2024-04-13 00:00:00+00:00,4.0,3.0,6.463345,259.35028138621476,3.0,1.0,0.02493277748915284,6.263635870682053,22497.941764509713,482160.40119172574,11999.552801,11248.970882254856,11248.970882254856,0.023330349930130053,0.9374491757157323,0.0,0.0,0.0,0.0,2.0,0.0,0.9374491757157323,0.023330349930130053,0.0,0.0,0.0,0.046660699860260106,0.0,510616.60682086647,0.5
2024-04-14 00:00:00+00:00,10.0,6.0,427.017047,16994.153327713622,5.0,5.0,0.02465752340477245,407.3785432075515,23083.562801318047,484858.2012326428,11933.627103,11541.781400659023,11541.781400659023,0.023804447096731875,0.9671645762885895,0.0,0.0,0.0,0.0,2410.98987,6766.991566412785,0.9671645762885895,0.023804447096731875,0.0,0.0,0.0,57.39228081117146,161.0844927467039,511023.985364074,0.5
2024-04-15 00:00:00+00:00,5.0,2.0,7.782103,315.3457958810917,5.0,0.0,0.024688579146398732,7.492498091975057,21872.32301229547,484543.1151012103,11941.40282,10936.161506147731,10936.161506147737,0.02257004828943532,0.915818825559704,0.0,0.0,0.0,0.0,0.1,25.48171375060467,0.915818825559704,0.02257004828943532,0.0,0.0,0.0,0.002257004828943532,0.5751235098487153,511031.477862166,0.49999999999999983
2024-04-16 00:00:00+00:00,5.0,4.0,65.430285,2674.926770345159,0.0,5.0,0.024454168285932994,60.08869094755438,22202.46889482916,487218.1273664865,11875.970434,11101.23444741458,11101.23444741458,0.02278493722599982,0.9347644059160495,0.0,0.0,0.0,0.0,2550.0,0.0,0.9347644059160495,0.02278493722599982,0.0,0.0,0.0,58.101589926299546,0.0,511091.5665531136,0.5
2024-04-17 00:00:00+00:00,4.0,2.0,140.775873,5855.56162389352,2.0,2.0,0.023876916677517915,128.31220602881916,21348.60439164718,492720.7126739694,11743.621844,10674.30219582359,10674.30219582359,0.021664001372896854,0.9089446456654475,0.0,0.0,0.0,0.0,270.0,0.0,0.9089446456654475,0.021664001372896854,0.0,0.0,0.0,5.849280370682151,0.0,511219.8787591424,0.5
2024-04-18 00:00:00+00:00,2.0,2.0,86.994695,3684.2239033499677,1.0,1.0,0.023541414219834723,79.84922385171697,21405.852280107272,496235.5305444189,11660.615465,10702.926140053636,10702.926140053636,0.021568238228148396,0.9178697447127964,0.0,0.0,0.0,0.0,0.0,0.0,0.9178697447127964,0.021568238228148396,0.0,0.0,0.0,0.0,0.0,511299.7279829941,0.5
2024-04-19 00:00:00+00:00,0.0,0.0,0.0,0.0,0.0,0.0,0.0,0.0,21427.332193611488,496235.5305444189,11660.615465,10713.666096805746,10713.666096805744,0.02158988108943309,0.9187907901571252,0.0,0.0,0.0,0.0,0.0,0.0,0.9187907901571252,0.02158988108943309,0.0,0.0,0.0,0.0,0.0,511299.7279829941,0.5000000000000001
2024-04-20 00:00:00+00:00,4.0,2.0,40.094152,1697.0330955990908,4.0,0.0,0.02363827387061903,38.77119365583357,22775.07779782657,494538.8419711296,11700.70153,11387.538898913284,11387.538898913286,0.023026581397580237,0.9732355679457526,0.0,0.0,0.0,0.0,0.0,1420.0,0.9732355679457526,0.023026581397580237,0.0,0.0,0.0,0.0,32.69774558456394,511338.49917664996,0.5
2024-04-21 00:00:00+00:00,3.0,3.0,2.188691,92.70944847329127,0.0,3.0,0.023606678818063775,2.0990823569540153,22535.193792395326,494631.5514196029,11698.512839,11267.596896197663,11267.596896197663,0.022779777925325276,0.9631648955099859,0.0,0.0,0.0,0.0,0.0,0.0,0.9631648955099859,0.022779777925325276,0.0,0.0,0.0,0.0,0.0,511340.5982590069,0.5
2024-04-22 00:00:00+00:00,6.0,5.0,193.66842499999998,8223.81880671663,1.0,5.0,0.023497349134312832,189.24992822800928,22865.320003514506,497425.0985277457,11633.199259,11432.660001757253,11432.660001757253,0.022983681433838134,0.9827614697575474,0.0,0.0,0.0,0.0,5022.0,2871.633833031075,0.9827614697575474,0.022983681433838134,0.0,0.0,0.0,115.42404816073511,66.00071721301775,511529.84818723495,0.5
2024-04-23 00:00:00+00:00,1.0,1.0,3.008993,128.95305234896028,0.0,1.0,0.023334019204581165,3.078758380427837,23531.530030453643,497556.6798052859,11630.128956,11765.765015226822,11765.76501522682,0.023647084830277512,1.0116624725091157,0.0,0.0,0.0,0.0,0.0,0.0,1.0116624725091157,0.023647084830277512,0.0,0.0,0.0,0.0,0.0,511532.9269456154,0.5
2024-04-24 00:00:00+00:00,5.0,3.0,138.983041,6029.9538801300005,0.0,5.0,0.02277734877734878,140.71610890717767,21875.18075038072,503590.6000854159,11491.055548,10937.59037519036,10937.59037519036,0.021719210750429405,0.9518351320731393,0.0,0.0,0.0,0.0,5885.98987,0.0,0.9518351320731393,0.021719210750429405,0.0,0.0,0.0,127.83905446142259,0.0,511673.6430545226,0.5
2024-04-25 00:00:00+00:00,2.0,2.0,59.04965,2605.925853674514,1.0,1.0,0.022643935157478968,55.80419141507614,21550.037774105665,505979.7820949543,11436.913818,10775.01888705283,10775.018887052833,0.021295354613656767,0.9421264388732699,0.0,0.0,0.0,0.0,10010.0,0.0,0.9421264388732699,0.021295354613656767,0.0,0.0,0.0,213.16649968270423,0.0,511729.44724593766,0.4999999999999999
2024-04-26 00:00:00+00:00,6.0,3.0,14.140416,627.6172417399922,0.0,6.0,0.022508422567377426,13.096587771084117,21086.23033462687,506609.5060325629,11422.725961,10543.115167313435,10543.115167313435,0.020811127785343542,0.9229946689879656,0.0,0.0,0.0,0.0,0.0,0.0,0.9229946689879656,0.020811127785343542,0.0,0.0,0.0,0.0,0.0,511742.54383370874,0.5
2024-04-27 00:00:00+00:00,2.0,2.0,59.20053,2643.952757862641,1.0,1.0,0.022376639955302934,54.3733715725151,21280.4009037621,508982.4031538225,11369.590925,10640.20045188105,10640.200451881048,0.02090484933457594,0.9358472544939912,0.0,0.0,0.0,0.0,0.0,0.0,0.9358472544939912,0.02090484933457594,0.0,0.0,0.0,0.0,0.0,511796.91720528126,0.5
2024-04-28 00:00:00+00:00,8.0,4.0,210.30152900000002,9547.14009529902,7.0,1.0,0.021824029539075643,193.67739355825242,20720.367264007633,515421.4355845752,11227.969392,10360.183632003816,10360.183632003818,0.0201004128209251,0.9227121370125496,0.0,0.0,0.0,0.0,8000.0,0.0,0.9227121370125496,0.0201004128209251,0.0,0.0,0.0,160.8033025674008,0.0,511990.5945988395,0.5
2024-04-29 00:00:00+00:00,4.0,2.0,28.179463000000002,1303.5826764523536,1.0,3.0,0.02165351722926319,25.882151908848968,19945.100282634885,517457.9308872361,11183.875456,9972.550141317442,9972.550141317442,0.019272194986399097,0.8916900210979462,1786.0,0.0,892.8972339017876,19.383756,1827.0,10.0,0.8916900210979462,0.019272194986399097,34.42014024570879,34.49239139116909,-0.07225114546030653,35.21030024015115,0.19272194986399097,512016.47675074835,0.5
2024-04-30 00:00:00+00:00,1.0,1.0,5.994,276.62904205122754,1.0,0.0,0.021668006929257997,5.065090998375149,18966.321558301664,517181.3018451849,11189.869456,9483.160779150834,9483.160779150832,0.01833624058974499,0.847477338001112,0.0,0.0,0.0,0.0,0.0,0.0,0.847477338001112,0.01833624058974499,0.0,0.0,0.0,0.0,0.0,512021.5418417467,0.5000000000000001
2024-05-01 00:00:00+00:00,3.0,2.0,0.39256599999999997,18.160472748555698,2.0,1.0,0.021678738557749207,0.3326419868062233,19235.51320656704,517189.524339643,11189.69235,9617.756603283518,9617.75660328352,0.018596193756174093,0.8595193060230579,0.0,0.0,0.0,0.0,5516.094550905786,0.0,0.8595193060230579,0.018596193756174093,0.0,0.0,0.0,102.5783630460201,0.0,512021.8744837335,0.4999999999999999
2024-05-02 00:00:00+00:00,2.0,1.0,1.348048,62.343538171095446,1.0,1.0,0.021592411616928132,1.141973630368857,19106.848682974494,517208.42626986833,11189.286113,9553.424341487247,9553.424341487247,0.01847113050803715,0.8538010597823424,0.0,0.0,0.0,0.0,0.0,0.0,0.8538010597823424,0.01847113050803715,0.0,0.0,0.0,0.0,0.0,512023.01645736385,0.5
2024-05-03 00:00:00+00:00,7.0,4.0,1616.287251,87251.88320670814,6.0,1.0,0.01666198816637227,1448.938775634521,17303.983777995243,588649.2169328836,9834.190388,8651.991888997622,8651.99188899762,0.014698043656760867,0.8797869013757413,0.0,0.0,0.0,0.0,5555.0,0.0,0.8797869013757413,0.014698043656760867,0.0,0.0,0.0,81.64763251330662,0.0,513471.95523299836,0.5
2024-05-04 00:00:00+00:00,14.0,4.0,777.064823,43596.537922289084,8.0,6.0,0.01911922417202484,683.7223028899988,18523.015433209155,549782.2186678789,10531.026328,9261.507716604576,9261.507716604578,0.016845775294525148,0.8794496783262222,0.0,0.0,0.0,0.0,1796.0,43400.0,0.8794496783262222,0.016845775294525148,0.0,0.0,0.0,30.255012428967166,731.1066477823914,514155.67753588833,0.4999999999999999
2024-05-05 00:00:00+00:00,9.0,4.0,1721.858955,106550.84341164897,5.0,4.0,0.01399601789815374,1653.9133189381964,16448.01079001566,643682.1663703996,8997.846431,8224.00539500783,8224.00539500783,0.012776500305082896,0.9139970834214197,0.0,0.0,0.0,0.0,0.0,0.0,0.9139970834214197,0.012776500305082896,0.0,0.0,0.0,0.0,0.0,515809.5908548265,0.5
2024-05-06 00:00:00+00:00,5.0,4.0,107.90650199999999,7823.397560757721,4.0,1.0,0.013726983128311332,99.717354316154,16100.566424590663,649920.838933752,8911.691396,8050.283212295332,8050.283212295331,0.012386559608555522,0.9033395406744773,0.0,0.0,0.0,0.0,1500.0,0.0,0.9033395406744773,0.012386559608555522,0.0,0.0,0.0,18.579839412833284,0.0,515909.30820914265,0.5000000000000001
2024-05-07 00:00:00+00:00,10.0,4.0,306.188763,21964.353982123564,7.0,3.0,0.014345273735836106,273.17490143201826,15980.447636367055,634848.4400594905,9123.890702,7990.223818183527,7990.223818183528,0.012586033632586036,0.8757474282799149,0.0,0.0,0.0,0.0,0.0,62000.90000000001,0.8757474282799149,0.012586033632586036,0.0,0.0,0.0,0.0,780.3454126506036,516182.48311057466,0.5
2024-05-08 00:00:00+00:00,4.0,4.0,81.943867,5764.348748331129,2.0,2.0,0.014144960083052851,70.13206601938887,15410.948243570092,640557.3515327427,9042.737651,7705.474121785046,7705.474121785045,0.012029327433909207,0.8521174028456889,0.0,0.0,0.0,0.0,0.0,13.801604568596185,0.8521174028456889,0.012029327433909207,0.0,0.0,0.0,0.0,0.1660240204689807,516252.61517659406,0.5
2024-05-09 00:00:00+00:00,5.0,4.0,93.712155,6562.699725536984,4.0,1.0,0.014363915515539465,80.57468211216059,15821.532957843518,635663.7475243899,9112.539944,7910.766478921759,7910.766478921759,0.01244489167382985,0.8681187163553089,0.0,0.0,0.0,0.0,3401.365031256121,73473.51030098494,0.8681187163553089,0.01244489167382985,0.0,0.0,0.0,42.3296193571353,914.3698765917792,516333.1898587062,0.5
2024-05-10 00:00:00+00:00,2.0,2.0,5.017199,350.87962826946523,0.0,2.0,0.01429630107063895,4.395327093497764,15197.475199149718,636015.4209292366,9107.511402,7598.73759957486,7598.737599574859,0.011947410942446786,0.834337423712276,0.0,0.0,0.0,0.0,0.0,12.5884199,0.834337423712276,0.011947410942446786,0.0,0.0,0.0,0.0,0.15039902566137486,516337.5851857997,0.5000000000000001
2024-05-11 00:00:00+00:00,1.0,1.0,2.342719,163.23270879507945,1.0,0.0,0.014352019379529037,1.9622983854916416,15064.78334673402,635852.2975863564,9109.852558,7532.39167336701,7532.391673367011,0.011846134238972409,0.8268401300032336,0.0,0.0,0.0,0.0,0.0,12.588419905727143,0.8268401300032336,0.011846134238972409,0.0,0.0,0.0,0.0,0.14912411205979614,516339.5474841852,0.5
2024-05-12 00:00:00+00:00,10.0,6.0,267.766674,18888.9720176038,3.0,7.0,0.013892599710821935,222.0853328013212,14771.141719403502,647341.3863167079,8948.697988,7385.570859701751,7385.570859701751,0.011409081847407798,0.8253235129407243,0.0,0.0,0.0,0.0,9874.0,7618.0,0.8253235129407243,0.011409081847407798,0.0,0.0,0.0,112.6532741613046,86.9143855135526,516561.63281698653,0.5
2024-05-13 00:00:00+00:00,2.0,2.0,34.734481,2527.4698179939987,1.0,1.0,0.013742700841940163,28.538853925536166,14453.815126090536,649875.4725709761,8913.87359,7226.907563045268,7226.907563045268,0.011120449790872792,0.8107482667414929,0.0,0.0,0.0,0.0,0.0,0.0,0.8107482667414929,0.011120449790872792,0.0,0.0,0.0,0.0,0.0,516590.17167091207,0.5
2024-05-14 00:00:00+00:00,0.0,0.0,0.0,0.0,0.0,0.0,0.0,0.0,13807.716959665133,649875.4725709761,8913.87359,6903.858479832566,6903.8584798325655,0.010623355967752055,0.7745071107557142,0.0,0.0,0.0,0.0,0.0,0.0,0.7745071107557142,0.010623355967752055,0.0,0.0,0.0,0.0,0.0,516590.17167091207,0.5
2024-05-15 00:00:00+00:00,2.0,1.0,0.1998,14.537173732832429,2.0,0.0,0.013744228461538107,0.1672405427826945,14984.467866397634,649875.4715719761,8914.07339,7492.233933198817,7492.233933198818,0.01152872244135625,0.8404949797254045,14.53617473283243,0.0,0.0,0.0,0.0,1.0,0.8404949797254045,0.01152872244135625,0.16758352385388092,0.0,0.16758352385388092,0.0,0.01152872244135625,516590.33891145483,0.5
2024-05-16 00:00:00+00:00,10.0,4.0,432.40688,30191.112272661507,4.0,6.0,0.01461094894894895,370.0913593443595,15534.523106187742,631573.5524994886,9173.253836,7767.261553093871,7767.261553093871,0.012298269176019939,0.8467291641501973,0.0,0.0,0.0,0.0,0.0,12599.999999999998,0.8467291641501973,0.012298269176019939,0.0,0.0,0.0,0.0,154.9581916178512,516960.4302707992,0.5
2024-05-17 00:00:00+00:00,5.0,3.0,222.992464,15068.323282743695,3.0,2.0,0.01483514934934935,194.21999948177603,16163.440787858945,626810.0141499358,9243.205024,8081.720393929472,8081.720393929472,0.01289341301429222,0.8743417865280786,0.0,0.0,7.0046412051192775,0.103248,0.0,7.0046412051192775,0.8743417865280786,0.01289341301429222,0.0,0.1805877728499835,-0.1805877728499835,0.0,0.09031373207453243,517154.65027028095,0.5
2024-05-18 00:00:00+00:00,8.0,5.0,228.03855599999997,15844.746677126966,4.0,4.0,0.014111790742650749,196.9405830262039,15722.597173719125,640314.0352040076,9048.718883,7861.298586859562,7861.298586859562,0.012277254838487038,0.8687747612127429,0.0,0.0,0.0,0.0,0.0,11.0,0.8687747612127429,0.012277254838487038,0.0,0.0,0.0,0.0,0.1350498032233574,517351.59085330716,0.5
2024-05-19 00:00:00+00:00,4.0,2.0,150.728617,10750.925160940686,2.0,2.0,0.013856953582462464,125.73200690496725,14931.135992597927,647195.9054254681,8952.799309,7465.567996298964,7465.567996298962,0.011535252206812221,0.8338808610167363,0.0,0.0,0.0,0.0,0.0,1780.3145807441172,0.8338808610167363,0.011535252206812221,0.0,0.0,0.0,0.0,20.536377696348552,517477.3228602121,0.5000000000000001
2024-05-20 00:00:00+00:00,4.0,3.0,111.571485,8175.182018224869,2.0,2.0,0.013586767167167169,97.4489899151921,16014.84642060736,654896.2703875642,8847.752762,8007.42321030368,8007.42321030368,0.012227009943979263,0.9050233913287642,0.0,0.0,0.0,0.0,0.0,1.0,0.9050233913287642,0.012227009943979263,0.0,0.0,0.0,0.0,0.012227009943979263,517574.7718501273,0.5
2024-05-21 00:00:00+00:00,4.0,3.0,6.773781,499.99919223836855,4.0,0.0,0.013554708139955561,6.118833328271502,15822.367728101111,654399.9568647847,8854.476773,7911.183864050557,7911.183864050554,0.012089218193034209,0.8934671202904011,0.0,0.0,0.0,0.0,0.0,0.0,0.8934671202904011,0.012089218193034209,0.0,0.0,0.0,0.0,0.0,517580.89068345557,0.5000000000000001
2024-05-22 00:00:00+00:00,7.0,1.0,234.04534600000002,16818.790302146375,7.0,0.0,0.014131836181380053,204.8531311663427,15872.583028426536,637581.1665626382,9088.522119,7936.291514213269,7936.291514213268,0.012447499911265932,0.8732213455939182,0.0,0.0,0.0,0.0,0.0,62312.0,0.8732213455939182,0.012447499911265932,0.0,0.0,0.0,0.0,775.6286144708027,517785.74381462194,0.5000000000000001
2024-05-23 00:00:00+00:00,9.0,2.0,451.807943,32649.932748346688,5.0,4.0,0.014065674924814241,381.80689907682336,15017.82002641735,641369.0860320665,9035.751537,7508.910013208675,7508.910013208674,0.011707626976011208,0.8310221880781973,0.0,0.0,0.0,0.0,0.0,5613.801604568596,0.8310221880781973,0.011707626976011208,0.0,0.0,0.0,0.0,65.7242951036223,518167.5507136988,0.5
2024-05-24 00:00:00+00:00,8.0,4.0,435.595153,29531.17102501975,3.0,5.0,0.015299340351143784,355.5620746302363,15457.153527709313,614206.7811753625,9436.224396,7728.576763854656,7728.576763854657,0.012583020899028572,0.8190327444026011,0.0,0.0,0.0,0.0,0.0,62335.0,0.8190327444026011,0.012583020899028572,0.0,0.0,0.0,0.0,784.362607740946,518523.112788329,0.49999999999999994
2024-05-25 00:00:00+00:00,9.0,4.0,456.073191,30240.40862251239,2.0,7.0,0.014446886574087707,380.07208412787674,15230.272714970353,632994.1229813878,9157.042783,7615.136357485177,7615.1363574851775,0.012030342906847317,0.8316152428186353,0.0,0.0,0.0,0.0,9970.0,102333.0,0.8316152428186353,0.012030342906847317,0.0,0.0,0.0,119.94251878126775,1231.1010806864065,518903.1848724569,0.5
2024-05-26 00:00:00+00:00,6.0,3.0,200.47339200000002,13657.05171119024,3.0,3.0,0.014646569948161768,166.61281535850472,15324.773996710297,630636.2375690877,9191.678617,7662.386998355149,7662.3869983551485,0.012150248498074482,0.8336221616999937,0.0,0.0,0.0,0.0,6232.0,4330.434855498529,0.8336221616999937,0.012150248498074482,0.0,0.0,0.0,75.72034864000017,52.61585959903039,519069.7976878154,0.5000000000000001
2024-05-27 00:00:00+00:00,7.0,3.0,103.505733,7022.52464003916,5.0,2.0,0.014859091863687092,88.76343961826159,16180.881745595607,624382.7087932113,9281.300367,8090.440872797802,8090.440872797805,0.012957503080818446,0.8716926026404297,0.0,0.0,89.68663394398686,1.312462,0.0,6600.0,0.8716926026404297,0.012957503080818446,0.0,2.3061782522841097,-2.3061782522841097,0.0,85.51952033340174,519158.56112743367,0.4999999999999999
2024-05-28 00:00:00+00:00,7.0,7.0,77.01046199999999,5130.715423559337,1.0,6.0,0.015038269106598588,66.89798862210085,16531.797016470016,620255.0387737157,9343.219463,8265.898508235008,8265.89850823501,0.013326612427973537,0.8846948892690278,0.0,0.0,0.0,0.0,0.0,4600.0,0.8846948892690278,0.013326612427973537,0.0,0.0,0.0,0.0,61.30241716867827,519225.45911605575,0.5
2024-05-29 00:00:00+00:00,4.0,3.0,6.960369,462.3693975496541,1.0,3.0,0.015031476467100366,8.025263982906415,16282.110506788054,620361.9505513185,9341.62322,8141.055253394027,8141.055253394027,0.013123073144893936,0.871481867943934,0.0,0.0,0.0,0.0,0.0,0.0,0.871481867943934,0.013123073144893936,0.0,0.0,0.0,0.0,0.0,519233.48438003863,0.5
2024-05-30 00:00:00+00:00,8.0,2.0,24.975035,1664.5715321668845,2.0,6.0,0.015036122411051872,22.096596453621,16196.006979607631,621339.4079531177,9326.977516,8098.003489803816,8098.003489803816,0.013033139997479185,0.8682344817398845,0.0,0.0,0.0,0.0,450.0,0.0,0.8682344817398845,0.013033139997479185,0.0,0.0,0.0,5.864912998865633,0.0,519255.58097649226,0.5
2024-05-31 00:00:00+00:00,2.0,2.0,76.60520000000001,5051.630770651534,2.0,0.0,0.01517129521111328,64.61259007719997,15808.491792223012,616288.19551607,9403.576444,7904.245896111507,7904.245896111506,0.012825567573126428,0.8405574137864164,0.0,0.0,0.0,0.0,3800.0,0.0,0.8405574137864164,0.012825567573126428,0.0,0.0,0.0,48.73715677788043,0.0,519320.1935665695,0.5000000000000001
2024-06-01 00:00:00+00:00,6.0,5.0,379.84468200000003,25840.6732082099,2.0,4.0,0.014574073302945056,319.1060661658719,15384.332465297004,630181.6627066956,9197.009462,7692.166232648501,7692.166232648502,0.012206267950752248,0.836376896689171,0.0,0.0,0.0,0.0,19980.0,10600.0,0.836376896689171,0.012206267950752248,0.0,0.0,0.0,243.8812336560299,129.38644027797383,519639.2996327354,0.49999999999999994
2024-06-02 00:00:00+00:00,12.0,5.0,580.007756,37440.158788526285,8.0,4.0,0.01589515031255444,481.2843378451552,15892.54425172636,603899.8749465451,9598.435112,7946.27212586318,7946.27212586318,0.013158260922916325,0.827871630442,0.0,0.0,0.0,0.0,3106.0,4610.0,0.827871630442,0.013158260922916325,0.0,0.0,0.0,40.8695584265781,60.659582854644256,520120.58397058054,0.5
2024-06-03 00:00:00+00:00,7.0,3.0,154.387566,9740.231237647848,5.0,2.0,0.015829659031278774,127.39692454853305,15742.368926999901,604377.4655858751,9591.15863,7871.18446349995,7871.184463499951,0.01302362333425144,0.8206708664873735,0.0,0.0,0.0,0.0,5001.98866,0.0,0.8206708664873735,0.01302362333425144,0.0,0.0,0.0,65.1440162300371,0.0,520247.9808951291,0.49999999999999994
2024-06-04 00:00:00+00:00,10.0,3.0,441.13654399999996,27364.500332808264,7.0,3.0,0.01595475163943653,362.18897155984155,16005.695486952318,603082.7558571981,9612.620912,8002.847743476159,8002.84774347616,0.013269899803553867,0.8325354569517803,0.0,0.0,0.0,0.0,0.0,12000.0,0.8325354569517803,0.013269899803553867,0.0,0.0,0.0,0.0,159.2387976426464,520610.16986668896,0.5
2024-06-05 00:00:00+00:00,14.0,5.0,315.250522,19879.20513927319,9.0,5.0,0.016074099098906662,266.0301346183168,16459.087367605272,599040.2532384868,9678.125087,8229.543683802636,8229.543683802634,0.013737880950925568,0.8503241702111134,0.0,0.0,0.0,0.0,26000.0,6000.0,0.8503241702111134,0.013737880950925568,0.0,0.0,0.0,357.1849047240648,82.42728570555342,520876.2000013073,0.5
2024-06-06 00:00:00+00:00,15.0,6.0,710.458897,46991.68181951465,6.0,9.0,0.0140776009151423,574.0727527430112,15042.972777781892,641767.9010996337,9035.128971,7521.486388890946,7521.486388890945,0.01171994793756948,0.8324713917236395,0.0,0.0,0.0,0.0,0.0,0.0,0.8324713917236395,0.01171994793756948,0.0,0.0,0.0,0.0,0.0,521450.2727540503,0.5
2024-06-07 00:00:00+00:00,5.0,4.0,121.998106,8551.641730010471,3.0,2.0,0.014411962559231882,93.54144686652383,13781.596352536344,633923.7878424318,9147.173801,6890.798176268172,6890.798176268171,0.010870073514232834,0.7533253796396484,0.0,0.0,0.0,0.0,0.0,0.0,0.7533253796396484,0.010870073514232834,0.0,0.0,0.0,0.0,0.0,521543.81420091685,0.5
2024-06-08 00:00:00+00:00,6.0,3.0,232.48102,16344.68164701118,4.0,2.0,0.013958276028896715,174.92489149723244,13042.1881406912,645096.4713053855,8989.20885,6521.0940703456,6521.094070345601,0.01010871142598228,0.7254358174518996,0.0,0.0,0.0,0.0,0.0,0.0,0.7254358174518996,0.01010871142598228,0.0,0.0,0.0,0.0,0.0,521718.7390924141,0.5
2024-06-09 00:00:00+00:00,4.0,3.0,102.17849,7300.827398394532,1.0,3.0,0.013968909037602562,74.4485078064997,13046.366686110438,645417.0165814196,8984.947935,6523.183343055219,6523.183343055219,0.010106928041046338,0.7260123698262942,0.0,0.0,0.0,0.0,0.0,0.0,0.7260123698262942,0.010106928041046338,0.0,0.0,0.0,0.0,0.0,521793.1876002206,0.5
2024-06-10 00:00:00+00:00,5.0,2.0,81.492003,5889.487484261884,4.0,1.0,0.013770824114227503,53.721388911142704,11797.030813580328,649521.4784037721,8928.332358,5898.515406790165,5898.515406790164,0.009081324641158947,0.6606514150993665,0.0,0.0,0.0,0.0,0.0,0.0,0.6606514150993665,0.009081324641158947,0.0,0.0,0.0,0.0,0.0,521846.90898913174,0.5000000000000001
2024-06-11 00:00:00+00:00,10.0,2.0,604.495944,42567.5152413394,3.0,7.0,0.01428313950930447,382.5302953667651,11354.937059528438,641140.1239902944,9045.387964,5677.46852976422,5677.468529764218,0.008855269413539568,0.6276644575512006,0.0,0.0,30.36553443320987,0.428405,0.0,0.0,0.6276644575512006,0.008855269413539568,0.0,0.537789580229408,-0.537789580229408,0.0,0.0,522229.4392844985,0.5000000000000001
2024-06-12 00:00:00+00:00,28.0,4.0,1336.710514,91221.74541005782,13.0,15.0,0.015912364607760836,844.917137594184,12713.505507764488,616411.708510887,9826.54129,6356.752753882244,6356.752753882244,0.0103125113720483,0.6468962543668552,18416.98517435872,267.983338,4538.356582830523,68.637487,0.0,5001.0,0.6468962543668552,0.0103125113720483,363.28278663434617,91.20318712030374,272.07959951404246,0.0,51.57286937161355,523074.3564220927,0.5
2024-06-13 00:00:00+00:00,16.0,2.0,607.956192,38734.63087640087,11.0,5.0,0.015109028697226917,373.6966109765297,11249.0531743405,620148.8923999042,9352.744898,5624.52658717025,5624.5265871702495,0.009069639011051017,0.6013770982220421,0.0,0.0,13383.87712669384,209.50782800000002,0.0,20000.0,0.6013770982220421,0.009069639011051017,0.0,247.38014376481857,-247.38014376481857,0.0,181.39278022102033,523448.05303306924,0.5
2024-06-14 00:00:00+00:00,1.0,1.0,3.924961,260.8823824353347,0.0,1.0,0.01504494463505172,2.301048736761941,11099.01996718597,620410.3157991957,9348.811795,5549.509983592986,5549.509983592985,0.008944902820392757,0.593605915412803,0.0,0.0,0.0,0.0,0.0,0.0,0.593605915412803,0.008944902820392757,0.0,0.0,0.0,0.0,0.0,523450.354081806,0.5000000000000001
2024-06-15 00:00:00+00:00,7.0,2.0,153.94580200000001,10151.974364735155,5.0,2.0,0.015119235786104386,93.26238554981816,11252.538733782161,619876.569332533,9357.168175,5626.26936689108,5626.2693668910815,0.009076434963414249,0.6012790688023603,0.0,0.0,0.0,0.0,1001.0,0.0,0.6012790688023603,0.009076434963414249,0.0,0.0,0.0,9.085511398377664,0.0,523543.61646735587,0.49999999999999994
2024-06-16 00:00:00+00:00,11.0,2.0,92.565378,6060.00297542449,11.0,0.0,0.015413404129544925,56.08518264595285,11592.253357930016,617961.1192232512,9513.130084,5796.126678965008,5796.126678965008,0.009379435855528376,0.6092765081298985,4144.057379427073,63.40403,0.0,0.0,0.0,0.0,0.6092765081298985,0.009379435855528376,77.49950637172857,0.0,77.49950637172857,0.0,0.0,523599.7016500018,0.5
2024-06-17 00:00:00+00:00,38.0,5.0,451.297155,29193.88475998946,31.0,7.0,0.015161272864764763,252.20913984445826,10723.243115818801,618708.2050184329,9391.691633,5361.6215579094005,5361.6215579094005,0.008665832317109264,0.5708898638739409,0.0,0.0,3625.9266799989605,55.485428,0.0,0.0,0.5708898638739409,0.008665832317109264,0.0,63.097741040911046,-63.097741040911046,0.0,0.0,523851.91078984627,0.5
2024-06-18 00:00:00+00:00,12.0,4.0,103.675449,6885.274682084678,9.0,3.0,0.01499272570697535,53.53181165686162,9675.152110204726,622691.0655310588,9320.064545,4837.576055102363,4837.576055102363,0.0077688220096375745,0.519049630154934,0.0,0.0,390.214641639072,5.918691,0.0,0.0,0.519049630154934,0.0077688220096375745,0.0,6.103602470999798,-6.103602470999798,0.0,0.0,523905.4426015031,0.5
2024-06-19 00:00:00+00:00,3.0,2.0,89.805903,6070.630673775564,0.0,3.0,0.014786548039796975,51.43198755839816,10440.361242612293,628761.915129487,9230.255372,5220.180621306146,5220.180621306146,0.008302316816105352,0.5655510504228926,0.0,0.0,0.0,0.0,0.0,0.0,0.5655510504228926,0.008302316816105352,0.0,0.0,0.0,0.0,0.0,523956.8745890615,0.5
2024-06-20 00:00:00+00:00,3.0,1.0,6.420695,436.19962059060794,3.0,0.0,0.014726622051542161,3.627364341108036,10381.700427984888,628329.9908296498,9236.613371,5190.850213992445,5190.850213992444,0.008261344022650299,0.5619863044489929,0.0,0.0,0.0,0.0,0.0,0.0,0.5619863044489929,0.008261344022650299,0.0,0.0,0.0,0.0,0.0,523960.5019534026,0.5000000000000001
2024-06-21 00:00:00+00:00,4.0,3.0,40.369310999999996,2740.9712854799827,3.0,1.0,0.014736614415713962,22.505594420554065,10225.711969173077,628107.4320711077,9239.96693,5112.85598458654,5112.8559845865375,0.008140097893329364,0.5533413726824385,0.0,0.0,0.0,0.0,1260.0,1207.3820801894278,0.5533413726824385,0.008140097893329364,0.0,0.0,0.0,10.256523345595,9.828208327393588,523983.00754782313,0.5000000000000002
2024-06-22 00:00:00+00:00,5.0,2.0,15.673599,1063.2812612604077,3.0,2.0,0.014758269377431537,8.64742744533332,10166.4759768669,627691.8090935007,9246.116515,5083.2379884334505,5083.23798843345,0.008098302247681956,0.549770055372642,0.0,0.0,0.0,0.0,0.0,0.0,0.549770055372642,0.008098302247681956,0.0,0.0,0.0,0.0,0.0,523991.65497526847,0.5000000000000001
2024-06-23 00:00:00+00:00,2.0,1.0,5.038719,341.19412307488165,2.0,0.0,0.014770548083840663,2.7260970174446864,9844.257067534985,627350.888923367,9251.151203,4922.1285337674935,4922.128533767493,0.00784589393379938,0.5320557869783088,0.0,0.0,0.0,0.0,0.0,0.0,0.5320557869783088,0.00784589393379938,0.0,0.0,0.0,0.0,0.0,523994.38107228593,0.5000000000000001
2024-06-24 00:00:00+00:00,1.0,1.0,1.774984,120.1037508080554,1.0,0.0,0.014778755767891899,0.958890993389532,10018.56626233754,627230.7851725589,9252.926187,5009.283131168769,5009.28313116877,0.007986347688260636,0.5413728619392444,0.0,0.0,0.0,0.0,1000.0,0.0,0.5413728619392444,0.007986347688260636,0.0,0.0,0.0,7.9863476882606355,0.0,523995.3399632793,0.4999999999999999
2024-06-25 00:00:00+00:00,3.0,3.0,14.113315,953.338291748159,3.0,0.0,0.014825070558328593,7.758228593655693,10163.339054661832,626277.5273503239,9267.038315,5081.669527330916,5081.669527330915,0.008114085697487207,0.5483596111937425,0.0,0.0,0.0,0.0,0.0,0.0,0.5483596111937425,0.008114085697487207,0.0,0.0,0.0,0.0,0.0,524003.098191873,0.5
2024-06-26 00:00:00+00:00,2.0,2.0,3.9297699999999995,264.9353103977736,2.0,0.0,0.014836240027337156,2.134154472631012,9875.651525042183,626012.823188127,9270.964671,4937.825762521093,4937.825762521092,0.00788773900408937,0.53261186270797,0.0,0.0,0.0,0.0,0.0,0.0,0.53261186270797,0.00788773900408937,0.0,0.0,0.0,0.0,0.0,524005.2323463456,0.5000000000000001
2024-06-27 00:00:00+00:00,1.0,1.0,0.198023,13.398446548495965,0.0,1.0,0.014779549202458024,0.1074420857803624,10105.163527213159,626026.2306206205,9270.766516,5052.581763606579,5052.581763606579,0.008070878689216627,0.5450015114593335,0.0,0.0,0.0,0.0,13.411858406902866,0.0,0.5450015114593335,0.008070878689216627,0.0,0.0,0.0,0.1082454821990632,0.0,524005.3397884314,0.5
2024-06-28 00:00:00+00:00,5.0,2.0,108.64921,7430.293108480029,4.0,1.0,0.01452983531973013,58.54102136823312,9635.00145420667,632586.8359031708,9174.834348,4817.500727103335,4817.500727103335,0.007615556400608917,0.5250776792666005,0.0,0.0,0.0,0.0,10000.0,0.0,0.5250776792666005,0.007615556400608917,0.0,0.0,0.0,76.15556400608916,0.0,524063.88080979965,0.5
2024-06-29 00:00:00+00:00,0.0,0.0,0.0,0.0,0.0,0.0,0.0,0.0,9588.926803633542,632586.9204985232,9174.833124,4794.463401816771,4794.463401816771,0.007579137738159991,0.52256682350714,0.0,0.0,0.0,0.0,0.0,0.0,0.52256682350714,0.007579137738159991,0.0,0.0,0.0,0.0,0.0,524063.88080979965,0.5
2024-06-30 00:00:00+00:00,3.0,2.0,30.760676,2129.280285501351,2.0,1.0,0.014453744956449592,16.343265551211637,9856.769212741408,634291.9131134377,9150.2324,4928.384606370704,4928.384606370703,0.007769899796104297,0.5386075884117111,0.0,0.0,0.0,0.0,1919.0,0.0,0.5386075884117111,0.007769899796104297,0.0,0.0,0.0,14.910437708724146,0.0,524080.22407535085,0.5
2024-07-01 00:00:00+00:00,1.0,1.0,1.90507,131.76749802227366,1.0,0.0,0.014457814169606314,1.0342045214011584,10004.593510908358,634161.5509027445,9152.11723,5002.296755454178,5002.296755454179,0.007888048003435854,0.5465726268296696,0.0,0.0,0.0,0.0,0.0,0.0,0.5465726268296696,0.007888048003435854,0.0,0.0,0.0,0.0,0.0,524081.25827987224,0.4999999999999999
2024-07-02 00:00:00+00:00,1.0,1.0,3.244422,224.2810546762606,1.0,0.0,0.0144658763295151,1.75032265853711,9881.094382225085,633937.2698480684,9155.361652,4940.547191112542,4940.547191112541,0.007793432293855528,0.5396343016153025,0.0,0.0,0.0,0.0,0.0,0.0,0.5396343016153025,0.007793432293855528,0.0,0.0,0.0,0.0,0.0,524083.00860253075,0.5
2024-07-03 00:00:00+00:00,1.0,1.0,1.822502,126.472115156901,0.0,1.0,0.01441030694978896,0.9645584561125032,9213.31754614148,634063.9770526702,9153.535763,4606.65877307074,4606.65877307074,0.007265290159652257,0.5032655022435771,0.0,0.0,0.0,0.0,0.0,0.0,0.5032655022435771,0.007265290159652257,0.0,0.0,0.0,0.0,0.0,524083.97316098685,0.5
2024-07-04 00:00:00+00:00,1.0,1.0,2.176152,150.40453653393547,1.0,0.0,0.014468659324707266,1.0306078305820403,8412.417387940928,633913.5725161362,9155.711915,4206.208693970464,4206.208693970465,0.0066353031017700684,0.4594081523119292,0.0,0.0,0.0,0.0,0.0,0.0,0.4594081523119292,0.0066353031017700684,0.0,0.0,0.0,0.0,0.0,524085.0037688174,0.5
2024-07-05 00:00:00+00:00,6.0,3.0,53.797697,3739.034148140951,4.0,2.0,0.01436695364446748,23.198731228087976,8016.171728026803,636171.019674728,9123.330402,4008.0858640134015,4008.0858640134015,0.006300327647843376,0.4393226691795308,0.0,0.0,0.0,0.0,3000.0,350.0,0.4393226691795308,0.006300327647843376,0.0,0.0,0.0,18.900982943530128,2.2051146767451817,524108.2025000455,0.5
2024-07-06 00:00:00+00:00,0.0,0.0,0.0,0.0,0.0,0.0,0.0,0.0,8825.580043194239,636171.019674728,9123.330402,4412.790021597119,4412.790021597119,0.006936483877956847,0.4836819261340964,0.0,0.0,0.0,0.0,0.0,0.0,0.4836819261340964,0.006936483877956847,0.0,0.0,0.0,0.0,0.0,524108.2025000455,0.5
2024-07-07 00:00:00+00:00,4.0,2.0,120.83607,8556.145217369509,0.0,4.0,0.014110233983983984,55.60728581670002,8312.972655764828,644727.4156775047,9002.490747,4156.486327882414,4156.486327882413,0.006446889378070911,0.46170403777060537,0.0,0.0,0.0,0.0,0.0,0.0,0.46170403777060537,0.006446889378070911,0.0,0.0,0.0,0.0,0.0,524163.80978586216,0.5
2024-07-08 00:00:00+00:00,5.0,4.0,43.891017000000005,3154.830525044713,4.0,1.0,0.01392001750543013,21.16693039061818,8569.517711213177,646205.4863109569,8981.987203,4284.758855606588,4284.758855606588,0.006630644502985145,0.47703907373364673,0.0,0.0,0.0,0.0,2315.0,107.87661211172149,0.47703907373364673,0.006630644502985145,0.0,0.0,0.0,15.349942024410609,0.7152914650992468,524184.9767162528,0.5
2024-07-09 00:00:00+00:00,2.0,2.0,5.948765,429.1236872938307,0.0,2.0,0.013856308830695205,2.9945186856041026,9030.378947540063,646634.806356592,8976.035717,4515.189473770031,4515.18947377003,0.00698259578572715,0.5030271286931901,0.0,0.0,0.0,0.0,0.0,0.0,0.5030271286931901,0.00698259578572715,0.0,0.0,0.0,0.0,0.0,524187.9712349384,0.5
2024-07-10 00:00:00+00:00,6.0,1.0,15.825268,1139.5248301258775,3.0,3.0,0.013855123748105967,7.804167671305175,8848.564564750637,646759.0181306293,8974.343513,4424.282282375319,4424.282282375319,0.006840696702093333,0.49299230366727315,0.0,0.0,0.0,0.0,0.0,0.0,0.49299230366727315,0.006840696702093333,0.0,0.0,0.0,0.0,0.0,524195.7754026097,0.5
2024-07-11 00:00:00+00:00,3.0,2.0,6.5729880000000005,473.4355643045526,1.0,2.0,0.013844520985115443,3.2513900085550773,8538.871804532693,646727.2199888036,8974.797947,4269.435902266347,4269.435902266347,0.006601602298941833,0.4757138742820933,0.0,0.0,0.0,0.0,0.0,0.0,0.4757138742820933,0.006601602298941833,0.0,0.0,0.0,0.0,0.0,524199.0267926183,0.5
2024-07-12 00:00:00+00:00,11.0,2.0,42.274177,3035.0680150040794,5.0,6.0,0.013881317212147751,20.021281386243366,8578.911576854152,646074.4993083691,8983.949671,4289.455788427076,4289.455788427077,0.006639258774365793,0.47745768236807357,0.0,0.0,0.0,0.0,0.0,0.0,0.47745768236807357,0.006639258774365793,0.0,0.0,0.0,0.0,0.0,524219.04807400453,0.5
2024-07-13 00:00:00+00:00,2.0,2.0,24.421001,1764.5361390529679,0.0,2.0,0.013805513998351908,11.768649091909122,8669.203006213611,647839.0354474221,8959.52867,4334.601503106805,4334.6015031068055,0.006690861874529011,0.48379793879344835,0.0,0.0,0.0,0.0,1611.0,0.0,0.48379793879344835,0.006690861874529011,0.0,0.0,0.0,10.778978479866236,0.0,524230.8167230964,0.4999999999999999
2024-07-14 00:00:00+00:00,0.0,0.0,0.0,0.0,0.0,0.0,0.0,0.0,8776.294542830758,647840.2188700578,8959.512337,4388.147271415379,4388.147271415379,0.006773502390865829,0.48977523623620617,0.0,0.0,0.0,0.0,0.0,0.0,0.48977523623620617,0.006773502390865829,0.0,0.0,0.0,0.0,0.0,524230.8167230964,0.5
2024-07-15 00:00:00+00:00,1.0,1.0,14.980827,1087.2153531765405,0.0,1.0,0.013779079697716001,7.524490951084439,9341.41242335461,648928.1633866845,8944.52148,4670.706211677306,4670.706211677305,0.007197570509656115,0.5221862591666899,0.0,0.0,0.0,0.0,1000.0,0.0,0.5221862591666899,0.007197570509656115,0.0,0.0,0.0,7.197570509656115,0.0,524238.3412140475,0.5000000000000001
2024-07-16 00:00:00+00:00,8.0,3.0,457.662921,31742.78729640477,2.0,6.0,0.015086550663474363,242.19916790070315,10138.811463101363,619760.2035753137,9366.398298,5069.405731550681,5069.405731550682,0.008179624477831842,0.5412332008807642,0.0,0.0,0.0,0.0,0.0,32000.0,0.5412332008807642,0.008179624477831842,0.0,0.0,0.0,0.0,261.74798329061895,524480.5403819482,0.4999999999999999
2024-07-17 00:00:00+00:00,3.0,2.0,11.959141,793.2229998733068,1.0,2.0,0.015115824450121771,6.565047380480135,10065.417934906465,620245.9407549792,9359.087096,5032.708967453233,5032.708967453233,0.008114053856325592,0.5377350286230559,0.0,0.0,0.0,0.0,0.0,0.0,0.5377350286230559,0.008114053856325592,0.0,0.0,0.0,0.0,0.0,524487.1054293287,0.5
2024-07-18 00:00:00+00:00,1.0,1.0,2.824858,187.6409786701753,0.0,1.0,0.015054589994253737,1.5202723076242632,9939.53447531229,620433.5064481962,9356.257312,4969.767237656145,4969.767237656145,0.008010152878600378,0.5311704319292395,0.0,0.0,0.20113075415911774,0.003033,0.0,0.0,0.5311704319292395,0.008010152878600378,0.0,0.0032221280094441055,-0.0032221280094441055,0.0,0.0,524488.6257016364,0.5
2024-07-19 00:00:00+00:00,1.0,1.0,24.981402,1664.334,0.0,1.0,0.0150098489846389,13.369286123180018,10180.918229174422,622098.9566681962,9331.259201,5090.459114587212,5090.459114587211,0.008182716045451057,0.54552756545887,0.0,0.0,0.0,0.0,1666.0,0.0,0.54552756545887,0.008182716045451057,0.0,0.0,0.0,13.632404931721462,0.0,524501.9949877596,0.5000000000000001
2024-07-20 00:00:00+00:00,5.0,2.0,82.864091,5578.367290292408,2.0,3.0,0.014738211198906557,45.07319122262428,10357.451524249354,627031.9225073126,9258.013523,5178.725762124678,5178.725762124677,0.008259110224271369,0.5593776407065071,0.0,0.0,0.0,0.0,3000.0,0.0,0.5593776407065071,0.008259110224271369,0.0,0.0,0.0,24.777330672814106,0.0,524547.0681789822,0.5000000000000001
2024-07-21 00:00:00+00:00,2.0,1.0,4.445233,300.32311239690415,2.0,0.0,0.014806037348196193,2.3914569630029336,10046.477824748177,626731.5993949157,9262.458756,5023.238912374088,5023.238912374089,0.0080149762948347,0.5423224053894063,0.0,0.0,0.0,0.0,0.0,0.0,0.5423224053894063,0.0080149762948347,0.0,0.0,0.0,0.0,0.0,524549.4596359453,0.4999999999999999
2024-07-22 00:00:00+00:00,6.0,2.0,89.291939,6108.802899499788,4.0,2.0,0.014577026878742544,48.463644089615556,9531.186644363865,631605.2332557717,9191.165049,4765.593322181933,4765.593322181932,0.007545208733652279,0.5184971977736849,0.0,0.0,0.0,0.0,0.0,0.0,0.5184971977736849,0.007545208733652279,0.0,0.0,0.0,0.0,0.0,524597.9232800349,0.5000000000000001
2024-07-23 00:00:00+00:00,3.0,1.0,4.991363,342.42090815337104,2.0,1.0,0.014533909767208338,2.5539618681583836,9235.128575680308,631402.2865712058,9194.129305,4617.564287840154,4617.564287840154,0.007313189049275659,0.5022296440108804,0.0,0.0,0.0,0.0,0.0,0.0,0.5022296440108804,0.007313189049275659,0.0,0.0,0.0,0.0,0.0,524600.4772419031,0.5
2024-07-24 00:00:00+00:00,2.0,1.0,4.114545,283.25753540887024,0.0,2.0,0.014522854406649823,2.076766323244752,8851.99962201706,631685.7805647375,9190.011327,4425.99981100853,4425.99981100853,0.007006647841671556,0.48160983197105145,0.0,0.0,0.0,0.0,0.0,0.0,0.48160983197105145,0.007006647841671556,0.0,0.0,0.0,0.0,0.0,524602.5540082264,0.5
2024-07-25 00:00:00+00:00,1.0,1.0,1.980385,136.42620555070692,0.0,1.0,0.014516162726991114,0.9325069958300816,8660.173542305803,631822.298267343,9188.029615,4330.086771152902,4330.086771152902,0.006853330094596807,0.47127479477033685,0.0,0.0,0.0,0.0,0.0,0.0,0.47127479477033685,0.006853330094596807,0.0,0.0,0.0,0.0,0.0,524603.4865152222,0.5
2024-07-26 00:00:00+00:00,3.0,2.0,34.998244,2419.201710141911,2.0,1.0,0.014484298940968742,16.855205278564846,8931.108590986496,633630.4888393967,9161.879739,4465.554295493248,4465.554295493248,0.007047568534261473,0.4874059060701722,0.0,0.0,0.0,0.0,2115.0,0.0,0.4874059060701722,0.007047568534261473,0.0,0.0,0.0,14.905607449963016,0.0,524620.3417205008,0.5
2024-07-27 00:00:00+00:00,2.0,2.0,30.571331,2125.627418247738,0.0,2.0,0.014379371371371373,15.03213105903442,8896.335485105943,635756.2018536108,9131.307174,4448.167742552972,4448.167742552971,0.006996656469231278,0.4871337320924268,0.0,0.0,0.0,0.0,2000.0,0.0,0.4871337320924268,0.006996656469231278,0.0,0.0,0.0,13.993312938462557,0.0,524635.3738515598,0.5000000000000001
2024-07-28 00:00:00+00:00,0.0,0.0,0.0,0.0,0.0,0.0,0.0,0.0,8743.118203385295,635757.5418536108,9131.287967,4371.559101692647,4371.559101692647,0.006876141947049431,0.47874507051921206,0.0,0.0,0.0,0.0,0.0,0.0,0.47874507051921206,0.006876141947049431,0.0,0.0,0.0,0.0,0.0,524635.3738515598,0.5
2024-07-29 00:00:00+00:00,1.0,1.0,4.807434,335.56061452482174,0.0,1.0,0.014326574073085652,2.376972453364387,8708.685996533644,636093.327518798,9126.477311,4354.342998266822,4354.342998266823,0.006845446744822428,0.47711103089234674,0.0,0.0,0.0,0.0,0.0,0.0,0.47711103089234674,0.006845446744822428,0.0,0.0,0.0,0.0,0.0,524637.7508240131,0.5
2024-07-30 00:00:00+00:00,5.0,2.0,22.506771999999998,1571.127143543623,2.0,3.0,0.014351753330898118,10.609846734921216,8433.143147583816,636377.9907807446,9122.439954,4216.571573791908,4216.571573791908,0.006625891584683467,0.46221971260474337,0.0,0.0,0.0,0.0,0.0,116.3401605558573,0.46221971260474337,0.006625891584683467,0.0,0.0,0.0,0.0,0.7708572907877782,524648.360670748,0.5
2024-07-31 00:00:00+00:00,3.0,2.0,5.767565,403.40507159093477,0.0,3.0,0.014291894138310824,2.6218303150666515,8207.54354064345,636781.8604417117,9116.665746,4103.771770321725,4103.771770321725,0.0064445487933263235,0.4501395449451772,0.0,0.0,0.0,0.0,0.0,0.0,0.4501395449451772,0.0064445487933263235,0.0,0.0,0.0,0.0,0.0,524650.9825010631,0.5
2024-08-01 00:00:00+00:00,0.0,0.0,0.0,0.0,0.0,0.0,0.0,0.0,8045.521296647322,636782.2155463385,9116.660673,4022.760648323661,4022.760648323661,0.006317325688614376,0.4412537432963269,0.0,0.0,0.0,0.0,0.0,0.0,0.4412537432963269,0.006317325688614376,0.0,0.0,0.0,0.0,0.0,524650.9825010631,0.5
2024-08-02 00:00:00+00:00,7.0,3.0,54.87436,3857.153891272909,3.0,4.0,0.014208260516357577,23.431557842882274,7357.942614654072,639767.8582399957,9074.225054,3678.971307327036,3678.971307327036,0.0057504784898821,0.40543090847248847,0.0,0.0,0.0,0.0,3118.0,0.0,0.40543090847248847,0.0057504784898821,0.0,0.0,0.0,17.92999193145239,0.0,524674.414058906,0.5
2024-08-03 00:00:00+00:00,2.0,1.0,5.090019,357.9478220446814,2.0,0.0,0.014225043767909366,1.3064106980292238,6995.468375993453,639410.0622566488,9079.312923,3497.7341879967275,3497.7341879967257,0.005470252025206313,0.3852421672939762,0.0,0.0,0.0,0.0,0.0,0.0,0.3852421672939762,0.005470252025206313,0.0,0.0,0.0,0.0,0.0,524675.720469604,0.5000000000000001
2024-08-04 00:00:00+00:00,0.0,0.0,0.0,0.0,0.0,0.0,0.0,0.0,6693.696090847832,639410.1502429917,9079.311677,3346.848045423916,3346.848045423916,0.005234274188722263,0.36862354377614964,0.0,0.0,0.0,0.0,0.0,0.0,0.36862354377614964,0.005234274188722263,0.0,0.0,0.0,0.0,0.0,524675.720469604,0.5
2024-08-05 00:00:00+00:00,2.0,2.0,6.993,491.11910905753075,2.0,0.0,0.014231092025865921,2.266355862293414,6063.674034099125,638919.1251998006,9086.303342,3031.8370170495627,3031.837017049562,0.004745259450640888,0.3336711204693525,0.0,0.0,0.0,0.0,0.0,350.7222936642702,0.3336711204693525,0.004745259450640888,0.0,0.0,0.0,0.0,1.664268278560827,524677.9868254663,0.5000000000000001
2024-08-06 00:00:00+00:00,0.0,0.0,0.0,0.0,0.0,0.0,0.0,0.0,6554.202224788771,638919.1251998006,9086.303342,3277.1011123943854,3277.101112394385,0.005129132910788328,0.3606638463462367,0.0,0.0,0.0,0.0,0.0,0.0,0.3606638463462367,0.005129132910788328,0.0,0.0,0.0,0.0,0.0,524677.9868254663,0.5
2024-08-07 00:00:00+00:00,6.0,2.0,24.051064,1685.2071845915325,5.0,1.0,0.01431316921979109,8.49720680786959,6434.412078023232,637495.887942508,9106.637048,3217.206039011616,3217.206039011616,0.005046630260463354,0.3532814607691188,0.0,0.0,0.0,0.0,0.0,0.0,0.3532814607691188,0.005046630260463354,0.0,0.0,0.0,0.0,0.0,524686.4840322741,0.5
2024-08-08 00:00:00+00:00,6.0,3.0,81.17432099999999,5724.690797348421,1.0,5.0,0.014133507347419923,30.458696200600702,7086.781521904198,642162.1035490207,9040.626087,3543.390760952099,3543.390760952099,0.005517906991659789,0.3919408597206923,0.0,0.0,0.0,0.0,1915.0,0.0,0.3919408597206923,0.005517906991659789,0.0,0.0,0.0,10.566791889028497,0.0,524716.9427284747,0.5
2024-08-09 00:00:00+00:00,0.0,0.0,0.0,0.0,0.0,0.0,0.0,0.0,7025.818037928238,642164.6402726874,9040.590446,3512.909018964119,3512.909018964119,0.005470418018457704,0.3885707509865577,0.0,0.0,0.0,0.0,0.0,0.0,0.3885707509865577,0.005470418018457704,0.0,0.0,0.0,0.0,0.0,524716.9427284747,0.5
2024-08-10 00:00:00+00:00,1.0,1.0,2.012364,143.25912409530866,0.0,1.0,0.014047021526260323,0.8184864602312717,7300.703835178432,642307.8993967827,9038.578082,3650.351917589216,3650.351917589216,0.005683180793848883,0.4038635153087585,0.0,0.0,0.0,0.0,0.0,0.0,0.4038635153087585,0.005683180793848883,0.0,0.0,0.0,0.0,0.0,524717.761214935,0.5
2024-08-11 00:00:00+00:00,0.0,0.0,0.0,0.0,0.0,0.0,0.0,0.0,6853.363919123512,642308.049306777,9038.575978,3426.681959561756,3426.681959561756,0.005334950983815424,0.37911745919958406,0.0,0.0,0.0,0.0,0.0,0.0,0.37911745919958406,0.005334950983815424,0.0,0.0,0.0,0.0,0.0,524717.761214935,0.5
2024-08-12 00:00:00+00:00,1.0,1.0,2.856353,203.45206211553904,0.0,1.0,0.014039439906870526,1.0865061391863446,7091.621539002677,642511.6378182233,9035.71771,3545.8107695013387,3545.8107695013387,0.005518671664130237,0.3924215965243273,0.0,0.0,0.0,0.0,0.0,0.0,0.3924215965243273,0.005518671664130237,0.0,0.0,0.0,0.0,0.0,524718.8477210741,0.5
2024-08-13 00:00:00+00:00,0.0,0.0,0.0,0.0,0.0,0.0,0.0,0.0,7173.866483779079,642511.6378182233,9035.71771,3586.933241889539,3586.93324188954,0.005582674352903066,0.3969726984631019,0.0,0.0,0.0,0.0,0.0,0.0,0.3969726984631019,0.005582674352903066,0.0,0.0,0.0,0.0,0.0,524718.8477210741,0.49999999999999994
2024-08-14 00:00:00+00:00,0.0,0.0,0.0,0.0,0.0,0.0,0.0,0.0,6973.143092538838,642511.6378182233,9035.71771,3486.5715462694197,3486.5715462694184,0.005426472208517141,0.3858654794417452,0.0,0.0,0.0,0.0,0.0,0.0,0.3858654794417452,0.005426472208517141,0.0,0.0,0.0,0.0,0.0,524718.8477210741,0.5000000000000001
2024-08-15 00:00:00+00:00,1.0,1.0,1.866234,132.41142891736672,1.0,0.0,0.014094206332934074,0.6766277157479952,6566.944153809924,642379.2263893061,9037.583944,3283.472076904962,3283.472076904962,0.005111423193680696,0.3633130377820546,0.0,0.0,0.0,0.0,550.0,0.0,0.3633130377820546,0.005111423193680696,0.0,0.0,0.0,2.811282756524383,0.0,524719.5243487898,0.5
2024-08-16 00:00:00+00:00,3.0,2.0,18.036181,1281.1817768763367,2.0,1.0,0.014070645638337136,6.541105156640281,6474.627062620304,643589.8262614287,9041.697997,3237.313531310152,3237.313531310152,0.005030088107693522,0.35804265220805653,1501.0,0.0,0.0,0.0,21501.0,0.0,0.35804265220805653,0.005030088107693522,7.550162249647976,0.0,7.550162249647976,108.15192440351842,0.0,524726.0654539465,0.5
2024-08-17 00:00:00+00:00,5.0,3.0,167.90248,12193.964057580051,3.0,2.0,0.01360250276825638,60.728398463401064,6501.183316694041,654680.9344831982,8888.852524,3250.5916583470207,3250.5916583470203,0.004965153996599918,0.3656930576326232,0.0,0.0,0.0,0.0,11650.0,0.0,0.3656930576326232,0.004965153996599918,0.0,0.0,0.0,57.844044060389045,0.0,524786.7938524099,0.5
2024-08-18 00:00:00+00:00,3.0,1.0,18.03781,1333.8897690078293,0.0,3.0,0.013513543699006564,6.7562861214858465,6548.0299644091565,656015.7188529521,8870.802642,3274.0149822045787,3274.014982204578,0.004990756910412476,0.3690776488142478,0.0,0.0,0.0,0.0,0.0,0.0,0.3690776488142478,0.004990756910412476,0.0,0.0,0.0,0.0,0.0,524793.5501385314,0.5000000000000001
2024-08-19 00:00:00+00:00,1.0,1.0,2.108518,156.43975507437887,0.0,1.0,0.013478146900687174,0.7995659734531675,6780.708823290903,656172.2635275819,8859.597536,3390.354411645451,3390.354411645452,0.005166866385694065,0.3826758944601174,672.6086289565825,0.0,672.6086289565825,9.095175,0.0,0.0,0.3826758944601174,0.005166866385694065,3.4752789156835378,6.955783144079836,-3.4805042283962986,0.0,0.0,524794.3497045048,0.49999999999999994
2024-08-20 00:00:00+00:00,3.0,2.0,6.20542,459.06947274561156,2.0,1.0,0.013534235117784097,2.415763834455738,7010.985568947848,655935.0958403524,8862.813346,3505.492784473924,3505.4927844739245,0.005344267758661177,0.39552821972224395,0.0,0.0,0.0,0.0,0.0,0.0,0.39552821972224395,0.005344267758661177,0.0,0.0,0.0,0.0,0.0,524796.7654683393,0.5
2024-08-21 00:00:00+00:00,0.0,0.0,0.0,0.0,0.0,0.0,0.0,0.0,7178.624207966695,655935.0958403524,8862.813346,3589.312103983348,3589.3121039833472,0.005472053754624754,0.40498563648565267,0.0,0.0,0.0,0.0,0.0,0.0,0.40498563648565267,0.005472053754624754,0.0,0.0,0.0,0.0,0.0,524796.7654683393,0.5000000000000001
2024-08-22 00:00:00+00:00,4.0,2.0,5.799047,430.32833373300826,0.0,4.0,0.013469476223240648,2.3949593463293795,7247.896897230614,656365.7127826776,8857.010413,3623.9484486153074,3623.9484486153065,0.005521233632469152,0.4091615883499703,0.0,0.0,0.0,0.0,25525.0,0.0,0.4091615883499703,0.005521233632469152,0.0,0.0,0.0,140.9294884687751,0.0,524799.1604276856,0.5000000000000001
2024-08-23 00:00:00+00:00,2.0,2.0,36.815338000000004,2744.388049855806,1.0,1.0,0.013419112320093567,15.71657013634666,7895.39859039765,658344.0384615643,8818.954904,3947.699295198825,3947.6992951988254,0.005996407751217604,0.44763799545094324,0.0,0.0,428.04913925255636,5.776102,2149.0,0.0,0.44763799545094324,0.005996407751217604,0.0,5.152359897316236,-5.152359897316236,12.886280257366632,0.0,524814.876997822,0.5
2024-08-24 00:00:00+00:00,3.0,3.0,4.61575,345.44199064394655,0.0,3.0,0.013354421179241082,2.0956751018202833,8163.101406061855,658689.7113930286,8814.33607,4081.550703030928,4081.5507030309273,0.0061964694945653076,0.4630582122824513,0.0,0.0,0.0,0.0,0.0,0.0,0.4630582122824513,0.0061964694945653076,0.0,0.0,0.0,0.0,0.0,524816.9726729238,0.5000000000000001
2024-08-25 00:00:00+00:00,2.0,2.0,3.175016,237.13661117305753,1.0,1.0,0.013358398398398396,1.420432593948112,7905.678670970397,658652.3821517685,8814.84198,3952.839335485199,3952.839335485198,0.0060014044473225255,0.4484299712296372,0.0,0.0,0.0,0.0,0.0,0.0,0.4484299712296372,0.0060014044473225255,0.0,0.0,0.0,0.0,0.0,524818.3931055177,0.5000000000000001
2024-08-26 00:00:00+00:00,3.0,3.0,11.233546,839.9519308687073,1.0,2.0,0.013401062366510584,4.989031611817945,7721.512117139893,658664.6211266767,8814.700689,3860.7560585699466,3860.7560585699466,0.005861489952148853,0.4379906016988011,0.0,0.0,0.0,0.0,0.0,0.0,0.4379906016988011,0.005861489952148853,0.0,0.0,0.0,0.0,0.0,524823.3821371295,0.5
2024-08-27 00:00:00+00:00,1.0,1.0,2.339908,175.24286093865186,0.0,1.0,0.013352372744126468,1.0230737786898163,7280.658673215705,658840.050389492,8812.358293,3640.329336607852,3640.329336607853,0.005525361329287387,0.41309365955983757,0.0,0.0,0.0,0.0,0.0,0.0,0.41309365955983757,0.005525361329287387,0.0,0.0,0.0,0.0,0.0,524824.4052109083,0.49999999999999994
2024-08-28 00:00:00+00:00,0.0,0.0,0.0,0.0,0.0,0.0,0.0,0.0,7146.953347521652,658840.050389492,8812.358293,3573.476673760825,3573.4766737608265,0.005423891081983045,0.40550741980150523,0.0,0.0,0.0,0.0,0.0,0.0,0.40550741980150523,0.005423891081983045,0.0,0.0,0.0,0.0,0.0,524824.4052109083,0.4999999999999999
2024-08-29 00:00:00+00:00,1.0,1.0,2.011532,150.72438941020297,0.0,1.0,0.013345763136751067,0.8227808785162296,7169.023226752568,658991.0307927494,8810.343346,3584.5116133762835,3584.511613376284,0.005439393627352117,0.4068526585860805,0.0,0.0,0.0,0.0,0.0,0.0,0.4068526585860805,0.005439393627352117,0.0,0.0,0.0,0.0,0.0,524825.2279917868,0.49999999999999994
2024-08-30 00:00:00+00:00,1.0,1.0,2.490761,186.7287183717425,0.0,1.0,0.013338928375448674,1.021946098216788,7132.62206179089,659177.8847445959,8807.850915,3566.311030895445,3566.311030895445,0.005410240715641185,0.4049013846069901,0.0,0.0,0.0,0.0,0.0,0.0,0.4049013846069901,0.005410240715641185,0.0,0.0,0.0,0.0,0.0,524826.249937885,0.5
2024-08-31 00:00:00+00:00,1.0,1.0,34.130931,2569.428,0.0,1.0,0.013283474376398171,13.512085511843582,6964.866742754827,661747.3127445958,8773.719984,3482.433371377414,3482.433371377413,0.005262482074817996,0.3969164023616067,0.0,0.0,0.0,0.0,2572.0,0.0,0.3969164023616067,0.005262482074817996,0.0,0.0,0.0,13.535103896431886,0.0,524839.7620233968,0.5000000000000001
2024-09-01 00:00:00+00:00,2.0,1.0,3.382638,254.52317225594993,2.0,0.0,0.01329300180183708,1.3246820825769197,6662.519969387812,661494.6865222332,8777.077503,3331.259984693906,3331.259984693906,0.005035958795387755,0.3795409102352444,0.0,0.0,0.0,0.0,0.0,0.0,0.3795409102352444,0.005035958795387755,0.0,0.0,0.0,0.0,0.0,524841.0867054794,0.5
2024-09-02 00:00:00+00:00,1.0,1.0,3.358309,252.5002511833321,1.0,0.0,0.013300220432500254,1.316814926412309,7015.052114032866,661242.3492493512,8780.433653,3507.5260570164323,3507.526057016433,0.00530444860496036,0.39947070903702125,0.0,0.0,0.0,0.0,0.0,0.0,0.39947070903702125,0.00530444860496036,0.0,0.0,0.0,0.0,0.0,524842.4035204059,0.49999999999999994
2024-09-03 00:00:00+00:00,1.0,1.0,46.092848,3496.5,0.0,1.0,0.01318256771056771,17.75663398216424,6537.505249291882,664741.1942493512,8734.310055,3268.752624645941,3268.752624645941,0.004917331215402003,0.37424279697681756,0.0,0.0,0.0,0.0,3500.0,0.0,0.37424279697681756,0.004917331215402003,0.0,0.0,0.0,17.21065925390701,0.0,524860.160154388,0.5
2024-09-04 00:00:00+00:00,2.0,1.0,6.409708999999999,489.159864409898,0.0,2.0,0.013097402565957839,2.4194035023881413,6777.578013554092,665230.6821789354,8727.896051,3388.789006777046,3388.7890067770463,0.005094156204096313,0.38827100906968015,0.0,0.0,0.0,0.0,0.0,0.0,0.38827100906968015,0.005094156204096313,0.0,0.0,0.0,0.0,0.0,524862.5795578904,0.5
2024-09-05 00:00:00+00:00,1.0,1.0,3.122782,238.57742994070412,0.0,1.0,0.013089176125235878,1.2073046839387709,6564.432019478182,665469.419615761,8724.771176,3282.2160097390915,3282.2160097390906,0.004932181574375315,0.3761950822008688,0.0,0.0,0.0,0.0,0.0,0.0,0.3761950822008688,0.004932181574375315,0.0,0.0,0.0,0.0,0.0,524863.7868625744,0.5000000000000001
2024-09-06 00:00:00+00:00,1.0,1.0,24.011248,1840.1580000000001,0.0,1.0,0.013048470837830228,9.144151291728326,6323.378514029067,667310.8117557612,8700.743869,3161.6892570145337,3161.689257014534,0.004737955988897909,0.36338148836668555,0.0,0.0,0.0,0.0,1842.0,0.0,0.36338148836668555,0.004737955988897909,0.0,0.0,0.0,8.727314931549948,0.0,524872.9310138661,0.5
2024-09-07 00:00:00+00:00,0.0,0.0,0.0,0.0,0.0,0.0,0.0,0.0,6344.898637022967,667310.8117557612,8700.743869,3172.4493185114834,3172.4493185114834,0.004754080501355063,0.36461817130540375,0.0,0.0,0.0,0.0,0.0,0.0,0.36461817130540375,0.004754080501355063,0.0,0.0,0.0,0.0,0.0,524872.9310138661,0.5
2024-09-08 00:00:00+00:00,2.0,1.0,0.557562,42.76330876206534,1.0,1.0,0.01301279313637089,0.2041298486959508,6517.828635531545,667311.8045312028,8700.732043,3258.914317765773,3258.9143177657725,0.004883645539666742,0.37455633637030195,0.0,0.0,0.0,0.0,0.0,0.0,0.37455633637030195,0.004883645539666742,0.0,0.0,0.0,0.0,0.0,524873.1351437148,0.5000000000000001
2024-09-09 00:00:00+00:00,1.0,1.0,3.336927,256.54045994699374,0.0,1.0,0.0130074102178248,1.3076730889612411,6879.635186548721,667568.3449911498,8697.395116,3439.817593274361,3439.8175932743607,0.005152757195699511,0.39549974991320846,0.0,0.0,0.0,0.0,0.0,0.0,0.39549974991320846,0.005152757195699511,0.0,0.0,0.0,0.0,0.0,524874.4428168038,0.5000000000000001
2024-09-10 00:00:00+00:00,0.0,0.0,0.0,0.0,0.0,0.0,0.0,0.0,6945.073122973416,667568.6894442724,8697.390638,3472.5365614867083,3472.536561486708,0.005201766674194192,0.3992618827898515,0.0,0.0,0.0,0.0,20000.0,0.0,0.3992618827898515,0.005201766674194192,0.0,0.0,0.0,104.03533348388383,0.0,524874.4428168038,0.5000000000000001
2024-09-11 00:00:00+00:00,0.0,0.0,0.0,0.0,0.0,0.0,0.0,0.0,6869.292848960193,667568.6894442724,8697.390638,3434.6464244800964,3434.646424480096,0.005145008264751481,0.39490538799921104,0.0,0.0,0.0,0.0,0.0,0.0,0.39490538799921104,0.005145008264751481,0.0,0.0,0.0,0.0,0.0,524874.4428168038,0.5
2024-09-12 00:00:00+00:00,5.0,5.0,312.629762,23333.88616525675,1.0,4.0,0.013730925201425366,123.5417000685797,7227.121382715415,649750.4073462094,8936.527026,3613.560691357708,3613.560691357707,0.0055614596782119115,0.404358503123684,0.0,0.0,0.0,0.0,1500.0,0.0,0.404358503123684,0.0055614596782119115,0.0,0.0,0.0,8.342189517317868,0.0,524997.9845168724,0.5000000000000001
2024-09-13 00:00:00+00:00,7.0,5.0,333.654185,23506.19210881361,2.0,5.0,0.014260288632660044,135.35844726755636,7616.90773938581,638873.782982764,9089.332257,3808.453869692904,3808.4538696929058,0.005961199177577853,0.4190026023924791,0.0,0.0,0.0,0.0,2244.0,0.0,0.4190026023924791,0.005961199177577853,0.0,0.0,0.0,13.376930954484703,0.0,525133.34296414,0.4999999999999999
2024-09-14 00:00:00+00:00,0.0,0.0,0.0,0.0,0.0,0.0,0.0,0.0,7725.706965947086,638877.686517423,9089.276833,3862.853482973543,3862.853482973543,0.006046311468522697,0.4249901894228666,0.0,0.0,0.0,0.0,0.0,0.0,0.4249901894228666,0.006046311468522697,0.0,0.0,0.0,0.0,0.0,525133.34296414,0.5
2024-09-15 00:00:00+00:00,2.0,1.0,5.950582,419.3743890914938,0.0,2.0,0.014185886939128109,2.710068772203343,8091.134654637195,639297.0609065145,9083.326251,4045.567327318598,4045.5673273185976,0.006328149423340127,0.4453839062395467,0.0,0.0,0.0,0.0,0.0,0.0,0.4453839062395467,0.006328149423340127,0.0,0.0,0.0,0.0,0.0,525136.0530329122,0.5000000000000001
2024-09-16 00:00:00+00:00,4.0,2.0,101.93445700000001,7089.27252646894,1.0,3.0,0.014454484273377732,42.767082935171274,7763.213722185077,633360.8705186779,9168.663771,3881.606861092538,3881.6068610925386,0.006128586469059536,0.42335578640912286,0.0,0.0,0.0,0.0,0.0,0.0,0.42335578640912286,0.006128586469059536,0.0,0.0,0.0,0.0,0.0,525178.8201158474,0.49999999999999994
2024-09-17 00:00:00+00:00,7.0,3.0,24.513838,1696.46104792683,2.0,5.0,0.014480345189865648,11.446717064641085,17230.661512745013,1267081.3914508596,18332.22094,8615.330756372505,8615.330756372507,0.006799350708250558,0.4699556471946223,0.0,0.0,0.0,0.0,0.0,63634.58520764854,0.4699556471946223,0.006799350708250558,0.0,0.0,0.0,0.0,432.6738620008556,525190.266832912,0.4999999999999999
2024-09-18 00:00:00+00:00,5.0,3.0,140.957226,9620.32005073492,2.0,3.0,0.0147266867122404,133.8442252134732,9074.919241846685,627069.086177293,9260.991021,4537.459620923343,4537.459620923342,0.007235980406217083,0.4899540028312638,0.0,0.0,0.0,0.0,1300.0,0.0,0.4899540028312638,0.007235980406217083,0.0,0.0,0.0,9.406774528082208,0.0,525324.1110581255,0.5000000000000001
2024-09-19 00:00:00+00:00,1.0,1.0,2.579857,175.08302727099206,0.0,1.0,0.014735049080496642,1.3359450502497447,9681.475885177191,627244.4042859834,9258.407702,4840.737942588596,4840.737942588595,0.007717466922800204,0.5228477831606939,0.0,0.0,0.0,0.0,0.0,0.0,0.5228477831606939,0.007717466922800204,0.0,0.0,0.0,0.0,0.0,525325.4470031757,0.5
2024-09-20 00:00:00+00:00,1.0,1.0,32.741573,2230.5299999999997,0.0,1.0,0.014678831040156378,17.315027026761186,9810.03316054217,629478.1837162476,9225.618602,4905.016580271085,4905.016580271084,0.007792194721210766,0.5316734618974751,0.0,0.0,0.0,0.0,2235.0,0.0,0.5316734618974751,0.007792194721210766,0.0,0.0,0.0,17.415555201906063,0.0,525342.7620302025,0.5
2024-09-21 00:00:00+00:00,0.0,0.0,0.0,0.0,0.0,0.0,0.0,0.0,10095.77816943305,629478.1837162476,9225.618602,5047.889084716525,5047.889084716525,0.008019164468759384,0.5471599577747778,0.0,0.0,0.0,0.0,0.0,0.0,0.5471599577747778,0.008019164468759384,0.0,0.0,0.0,0.0,0.0,525342.7620302025,0.5
2024-09-22 00:00:00+00:00,1.0,1.0,3.992,271.7182157642997,1.0,0.0,0.01469169076048562,2.095650373393834,9686.238766303155,629206.4655004833,9229.610602,4843.119383151578,4843.1193831515775,0.007697186295279507,0.524737130524456,0.0,0.0,0.0,0.0,0.0,0.0,0.524737130524456,0.007697186295279507,0.0,0.0,0.0,0.0,0.0,525344.8576805759,0.5000000000000001
2024-09-23 00:00:00+00:00,1.0,1.0,14.586945,998.0,0.0,1.0,0.014616177354709419,8.091979692829456,10496.120122261831,630206.028244656,9215.000853,5248.060061130916,5248.060061130915,0.008327530721577827,0.569512704865608,0.0,0.0,0.0,0.0,2601.0,1600.0,0.569512704865608,0.008327530721577827,0.0,0.0,0.0,21.659907406823926,13.324049154524523,525352.9496602687,0.5000000000000001
2024-09-24 00:00:00+00:00,0.0,0.0,0.0,0.0,0.0,0.0,0.0,0.0,10811.885189362214,630206.028244656,9215.000853,5405.942594681107,5405.942594681107,0.008578055988671746,0.586645913648632,0.0,0.0,0.0,0.0,0.0,0.0,0.586645913648632,0.008578055988671746,0.0,0.0,0.0,0.0,0.0,525352.9496602687,0.5
2024-09-25 00:00:00+00:00,5.0,4.0,384.68201999999997,27309.81555221827,4.0,1.0,0.013944052841481877,226.35360241717314,10679.484741487175,642843.6758144215,9034.603801,5339.742370743587,5339.742370743587,0.008306439919438647,0.5910322675303764,0.0,0.0,0.0,0.0,0.0,0.0,0.5910322675303764,0.008306439919438647,0.0,0.0,0.0,0.0,0.0,525579.3032626859,0.5
2024-09-26 00:00:00+00:00,9.0,4.0,336.78362799999996,24909.535112535556,4.0,5.0,0.013158802344648494,218.78294131252025,11427.913989728508,664964.0330765857,8734.717178,5713.956994864255,5713.956994864253,0.008592881284762904,0.6541662286737697,0.0,0.0,0.0,0.0,3650.0,0.0,0.6541662286737697,0.008592881284762904,0.0,0.0,0.0,31.364016689384602,0.0,525798.0862039984,0.5000000000000001
2024-09-27 00:00:00+00:00,9.0,3.0,62.827804,4775.628360465951,4.0,5.0,0.013128714759935625,41.79888889412302,11605.20283283903,666189.4436874196,8733.739559,5802.601416419515,5802.601416419515,0.008710137141023406,0.6643891058601596,0.0,15.0,0.0,0.0,2285.0,0.0,0.6643891058601596,0.008710137141023406,9.965836587902395,0.0,9.965836587902395,19.902663367238482,0.0,525839.8850928926,0.5
2024-09-28 00:00:00+00:00,3.0,2.0,6.716118,511.4929803017752,2.0,1.0,0.013095617665533129,4.359712708427688,11214.471647526849,665962.2937941542,8736.732039,5607.235823763424,5607.235823763424,0.008419749700568776,0.641800137480836,0.0,0.0,0.0,0.0,0.0,0.0,0.641800137480836,0.008419749700568776,0.0,0.0,0.0,0.0,0.0,525844.244805601,0.5
2024-09-29 00:00:00+00:00,2.0,2.0,11.964206,915.0591746998901,0.0,2.0,0.013056995264580734,7.594155711570944,11419.033019922917,666878.9769922439,8724.746629,5709.51650996146,5709.516509961458,0.00856154820731118,0.6544048501057576,0.0,0.0,0.0,0.0,1000.0,0.0,0.6544048501057576,0.00856154820731118,0.0,0.0,0.0,8.56154820731118,0.0,525851.8389613125,0.5000000000000001
2024-09-30 00:00:00+00:00,1.0,1.0,4.040386,309.5905968094236,0.0,1.0,0.013050738755115237,2.609635256605631,10430.737772704997,667188.9832718185,8720.700821,5215.3688863524985,5215.368886352499,0.007816928961831662,0.598044697714381,0.0,0.0,0.0,0.0,2000.0,0.0,0.598044697714381,0.007816928961831662,0.0,0.0,0.0,15.633857923663324,0.0,525854.4485965691,0.5
2024-10-01 00:00:00+00:00,4.0,3.0,42.067259,3231.255098232335,2.0,2.0,0.013010044752224597,25.043544659089232,9508.168759326296,669336.5831284021,8692.80411,4754.084379663148,4754.084379663148,0.0071026812212222215,0.5468988279851101,0.0,0.0,0.0,0.0,3043.0000000000005,0.0,0.5468988279851101,0.0071026812212222215,0.0,0.0,0.0,21.613458956179223,0.0,525879.4921412282,0.5
2024-10-02 00:00:00+00:00,0.0,0.0,0.0,0.0,0.0,0.0,0.0,0.0,9373.835451301313,669336.692378041,8692.802694,4686.917725650656,4686.917725650656,0.0070023319788413575,0.5391722198970063,0.0,0.0,0.0,0.0,200.0,200.0,0.5391722198970063,0.0070023319788413575,0.0,0.0,0.0,1.4004663957682715,1.4004663957682715,525879.4921412282,0.5
2024-10-03 00:00:00+00:00,0.0,0.0,0.0,0.0,0.0,0.0,0.0,0.0,8988.67588210123,669336.692378041,8692.802694,4494.337941050614,4494.337941050615,0.006714614621055638,0.5170182850408792,0.0,0.0,0.0,0.0,0.0,0.0,0.5170182850408792,0.006714614621055638,0.0,0.0,0.0,0.0,0.0,525879.4921412282,0.4999999999999999
2024-10-04 00:00:00+00:00,0.0,0.0,0.0,0.0,0.0,0.0,0.0,0.0,9519.214627248271,669336.692378041,8692.802694,4759.607313624136,4759.607313624136,0.0071109314158679235,0.5475342626733426,0.0,0.0,0.0,0.0,0.0,0.0,0.5475342626733426,0.0071109314158679235,0.0,0.0,0.0,0.0,0.0,525879.4921412282,0.5
2024-10-05 00:00:00+00:00,1.0,1.0,29.084383,2251.488,0.0,1.0,0.012917849440014782,16.191377264461156,9541.843560716246,671591.203418041,8663.679391,4770.921780358123,4770.921780358122,0.007103907490265918,0.5506807864236354,0.0,0.0,0.0,0.0,2256.0,0.0,0.5506807864236354,0.007103907490265918,0.0,0.0,0.0,16.02641529803991,0.0,525895.6835184926,0.5
2024-10-06 00:00:00+00:00,5.0,2.0,66.366698,5172.230133956818,4.0,1.0,0.012814989534624805,36.16957912693457,9461.921227567105,675401.2704465748,8614.938023,4730.960613783552,4730.960613783553,0.00700466644170723,0.5491578234402757,0.0,0.0,0.0,0.0,0.0,0.0,0.5491578234402757,0.00700466644170723,0.0,0.0,0.0,0.0,0.0,525931.8530976196,0.4999999999999999
2024-10-07 00:00:00+00:00,1.0,1.0,1.981842,155.72134952601508,0.0,1.0,0.012726848348234423,1.122242775956942,9208.329525042524,675563.7251425778,8612.870508,4604.164762521262,4604.164762521262,0.006815293052553336,0.5345679768719056,0.0,0.0,0.0,0.0,0.0,0.0,0.5345679768719056,0.006815293052553336,0.0,0.0,0.0,0.0,0.0,525932.9753403956,0.5
2024-10-08 00:00:00+00:00,1.0,1.0,2.082937,163.74540939751688,0.0,1.0,0.012720582565727712,1.1011178083147133,8933.802968267468,675727.6904105411,8610.784775,4466.901484133733,4466.901484133734,0.0066105053078701695,0.5187566059138592,0.0,0.0,0.0,0.0,0.0,0.0,0.5187566059138592,0.0066105053078701695,0.0,0.0,0.0,0.0,0.0,525934.076458204,0.4999999999999999
2024-10-09 00:00:00+00:00,0.0,0.0,0.0,0.0,0.0,0.0,0.0,0.0,8683.433514238584,675727.6904105411,8610.784775,4341.716757119292,4341.716757119292,0.0064252461734718375,0.5042184737591809,0.0,0.0,0.0,0.0,0.0,0.0,0.5042184737591809,0.0064252461734718375,0.0,0.0,0.0,0.0,0.0,525934.076458204,0.5
2024-10-10 00:00:00+00:00,0.0,0.0,0.0,0.0,0.0,0.0,0.0,0.0,8495.049155716328,675727.6904105411,8610.784775,4247.524577858164,4247.524577858164,0.006285852478943941,0.4932796125842274,0.0,0.0,0.0,0.0,0.0,0.0,0.4932796125842274,0.006285852478943941,0.0,0.0,0.0,0.0,0.0,525934.076458204,0.5
2024-10-11 00:00:00+00:00,4.0,2.0,34.613825,2728.971783858013,1.0,3.0,0.012633251227155279,18.333215460087548,9080.891080071948,678574.4251809744,8587.424427,4540.445540035974,4540.445540035974,0.00669115335259658,0.5287319357082447,499.99998080010727,6.37149,0.0,0.0,2111.0,0.0,0.5287319357082447,0.00669115335259658,6.714386788874587,0.0,6.714386788874587,14.125024727331379,0.0,525952.409673664,0.5
2024-10-12 00:00:00+00:00,3.0,2.0,124.479448,10001.005400080656,0.0,3.0,0.012438109682125054,68.25685807476525,9334.505648238835,688592.4600407258,8462.736103,4667.252824119419,4667.252824119418,0.006777960978317103,0.5515063647636252,0.0,0.0,0.0,0.0,9500.000000000002,0.0,0.5515063647636252,0.006777960978317103,0.0,0.0,0.0,64.3906292940125,0.0,526020.6665317388,0.5000000000000001
2024-10-13 00:00:00+00:00,8.0,3.0,20.857041,1700.9054753486914,1.0,7.0,0.012236252893344854,11.306410436184999,9254.631700944848,689482.6512646351,8451.851622,4627.315850472424,4627.315850472424,0.006711286849618471,0.5474913731835536,0.0,0.0,0.0,0.0,0.0,0.0,0.5474913731835536,0.006711286849618471,0.0,0.0,0.0,0.0,0.0,526031.972942175,0.5
2024-10-14 00:00:00+00:00,3.0,1.0,5.170743,422.92311943631046,0.0,3.0,0.012221390748990082,2.923818822590332,9551.849964040004,689906.7060693243,8446.667035,4775.924982020001,4775.924982020002,0.006922566399202531,0.5654212439332885,0.0,0.0,0.0,0.0,0.0,0.0,0.5654212439332885,0.006922566399202531,0.0,0.0,0.0,0.0,0.0,526034.8967609976,0.4999999999999999
2024-10-15 00:00:00+00:00,2.0,1.0,3.4422610000000002,281.8357221487496,0.0,2.0,0.012211217571448047,1.9301486480337158,9302.234296339011,690189.2982189106,8443.215536,4651.1171481695055,4651.1171481695055,0.0067389007047372225,0.5508703560081076,0.0,0.0,0.0,0.0,0.0,0.0,0.5508703560081076,0.0067389007047372225,0.0,0.0,0.0,0.0,0.0,526036.8269096456,0.5
2024-10-16 00:00:00+00:00,1.0,1.0,1.473597,120.7214801854899,0.0,1.0,0.012206584923708705,0.8215055079138044,9328.625994406802,690310.3716320103,8441.737644,4664.312997203401,4664.312997203401,0.0067568345904700485,0.552529964078969,0.0,0.0,0.0,0.0,0.0,0.0,0.552529964078969,0.0067568345904700485,0.0,0.0,0.0,0.0,0.0,526037.6484151535,0.5
2024-10-17 00:00:00+00:00,1.0,1.0,1.7964,146.57297816941715,1.0,0.0,0.012256010776581353,0.9582162760302086,9013.554408215154,690163.7986538409,8443.534044,4506.777204107578,4506.777204107577,0.006530011010281923,0.5337548449052688,0.0,0.0,0.0,0.0,0.0,0.0,0.5337548449052688,0.006530011010281923,0.0,0.0,0.0,0.0,0.0,526038.6066314295,0.5000000000000001
2024-10-18 00:00:00+00:00,0.0,0.0,0.0,0.0,0.0,0.0,0.0,0.0,9054.14096254975,690163.7986538409,8443.534044,4527.070481274875,4527.0704812748745,0.006559414576807551,0.5361582552618266,0.0,0.0,0.0,0.0,0.0,0.0,0.5361582552618266,0.006559414576807551,0.0,0.0,0.0,0.0,0.0,526038.6066314295,0.5
2024-10-19 00:00:00+00:00,1.0,1.0,11.412631,929.7341683699476,1.0,0.0,0.012275154972532789,6.093523367497033,9028.879454145808,689234.064485471,8454.946675,4514.439727072904,4514.439727072903,0.006549937038360164,0.5339406504385675,0.0,0.0,0.0,0.0,0.0,0.0,0.5339406504385675,0.006549937038360164,0.0,0.0,0.0,0.0,0.0,526044.700154797,0.5
2024-10-20 00:00:00+00:00,0.0,0.0,0.0,0.0,0.0,0.0,0.0,0.0,9322.618655481903,689234.064485471,8454.946675,4661.309327740952,4661.309327740952,0.006763028074099509,0.5513114992816855,0.0,0.0,0.0,0.0,0.0,0.0,0.5513114992816855,0.006763028074099509,0.0,0.0,0.0,0.0,0.0,526044.700154797,0.5
2024-10-21 00:00:00+00:00,3.0,3.0,57.666551,4742.7131779316205,0.0,3.0,0.01213248321550623,31.478349482046053,8992.703703967585,693356.2116736562,8389.632891,4496.351851983793,4496.351851983793,0.006484908876968571,0.5359414303821644,0.0,0.0,621.9827730146105,7.629964,3244.0,0.0,0.5359414303821644,0.006484908876968571,0.0,8.122715425968396,-8.122715425968396,21.037044396886042,0.0,526076.1785042791,0.5
2024-10-22 00:00:00+00:00,0.0,0.0,0.0,0.0,0.0,0.0,0.0,0.0,8809.05570600107,693360.5586336564,8389.580399,4404.527853000535,4404.527853000535,0.006352434960650407,0.5249997787166489,0.0,0.0,0.0,0.0,8500.0,0.0,0.5249997787166489,0.006352434960650407,0.0,0.0,0.0,53.99569716552846,0.0,526076.1785042791,0.5
2024-10-23 00:00:00+00:00,0.0,0.0,0.0,0.0,0.0,0.0,0.0,0.0,8569.376313304701,693360.5586336564,8399.580399,4284.688156652351,4284.688156652351,0.006179596031674779,0.5101074045511199,0.0,10.0,0.0,0.0,0.0,0.0,0.5101074045511199,0.006179596031674779,5.101074045511199,0.0,5.101074045511199,0.0,0.0,526076.1785042791,0.5
2024-10-24 00:00:00+00:00,1.0,1.0,118.950243,9980.000000000002,0.0,1.0,0.011918862024048094,59.36795567349512,8408.676642027578,703353.9586336564,8280.472713,4204.338321013789,4204.338321013789,0.00597755691768791,0.507741341193378,0.0,0.0,0.0,0.0,1770.8260951598686,0.0,0.507741341193378,0.00597755691768791,0.0,0.0,0.0,10.585213775145142,0.0,526135.5464599526,0.5
2024-10-25 00:00:00+00:00,2.0,2.0,10.397960000000001,885.7268247764972,1.0,1.0,0.011771182596308664,5.270239794888158,7516.89339960299,704066.2963178525,8272.115806,3758.446699801495,3758.446699801495,0.005338199995451472,0.4543513156664692,0.0,0.0,0.0,0.0,0.0,0.0,0.4543513156664692,0.005338199995451472,0.0,0.0,0.0,0.0,0.0,526140.8166997475,0.5
2024-10-26 00:00:00+00:00,0.0,0.0,0.0,0.0,0.0,0.0,0.0,0.0,7251.15365844076,704066.2963178525,8272.115806,3625.57682922038,3625.5768292203807,0.00514948215556054,0.43828893529157886,0.0,0.0,0.0,0.0,0.0,0.0,0.43828893529157886,0.00514948215556054,0.0,0.0,0.0,0.0,0.0,526140.8166997475,0.5
2024-10-27 00:00:00+00:00,0.0,0.0,0.0,0.0,0.0,0.0,0.0,0.0,7346.102604067035,704066.2963178525,8272.115806,3673.051302033517,3673.0513020335175,0.005216911136412797,0.4440280320265039,0.0,0.0,0.0,0.0,0.0,0.0,0.4440280320265039,0.005216911136412797,0.0,0.0,0.0,0.0,0.0,526140.8166997475,0.49999999999999994
2024-10-28 00:00:00+00:00,1.0,1.0,26.653163,2280.4300000000003,0.0,1.0,0.011687779497726303,11.433935615380594,7201.052895839624,706346.7263178525,8245.462643,3600.526447919812,3600.526447919812,0.00509739241900244,0.43666760784811576,0.0,0.0,0.0,0.0,2285.0,0.0,0.43666760784811576,0.00509739241900244,0.0,0.0,0.0,11.647541677420575,0.0,526152.2506353628,0.5
2024-10-29 00:00:00+00:00,1.0,1.0,54.285463,4690.599999999999,0.0,1.0,0.011573245000639578,24.681199668810777,7430.1806983304605,711040.3882178523,8191.141509,3715.0903491652302,3715.0903491652302,0.0052248654376395014,0.4535497702100839,0.0,0.0,0.0,0.0,4500.0,0.0,0.4535497702100839,0.0052248654376395014,0.0,0.0,0.0,23.511894469377758,0.0,526176.9318350316,0.5
2024-10-30 00:00:00+00:00,1.0,1.0,16.193808,1411.3273114011504,0.0,1.0,0.011474168939537467,7.272732301903805,7182.946583621802,712459.908497788,8174.853881,3591.473291810901,3591.4732918109016,0.0050409479171725936,0.43933180263419824,0.0,0.0,0.0,0.0,0.0,0.0,0.43933180263419824,0.0050409479171725936,0.0,0.0,0.0,0.0,0.0,526184.2045673335,0.5
2024-10-31 00:00:00+00:00,0.0,0.0,0.0,0.0,0.0,0.0,0.0,0.0,6779.548934618566,712459.908497788,8174.853881,3389.7744673092825,3389.7744673092834,0.0047578459178939285,0.4146587225476652,0.0,0.0,0.0,0.0,0.0,0.0,0.4146587225476652,0.0047578459178939285,0.0,0.0,0.0,0.0,0.0,526184.2045673335,0.49999999999999994
2024-11-01 00:00:00+00:00,0.0,0.0,0.0,0.0,0.0,0.0,0.0,0.0,6569.242019074644,712459.908497788,8174.853881,3284.6210095373217,3284.6210095373226,0.0046102538126852645,0.4017956843450671,0.0,0.0,0.0,0.0,0.0,0.0,0.4017956843450671,0.0046102538126852645,0.0,0.0,0.0,0.0,0.0,526184.2045673335,0.49999999999999994
2024-11-02 00:00:00+00:00,2.0,1.0,9.950137,866.6475558850442,1.0,1.0,0.011458192072286653,3.923681642066758,6463.25376237725,712459.6222178146,8174.877089,3231.6268811886243,3231.626881188625,0.004535873725908701,0.3953119840220053,0.0,0.0,0.0,0.0,0.0,0.0,0.3953119840220053,0.004535873725908701,0.0,0.0,0.0,0.0,0.0,526188.1282489755,0.49999999999999994
2024-11-03 00:00:00+00:00,2.0,1.0,48.894670000000005,4295.525048954626,0.0,2.0,0.011327174163399798,19.09249919125295,6363.174030151439,715951.0139511834,8116.845386,3181.587015075719,3181.58701507572,0.004443861316037822,0.39197334232377357,0.0,0.0,804.1333155857977,9.137033,3500.0,0.0,0.39197334232377357,0.004443861316037822,0.0,7.1549302980015765,-7.1549302980015765,15.553514606132378,0.0,526207.2207481668,0.49999999999999994
2024-11-04 00:00:00+00:00,1.0,1.0,25.439595,2255.48,0.0,1.0,0.01127901599659496,9.717422674620478,6125.987543086916,718200.7028898612,8091.142557,3062.993771543458,3062.9937715434576,0.004264815892296864,0.37856134037504113,0.0,0.0,14.58699996497857,0.164338,2260.0,0.0,0.37856134037504113,0.004264815892296864,0.0,0.12442288282612791,-0.12442288282612791,9.638483916590912,0.0,526216.9381708414,0.5
2024-11-05 00:00:00+00:00,0.0,0.0,0.0,0.0,0.0,0.0,0.0,0.0,6447.199682185497,718200.7028898612,8091.142557,3223.5998410927486,3223.5998410927486,0.004488438716533949,0.3984109559785066,0.0,0.0,0.0,0.0,0.0,0.0,0.3984109559785066,0.004488438716533949,0.0,0.0,0.0,0.0,0.0,526216.9381708414,0.5
2024-11-06 00:00:00+00:00,1.0,1.0,14.001769,1247.5000000000002,0.0,1.0,0.0112238629258517,5.958220143526833,7053.844916166499,719449.8778898612,8077.122021,3526.9224580832497,3526.92245808325,0.004902249018969432,0.4366558347036825,0.0,0.0,0.0,0.0,1250.0,0.0,0.4366558347036825,0.004902249018969432,0.0,0.0,0.0,6.12781127371179,0.0,526222.896390985,0.5
2024-11-07 00:00:00+00:00,0.0,0.0,0.0,0.0,0.0,0.0,0.0,0.0,7146.7652628001015,719449.8778898612,8077.122021,3573.3826314000507,3573.382631400051,0.004966826378344442,0.4424079049579151,0.0,0.0,0.0,0.0,0.0,0.0,0.4424079049579151,0.004966826378344442,0.0,0.0,0.0,0.0,0.0,526222.896390985,0.5
2024-11-08 00:00:00+00:00,0.0,0.0,0.0,0.0,0.0,0.0,0.0,0.0,7215.989784255363,719449.8778898612,8077.122021,3607.9948921276814,3607.9948921276814,0.005014935721039931,0.4466931269265372,0.0,0.0,0.0,0.0,0.0,0.0,0.4466931269265372,0.005014935721039931,0.0,0.0,0.0,0.0,0.0,526222.896390985,0.5
2024-11-09 00:00:00+00:00,0.0,0.0,0.0,0.0,0.0,0.0,0.0,0.0,7400.415837939259,719449.8778898612,8077.122021,3700.207918969629,3700.2079189696296,0.005143107300014143,0.45810969666538726,0.0,0.0,0.0,0.0,0.0,0.0,0.45810969666538726,0.005143107300014143,0.0,0.0,0.0,0.0,0.0,526222.896390985,0.49999999999999994
2024-11-10 00:00:00+00:00,2.0,2.0,182.98740099999998,15906.902199205026,2.0,0.0,0.011505066382519856,87.96525291331655,8040.054441327665,703542.9756906562,8260.109422,4020.027220663832,4020.027220663833,0.0057139753498603825,0.48667965704629534,0.0,0.0,0.0,0.0,0.0,0.0,0.48667965704629534,0.0057139753498603825,0.0,0.0,0.0,0.0,0.0,526310.8616438983,0.49999999999999994
2024-11-11 00:00:00+00:00,1.0,1.0,27.191862,2328.3340000000003,0.0,1.0,0.01167867754368574,13.624057476687954,8545.048361072317,705871.3096906563,8232.91756,4272.524180536158,4272.524180536158,0.006052837283340735,0.5189562690745756,0.0,0.0,0.0,0.0,2333.0,0.0,0.5189562690745756,0.006052837283340735,0.0,0.0,0.0,14.121269382033933,0.0,526324.485701375,0.5
2024-11-12 00:00:00+00:00,3.0,2.0,4383.890839,245946.1315355208,2.0,1.0,0.024824333856089724,2203.278600420464,11714.565508063304,491501.4246265668,11832.97057,5857.282754031653,5857.282754031652,0.011917122638010464,0.4949968158360469,0.0,0.0,0.0,0.0,0.0,0.0,0.4949968158360469,0.011917122638010464,0.0,0.0,0.0,0.0,0.0,528527.7643017954,0.5000000000000001
2024-11-13 00:00:00+00:00,2.0,2.0,28.467527999999998,1187.2797771157805,1.0,1.0,0.024020477802698333,13.152996527970968,11105.112703363793,492594.38577954925,11809.751236,5552.556351681897,5552.5563516818975,0.011272065845603916,0.47016708825803905,61.97054676310338,1.491951,0.0,0.0,1100.0,0.0,0.47016708825803905,0.011272065845603916,1.4000023410954476,0.0,1.4000023410954476,12.399272430164308,0.0,528540.9172983234,0.5
2024-11-14 00:00:00+00:00,3.0,3.0,557.80198,24461.919675389316,1.0,2.0,0.02230845793325922,253.21964603414116,9999.030053600949,516957.736617489,11254.256779,4999.5150268004745,4999.5150268004745,0.009671032412654944,0.4442332465818065,0.0,0.0,0.0,0.0,14073.320999569123,0.0,0.4442332465818065,0.009671032412654944,0.0,0.0,0.0,136.10354354053047,0.0,528794.1369443575,0.5
2024-11-15 00:00:00+00:00,2.0,2.0,15.179535,699.6,1.0,1.0,0.021756,6.7730345841395385,10528.13824994575,517656.274617489,11239.100432,5264.069124972875,5264.069124972874,0.010169043404067006,0.4683710370613827,0.0,0.0,0.0,0.0,0.0,0.0,0.4683710370613827,0.010169043404067006,0.0,0.0,0.0,0.0,0.0,528800.9099789417,0.5
2024-11-16 00:00:00+00:00,0.0,0.0,0.0,0.0,0.0,0.0,0.0,0.0,11494.54284684251,517656.274617489,11239.100432,5747.271423421256,5747.271423421254,0.01110248577140899,0.5113640062382223,0.0,0.0,0.0,0.0,0.0,0.0,0.5113640062382223,0.01110248577140899,0.0,0.0,0.0,0.0,0.0,528800.9099789417,0.5000000000000001
2024-11-17 00:00:00+00:00,0.0,0.0,0.0,0.0,0.0,0.0,0.0,0.0,11461.56435702679,517656.274617489,11239.100432,5730.782178513396,5730.782178513394,0.01107063211538976,0.509896874148103,0.0,0.0,0.0,0.0,0.0,0.0,0.509896874148103,0.01107063211538976,0.0,0.0,0.0,0.0,0.0,528800.9099789417,0.5000000000000001
2024-11-18 00:00:00+00:00,4.0,3.0,127.465229,5943.324063512617,1.0,3.0,0.021342968238635542,70.56121179907754,12287.166140892989,523400.51378566376,11119.140464,6143.583070446494,6143.583070446494,0.011737823919986321,0.5525232000024939,72.94995930291931,1.584698,0.0,0.0,5726.0,0.0,0.5525232000024939,0.011737823919986321,1.7318561872653868,0.0,1.7318561872653868,67.21077976584168,0.0,528871.4711907407,0.5
2024-11-19 00:00:00+00:00,0.0,0.0,0.0,0.0,0.0,0.0,0.0,0.0,12524.633218562927,523405.2700182728,11119.039626,6262.316609281464,6262.316609281464,0.011964565448610858,0.5632066095562869,0.0,0.0,0.0,0.0,0.0,0.0,0.5632066095562869,0.011964565448610858,0.0,0.0,0.0,0.0,0.0,528871.4711907407,0.5
2024-11-20 00:00:00+00:00,1.0,1.0,0.2994,14.065056459223868,1.0,0.0,0.02128679688332523,0.1658315637127843,11977.312084726502,523391.2049618136,11119.339026,5988.656042363251,5988.656042363252,0.011442026510170688,0.5385802185148025,0.0,0.0,0.0,0.0,0.0,0.0,0.5385802185148025,0.011442026510170688,0.0,0.0,0.0,0.0,0.0,528871.6370223045,0.5
2024-11-21 00:00:00+00:00,1.0,1.0,11.911544,562.4066905753282,0.0,1.0,0.02117959156533999,6.491110743688531,12163.032074020244,523953.6116523889,11107.427482,6081.516037010122,6081.516037010121,0.011606974170539424,0.5475179601096154,0.0,0.0,0.0,0.0,0.0,0.0,0.5475179601096154,0.011606974170539424,0.0,0.0,0.0,0.0,0.0,528878.1281330482,0.5
2024-11-22 00:00:00+00:00,0.0,0.0,0.0,0.0,0.0,0.0,0.0,0.0,12438.808613635167,523954.3667876247,11107.411506,6219.404306817583,6219.404306817583,0.011870125913729629,0.5599328253444096,0.0,0.0,0.0,0.0,0.0,0.0,0.5599328253444096,0.011870125913729629,0.0,0.0,0.0,0.0,0.0,528878.1281330482,0.5
2024-11-23 00:00:00+00:00,5.0,4.0,390.278563,19118.95513253996,1.0,4.0,0.01969324066335868,232.28850170847002,13127.052963891643,543094.4440538303,10716.717316,6563.526481945822,6563.526481945822,0.012085423730269756,0.612456808219296,0.0,0.0,0.0,0.0,18137.972971768406,0.0,0.612456808219296,0.012085423730269756,0.0,0.0,0.0,219.20508897200133,0.0,529110.4166347566,0.5
2024-11-24 00:00:00+00:00,4.0,4.0,43.63006,2221.349265165822,2.0,2.0,0.019630266375009024,27.1210661933468,13710.654018214365,544992.8550303392,10679.474136,6855.327009107183,6855.327009107183,0.01257874657590796,0.641916158212154,0.0,0.0,0.0,0.0,2054.0,0.0,0.641916158212154,0.01257874657590796,0.0,0.0,0.0,25.83674546691495,0.0,529137.5377009499,0.5
2024-11-25 00:00:00+00:00,1.0,1.0,38.89248,1996.0,0.0,1.0,0.019485210420841684,25.262797047066208,12555.797848628838,546994.5152666308,10640.471769,6277.89892431442,6277.898924314419,0.011477078378481139,0.5900019341815725,0.0,0.0,0.0,0.0,2000.0,0.0,0.5900019341815725,0.011477078378481139,0.0,0.0,0.0,22.954156756962277,0.0,529162.800497997,0.5000000000000001
2024-11-26 00:00:00+00:00,1.0,1.0,48.254169,2496.895570880913,0.0,1.0,0.019325665663692843,27.24191955108992,11872.320382032389,549494.8920354123,10592.15063,5936.160191016194,5936.160191016194,0.010802939712556305,0.5604301145608042,0.0,0.0,0.0,0.0,2501.899369620153,0.0,0.5604301145608042,0.010802939712556305,0.0,0.0,0.0,27.027868056889133,0.0,529190.042417548,0.5
2024-11-27 00:00:00+00:00,0.0,0.0,0.0,0.0,0.0,0.0,0.0,0.0,12472.20658238048,549494.8920354123,10592.15063,6236.103291190239,6236.10329119024,0.011348792102672272,0.5887476027321413,0.0,0.0,0.0,0.0,0.0,0.0,0.5887476027321413,0.011348792102672272,0.0,0.0,0.0,0.0,0.0,529190.042417548,0.49999999999999994
2024-11-28 00:00:00+00:00,1.0,1.0,350.857647,18862.93526880652,0.0,1.0,0.01860037380185524,192.28863579383253,11976.791984933197,568383.1542914534,10240.837547,5988.395992466599,5988.395992466599,0.010535843554216055,0.5847564679141765,0.0,0.0,0.0,0.0,0.0,0.0,0.5847564679141765,0.010535843554216055,0.0,0.0,0.0,0.0,0.0,529382.3310533419,0.5
2024-11-29 00:00:00+00:00,2.0,1.0,16.929518,938.8329765157558,1.0,1.0,0.017996419989202022,9.82969629880095,12251.250462311316,568382.8441664462,10240.877023,6125.625231155658,6125.625231155658,0.010777287340787188,0.5981543589868434,0.0,0.0,0.0,0.0,0.0,0.0,0.5981543589868434,0.010777287340787188,0.0,0.0,0.0,0.0,0.0,529392.1607496407,0.5
2024-11-30 00:00:00+00:00,2.0,2.0,445.362824,25893.88302644862,0.0,2.0,0.016448454547503655,260.78435186472376,12081.212369760106,594311.4797910004,9794.942527,6040.606184880052,6040.606184880054,0.010164040894859262,0.61670664919462,0.0,0.0,0.0,0.0,0.0,0.0,0.61670664919462,0.010164040894859262,0.0,0.0,0.0,0.0,0.0,529652.9451015054,0.49999999999999994
2024-12-01 00:00:00+00:00,4.0,3.0,43.547126,2652.3400517299324,3.0,1.0,0.01640307122866422,26.525777623698367,12150.463457461647,596289.8744790962,9762.531381,6075.231728730823,6075.231728730823,0.010188386536058478,0.622300865588462,0.0,0.0,0.0,0.0,2320.0,0.0,0.622300865588462,0.010188386536058478,0.0,0.0,0.0,23.637056763655668,0.0,529679.4708791291,0.5
2024-12-02 00:00:00+00:00,2.0,2.0,191.85682699999998,11977.374026206748,0.0,2.0,0.01570122689211258,110.84709110305863,11708.04345143956,608286.4373256466,9570.373243,5854.021725719779,5854.02172571978,0.009623791303743674,0.6116816530642158,0.0,0.0,0.0,0.0,12000.143834614631,0.0,0.6116816530642158,0.009623791303743674,0.0,0.0,0.0,115.48687987923755,0.0,529790.3179702322,0.49999999999999994
2024-12-03 00:00:00+00:00,0.0,0.0,0.0,0.0,0.0,0.0,0.0,0.0,12666.131329153384,608286.4391501878,9570.373215,6333.065664576692,6333.065664576692,0.010411321471220631,0.6617365407078006,0.0,0.0,0.0,0.0,0.0,0.0,0.6617365407078006,0.010411321471220631,0.0,0.0,0.0,0.0,0.0,529790.3179702322,0.5
2024-12-04 00:00:00+00:00,2.0,2.0,154.483465,9999.960000000001,0.0,2.0,0.015198997995991982,108.25594887567583,13135.639933570337,618286.3991501878,9415.88975,6567.8199667851695,6567.819966785168,0.010622617569806482,0.697525156003995,0.0,0.0,0.0,0.0,20000.0,0.0,0.697525156003995,0.010622617569806482,0.0,0.0,0.0,212.45235139612964,0.0,529898.5739191079,0.5000000000000001
2024-12-05 00:00:00+00:00,2.0,1.0,72.9538,4744.184120160302,2.0,0.0,0.015377685573070666,50.285464207973604,13330.427635955177,613555.7764099236,9488.634239,6665.213817977588,6665.213817977588,0.01086325656809477,0.7024418530732648,0.0,0.0,0.0,0.0,0.0,4744.18412016,0.7024418530732648,0.01086325656809477,0.0,0.0,0.0,0.0,51.53728930357903,529948.8593833159,0.5
2024-12-06 00:00:00+00:00,1.0,1.0,43.239063,2814.36,0.0,1.0,0.01536372852087153,33.99406659259592,15851.146026859537,616373.9152099235,9445.337385,7925.573013429768,7925.573013429769,0.012858384850258453,0.8390989850734452,0.0,0.0,0.0,0.0,2828.5546058399545,0.0,0.8390989850734452,0.012858384850258453,0.0,0.0,0.0,36.37064369186124,0.0,529982.8534499084,0.5
2024-12-07 00:00:00+00:00,0.0,0.0,0.0,0.0,0.0,0.0,0.0,0.0,15012.423523780148,616373.9152099235,9445.337385,7506.211761890074,7506.211761890074,0.012178016584841397,0.7947002267817957,0.0,0.0,0.0,0.0,0.0,0.0,0.7947002267817957,0.012178016584841397,0.0,0.0,0.0,0.0,0.0,529982.8534499084,0.5
2024-12-08 00:00:00+00:00,3.0,3.0,57.205825999999995,3763.252408464474,1.0,2.0,0.015165787685525957,43.983759708458265,14464.431892033746,620126.037736694,9388.301781,7232.215946016874,7232.215946016873,0.011662493599547385,0.7703433607826068,0.0,0.0,0.0,0.0,3759.6963956094405,20.59496547,0.7703433607826068,0.011662493599547385,0.0,0.0,0.0,43.847435150036475,0.2401886529767744,530026.8372096169,0.5000000000000001
2024-12-09 00:00:00+00:00,1.0,1.0,1.333983,88.30281756154895,0.0,1.0,0.015106913197533989,0.935870598311216,12423.58428737268,620217.5732771568,9386.918969,6211.792143686341,6211.792143686339,0.010015504899133961,0.6617498419023946,0.0,0.0,0.0,0.0,0.0,0.0,0.6617498419023946,0.010015504899133961,0.0,0.0,0.0,0.0,0.0,530027.7730802152,0.5000000000000001
2024-12-10 00:00:00+00:00,1.0,1.0,0.380095,25.062601368730725,1.0,0.0,0.015165823946520744,0.2415820012637573,11740.172241053688,620192.5106757882,9387.299064,5870.086120526844,5870.086120526844,0.00946494196476276,0.6253221592820496,0.0,0.0,0.0,0.0,0.0,0.0,0.6253221592820496,0.00946494196476276,0.0,0.0,0.0,0.0,0.0,530028.0146622164,0.5
2024-12-11 00:00:00+00:00,5.0,4.0,1011.352552,75032.28104213749,2.0,3.0,0.013475069034116882,598.5692510618927,11207.512396669723,695038.6494583681,8373.751797,5603.756198334861,5603.756198334861,0.008062510196665717,0.6692049554588513,0.0,0.0,165.58622115567317,2.50633,100000.99152914798,0.0,0.6692049554588513,0.008062510196665717,0.0,3.012289052510142,-3.012289052510142,806.2590138804376,0.0,530626.5839132783,0.5
2024-12-12 00:00:00+00:00,1.0,1.0,106.986269,8750.74133563624,1.0,0.0,0.012225966337767583,71.68300976451103,11105.422735049782,686388.4161513809,8479.498713,5552.71136752489,5552.711367524891,0.008089750987726834,0.6548395790203937,0.0,0.0,0.0,0.0,0.0,0.0,0.6548395790203937,0.008089750987726834,0.0,0.0,0.0,0.0,0.0,530698.2669230428,0.49999999999999994
2024-12-13 00:00:00+00:00,2.0,2.0,106.334747,8734.237852964967,0.0,2.0,0.012021042084168338,68.26122309183793,11011.81533827103,695134.3813377356,8373.022989,5505.907669135514,5505.907669135515,0.00792063781759693,0.6575770395434077,0.0,0.0,0.0,0.0,0.0,0.0,0.6575770395434077,0.00792063781759693,0.0,0.0,0.0,0.0,0.0,530766.5281461347,0.49999999999999994
2024-12-14 00:00:00+00:00,3.0,2.0,258.895457,21287.641476114233,1.0,2.0,0.011961243390736275,165.26368649404296,10363.851446337729,698661.4364147254,8331.263972,5181.925723168864,5181.925723168864,0.0074169339440868665,0.6219855403195073,0.0,0.0,0.0,0.0,3540.0,0.0,0.6219855403195073,0.0074169339440868665,0.0,0.0,0.0,26.255946162067506,0.0,530931.7918326288,0.5
2024-12-15 00:00:00+00:00,3.0,3.0,356.89528700000005,28714.25353933299,1.0,2.0,0.012663175223624446,220.19303242396907,10681.980374869923,678460.8744753925,8580.029675,5340.990187434962,5340.9901874349625,0.007872215463514805,0.6224908758762495,0.0,0.0,0.0,0.0,2263.0,0.0,0.6224908758762495,0.007872215463514805,0.0,0.0,0.0,17.814823593934005,0.0,531151.9848650527,0.5
2024-12-16 00:00:00+00:00,0.0,0.0,0.0,0.0,0.0,0.0,0.0,0.0,9973.054951060203,678466.5868953925,8579.95758,4986.527475530101,4986.527475530102,0.007349702360949036,0.5811832318558038,0.0,0.0,0.0,0.0,0.0,0.0,0.5811832318558038,0.007349702360949036,0.0,0.0,0.0,0.0,0.0,531151.9848650527,0.4999999999999999
2024-12-17 00:00:00+00:00,1.0,1.0,244.726094,19960.000000000004,0.0,1.0,0.012260826352705407,135.39629002508886,9087.458401695876,698453.3868953926,8334.912299,4543.729200847938,4543.729200847938,0.006505415087246835,0.545144212422377,0.0,0.0,0.0,0.0,12000.0,0.0,0.545144212422377,0.006505415087246835,0.0,0.0,0.0,78.06498104696202,0.0,531287.3811550778,0.5
2024-12-18 00:00:00+00:00,1.0,1.0,0.358738,30.12332012921616,0.0,1.0,0.011908979437232264,0.1942504737749378,8394.817263973244,698483.5102155217,8334.553561,4197.408631986623,4197.408631986622,0.006009316713420314,0.5036152928007588,0.0,0.0,0.0,0.0,0.0,0.0,0.5036152928007588,0.006009316713420314,0.0,0.0,0.0,0.0,0.0,531287.5754055516,0.5000000000000001
2024-12-19 00:00:00+00:00,3.0,2.0,647.28947,58932.008265959084,2.0,1.0,0.010171571008240527,277.8819781138827,7148.492675815489,757335.5023957039,7688.077888,3574.2463379077444,3574.2463379077444,0.004719501893944249,0.46490766482564344,0.0,0.0,0.0,0.0,59010.0,0.0,0.46490766482564344,0.004719501893944249,0.0,0.0,0.0,278.49780676165017,0.0,531565.4573836655,0.5
2024-12-20 00:00:00+00:00,2.0,1.0,2.34038,230.01466013075554,2.0,0.0,0.01017772887873313,1.098223858404804,7273.419269557091,757184.5611355731,7689.616758,3636.7096347785455,3636.7096347785455,0.004802936855083865,0.4729376962766114,0.0,0.0,0.0,0.0,0.0,0.0,0.4729376962766114,0.004802936855083865,0.0,0.0,0.0,0.0,0.0,531566.5556075239,0.5
2024-12-21 00:00:00+00:00,0.0,0.0,0.0,0.0,0.0,0.0,0.0,0.0,6781.451853205364,757184.5611355731,7689.616758,3390.725926602682,3390.725926602682,0.004478070606085134,0.4409486237496938,0.0,0.0,0.0,0.0,0.0,0.0,0.4409486237496938,0.004478070606085134,0.0,0.0,0.0,0.0,0.0,531566.5556075239,0.5
2024-12-22 00:00:00+00:00,1.0,1.0,21.816578,2158.674,0.0,1.0,0.010106471843363102,9.60490963140134,6640.2899649109995,759346.1335555732,7667.770971,3320.1449824554998,3320.1449824554998,0.004372373593198145,0.4330000198248618,0.0,0.0,0.0,0.0,2163.0,0.0,0.4330000198248618,0.004372373593198145,0.0,0.0,0.0,9.457444082087587,0.0,531576.1605171553,0.5
2024-12-23 00:00:00+00:00,0.0,0.0,0.0,0.0,0.0,0.0,0.0,0.0,7141.960045291908,759346.1335555732,7667.770971,3570.980022645954,3570.9800226459543,0.004702703898583306,0.46571292180630186,0.0,0.0,0.0,0.0,0.0,0.0,0.46571292180630186,0.004702703898583306,0.0,0.0,0.0,0.0,0.0,531576.1605171553,0.5
2024-12-24 00:00:00+00:00,0.0,0.0,0.0,0.0,0.0,0.0,0.0,0.0,7094.742028536884,759346.1335555732,7667.770971,3547.371014268442,3547.371014268442,0.0046716126645146416,0.4626339294280993,0.0,0.0,0.0,0.0,0.0,0.0,0.4626339294280993,0.0046716126645146416,0.0,0.0,0.0,0.0,0.0,531576.1605171553,0.5
2024-12-25 00:00:00+00:00,1.0,1.0,1447.1,120352.81891617252,1.0,0.0,0.012023814755912996,670.4666996274115,8713.482630138484,638993.3146394006,9114.870971,4356.741315069242,4356.741315069242,0.006818132858757461,0.4779816772975405,0.0,0.0,0.0,0.0,0.0,120352.81891617,0.4779816772975405,0.006818132858757461,0.0,0.0,0.0,0.0,820.5815092964252,532246.6272167828,0.5
2024-12-26 00:00:00+00:00,3.0,2.0,93.460742,6491.9499274191585,2.0,1.0,0.014397797488065007,41.65534936843827,8112.244158937536,636363.0516155575,9152.731927,4056.122079468768,4056.122079468768,0.006373911981802442,0.4431597157897147,0.0,0.0,0.0,0.0,0.0,0.0,0.4431597157897147,0.006373911981802442,0.0,0.0,0.0,0.0,0.0,532288.2825661512,0.5
2024-12-27 00:00:00+00:00,1.0,1.0,22.079357,1541.91,0.0,1.0,0.01431948492454164,9.881947508972337,8109.206529575665,637908.0933571472,9130.607834,4054.603264787833,4054.603264787832,0.006356093153559931,0.44406717915203275,0.0,0.0,0.0,0.0,1545.0,0.0,0.44406717915203275,0.006356093153559931,0.0,0.0,0.0,9.820163922250094,0.0,532298.1645136602,0.5000000000000001
2024-12-28 00:00:00+00:00,2.0,1.0,9.98,695.0976006525102,2.0,0.0,0.01436396574810015,4.673338655239373,8547.88929059891,637212.9957564947,9140.587834,4273.944645299455,4273.944645299455,0.006707246515312292,0.4675787512704356,0.0,0.0,0.0,0.0,0.0,0.0,0.4675787512704356,0.006707246515312292,0.0,0.0,0.0,0.0,0.0,532302.8378523155,0.5
2024-12-29 00:00:00+00:00,3.0,3.0,47.627959999999995,3335.963164143284,2.0,1.0,0.014296522341128179,21.477772523866,8167.634871568329,638406.0017923514,9123.601896,4083.817435784164,4083.817435784165,0.006396896997081288,0.44761021823788755,0.0,0.0,0.0,0.0,2268.0,10.0,0.44761021823788755,0.006396896997081288,0.0,0.0,0.0,14.508162389380361,0.06396896997081289,532324.3156248394,0.49999999999999994
2024-12-30 00:00:00+00:00,1.0,1.0,268.838694,19421.431865866212,0.0,1.0,0.013842372480913344,113.83804386750906,7827.123577723009,657827.4336582177,8854.763202,3913.5617888615047,3913.561788861504,0.0059492225295286845,0.4419724954335943,0.0,0.0,0.0,0.0,10000.57303167524,0.0,0.4419724954335943,0.0059492225295286845,0.0,0.0,0.0,59.49563438823932,0.0,532438.1536687069,0.5000000000000001
2024-12-31 00:00:00+00:00,1.0,1.0,712.094012,57646.91806499719,0.0,1.0,0.01235268139047972,287.0851294508311,7034.339925239423,715491.8660405288,8142.433915,3517.1699626197114,3517.1699626197114,0.004915737172643809,0.43195560434827446,0.0,0.0,0.0,0.0,57762.442950898985,5.0,0.43195560434827446,0.004915737172643809,0.0,0.0,0.0,283.94498799645146,0.024578685863219044,532725.2387981577,0.5
2025-01-01 00:00:00+00:00,1.0,1.0,7.871117,693.7074054512053,0.0,1.0,0.011346450878494545,3.381194541697057,7047.024183721802,716238.1852324763,8133.966463,3523.5120918609014,3523.5120918609,0.00491946975811858,0.43318497904912007,0.0,0.0,0.0,0.0,0.0,0.0,0.43318497904912007,0.00491946975811858,0.0,0.0,0.0,0.0,0.0,532728.6199926994,0.5000000000000001
2025-01-02 00:00:00+00:00,0.0,0.0,0.0,0.0,0.0,0.0,0.0,0.0,7419.476749650552,716238.1852324763,8133.966463,3709.738374825276,3709.738374825276,0.005179475838224362,0.4560798709584348,0.0,0.0,0.0,0.0,0.0,0.0,0.4560798709584348,0.005179475838224362,0.0,0.0,0.0,0.0,0.0,532728.6199926994,0.5
2025-01-03 00:00:00+00:00,1.0,1.0,3.234129,284.0996340066531,1.0,0.0,0.011383784464587737,1.5418276166999243,7875.75988408314,715954.0855984697,8137.200592,3937.8799420415703,3937.8799420415694,0.005500185027577398,0.48393546374081686,0.0,0.0,0.0,0.0,0.0,0.0,0.48393546374081686,0.005500185027577398,0.0,0.0,0.0,0.0,0.0,532730.1618203161,0.5000000000000001
2025-01-04 00:00:00+00:00,1.0,1.0,196.262819,16828.62641025077,1.0,0.0,0.011662438407952953,94.186803152469,7994.545136670284,699125.4591882189,8333.463411,3997.272568335142,3997.272568335142,0.005717532548416312,0.47966522095229025,0.0,0.0,0.0,0.0,0.0,0.0,0.47966522095229025,0.005717532548416312,0.0,0.0,0.0,0.0,0.0,532824.3486234685,0.5
2025-01-05 00:00:00+00:00,4.0,3.0,6.0878,509.3354377639804,4.0,0.0,0.011961094876563688,2.9697533610951106,8395.00342268883,698616.123750455,8339.551211,4197.501711344415,4197.501711344415,0.006008309239715971,0.5033246520277787,0.0,0.0,0.0,0.0,0.0,8.39277808,0.5033246520277787,0.006008309239715971,0.0,0.0,0.0,0.0,0.050426406084949665,532827.3183768296,0.5
2025-01-06 00:00:00+00:00,0.0,0.0,0.0,0.0,0.0,0.0,0.0,0.0,9592.529718121601,698616.123750455,8339.551211,4796.2648590608,4796.2648590608005,0.006865379563976426,0.5751226580075978,0.0,0.0,0.0,0.0,0.0,0.0,0.5751226580075978,0.006865379563976426,0.0,0.0,0.0,0.0,0.0,532827.3183768296,0.4999999999999999
2025-01-07 00:00:00+00:00,0.0,0.0,0.0,0.0,0.0,0.0,0.0,0.0,8439.89604730748,698616.123750455,8339.551211,4219.94802365374,4219.94802365374,0.006040438919444553,0.5060162012180658,0.0,0.0,0.0,0.0,0.0,0.0,0.5060162012180658,0.006040438919444553,0.0,0.0,0.0,0.0,0.0,532827.3183768296,0.5
2025-01-08 00:00:00+00:00,2.0,2.0,2.700726,225.71822953922225,2.0,0.0,0.011965267750435202,1.333649340937119,8017.466645351396,698390.4055209158,8342.251937,4008.733322675698,4008.733322675698,0.005739960473376868,0.4805337159497606,0.0,0.0,0.0,0.0,0.0,833.62641,0.4805337159497606,0.005739960473376868,0.0,0.0,0.0,0.0,4.784982642963059,532828.6520261705,0.5
2025-01-09 00:00:00+00:00,0.0,0.0,0.0,0.0,0.0,0.0,0.0,0.0,7703.965474233231,698390.4055209158,8342.251937,3851.982737116615,3851.982737116616,0.005515514970804183,0.46174375530809575,0.0,0.0,0.0,0.0,0.0,0.0,0.46174375530809575,0.005515514970804183,0.0,0.0,0.0,0.0,0.0,532828.6520261705,0.49999999999999994
2025-01-10 00:00:00+00:00,0.0,0.0,0.0,0.0,0.0,0.0,0.0,0.0,7784.946934582207,698390.4055209158,8342.251937,3892.473467291103,3892.473467291104,0.005573492185059134,0.4665974483492878,0.0,0.0,0.0,0.0,0.0,0.0,0.4665974483492878,0.005573492185059134,0.0,0.0,0.0,0.0,0.0,532828.6520261705,0.49999999999999994
2025-01-11 00:00:00+00:00,0.0,0.0,0.0,0.0,0.0,0.0,0.0,0.0,7721.189716886434,698390.4055209158,8342.251937,3860.5948584432167,3860.5948584432176,0.005527846356313665,0.46277610501314415,0.0,0.0,0.0,0.0,0.0,0.0,0.46277610501314415,0.005527846356313665,0.0,0.0,0.0,0.0,0.0,532828.6520261705,0.49999999999999994
2025-01-12 00:00:00+00:00,1.0,1.0,416.293955,36754.96915743026,0.0,1.0,0.011326195193278876,201.6852034201948,7166.06458960849,735178.5204421151,7925.601353,3583.032294804245,3583.032294804245,0.004873690124474138,0.4520833354112612,0.0,0.0,0.0,0.0,0.0,0.0,0.4520833354112612,0.004873690124474138,0.0,0.0,0.0,0.0,0.0,533030.3372295907,0.5
2025-01-13 00:00:00+00:00,0.0,0.0,0.0,0.0,0.0,0.0,0.0,0.0,6970.859249246634,735178.5204421151,7925.601353,3485.429624623317,3485.429624623317,0.004740929621457494,0.4397684755244486,0.0,0.0,0.0,0.0,0.0,0.0,0.4397684755244486,0.004740929621457494,0.0,0.0,0.0,0.0,0.0,533030.3372295907,0.5
2025-01-14 00:00:00+00:00,0.0,0.0,0.0,0.0,0.0,0.0,0.0,0.0,7123.2609352307445,735178.5204421151,7925.601353,3561.6304676153723,3561.630467615372,0.004844579062883271,0.44938299429698453,0.0,0.0,0.0,0.0,0.0,0.0,0.44938299429698453,0.004844579062883271,0.0,0.0,0.0,0.0,0.0,533030.3372295907,0.5
2025-01-15 00:00:00+00:00,1.0,1.0,1687.44763,128838.3029579138,1.0,0.0,0.013097406526312444,807.468416704588,9200.36499086361,606340.2174842014,9613.048983,4600.182495431804,4600.182495431806,0.007586800879741521,0.4785352184896701,0.0,0.0,0.0,0.0,0.0,10.0,0.4785352184896701,0.007586800879741521,0.0,0.0,0.0,0.0,0.07586800879741522,533837.8056462953,0.4999999999999999
2025-01-16 00:00:00+00:00,8.0,4.0,214.30066399999998,13235.260297449871,6.0,2.0,0.01625892442506513,101.4431420108274,9285.038955804797,594032.3949560748,9812.66316,4642.519477902399,4642.519477902399,0.007815263136020866,0.47311513726742443,0.0,10.0,313.1127433290644,4.996648,0.0,0.0,0.47311513726742443,0.007815263136020866,4.731151372674244,4.811048284755002,-0.07989691208075822,0.0,0.0,533939.2487883061,0.5
2025-01-17 00:00:00+00:00,7.0,4.0,778.8856,46078.2786649644,5.0,2.0,0.01592272493827905,372.73981428369524,9389.75892979867,607901.9848064631,9590.486596,4694.879464899336,4694.879464899335,0.0077230862577197185,0.4895350635136152,13248.958147970367,5.0,6805.822804139354,109.808904,0.0,0.0,0.4895350635136152,0.0077230862577197185,104.7705219192617,106.3172653651246,-1.5467434458629015,0.0,0.0,534311.9886025898,0.5000000000000001
2025-01-18 00:00:00+00:00,0.0,0.0,0.0,0.0,0.0,0.0,0.0,0.0,8784.526280019865,607926.110046987,9590.106764,4392.2631400099335,4392.263140009933,0.007224995056834215,0.45799939959979497,0.0,0.0,0.0,0.0,0.0,0.0,0.45799939959979497,0.007224995056834215,0.0,0.0,0.0,0.0,0.0,534311.9886025898,0.5000000000000001
2025-01-19 00:00:00+00:00,0.0,0.0,0.0,0.0,0.0,0.0,0.0,0.0,7923.142200948123,607926.110046987,9590.106764,3961.571100474062,3961.5711004740615,0.006516533892857258,0.4130893636497644,0.0,0.0,0.0,0.0,0.0,0.0,0.4130893636497644,0.006516533892857258,0.0,0.0,0.0,0.0,0.0,534311.9886025898,0.5000000000000001
2025-01-20 00:00:00+00:00,1.0,1.0,1.57095,99.8,0.0,1.0,0.015740981963927855,0.6911363389748382,7872.693055795659,608026.0000469869,9588.534398,3936.3465278978297,3936.3465278978297,0.006473977309512485,0.410526402107801,0.0,0.0,0.0,0.0,0.0,0.0,0.410526402107801,0.006473977309512485,0.0,0.0,0.0,0.0,0.0,534312.6797389288,0.5
2025-01-21 00:00:00+00:00,0.0,0.0,0.0,0.0,0.0,0.0,0.0,0.0,8139.957836947235,608026.0000469869,9588.534398,4069.978918473618,4069.978918473617,0.0066937580270565716,0.42446308784401326,0.0,0.0,0.0,0.0,0.0,0.0,0.42446308784401326,0.0066937580270565716,0.0,0.0,0.0,0.0,0.0,534312.6797389288,0.5000000000000001
2025-01-22 00:00:00+00:00,1.0,1.0,0.012451,0.7911583566920444,0.0,1.0,0.01573768373257101,0.0053144889258751,8028.529803174656,608026.791918813,9588.521936,4014.264901587328,4014.264901587328,0.006602118450930587,0.41865314887749433,0.0,0.0,0.0,0.0,0.0,15000.0,0.41865314887749433,0.006602118450930587,0.0,0.0,0.0,0.0,99.0317767639588,534312.6850534177,0.5
2025-01-23 00:00:00+00:00,0.0,0.0,0.0,0.0,0.0,0.0,0.0,0.0,7973.1875708383795,608026.791918813,9588.521936,3986.5937854191898,3986.59378541919,0.006556608752121405,0.4157672905196752,0.0,0.0,0.0,0.0,0.0,5.0,0.4157672905196752,0.006556608752121405,0.0,0.0,0.0,0.0,0.03278304376060703,534312.6850534177,0.5
2025-01-24 00:00:00+00:00,1.0,1.0,38.262771,2411.8587458559064,1.0,0.0,0.015864432801358578,16.028561808995395,8031.467635488959,605614.9331729572,9626.784707,4015.73381774448,4015.733817744479,0.006630836853221433,0.4171417498123217,0.0,0.0,0.0,0.0,0.0,20.0,0.4171417498123217,0.006630836853221433,0.0,0.0,0.0,0.0,0.13261673706442867,534328.7136152267,0.5000000000000001
2025-01-25 00:00:00+00:00,0.0,0.0,0.0,0.0,0.0,0.0,0.0,0.0,8034.909084154543,605614.9331729572,9626.784707,4017.454542077272,4017.454542077271,0.006633678137738274,0.41732049322304127,0.0,0.0,0.0,0.0,0.0,0.0,0.41732049322304127,0.006633678137738274,0.0,0.0,0.0,0.0,0.0,534328.7136152267,0.5000000000000001
2025-01-26 00:00:00+00:00,0.0,0.0,0.0,0.0,0.0,0.0,0.0,0.0,7874.46854650348,605614.9331729572,9626.784707,3937.23427325174,3937.23427325174,0.006501217287730433,0.4089874649828647,0.0,0.0,0.0,0.0,0.0,120.0,0.4089874649828647,0.006501217287730433,0.0,0.0,0.0,0.0,0.7801460745276521,534328.7136152267,0.5
2025-01-27 00:00:00+00:00,1.0,1.0,24.843554,1570.0761771070695,0.0,1.0,0.015823151998761793,9.59239848339064,7634.154657576955,607185.0093500642,9601.941153,3817.077328788477,3817.077328788478,0.00628651443960105,0.39753183944434844,0.0,0.0,0.0,0.0,90000.0,17700.0,0.39753183944434844,0.00628651443960105,0.0,0.0,0.0,565.7862995640945,111.27130558093859,534338.3060137101,0.49999999999999994
2025-01-28 00:00:00+00:00,2.0,2.0,627.744337,41565.745009993756,1.0,1.0,0.015015241799265774,242.73504484019384,7161.186997641385,615543.1802404306,9472.808346,3580.5934988206923,3580.5934988206923,0.005816965590329692,0.37798648173143273,0.0,0.0,0.0,0.0,19980.830120960145,120372.81891617,0.37798648173143273,0.005816965590329692,0.0,0.0,0.0,116.22780127984822,700.2045456463479,534581.0410585502,0.5
2025-01-29 00:00:00+00:00,4.0,1.0,1145.255354,84830.0,0.0,4.0,0.01258362913326653,426.8478917977568,6369.062761321019,700373.1802404305,8327.552992,3184.53138066051,3184.531380660509,0.004546906521416618,0.3824090202391724,0.0,0.0,0.0,0.0,20000.0,0.0,0.3824090202391724,0.004546906521416618,0.0,0.0,0.0,90.93813042833236,0.0,535007.888950348,0.5000000000000001
2025-01-30 00:00:00+00:00,7.0,1.0,974.011093,73203.13883727482,7.0,0.0,0.01478043740172313,389.85293751594895,7425.866955887753,631789.624775635,9367.090225,3712.933477943876,3712.933477943877,0.005876850983842028,0.39638066771625197,4543.083372479244,66.658219,0.0,0.0,0.0,130142.52966934,0.39638066771625197,0.005876850983842028,53.12105334322716,0.0,53.12105334322716,0.0,764.8282535269511,535397.741887864,0.49999999999999994
2025-01-31 00:00:00+00:00,5.0,2.0,260.708127,17075.303762300395,4.0,1.0,0.015682649827941146,107.97239463033384,7728.778701325008,614891.3169783391,9625.036266,3864.389350662504,3864.389350662504,0.006284670549021,0.40149348468569235,0.0,0.0,0.0,0.0,0.0,0.0,0.40149348468569235,0.006284670549021,0.0,0.0,0.0,0.0,0.0,535505.7142824943,0.5
2025-02-01 00:00:00+00:00,9.0,3.0,855.5834030000001,53930.51303035523,7.0,2.0,0.016673542935665506,329.32414627528635,7506.715579011888,601045.2531496922,10051.410727,3753.357789505944,3753.357789505944,0.006244717464844795,0.3734160200442025,6340.492705034045,98.074092,0.0,0.0,0.0,89000.0,0.3734160200442025,0.006244717464844795,76.21702263493609,0.0,76.21702263493609,0.0,555.7798543711867,535835.0384287696,0.5
2025-02-02 00:00:00+00:00,4.0,2.0,393.076604,23037.326506996546,3.0,1.0,0.017034150289470768,134.3747686737117,6311.162032015962,600648.5546426957,10058.823471,3155.5810160079805,3155.581016007981,0.005253622924115954,0.3137127344073241,0.0,0.0,0.0,0.0,11343.0,0.0,0.3137127344073241,0.005253622924115954,0.0,0.0,0.0,59.59184482824727,0.0,535969.4131974432,0.49999999999999994
2025-02-03 00:00:00+00:00,1.0,1.0,400.393651,24950.0,0.0,1.0,0.016047841723446893,107.95275962925776,6226.567526388029,625631.2633426957,9657.925877,3113.2837631940147,3113.283763194015,0.004976227924672433,0.3223553175747794,0.0,0.0,0.0,0.0,24999.999999999996,0.0,0.3223553175747794,0.004976227924672433,0.0,0.0,0.0,124.40569811681081,0.0,536077.3659570725,0.5
2025-02-04 00:00:00+00:00,12.0,3.0,744.6855840000001,44711.863348115374,12.0,0.0,0.017874856617514635,220.43862172172422,6766.635163516306,587014.8915071419,10502.611461,3383.317581758153,3383.3175817581537,0.005763597535101016,0.322140602298927,6095.49151256155,100.0,0.0,0.0,0.0,16000.0,0.322140602298927,0.005763597535101016,67.34602008692161,0.0,67.34602008692161,0.0,92.21756056161625,536297.8045787942,0.5
2025-02-05 00:00:00+00:00,10.0,2.0,1097.2752050000001,66592.05921756015,8.0,2.0,0.01656072831832482,319.9129730349122,5978.49074224696,602012.3227540097,9999.371578,2989.24537112348,2989.24537112348,0.004965422231639144,0.29894332336846374,0.0,0.0,7440.530512294041,118.78127599999999,4988.40281406869,0.0,0.29894332336846374,0.004965422231639144,0.0,72.45424502232096,-72.45424502232096,24.76952623334794,0.0,536617.7175518291,0.5
2025-02-06 00:00:00+00:00,9.0,6.0,4107.385158,179635.50003490385,5.0,4.0,0.025167100400801598,1210.1363773530875,6882.087555218988,491271.8696191059,12261.27382,3441.043777609494,3441.0437776094946,0.007004357445252081,0.28064325355793207,0.0,0.0,0.0,0.0,0.0,127661.38464352,0.28064325355793207,0.007004357445252081,0.0,0.0,0.0,0.0,894.185969999029,537827.8539291822,0.5
2025-02-07 00:00:00+00:00,13.0,3.0,666.779053,27757.014933970637,12.0,1.0,0.02441312744842785,187.5560267025498,6869.280827989422,492968.3343920002,12030.788978,3434.640413994711,3434.6404139947103,0.006967263765999911,0.2854875453534624,0.0,0.0,3956.7455538015606,92.373913,0.0,24999.999999999996,0.2854875453534624,0.006967263765999911,0.0,53.93929160534715,-53.93929160534715,0.0,174.18159414999775,538015.4099558847,0.5
2025-02-08 00:00:00+00:00,13.0,2.0,363.677668,14723.10881145692,7.0,6.0,0.02451372444889779,103.70193246461804,7164.637340501396,491974.4735839487,11961.360044,3582.318670250698,3582.318670250698,0.007281513295098682,0.2994909155040144,0.0,0.0,1919.1168809023222,47.616284,0.0,0.0,0.2994909155040144,0.007281513295098682,0.0,28.23471957119773,-28.23471957119773,0.0,0.0,538119.1118883493,0.5
2025-02-09 00:00:00+00:00,4.0,1.0,87.869274,3620.0459164845197,1.0,3.0,0.02414284769539078,26.56566314242638,7014.715014585921,493716.1041674641,11919.340548,3507.3575072929607,3507.3575072929607,0.007103996563383917,0.29425768088163873,0.0,0.0,0.0,0.0,0.0,16730.0,0.29425768088163873,0.007103996563383917,0.0,0.0,0.0,0.0,118.84986250541293,538145.6775514918,0.5
2025-02-10 00:00:00+00:00,5.0,3.0,71.370657,2974.385733761199,4.0,1.0,0.02404377933855296,21.10591253088251,7328.982278545102,495120.920133703,11885.664348,3664.491139272551,3664.491139272551,0.007401204413424883,0.3083118479522918,0.0,0.0,0.0,0.0,2193.0,0.0,0.3083118479522918,0.007401204413424883,0.0,0.0,0.0,16.230841278640767,0.0,538166.7834640227,0.5
2025-02-11 00:00:00+00:00,1.0,1.0,0.119547,4.99,0.0,1.0,0.023957314629258517,0.0372833705646847,7077.565140743767,495125.91463370295,11885.544694,3538.782570371883,3538.782570371884,0.007147237633461168,0.29773835877781135,0.0,0.0,0.0,0.0,0.0,1722.53448846,0.29773835877781135,0.007147237633461168,0.0,0.0,0.0,0.0,12.311363320856094,538166.8207473933,0.49999999999999994
2025-02-12 00:00:00+00:00,4.0,2.0,198.931419,8439.208746449189,1.0,3.0,0.023366756325867724,59.02462245157694,7359.494037020435,500463.2813388965,11689.777138,3679.7470185102175,3679.7470185102175,0.007352681316930462,0.31478333376848144,0.0,0.0,1485.9270313894142,34.595755,4980.241207394544,0.0,0.31478333376848144,0.007352681316930462,0.0,21.8157150151565,-21.8157150151565,36.61812647941707,0.0,538225.8453698449,0.5
2025-02-13 00:00:00+00:00,13.0,2.0,739.066839,31430.755337792925,10.0,3.0,0.0244166328365859,229.37964474348442,7478.2358905973,486741.01178006927,12020.846271,3739.1179452986494,3739.11794529865,0.007681945541478525,0.31105280452002626,0.0,0.0,0.0,0.0,0.0,0.0,0.31105280452002626,0.007681945541478525,0.0,0.0,0.0,0.0,0.0,538455.2250145884,0.49999999999999994
2025-02-14 00:00:00+00:00,8.0,5.0,6608.588156000001,175479.94077495625,4.0,4.0,0.04577350308358836,2074.814099133225,10347.09581427059,357483.7009239094,16355.504724,5173.547907135295,5173.547907135295,0.014472122487722838,0.316318450236736,0.0,0.0,260.1935526328924,12.358664,2010.7904634913332,0.0,0.316318450236736,0.014472122487722838,0.0,7.674826407695519,-7.674826407695519,29.100405884791552,0.0,540530.0391137217,0.5
2025-02-15 00:00:00+00:00,1.0,1.0,2.994,65.29731103002827,1.0,0.0,0.04585181154891891,0.9436105753458084,11058.224674356394,357418.4036128793,16358.498724,5529.112337178196,5529.112337178198,0.015469579297787896,0.3379963180280282,0.0,0.0,0.0,0.0,0.0,0.0,0.3379963180280282,0.015469579297787896,0.0,0.0,0.0,0.0,0.0,540530.9827242971,0.49999999999999994
2025-02-16 00:00:00+00:00,4.0,4.0,110.560458,2431.1768767156054,1.0,3.0,0.04523458116232465,36.370779931673596,10445.873813427712,359415.8344018728,16267.808106,5222.936906713858,5222.936906713855,0.014531738467799243,0.32105965798720587,0.0,0.0,0.0,0.0,6900.0,0.0,0.32105965798720587,0.014531738467799243,0.0,0.0,0.0,100.26899542781477,0.0,540567.3535042288,0.5000000000000002
2025-02-17 00:00:00+00:00,1.0,1.0,116.076333,2541.327904650138,1.0,0.0,0.04567546470001089,37.35440697686151,10643.23349660265,356874.50649722264,16383.884439,5321.616748301324,5321.616748301325,0.014911731298864127,0.32480800069816246,0.0,0.0,0.0,0.0,0.0,0.0,0.32480800069816246,0.014911731298864127,0.0,0.0,0.0,0.0,0.0,540604.7079112056,0.4999999999999999
2025-02-18 00:00:00+00:00,2.0,2.0,115.780309,2544.9705390382223,0.0,2.0,0.045493137141812225,36.14784334059605,10060.211384517243,359421.8303647556,16267.997828,5030.105692258621,5030.105692258621,0.013994992143782334,0.309202505768777,0.0,0.0,0.0,0.0,2545.070383735525,0.0,0.309202505768777,0.013994992143782334,0.0,0.0,0.0,35.61824002575176,0.0,540640.8557545462,0.5
2025-02-19 00:00:00+00:00,3.0,3.0,150.716507,3331.6338243589657,1.0,2.0,0.04534508971986844,47.0402268163867,10253.487935775845,358352.68424039666,16316.835549,5126.743967887923,5126.743967887923,0.014306419885636206,0.3141996468918339,0.0,0.0,0.0,0.0,1135.4644710518219,2208.89982435,0.3141996468918339,0.014306419885636206,0.0,0.0,0.0,16.24443148808918,31.601448372459163,540687.8959813627,0.5
2025-02-20 00:00:00+00:00,5.0,5.0,1085.284194,25585.895125198476,0.0,5.0,0.041762494238476944,353.88448087060107,10466.50705994121,383943.6528181128,15231.327877,5233.253529970605,5233.253529970606,0.013630264471255045,0.34358485171033953,0.0,0.0,0.0,0.0,16150.687817038764,0.0,0.34358485171033953,0.013630264471255045,0.0,0.0,0.0,220.13814633891516,0.0,541041.7804622332,0.5
2025-02-21 00:00:00+00:00,0.0,0.0,0.0,0.0,0.0,0.0,0.0,0.0,10019.128823400828,383961.6528181128,15230.615266,5009.564411700414,5009.564411700414,0.01304704356524245,0.32891411963399103,0.0,0.0,0.0,0.0,0.0,0.0,0.32891411963399103,0.01304704356524245,0.0,0.0,0.0,0.0,0.0,541041.7804622332,0.5
2025-02-22 00:00:00+00:00,35.0,3.0,1685.4451649999999,42780.48200390798,29.0,6.0,0.04259480717466473,571.3816480385201,10829.13831194905,372484.45546548266,15894.232692,5414.5691559745255,5414.569155974524,0.014536362730112055,0.3406625070173928,3499.9999999999995,42.485948,0.0,0.0,10784.804265490035,50.0,0.3406625070173928,0.014536362730112055,65.35063911408277,0.0,65.35063911408277,156.77182677642284,0.7268181365056028,541613.1621102717,0.5000000000000001
2025-02-23 00:00:00+00:00,21.0,2.0,808.8204870000001,19256.201967388748,14.0,7.0,0.04198389999511218,277.0507079439322,11376.272784440047,379706.6079377697,15887.444376,5688.136392220023,5688.136392220024,0.014980346070648985,0.35802714757652754,3587.882715836908,145.180568,0.0,0.0,2060.468275218869,0.0,0.35802714757652754,0.014980346070648985,105.72630938871693,0.0,105.72630938871693,30.86652783037188,0.0,541890.2128182157,0.49999999999999994
2025-02-24 00:00:00+00:00,26.0,2.0,1285.004907,28886.12330050551,21.0,5.0,0.04511493512024048,427.5911950351297,10385.68770243887,367556.8278018999,16435.073814,5192.843851219435,5192.843851219435,0.014128002688112744,0.31596109089549573,0.0,20.0,0.0,0.0,400.0,0.0,0.31596109089549573,0.014128002688112744,6.319221817909915,0.0,6.319221817909915,5.651201075245098,0.0,542317.8040132509,0.5
2025-02-25 00:00:00+00:00,8.0,4.0,596.94537,13796.830167925866,1.0,7.0,0.041880155819112246,177.52267086731501,9899.306307203944,376315.0009610769,15775.131473,4949.653153601972,4949.653153601973,0.01315295202413131,0.3137630365917124,5000.0,217.628643,8227.158464463053,359.833235,0.0,0.0,0.3137630365917124,0.01315295202413131,134.04858399767028,221.1137890582276,-87.06520506055733,0.0,0.0,542495.3266841181,0.5
2025-02-26 00:00:00+00:00,22.0,5.0,2170.71544,56411.74381793019,16.0,6.0,0.03576582280641726,652.7706044239566,9142.687247580276,407806.3219696526,14581.06433,4571.343623790138,4571.343623790138,0.011209594794193308,0.3135123417832241,279.68213618714094,10.0,0.0,0.0,38777.245616020395,0.0,0.3135123417832241,0.011209594794193308,6.27024683566448,0.0,6.27024683566448,434.6772105904975,0.0,543148.0972885421,0.5
2025-02-27 00:00:00+00:00,6.0,2.0,392.011147,10656.578338067135,6.0,0.0,0.03770738487336633,122.74193812648235,9268.479371362595,401827.2093539062,15146.791161,4634.2396856812975,4634.2396856812975,0.011532916581564108,0.30595521100294504,4642.55173848261,175.0,0.0,0.0,0.0,0.0,0.30595521100294504,0.011532916581564108,107.08432385103075,0.0,107.08432385103075,0.0,0.0,543270.8392266686,0.5
2025-02-28 00:00:00+00:00,12.0,3.0,596.304934,15291.215130365705,10.0,2.0,0.039540704896078825,172.80286511948458,9836.809998045163,406605.4022027776,16075.591006,4918.404999022581,4918.404999022581,0.012096260827763744,0.30595484776807597,14300.36387923712,560.0,0.0,0.0,6.0,324.21702196660306,0.30595484776807597,0.012096260827763744,344.31564616530613,0.0,344.31564616530613,0.07257756496658246,3.921813662508838,543443.6420917881,0.5
2025-03-01 00:00:00+00:00,15.0,6.0,959.263321,23994.159308989543,11.0,4.0,0.0415485914492868,287.9230411307735,9959.30229808527,399575.0155020164,16785.621124,4979.651149042635,4979.651149042634,0.012462368656324323,0.2966617149437951,5317.305773223674,205.000066,0.0,0.0,189.52086307036265,2324.1226028499414,0.2966617149437951,0.012462368656324323,127.08189594746628,0.0,127.08189594746628,2.3618788636476213,28.964072679212013,543731.5651329189,0.5
2025-03-02 00:00:00+00:00,10.0,3.0,1193.805115,29510.0137505078,7.0,3.0,0.03905521333551603,366.8044848686032,10470.92160602663,417048.1033702278,16280.276843,5235.460803013316,5235.460803013315,0.012553613745524264,0.3215830328625153,2465.297618719155,100.0,0.0,0.0,10000.0,100.0,0.3215830328625153,0.012553613745524264,63.106697359412536,0.0,63.106697359412536,125.53613745524264,1.2553613745524264,544098.3696177875,0.5000000000000001
2025-03-03 00:00:00+00:00,21.0,4.0,926.197645,23143.338644141582,18.0,3.0,0.04169536647196563,278.3706006643925,9774.446362285857,418186.2603721954,17426.506521,4887.223181142928,4887.223181142929,0.01168671389823565,0.2804476717839877,14633.115565637916,600.0,0.0,0.0,2588.9999999999995,24.0,0.2804476717839877,0.01168671389823565,339.2816381258217,0.0,339.2816381258217,30.256902282532092,0.2804811335576556,544376.740218452,0.5
2025-03-04 00:00:00+00:00,16.0,6.0,6793.213608,221989.62676717035,15.0,1.0,0.03277526683843934,1574.6435260455648,10043.763387305631,554286.6654434076,18132.506812,5021.881693652816,5021.881693652816,0.009060080291910877,0.2769546288177518,139492.7197201415,3395.952,41318.3360299988,1262.704913,0.0,19100.0,0.2769546288177518,0.009060080291910877,2204.3398664444035,724.0594124462098,1480.2804539981937,0.0,173.04753357549777,545951.3837444976,0.5
2025-03-05 00:00:00+00:00,4.0,4.0,10343.620508999998,201799.6857113611,2.0,2.0,0.0795206891054837,2933.8328163077936,16663.188448342768,358854.0594881504,28586.513636,8331.594224171384,8331.594224171384,0.02321722160829143,0.29145191786098446,5492.516756103873,180.0,0.0,0.0,40005.0,252614.99999999997,0.29145191786098446,0.02321722160829143,179.9823239286948,0.0,179.9823239286948,928.8049504396987,5865.018436578539,548885.2165608053,0.5
2025-03-06 00:00:00+00:00,10.0,6.0,2200.257826,30537.55877217223,3.0,7.0,0.06693512024048096,639.360906809894,15311.965148981442,399311.9583480879,26777.546755,7655.98257449072,7655.982574490721,0.019172935882418158,0.2859105296141876,12838.142297047765,194.40669,0.0,0.0,9500.673632978873,2.6814876400684753,0.2859105296141876,0.019172935882418158,301.72779880909854,0.0,301.72779880909854,182.15580640488471,0.051411990592529655,549524.5774676153,0.49999999999999994
2025-03-07 00:00:00+00:00,5.0,3.0,377.928289,5657.508933314706,1.0,4.0,0.06638371833683736,109.82208318542148,15133.095068231438,401431.8786904071,26661.384446,7566.547534115719,7566.547534115719,0.018848895505758283,0.2838017489092141,1869.1099272826768,125.6347,1686.221927922167,113.280575,2011.0,0.0,0.2838017489092141,0.018848895505758283,70.88600529181107,63.93264622136459,6.953359070446481,37.905128862079906,0.0,549634.3995508007,0.5
2025-03-08 00:00:00+00:00,3.0,3.0,1345.533543,19483.742690506857,1.0,2.0,0.07083588343353374,375.1278194310987,15312.502178821154,389835.35479977424,27457.163521,7656.251089410577,7656.251089410577,0.019639704288347454,0.27884348226847483,0.0,0.0,0.0,0.0,950.0,0.0,0.27884348226847483,0.019639704288347454,0.0,0.0,0.0,18.657719073930082,0.0,550009.5273702318,0.5
2025-03-09 00:00:00+00:00,5.0,5.0,4847.037353000001,84806.30542954156,2.0,3.0,0.04555944961574511,1528.0538064670206,9325.632542575073,398054.27722519584,18060.499401,4662.816271287536,4662.816271287536,0.011714021273158152,0.25817759341856067,8171.935141234204,293.169,77007.79223816468,5363.976455,4070.0,0.0,0.25817759341856067,0.011714021273158152,171.41588897221214,2286.9294487825264,-2115.5135598103143,47.67606658175368,0.0,551537.5811766988,0.5
2025-03-10 00:00:00+00:00,11.0,6.0,1016.631972,22065.442356909516,7.0,4.0,0.04518093219948998,266.21944854610155,8813.811296106856,399027.0623393682,17798.925072,4406.905648053428,4406.905648053428,0.011044127238431269,0.2475939209939177,1741.1848871455322,280.0,6244.993062883742,293.617479,7877.0,0.0,0.2475939209939177,0.011044127238431269,88.5561653175658,141.66840088756794,-53.11223557000214,86.99459025712311,0.0,551803.8006252449,0.5
2025-03-11 00:00:00+00:00,3.0,3.0,836.0794050000001,19528.81605332151,1.0,2.0,0.04253927307556289,207.76814917703004,8766.32323193308,416785.9653803234,17042.134978,4383.16161596654,4383.16161596654,0.010516576804516054,0.25719556978188723,0.0,0.0,0.0,0.0,1675.0,0.0,0.25719556978188723,0.010516576804516054,0.0,0.0,0.0,17.61526614756439,0.0,552011.5687744219,0.5
2025-03-12 00:00:00+00:00,17.0,1.0,2486.879818,63591.1323095137,12.0,5.0,0.03386004046928809,638.7072288190236,7502.113485523682,421916.9442740647,14289.667253,3751.056742761841,3751.056742761841,0.008890509835332109,0.26250133584981394,0.0,0.0,33675.61789580765,1313.021774,0.0,0.0,0.26250133584981394,0.008890509835332109,0.0,644.0633817884564,-644.0633817884564,0.0,0.0,552650.276003241,0.5
2025-03-13 00:00:00+00:00,1.0,1.0,70.769376,2104.145949767151,0.0,1.0,0.03363330191417163,18.709796946918047,7614.223921983679,424022.9877502394,14218.834374,3807.11196099184,3807.111960991839,0.00897855085921504,0.26775134028942443,0.0,0.0,0.0,0.0,0.0,0.0,0.26775134028942443,0.00897855085921504,0.0,0.0,0.0,0.0,0.0,552668.9858001879,0.5000000000000001
2025-03-14 00:00:00+00:00,2.0,1.0,104.961066,3159.6680000000006,0.0,2.0,0.03302491920778492,29.383880664952446,8235.010785800398,428685.50515023945,14163.492934,4117.5053929002,4117.505392900199,0.009604955948900479,0.29071256730858896,1499.9999999999995,49.71358,0.0,0.0,4666.0,0.0,0.29071256730858896,0.009604955948900479,28.859796395251635,0.0,28.859796395251635,44.816724457569634,0.0,552698.3696808529,0.5000000000000001
2025-03-15 00:00:00+00:00,10.0,3.0,986.0239999999999,27862.35265098408,10.0,0.0,0.03766382165393748,298.5456924747434,9623.665737492807,419782.8643929676,15828.905684,4811.832868746404,4811.832868746403,0.011462671006603893,0.3039902419540125,18959.711893712185,679.38875,0.0,0.0,1000.0,0.0,0.3039902419540125,0.011462671006603893,423.8564903109517,0.0,423.8564903109517,11.462671006603893,0.0,552996.9153733276,0.5
2025-03-16 00:00:00+00:00,29.0,4.0,1967.58456,49014.34198086053,21.0,8.0,0.03804229699398797,579.3771204978843,9302.581394584982,419838.19041210704,15908.510708,4651.290697292491,4651.290697292491,0.011078769877335009,0.2923775067739981,1000.0,40.119772,0.0,0.0,3440.0,0.0,0.2923775067739981,0.011078769877335009,22.808888787036267,0.0,22.808888787036267,38.11096837803243,0.0,553576.2924938254,0.5
2025-03-17 00:00:00+00:00,10.0,2.0,2037.904628,58067.72663335741,8.0,2.0,0.037151488677544045,573.151108280642,8752.86388017696,400909.67505455104,14964.402471,4376.431940088479,4376.43194008848,0.010916254239793505,0.292456177155734,0.0,0.0,22676.712627927547,808.7696129999999,1500.0,1000.0,0.292456177155734,0.010916254239793505,0.0,484.07442958689546,-484.07442958689546,16.374381359690258,10.916254239793505,554149.4436021061,0.4999999999999999
2025-03-18 00:00:00+00:00,30.0,6.0,1377.007456,34001.94332702209,26.0,4.0,0.04338619378688752,394.09750360490574,9277.921824515171,371552.6871572418,16149.612353,4638.960912257586,4638.960912257587,0.012485338076143071,0.28724905656301025,0.0,0.0,0.0,0.0,0.0,0.0,0.28724905656301025,0.012485338076143071,0.0,0.0,0.0,0.0,0.0,554543.541105711,0.5
2025-03-19 00:00:00+00:00,10.0,5.0,349.396264,8232.902372574086,0.0,10.0,0.041518510282084226,100.17799582589171,9309.84594892464,379794.5948654831,15799.842112,4654.92297446232,4654.92297446232,0.0122564223856609,0.29461832222531514,0.0,0.0,0.0,0.0,0.0,0.0,0.29461832222531514,0.0122564223856609,0.0,0.0,0.0,0.0,0.0,554643.7191015369,0.5
2025-03-20 00:00:00+00:00,10.0,7.0,150.719502,3612.0997090568303,5.0,5.0,0.042028013256595005,44.02741183360395,9208.874976148369,378096.0900519464,15871.121489,4604.437488074184,4604.437488074184,0.012177955840383283,0.2901141857722808,0.0,0.0,0.0,0.0,0.0,0.0,0.2901141857722808,0.012177955840383283,0.0,0.0,0.0,0.0,0.0,554687.7465133705,0.5
2025-03-21 00:00:00+00:00,15.0,7.0,1939.426193,45489.323371523365,11.0,4.0,0.047344068573528436,555.0259324412802,9677.461775248947,356180.7793577258,16851.683088,4838.730887624472,4838.730887624473,0.013585042113585674,0.2871363567874184,0.0,0.0,0.0,0.0,0.0,0.0,0.2871363567874184,0.013585042113585674,0.0,0.0,0.0,0.0,0.0,555242.7724458118,0.4999999999999999
2025-03-22 00:00:00+00:00,4.0,2.0,225.744939,4791.881556084511,2.0,2.0,0.04731432020987648,67.52517095370219,10099.359022373897,355478.9506896629,16985.406411,5049.679511186948,5049.679511186949,0.014205284170525682,0.29729518322956944,0.0,100.0,0.0,0.0,0.0,0.0,0.29729518322956944,0.014205284170525682,29.729518322956945,0.0,29.729518322956945,0.0,0.0,555310.2976167655,0.4999999999999999
2025-03-23 00:00:00+00:00,18.0,4.0,1160.782229,25251.66582631445,16.0,2.0,0.045943774126821664,336.1291044422643,9898.970504126552,364285.9488921164,16717.78315,4949.485252063276,4949.485252063275,0.013586813510419175,0.29606109898986666,3000.0,0.0,0.0,0.0,0.0,0.0,0.29606109898986666,0.013586813510419175,40.76044053125753,0.0,40.76044053125753,0.0,0.0,555646.4267212078,0.5
2025-03-24 00:00:00+00:00,2.0,1.0,115.68007899999999,2499.0232843576305,1.0,1.0,0.04629208649127073,35.094534779897984,10416.10024492936,369419.334414178,17182.548673,5208.05012246468,5208.050122464679,0.014097935969495374,0.30310114183749753,7612.439806419208,350.0,0.0,0.0,0.0,0.0,0.30310114183749753,0.014097935969495374,213.4050886056599,0.0,213.4050886056599,0.0,0.0,555681.5212559877,0.5
2025-03-25 00:00:00+00:00,53.0,7.0,606.516931,12729.517085441401,38.0,15.0,0.04809216811921606,183.56958210893742,10502.97582382066,364506.2375865889,17495.124849,5251.48791191033,5251.48791191033,0.014407127698775888,0.30016864453588044,4750.0326929556495,224.050714,3902.409436212631,184.867482,0.0,1.0,0.30016864453588044,0.014407127698775888,135.68732670944857,111.71393257112467,23.973394138323897,0.0,0.014407127698775888,555865.0908380967,0.5
2025-03-26 00:00:00+00:00,12.0,7.0,563.111811,11990.388351691232,6.0,6.0,0.04648161371944501,166.81815090588253,10008.316621527078,361522.3573035401,16770.967473,5004.158310763539,5004.158310763539,0.013841905513362111,0.2983822083502254,0.0,0.0,9242.105445146592,429.966479,0.0,0.0,0.2983822083502254,0.013841905513362111,0.0,256.2226978368394,-256.2226978368394,0.0,0.0,556031.9089890026,0.5
2025-03-27 00:00:00+00:00,7.0,5.0,63.305472,1357.6221775359709,6.0,1.0,0.0467507874055085,18.895491164026268,10047.742640923285,360267.4556980058,16829.51179,5023.871320461642,5023.871320461642,0.013944838039084227,0.2985155709297995,0.0,0.0,0.0,0.0,0.0,0.0,0.2985155709297995,0.013944838039084227,0.0,0.0,0.0,0.0,0.0,556050.8044801666,0.5
2025-03-28 00:00:00+00:00,36.0,12.0,8290.164138,257063.29834373904,28.0,8.0,0.03551223926276626,2190.052681144919,8013.430057733926,410984.7223542918,14580.632615,4006.7150288669623,4006.715028866964,0.009749060758061341,0.27479706365723855,0.0,0.0,2683.265386889049,92.660235,0.0,0.0,0.27479706365723855,0.009749060758061341,0.0,51.622077782573996,-51.622077782573996,0.0,0.0,558240.8571613115,0.4999999999999999
2025-03-29 00:00:00+00:00,11.0,8.0,330.092715,9453.764850432795,8.0,3.0,0.03519634412003264,88.19658817427559,7520.702025582786,413030.31045783433,14509.080625,3760.351012791393,3760.351012791393,0.00910429795969001,0.2591722459872534,0.0,0.0,0.0,0.0,0.0,0.0,0.2591722459872534,0.00910429795969001,0.0,0.0,0.0,0.0,0.0,558329.0537494859,0.5
2025-03-30 00:00:00+00:00,15.0,6.0,364.798874,10158.870532714267,10.0,5.0,0.036545731892572174,95.88684985502636,7739.436339281745,404810.50632535806,14804.428039,3869.718169640872,3869.718169640873,0.009559332352235607,0.2613892383715664,0.0,0.0,0.0,0.0,59999.99999999999,0.0,0.2613892383715664,0.009559332352235607,0.0,0.0,0.0,573.5599411341364,0.0,558424.940599341,0.49999999999999994
2025-03-31 00:00:00+00:00,23.0,10.0,1937.2719650000001,56698.722222762604,12.0,11.0,0.03121123525474538,543.0684824750041,7142.988688350646,437822.5526513381,13691.750178,3571.4943441753235,3571.494344175323,0.008157401491876775,0.2608500956958757,0.0,0.0,0.0,0.0,50895.36203472687,0.0,0.2608500956958757,0.008157401491876775,0.0,0.0,0.0,415.1739021916896,0.0,558968.009081816,0.5000000000000001
2025-04-01 00:00:00+00:00,23.0,6.0,567.387971,17412.90679493929,19.0,4.0,0.03381512185259717,149.02640531467614,7339.968393813666,421409.0388055043,14226.188601,3669.984196906833,3669.984196906833,0.008708840719955856,0.2579738185566343,0.0,0.0,0.0,0.0,0.0,0.0,0.2579738185566343,0.008708840719955856,0.0,0.0,0.0,0.0,0.0,559117.0354871306,0.5
2025-04-02 00:00:00+00:00,40.0,9.0,3427.4144560000004,88352.68865180912,22.0,18.0,0.04652449695617425,843.4803235178641,8102.299451909523,358716.5857934404,16719.560183,4051.149725954762,4051.1497259547614,0.011293455297011366,0.24230001756109956,0.0,0.0,0.0,0.0,0.0,0.0,0.24230001756109956,0.011293455297011366,0.0,0.0,0.0,0.0,0.0,559960.5158106484,0.5000000000000001
2025-04-03 00:00:00+00:00,22.0,9.0,1877.4717889999997,44296.45490965356,18.0,4.0,0.040833229322159686,446.36028420762034,7903.03133662153,393653.1512110985,16215.899458,3951.5156683107657,3951.515668310764,0.010038064362380134,0.24368155948089032,11940.188979558512,500.0,0.0,0.0,0.0,99413.14189701,0.24368155948089032,0.010038064362380134,241.69716521623548,0.0,241.69716521623548,0.0,997.9155168286155,560406.8760948561,0.5000000000000001
2025-04-04 00:00:00+00:00,24.0,7.0,1175.2910479999998,26821.776936803315,5.0,19.0,0.046159293534598085,283.4374265795035,8233.272251377095,362428.27082785947,16762.882017,4116.636125688547,4116.636125688548,0.011358485132203725,0.24558045099367046,0.0,0.0,9194.412022890292,416.736265,200.0,54220.0,0.24558045099367046,0.011358485132203725,0.0,206.7768721654723,-206.7768721654723,2.2716970264407452,615.857063868086,560690.3135214356,0.4999999999999999
2025-04-05 00:00:00+00:00,20.0,6.0,508.460272,10795.208158821319,11.0,9.0,0.04806506943739967,120.96404338624332,8163.920621951608,355218.83607372217,17104.124236,4081.960310975804,4081.960310975804,0.011491395997166753,0.23865357001934515,0.0,0.0,0.0,0.0,0.0,0.0,0.23865357001934515,0.011491395997166753,0.0,0.0,0.0,0.0,0.0,560811.2775648219,0.5
2025-04-06 00:00:00+00:00,35.0,10.0,7988.540374,247204.4674702332,11.0,24.0,0.02803081072011546,1443.1601867000393,5614.814023038158,465632.0090966377,13061.185922,2807.407011519079,2807.407011519079,0.006029239735828442,0.2149427340124099,0.0,0.0,0.0,0.0,171999.99999999997,0.0,0.2149427340124099,0.006029239735828442,0.0,0.0,0.0,1037.0292345624919,0.0,562254.4377515219,0.5
2025-04-07 00:00:00+00:00,76.0,13.0,4569.449719,131798.67136710824,46.0,30.0,0.03846630247078516,955.9617669785652,6497.592216073727,398108.6060127791,15286.032723,3248.796108036864,3248.796108036863,0.008160577437837602,0.21253363556840943,0.0,0.0,0.0,0.0,0.0,0.0,0.21253363556840943,0.008160577437837602,0.0,0.0,0.0,0.0,0.0,563210.3995185005,0.5000000000000001
2025-04-08 00:00:00+00:00,5.0,4.0,100.602993,2634.1589279722566,1.0,4.0,0.0379496099585482,21.283290891803556,6213.584531777135,397658.4812049727,15111.977395,3106.7922658885677,3106.7922658885677,0.007812714710558818,0.20558476132425207,0.0,0.0,2510.1819677115222,95.565139,0.0,0.0,0.20558476132425207,0.007812714710558818,0.0,39.25807187755326,-39.25807187755326,0.0,0.0,563231.6828093923,0.5
2025-04-09 00:00:00+00:00,17.0,9.0,2238.188464,51829.168022606085,9.0,8.0,0.045664576277191636,473.36246323454725,7466.307939100514,362597.5549384672,16577.646495,3733.153969550257,3733.153969550257,0.010295585060367473,0.22519203619622466,0.0,0.0,0.0,0.0,3.0,1.0,0.22519203619622466,0.010295585060367473,0.0,0.0,0.0,0.03088675518110242,0.010295585060367473,563705.0452726269,0.5
2025-04-10 00:00:00+00:00,17.0,7.0,1033.532617,23840.891011599542,11.0,6.0,0.04220709454874589,218.5269562082221,6787.08203880513,377109.7908223199,15941.700002,3393.541019402565,3393.541019402565,0.008998814408935553,0.2128719659118426,0.0,0.0,0.0,0.0,0.0,0.0,0.2128719659118426,0.008998814408935553,0.0,0.0,0.0,0.0,0.0,563923.5722288351,0.5
2025-04-11 00:00:00+00:00,15.0,9.0,1764.431302,39122.40950691137,6.0,9.0,0.04639657362269702,384.008098340516,7274.441529703293,360351.1644550477,16686.619213,3637.220764851647,3637.220764851646,0.010093545195981669,0.21797229974649424,0.0,0.0,0.0,0.0,0.0,0.0,0.21797229974649424,0.010093545195981669,0.0,0.0,0.0,0.0,0.0,564307.5803271756,0.5000000000000001
2025-04-12 00:00:00+00:00,22.0,9.0,2703.749484,52129.50136922398,12.0,10.0,0.05228095067360299,608.7122761955112,8082.008643135289,338851.5356240493,17750.629088,4041.0043215676446,4041.0043215676446,0.011925589518505468,0.22765414687750385,0.0,0.0,0.0,0.0,0.0,0.0,0.22765414687750385,0.011925589518505468,0.0,0.0,0.0,0.0,0.0,564916.2926033711,0.5
2025-04-13 00:00:00+00:00,25.0,8.0,317.864393,6136.068552249052,11.0,14.0,0.05118414328657315,71.25249680064341,7579.180806571416,342525.4929575831,17560.867944,3789.590403285708,3789.590403285708,0.011063674036533667,0.21579744323403402,0.0,0.0,0.0,0.0,100.0,0.0,0.21579744323403402,0.011063674036533667,0.0,0.0,0.0,1.1063674036533668,0.0,564987.5451001717,0.5
2025-04-14 00:00:00+00:00,14.0,6.0,227.274437,4400.10805884677,6.0,8.0,0.051536020374081504,49.78696632020752,7588.933750627315,341598.41765873804,17608.981661,3794.4668753136575,3794.4668753136575,0.01110797556183175,0.2154847422958911,0.0,0.0,0.0,0.0,2.0,0.0,0.2154847422958911,0.01110797556183175,0.0,0.0,0.0,0.0222159511236635,0.0,565037.332066492,0.5
2025-04-15 00:00:00+00:00,16.0,9.0,5107.096185,125829.65458428672,8.0,8.0,0.03929324699484133,1043.9003878605827,6389.498784939837,394926.03967075056,15240.554277,3194.749392469919,3194.7493924699183,0.008089487832034014,0.2096216013148036,0.0,0.0,0.0,0.0,168301.983442212,0.0,0.2096216013148036,0.008089487832034014,0.0,0.0,0.0,1361.476847162964,0.0,566081.2324543525,0.5000000000000001
2025-04-16 00:00:00+00:00,25.0,10.0,4778.533555,100400.56994398877,14.0,11.0,0.048663873277493386,962.8411824915719,7023.38973721455,351438.5474095837,17135.647994,3511.694868607275,3511.694868607275,0.0099923440228501,0.20493504942660387,0.0,0.0,0.0,0.0,0.0,0.0,0.20493504942660387,0.0099923440228501,0.0,0.0,0.0,0.0,0.0,567044.0736368442,0.5
2025-04-17 00:00:00+00:00,15.0,7.0,1156.562305,22999.593852248865,8.0,7.0,0.049709164931719084,238.12574222766824,7161.469617228979,347455.3951532428,17334.381114,3580.73480861449,3580.7348086144893,0.01030559564929257,0.20656836751573046,0.0,0.0,0.0,0.0,10589.0,0.0,0.20656836751573046,0.01030559564929257,0.0,0.0,0.0,109.12595233035903,0.0,567282.1993790718,0.5000000000000001
2025-04-18 00:00:00+00:00,39.0,13.0,6232.989423,149057.35550105298,22.0,17.0,0.04656671898671235,1279.3640004084887,7089.9299747960395,359445.4690921841,16768.734015,3544.9649873980197,3544.9649873980197,0.009862316518695277,0.21140325705130575,0.0,0.0,0.0,0.0,0.0,0.0,0.21140325705130575,0.009862316518695277,0.0,0.0,0.0,0.0,0.0,568561.5633794803,0.5
2025-04-19 00:00:00+00:00,21.0,7.0,470.847499,10397.31326334765,3.0,18.0,0.044586732037198935,104.98707773267468,7153.171241382997,368042.1809229645,16377.976503,3576.5856206914987,3576.585620691499,0.009717868782654888,0.21837774770505783,0.0,0.0,0.0,0.0,11.063287447306488,182201.69146162856,0.21837774770505783,0.009717868782654888,0.0,0.0,0.0,0.1075115757177174,1770.612129601878,568666.550457213,0.5
2025-04-20 00:00:00+00:00,6.0,4.0,181.89444699999999,4040.196794227551,3.0,3.0,0.045145598610443254,39.5499007690476,7239.903833470974,364245.29282389965,16549.065703,3619.951916735487,3619.951916735487,0.009938225662906815,0.21874056105048065,0.0,0.0,0.0,0.0,0.0,0.0,0.21874056105048065,0.009938225662906815,0.0,0.0,0.0,0.0,0.0,568706.100357982,0.5
2025-04-21 00:00:00+00:00,12.0,6.0,84.95712999999999,1872.1524703687746,5.0,7.0,0.045498383559437666,19.001808793830566,7169.755724308809,364344.4968693644,16544.729895,3584.877862154404,3584.8778621544043,0.009839253489369322,0.21667793218176346,0.0,0.0,0.0,0.0,0.0,0.0,0.21667793218176346,0.009839253489369322,0.0,0.0,0.0,0.0,0.0,568725.1021667758,0.49999999999999994
2025-04-22 00:00:00+00:00,67.0,15.0,5206.906143,103703.86218683861,37.0,30.0,0.05152333567134268,1241.9528302180393,8836.804231555621,342301.18916213006,17620.319564,4418.402115777811,4418.402115777811,0.012907936798563228,0.25075607168924613,0.0,0.0,0.0,0.0,1389.0,51405.163639325816,0.25075607168924613,0.012907936798563228,0.0,0.0,0.0,17.92912421320432,663.5346033762181,569967.0549969939,0.5
2025-04-23 00:00:00+00:00,13.0,8.0,816.680715,15964.258569680258,10.0,3.0,0.050049615027495775,193.7455937154698,8289.415270139378,347507.240858753,17357.948157,4144.707635069689,4144.707635069689,0.011926967693759042,0.23877866194676003,0.0,0.0,0.0,0.0,20.0,20.0,0.23877866194676003,0.011926967693759042,0.0,0.0,0.0,0.23853935387518083,0.23853935387518083,570160.8005907093,0.5
2025-04-24 00:00:00+00:00,24.0,8.0,769.780679,15899.799310843304,18.0,6.0,0.04738211100986965,183.23122765318624,8234.759697089168,357106.02161208267,16892.883684,4117.379848544584,4117.379848544584,0.011529852759014,0.24373457637930326,0.0,0.0,0.0,0.0,0.0,0.0,0.24373457637930326,0.011529852759014,0.0,0.0,0.0,0.0,0.0,570344.0318183625,0.5
2025-04-25 00:00:00+00:00,3.0,3.0,36.701087,772.6132174072673,3.0,0.0,0.04750735901690885,9.054244817052743,8402.63541842897,356334.2079158876,16929.546862,4201.317709214485,4201.317709214485,0.011790385587134545,0.2481648057955259,0.0,0.0,0.0,0.0,0.0,0.0,0.2481648057955259,0.011790385587134545,0.0,0.0,0.0,0.0,0.0,570353.0860631795,0.5
2025-04-26 00:00:00+00:00,56.0,14.0,9182.258405999999,256989.45638455029,26.0,30.0,0.04468540644763915,2258.3853826485447,8309.12061855051,367338.8444019708,16441.562436,4154.560309275255,4154.560309275255,0.011309885607221576,0.25268646610972584,0.0,0.0,0.0,0.0,114010.0,58887.99999999999,0.25268646610972584,0.011309885607221576,0.0,0.0,0.0,1289.4400580793317,666.016543638064,572611.4714458281,0.5
2025-04-27 00:00:00+00:00,12.0,6.0,479.475431,10689.899323489784,9.0,3.0,0.04558068392212719,117.93059371822906,8103.12348205418,363681.69396300206,16607.862996,4051.56174102709,4051.56174102709,0.011140406042651303,0.24395442941713258,0.0,0.0,0.0,0.0,0.0,0.0,0.24395442941713258,0.011140406042651303,0.0,0.0,0.0,0.0,0.0,572729.4020395463,0.5
2025-04-28 00:00:00+00:00,17.0,8.0,752.221239,16132.467463255407,12.0,5.0,0.0472513001688062,180.1263493270955,8019.023853439738,355720.13127038785,16981.091201,4009.511926719869,4009.511926719869,0.011271535047512346,0.23611627069547525,0.0,0.0,0.0,0.0,0.0,0.0,0.23611627069547525,0.011271535047512346,0.0,0.0,0.0,0.0,0.0,572909.5283888733,0.5
2025-04-29 00:00:00+00:00,25.0,10.0,611.876075,12613.920963552697,16.0,9.0,0.048969136684960515,146.17041608256548,8031.479973622626,350336.9078909129,17243.252593,4015.739986811313,4015.739986811313,0.011462509077295747,0.23288761590383047,0.0,0.0,0.0,0.0,0.0,0.0,0.23288761590383047,0.011462509077295747,0.0,0.0,0.0,0.0,0.0,573055.6988049559,0.5
2025-04-30 00:00:00+00:00,19.0,9.0,443.046788,8891.74971239166,7.0,12.0,0.04964659223657652,104.0653200955397,7974.898681474741,348555.7142575973,17332.254406,3987.44934073737,3987.449340737371,0.011439919581379973,0.23005947451111808,0.0,0.0,0.0,0.0,0.0,0.0,0.23005947451111808,0.011439919581379973,0.0,0.0,0.0,0.0,0.0,573159.7641250514,0.49999999999999994
2025-05-01 00:00:00+00:00,28.0,8.0,1388.244124,26271.15870216502,12.0,16.0,0.054596382578469084,327.72886181361457,8550.85768828022,332416.6026296178,18176.556747,4275.42884414011,4275.42884414011,0.012861658564340241,0.23521665316758966,0.0,0.0,0.0,0.0,0.0,171.79357138,0.23521665316758966,0.012861658564340241,0.0,0.0,0.0,0.0,2.2095502586381737,573487.4929868651,0.5
2025-05-02 00:00:00+00:00,32.0,10.0,1419.022277,24918.44631951683,17.0,15.0,0.058361838430693855,325.7655485234098,8510.906202780225,321401.7966046242,18743.002269,4255.453101390112,4255.453101390112,0.013240290335479995,0.22704223369958298,0.0,0.0,508.46586535057213,29.651909,3349.0036858786175,0.0,0.22704223369958298,0.013240290335479995,0.0,13.46447133573942,-13.46447133573942,44.34178113562554,0.0,573813.2585353885,0.5
2025-05-03 00:00:00+00:00,18.0,6.0,456.300397,7779.516730632777,8.0,10.0,0.05968124049455488,101.86233040651047,8228.057207777132,317863.94327069283,18952.533414,4114.028603888567,4114.028603888566,0.01294273443397467,0.21707011479792904,0.0,0.0,0.0,0.0,0.0,67185.0,0.21707011479792904,0.01294273443397467,0.0,0.0,0.0,0.0,869.5576129465882,573915.1208657951,0.5000000000000001
2025-05-04 00:00:00+00:00,37.0,16.0,4560.394726,89990.62168969034,16.0,21.0,0.052906776793154496,928.8734635232913,7582.256993949273,337502.5075043638,17858.696461,3791.1284969746366,3791.128496974637,0.011232889868012666,0.21228472667384998,0.0,0.0,0.0,0.0,76999.0,0.0,0.21228472667384998,0.011232889868012666,0.0,0.0,0.0,864.9212869471073,0.0,574843.9943293184,0.5
2025-05-05 00:00:00+00:00,84.0,20.0,12877.520107999999,322516.5577251111,46.0,38.0,0.050767641309803706,2747.429930641559,7553.259623863516,344539.0792863106,17507.406537,3776.629811931758,3776.629811931758,0.010961397527835714,0.21571612014322405,0.0,0.0,140.62534719065613,6.71454,270000.0,211800.00000000003,0.21571612014322405,0.010961397527835714,0.0,2.9898848503931807,-2.9898848503931807,2959.577332515643,2321.6239963956045,577591.42425996,0.5
2025-05-06 00:00:00+00:00,75.0,17.0,11967.14683,348146.23600866896,37.0,38.0,0.0475689453540139,2401.011460495289,7250.651065116644,356140.2871127275,16963.098718,3625.325532558322,3625.325532558322,0.010179487308075353,0.21371835375286657,0.0,0.0,0.0,0.0,0.0,152000.0,0.21371835375286657,0.010179487308075353,0.0,0.0,0.0,0.0,1547.2820708274537,579992.4357204553,0.5
2025-05-07 00:00:00+00:00,19.0,10.0,819.313044,16499.226331557333,15.0,4.0,0.05133394346273817,176.89530769460254,7659.137750001449,342298.822484898,17650.695274,3829.568875000724,3829.568875000725,0.011187794475015124,0.21696419407578768,0.0,0.0,0.0,0.0,0.0,78600.0,0.21696419407578768,0.011187794475015124,0.0,0.0,0.0,0.0,879.3606457361888,580169.3310281498,0.49999999999999994
2025-05-08 00:00:00+00:00,81.0,20.0,12786.773729999999,287919.62399884564,41.0,40.0,0.05477261289967716,2821.5442040976855,8641.963192850766,332624.39692327933,18190.774999,4320.981596425383,4320.981596425382,0.012990573260391445,0.23753697116603986,0.0,0.0,0.0,0.0,117303.44758629723,56534.91448486135,0.23753697116603986,0.012990573260391445,0.0,0.0,0.0,1523.839029566282,734.4209483855568,582990.8752322475,0.5
2025-05-09 00:00:00+00:00,72.0,8.0,591.398431,10724.32110873848,36.0,36.0,0.054749686175997764,143.6813177370179,9220.028311524937,332194.3051275387,18215.507822,4610.014155762468,4610.014155762468,0.013877462932402032,0.2530818355881722,0.0,0.0,0.0,0.0,0.0,0.0,0.2530818355881722,0.013877462932402032,0.0,0.0,0.0,0.0,0.0,583134.5565499845,0.5
2025-05-10 00:00:00+00:00,12.0,5.0,224.811805,4157.469628332559,2.0,10.0,0.05375617112198169,58.10157186329772,9895.640545529564,335780.4832307873,18021.412172,4947.820272764782,4947.820272764782,0.014735282483240894,0.2745523061978598,0.0,0.0,0.0,0.0,0.0,0.0,0.2745523061978598,0.014735282483240894,0.0,0.0,0.0,0.0,0.0,583192.6581218478,0.5
2025-05-11 00:00:00+00:00,9.0,5.0,137.847518,2579.19951130453,4.0,5.0,0.05329031962324417,36.51662873655547,9458.00887393675,337244.2883791354,17943.465626,4729.004436968374,4729.004436968375,0.014022489334650943,0.26355022689240526,0.0,0.0,0.0,0.0,0.0,0.0,0.26355022689240526,0.014022489334650943,0.0,0.0,0.0,0.0,0.0,583229.1747505843,0.4999999999999999
2025-05-12 00:00:00+00:00,63.0,15.0,7517.392955,160281.11962966027,41.0,22.0,0.05012962397277847,1954.1291924989198,9166.954447458726,347606.9302628564,17423.762554,4583.477223729363,4583.477223729363,0.013185805070869529,0.26305898106245296,0.0,0.0,0.0,0.0,52104.0,0.0,0.26305898106245296,0.013185805070869529,0.0,0.0,0.0,687.0331874125859,0.0,585183.3039430832,0.5
2025-05-13 00:00:00+00:00,38.0,17.0,4870.032725,108563.32028123204,25.0,13.0,0.04640362981822422,1270.7119073886533,8996.486169945725,361739.7836068873,16752.70363,4498.243084972863,4498.243084972863,0.012435024536480701,0.2685084858134545,0.0,0.0,0.0,0.0,49819.0,70000.00000000001,0.2685084858134545,0.012435024536480701,0.0,0.0,0.0,619.5004873829321,870.4517175536492,586454.0158504718,0.5
2025-05-14 00:00:00+00:00,25.0,14.0,874.738882,19377.86577801881,19.0,6.0,0.04392186845879645,224.56554005103084,8384.483503802103,371299.71623497625,16323.093269,4192.241751901051,4192.241751901051,0.011290721669305021,0.2568288793560193,0.0,0.0,0.0,0.0,0.0,0.0,0.2568288793560193,0.011290721669305021,0.0,0.0,0.0,0.0,0.0,586678.5813905229,0.5
2025-05-15 00:00:00+00:00,98.0,15.0,9547.035682,205215.93387607546,58.0,40.0,0.05154016219177191,2306.10610464757,8305.064277648447,343504.0917123681,17663.559766,4152.532138824224,4152.532138824224,0.012088741412435142,0.2350903325170782,0.0,0.0,0.0,0.0,0.0,98855.20980529636,0.2350903325170782,0.012088741412435142,0.0,0.0,0.0,0.0,1195.0350686082506,588984.6874951705,0.5
2025-05-16 00:00:00+00:00,24.0,11.0,3129.949843,64624.066518429834,8.0,16.0,0.048496412412628656,713.3630775672714,8035.740214100312,353422.52516798675,17173.961468,4017.870107050156,4017.870107050156,0.011368460754278198,0.23395127062190027,0.0,0.0,0.0,0.0,46900.0,15000.0,0.23395127062190027,0.011368460754278198,0.0,0.0,0.0,533.1808093756474,170.52691131417296,589698.0505727378,0.5
2025-05-17 00:00:00+00:00,45.0,16.0,7021.650249,167079.8015659508,20.0,25.0,0.04842808335233331,1564.221938592963,7803.027933906624,354529.2946150506,17134.907484,3901.513966953312,3901.513966953312,0.011004771752894474,0.22769390325546926,0.0,0.0,0.0,0.0,144349.1,20900.0,0.22769390325546926,0.011004771752894474,0.0,0.0,0.0,1588.52889823574,229.9997296354945,591262.2725113308,0.5
2025-05-18 00:00:00+00:00,58.0,20.0,7463.867749,184282.02573045567,27.0,31.0,0.044311763730369914,1699.6637256266322,7924.505618900539,370876.8811669839,16394.640139,3962.252809450269,3962.25280945027,0.01068347209182419,0.24167976703707936,0.0,0.0,0.0,0.0,0.0,49999.99999999999,0.24167976703707936,0.01068347209182419,0.0,0.0,0.0,0.0,534.1736045912094,592961.9362369574,0.49999999999999994
2025-05-19 00:00:00+00:00,7.0,5.0,45.515864,1030.9042626369678,1.0,6.0,0.04406105869097704,10.602719752179642,7880.271016339901,371120.95859158,16383.949078,3940.1355081699503,3940.1355081699503,0.010616849889380902,0.2404875338303313,0.0,0.0,0.0,0.0,15000.0,0.0,0.2404875338303313,0.010616849889380902,0.0,0.0,0.0,159.25274834071354,0.0,592972.5389567097,0.5
2025-05-20 00:00:00+00:00,21.0,9.0,1046.549958,23677.751113275357,6.0,15.0,0.04323410868585766,247.1306253133796,7863.07358298788,374669.11938597297,16230.845254,3931.53679149394,3931.53679149394,0.010493356906320823,0.24222625069541806,0.0,0.0,0.0,0.0,0.0,0.0,0.24222625069541806,0.010493356906320823,0.0,0.0,0.0,0.0,0.0,593219.669582023,0.5
2025-05-21 00:00:00+00:00,59.0,20.0,9730.612078,255841.931476855,31.0,28.0,0.04170417182624577,2310.401877710467,7759.904552047088,381715.9912092905,15950.960681,3879.952276023544,3879.952276023544,0.010164500218426036,0.24324254529980457,0.0,0.0,0.0,0.0,103258.0,40000.0,0.24324254529980457,0.010164500218426036,0.0,0.0,0.0,1049.5659635542356,406.58000873704145,595530.0714597335,0.5
2025-05-22 00:00:00+00:00,12.0,6.0,571.2047650000001,13253.472287164024,8.0,4.0,0.043323459991879185,143.63516354860755,8150.303865840468,375713.9538230559,16206.916414,4075.151932920234,4075.151932920234,0.010846421570063497,0.25144523663983365,0.0,0.0,0.0,0.0,0.0,97000.0,0.25144523663983365,0.010846421570063497,0.0,0.0,0.0,0.0,1052.102892296159,595673.7066232822,0.5
2025-05-23 00:00:00+00:00,27.0,9.0,902.870505,19915.468644875782,18.0,9.0,0.047485763704613305,214.68462937990034,7850.695480374634,357922.90289062733,17014.349893,3925.347740187317,3925.347740187317,0.010967020295392522,0.23070806494947385,0.0,0.0,0.0,0.0,0.0,49999.99999999999,0.23070806494947385,0.010967020295392522,0.0,0.0,0.0,0.0,548.351014769626,595888.391252662,0.5
2025-05-24 00:00:00+00:00,27.0,12.0,2316.725074,45081.95947999579,14.0,13.0,0.05305954817982098,537.8793094176223,8360.313045967468,339475.93982220266,17943.545852,4180.156522983734,4180.156522983734,0.012313557553366085,0.23296156498063683,0.0,0.0,0.0,0.0,8969.7,48924.0,0.23296156498063683,0.012313557553366085,0.0,0.0,0.0,110.44891718642778,602.4284897408824,596426.2705620797,0.5
2025-05-25 00:00:00+00:00,15.0,5.0,276.421126,5161.77065622763,9.0,6.0,0.05375287135727145,63.230996940169476,8427.251433569281,336398.92856512166,18108.228393,4213.625716784641,4213.625716784641,0.012525681145173289,0.2326912177898904,0.0,0.0,0.0,0.0,0.0,14000.0,0.2326912177898904,0.012525681145173289,0.0,0.0,0.0,0.0,175.35953603242604,596489.5015590199,0.5
2025-05-26 00:00:00+00:00,2.0,1.0,139.387592,2614.76,0.0,2.0,0.05305278256513026,32.36202575017839,8316.151422295648,339015.85607496765,17968.725469,4158.075711147824,4158.075711147824,0.012265136384146988,0.23140626853704335,0.0,0.0,0.0,0.0,0.0,0.0,0.23140626853704335,0.012265136384146988,0.0,0.0,0.0,0.0,0.0,596521.8635847701,0.5
2025-05-27 00:00:00+00:00,10.0,7.0,426.03673299999997,8080.358383380017,9.0,1.0,0.05292465017119506,100.18283067022463,8415.637410029432,338542.560076702,17994.699871,4207.818705014716,4207.818705014716,0.012429216297240059,0.23383655938579873,0.0,0.0,0.0,0.0,10000.0,24999.999999999996,0.23383655938579873,0.012429216297240059,0.0,0.0,0.0,124.29216297240059,310.7304074310014,596622.0464154404,0.5
2025-05-28 00:00:00+00:00,27.0,11.0,5911.515102,135607.8319883013,14.0,13.0,0.044587247187943116,1314.7768382492218,7600.528366163338,371866.1533000763,16393.489899,3800.264183081669,3800.264183081669,0.010219440918074243,0.23181544664955597,0.0,0.0,0.0,0.0,67966.93014711177,0.0,0.23181544664955597,0.010219440918074243,0.0,0.0,0.0,694.5840270212879,0.0,597936.8232536896,0.5
2025-05-29 00:00:00+00:00,9.0,7.0,514.12649,11349.4023144847,2.0,7.0,0.04583998225705487,118.61651594062053,7488.4591840667845,364423.8976686877,16729.308434,3744.229592033392,3744.2295920333927,0.010274379962417889,0.22381257460850953,0.0,0.0,0.0,0.0,0.0,0.0,0.22381257460850953,0.010274379962417889,0.0,0.0,0.0,0.0,0.0,598055.4397696302,0.49999999999999994
2025-05-30 00:00:00+00:00,19.0,7.0,1259.0961320000001,25838.619979247553,10.0,9.0,0.0508509916679966,268.80746655665297,7239.067591050754,344654.364350458,17466.602948,3619.5337955253767,3619.5337955253776,0.010501923578849253,0.20722597326458547,0.0,0.0,2211.3163585927737,112.066431,0.0,42360.0,0.20722597326458547,0.010501923578849253,0.0,46.44615064086403,-46.44615064086403,0.0,444.8614828000544,598324.2472361869,0.49999999999999994
2025-05-31 00:00:00+00:00,22.0,10.0,907.493789,17507.253237443398,7.0,15.0,0.05301857095863351,186.75458654336717,8264.299283780536,366864.0438185039,19480.092352,4132.149641890268,4132.149641890268,0.011263435900887953,0.21212166591530685,30109.004720754547,1601.94,0.0,0.0,1400.0,0.0,0.21212166591530685,0.011263435900887953,678.9370262081184,0.0,678.9370262081184,15.768810261243134,0.0,598511.0018227303,0.5
2025-06-01 00:00:00+00:00,9.0,6.0,381.21772699999997,7076.132815614099,1.0,8.0,0.054526330670451505,81.33858200674449,7832.010815562768,332048.23551147984,18132.3313,3916.005407781384,3916.005407781384,0.011793483563462564,0.21596811479952296,0.0,0.0,30198.016362744223,1597.227551,0.0,0.0,0.21596811479952296,0.011793483563462564,0.0,701.0900327185265,-701.0900327185265,0.0,0.0,598592.340404737,0.5
2025-06-02 00:00:00+00:00,2.0,2.0,130.112829,2404.721324106924,0.0,2.0,0.05371807318484262,28.00832436081459,7874.724479022569,334455.5824074447,18002.077428,3937.3622395112848,3937.362239511284,0.011772451848971268,0.2187171039153073,0.0,0.0,0.0,0.0,0.0,0.0,0.2187171039153073,0.011772451848971268,0.0,0.0,0.0,0.0,0.0,598620.3487290979,0.5000000000000001
2025-06-03 00:00:00+00:00,14.0,5.0,256.28016,4743.187600640158,9.0,5.0,0.05382982648267667,55.89973253715935,7705.220277458201,334695.0000917644,17989.711658,3852.6101387291,3852.610138729101,0.011510808759236971,0.21415630288970477,0.0,0.0,0.0,0.0,0.0,0.0,0.21415630288970477,0.011510808759236971,0.0,0.0,0.0,0.0,0.0,598676.248461635,0.49999999999999994
2025-06-04 00:00:00+00:00,12.0,4.0,513.163187,9408.379101034285,7.0,5.0,0.054575835003340026,108.78384422014479,7487.015456595714,331978.5187739677,18137.94122,3743.507728297857,3743.507728297857,0.011276355295887917,0.206390994594802,0.0,0.0,0.0,0.0,1600.0,0.0,0.206390994594802,0.011276355295887917,0.0,0.0,0.0,18.042168473420666,0.0,598785.0323058551,0.5
2025-06-05 00:00:00+00:00,12.0,6.0,113.094466,2078.5147973392523,5.0,7.0,0.054424525676147,22.801377207628878,6974.437397859447,332956.7242791881,18084.879546,3487.218698929724,3487.218698929723,0.010473489329519144,0.1928250995567744,0.0,0.0,0.0,0.0,0.0,0.0,0.1928250995567744,0.010473489329519144,0.0,0.0,0.0,0.0,0.0,598807.8336830627,0.5000000000000001
2025-06-06 00:00:00+00:00,7.0,3.0,185.78932300000002,3438.994486037964,4.0,3.0,0.05375505774173745,36.26650580446213,7008.9449668264815,334970.7730574005,17980.561233,3504.472483413241,3504.4724834132403,0.010462024645991178,0.1949033980642066,74.94710739261606,0.0,0.0,0.0,3071.2471073926163,0.0,0.1949033980642066,0.010462024645991178,0.7840984846872968,0.0,0.7840984846872968,32.131462931470665,0.0,598844.1001888672,0.5000000000000001
2025-06-07 00:00:00+00:00,10.0,7.0,926.389169,18158.607464421366,7.0,3.0,0.0501404835036008,180.08982227669094,6940.962962298494,346800.389912677,17369.036372,3470.481481149247,3470.4814811492465,0.010007144115446643,0.19980852171764032,0.0,0.0,0.0,0.0,0.0,0.0,0.19980852171764032,0.010007144115446643,0.0,0.0,0.0,0.0,0.0,599024.1900111439,0.5
2025-06-08 00:00:00+00:00,25.0,11.0,2797.574645,58974.1079442069,10.0,15.0,0.051143854408254266,543.7480052392689,6797.196862849335,342999.0523411284,17567.251858,3398.5984314246675,3398.5984314246675,0.009908477613065252,0.19346215668200661,0.0,0.0,0.0,0.0,10000.0,0.0,0.19346215668200661,0.009908477613065252,0.0,0.0,0.0,99.08477613065251,0.0,599567.9380163832,0.5
2025-06-09 00:00:00+00:00,3.0,3.0,20.546846000000002,400.93276449821883,1.0,2.0,0.051114978984827836,4.0471729272387105,7228.5030654324555,342998.4613318281,17567.323404,3614.251532716228,3614.2515327162273,0.010537223749291637,0.20573717746286146,0.0,0.0,0.0,0.0,0.0,0.0,0.20573717746286146,0.010537223749291637,0.0,0.0,0.0,0.0,0.0,599571.9851893104,0.5000000000000001
2025-06-10 00:00:00+00:00,13.0,6.0,749.001234,14493.74482160429,8.0,5.0,0.05258571060957029,155.00506392389684,7512.006045326612,338271.7576806804,17814.299017,3756.003022663306,3756.003022663306,0.011103507571592404,0.21084203308134614,0.0,0.0,0.0,0.0,4806.0,0.0,0.21084203308134614,0.011103507571592404,0.0,0.0,0.0,53.36345738907309,0.0,599726.9902532343,0.5
2025-06-11 00:00:00+00:00,7.0,4.0,159.404582,3014.3222600514655,5.0,2.0,0.052932418738623754,32.55582767398485,7000.765587097738,337653.8535975347,17847.217948,3500.382793548869,3500.382793548869,0.010366778747685011,0.19613044474201255,0.0,0.0,0.0,0.0,0.0,0.0,0.19613044474201255,0.010366778747685011,0.0,0.0,0.0,0.0,0.0,599759.5460809083,0.5
2025-06-12 00:00:00+00:00,10.0,7.0,711.640363,12933.436932867446,8.0,2.0,0.056408314609059984,132.35242082340665,6735.202568350314,326866.400592398,18437.657241,3367.6012841751567,3367.601284175157,0.010302684148850622,0.18264800349398994,0.0,0.0,0.0,0.0,0.0,0.0,0.18264800349398994,0.010302684148850622,0.0,0.0,0.0,0.0,0.0,599891.8985017317,0.49999999999999994
2025-06-13 00:00:00+00:00,3.0,3.0,23.026688999999998,409.55248317890835,0.0,3.0,0.056184110517954675,4.0218736550551135,6517.889921251448,327277.08657655894,18414.566848,3258.944960625724,3258.944960625724,0.00995775474145016,0.17697646583414897,0.0,0.0,0.0,0.0,0.0,0.0,0.17697646583414897,0.00995775474145016,0.0,0.0,0.0,0.0,0.0,599895.9203753867,0.5
2025-06-14 00:00:00+00:00,5.0,1.0,205.934339,3612.346493861456,5.0,0.0,0.05749102239523193,36.20686561544616,6517.215867127933,323664.7400826975,18620.501187,3258.607933563967,3258.607933563966,0.010067849629624101,0.17500108621345703,0.0,0.0,0.0,0.0,0.0,0.0,0.17500108621345703,0.010067849629624101,0.0,0.0,0.0,0.0,0.0,599932.1272410022,0.5000000000000001
2025-06-15 00:00:00+00:00,6.0,4.0,121.011946,2098.712395681394,3.0,3.0,0.05787774069679453,21.275977798389995,6555.371193689934,322540.031723828,18685.674178,3277.6855968449668,3277.685596844967,0.0101621047760405,0.17541168520983974,0.0,0.0,0.0,0.0,0.0,0.0,0.17541168520983974,0.0101621047760405,0.0,0.0,0.0,0.0,0.0,599953.4032188006,0.49999999999999994
2025-06-16 00:00:00+00:00,5.0,3.0,40.676996,702.8773950740273,1.0,4.0,0.057725450098288264,7.36463437532839,6578.072332805011,322862.1214906197,18667.114597,3289.0361664025054,3289.0361664025054,0.01018712307042207,0.17619413805554543,0.0,0.0,0.0,0.0,0.0,0.0,0.17619413805554543,0.01018712307042207,0.0,0.0,0.0,0.0,0.0,599960.7678531759,0.5
2025-06-17 00:00:00+00:00,15.0,6.0,381.016051,6559.833164438599,6.0,9.0,0.05842634711803804,66.07942022782645,6401.50948904375,321404.0244936504,18752.564276,3200.754744521875,3200.7547445218747,0.009958664175299113,0.17068357678519094,0.0,0.0,0.0,0.0,0.0,0.0,0.17068357678519094,0.009958664175299113,0.0,0.0,0.0,0.0,0.0,600026.8472734037,0.5
2025-06-18 00:00:00+00:00,13.0,7.0,723.013558,12179.21799375862,9.0,4.0,0.06086278928995089,123.0435560398187,6520.211596784824,314987.089144741,19136.04405,3260.105798392412,3260.1057983924115,0.010349966429558474,0.17036466836479777,0.0,0.0,0.0,0.0,0.0,0.0,0.17036466836479777,0.010349966429558474,0.0,0.0,0.0,0.0,0.0,600149.8908294435,0.5
2025-06-19 00:00:00+00:00,1.0,1.0,17.359268,286.57395813059316,0.0,1.0,0.060575176171762606,2.948846058002032,6547.527558749961,315274.06200977165,19118.660597,3273.7637793749805,3273.7637793749805,0.010383866527128112,0.17123395034737332,0.0,0.0,0.0,0.0,0.0,0.0,0.17123395034737332,0.010383866527128112,0.0,0.0,0.0,0.0,0.0,600152.8396755015,0.5
2025-06-20 00:00:00+00:00,13.0,4.0,105.415561,1750.2706448746994,2.0,11.0,0.059985669734502214,18.279502755731617,6415.639970329752,316775.59577133623,19028.247979,3207.819985164876,3207.819985164876,0.010126474475895025,0.16858199392319764,0.0,0.0,0.0,0.0,0.0,0.0,0.16858199392319764,0.010126474475895025,0.0,0.0,0.0,0.0,0.0,600171.1191782572,0.5
2025-06-21 00:00:00+00:00,11.0,6.0,154.710341,2572.8314107923284,4.0,7.0,0.059885100467586466,26.186520269521473,6233.965422112298,316995.7447743062,19015.342409,3116.982711056149,3116.982711056149,0.009832885022716537,0.16391935753840933,0.0,0.0,0.0,0.0,0.0,0.0,0.16391935753840933,0.009832885022716537,0.0,0.0,0.0,0.0,0.0,600197.3056985267,0.5
2025-06-22 00:00:00+00:00,9.0,6.0,509.755181,8281.862479126377,6.0,3.0,0.06311409529988235,77.43044352299783,5938.362869777449,309252.83850624826,19492.461168,2969.1814348887247,2969.181434888724,0.009601145293380174,0.15232460433283362,0.0,0.0,0.0,0.0,0.0,0.0,0.15232460433283362,0.009601145293380174,0.0,0.0,0.0,0.0,0.0,600274.7361420497,0.5
2025-06-23 00:00:00+00:00,16.0,5.0,179.969483,2846.703527587537,6.0,10.0,0.06289258707013916,28.366785281028637,6503.939957752833,309643.7609604041,19468.211415,3251.9699788764165,3251.9699788764165,0.010502294536114565,0.16703999712941356,0.0,0.0,0.0,0.0,0.0,0.0,0.16703999712941356,0.010502294536114565,0.0,0.0,0.0,0.0,0.0,600303.1029273306,0.5
2025-06-24 00:00:00+00:00,37.0,13.0,4732.702014,89403.78054911144,23.0,14.0,0.045468836725726394,709.7993906445577,5366.099906996512,364569.1467324655,16543.749495,2683.049953498256,2683.049953498256,0.007359509101485153,0.16217907278571592,0.0,0.0,0.0,0.0,91611.6519807098,0.0,0.16217907278571592,0.007359509101485153,0.0,0.0,0.0,674.216786554124,0.0,601012.9023179752,0.5
2025-06-25 00:00:00+00:00,35.0,10.0,3486.116964,66230.45135373097,19.0,16.0,0.059469218148773914,545.9275329211968,5720.693684890379,316411.3858093973,19069.082473,2860.3468424451894,2860.3468424451894,0.009039961805193161,0.14999918567110754,0.0,0.0,0.0,0.0,0.0,0.0,0.14999918567110754,0.009039961805193161,0.0,0.0,0.0,0.0,0.0,601558.8298508964,0.5
2025-06-26 00:00:00+00:00,3.0,3.0,21.995811,364.84942373229205,2.0,1.0,0.06038313569613889,3.2250335290927605,5564.347856195624,316310.71791499085,19075.195387,2782.173928097812,2782.173928097812,0.008795699198676938,0.14585297144551929,0.0,0.0,0.0,0.0,0.0,0.0,0.14585297144551929,0.008795699198676938,0.0,0.0,0.0,0.0,0.0,601562.0548844255,0.5
2025-06-27 00:00:00+00:00,5.0,2.0,235.447984,3905.281132741538,3.0,2.0,0.06050788608215383,34.801119113011666,5668.471436775673,315730.73541432444,19110.707401,2834.235718387836,2834.2357183878366,0.00897674949088675,0.14830616464985125,0.0,0.0,0.0,0.0,7500.0,0.0,0.14830616464985125,0.00897674949088675,0.0,0.0,0.0,67.32562118165063,0.0,601596.8560035385,0.49999999999999994
2025-06-28 00:00:00+00:00,2.0,1.0,60.378348,992.3937253472604,2.0,0.0,0.06095973136147774,8.894989608973567,5708.937691835505,314738.34168897715,19171.085749,2854.4688459177523,2854.4688459177523,0.009069339409364125,0.1488944801191892,0.0,0.0,0.0,0.0,0.0,0.0,0.1488944801191892,0.009069339409364125,0.0,0.0,0.0,0.0,0.0,601605.7509931475,0.5
2025-06-29 00:00:00+00:00,28.0,10.0,384.455292,6326.992458304195,23.0,5.0,0.06154350000321454,57.07980060188875,5793.044542032863,313328.63748400414,19258.112723,2896.522271016431,2896.522271016432,0.00924435855680221,0.15040530256929643,0.0,0.0,0.0,0.0,0.0,0.0,0.15040530256929643,0.00924435855680221,0.0,0.0,0.0,0.0,0.0,601662.8307937494,0.49999999999999994
2025-06-30 00:00:00+00:00,11.0,3.0,107.04902799999999,1728.6069653656748,11.0,0.0,0.0622493134805218,15.269293799707441,5469.05800284145,311600.6900725672,19365.121179,2734.529001420725,2734.529001420725,0.008775747578684417,0.14120897959503156,0.0,0.0,0.0,0.0,0.0,0.0,0.14120897959503156,0.008775747578684417,0.0,0.0,0.0,0.0,0.0,601678.1000875492,0.5
2025-07-01 00:00:00+00:00,6.0,4.0,46.068402999999996,741.7124648722229,4.0,2.0,0.06216260375547854,6.4218106348013775,5324.851508960395,311874.7779572568,19348.194586,2662.4257544801976,2662.4257544801976,0.008536842164405771,0.1376059012972032,0.0,0.0,0.0,0.0,0.0,0.0,0.1376059012972032,0.008536842164405771,0.0,0.0,0.0,0.0,0.0,601684.521898184,0.5
2025-07-02 00:00:00+00:00,5.0,3.0,77.062134,1241.85710248735,3.0,2.0,0.06190714656658308,11.11349075582631,5618.105512367025,312207.9808214465,19327.699339,2809.052756183513,2809.0527561835124,0.008997376520589413,0.1453381857257746,0.0,0.0,0.0,0.0,0.0,0.0,0.1453381857257746,0.008997376520589413,0.0,0.0,0.0,0.0,0.0,601695.6353889398,0.5000000000000001
2025-07-03 00:00:00+00:00,1.0,1.0,13.547562,218.24878190137622,1.0,0.0,0.062073940949287705,1.9915336780720476,5653.039765169937,311990.68969713204,19341.187652,2826.5198825849684,2826.519882584969,0.009059628943827907,0.14613993377457815,0.0,0.0,0.0,0.0,0.0,0.0,0.14613993377457815,0.009059628943827907,0.0,0.0,0.0,0.0,0.0,601697.6269226178,0.5
2025-07-04 00:00:00+00:00,7.0,4.0,83.342084,1339.1067353303267,6.0,1.0,0.06242766998887571,11.955814767228881,5474.045215483984,311104.34171899466,19396.458468,2737.0226077419925,2737.022607741992,0.008797764096182917,0.14110939954618482,0.0,0.0,0.0,0.0,0.0,0.0,0.14110939954618482,0.008797764096182917,0.0,0.0,0.0,0.0,0.0,601709.5827373851,0.5000000000000001
2025-07-05 00:00:00+00:00,3.0,2.0,93.661824,1492.065564148519,3.0,0.0,0.06286436342583616,13.217941880495696,5429.618870309738,309612.47894109343,19490.107553,2714.809435154869,2714.809435154869,0.008768410900102596,0.13929166002662688,0.0,0.0,0.0,0.0,0.0,42360.0,0.13929166002662688,0.008768410900102596,0.0,0.0,0.0,0.0,371.42988572834594,601722.8006792655,0.5
2025-07-06 00:00:00+00:00,12.0,4.0,987.571866,16062.243392843531,3.0,9.0,0.06222742041395772,140.51826905068205,5626.097767151939,311180.76733189,19393.853725,2813.0488835759693,2813.0488835759693,0.009039918847477199,0.14504847378268906,0.0,0.0,0.0,0.0,8837.0,0.0,0.14504847378268906,0.009039918847477199,0.0,0.0,0.0,79.885762855156,0.0,601863.3189483162,0.5
2025-07-07 00:00:00+00:00,23.0,8.0,343.918007,5621.003042255031,4.0,19.0,0.060872103953015205,52.60777890633113,5728.224574491158,315044.5568108891,19152.380776,2864.1122872455785,2864.112287245579,0.009091134016845786,0.14954340772269004,0.0,0.0,35.13464878179357,2.173166,0.0,0.0,0.14954340772269004,0.009091134016845786,0.0,0.6443964498971804,-0.6443964498971804,0.0,0.0,601915.9267272225,0.49999999999999994
2025-07-08 00:00:00+00:00,45.0,9.0,606.648315,9725.251005273376,35.0,10.0,0.06302861929257922,89.80881951708368,5852.750797907385,309161.5567724784,19518.051265,2926.375398953693,2926.3753989536926,0.00946552161757713,0.14993174058320585,0.0,0.0,0.0,0.0,0.0,0.0,0.14993174058320585,0.00946552161757713,0.0,0.0,0.0,0.0,0.0,602005.7355467395,0.5000000000000001
2025-07-09 00:00:00+00:00,15.0,10.0,252.609645,3992.141479235402,7.0,8.0,0.06359115933988468,38.172201163975906,6056.145871426461,307558.56744493404,19620.286657,3028.072935713231,3028.0729357132304,0.009845516451936862,0.15433377649622126,0.0,0.0,0.0,0.0,0.0,0.0,0.15433377649622126,0.009845516451936862,0.0,0.0,0.0,0.0,0.0,602043.9077479035,0.5000000000000001
2025-07-10 00:00:00+00:00,20.0,10.0,2061.2479869999997,35073.612772779044,6.0,14.0,0.057187693451065356,318.50685813514195,6156.360245766675,323975.24083342595,18630.061965,3078.180122883338,3078.1801228833374,0.009501281996009086,0.16522651017834858,0.0,0.0,0.0,0.0,0.0,0.0,0.16522651017834858,0.009501281996009086,0.0,0.0,0.0,0.0,0.0,602362.4146060386,0.5000000000000001
2025-07-11 00:00:00+00:00,25.0,7.0,262.956946,4601.034242538056,9.0,16.0,0.057349563870932,44.477525503344275,6297.0206400672505,324707.49312308326,18588.58145,3148.510320033625,3148.5103200336257,0.009696451072781847,0.16937873008236598,0.0,0.0,0.0,0.0,0.0,0.0,0.16937873008236598,0.009696451072781847,0.0,0.0,0.0,0.0,0.0,602406.892131542,0.49999999999999994
2025-07-12 00:00:00+00:00,28.0,13.0,2817.653031,56177.540541861126,13.0,15.0,0.046613050217913496,456.4143716304968,5817.725525955282,360137.8937222946,16765.052226,2908.8627629776406,2908.862762977641,0.008077080511890508,0.173507527669162,0.0,0.0,0.0,0.0,0.0,0.0,0.173507527669162,0.008077080511890508,0.0,0.0,0.0,0.0,0.0,602863.3065031725,0.49999999999999994
2025-07-13 00:00:00+00:00,36.0,11.0,1960.774925,39072.67334573306,16.0,20.0,0.053281079552354206,342.50341358848476,6389.815114409311,336491.13425288285,17947.23585,3194.9075572046554,3194.9075572046554,0.009494774845400799,0.17801669203587445,0.0,0.0,0.0,0.0,0.0,0.0,0.17801669203587445,0.009494774845400799,0.0,0.0,0.0,0.0,0.0,603205.809916761,0.5
2025-07-14 00:00:00+00:00,23.0,8.0,205.822574,3854.3603296181655,10.0,13.0,0.05357231800746781,37.65963669240284,6318.755888985556,335929.8771224002,17977.634254,3159.377944492778,3159.377944492778,0.009404873337126902,0.1757393603549266,0.0,0.0,0.0,0.0,35000.0,1.0504166,0.1757393603549266,0.009404873337126902,0.0,0.0,0.0,329.1705667994416,0.009879035074215494,603243.4695534534,0.5
2025-07-15 00:00:00+00:00,53.0,17.0,9366.82772,226719.1115557133,26.0,27.0,0.044936015736251035,1574.7151247309964,5959.280328096474,366580.8927945701,16492.427205,2979.640164048237,2979.640164048237,0.008128192774406304,0.1806671708785776,0.0,0.0,9.53365059374136,0.430572,121534.99999999999,61800.0,0.1806671708785776,0.008128192774406304,0.0,0.1552815749692938,-0.1552815749692938,987.85990883747,502.32231345830957,604818.1846781843,0.5
2025-07-16 00:00:00+00:00,13.0,7.0,188.953146,4213.880048626412,4.0,9.0,0.0446897632006625,35.01522471970119,6171.8921463845,368008.1884692866,16428.839698,3085.946073192249,3085.9460731922504,0.008385536436099702,0.18783712848375558,0.0,0.0,0.0,0.0,0.0,0.0,0.18783712848375558,0.008385536436099702,0.0,0.0,0.0,0.0,0.0,604853.199902904,0.49999999999999983
2025-07-17 00:00:00+00:00,36.0,4.0,115.170366,2556.7955108438764,36.0,0.0,0.0453594714608304,21.521797448095263,6200.030156417608,365455.4050601358,16543.830048,3100.015078208804,3100.015078208804,0.008482608371050622,0.18738194657551913,0.0,0.0,0.0,0.0,0.0,0.0,0.18738194657551913,0.008482608371050622,0.0,0.0,0.0,0.0,0.0,604874.721700352,0.5
2025-07-18 00:00:00+00:00,15.0,8.0,221.910368,4906.390392287991,9.0,6.0,0.04537201298730282,43.44810421903052,6249.973822860931,365371.45697329135,16548.076014,3124.9869114304656,3124.9869114304656,0.008552903768996116,0.18884291495800873,0.0,0.0,0.0,0.0,0.0,0.0,0.18884291495800873,0.008552903768996116,0.0,0.0,0.0,0.0,0.0,604918.1698045711,0.5
2025-07-19 00:00:00+00:00,10.0,4.0,41.736348,918.6331468326675,7.0,3.0,0.04533812361940493,7.872179838827783,6354.53654762264,364933.8473916443,16568.003189,3177.2682738113194,3177.26827381132,0.008706422538004535,0.19177134610408603,0.0,0.0,0.0,0.0,0.0,0.0,0.19177134610408603,0.008706422538004535,0.0,0.0,0.0,0.0,0.0,604926.0419844099,0.49999999999999994
2025-07-20 00:00:00+00:00,18.0,9.0,915.0187540000001,21060.911788938392,8.0,10.0,0.04220289392865681,189.9777785661367,6412.475136166095,378154.7919522798,15990.535277,3206.237568083048,3206.237568083047,0.008478637944875363,0.200508457818466,0.0,0.0,0.0,0.0,0.0,0.0,0.200508457818466,0.008478637944875363,0.0,0.0,0.0,0.0,0.0,605116.0197629761,0.5000000000000001
2025-07-21 00:00:00+00:00,84.0,15.0,13493.498031,253952.94699762267,43.0,41.0,0.0572151859094235,2738.1276305379347,7610.115031427351,325697.2903931588,18613.779854,3805.0575157136745,3805.057515713676,0.011682803719737667,0.20442153853538725,18220.0,974.65409,17568.701107433008,991.765838,1800.0,0.0,0.20442153853538725,0.011682803719737667,412.1009723912281,407.9899851196752,4.110987271552858,21.0290466955278,0.0,607854.147393514,0.4999999999999999
2025-07-22 00:00:00+00:00,78.0,15.0,15876.422093,237711.9585579576,33.0,45.0,0.08279393433539732,3147.2263699020555,9066.520042798975,270924.827450282,22411.280454,4533.260021399487,4533.260021399487,0.01673253818803814,0.20227581510588719,0.0,0.0,0.0,0.0,0.0,295806.0,0.20227581510588719,0.01673253818803814,0.0,0.0,0.0,0.0,4949.58519125081,611001.3737634161,0.5
2025-07-23 00:00:00+00:00,35.0,9.0,2477.795112,30715.126021401167,22.0,13.0,0.08325330299739138,480.208740923378,8279.589988492819,270453.9269497131,22455.303463,4139.794994246409,4139.79499424641,0.015306840026087485,0.18435711639647281,0.0,0.0,0.0,0.0,2000.0,0.0,0.18435711639647281,0.015306840026087485,0.0,0.0,0.0,30.61368005217497,0.0,611481.5825043394,0.5
2025-07-24 00:00:00+00:00,19.0,7.0,142.067071,1700.070168544329,9.0,10.0,0.083389391074363,25.52033402551071,8239.664879585927,269627.4808001001,22524.416701,4119.832439792964,4119.832439792964,0.015279720107044202,0.18290517772254047,0.0,0.0,0.0,0.0,0.0,0.0,0.18290517772254047,0.015279720107044202,0.0,0.0,0.0,0.0,0.0,611507.1028383649,0.5
2025-07-25 00:00:00+00:00,5.0,4.0,45.398449,544.1485909502744,2.0,3.0,0.08330113121490482,8.322863388266866,8436.504578514146,269839.6369841402,22506.798392,4218.252289257073,4218.252289257073,0.015632441313671797,0.18742125005022675,0.0,0.0,0.0,0.0,0.0,0.0,0.18742125005022675,0.015632441313671797,0.0,0.0,0.0,0.0,0.0,611515.4257017531,0.5
2025-07-26 00:00:00+00:00,22.0,6.0,217.798069,2597.298291116341,18.0,4.0,0.08417341124951193,40.94693990666244,8481.426574927445,268855.95451953955,22589.58209,4240.713287463723,4240.713287463723,0.015773179712690804,0.18772871806871583,0.0,0.0,0.0,0.0,0.0,0.0,0.18772871806871583,0.015773179712690804,0.0,0.0,0.0,0.0,0.0,611556.3726416598,0.5
2025-07-27 00:00:00+00:00,25.0,10.0,231.609275,2735.813684334543,8.0,17.0,0.08468566070810914,43.90773521085142,8821.688123828764,268020.5833618457,22660.453173,4410.844061914382,4410.844061914383,0.016457109400286052,0.1946494197728542,0.0,0.0,0.0,0.0,0.0,0.0,0.1946494197728542,0.016457109400286052,0.0,0.0,0.0,0.0,0.0,611600.2803768707,0.5
2025-07-28 00:00:00+00:00,18.0,6.0,217.87688400000002,2567.4636705484563,10.0,8.0,0.08505894498142884,41.971721041222494,8232.657109073034,267480.96863836405,22706.604777,4116.328554536517,4116.328554536517,0.015389239000782217,0.18128331359807845,0.0,0.0,0.0,0.0,0.0,0.0,0.18128331359807845,0.015389239000782217,0.0,0.0,0.0,0.0,0.0,611642.2520979119,0.5
2025-07-29 00:00:00+00:00,31.0,7.0,970.172363,11695.735396259623,26.0,5.0,0.08180686186756113,176.02932839114942,7925.668436726301,272712.1369886816,22272.956609,3962.83421836315,3962.8342183631503,0.014531198582216454,0.17792133697965623,0.0,0.0,0.0,0.0,0.0,0.0,0.17792133697965623,0.014531198582216454,0.0,0.0,0.0,0.0,0.0,611818.2814263031,0.49999999999999994
2025-07-30 00:00:00+00:00,17.0,5.0,1165.31393,15007.944360007368,16.0,1.0,0.07670085173505573,201.32061393131224,7442.324378905707,281677.5834348891,21566.315938,3721.1621894528535,3721.162189452853,0.013210714690446835,0.17254510228592818,0.0,0.0,0.0,0.0,19005.526623033504,0.0,0.17254510228592818,0.013210714690446835,0.0,0.0,0.0,251.07658975858715,0.0,612019.6020402344,0.5
2025-07-31 00:00:00+00:00,6.0,3.0,330.75921400000004,4384.71474451978,5.0,1.0,0.07476009916223524,57.91239626994964,7145.765364121279,285284.63792689604,21294.293457,3572.882682060639,3572.88268206064,0.012523922451710096,0.16778592298802658,0.0,0.0,0.0,0.0,0.0,0.0,0.16778592298802658,0.012523922451710096,0.0,0.0,0.0,0.0,0.0,612077.5144365043,0.49999999999999994
2025-08-01 00:00:00+00:00,9.0,3.0,105.79323399999998,1418.9422166325405,6.0,3.0,0.07439523607587294,17.329544167307837,6861.752351873624,285920.24406450934,21247.167165,3430.876175936812,3430.876175936812,0.0119994167854821,0.1614745226642929,0.0,0.0,0.0,0.0,0.0,0.0,0.1614745226642929,0.0119994167854821,0.0,0.0,0.0,0.0,0.0,612094.8439806716,0.5
2025-08-02 00:00:00+00:00,8.0,4.0,60.17871100000001,808.4592662309192,5.0,3.0,0.07422151127672683,9.676890877349868,6773.888543944951,285878.5698311349,21250.385193,3386.944271972476,3386.9442719724752,0.011847492709835173,0.1593827237111991,0.0,0.0,0.0,0.0,0.0,0.0,0.1593827237111991,0.011847492709835173,0.0,0.0,0.0,0.0,0.0,612104.5208715489,0.5000000000000001
2025-08-03 00:00:00+00:00,4.0,3.0,19.29817,259.4734883742118,2.0,2.0,0.07450447740714065,3.148827550287857,7120.020006011237,285794.01310106536,21256.711138,3560.0100030056187,3560.010003005618,0.012456559059362424,0.16747699020294313,0.0,0.0,0.0,0.0,0.0,0.0,0.16747699020294313,0.012456559059362424,0.0,0.0,0.0,0.0,0.0,612107.6696990991,0.5000000000000001
2025-08-04 00:00:00+00:00,11.0,5.0,112.64424299999999,1525.3278767245897,1.0,10.0,0.07351560298945964,19.41885029142705,7543.022239804175,287294.5399428975,21145.913636,3771.511119902088,3771.511119902087,0.013127681161819891,0.17835649879328236,0.0,0.0,0.0,0.0,0.0,0.0,0.17835649879328236,0.013127681161819891,0.0,0.0,0.0,0.0,0.0,612127.0885493906,0.5000000000000001
2025-08-05 00:00:00+00:00,41.0,4.0,662.315274,9247.285488166783,20.0,21.0,0.07171338517122694,122.19557089959117,7310.207862423262,291184.4357833588,20864.752772,3655.103931211631,3655.1039312116304,0.012552538810594354,0.17518079275382992,0.0,0.0,0.0,0.0,0.0,0.0,0.17518079275382992,0.012552538810594354,0.0,0.0,0.0,0.0,0.0,612249.2841202902,0.5
2025-08-06 00:00:00+00:00,6.0,3.0,64.528745,895.9855790139392,6.0,0.0,0.07222250714565659,11.273910445769001,7321.50955266384,290289.54248056794,20929.203191,3660.75477633192,3660.7547763319194,0.01261070152596686,0.174911330494709,0.0,0.0,0.0,0.0,0.0,0.0,0.174911330494709,0.01261070152596686,0.0,0.0,0.0,0.0,0.0,612260.5580307359,0.5
2025-08-07 00:00:00+00:00,7.0,4.0,67.541793,931.9319177236781,7.0,0.0,0.0726675605298931,11.909270580275042,7532.3512645636565,289358.67960126995,20996.667567,3766.1756322818287,3766.175632281828,0.013015595860029282,0.17937016053923924,0.0,0.0,0.0,0.0,0.0,0.0,0.17937016053923924,0.013015595860029282,0.0,0.0,0.0,0.0,0.0,612272.4673013162,0.5000000000000001
2025-08-08 00:00:00+00:00,9.0,4.0,133.84149200000002,1830.5234483828458,7.0,2.0,0.07353515699050489,24.18412046925189,7753.423438478215,287641.4896881719,21122.283785,3876.7117192391074,3876.7117192391074,0.01347758184482286,0.18353657959998418,0.0,0.0,0.0,0.0,0.0,0.0,0.18353657959998418,0.01347758184482286,0.0,0.0,0.0,0.0,0.0,612296.6514217855,0.5
2025-08-09 00:00:00+00:00,14.0,4.0,151.79326700000001,2055.469685006205,9.0,5.0,0.07359025239297101,28.163242102921398,7941.318079792995,287120.5378087967,21160.911861,3970.6590398964977,3970.6590398964977,0.01382924074397177,0.18764120686190772,0.0,0.0,0.0,0.0,0.0,0.0,0.18764120686190772,0.01382924074397177,0.0,0.0,0.0,0.0,0.0,612324.8146638884,0.5
2025-08-10 00:00:00+00:00,7.0,3.0,80.525576,1089.544947656308,6.0,1.0,0.07415547629612022,14.890932659168913,7901.736961409952,286397.2774062577,21214.512624,3950.868480704976,3950.868480704976,0.013795062985534689,0.18623423270329362,0.0,0.0,0.0,0.0,0.0,0.0,0.18623423270329362,0.013795062985534689,0.0,0.0,0.0,0.0,0.0,612339.7055965476,0.5
2025-08-11 00:00:00+00:00,13.0,6.0,187.37481300000002,2521.1078188864403,10.0,3.0,0.07447401685487072,34.80105589143912,7642.059223188686,285804.58337836195,21258.8821,3821.0296115943424,3821.029611594344,0.013369378357854669,0.17973803107898811,0.0,0.0,0.0,0.0,0.0,0.0,0.17973803107898811,0.013369378357854669,0.0,0.0,0.0,0.0,0.0,612374.506652439,0.49999999999999994
2025-08-12 00:00:00+00:00,23.0,8.0,1388.039403,19617.709439382317,16.0,7.0,0.06795680975251811,246.1480505673726,7656.142075459264,298849.388680267,20333.629997,3828.071037729632,3828.071037729632,0.01280936546209639,0.1882630419799328,0.0,0.0,0.0,0.0,20275.67476109304,0.0,0.1882630419799328,0.01280936546209639,0.0,0.0,0.0,259.7185280054447,0.0,612620.6547030064,0.5
2025-08-13 00:00:00+00:00,18.0,8.0,541.746449,8020.842966089912,11.0,7.0,0.06639309563612004,101.4894593667334,7705.654810443152,302710.873191668,20075.319726,3852.827405221576,3852.827405221576,0.012727746990383376,0.19191860741483943,0.0,0.0,0.0,0.0,8500.0,0.0,0.19191860741483943,0.012727746990383376,0.0,0.0,0.0,108.1858494182587,0.0,612722.1441623732,0.5
2025-08-14 00:00:00+00:00,9.0,4.0,105.11654,1573.6347369760676,9.0,0.0,0.06713234096691986,20.007039926659985,7060.304482719925,301146.4137593661,20179.823202,3530.1522413599623,3530.152241359962,0.011722378484575826,0.17493474576180096,0.0,0.0,0.0,0.0,0.0,0.0,0.17493474576180096,0.011722378484575826,0.0,0.0,0.0,0.0,0.0,612742.1512022999,0.5
2025-08-15 00:00:00+00:00,16.0,7.0,973.567933,14329.848330329902,12.0,4.0,0.06958990455749951,170.25307374303108,7164.6428085512125,294910.3111112166,20608.509676,3582.3214042756063,3582.3214042756063,0.012147155488655128,0.17382729079373754,0.0,0.0,0.0,0.0,0.0,0.0,0.17382729079373754,0.012147155488655128,0.0,0.0,0.0,0.0,0.0,612912.404276043,0.5
2025-08-16 00:00:00+00:00,3.0,2.0,14.123481,202.6527595495838,0.0,3.0,0.0696645509095772,2.4951090642579272,7290.524968650786,295112.97013724654,20594.385758,3645.262484325393,3645.262484325393,0.012352091751948792,0.17700272914958734,0.0,0.0,0.0,0.0,0.0,0.0,0.17700272914958734,0.012352091751948792,0.0,0.0,0.0,0.0,0.0,612914.8993851072,0.5
2025-08-17 00:00:00+00:00,9.0,5.0,369.525619,5246.750891192003,3.0,6.0,0.07061215279622439,67.07555615992196,7391.733677319411,293561.42347053235,20703.970795,3695.8668386597055,3695.8668386597055,0.012589756497861839,0.17851004888165006,0.0,0.0,0.0,0.0,0.0,0.0,0.17851004888165006,0.012589756497861839,0.0,0.0,0.0,0.0,0.0,612981.9749412672,0.5
2025-08-18 00:00:00+00:00,5.0,3.0,62.286952,878.7601913020306,5.0,0.0,0.07104970720235967,10.560076148829669,7049.2406081642675,292683.3620880575,20766.208326,3524.6203040821338,3524.6203040821338,0.012042434796897362,0.16972864033484578,0.0,0.0,0.0,0.0,0.0,0.0,0.16972864033484578,0.012042434796897362,0.0,0.0,0.0,0.0,0.0,612992.535017416,0.5
2025-08-19 00:00:00+00:00,9.0,6.0,491.75421300000005,6772.187408304383,4.0,5.0,0.07302426784678955,82.82833727640023,6831.6940431787925,288340.88491759915,21079.936749,3415.8470215893963,3415.8470215893963,0.011846558016098073,0.1620425650352788,0.0,0.0,0.0,0.0,0.0,0.0,0.1620425650352788,0.011846558016098073,0.0,0.0,0.0,0.0,0.0,613075.3633546924,0.5
2025-08-20 00:00:00+00:00,1.0,1.0,10.978,149.7838642091359,1.0,0.0,0.07329227389054373,1.812324706594241,7192.0716522158655,288191.7127572421,21090.870072,3596.0358261079323,3596.0358261079327,0.012477929332884906,0.17050201408627466,0.0,0.0,0.0,0.0,0.0,0.0,0.17050201408627466,0.012477929332884906,0.0,0.0,0.0,0.0,0.0,613077.1756793989,0.49999999999999994
2025-08-21 00:00:00+00:00,7.0,4.0,26.544044,363.3968179702434,3.0,4.0,0.07294259770801369,4.461683857485856,6950.489654722245,288410.9973723944,21074.887468,3475.244827361122,3475.2448273611235,0.012049626605860345,0.16489980469114804,0.0,0.0,0.0,0.0,0.0,0.0,0.16489980469114804,0.012049626605860345,0.0,0.0,0.0,0.0,0.0,613081.6373632564,0.49999999999999994
2025-08-22 00:00:00+00:00,17.0,4.0,242.6052,3305.1463576486453,8.0,9.0,0.07301304015403084,41.398188658612646,7558.261294750376,288357.4733816185,21079.284087,3779.130647375188,3779.130647375188,0.013105714247862773,0.1792817361243236,0.0,0.0,0.0,0.0,0.0,0.0,0.1792817361243236,0.013105714247862773,0.0,0.0,0.0,0.0,0.0,613123.0355519151,0.5
2025-08-23 00:00:00+00:00,9.0,6.0,330.56526099999996,4477.281800150302,7.0,2.0,0.07436659225499517,58.49645265187788,7521.213907874711,285073.77346881595,21322.756567,3760.6069539373552,3760.606953937356,0.013191697391793657,0.17636589069151737,0.0,0.0,0.0,0.0,0.0,0.0,0.17636589069151737,0.013191697391793657,0.0,0.0,0.0,0.0,0.0,613181.532004567,0.49999999999999994
2025-08-24 00:00:00+00:00,15.0,7.0,640.159906,8546.83865991661,13.0,2.0,0.07569946507802969,109.89452831060377,7476.940097396593,284361.9938722237,21499.851375,3738.470048698296,3738.470048698297,0.013146869586159092,0.17388352986688016,818.9299655642993,60.70547,0.0,0.0,31500.0,0.0,0.17388352986688016,0.013146869586159092,21.322046863299597,0.0,21.322046863299597,414.1263919640114,0.0,613291.4265328776,0.49999999999999994
2025-08-25 00:00:00+00:00,9.0,4.0,176.646938,2314.385828213776,7.0,2.0,0.07658560491848265,29.77988454395694,6979.712070349369,283013.97513420647,21712.279481,3489.8560351746846,3489.8560351746846,0.012331037834862323,0.16073190464541462,715.4527913886739,54.91938,0.0,0.0,0.0,0.0,0.16073190464541462,0.012331037834862323,17.649571989016888,0.0,17.649571989016888,0.0,0.0,613321.2064174216,0.5
2025-08-26 00:00:00+00:00,75.0,12.0,2285.9529350000003,28275.161720787477,51.0,24.0,0.08245944473284421,377.13103906476783,7536.91469876752,273049.35050949664,22509.259497,3768.45734938376,3768.45734938376,0.013801378184390494,0.16741809520148873,0.0,0.0,0.0,0.0,0.0,0.0,0.16741809520148873,0.013801378184390494,0.0,0.0,0.0,0.0,0.0,613698.3374564863,0.5
2025-08-27 00:00:00+00:00,86.0,11.0,1550.549863,18228.477227627096,61.0,25.0,0.08516259046592646,262.05049584287536,7701.636143131716,267639.7570264081,22759.056228,3850.818071565858,3850.818071565858,0.014388064442854417,0.16919937421782347,0.0,0.0,1212.753443007172,104.688328,0.0,0.0,0.16919937421782347,0.014388064442854417,0.0,35.16237427679101,-35.16237427679101,0.0,0.0,613960.3879523291,0.5
2025-08-28 00:00:00+00:00,153.0,9.0,3431.540151,38335.04191247575,102.0,51.0,0.09029792462567772,587.0175959854935,8167.734421148927,259614.89897061503,23469.456994,4083.867210574464,4083.867210574463,0.01573048090370462,0.17400774170525163,0.0,0.0,0.0,0.0,0.0,0.0,0.17400774170525163,0.01573048090370462,0.0,0.0,0.0,0.0,0.0,614547.4055483146,0.5000000000000001
2025-08-29 00:00:00+00:00,28.0,6.0,477.30796100000003,5348.364113566813,7.0,21.0,0.08870435211722959,80.512232587686,7690.322587324873,262219.1523964039,23237.321726,3845.161293662436,3845.161293662437,0.014663922366164924,0.1654735145040457,0.0,0.0,0.0,0.0,0.0,0.0,0.1654735145040457,0.014663922366164924,0.0,0.0,0.0,0.0,0.0,614627.9177809022,0.49999999999999994
2025-08-30 00:00:00+00:00,51.0,7.0,1623.668249,17897.293407434237,32.0,19.0,0.09349367500120037,270.1087890161421,7939.293656997813,255054.33903332596,23893.388161,3969.646828498907,3969.646828498906,0.015563925881614678,0.16613997151640322,0.0,0.0,0.0,0.0,0.0,0.0,0.16613997151640322,0.015563925881614678,0.0,0.0,0.0,0.0,0.0,614898.0265699184,0.5000000000000001
2025-08-31 00:00:00+00:00,15.0,4.0,584.963518,6244.285686763251,2.0,13.0,0.09509173014426293,98.87205096302115,7971.011770765542,252937.82149436683,24094.497594,3985.505885382771,3985.505885382771,0.015756860171548256,0.16541145420584488,0.0,0.0,0.0,0.0,0.0,0.0,0.16541145420584488,0.015756860171548256,0.0,0.0,0.0,0.0,0.0,614996.8986208814,0.5
2025-09-01 00:00:00+00:00,15.0,5.0,715.064709,7643.177299223123,5.0,10.0,0.0918198989936389,116.34152264656075,7588.76196129202,257577.3622433904,23661.916142,3794.38098064601,3794.38098064601,0.01473103438748867,0.160358145040966,0.0,0.0,0.0,0.0,6000.0,0.0,0.160358145040966,0.01473103438748867,0.0,0.0,0.0,88.38620632493202,0.0,615113.240143528,0.5
2025-09-02 00:00:00+00:00,18.0,6.0,641.036235,7151.16315503071,8.0,10.0,0.08930826494405221,103.39717950832116,7703.542015051162,261403.1363361405,23316.885766,3851.771007525581,3851.771007525581,0.01473498390842777,0.16519234370235328,0.0,0.0,0.0,0.0,0.0,0.0,0.16519234370235328,0.01473498390842777,0.0,0.0,0.0,0.0,0.0,615216.6373230363,0.5
2025-09-03 00:00:00+00:00,17.0,4.0,247.416264,2763.993660386989,9.0,8.0,0.0895091666812146,41.10607351656643,7870.315117170325,260803.97776217203,23370.948972,3935.1575585851633,3935.1575585851615,0.015088564186600121,0.16837816741201866,0.0,0.0,0.0,0.0,0.0,0.0,0.16837816741201866,0.015088564186600121,0.0,0.0,0.0,0.0,0.0,615257.7433965529,0.5000000000000001
2025-09-04 00:00:00+00:00,14.0,6.0,2316.870066,28116.362419026238,10.0,4.0,0.08097047017468396,374.14407678920713,7284.34316151845,274052.8410284506,22245.607016,3642.171580759225,3642.171580759225,0.01329003402077892,0.16372543029010705,0.0,0.0,0.0,0.0,8482.097743636497,0.0,0.16372543029010705,0.01329003402077892,0.0,0.0,0.0,112.72736758050117,0.0,615631.8874733421,0.5
2025-09-05 00:00:00+00:00,2.0,2.0,27.576537000000002,340.8302974038671,0.0,2.0,0.08084280514437363,4.541904017614471,7341.287123757984,274394.1835958406,22217.989083,3670.643561878992,3670.643561878992,0.013377264465946332,0.16521043142862868,0.0,0.0,0.0,0.0,0.0,0.0,0.16521043142862868,0.013377264465946332,0.0,0.0,0.0,0.0,0.0,615636.4293773597,0.5
2025-09-06 00:00:00+00:00,4.0,4.0,268.42523800000004,3296.8886013266597,2.0,2.0,0.08155397348343597,44.202064473082594,7373.133597270127,272897.2844650084,22340.396852,3686.566798635063,3686.566798635064,0.013508990409568418,0.16501796378362132,0.0,0.0,0.0,0.0,0.0,0.0,0.16501796378362132,0.013508990409568418,0.0,0.0,0.0,0.0,0.0,615680.6314418328,0.49999999999999994
2025-09-07 00:00:00+00:00,5.0,4.0,80.21375,985.3488407758528,0.0,5.0,0.08130999487128032,13.347315888849582,7413.539951957027,273884.33402381395,22260.045152,3706.769975978514,3706.7699759785137,0.013534070830265942,0.1665212244929104,0.0,0.0,0.0,0.0,0.0,0.0,0.1665212244929104,0.013534070830265942,0.0,0.0,0.0,0.0,0.0,615693.9787577216,0.5000000000000001
2025-09-08 00:00:00+00:00,5.0,2.0,71.317488,876.2678881295437,3.0,2.0,0.08136912973422761,11.751220760181253,7441.042500847243,273456.6245139844,22295.004869,3720.5212504236215,3720.521250423622,0.013605526130647298,0.16687689786499244,0.0,0.0,0.0,0.0,0.0,0.0,0.16687689786499244,0.013605526130647298,0.0,0.0,0.0,0.0,0.0,615705.7299784818,0.5
2025-09-09 00:00:00+00:00,30.0,6.0,662.739568,8169.5643940839855,19.0,11.0,0.08157737841251991,112.99326047786485,7526.274019658874,273575.0411524316,22286.683509,3763.137009829437,3763.137009829437,0.013755410559301271,0.16885136850037713,0.0,0.0,0.0,0.0,0.0,0.0,0.16885136850037713,0.013755410559301271,0.0,0.0,0.0,0.0,0.0,615818.7232389597,0.5
2025-09-10 00:00:00+00:00,12.0,6.0,533.975786,6677.194548233101,6.0,6.0,0.07991768751058817,91.731834016968,7595.171657145348,276255.2668488226,22071.526725,3797.585828572674,3797.585828572674,0.01374665493943635,0.17205813969684391,0.0,0.0,0.0,0.0,1000.0,0.0,0.17205813969684391,0.01374665493943635,0.0,0.0,0.0,13.74665493943635,0.0,615910.4550729766,0.5
2025-09-11 00:00:00+00:00,12.0,5.0,246.224687,3074.361822710859,8.0,4.0,0.08022725210731198,42.319555270943155,7646.343601579492,275853.8690342921,22104.136631,3823.171800789746,3823.171800789746,0.013859409745362237,0.17296182450428438,0.0,0.0,0.0,0.0,5000.0,0.0,0.17296182450428438,0.013859409745362237,0.0,0.0,0.0,69.29704872681118,0.0,615952.7746282476,0.5
2025-09-12 00:00:00+00:00,41.0,15.0,21629.299426,157080.17702901646,21.0,20.0,0.13631990083328013,3729.6170436891834,10014.784260859618,211822.52755756336,28835.800725,5007.392130429809,5007.392130429809,0.023639563686487675,0.17365191895255785,39.2623928401548,6.503558,0.0,0.0,13445.626099255582,152720.0,0.17365191895255785,0.023639563686487675,2.0575011627479967,0.0,2.0575011627479967,317.8487344780532,3610.234166200398,619682.3916719367,0.5
2025-09-13 00:00:00+00:00,11.0,6.0,118.94560700000001,873.8496267795905,5.0,6.0,0.13575664175719926,20.973331523375148,10205.40537488578,212046.09603613708,28805.65844,5102.702687442891,5102.70268744289,0.024064119938210435,0.1771423728456488,0.0,0.0,0.0,0.0,0.0,5.0,0.1771423728456488,0.024064119938210435,0.0,0.0,0.0,0.0,0.12032059969105217,619703.3650034601,0.5000000000000001
2025-09-14 00:00:00+00:00,4.0,2.0,83.053023,614.3732169033858,0.0,4.0,0.13487439661100448,14.52794965664967,9760.081684156472,212662.01248971,28722.397401,4880.040842078236,4880.040842078236,0.022947402711682535,0.16990367391505878,0.0,0.0,0.0,0.0,0.0,0.0,0.16990367391505878,0.022947402711682535,0.0,0.0,0.0,0.0,0.0,619717.8929531167,0.5
2025-09-15 00:00:00+00:00,21.0,8.0,2107.809206,16581.2766640703,13.0,8.0,0.12341676617474595,334.1683672138285,8915.036593459085,222626.75163273892,27440.873855,4457.518296729542,4457.518296729543,0.02002238394100537,0.16244082897226464,0.0,0.0,0.0,0.0,18704.692682735527,0.0,0.16244082897226464,0.02002238394100537,0.0,0.0,0.0,374.51253839224444,0.0,620052.0613203305,0.5
2025-09-16 00:00:00+00:00,5.0,2.0,47.897168,387.1396016459037,5.0,0.0,0.12384946722049137,7.7631264408741885,8925.970674615104,222241.42727009984,27488.547412,4462.985337307552,4462.985337307552,0.020081698502968523,0.1623579911450416,0.0,0.0,0.0,0.0,0.0,0.0,0.1623579911450416,0.020081698502968523,0.0,0.0,0.0,0.0,0.0,620059.8244467714,0.5
2025-09-17 00:00:00+00:00,9.0,2.0,694.965113,5726.171648495101,5.0,4.0,0.11976008027041073,110.73591285080691,8869.18931646146,226005.7203310356,27032.085401,4434.59465823073,4434.594658230731,0.01962160361133904,0.16404929891449224,0.0,0.0,0.0,0.0,4000.0,0.0,0.16404929891449224,0.01962160361133904,0.0,0.0,0.0,78.48641444535616,0.0,620170.5603596222,0.5
2025-09-18 00:00:00+00:00,6.0,2.0,167.66675800000002,1412.618608200724,5.0,1.0,0.11780599711887485,27.690895358118468,8955.860919790606,229893.69287992292,27074.335601,4477.930459895303,4477.930459895303,0.019478265818428504,0.16539391865002623,4236.0,0.0,0.0,0.0,7000.0,0.0,0.16539391865002623,0.019478265818428504,82.50993400686315,0.0,82.50993400686315,136.34786072899954,0.0,620198.2512549803,0.5
2025-09-19 00:00:00+00:00,9.0,4.0,176.47759,1493.3031921713805,8.0,1.0,0.11838861269656532,28.039565170844327,8583.722373495515,229456.26809678075,27126.302088,4291.8611867477575,4291.8611867477575,0.018704484398471624,0.15821770224428675,0.0,0.0,0.0,0.0,0.0,8.886543201116686,0.15821770224428675,0.018704484398471624,0.0,0.0,0.0,0.0,0.16621820866163112,620226.2908201512,0.5
2025-09-20 00:00:00+00:00,10.0,6.0,951.30049,8285.386794617198,6.0,4.0,0.11302161432904949,149.95216142111735,8419.871294600705,234558.06974417868,26458.209233,4209.935647300353,4209.935647300353,0.017948372664781602,0.1591164243288813,0.0,0.0,345.62871630583425,40.9235,6518.0,0.0,0.1591164243288813,0.017948372664781602,0.0,12.715073994930163,-12.715073994930163,116.98749302904648,0.0,620376.2429815723,0.5
2025-09-21 00:00:00+00:00,4.0,3.0,112.401903,1000.4197344198294,1.0,3.0,0.11214484260751088,17.802064835821714,8257.476077717558,235335.06939129345,26371.080189,4128.738038858779,4128.738038858779,0.017544083206714484,0.1565630990186353,0.0,0.0,0.0,0.0,0.0,0.0,0.1565630990186353,0.017544083206714484,0.0,0.0,0.0,0.0,0.0,620394.0450464081,0.5
2025-09-22 00:00:00+00:00,20.0,4.0,223.894368,1978.9191370268177,17.0,3.0,0.1140363972940307,33.030657319797996,7681.278902442385,233480.03097198837,26581.052929,3840.6394512211928,3840.639451221192,0.016449541467132883,0.14448785988575508,0.0,0.0,0.0,0.0,0.0,0.0,0.14448785988575508,0.016449541467132883,0.0,0.0,0.0,0.0,0.0,620427.0757037279,0.5000000000000001
2025-09-23 00:00:00+00:00,2.0,2.0,115.93054500000001,1011.8638834452606,2.0,0.0,0.11463500611764701,16.652205496103594,7592.87035122425,232469.02504516943,26696.885886,3796.435175612125,3796.435175612125,0.016330929141525268,0.14220516924046925,0.0,0.0,0.0,0.0,0.0,0.0,0.14220516924046925,0.016330929141525268,0.0,0.0,0.0,0.0,0.0,620443.727909224,0.5
2025-09-24 00:00:00+00:00,6.0,4.0,70.795162,619.3078234952835,1.0,5.0,0.11447356158443707,10.185885496566137,7575.84512305666,233072.10711439716,26627.94871,3787.92256152833,3787.92256152833,0.01625214878101707,0.14225363743868838,0.0,0.0,0.0,0.0,0.0,0.0,0.14225363743868838,0.01625214878101707,0.0,0.0,0.0,0.0,0.0,620453.9137947205,0.5
2025-09-25 00:00:00+00:00,19.0,4.0,755.003514,6784.669960827508,9.0,10.0,0.11063818509085134,103.0365578855853,7110.502022248069,237022.35933997703,26185.663057,3555.251011124034,3555.2510111240344,0.014999644004152787,0.13577089888406083,0.0,0.0,0.0,0.0,5000.0,0.0,0.13577089888406083,0.014999644004152787,0.0,0.0,0.0,74.99822002076394,0.0,620556.9503526061,0.49999999999999994
2025-09-26 00:00:00+00:00,18.0,4.0,2977.428834,24428.307875929953,13.0,5.0,0.1283486643488089,410.77659099806505,7768.511437579444,220126.36326033584,28201.508663,3884.255718789723,3884.2557187897214,0.017645572575947878,0.13773219600431563,0.0,0.0,0.0,0.0,0.0,0.0,0.13773219600431563,0.017645572575947878,0.0,0.0,0.0,0.0,0.0,620967.7269436042,0.5000000000000001
2025-09-27 00:00:00+00:00,7.0,3.0,207.5471,1629.204614881333,5.0,2.0,0.12769408270397778,28.5582184479901,7735.575868824639,220633.46156210208,28137.108224,3867.787934412319,3867.7879344123194,0.017530377790513186,0.13746216930399505,0.0,0.0,0.0,0.0,0.0,0.0,0.13746216930399505,0.017530377790513186,0.0,0.0,0.0,0.0,0.0,620996.2851620521,0.49999999999999994
2025-09-28 00:00:00+00:00,8.0,4.0,881.560501,7058.469049585325,6.0,2.0,0.12381777935199678,119.34277512203916,7644.576377116755,224087.4845571151,27705.150907,3822.2881885583774,3822.2881885583774,0.017057124792634985,0.13796308857471828,0.0,0.0,0.0,0.0,0.0,0.0,0.13796308857471828,0.017057124792634985,0.0,0.0,0.0,0.0,0.0,621115.6279371742,0.5
2025-09-29 00:00:00+00:00,9.0,3.0,228.680485,1862.0387015593842,8.0,1.0,0.12322180232975984,31.396843580375528,7649.097115813755,224633.5419663357,27638.263558,3824.5485579068777,3824.5485579068777,0.017025723426824818,0.13837875704025002,0.0,0.0,0.0,0.0,1037.77777,434.0,0.13837875704025002,0.017025723426824818,0.0,0.0,0.0,17.668917290527016,7.389163967241971,621147.0247807546,0.5
2025-09-30 00:00:00+00:00,11.0,5.0,162.464303,1315.5576165809243,9.0,2.0,0.12360657501157912,22.03274972426821,7570.966005969984,223960.37147705973,27721.663347,3785.483002984992,3785.483002984992,0.016902467959036847,0.13655324197545496,0.0,0.0,0.0,0.0,1200.0,1400.0,0.13655324197545496,0.016902467959036847,0.0,0.0,0.0,20.282961550844217,23.663455142651586,621169.0575304788,0.5
2025-10-01 00:00:00+00:00,41.0,8.0,1720.947684,14182.432045150423,17.0,24.0,0.12001554532274118,248.53897325984823,8182.606931444803,227289.50221444093,27319.046704,4091.303465722401,4091.303465722402,0.01800040664378057,0.14976011096036385,0.0,0.0,0.0,0.0,0.0,0.0,0.14976011096036385,0.01800040664378057,0.0,0.0,0.0,0.0,0.0,621417.5965037387,0.49999999999999994
2025-10-02 00:00:00+00:00,106.0,16.0,41665.4957,189596.97127158812,62.0,44.0,0.2270063022914671,6647.479052350283,12882.542449073817,165828.78374755604,37570.188054,6441.271224536908,6441.271224536908,0.03884290217277698,0.1714463397223034,140.20667967775356,18.982680000000002,0.0,0.0,4200.0,176495.0,0.1714463397223034,0.03884290217277698,8.700545346812634,0.0,8.700545346812634,163.1401891256633,6855.578018984273,628065.0755560889,0.5
2025-10-03 00:00:00+00:00,30.0,8.0,3369.6522210000003,16107.384221617387,14.0,16.0,0.197556517239671,571.8311748515295,12562.237356975053,177484.56934108277,35109.377242,6281.118678487526,6281.118678487525,0.03538966064377531,0.1789014551637693,0.0,0.0,0.0,0.0,9913.64969,0.0,0.1789014551637693,0.03538966064377531,0.0,0.0,0.0,350.8406982703683,0.0,628636.9067309404,0.5
2025-10-04 00:00:00+00:00,6.0,5.0,54.022425999999996,273.7785486833404,1.0,5.0,0.197805382675254,9.487684688851015,12161.579624775706,177638.88321587103,35078.986749,6080.789812387852,6080.789812387854,0.0342311869017907,0.17334565151204656,0.0,0.0,0.0,0.0,0.0,0.0,0.17334565151204656,0.0342311869017907,0.0,0.0,0.0,0.0,0.0,628646.3944156293,0.49999999999999994
2025-10-05 00:00:00+00:00,5.0,4.0,335.041476,1715.3155376215057,2.0,3.0,0.19426059494540648,57.61394944905175,11943.919056380753,179280.41060122786,34758.462987,5971.959528190376,5971.959528190378,0.03331071982802272,0.1718131072258272,0.0,0.0,0.0,0.0,2330.0,0.0,0.1718131072258272,0.03331071982802272,0.0,0.0,0.0,77.61397719929295,0.0,628704.0083650784,0.49999999999999994
2025-10-06 00:00:00+00:00,19.0,4.0,301.487471,1539.8846307437807,16.0,3.0,0.19595278436849792,51.194478958791244,12104.8921233967,178151.9627696846,34979.235331,6052.44606169835,6052.44606169835,0.03397350199011263,0.1730296847379745,0.0,0.0,0.0,0.0,0.0,0.0,0.1730296847379745,0.03397350199011263,0.0,0.0,0.0,0.0,0.0,628755.2028440372,0.5
2025-10-07 00:00:00+00:00,22.0,7.0,725.134349,3622.9499480060076,17.0,5.0,0.2008234110013902,115.91366702618149,11016.457690848843,176152.5887711622,35377.712073,5508.228845424422,5508.228845424422,0.031269644595346244,0.15569771256147058,0.0,0.0,0.0,0.0,1350.0,10.0,0.15569771256147058,0.031269644595346244,0.0,0.0,0.0,42.21402020371743,0.31269644595346247,628871.1165110634,0.5
2025-10-08 00:00:00+00:00,6.0,5.0,141.630701,700.9995951673455,6.0,0.0,0.20244219070544256,21.989153494871537,11083.130336905617,175452.98655955985,35519.061575,5541.565168452808,5541.565168452808,0.03158433080631346,0.15601665479679297,0.0,0.0,0.0,0.0,923.0,0.0,0.15601665479679297,0.03158433080631346,0.0,0.0,0.0,29.152337334227326,0.0,628893.1056645582,0.5
2025-10-09 00:00:00+00:00,7.0,4.0,141.745821,704.3761333593609,1.0,6.0,0.20124409716914585,21.79059781520205,10745.668632165096,176148.88380742667,35379.023243,5372.834316082548,5372.834316082549,0.03050166540911128,0.15186497035769927,0.0,0.0,0.0,0.0,950.0,0.0,0.15186497035769927,0.03050166540911128,0.0,0.0,0.0,28.976582138655715,0.0,628914.8962623734,0.5
2025-10-10 00:00:00+00:00,48.0,9.0,3528.458761,18576.84606685956,23.0,25.0,0.1862506896444462,434.0176586990059,8017.15274469819,183073.79130711468,34047.745185,4008.576372349095,4008.576372349095,0.02189595978609808,0.11773397476303672,0.0,0.0,0.0,0.0,9150.0,0.0,0.11773397476303672,0.02189595978609808,0.0,0.0,0.0,200.34803204279743,0.0,629348.9139210724,0.5
2025-10-11 00:00:00+00:00,50.0,9.0,1430.75622,7449.471821688463,40.0,10.0,0.1952763162695217,162.34409304552423,7876.208743328056,178610.22818905654,34841.576123,3938.104371664028,3938.104371664028,0.022048593810067792,0.11302888129289776,0.0,0.0,153.38741285074545,29.991045,2000.0,0.0,0.11302888129289776,0.022048593810067792,0.0,6.771831026678214,-6.771831026678214,44.097187620135585,0.0,629511.258014118,0.5
2025-10-12 00:00:00+00:00,13.0,5.0,291.55347,1503.3340504993664,2.0,11.0,0.1924506604913022,36.82305254313107,8902.469563552313,179696.06527159753,34631.623521,4451.2347817761565,4451.2347817761565,0.02477090845060207,0.128530930092752,0.0,0.0,0.0,0.0,1730.0,0.0,0.128530930092752,0.02477090845060207,0.0,0.0,0.0,42.85367161954158,0.0,629548.081066661,0.5
2025-10-13 00:00:00+00:00,12.0,5.0,360.93379500000003,1871.597655161777,3.0,9.0,0.1914957060647551,47.269075522808436,9307.424864820703,180221.36080960592,34531.402866,4653.712432410351,4653.712432410352,0.025822202271165544,0.1347675462381069,0.0,0.0,0.0,0.0,643.0,0.0,0.1347675462381069,0.025822202271165544,0.0,0.0,0.0,16.603676060359444,0.0,629595.3501421838,0.4999999999999999
2025-10-14 00:00:00+00:00,21.0,5.0,1721.176186,9392.508477454528,11.0,10.0,0.1820024720370838,221.3361821220179,8885.500134530166,185087.501289326,33626.947634,4442.750067265083,4442.750067265083,0.024003512048716046,0.13211874344411345,0.0,0.0,0.0,0.0,700.0,0.0,0.13211874344411345,0.024003512048716046,0.0,0.0,0.0,16.802458434101233,0.0,629816.6863243058,0.5
2025-10-15 00:00:00+00:00,25.0,8.0,1897.789458,10913.620019060452,17.0,8.0,0.16834212675690594,247.83656292440463,8229.50085535972,192125.9660595776,32398.760904,4114.75042767986,4114.75042767986,0.021416940729416502,0.1270033270677289,0.0,0.0,0.0,0.0,648.0,0.0,0.1270033270677289,0.021416940729416502,0.0,0.0,0.0,13.878177592661894,0.0,630064.5228872303,0.5
2025-10-16 00:00:00+00:00,10.0,4.0,1407.050237,8698.084525540642,6.0,4.0,0.15662155199287464,177.9692139197586,7729.520125925623,199615.93508817544,31185.851943,3864.760062962811,3864.7600629628114,0.019360979679581433,0.12392671106201086,0.0,0.0,0.0,0.0,0.0,0.0,0.12392671106201086,0.019360979679581433,0.0,0.0,0.0,0.0,0.0,630242.49210115,0.49999999999999994
2025-10-17 00:00:00+00:00,19.0,5.0,815.9089929999999,5283.030371851918,15.0,4.0,0.15521016169490007,95.52941237803236,7432.863349603712,200410.025886006,31063.919503,3716.431674801856,3716.431674801856,0.018544140485844636,0.11963820838651547,0.0,0.0,0.0,0.0,6200.0,0.0,0.11963820838651547,0.018544140485844636,0.0,0.0,0.0,114.97367101223675,0.0,630338.021513528,0.5
2025-10-18 00:00:00+00:00,6.0,4.0,1441.310102,9735.121294394881,4.0,2.0,0.1458157193484839,169.4347809585622,7355.6680329106,206851.4019656904,30099.403778,3677.8340164553,3677.8340164553,0.01778007778291649,0.12218959696282991,0.0,0.0,0.0,0.0,15700.0,0.0,0.12218959696282991,0.01778007778291649,0.0,0.0,0.0,279.1472211917889,0.0,630507.4562944865,0.5
2025-10-19 00:00:00+00:00,3.0,2.0,124.088165,847.5766220281034,3.0,0.0,0.14668570843546846,15.486455245805953,7491.126395691791,206004.4459169254,30223.40157,3745.563197845896,3745.563197845895,0.018181953215496885,0.12392924036597429,0.0,0.0,0.0,0.0,0.0,0.0,0.12392924036597429,0.018181953215496885,0.0,0.0,0.0,0.0,0.0,630522.9427497323,0.5000000000000001
2025-10-20 00:00:00+00:00,17.0,4.0,1073.148594,7059.4354853256045,13.0,4.0,0.15647365580460187,133.20198237027645,7721.354944284899,199300.70154836087,31242.181286,3860.6774721424495,3860.6774721424495,0.0193711183259716,0.1235725968299296,0.0,0.0,0.0,0.0,0.0,0.0,0.1235725968299296,0.0193711183259716,0.0,0.0,0.0,0.0,0.0,630656.1447321025,0.5
2025-10-21 00:00:00+00:00,27.0,6.0,426.770276,2733.502971165663,17.0,10.0,0.15728214602434915,52.189857935319715,7352.627844209646,199084.89356926543,31276.905208,3676.313922104823,3676.313922104823,0.018466061669444363,0.11754084675757806,0.0,0.0,0.0,0.0,0.0,0.0,0.11754084675757806,0.018466061669444363,0.0,0.0,0.0,0.0,0.0,630708.3345900378,0.5
2025-10-22 00:00:00+00:00,7.0,6.0,160.02833900000002,1017.8519199149393,4.0,3.0,0.15755694422813585,18.374684509426537,7064.587586833215,198852.79714344317,31313.731902,3532.2937934166075,3532.293793416608,0.017763359852909562,0.11280334788811938,0.0,0.0,0.0,0.0,0.0,0.0,0.11280334788811938,0.017763359852909562,0.0,0.0,0.0,0.0,0.0,630726.7092745473,0.5
2025-10-23 00:00:00+00:00,3.0,2.0,24.015855000000002,152.1334379450858,2.0,1.0,0.15798978261673755,2.734853001298858,7282.151926998706,198723.01364189383,31334.230726,3641.075963499353,3641.075963499353,0.018322366880268358,0.1162012240012684,0.0,0.0,0.0,0.0,0.0,0.0,0.1162012240012684,0.018322366880268358,0.0,0.0,0.0,0.0,0.0,630729.4441275486,0.5
2025-10-24 00:00:00+00:00,13.0,5.0,1119.639739,7371.916510009026,8.0,5.0,0.14863653150302653,127.68783787613062,7116.323604840221,204794.5484187754,30407.455445,3558.1618024201107,3558.1618024201107,0.01737429941320597,0.11701609853070397,0.0,0.0,0.0,0.0,10820.0,0.0,0.11701609853070397,0.01737429941320597,0.0,0.0,0.0,187.9899196508886,0.0,630857.1319654247,0.5
2025-10-25 00:00:00+00:00,13.0,3.0,235.971019,1576.987100697773,11.0,2.0,0.14958894088538213,27.168676621376243,7049.704923926771,204008.9312733723,30525.024116,3524.8524619633854,3524.8524619633854,0.017277932098178964,0.11547419089886315,0.0,0.0,0.0,0.0,0.0,0.0,0.11547419089886315,0.017277932098178964,0.0,0.0,0.0,0.0,0.0,630884.3006420461,0.5
2025-10-26 00:00:00+00:00,24.0,6.0,1230.492119,8131.248825650654,3.0,21.0,0.1493761813849733,148.4843402578098,7712.74133357992,204245.394211905,30492.121305,3856.37066678996,3856.37066678996,0.018881065502945774,0.12647105225039246,0.0,0.0,0.0,0.0,0.0,0.0,0.12647105225039246,0.018881065502945774,0.0,0.0,0.0,0.0,0.0,631032.784982304,0.5
2025-10-27 00:00:00+00:00,18.0,5.0,403.04938699999997,2720.1200950907155,9.0,9.0,0.14921051698037527,52.290404969025374,7508.296585471737,204413.7601112531,30467.816508,3754.148292735869,3754.148292735868,0.018365438269383905,0.12321684725093882,0.0,0.0,0.0,0.0,3000.0,0.0,0.12321684725093882,0.018365438269383905,0.0,0.0,0.0,55.09631480815172,0.0,631085.075387273,0.5000000000000001
2025-10-28 00:00:00+00:00,28.0,4.0,694.596415,4597.150609616691,18.0,10.0,0.14954526245066602,84.54974306929381,7390.893726626312,203969.2633821202,30535.59734,3695.446863313156,3695.446863313156,0.01811766538760318,0.12102094555957214,0.0,0.0,0.0,0.0,0.0,0.0,0.12102094555957214,0.01811766538760318,0.0,0.0,0.0,0.0,0.0,631169.6251303423,0.5
2025-10-29 00:00:00+00:00,6.0,4.0,227.388312,1510.3085556069689,1.0,5.0,0.14997860212758354,27.406085253017405,7374.070964019031,203628.9289379849,30587.087895,3687.0354820095154,3687.0354820095154,0.01810663888102265,0.12054222012459795,0.0,0.0,0.0,0.0,1000.0,1000.0,0.12054222012459795,0.01810663888102265,0.0,0.0,0.0,18.106638881022647,18.106638881022647,631197.0312155953,0.5
2025-10-30 00:00:00+00:00,14.0,5.0,398.723054,2617.170490168925,11.0,3.0,0.1541469051883279,44.50954618893066,6878.959166003359,201091.74722070995,30973.807783,3439.479583001679,3439.47958300168,0.01710403152063048,0.11104477715812007,0.0,0.0,0.0,0.0,2500.0,0.0,0.11104477715812007,0.01710403152063048,0.0,0.0,0.0,42.7600788015762,0.0,631241.5407617843,0.49999999999999994
2025-10-31 00:00:00+00:00,7.0,4.0,183.324352,1195.0750516077792,5.0,2.0,0.15386037769761082,20.47938885504351,6888.261598810338,201306.4614286184,30941.138175,3444.130799405169,3444.130799405169,0.01710889345013115,0.11131234991827087,0.0,0.0,0.0,0.0,0.0,0.0,0.11131234991827087,0.01710889345013115,0.0,0.0,0.0,0.0,0.0,631262.0201506393,0.5
2025-11-01 00:00:00+00:00,12.0,6.0,393.083299,2568.920546331653,9.0,3.0,0.15338356162926675,44.89516760307891,7095.937104374105,201584.17573728887,30899.299007,3547.9685521870524,3547.968552187053,0.017600431875222596,0.11482359361561204,0.0,0.0,0.0,0.0,0.0,0.0,0.11482359361561204,0.017600431875222596,0.0,0.0,0.0,0.0,0.0,631306.9153182424,0.5
2025-11-02 00:00:00+00:00,16.0,6.0,2862.627079,17258.744427119535,6.0,10.0,0.17236790944873986,326.952908914891,7398.769028037504,190181.1400096419,32757.773767,3699.384514018752,3699.384514018752,0.01945189998246513,0.11293149956806563,0.0,0.0,0.0,0.0,0.0,0.0,0.11293149956806563,0.01945189998246513,0.0,0.0,0.0,0.0,0.0,631633.8682271573,0.5
2025-11-03 00:00:00+00:00,30.0,8.0,1935.219227,11440.596638703322,21.0,9.0,0.16502938553126145,200.69232416767895,6452.433896711853,194493.29398680385,32035.309779,3226.2169483559264,3226.216948355926,0.016587805585599375,0.10070815517666064,0.0,0.0,0.0,0.0,0.0,0.0,0.10070815517666064,0.016587805585599375,0.0,0.0,0.0,0.0,0.0,631834.560551325,0.5
2025-11-04 00:00:00+00:00,19.0,6.0,662.133582,3999.405616345648,12.0,7.0,0.16627416817215873,64.58925695615716,6059.67903837058,193669.7391214921,32172.865992,3029.83951918529,3029.83951918529,0.015644362061564113,0.09417375250121267,0.0,0.0,0.0,0.0,0.0,0.0,0.09417375250121267,0.015644362061564113,0.0,0.0,0.0,0.0,0.0,631899.1498082811,0.5
2025-11-05 00:00:00+00:00,4.0,1.0,210.57422,1256.8347359249253,4.0,0.0,0.16819230649690378,19.83870057009207,6269.592402023465,192415.115055753,32383.068902,3134.7962010117326,3134.7962010117326,0.016291839651492106,0.09680355529299836,0.0,0.0,0.0,0.0,0.0,0.0,0.09680355529299836,0.016291839651492106,0.0,0.0,0.0,0.0,0.0,631918.9885088512,0.5
2025-11-06 00:00:00+00:00,9.0,3.0,848.616471,5119.690855409642,6.0,3.0,0.16716003669624035,81.12696239558136,6220.089096001142,193182.9433759265,32256.058565,3110.044548000571,3110.0445480005706,0.01609896036188115,0.0964173766529299,0.0,0.0,0.0,0.0,0.0,0.0,0.0964173766529299,0.01609896036188115,0.0,0.0,0.0,0.0,0.0,632000.1154712468,0.5
2025-11-07 00:00:00+00:00,15.0,4.0,468.039041,2789.890758423409,8.0,7.0,0.16674711031408765,47.97184847795131,7111.681628560513,193133.6213631562,32265.232755,3555.840814280256,3555.8408142802564,0.018411298815725504,0.11020657564384759,0.0,0.0,0.0,0.0,5419.0,0.0,0.11020657564384759,0.018411298815725504,0.0,0.0,0.0,99.7708282824165,0.0,632048.0873197247,0.49999999999999994
2025-11-08 00:00:00+00:00,4.0,4.0,306.546288,1856.2536795151382,0.0,4.0,0.16370553201822385,33.8173714303606,6880.085843445632,194994.48356651203,31957.932663,3440.042921722816,3440.042921722816,0.017641744826844948,0.1076428490540504,0.0,0.0,0.0,0.0,0.0,0.0,0.1076428490540504,0.017641744826844948,0.0,0.0,0.0,0.0,0.0,632081.9046911551,0.5
2025-11-09 00:00:00+00:00,16.0,7.0,1527.992284,9502.356439825062,13.0,3.0,0.15777582223441622,158.50516760355865,6721.313655905213,198835.74707891315,31343.548085,3360.6568279526064,3360.6568279526064,0.016901673252037733,0.10722005111989562,0.0,0.0,0.0,0.0,5000.0,0.0,0.10722005111989562,0.016901673252037733,0.0,0.0,0.0,84.50836626018867,0.0,632240.4098587587,0.5
2025-11-10 00:00:00+00:00,7.0,4.0,751.939466,4769.796661230676,5.0,2.0,0.15565015758613512,80.29536773191552,6753.900431395055,200173.2120943859,31135.614054,3376.9502156975277,3376.9502156975277,0.01687014051663029,0.10845940631974432,0.0,0.0,0.0,0.0,0.0,0.0,0.10845940631974432,0.01687014051663029,0.0,0.0,0.0,0.0,0.0,632320.7052264906,0.5
2025-11-11 00:00:00+00:00,11.0,5.0,1875.786789,12754.094746727658,6.0,5.0,0.14000183787608114,195.58420939327848,6129.917399765722,211082.65845346707,29530.023815,3064.958699882861,3064.9586998828604,0.014520182388921957,0.10379127084638487,0.0,0.0,0.0,0.0,24999.999999999996,0.0,0.10379127084638487,0.014520182388921957,0.0,0.0,0.0,363.0045597230489,0.0,632516.2894358839,0.5
2025-11-12 00:00:00+00:00,8.0,4.0,1740.628621,11956.24259496229,4.0,4.0,0.14617226024375796,180.6818832226025,6080.856251331625,208311.7040800884,29926.269705,3040.428125665812,3040.4281256658123,0.014595570321372224,0.10159729747933889,0.0,0.0,0.0,0.0,3000.0,0.0,0.10159729747933889,0.014595570321372224,0.0,0.0,0.0,43.78671096411667,0.0,632696.9713191065,0.49999999999999994
2025-11-13 00:00:00+00:00,1.0,1.0,41.706484,289.3287466196861,1.0,0.0,0.14414911925368382,4.270297745576559,5943.409010979329,208023.4473699707,29967.822061,2971.704505489665,2971.7045054896644,0.014285430527475463,0.09916317907389835,0.0,0.0,0.0,0.0,0.0,0.0,0.09916317907389835,0.014285430527475463,0.0,0.0,0.0,0.0,0.0,632701.2416168521,0.5000000000000001
2025-11-14 00:00:00+00:00,6.0,2.0,177.009853,1227.7639688329773,2.0,4.0,0.14353103417869478,17.20427530855041,5723.874148298534,208334.18375721385,29923.478111,2861.937074149267,2861.937074149267,0.013737241880019456,0.09564185899556932,0.0,0.0,0.0,0.0,0.0,0.0,0.09564185899556932,0.013737241880019456,0.0,0.0,0.0,0.0,0.0,632718.4458921606,0.5
2025-11-15 00:00:00+00:00,2.0,1.0,87.589353,606.82416692019,2.0,0.0,0.14451981324770866,8.57952480410087,5811.725090601725,207728.86635067812,30010.850215,2905.862545300863,2905.8625453008626,0.013988727692738295,0.09682706502758315,0.0,0.0,0.0,0.0,0.0,0.0,0.09682706502758315,0.013988727692738295,0.0,0.0,0.0,0.0,0.0,632727.0254169648,0.5000000000000001
2025-11-16 00:00:00+00:00,8.0,4.0,346.527573,2428.0522165022003,2.0,6.0,0.1424415084751871,32.96610202027055,5577.194289928959,209304.95911174585,29785.557437,2788.5971449644794,2788.59714496448,0.013323129833133456,0.09362245950449961,0.0,0.0,0.0,0.0,0.0,0.0,0.09362245950449961,0.013323129833133456,0.0,0.0,0.0,0.0,0.0,632759.991518985,0.5
2025-11-17 00:00:00+00:00,9.0,3.0,368.11899700000004,2563.585664473418,6.0,3.0,0.14310627708623117,34.384735374036204,5462.819517195254,208739.6590477452,29866.957392,2731.4097585976274,2731.409758597627,0.013085245856288718,0.09145256152972742,0.0,0.0,0.0,0.0,0.0,0.0,0.09145256152972742,0.013085245856288718,0.0,0.0,0.0,0.0,0.0,632794.376254359,0.5000000000000001
2025-11-18 00:00:00+00:00,17.0,6.0,1000.11519,6801.739811464535,10.0,7.0,0.14781340316578928,91.92417430763804,5560.285677794027,205430.1285911236,30350.124645,2780.142838897014,2780.142838897013,0.013533277022040187,0.09160235324947916,0.0,0.0,0.0,0.0,0.0,0.0,0.09160235324947916,0.013533277022040187,0.0,0.0,0.0,0.0,0.0,632886.3004286666,0.5000000000000001
2025-11-19 00:00:00+00:00,13.0,4.0,869.418902,5825.687667918995,8.0,5.0,0.1494254046434359,78.51005381139852,5484.606748466058,204169.3476726024,30539.283031,2742.303374233029,2742.3033742330285,0.013431513620891195,0.0897959317332157,0.0,0.0,0.0,0.0,0.0,0.0,0.0897959317332157,0.013431513620891195,0.0,0.0,0.0,0.0,0.0,632964.810482478,0.5
2025-11-20 00:00:00+00:00,18.0,4.0,627.767885,4145.303421160032,9.0,9.0,0.15007730517820675,56.97090667448278,5359.459075390059,203758.1404522916,30602.167302,2679.729537695029,2679.7295376950296,0.01315152136619772,0.08756665863727554,0.0,0.0,0.0,0.0,0.0,0.0,0.08756665863727554,0.01315152136619772,0.0,0.0,0.0,0.0,0.0,633021.7813891525,0.4999999999999999
2025-11-21 00:00:00+00:00,8.0,3.0,517.16188,3438.7843564250115,2.0,6.0,0.14953856452109762,44.582815854136534,5067.8519735232585,204156.03106370475,30543.556649,2533.925986761629,2533.9259867616297,0.012411712617840536,0.08296106494344989,0.0,0.0,0.0,0.0,2500.0,0.0,0.08296106494344989,0.012411712617840536,0.0,0.0,0.0,31.02928154460134,0.0,633066.3642050066,0.4999999999999999
2025-11-22 00:00:00+00:00,7.0,5.0,1119.975476,7315.165926629724,5.0,2.0,0.15212416245281202,92.60884109696288,5104.063595899217,202668.83221312275,30769.91049,2552.0317979496085,2552.0317979496085,0.012592127610751415,0.08293920122968836,0.0,0.0,0.0,0.0,0.0,0.0,0.08293920122968836,0.012592127610751415,0.0,0.0,0.0,0.0,0.0,633158.9730461036,0.5
2025-11-23 00:00:00+00:00,14.0,2.0,504.04235,3263.5699813734473,13.0,1.0,0.1559799785829874,42.0105139992244,5114.412817404731,200049.07386181923,31173.874291,2557.206408702365,2557.2064087023664,0.012782895513271485,0.0820304330745518,0.0,0.0,0.0,0.0,0.0,0.0,0.0820304330745518,0.012782895513271485,0.0,0.0,0.0,0.0,0.0,633200.9835601029,0.4999999999999999
2025-11-24 00:00:00+00:00,2.0,2.0,35.696509,229.50407447040902,1.0,1.0,0.15617081063094465,2.906548634221721,5213.163610309105,200208.9160135639,31149.057396,2606.5818051545525,2606.5818051545525,0.013019309314765781,0.0836809208065884,0.0,0.0,0.0,0.0,0.0,0.0,0.0836809208065884,0.013019309314765781,0.0,0.0,0.0,0.0,0.0,633203.890108737,0.5
2025-11-25 00:00:00+00:00,4.0,4.0,178.276565,1147.5102085086153,2.0,2.0,0.15558994660672482,14.868556732127296,5213.1497049922455,200263.41891530596,31140.937279,2606.5748524961227,2606.574852496123,0.01301573131335822,0.08370251765844813,0.0,0.0,0.0,0.0,0.0,0.0,0.08370251765844813,0.01301573131335822,0.0,0.0,0.0,0.0,0.0,633218.7586654691,0.5
2025-11-26 00:00:00+00:00,4.0,1.0,135.20273600000002,863.9877589189325,4.0,0.0,0.15702772178248509,11.144357325870315,5194.755026483233,199399.7797576849,31276.085676,2597.3775132416163,2597.3775132416167,0.01302597985011823,0.0830467578375621,0.0,0.0,0.0,0.0,1.0,110.0,0.0830467578375621,0.01302597985011823,0.0,0.0,0.0,0.01302597985011823,1.4328577835130052,633229.903022795,0.4999999999999999
2025-11-27 00:00:00+00:00,3.0,2.0,57.162703,363.04808331471963,3.0,0.0,0.15772094227069372,4.763135398602412,5162.825330902512,199037.30161996404,31333.158857,2581.412665451256,2581.412665451256,0.012969491871328367,0.08238596935701407,0.0,0.0,0.0,0.0,10400.0,0.0,0.08238596935701407,0.012969491871328367,0.0,0.0,0.0,134.88271546181502,0.0,633234.6661581936,0.5
2025-11-28 00:00:00+00:00,11.0,4.0,323.267492,2028.4769968067635,11.0,0.0,0.16100332633239017,25.69127509558634,4937.536005785069,197010.2616489805,31656.195904,2468.7680028925347,2468.7680028925347,0.012531164530359427,0.07798688163224904,0.0,0.0,0.0,0.0,0.0,0.0,0.07798688163224904,0.012531164530359427,0.0,0.0,0.0,0.0,0.0,633260.3574332892,0.5
2025-11-29 00:00:00+00:00,0.0,0.0,0.0,0.0,0.0,0.0,0.0,0.0,4896.957440123013,197010.2616489805,31656.195904,2448.4787200615065,2448.4787200615065,0.012428178611447354,0.07734595551173357,0.0,0.0,0.0,0.0,0.0,0.0,0.07734595551173357,0.012428178611447354,0.0,0.0,0.0,0.0,0.0,633260.3574332892,0.5
2025-11-30 00:00:00+00:00,1.0,1.0,1.996,12.396351249722285,1.0,0.0,0.16101512128778347,0.1552137853828804,4850.732230822439,196997.8745949942,31658.190414,2425.36611541122,2425.366115411219,0.012311635952405598,0.07661101546532695,0.0,0.0,0.0,0.0,1560.0,0.0,0.07661101546532695,0.012311635952405598,0.0,0.0,0.0,19.206152085752734,0.0,633260.5126470745,0.5000000000000001
2025-12-01 00:00:00+00:00,10.0,4.0,1292.5488369999998,8219.883616273062,8.0,2.0,0.1530968018757943,88.92818361005534,4376.148837529802,201911.0485578509,30890.369379,2188.074418764901,2188.074418764901,0.010836823613136658,0.07083354659567152,0.0,0.0,0.0,0.0,0.0,0.0,0.07083354659567152,0.010836823613136658,0.0,0.0,0.0,0.0,0.0,633349.4408306846,0.5
2025-12-02 00:00:00+00:00,8.0,3.0,270.15956800000004,1750.1753993435773,6.0,2.0,0.15426173851738897,19.472000050086177,4671.487929646601,200949.0813977364,31038.786396,2335.7439648233,2335.7439648233003,0.011623561295113296,0.07525242562719237,0.0,0.0,0.0,0.0,0.0,0.0,0.07525242562719237,0.011623561295113296,0.0,0.0,0.0,0.0,0.0,633368.9128307347,0.4999999999999999
2025-12-03 00:00:00+00:00,4.0,2.0,233.709157,1523.5332521475534,2.0,2.0,0.15365995940753593,17.56844188808303,4728.286615770895,201538.8595547104,30948.423782,2364.1433078854475,2364.1433078854475,0.011730458895663591,0.07638978077004566,0.0,0.0,0.0,0.0,0.0,0.0,0.07638978077004566,0.011730458895663591,0.0,0.0,0.0,0.0,0.0,633386.4812726228,0.5
2025-12-04 00:00:00+00:00,3.0,2.0,49.353325,320.24048586147364,3.0,0.0,0.1542043336931138,3.6401044616424953,4471.826597653417,201218.8608188058,30997.739941,2235.913298826709,2235.9132988267083,0.011111847516322592,0.07213149420191493,0.0,0.0,0.0,0.0,0.0,0.0,0.07213149420191493,0.011111847516322592,0.0,0.0,0.0,0.0,0.0,633390.1213770845,0.5000000000000001
2025-12-05 00:00:00+00:00,7.0,4.0,1288.402202,8027.321948503938,1.0,6.0,0.163761293448693,93.18479844722812,4505.594051101727,195099.1616168212,31972.615623,2252.797025550863,2252.7970255508635,0.01154693339982364,0.07046020419831647,0.0,0.0,0.0,0.0,0.0,126.0,0.07046020419831647,0.01154693339982364,0.0,0.0,0.0,0.0,1.4549136083777787,633483.3061755317,0.4999999999999999
2025-12-06 00:00:00+00:00,1.0,1.0,57.136392,349.97620140930354,0.0,1.0,0.16325793516793433,4.15796497611906,4627.559548633129,195449.6329031348,31915.39826,2313.7797743165643,2313.7797743165647,0.011838240573535781,0.07249728659085718,0.0,0.0,0.0,0.0,10.0,0.0,0.07249728659085718,0.011838240573535781,0.0,0.0,0.0,0.11838240573535781,0.0,633487.4641405079,0.4999999999999999
2025-12-07 00:00:00+00:00,0.0,0.0,0.0,0.0,0.0,0.0,0.0,0.0,4535.06784060166,195450.2017830444,31915.305553,2267.53392030083,2267.53392030083,0.01160159416370345,0.07104847912344942,0.0,0.0,0.0,0.0,40.0,0.0,0.07104847912344942,0.01160159416370345,0.0,0.0,0.0,0.46406376654813797,0.0,633487.4641405079,0.5
2025-12-08 00:00:00+00:00,15.0,4.0,1946.0007449999998,11533.607251548938,8.0,7.0,0.17773419151039832,140.8718611115651,4770.578415169408,187180.0824491727,33329.377562,2385.2892075847035,2385.289207584704,0.012743285377237774,0.07156716932824621,0.0,0.0,0.0,0.0,0.0,0.0,0.07156716932824621,0.012743285377237774,0.0,0.0,0.0,0.0,0.0,633628.3360016195,0.4999999999999999
2025-12-09 00:00:00+00:00,2.0,2.0,31.301744,176.31066825495438,0.0,2.0,0.17751738384072316,2.2493457892935376,4955.256105262514,187357.58656197725,33297.864139,2477.628052631257,2477.628052631257,0.013224060461579795,0.07440801735175995,0.0,0.0,0.0,0.0,0.0,0.0,0.07440801735175995,0.013224060461579795,0.0,0.0,0.0,0.0,0.0,633630.5853474088,0.5
2025-12-10 00:00:00+00:00,2.0,2.0,64.37288099999999,363.5830666913682,1.0,1.0,0.17742794969137665,4.764392093118484,4786.670938301336,187695.8321897617,33237.987203,2393.335469150668,2393.335469150668,0.012751138057935086,0.0720060289611836,0.0,0.0,0.0,0.0,0.0,0.0,0.0720060289611836,0.012751138057935086,0.0,0.0,0.0,0.0,0.0,633635.349739502,0.5
2025-12-11 00:00:00+00:00,7.0,2.0,275.625826,1541.3224100415105,6.0,1.0,0.17928192138379104,18.989993795048868,4628.331426858566,186423.9031940688,33465.31552,2314.165713429283,2314.165713429283,0.012413460257938158,0.069151169725152,0.0,0.0,0.0,0.0,0.0,0.0,0.069151169725152,0.012413460257938158,0.0,0.0,0.0,0.0,0.0,633654.339733297,0.5
2025-12-12 00:00:00+00:00,7.0,4.0,1501.677358,8768.543577762983,4.0,3.0,0.16532889404657702,100.98826002906398,4413.318289940184,194241.13936605412,32121.414575,2206.659144970092,2206.659144970092,0.011360410838671856,0.06869744605480507,0.0,0.0,0.0,0.0,15000.0,0.0,0.06869744605480507,0.011360410838671856,0.0,0.0,0.0,170.40616258007782,0.0,633755.3279933261,0.5
2025-12-13 00:00:00+00:00,4.0,2.0,247.81696100000002,1484.1456895816023,4.0,0.0,0.16708135524009232,17.124741059696753,4425.866893138565,192757.019583264,32369.227195,2212.9334465692823,2212.9334465692823,0.011480429876710021,0.06836534691539095,0.0,0.0,0.0,0.0,0.0,0.0,0.06836534691539095,0.011480429876710021,0.0,0.0,0.0,0.0,0.0,633772.4527343858,0.5
2025-12-14 00:00:00+00:00,3.0,2.0,123.255522,729.7417269642448,3.0,0.0,0.16932785546544338,8.021422468087758,4200.567446031422,192027.88967662104,32492.380182,2100.2837230157106,2100.283723015711,0.010937388972782194,0.0646392696149486,0.0,0.0,0.0,0.0,0.0,0.0,0.0646392696149486,0.010937388972782194,0.0,0.0,0.0,0.0,0.0,633780.474156854,0.4999999999999999
2025-12-15 00:00:00+00:00,13.0,5.0,674.052535,3898.0251945255513,12.0,1.0,0.17577331387198986,41.94995673106392,3933.9849996877033,188521.00262423264,33098.166264,1966.992499843852,1966.9924998438512,0.010433810941290917,0.059429047644349316,0.0,0.0,0.0,0.0,10.0,10.0,0.059429047644349316,0.010433810941290917,0.0,0.0,0.0,0.10433810941290916,0.10433810941290916,633822.424113585,0.5000000000000001
2025-12-16 00:00:00+00:00,6.0,3.0,261.046741,1488.9507096427797,5.0,1.0,0.17635544035667813,15.34097992741718,3807.134887599978,188174.0037589747,33159.724575,1903.567443799989,1903.567443799989,0.010115995864328847,0.05740600889173667,0.0,0.0,0.0,0.0,110.0,20.0,0.05740600889173667,0.010115995864328847,0.0,0.0,0.0,1.1127595450761731,0.20231991728657694,633837.7650935125,0.5
2025-12-17 00:00:00+00:00,12.0,6.0,1544.146941,8960.558391357008,9.0,3.0,0.16545321936634397,84.78495965092522,3460.2384502241366,194410.7170157157,32098.951886,1730.1192251120683,1730.1192251120683,0.00889929964597687,0.05389955507758065,0.0,0.0,0.0,0.0,0.0,0.0,0.05389955507758065,0.00889929964597687,0.0,0.0,0.0,0.0,0.0,633922.5500531634,0.5
2025-12-18 00:00:00+00:00,11.0,2.0,425.361914,2537.5201655191613,11.0,0.0,0.16955962155374815,22.295042713663786,3243.930944707136,191876.7366107641,32523.716983,1621.965472353568,1621.965472353568,0.008453163739405484,0.0498702369474363,0.0,0.0,0.0,0.0,0.0,0.0,0.0498702369474363,0.008453163739405484,0.0,0.0,0.0,0.0,0.0,633944.8450958771,0.5
2025-12-19 00:00:00+00:00,25.0,8.0,6576.902399,33577.91700293599,6.0,19.0,0.22407079398260438,340.9792242739745,3912.4337560439935,166754.27854772753,37437.505657,1956.2168780219968,1956.216878021997,0.01173113454754385,0.0522528636374637,0.0,0.0,0.0,0.0,0.0,31030.0,0.0522528636374637,0.01173113454754385,0.0,0.0,0.0,0.0,364.01710501028566,634285.824320151,0.5
2025-12-20 00:00:00+00:00,13.0,6.0,1352.123515,6214.939421476917,6.0,7.0,0.2139107681171019,68.82363720763333,3832.4591963710354,170820.62634633633,36548.982709,1916.229598185518,1916.2295981855173,0.011217788151065495,0.05242908163661845,0.0,0.0,0.0,0.0,0.0,0.0,0.05242908163661845,0.011217788151065495,0.0,0.0,0.0,0.0,0.0,634354.6479573586,0.5000000000000001
2025-12-21 00:00:00+00:00,8.0,3.0,720.014794,3398.500435514974,6.0,2.0,0.21290334372455438,37.54377323970296,3770.653738107642,172539.61740069248,36759.44861,1885.326869053821,1885.326869053821,0.010926921581583699,0.05128822494200685,1348.7034749453069,288.0783,0.0,0.0,0.0,0.0,0.05128822494200685,0.010926921581583699,29.512201758847738,0.0,29.512201758847738,0.0,0.0,634392.1917305983,0.5
2025-12-22 00:00:00+00:00,6.0,3.0,327.886459,1522.379491559603,6.0,0.0,0.2164626903030907,16.736185543152118,3750.128060057909,171017.4369826144,37087.292612,1875.0640300289544,1875.0640300289544,0.010964168701812396,0.05055812646249236,0.0,0.0,0.0,0.0,0.0,0.0,0.05055812646249236,0.010964168701812396,0.0,0.0,0.0,0.0,0.0,634408.9279161415,0.5
2025-12-23 00:00:00+00:00,0.0,0.0,0.0,0.0,0.0,0.0,0.0,0.0,3792.4198301247225,171018.40640677727,37087.082803,1896.2099150623612,1896.209915062361,0.011087753388089205,0.0511285809437936,0.0,0.0,0.0,0.0,0.0,0.0,0.0511285809437936,0.011087753388089205,0.0,0.0,0.0,0.0,0.0,634408.9279161415,0.5
2025-12-24 00:00:00+00:00,3.0,2.0,120.016694,556.3411259004436,0.0,3.0,0.21525667725942635,6.0728894202744605,3783.530320675016,171575.08877293323,36966.992394,1891.765160337508,1891.765160337508,0.011025873125679202,0.051174440705772824,0.0,0.0,0.0,0.0,0.0,0.0,0.051174440705772824,0.011025873125679202,0.0,0.0,0.0,0.0,0.0,634415.0008055618,0.5
2025-12-25 00:00:00+00:00,2.0,2.0,25.396834,118.19294234157307,0.0,2.0,0.21486443824890858,1.3181376359628776,3792.651148078674,171694.04315362274,36941.431833,1896.325574039337,1896.3255740393367,0.011044795376754016,0.05133329922380912,0.0,0.0,0.0,0.0,0.0,0.0,0.05133329922380912,0.011044795376754016,0.0,0.0,0.0,0.0,0.0,634416.3189431977,0.5
2025-12-26 00:00:00+00:00,7.0,5.0,647.404885,2978.6864163743085,4.0,3.0,0.2201835262800092,33.41626058360778,3824.568063162512,169569.70287233745,37405.529351,1912.284031581256,1912.284031581256,0.011277274178046661,0.05112303086629445,0.0,0.0,0.0,0.0,0.0,0.0,0.05112303086629445,0.011277274178046661,0.0,0.0,0.0,0.0,0.0,634449.7352037813,0.5
2025-12-27 00:00:00+00:00,7.0,4.0,2228.6372659999997,10742.423735143535,5.0,2.0,0.1983926330107756,110.39156331383333,3813.6015458733173,183052.15199120395,36295.671985,1906.8007729366584,1906.8007729366589,0.010416707764398663,0.05253521063681331,3968.6958711683737,875.4581,0.0,0.0,18149.92709789626,0.0,0.05253521063681331,0.010416707764398663,87.33312078294088,0.0,87.33312078294088,189.06248652392566,0.0,634560.1267670951,0.49999999999999994
2025-12-28 00:00:00+00:00,1.0,1.0,45.719095,229.82779514515522,1.0,0.0,0.19892761435197437,2.38766300727019,3739.882881972706,182822.78141239265,36341.300378,1869.9414409863527,1869.9414409863532,0.010228164272199388,0.051454995323127264,0.0,0.0,0.0,0.0,0.0,0.0,0.051454995323127264,0.010228164272199388,0.0,0.0,0.0,0.0,0.0,634562.5144301023,0.49999999999999994
2025-12-29 00:00:00+00:00,7.0,4.0,2284.8327329999997,12210.332836669582,5.0,2.0,0.18026518611302073,114.26107656529817,3534.1085441168207,192206.61624981064,34571.446182,1767.0542720584103,1767.0542720584103,0.009193514284449878,0.051113114064011776,0.0,0.0,0.0,0.0,18209.399999999998,0.0,0.051113114064011776,0.009193514284449878,0.0,0.0,0.0,167.4083790112616,0.0,634676.7755066676,0.5
2025-12-30 00:00:00+00:00,8.0,5.0,639.282246,3586.3881028710157,6.0,2.0,0.17914362116347204,32.62069221964919,3506.0881554048206,192693.83483208335,34485.313343,1753.04407770241,1753.0440777024105,0.009097561835489144,0.05083451207956769,0.0,0.0,0.0,0.0,1500.0,1500.0,0.05083451207956769,0.009097561835489144,0.0,0.0,0.0,13.646342753233716,13.646342753233716,634709.3961988873,0.49999999999999994
2025-12-31 00:00:00+00:00,6.0,2.0,248.614888,1384.8456608524016,5.0,1.0,0.1799129144810961,12.451806074461018,3446.086528374896,192300.17979749,34556.406759,1723.043264187448,1723.043264187448,0.008960175003486595,0.049861760113085025,0.0,0.0,0.0,0.0,21932.999999999996,0.0,0.049861760113085025,0.008960175003486595,0.0,0.0,0.0,196.52351835147147,0.0,634721.8480049617,0.5
2026-01-01 00:00:00+00:00,6.0,2.0,361.990809,2015.265970955304,5.0,1.0,0.18105822872043112,18.293828481246216,3566.167325277296,191623.59041020687,34679.147261,1783.0836626386483,1783.0836626386476,0.009305136485657206,0.05141659479741288,0.0,0.0,0.0,0.0,0.0,0.0,0.05141659479741288,0.009305136485657206,0.0,0.0,0.0,0.0,0.0,634740.141833443,0.5000000000000001
2026-01-02 00:00:00+00:00,5.0,2.0,275.439161,1506.9720325657936,5.0,0.0,0.18396698941577108,14.171981049878445,3686.9823976799375,190118.77296894172,34954.191079,1843.4911988399688,1843.4911988399688,0.009696523757499352,0.052740204877678123,0.0,0.0,0.0,0.0,0.0,0.0,0.052740204877678123,0.009696523757499352,0.0,0.0,0.0,0.0,0.0,634754.3138144929,0.5
2026-01-03 00:00:00+00:00,8.0,3.0,312.529671,1695.4803474043483,5.0,3.0,0.18353041823248048,16.752962477517453,3871.9229941864273,190177.4638717011,34944.028628,1935.9614970932137,1935.9614970932137,0.010179762931318014,0.05540178316881196,0.0,0.0,0.0,0.0,0.0,0.0,0.05540178316881196,0.010179762931318014,0.0,0.0,0.0,0.0,0.0,634771.0667769704,0.5
2026-01-04 00:00:00+00:00,5.0,2.0,235.313016,1276.6228321331319,4.0,1.0,0.1854815751972753,13.095613797521118,3921.312005764401,189407.86354334143,35086.485554,1960.6560028822005,1960.6560028822005,0.010351502657826831,0.05588066094179324,0.0,0.0,0.0,0.0,0.0,0.0,0.05588066094179324,0.010351502657826831,0.0,0.0,0.0,0.0,0.0,634784.162390768,0.5
2026-01-05 00:00:00+00:00,3.0,1.0,110.63122999999999,594.156784106003,3.0,0.0,0.18657446056016708,6.201270517272364,4013.144606463915,188814.2813178333,35197.009895,2006.572303231958,2006.5723032319572,0.010627227396291445,0.057009737736756036,0.0,0.0,0.0,0.0,0.0,0.0,0.057009737736756036,0.010627227396291445,0.0,0.0,0.0,0.0,0.0,634790.3636612853,0.5000000000000001
2026-01-06 00:00:00+00:00,15.0,4.0,715.572868,3906.835290372908,5.0,10.0,0.18345955520048235,42.915363613290396,4231.317036868642,190371.09343300457,34910.610723,2115.6585184343207,2115.658518434321,0.011113339111953275,0.06060216291319337,0.0,0.0,0.0,0.0,0.0,0.0,0.06060216291319337,0.011113339111953275,0.0,0.0,0.0,0.0,0.0,634833.2790248985,0.4999999999999999
2026-01-07 00:00:00+00:00,5.0,5.0,238.507934,1302.7224146548774,2.0,3.0,0.18396603169400805,14.000756830011651,4092.6396508443295,190126.5964148265,34955.983302,2046.3198254221647,2046.319825422165,0.010762933035194166,0.05853990167414587,0.0,0.0,0.0,0.0,0.0,0.0,0.05853990167414587,0.010762933035194166,0.0,0.0,0.0,0.0,0.0,634847.2797817285,0.5
2026-01-08 00:00:00+00:00,10.0,4.0,534.85806,2889.625014399757,7.0,3.0,0.1859629072173671,30.429824542230453,3994.8722120298335,189118.0078904195,35143.480862,1997.4361060149167,1997.4361060149167,0.01056185039328613,0.05683660403072673,0.0,0.0,0.0,0.0,0.0,0.0,0.05683660403072673,0.01056185039328613,0.0,0.0,0.0,0.0,0.0,634877.7096062708,0.5
2026-01-09 00:00:00+00:00,9.0,4.0,1197.338553,6394.855849963812,6.0,3.0,0.18544792567979101,67.51290526316085,4108.305364107609,192086.496941063,35582.974011,2054.1526820538047,2054.152682053805,0.010693894233929784,0.057728527171978135,0.0,1000.0,0.0,0.0,63720.0,0.0,0.057728527171978135,0.010693894233929784,57.728527171978136,0.0,57.728527171978136,681.4149405860059,0.0,634945.2225115339,0.5
2026-01-10 00:00:00+00:00,14.0,5.0,4792.868313,23170.91613844323,4.0,10.0,0.2179702351252457,276.1450015371391,4234.773132234115,169359.83790247855,36897.685424,2117.386566117057,2117.3865661170576,0.012502294477491759,0.05738534929185041,0.0,0.0,7953.508004828185,1660.310197,2000.0,0.0,0.05738534929185041,0.012502294477491759,0.0,194.7145797931159,-194.7145797931159,25.004588954983518,0.0,635221.367513071,0.4999999999999999
2026-01-11 00:00:00+00:00,20.0,4.0,2223.507097,10384.06481482763,14.0,6.0,0.2079797719027325,128.41841594456903,4099.238296931293,173426.89091342103,36036.769884,2049.6191484656465,2049.6191484656465,0.011818346841545277,0.05687577313569546,0.0,0.0,0.0,0.0,38.78,0.0,0.05687577313569546,0.011818346841545277,0.0,0.0,0.0,0.4583154905151258,0.0,635349.7859290156,0.5
2026-01-12 00:00:00+00:00,16.0,7.0,2201.977413,11017.487975865799,9.0,7.0,0.19558164269126577,122.29450435648167,3831.6135981877537,178866.55365193856,34945.155606,1915.8067990938769,1915.8067990938769,0.010710816303991068,0.05482324419139051,0.0,0.0,0.0,0.0,11810.94,0.0,0.05482324419139051,0.010710816303991068,0.0,0.0,0.0,126.50480871746028,0.0,635472.0804333721,0.5
2026-01-13 00:00:00+00:00,62.0,7.0,3903.783699,21269.948831561174,34.0,28.0,0.18229933914113314,251.521092632751,4375.446790036912,185275.29397214163,33744.168639,2187.723395018456,2187.723395018456,0.011807960727604655,0.06483263577843737,0.0,0.0,0.0,0.0,0.0,0.0,0.06483263577843737,0.011807960727604655,0.0,0.0,0.0,0.0,0.0,635723.6015260048,0.5
2026-01-14 00:00:00+00:00,44.0,9.0,6734.749804,35164.824907797374,28.0,16.0,0.19172015167407133,412.228939367987,4147.257648572998,180696.6245647003,34612.627391,2073.628824286499,2073.628824286499,0.011475747426283631,0.05990960469027223,0.0,0.0,0.0,0.0,38.15,16179.999999999998,0.05990960469027223,0.011475747426283631,0.0,0.0,0.0,0.4377997643127205,185.67759335726913,636135.8304653729,0.5
2026-01-15 00:00:00+00:00,18.0,9.0,3043.249314,14880.200532800684,6.0,12.0,0.2086915619181231,178.92232634674858,4280.541028760026,180335.22686985284,37623.702807,2140.270514380013,2140.270514380013,0.01186828858415243,0.0568862274231501,0.0,3000.000027,0.0,0.0,1800.0,0.0,0.0568862274231501,0.01186828858415243,170.65868380537844,0.0,170.65868380537844,21.362919451474376,0.0,636314.7527917196,0.5
2026-01-16 00:00:00+00:00,12.0,4.0,1163.4473580000001,5715.650442409629,8.0,4.0,0.20349760727181523,66.72554515526586,4256.572734395146,182689.3194626696,37141.219693,2128.286367197573,2128.286367197573,0.011649758034335789,0.0573025437718377,0.0,0.0,0.0,0.0,0.0,0.0,0.0573025437718377,0.011649758034335789,0.0,0.0,0.0,0.0,0.0,636381.4783368749,0.5
2026-01-17 00:00:00+00:00,9.0,6.0,1801.2837009999998,8924.007621107692,7.0,2.0,0.20817180250916936,103.33719313523879,4380.501954311055,180664.31590259183,37561.162474,2190.2509771555274,2190.2509771555274,0.012123318134038365,0.058311586566886175,0.0,0.0,0.0,0.0,0.0,0.0,0.058311586566886175,0.012123318134038365,0.0,0.0,0.0,0.0,0.0,636484.8155300101,0.5
2026-01-18 00:00:00+00:00,9.0,4.0,1643.620571,7829.338629808774,1.0,8.0,0.2079821723937863,95.89672989812723,4244.9877609832565,180559.84307619053,37586.149577,2122.4938804916283,2122.4938804916283,0.011755071583641126,0.056470106791424064,0.0,0.0,0.0,0.0,0.0,0.0,0.056470106791424064,0.011755071583641126,0.0,0.0,0.0,0.0,0.0,636580.7122599083,0.5
2026-01-19 00:00:00+00:00,13.0,6.0,1489.4468530000001,7264.1141953944925,9.0,4.0,0.2082646523716155,81.55857192178517,4153.918485695416,180424.330308422,37617.378272,2076.959242847708,2076.959242847708,0.011511525298707222,0.05521275905592988,0.0,0.0,0.0,0.0,0.0,0.0,0.05521275905592988,0.011511525298707222,0.0,0.0,0.0,0.0,0.0,636662.2708318301,0.5
2026-01-20 00:00:00+00:00,19.0,7.0,3552.028188,16305.759689989483,6.0,13.0,0.22259720102057304,190.56144672656384,4402.591206276121,187807.39483051104,41741.196324,2201.2956031380604,2201.2956031380604,0.01172102730632436,0.05273676360522466,13075.519357697052,2891.194,0.0,0.0,13664.8,0.0,0.05273676360522466,0.01172102730632436,305.7307339507838,0.0,305.7307339507838,160.16549393546111,0.0,636852.8322785567,0.5
2026-01-21 00:00:00+00:00,9.0,4.0,557.702489,2494.412236373515,6.0,3.0,0.22496446380339957,29.854129516095657,4533.941294357046,186450.5896518393,42046.069974,2266.970647178523,2266.970647178523,0.012158559816901924,0.053916350531223206,0.0,0.0,0.0,0.0,0.0,0.0,0.053916350531223206,0.012158559816901924,0.0,0.0,0.0,0.0,0.0,636882.6864080727,0.5
2026-01-22 00:00:00+00:00,1.0,1.0,35.095761,156.07277737758469,0.0,1.0,0.2248679211691948,1.8678359532280449,4451.202995835871,186607.09758606143,42010.876279,2225.6014979179354,2225.601497917935,0.011926671207623864,0.05297679303657962,0.0,0.0,0.0,0.0,0.0,82.86248814158795,0.05297679303657962,0.011926671207623864,0.0,0.0,0.0,0.0,0.9882736515103508,636884.554244026,0.5
2026-01-23 00:00:00+00:00,1.0,1.0,25.710118,114.50826475728744,0.0,1.0,0.22452630868606172,1.390183828405433,4022.277399155411,168247.3411269899,37825.897294,2011.1386995777052,2011.1386995777057,0.01195346497666038,0.05316830117594369,0.0,0.0,18474.61071990812,4159.19113,6000.0,1145.0,0.05316830117594369,0.01195346497666038,0.0,441.9727388460097,-441.9727388460097,71.72078985996228,13.686717398276135,636885.9444278544,0.49999999999999994
2026-01-24 00:00:00+00:00,10.0,4.0,1049.097743,4575.922415807601,4.0,6.0,0.23029690623126903,55.576220078326465,4076.761706804453,166098.110676326,38317.448247,2038.3808534022264,2038.3808534022264,0.012272149545243185,0.053197197273224424,0.0,0.0,0.0,0.0,1565.9,0.0,0.053197197273224424,0.012272149545243185,0.0,0.0,0.0,19.216958972896304,0.0,636941.5206479327,0.5
2026-01-25 00:00:00+00:00,36.0,8.0,12425.138773,48880.08425927714,15.0,21.0,0.2633224719050167,619.1950722850291,4273.028073683428,162728.8548689674,42934.670041,2136.5140368417137,2136.514036841714,0.013129288217274548,0.04976197638881289,7879.812515903627,1817.807,0.0,0.0,0.0,0.0,0.04976197638881289,0.013129288217274548,193.9139986328048,0.0,193.9139986328048,0.0,0.0,637560.7157202177,0.4999999999999999
2026-01-26 00:00:00+00:00,28.0,10.0,12426.224712,45267.95873537177,9.0,19.0,0.27371133520383967,627.2558086936234,4245.552507471616,151285.348060656,41424.296907,2122.776253735808,2122.776253735808,0.014031605049318505,0.051244714146906734,0.0,0.0,8651.42497816201,2285.063687,21739.748442949665,4939.437941050019,0.051244714146906734,0.014031605049318505,0.0,238.49081385517002,-238.49081385517002,305.04356402300664,69.30824235443285,638187.9715289113,0.5
2026-01-27 00:00:00+00:00,14.0,7.0,1562.744416,5649.3553129703605,9.0,5.0,0.2763553478675929,80.28688952888888,4236.960707530328,150614.78583729308,41611.85511,2118.480353765164,2118.4803537651637,0.014065553670499038,0.05091050010063259,0.0,0.0,0.0,0.0,660.0,0.0,0.05091050010063259,0.014065553670499038,0.0,0.0,0.0,9.283265422529364,0.0,638268.2584184401,0.5
2026-01-28 00:00:00+00:00,30.0,9.0,16332.644166,51900.44898885774,9.0,21.0,0.31649906054198707,809.2141025738108,4465.968829553016,140861.2738607894,44525.173236,2232.9844147765084,2232.9844147765075,0.015852365618838047,0.05015105506588056,0.0,0.0,0.0,0.0,611.0,88214.7358779401,0.05015105506588056,0.015852365618838047,0.0,0.0,0.0,9.685795393110046,1398.4122461063366,639077.4725210139,0.5000000000000001
2026-01-29 00:00:00+00:00,23.0,10.0,5086.303507,17228.909261510264,19.0,4.0,0.28949546262983705,241.0090720905305,4057.576726604856,145763.80560628584,43037.712418,2028.788363302428,2028.788363302428,0.013918327357494155,0.047139781584996876,0.0,0.0,0.0,0.0,23249.517226800166,0.0,0.047139781584996876,0.013918327357494155,0.0,0.0,0.0,323.5943916663044,0.0,639318.4815931044,0.5
2026-01-30 00:00:00+00:00,9.0,6.0,1751.374456,6125.835146073634,3.0,6.0,0.2803522142323863,80.84133800401928,3918.797384354642,149470.17981720765,41973.9766,1959.3986921773212,1959.3986921773208,0.013108960560384278,0.04668127375325503,0.0,0.0,0.0,0.0,7931.916386488359,0.0,0.04668127375325503,0.013108960560384278,0.0,0.0,0.0,103.97917907874168,0.0,639399.3229311084,0.5000000000000001
2026-01-31 00:00:00+00:00,11.0,4.0,683.011109,2412.26302989097,7.0,4.0,0.2842652124140881,29.03025915780622,3596.2337868515187,148536.99277078823,42239.04854,1798.1168934257596,1798.1168934257591,0.012105515669086462,0.04257001413568676,0.0,0.0,0.0,0.0,125.0,0.0,0.04257001413568676,0.012105515669086462,0.0,0.0,0.0,1.513189458635808,0.0,639428.3531902662,0.5000000000000001
2026-02-01 00:00:00+00:00,21.0,9.0,2468.224535,8492.920608542965,9.0,12.0,0.2911716922942458,104.86067768077872,3545.7847672373455,146973.41309272574,42693.325748,1772.8923836186725,1772.8923836186727,0.012062674100792313,0.04152621873693513,0.0,0.0,0.0,0.0,1675.9644841888999,0.0,0.04152621873693513,0.012062674100792313,0.0,0.0,0.0,20.21661337727319,0.0,639533.213867947,0.49999999999999994
2026-02-02 00:00:00+00:00,22.0,6.0,4011.895736,14558.737591342098,14.0,8.0,0.2676743888216862,167.26206216315606,3480.9661891341516,153022.7361220689,41013.417126,1740.4830945670758,1740.4830945670758,0.011374016297673976,0.04243691983089397,0.0,0.0,0.0,0.0,14010.9881620453,0.0,0.04243691983089397,0.011374016297673976,0.0,0.0,0.0,159.3612077016204,0.0,639700.4759301102,0.5
2026-02-03 00:00:00+00:00,9.0,3.0,827.58835,3113.1545658323066,5.0,4.0,0.2622778086735908,34.26593144562852,3427.553360772563,154736.74344553342,40560.755031,1713.7766803862812,1713.7766803862817,0.01107543458796858,0.04225209020582745,0.0,0.0,0.0,0.0,7000.0,0.0,0.04225209020582745,0.01107543458796858,0.0,0.0,0.0,77.52804211578007,0.0,639734.7418615558,0.49999999999999994
2026-02-04 00:00:00+00:00,17.0,6.0,1814.834987,6859.089621874389,7.0,10.0,0.2657412188292613,75.7684181659207,3300.870851028142,153572.69432068046,40871.836035,1650.435425514071,1650.4354255140713,0.010746932798272978,0.04038075079623888,0.0,0.0,0.0,0.0,5200.0,0.0,0.04038075079623888,0.010746932798272978,0.0,0.0,0.0,55.884050551019484,0.0,639810.5102797218,0.5
2026-02-05 00:00:00+00:00,27.0,7.0,22120.601089,67047.01165259059,14.0,13.0,0.34928029537191396,794.8419787809967,3363.579674509931,133987.40219630266,46889.798337,1681.7898372549655,1681.7898372549655,0.012551850470173336,0.03586686010393633,0.0,0.0,0.0,0.0,0.0,0.0,0.03586686010393633,0.012551850470173336,0.0,0.0,0.0,0.0,0.0,640605.3522585029,0.5
2026-02-06 00:00:00+00:00,116.0,17.0,86908.2514,179227.03210435394,69.0,47.0,0.4793023017217076,3129.7810554190587,4311.075767715135,114731.69235766346,54926.35215,2155.5378838575675,2155.5378838575675,0.018787641318302135,0.03924414783583198,0.0,0.0,0.0,0.0,75111.0,143.50110794059896,0.03924414783583198,0.018787641318302135,0.0,0.0,0.0,1411.1585270589917,2.6960473447669315,643735.1333139219,0.5
2026-02-07 00:00:00+00:00,39.0,9.0,15606.514648,30119.230563166668,16.0,23.0,0.5325913548525623,608.0727675777591,4533.558606224891,109397.81190097069,57635.463144,2266.7793031124456,2266.779303112445,0.02072051774823782,0.03932959291832155,0.0,0.0,0.0,0.0,0.0,0.0,0.03932959291832155,0.02072051774823782,0.0,0.0,0.0,0.0,0.0,644343.2060814996,0.5
2026-02-08 00:00:00+00:00,35.0,13.0,8002.713822,14325.301002248396,26.0,9.0,0.5813843378863289,313.5715190755224,4677.111473638138,104198.41994371016,60527.446887,2338.555736819069,2338.555736819069,0.022443293651500648,0.03863628580245536,0.0,0.0,0.0,0.0,0.0,57.34203813571939,0.03863628580245536,0.022443293651500648,0.0,0.0,0.0,0.0,1.2869442004554992,644656.7776005751,0.5
2026-02-09 00:00:00+00:00,17.0,9.0,2532.848931,4450.883408876247,12.0,5.0,0.5606714094856379,96.15409336310164,4556.218597129588,105988.51653485112,59510.179769,2278.109298564794,2278.1092985647942,0.02149392569161685,0.038281001795116495,0.0,0.0,0.0,0.0,1491.0,860.2798442245078,0.038281001795116495,0.02149392569161685,0.0,0.0,0.0,32.047443206200725,18.49079104575729,644752.9316939382,0.5
2026-02-10 00:00:00+00:00,14.0,6.0,8233.241990999999,15974.363604431874,9.0,5.0,0.4951292792262116,306.12227445233884,4192.621502595509,112994.45969384664,55836.269054,2096.3107512977545,2096.3107512977545,0.018552332184937327,0.03754389014191447,0.0,0.0,0.0,0.0,11400.613767606159,0.0,0.03754389014191447,0.018552332184937327,0.0,0.0,0.0,211.50797372879936,0.0,645059.0539683906,0.5
2026-02-11 00:00:00+00:00,13.0,6.0,1039.269928,2097.7371752528006,8.0,5.0,0.4968489621051511,38.278656306796805,4143.585566175538,112772.08465733856,55948.46852,2071.7927830877693,2071.792783087769,0.018371503811275416,0.03703037523443848,0.0,0.0,0.0,0.0,17.755184866085116,59.41275004515727,0.03703037523443848,0.018371503811275416,0.0,0.0,0.0,0.3261894464371823,1.0915015638929604,645097.3326246974,0.5000000000000001
2026-02-12 00:00:00+00:00,9.0,6.0,2638.090083,5137.426500842864,4.0,5.0,0.519335321519374,98.43357610881496,4283.378293557144,110238.72926902752,57239.453335,2141.689146778572,2141.689146778572,0.019427737973575294,0.03741631028941014,0.0,0.0,0.0,0.0,3409.5638959311905,0.0,0.03741631028941014,0.019427737973575294,0.0,0.0,0.0,66.24011397431372,0.0,645195.7662008061,0.5
2026-02-13 00:00:00+00:00,14.0,6.0,3094.973444,6264.497991841848,10.0,4.0,0.48727690869265966,117.77912874988856,4290.469410807618,113804.96128420846,55451.898011,2145.2347054038096,2145.234705403809,0.01885009828390919,0.03868640718083732,0.0,0.0,0.0,0.0,36000.0,366265.03956934024,0.03868640718083732,0.01885009828390919,0.0,0.0,0.0,678.6035382207309,6904.131993841952,645313.545329556,0.5000000000000001
2026-02-14 00:00:00+00:00,14.0,6.0,220.042378,449.94128640139803,12.0,2.0,0.4882098647896595,8.462702913071444,4281.256799020968,113645.3792757756,55530.205051,2140.628399510484,2140.628399510484,0.01883603550933615,0.03854890140500094,0.0,0.0,0.0,0.0,16272.0,228756.481644,0.03854890140500094,0.01883603550933615,0.0,0.0,0.0,306.49996980791786,4308.865211237187,645322.0080324691,0.5
2026-02-15 00:00:00+00:00,147.0,14.0,42843.357887,114873.16583598766,81.0,66.0,0.5003123180417394,1614.8754102803048,4207.356608149688,112314.14542274988,56285.829522,2103.678304074844,2103.678304074844,0.01873030593035819,0.037374918730701055,0.0,0.0,0.0,0.0,2300.5,2.0,0.037374918730701055,0.01873030593035819,0.0,0.0,0.0,43.089068792789014,0.03746061186071638,646936.8834427494,0.5
2026-02-16 00:00:00+00:00,11.0,9.0,5199.391063,11319.21484969323,9.0,2.0,0.4419053707566185,189.3096285006294,4027.766185263157,119715.1522528552,52816.171057,2013.8830926315784,2013.8830926315784,0.016822290701998813,0.03813004714897197,0.0,0.0,0.0,0.0,0.0,0.0,0.03813004714897197,0.016822290701998813,0.0,0.0,0.0,0.0,0.0,647126.19307125,0.5
2026-02-17 00:00:00+00:00,3.0,3.0,71.575423,162.1302939675177,2.0,1.0,0.4405902742151264,2.6754986859317214,3941.29218806288,119716.73473355746,52815.616197,1970.64609403144,1970.64609403144,0.016460907478117626,0.03731180730110227,0.0,0.0,0.0,0.0,0.0,14599.07931471089,0.03731180730110227,0.016460907478117626,0.0,0.0,0.0,0.0,240.31409386515685,647128.8685699359,0.5
2026-02-18 00:00:00+00:00,36.0,12.0,12331.165534,26942.003573821563,20.0,16.0,0.4902777184225125,463.5491038168628,4090.398928224656,113674.85536520318,55647.925589,2045.199464112328,2045.199464112328,0.017991661018980108,0.036752483447767645,0.0,0.0,0.0,0.0,2823.0000000000005,0.0,0.036752483447767645,0.017991661018980108,0.0,0.0,0.0,50.79045905658085,0.0,647592.4176737528,0.5
2026-02-19 00:00:00+00:00,50.0,13.0,21434.962669,45071.804553427784,25.0,25.0,0.4811314487790469,776.0812149708571,4054.4265242822166,116065.8927741818,55893.6607,2027.2132621411083,2027.2132621411083,0.017466054959705185,0.03626910881757845,2815.22267396482,0.0,0.0,0.0,80787.83034299494,123.32472793125305,0.03626910881757845,0.017466054959705185,49.170833947277735,0.0,49.170833947277735,1411.0446848460879,2.153996475937955,648368.4988887237,0.5
2026-02-20 00:00:00+00:00,14.0,8.0,2741.216228,5681.593082243483,4.0,10.0,0.4931371390694124,100.09403121491893,4140.536823716882,114607.8670993813,56610.259458,2070.268411858441,2070.2684118584407,0.018063929329242508,0.03657055155160353,0.0,0.0,0.0,0.0,3674.0,732.1895443103842,0.03657055155160353,0.018063929329242508,0.0,0.0,0.0,66.36687635563698,13.226220184033057,648468.5929199386,0.5
2026-02-21 00:00:00+00:00,42.0,10.0,22102.999185,42857.3823561979,17.0,25.0,0.4412835664745258,763.3736249110514,3923.2260704233076,121409.88529530828,53478.715414,1961.6130352116536,1961.613035211654,0.016156946614687705,0.03668025718318078,0.0,0.0,0.0,0.0,2467.9376281017085,0.0,0.03668025718318078,0.016156946614687705,0.0,0.0,0.0,39.8743365056183,0.0,649231.9665448497,0.49999999999999994
2026-02-22 00:00:00+00:00,17.0,9.0,4970.815066,10512.569599848028,7.0,10.0,0.5011669773454744,177.81711173087282,4087.464939794733,113877.3015469606,57026.31028,2043.7324698973664,2043.7324698973664,0.017946793980313753,0.035838413179155565,0.0,0.0,0.0,0.0,129.3,0.0,0.035838413179155565,0.017946793980313753,0.0,0.0,0.0,2.3205204616545685,0.0,649409.7836565806,0.5
2026-02-23 00:00:00+00:00,18.0,7.0,8682.551393,18984.717749735184,7.0,11.0,0.428279229546171,299.55208296400707,3641.7965420162677,123308.715185451,52681.075513,1820.8982710081336,1820.898271008134,0.014766987623458577,0.03456456143456666,0.0,0.0,0.0,0.0,0.0,0.0,0.03456456143456666,0.014766987623458577,0.0,0.0,0.0,0.0,0.0,649709.3357395446,0.49999999999999994
2026-02-24 00:00:00+00:00,7.0,5.0,5232.494965,11397.867179355702,3.0,4.0,0.4660996403785147,174.63570324106448,3752.4491275515174,118141.17891894202,54995.668895,1876.2245637757587,1876.2245637757587,0.01588120739054972,0.03411586042089831,0.0,0.0,0.0,0.0,0.0,25082.35351979725,0.03411586042089831,0.01588120739054972,0.0,0.0,0.0,0.0,398.3380580909848,649883.9714427857,0.5
2026-02-25 00:00:00+00:00,22.0,10.0,5836.805566,13454.437520214155,16.0,6.0,0.42579346994271494,204.45142933549894,3741.531281827525,123733.4472231522,52521.502039,1870.7656409137628,1870.7656409137624,0.015119320465870908,0.03561904302593288,0.0,0.0,0.0,0.0,550.9853021807694,0.0,0.03561904302593288,0.015119320465870908,0.0,0.0,0.0,8.330523355655773,0.0,650088.4228721212,0.5000000000000001
2026-02-26 00:00:00+00:00,4.0,3.0,194.951346,461.9242818566538,0.0,4.0,0.4210330253868528,6.8248131811032,3697.93947817973,124202.3451315115,52323.614389,1848.969739089865,1848.9697390898648,0.01488675384617002,0.03533719450922668,0.0,0.0,0.0,0.0,0.9573563351,0.0,0.03533719450922668,0.01488675384617002,0.0,0.0,0.0,0.01425192810370516,0.0,650095.2476853023,0.5
2026-02-27 00:00:00+00:00,7.0,4.0,851.500656,1997.51212757521,5.0,2.0,0.42882952611693287,29.316064723351133,3630.0117752549595,122813.07232994853,52917.214809,1815.00588762748,1815.0058876274795,0.014778605023016613,0.03429896857154298,0.0,0.0,0.0,0.0,0.0,0.0,0.03429896857154298,0.014778605023016613,0.0,0.0,0.0,0.0,0.0,650124.5637500256,0.5000000000000001
2026-02-28 00:00:00+00:00,7.0,5.0,346.105799,803.938481102371,4.0,3.0,0.43266384364136007,11.698598938043745,3661.679627126576,122606.72564384268,53006.969262,1830.839813563288,1830.839813563288,0.01493262138719576,0.03453960562268541,0.0,0.0,0.0,0.0,0.0,0.0,0.03453960562268541,0.01493262138719576,0.0,0.0,0.0,0.0,0.0,650136.2623489636,0.5
2026-03-01 00:00:00+00:00,11.0,8.0,3742.0386369999997,9169.216756914797,9.0,2.0,0.4031761396648008,128.01475029829754,3442.739942298612,127084.09534240884,51146.776423,1721.369971149306,1721.3699711493057,0.013545125111929509,0.03365549290756923,0.0,0.0,0.0,0.0,6186.0,0.0,0.03365549290756923,0.013545125111929509,0.0,0.0,0.0,83.79014394239594,0.0,650264.277099262,0.5
2026-03-02 00:00:00+00:00,9.0,5.0,2614.079192,6790.250048344259,8.0,1.0,0.3780557386410347,91.83708789705165,3435.9171367804856,131217.93415364003,49540.573254,1717.9585683902428,1717.9585683902428,0.013092406761858673,0.03467780963256277,0.0,0.0,0.0,0.0,0.0,0.0,0.03467780963256277,0.013092406761858673,0.0,0.0,0.0,0.0,0.0,650356.114187159,0.5
2026-03-03 00:00:00+00:00,8.0,3.0,236.33730500000001,623.5414670699133,6.0,2.0,0.3780395235286279,7.989526024459562,3367.6027713945005,131064.0477416296,49599.213518,1683.8013856972505,1683.8013856972502,0.012847164532996704,0.0339481468811231,0.0,0.0,0.0,0.0,0.0,0.0,0.0339481468811231,0.012847164532996704,0.0,0.0,0.0,0.0,0.0,650364.1037131834,0.5000000000000001
2026-03-04 00:00:00+00:00,22.0,7.0,4426.805498,11085.456362223884,10.0,12.0,0.40276944346349364,150.63783616898243,3649.2892848409188,129599.5008354711,52136.874502,1824.6446424204591,1824.6446424204596,0.014079102393587752,0.034997200347145194,2448.4141977678,1002.561,0.0,0.0,0.0,0.0,0.034997200347145194,0.014079102393587752,69.5583023695211,0.0,69.5583023695211,0.0,0.0,650514.7415493524,0.49999999999999994
2026-03-05 00:00:00+00:00,1.0,1.0,142.664967,352.95911358326777,1.0,0.0,0.40419686448000847,4.887028206733567,3590.2778553138423,129246.92648733688,52279.384992,1795.1389276569214,1795.1389276569212,0.013889219468849823,0.034337414794218035,0.0,0.0,0.0,0.0,0.0,0.0,0.034337414794218035,0.013889219468849823,0.0,0.0,0.0,0.0,0.0,650519.6285775591,0.5000000000000001
2026-03-06 00:00:00+00:00,5.0,3.0,108.747394,268.39324297814926,4.0,1.0,0.40587523589430474,3.6336989676028457,3492.2096225657406,129128.81136259664,52327.423483,1746.1048112828703,1746.1048112828703,0.013522193791281547,0.03336882833243529,0.0,0.0,0.0,0.0,0.0,0.0,0.03336882833243529,0.013522193791281547,0.0,0.0,0.0,0.0,0.0,650523.2622765268,0.5
2026-03-07 00:00:00+00:00,13.0,3.0,291.239639,713.664204799068,11.0,2.0,0.40819686390309445,9.678059027140721,3470.7044363409104,128561.88948967733,52558.757105,1735.3522181704554,1735.3522181704552,0.013498185388056177,0.03301737548138041,0.0,0.0,0.0,0.0,0.0,0.0,0.03301737548138041,0.013498185388056177,0.0,0.0,0.0,0.0,0.0,650532.940335554,0.5000000000000001
2026-03-08 00:00:00+00:00,8.0,5.0,854.516069,2069.0716372003553,2.0,6.0,0.41260514578456003,27.71161076360278,3408.6811507760553,128067.69424999728,52763.277556,1704.3405753880277,1704.3405753880277,0.013308122593829427,0.03230164338405884,0.0,0.0,0.0,0.0,13120.0,0.0,0.03230164338405884,0.013308122593829427,0.0,0.0,0.0,174.60256843104207,0.0,650560.6519463175,0.5
2026-03-09 00:00:00+00:00,1.0,1.0,40.775166,99.24503136301021,0.0,1.0,0.41085347487932156,1.3367253244881174,3473.430124179183,128168.19400482634,52721.987288,1736.7150620895916,1736.7150620895916,0.013550281140921697,0.032941001495307515,0.0,0.0,0.0,0.0,0.0,0.0,0.032941001495307515,0.013550281140921697,0.0,0.0,0.0,0.0,0.0,650561.988671642,0.5
2026-03-10 00:00:00+00:00,9.0,6.0,4497.483392,11743.751122561558,7.0,2.0,0.3842612452711956,151.3683870320356,3395.10493336904,132684.75920162143,50936.170208,1697.55246668452,1697.55246668452,0.012793876831814573,0.03332705344262226,0.0,0.0,0.0,0.0,0.0,0.0,0.03332705344262226,0.012793876831814573,0.0,0.0,0.0,0.0,0.0,650713.3570586741,0.5
2026-03-11 00:00:00+00:00,36.0,12.0,14028.354478,41643.19104264371,15.0,21.0,0.3592384887722401,464.59319481546515,3379.918517147038,134578.62581079462,48350.940599,1689.9592585735188,1689.959258573519,0.012557412058505106,0.03495194173344522,0.0,0.0,2772.7283280105926,885.831421,29511.22886328404,17326.39725148082,0.03495194173344522,0.012557412058505106,0.0,65.7798203535659,-65.7798203535659,370.5846611891069,217.57470977619496,651177.9502534895,0.49999999999999994
2026-03-12 00:00:00+00:00,23.0,8.0,4975.55421,13361.956888708759,10.0,13.0,0.3938993129813107,171.21023462989825,3488.875120462013,128432.727336266,50674.83164,1744.4375602310065,1744.4375602310067,0.013582500320682853,0.03442414121123673,0.0,0.0,0.0,0.0,0.0,17659.745982094813,0.03442414121123673,0.013582500320682853,0.0,0.0,0.0,0.0,239.86350546498053,651349.1604881195,0.5
2026-03-13 00:00:00+00:00,5.0,5.0,87.86818199999999,222.3759187271387,2.0,3.0,0.39600868484079005,3.0138672064651977,3439.4311930872864,128312.13653383446,50722.635352,1719.7155965436432,1719.7155965436432,0.013402594976587998,0.03390430297261427,0.0,0.0,0.0,0.0,0.0,17500.0,0.03390430297261427,0.013402594976587998,0.0,0.0,0.0,0.0,234.54541209028997,651352.174355326,0.5
2026-03-14 00:00:00+00:00,9.0,4.0,250.62847000000002,629.6361312867743,9.0,0.0,0.39959186123291135,8.472129832205084,3430.4758465479345,127683.16041777447,50973.001416,1715.237923273967,1715.2379232739672,0.013433548462160346,0.03364992987710487,0.0,0.0,0.0,0.0,0.0,0.0,0.03364992987710487,0.013433548462160346,0.0,0.0,0.0,0.0,0.0,651360.6464851582,0.49999999999999994
2026-03-15 00:00:00+00:00,16.0,8.0,4572.06047,12337.89952369764,6.0,10.0,0.36399981656515257,152.47992343509148,3314.5063229961297,133814.88397184535,48646.217956,1657.2531614980649,1657.253161498065,0.012384669868613052,0.0340674615855447,0.0,0.0,0.0,0.0,959.9082550986849,0.0,0.0340674615855447,0.012384669868613052,0.0,0.0,0.0,11.888146843553614,0.0,651513.1264085934,0.5
2026-03-16 00:00:00+00:00,68.0,15.0,42903.712437,158981.63342798388,29.0,39.0,0.340483173012692,1603.007966642891,3362.378213028775,138490.5967076642,47094.996803,1681.1891065143875,1681.1891065143875,0.012139373693819525,0.03569782823315308,0.0,0.0,0.0,0.0,81610.6629395104,77520.0,0.03569782823315308,0.012139373693819525,0.0,0.0,0.0,990.7023348230645,941.0442487448895,653116.1343752362,0.5
2026-03-17 00:00:00+00:00,16.0,8.0,4211.440549,11645.210981477543,6.0,10.0,0.37530400196116714,147.894632108646,3490.5376495859846,131709.0226740803,49528.469969,1745.2688247929923,1745.2688247929923,0.01325094355237709,0.0352376890682341,0.0,0.0,0.0,0.0,170.89987358349916,14650.0,0.0352376890682341,0.01325094355237709,0.0,0.0,0.0,2.264584577963328,194.12632304232437,653264.0290073449,0.5
2026-03-18 00:00:00+00:00,16.0,10.0,3306.291696,8882.975912491363,9.0,7.0,0.3830030033895355,112.16879550127307,3383.44237122499,130407.49914776572,50029.450579,1691.7211856124948,1691.721185612495,0.012972575938256379,0.03381450657630447,0.0,0.0,0.0,0.0,0.0,10000.0,0.03381450657630447,0.012972575938256379,0.0,0.0,0.0,0.0,129.72575938256378,653376.1978028461,0.49999999999999994
2026-03-19 00:00:00+00:00,7.0,5.0,151.632552,397.2253797156526,1.0,6.0,0.38086200307302515,5.053805691743237,3280.2422471271634,130800.95833407024,49879.262634,1640.1211235635817,1640.1211235635817,0.012539060450724336,0.03288182376708993,0.0,0.0,0.0,0.0,0.0,0.0,0.03288182376708993,0.012539060450724336,0.0,0.0,0.0,0.0,0.0,653381.2516085379,0.5
2026-03-20 00:00:00+00:00,4.0,3.0,124.293093,326.291971561713,2.0,2.0,0.3805205911823647,4.09765340538528,3279.9139571066034,130830.50392285366,49868.247704,1639.956978553302,1639.9569785533015,0.012534974102983883,0.032885795151405696,0.0,0.0,0.0,0.0,0.0,19900.0,0.032885795151405696,0.012534974102983883,0.0,0.0,0.0,0.0,249.44598464937926,653385.3492619433,0.5000000000000001
2026-03-21 00:00:00+00:00,17.0,7.0,2518.382951,6373.959097907485,6.0,11.0,0.39886187709256204,83.54100765866181,3307.942007970532,127841.41037613648,51039.268444,1653.971003985266,1653.971003985266,0.012937678011521722,0.032405852481996164,0.0,0.0,0.0,0.0,0.0,4236.0,0.032405852481996164,0.012937678011521722,0.0,0.0,0.0,0.0,54.804004056806015,653468.890269602,0.5
2026-03-22 00:00:00+00:00,7.0,5.0,1920.062049,4644.077013508443,5.0,2.0,0.4183072021475883,61.86872485360265,3352.2316956042296,124816.44008843186,52280.048441,1676.1158478021148,1676.1158478021148,0.0134286464716875,0.032060334635949594,0.0,0.0,0.0,0.0,0.0,11480.0,0.032060334635949594,0.0134286464716875,0.0,0.0,0.0,0.0,154.1608614949725,653530.7589944556,0.5
2026-03-23 00:00:00+00:00,8.0,4.0,422.945611,1015.3824367099741,5.0,3.0,0.417983949169428,13.579109662948362,3361.115602774742,125047.76365539742,52184.184742,1680.557801387371,1680.557801387371,0.013439327119984312,0.032204350986723154,0.0,0.0,0.0,0.0,17629.36581273681,21.150425113120868,0.032204350986723154,0.013439327119984312,0.0,0.0,0.0,236.9268140752381,0.2842474818219625,653544.3381041185,0.5
2026-03-24 00:00:00+00:00,12.0,6.0,2231.8878720000002,5134.776788557054,5.0,7.0,0.44063115407441084,70.91409797820488,3454.405563303226,121590.87810034765,53672.251172,1727.202781651613,1727.202781651613,0.014205035843446833,0.03218055408401928,0.0,0.0,0.0,0.0,2425.0,19302.59390923985,0.03218055408401928,0.014205035843446833,0.0,0.0,0.0,34.44721192035857,274.19403835225063,653615.2522020966,0.5
2026-03-25 00:00:00+00:00,12.0,5.0,961.4767999999999,2175.4694189690845,2.0,10.0,0.4391641086716069,31.091347749223264,3451.174962623526,121830.53917797716,53568.588299,1725.587481311763,1725.587481311763,0.014163833575347838,0.032212674182865775,0.0,0.0,0.0,0.0,193.9632438051,0.0,0.032212674182865775,0.014163833575347838,0.0,0.0,0.0,2.7472631049900538,0.0,653646.3435498459,0.5
2026-03-26 00:00:00+00:00,20.0,11.0,8995.002781000001,22706.72267823,8.0,12.0,0.4056244369112317,275.6083050118245,3157.1089954136837,126807.76287137196,51483.9472,1578.554497706842,1578.5544977068416,0.012448405854364422,0.030661100858771013,0.0,0.0,0.0,0.0,10034.32942887093,26918.685811947296,0.030661100858771013,0.012448405854364422,0.0,0.0,0.0,124.91140520697809,335.09472605324123,653921.9518548577,0.5000000000000001
2026-03-27 00:00:00+00:00,11.0,5.0,544.097807,1329.7225506434881,5.0,6.0,0.41104777588797903,16.45145229504961,3095.7983787508465,124711.55246052264,51347.337253,1547.8991893754232,1547.899189375423,0.012411834820718873,0.030145656467998955,0.0,0.0,1211.819092040782,499.286463,0.0,0.0,0.030145656467998955,0.012411834820718873,0.0,30.092216595723976,-30.092216595723976,0.0,0.0,653938.4033071528,0.5
2026-03-28 00:00:00+00:00,7.0,6.0,447.53373,1089.8450248107965,4.0,3.0,0.41112148697678563,13.543037639335196,3083.0691238279173,124928.08664703784,51259.23379,1541.534561913959,1541.5345619139584,0.012339375422192222,0.030073304806493062,0.0,0.0,0.0,0.0,344.0,0.0,0.030073304806493062,0.012339375422192222,0.0,0.0,0.0,4.244745145234124,0.0,653951.9463447921,0.5000000000000001
2026-03-29 00:00:00+00:00,34.0,13.0,20235.103049,65237.49414145076,17.0,17.0,0.3332033271716015,581.3382976138638,2730.013571474334,138608.07573526513,46239.384004,1365.006785737167,1365.006785737167,0.009847960001582199,0.02952043620691585,0.0,0.0,0.0,0.0,36453.62421449676,0.0,0.02952043620691585,0.009847960001582199,0.0,0.0,0.0,358.9938331770724,0.0,654533.284642406,0.5
2026-03-30 00:00:00+00:00,20.0,10.0,7848.01302,22164.82594700036,6.0,14.0,0.35943452403273835,235.18261749619344,2888.552444961641,133676.013747013,47961.060027,1444.2762224808205,1444.2762224808205,0.01080430349467309,0.03011351754251794,0.0,0.0,0.0,0.0,0.0,29000.0,0.03011351754251794,0.01080430349467309,0.0,0.0,0.0,0.0,313.32480134551963,654768.4672599023,0.5
2026-03-31 00:00:00+00:00,4.0,2.0,257.640414,720.8826670238939,3.0,1.0,0.3570141881268886,7.802080661026779,2926.2762546955073,134118.39265928027,47803.383495,1463.1381273477534,1463.1381273477537,0.01090930258212062,0.030607417726002402,0.0,0.0,0.0,0.0,0.0,173.70966514818164,0.030607417726002402,0.01090930258212062,0.0,0.0,0.0,0.0,1.8950512985403662,654776.2693405633,0.49999999999999994
2026-04-01 00:00:00+00:00,9.0,5.0,268.720262,749.9843478379,5.0,4.0,0.3575755031985128,8.291823014088385,2933.8709015771697,133839.95103587708,47903.371784,1466.9354507885848,1466.9354507885848,0.010960370498008914,0.030622801614114136,0.0,0.0,0.0,0.0,0.0,0.0,0.030622801614114136,0.010960370498008914,0.0,0.0,0.0,0.0,0.0,654784.5611635774,0.5
2026-04-02 00:00:00+00:00,34.0,14.0,15710.230463,53770.901279893966,9.0,25.0,0.29913911214582933,447.8535506851292,2641.719438623244,146595.58351573226,43765.166952,1320.859719311622,1320.859719311622,0.009010228600576297,0.030180616488000415,0.0,0.0,0.0,0.0,40540.0,1403.412963907647,0.030180616488000415,0.009010228600576297,0.0,0.0,0.0,365.2746674673631,12.645071625820233,655232.4147142625,0.5
2026-04-03 00:00:00+00:00,22.0,11.0,3261.010037,10331.187085144182,6.0,16.0,0.3308098035168571,99.57828368311966,2826.572919470009,139158.96749643516,46110.634671,1413.2864597350044,1413.2864597350042,0.010155913665938982,0.030649902561932233,0.0,0.0,0.0,0.0,362.69826017360424,8500.0,0.030649902561932233,0.010155913665938982,0.0,0.0,0.0,3.6835322171094,86.32526616048135,655331.9929979456,0.5
2026-04-04 00:00:00+00:00,16.0,6.0,2085.170527,6207.269509299455,8.0,8.0,0.33878643567599304,63.94632723313282,2890.949082678102,137552.09853957282,46653.471655,1445.474541339051,1445.474541339051,0.010508560441360316,0.03098321496904368,0.0,0.0,0.0,0.0,0.0,0.0,0.03098321496904368,0.010508560441360316,0.0,0.0,0.0,0.0,0.0,655395.9393251787,0.5
2026-04-05 00:00:00+00:00,3.0,3.0,30.472427000000003,89.78364681016438,1.0,2.0,0.33864145402194046,0.9285873433597298,2865.523467196039,137532.27332711118,46660.258311,1432.7617335980192,1432.7617335980194,0.010417640157741687,0.030706253789860624,0.0,0.0,0.0,0.0,0.0,0.0,0.030706253789860624,0.010417640157741687,0.0,0.0,0.0,0.0,0.0,655396.867912522,0.49999999999999994
2026-04-06 00:00:00+00:00,13.0,6.0,604.404177,1759.526109474407,1.0,12.0,0.34330981921612275,19.121406423990262,2908.520955424996,136619.97042623005,46973.046436,1454.260477712498,1454.2604777124982,0.010644567358457651,0.03095946692948485,0.0,0.0,0.0,0.0,0.0,6729.573243550035,0.03095946692948485,0.010644567358457651,0.0,0.0,0.0,0.0,71.63339568464268,655415.989318946,0.5
2026-04-07 00:00:00+00:00,9.0,6.0,1612.873656,4547.019563714372,3.0,6.0,0.35812234444309776,49.06388350179411,3085.3402428862946,133924.78903713427,47921.586501,1542.6701214431473,1542.670121443147,0.011518928889373873,0.032191549447365554,0.0,0.0,0.0,0.0,0.0,4000.0,0.032191549447365554,0.011518928889373873,0.0,0.0,0.0,0.0,46.07571555749549,655465.0532024478,0.5
2026-04-08 00:00:00+00:00,16.0,7.0,2299.825776,6705.6338155961885,6.0,10.0,0.33202703431490926,73.13838679010696,2942.569986155222,139102.59411144874,46142.319366,1471.284993077611,1471.284993077611,0.010576977391944397,0.031885804903030696,0.0,0.0,0.0,0.0,204.0,0.0,0.031885804903030696,0.010576977391944397,0.0,0.0,0.0,2.1577033879566567,0.0,655538.1915892379,0.5
2026-04-09 00:00:00+00:00,6.0,3.0,174.474045,523.7456678289358,5.0,1.0,0.33439622386400464,5.53698902826195,2934.7385163343943,138666.0051276292,46287.948002,1467.3692581671971,1467.369258167197,0.010582040326442084,0.031700892381399046,0.0,0.0,0.0,0.0,217.0,0.0,0.031700892381399046,0.010582040326442084,0.0,0.0,0.0,2.296302750837932,0.0,655543.7285782661,0.5
2026-04-10 00:00:00+00:00,19.0,9.0,2353.637738,7140.02940263817,14.0,5.0,0.33956517132486236,74.75376900693047,2934.4428092645,137575.8426899829,46659.498981,1467.22140463225,1467.22140463225,0.010664818589834306,0.03144528845519131,0.0,0.0,0.0,0.0,0.0,2023.4518960523985,0.03144528845519131,0.010664818589834306,0.0,0.0,0.0,0.0,21.579747396655094,655618.482347273,0.5
2026-04-11 00:00:00+00:00,11.0,7.0,833.22987,2423.621391339542,4.0,7.0,0.3443741331807142,25.970114995920703,2956.099916102255,136401.50619357362,47062.876113,1478.0499580511275,1478.0499580511275,0.010836023730951763,0.03140585701779606,0.0,0.0,0.0,0.0,0.0,2200.0,0.03140585701779606,0.010836023730951763,0.0,0.0,0.0,0.0,23.83925220809388,655644.452462269,0.5
2026-04-12 00:00:00+00:00,4.0,4.0,93.747208,271.16029573464084,2.0,2.0,0.3464636097694304,2.848140046598633,2834.002729275445,136226.1468255147,47123.646409,1417.0013646377224,1417.0013646377222,0.010401831055624651,0.030069858184130112,0.0,0.0,0.0,0.0,0.0,0.0,0.030069858184130112,0.010401831055624651,0.0,0.0,0.0,0.0,0.0,655647.3006023156,0.5
2026-04-13 00:00:00+00:00,8.0,5.0,293.124558,847.2777809712754,4.0,4.0,0.34585742010089376,8.855472371018104,2924.713955807019,136364.9608597436,47076.262515,1462.3569779035092,1462.3569779035097,0.010723847010872518,0.03106357428943209,0.0,0.0,0.0,0.0,333.0,23.451896052398503,0.03106357428943209,0.010723847010872518,0.0,0.0,0.0,3.5710410546205487,0.2514945453808067,655656.1560746866,0.49999999999999994
2026-04-14 00:00:00+00:00,3.0,3.0,103.741612,299.49544816036354,2.0,1.0,0.34565438021783135,3.1903159587641734,2876.5386840971114,136169.5968098826,47144.011263,1438.2693420485557,1438.2693420485557,0.010562338258639628,0.03050799674268175,0.0,0.0,0.0,0.0,0.0,0.0,0.03050799674268175,0.010562338258639628,0.0,0.0,0.0,0.0,0.0,655659.3463906454,0.5
2026-04-15 00:00:00+00:00,9.0,5.0,1043.426255,2966.2871981290477,3.0,6.0,0.3542430509373155,32.683905060604594,2991.8292900021015,134572.1565749546,47705.725161,1495.9146450010508,1495.9146450010508,0.011116078415283845,0.03135713040630978,0.0,0.0,0.0,0.0,148.0,4205.373245186905,0.03135713040630978,0.011116078415283845,0.0,0.0,0.0,1.6451796054620091,46.74725875903433,655692.030295706,0.5
2026-04-16 00:00:00+00:00,26.0,13.0,8615.086161,20886.007354513848,7.0,19.0,0.45318609171749663,274.3989250821238,3485.4011727712787,119308.5147553234,53826.434003,1742.7005863856396,1742.700586385639,0.01460667404970677,0.03237629649195245,0.0,0.0,0.0,0.0,0.0,0.0,0.03237629649195245,0.01460667404970677,0.0,0.0,0.0,0.0,0.0,655966.4292207882,0.5000000000000001
2026-04-17 00:00:00+00:00,5.0,5.0,709.663011,1591.6582246266735,1.0,4.0,0.4453912519064061,23.89665286465258,3664.0012810521102,119964.7320882872,53533.418493,1832.0006405260551,1832.000640526055,0.015271160187127389,0.03422162626818996,0.0,0.0,0.0,0.0,80.0,1096.5411302899843,0.03422162626818996,0.015271160187127389,0.0,0.0,0.0,1.221692814970191,16.745455252432073,655990.3258736528,0.5
2026-04-18 00:00:00+00:00,202.0,23.0,121113.238035,149069.8831364424,95.0,107.0,0.9130403215827144,4100.657612228632,5068.288432631825,83925.3405691255,76771.60006,2534.1442163159127,2534.144216315913,0.03019522112309634,0.03300887586471274,0.0,0.0,0.0,0.0,22368.0,0.0,0.03300887586471274,0.03019522112309634,0.0,0.0,0.0,675.406706081419,0.0,660090.9834858815,0.5
2026-04-19 00:00:00+00:00,30.0,8.0,21546.059014,31365.574730579596,20.0,10.0,0.5535772016238085,691.5528759226669,3788.03992986019,107976.88832383796,59708.446669,1894.019964930095,1894.019964930095,0.0175409756136856,0.031721139480144114,0.0,0.0,0.0,0.0,50000.0,0.0,0.031721139480144114,0.0175409756136856,0.0,0.0,0.0,877.0487806842799,0.0,660782.5363618041,0.5
2026-04-20 00:00:00+00:00,8.0,4.0,411.741881,740.3533747413402,7.0,1.0,0.5572932683745716,13.273822573416227,3902.8150675966335,107956.9638066396,60263.726017,1951.4075337983168,1951.4075337983168,0.018075791176319658,0.03238112979021306,488.1740207244668,272.12498,0.0,0.0,190.19846026271873,0.0,0.03238112979021306,0.018075791176319658,17.63584595285894,0.0,17.63584595285894,3.4379876497664363,0.0,660795.8101843775,0.5
2026-04-21 00:00:00+00:00,20.0,7.0,4785.5048879999995,8943.511174972356,12.0,8.0,0.504662628897717,159.23303429645065,3672.55949140664,113662.1939442844,57247.936279,1836.27974570332,1836.27974570332,0.016155589488299323,0.032075911640799426,0.0,0.0,0.0,0.0,2489.1319133569673,0.0,0.032075911640799426,0.016155589488299323,0.0,0.0,0.0,40.2133933744202,0.0,660955.0432186739,0.5
2026-04-22 00:00:00+00:00,109.0,15.0,62967.359651,96430.34124177656,48.0,61.0,0.9510439013131733,2082.660750081428,5035.329770578401,82493.0291853904,78314.549323,2517.6648852892,2517.6648852892004,0.030519728880741365,0.03214811177557008,0.0,0.0,380.43775448924737,349.795868,6880.246844724057,0.0,0.03214811177557008,0.030519728880741365,0.0,22.856133786106433,-22.856133786106433,209.98326833355446,0.0,663037.7039687553,0.4999999999999999
2026-04-23 00:00:00+00:00,97.0,14.0,51855.245189,48394.22493069645,41.0,56.0,1.4837299271216942,1664.7662268576346,6345.311714591307,65961.35067813289,98062.356325,3172.6558572956533,3172.6558572956533,0.048098709694060784,0.03235345321277801,0.0,0.0,0.0,0.0,1596.015101630291,0.0,0.03235345321277801,0.048098709694060784,0.0,0.0,0.0,76.76626704065228,0.0,664702.470195613,0.5
2026-04-24 00:00:00+00:00,56.0,19.0,32800.276509,30854.504617239476,36.0,20.0,0.852604907634928,1044.9104827509323,4909.278213539016,87520.24308681127,74697.56521,2454.639106769508,2454.639106769508,0.0280465298106491,0.0328610323491628,352.6001115825931,450.0,0.0,0.0,43875.35048530252,0.4257966601342136,0.0328610323491628,0.0280465298106491,24.67667409786266,0.0,24.67667409786266,1230.5513253387146,0.011942118721729044,665747.380678364,0.5
2026-04-25 00:00:00+00:00,6.0,4.0,386.445584,453.673642352586,4.0,2.0,0.854100881822914,12.804539048249852,4904.942827296818,87561.12511263022,74663.496955,2452.4714136484085,2452.471413648409,0.02800867862871548,0.03284699369394021,0.0,0.0,0.0,0.0,1270.4837910606686,1.1677296626681972,0.03284699369394021,0.02800867862871548,0.0,0.0,0.0,35.58457220681037,0.03270656484689188,665760.1852174122,0.4999999999999999
2026-04-26 00:00:00+00:00,21.0,9.0,7616.896008999999,9727.318444259954,17.0,4.0,0.7213898271011423,243.2510415000554,4511.552885198169,95269.36341391833,68636.800902,2255.7764425990845,2255.7764425990845,0.023677878824469274,0.03286540766694378,0.0,0.0,0.0,0.0,0.0,0.0,0.03286540766694378,0.023677878824469274,0.0,0.0,0.0,0.0,0.0,666003.4362589122,0.5
2026-04-27 00:00:00+00:00,34.0,10.0,16648.703766,19796.481140531618,22.0,12.0,0.8113406805250919,519.759240270027,4582.22579717919,89883.40432859123,72781.607511,2291.112898589595,2291.112898589595,0.025489832252168148,0.031479284079337255,0.0,0.0,0.0,0.0,30174.119320953796,0.0,0.031479284079337255,0.025489832252168148,0.0,0.0,0.0,769.1332398480181,0.0,666523.1954991822,0.5
2026-04-28 00:00:00+00:00,124.0,15.0,81051.517768,68041.23406037122,58.0,66.0,1.0294514187492574,2535.6843853633973,5175.319284955994,79833.68264290977,82090.388065,2587.659642477997,2587.659642477997,0.03241313136026067,0.03152207832699075,0.0,0.0,0.0,0.0,63605.54874889846,0.0,0.03152207832699075,0.03241313136026067,0.0,0.0,0.0,2061.6550068395095,0.0,669058.8798845456,0.5
2026-04-29 00:00:00+00:00,83.0,19.0,120635.646406,92433.69595904439,46.0,37.0,1.2352879894820832,3511.0126410905423,5561.885112638906,72956.52620482106,90047.077456,2780.942556319453,2780.942556319453,0.038117803861879664,0.030883207260983172,0.0,0.0,0.0,0.0,1908.2287817140573,29508.344627166214,0.030883207260983172,0.038117803861879664,0.0,0.0,0.0,72.73749042497002,1124.7932927870722,672569.8925256361,0.5
2026-04-30 00:00:00+00:00,39.0,15.0,25131.468413,23346.512460009362,16.0,23.0,1.1791367698829203,740.7647591004903,5397.50616029268,74600.13986390064,88113.982553,2698.75308014634,2698.75308014634,0.03617624692218948,0.03062797755762608,0.0,0.0,0.0,0.0,17461.263511216697,0.0,0.03062797755762608,0.03617624692218948,0.0,0.0,0.0,631.6829803551925,0.0,673310.6572847366,0.5
2026-05-01 00:00:00+00:00,19.0,11.0,9364.794174,8710.192767120032,11.0,8.0,1.0187155431140127,274.0632355670818,5110.581689810864,80256.31077931753,81921.823714,2555.290844905432,2555.290844905432,0.031839126669200746,0.031191820800111736,0.0,0.0,0.0,0.0,20722.390495109168,31268.44750438477,0.031191820800111736,0.031839126669200746,0.0,0.0,0.0,659.7828158624224,995.5600608413606,673584.7205203037,0.5
2026-05-02 00:00:00+00:00,4.0,4.0,1054.269489,1037.396710097306,2.0,2.0,1.0198017169651845,32.75675578302455,5173.1040151817715,80123.94566851157,82059.274635,2586.552007590886,2586.5520075908853,0.032281885097021526,0.03152053218963828,0.0,0.0,0.0,0.0,1621.8715205350218,0.0,0.03152053218963828,0.032281885097021526,0.0,0.0,0.0,52.357070068043164,0.0,673617.4772760867,0.5000000000000001
2026-05-03 00:00:00+00:00,18.0,8.0,707.497921,693.2019016190804,13.0,5.0,1.0253221095915928,22.257484319761943,5157.857394311102,80147.54783487724,82036.529363,2578.928697155551,2578.928697155551,0.0321772626464973,0.031436345700878665,0.0,0.0,0.0,0.0,997.4429984983459,0.0,0.031436345700878665,0.0321772626464973,0.0,0.0,0.0,32.09498533759108,0.0,673639.7347604064,0.5
2026-05-04 00:00:00+00:00,13.0,5.0,2987.962919,3022.6950336955506,10.0,3.0,0.9663990576019976,92.31247694298332,5065.251216658939,82540.2230725626,79664.325159,2532.625608329469,2532.6256083294693,0.030683532392479628,0.03179121398787558,0.0,0.0,0.0,0.0,1109.820773191071,0.0,0.03179121398787558,0.030683532392479628,0.0,0.0,0.0,34.053221644055014,0.0,673732.0472373494,0.4999999999999999
2026-05-05 00:00:00+00:00,5.0,3.0,177.036666,183.85877005832253,1.0,4.0,0.9649883304368538,5.617814356397439,5052.129207873938,82599.40357914458,79607.602865,2526.064603936969,2526.064603936969,0.03058211675241166,0.031731449171013414,0.0,0.0,0.0,0.0,173.31139196191552,324.3550812159416,0.031731449171013414,0.03058211675241166,0.0,0.0,0.0,5.3002292235022805,9.919464962983891,673737.6650517058,0.5
2026-05-06 00:00:00+00:00,21.0,9.0,1731.618384,1811.1670762405931,14.0,7.0,0.9459096963255383,55.895461815459555,5103.097768241747,83438.56496331985,78810.410951,2549.951607555323,2553.146160686424,0.030560827702109914,0.032396051865201295,0.0,0.0,0.0,0.0,5094.739301881259,47.56583233219707,0.032396051865201295,0.030560827702109914,0.0,0.0,0.0,155.6994499919609,1.4536512064117235,673793.5605135212,0.4996869986353209
2026-05-07 00:00:00+00:00,5.0,2.0,186.070546,196.7816926012701,2.0,3.0,0.9434152884610206,6.047046800332604,5090.982024287901,83415.3957273503,78832.676691,2545.4910121439507,2545.4910121439507,0.030515841709413998,0.03228979553899327,0.0,0.0,0.0,0.0,0.0,0.0,0.03228979553899327,0.030515841709413998,0.0,0.0,0.0,0.0,0.0,673799.6075603216,0.5
2026-05-08 00:00:00+00:00,22.0,12.0,13483.373575,16928.180691672707,13.0,9.0,0.7412832958031245,400.6616040887564,4697.335662567466,94114.97156577416,69895.082423,2348.667831283733,2348.667831283733,0.024955305114684318,0.03360276216672533,0.0,0.0,0.0,0.0,43808.227212624064,0.0,0.03360276216672533,0.024955305114684318,0.0,0.0,0.0,1093.2476766244502,0.0,674200.2691644103,0.5
2026-05-09 00:00:00+00:00,34.0,11.0,17657.026533,20089.88264635018,13.0,21.0,1.0067750484545976,595.8481656555299,5452.07838155028,80929.97601312674,81318.63814,2726.03919077514,2726.03919077514,0.03368392436361256,0.03352293217308841,0.0,0.0,0.0,0.0,0.0,133302.744912734,0.03352293217308841,0.03368392436361256,0.0,0.0,0.0,0.0,4490.159577102471,674796.1173300658,0.5
2026-05-10 00:00:00+00:00,128.0,14.0,21404.279759,26428.08805799779,43.0,85.0,0.7065661294522637,1000.7088507068397,6916.904380300208,96676.96325242532,68207.978397,3458.4521901501043,3458.452190150104,0.035773281180957475,0.05070451098873526,63.48879104474729,50.52172,0.0,0.0,7930.653777608672,1431.993416864698,0.05070451098873526,0.035773281180957475,4.832881480792606,0.0,4.832881480792606,283.7055075352176,51.22710315078089,675796.8261807726,0.5000000000000001
2026-05-11 00:00:00+00:00,439.0,22.0,33012.069063,61361.09953031178,204.0,235.0,0.5234717769891334,2851.0272848053596,9944.455206057246,112352.30578641886,58869.796209,4972.227603028623,4972.227603028624,0.04425567920680508,0.08446143732817052,100.05384106615948,61.311367,0.0,0.0,13076.538465427802,0.0,0.08446143732817052,0.04425567920680508,9.606396875007576,0.0,9.606396875007576,578.71109146142,0.0,678647.8534655779,0.5
2026-05-12 00:00:00+00:00,134.0,10.0,6078.006187,10731.249252918535,109.0,25.0,0.6005684477852828,420.60741666266614,7828.565957121091,104876.58705963384,63078.648847,3914.2829785605454,3914.282978560546,0.03732275323123212,0.06205400797431171,0.0,0.0,0.0,0.0,0.0,0.0,0.06205400797431171,0.03732275323123212,0.0,0.0,0.0,0.0,0.0,679068.4608822406,0.5
2026-05-13 00:00:00+00:00,242.0,16.0,18075.307095,31403.273985131615,90.0,152.0,0.5189573467272383,1372.029198999534,10241.640554702784,113031.22761993876,58562.031907,5120.820277351392,5120.820277351392,0.04530447368553642,0.08744266738359695,0.0,0.0,0.0,0.0,8401.96707839683,8000.0,0.08744266738359695,0.04530447368553642,0.0,0.0,0.0,380.6466964099725,362.4357894842913,680440.4900812401,0.5
2026-05-14 00:00:00+00:00,273.0,19.0,65248.107299,104233.6913770334,189.0,84.0,0.7452185601450211,5198.308697173909,10275.565515182416,94396.91211282252,70259.393722,5137.782757591208,5137.782757591208,0.054427445163148624,0.07312591933144505,0.0,0.0,0.0,0.0,15859.123347448116,16058.912483784048,0.07312591933144505,0.054427445163148624,0.0,0.0,0.0,863.1715663288423,874.0455785909592,685638.798778414,0.5
2026-05-15 00:00:00+00:00,48.0,10.0,2469.811905,3276.9508815376275,35.0,13.0,0.7610360517655989,166.08191952466734,8872.496768969984,93416.20700591762,71001.973251,4436.248384484992,4436.248384484992,0.047489065620101335,0.062480635133932864,0.0,0.0,0.0,0.0,989.571766232545,0.2,0.062480635133932864,0.047489065620101335,0.0,0.0,0.0,46.99383854241691,0.009497813124020267,685804.8806979387,0.5
2026-05-16 00:00:00+00:00,238.0,19.0,25244.020495,32031.125851629975,102.0,136.0,0.8467215256698116,1891.0052016581062,10764.73483565599,88591.01290104688,74920.349985,5382.367417827995,5382.367417827995,0.06075523059929244,0.07184119426705313,0.0,0.0,0.0,0.0,3051.631343797701,0.0,0.07184119426705313,0.06075523059929244,0.0,0.0,0.0,185.402565996458,0.0,687695.8858995968,0.5
2026-05-17 00:00:00+00:00,122.0,16.0,44228.731857,83015.38832479347,61.0,61.0,0.51169418731773,3001.1627469559944,8066.084427321312,113882.08812520267,58361.828536,4033.042213660656,4033.042213660656,0.03541419269750924,0.06910410990932041,0.0,0.0,0.0,0.0,86745.84140940732,0.0,0.06910410990932041,0.03541419269750924,0.0,0.0,0.0,3072.033943380328,0.0,690697.0486465528,0.5
2026-05-18 00:00:00+00:00,66.0,15.0,7144.467668,13061.258624949507,35.0,31.0,0.5464607596367014,470.88975902130403,8415.501803165687,110046.11710885844,60210.127596,4207.750901582843,4207.750901582844,0.038236250511415174,0.06988443754539364,0.0,0.0,186.08412065585023,98.467129,0.0,0.0,0.06988443754539364,0.038236250511415174,0.0,13.996478980468215,-13.996478980468215,0.0,0.0,691167.9384055742,0.4999999999999999
2026-05-19 00:00:00+00:00,62.0,14.0,8909.001853,17153.744721389598,41.0,21.0,0.5016343529387042,610.9618215467917,7129.7928680099585,115033.01971201067,57617.049381,3564.8964340049797,3564.896434004979,0.030990201273771886,0.061872249139862265,0.0,0.0,0.0,0.0,26015.898932276184,0.0,0.061872249139862265,0.030990201273771886,0.0,0.0,0.0,806.237944229346,0.0,691778.900227121,0.5000000000000001
2026-05-20 00:00:00+00:00,36.0,12.0,2946.719925,5779.462683700595,13.0,23.0,0.5122233325903092,185.67628770651342,7456.142894724015,113844.02194202691,58224.687792,3728.071447362007,3728.0714473620073,0.032747186753999805,0.0640290500256532,0.0,0.0,0.0,0.0,0.0,0.0,0.0640290500256532,0.032747186753999805,0.0,0.0,0.0,0.0,0.0,691964.5765148274,0.49999999999999994
2026-05-21 00:00:00+00:00,60.0,10.0,3674.350723,7101.954883072846,34.0,26.0,0.5354468723841909,236.4028377449942,7530.997367724764,111192.32982350427,59620.6843,3765.498683862382,3765.498683862382,0.03386473410386637,0.0631575891500189,0.0,0.0,0.0,0.0,209.28231098387104,202.0746039993364,0.0631575891500189,0.03386473410386637,0.0,0.0,0.0,7.087289814111465,6.843202733581618,692200.9793525725,0.5
2026-05-22 00:00:00+00:00,78.0,20.0,45448.772937,75760.89124096792,51.0,27.0,0.5189557962845817,2734.800106921298,6724.670293719711,113011.97488635688,58741.799813,3362.3351468598557,3362.335146859855,0.02975202539590135,0.057239225858989516,0.0,0.0,0.0,0.0,12887.33085201677,9000.0,0.057239225858989516,0.02975202539590135,0.0,0.0,0.0,383.42419479458596,267.7682285631122,694935.7794594938,0.5000000000000001
2026-05-23 00:00:00+00:00,60.0,15.0,28460.026845,42385.63010293575,40.0,20.0,0.627716057846654,1495.8735726582725,7253.892118002362,102951.64101294696,64534.45122,3626.946059001181,3626.946059001181,0.035229609002007695,0.0562017029731423,0.0,0.0,0.0,0.0,1.0,0.0,0.0562017029731423,0.035229609002007695,0.0,0.0,0.0,0.035229609002007695,0.0,696431.6530321521,0.5
2026-05-24 00:00:00+00:00,69.0,18.0,26219.421132,34880.71613819639,49.0,20.0,0.7756359872374834,1466.5571300119007,7742.1058838841,92506.86513911224,71891.178099,3871.052941942051,3871.0529419420495,0.04184611527069633,0.05384600787333454,25.101807635751726,0.0,0.0,0.0,6.0,0.0,0.05384600787333454,0.04184611527069633,1.050413135828512,0.0,1.050413135828512,0.251076691624178,0.0,697898.210162164,0.5000000000000001
2026-05-25 00:00:00+00:00,53.0,19.0,21088.415089,31182.172247875977,26.0,27.0,0.7324517357190488,1145.981372924241,7666.567415832868,95370.10881118767,69775.274301,3833.283707916434,3833.283707916434,0.040193764647008134,0.05493756558204597,0.0,0.0,0.0,0.0,15191.9915899335,192.0,0.05493756558204597,0.040193764647008134,0.0,0.0,0.0,610.623334485114,7.717202812225562,699044.1915350882,0.5
2026-05-26 00:00:00+00:00,151.0,14.0,25214.993277999998,39233.57079716307,61.0,90.0,0.5968312427483643,1379.9136946925473,7881.654891105045,105562.97877863086,63085.735016,3940.827445552522,3940.8274455525225,0.03733152939740902,0.06246780582889361,0.0,0.0,0.0,0.0,39000.0,0.0,0.06246780582889361,0.03733152939740902,0.0,0.0,0.0,1455.9296464989518,0.0,700424.1052297808,0.49999999999999994
2026-05-27 00:00:00+00:00,185.0,20.0,37142.305276,60868.481612823416,114.0,71.0,0.603837715543077,2353.692096168504,7415.847862135168,105141.63597325,63410.231791,3707.923931067584,3707.923931067584,0.03526599045891724,0.0584751675926512,0.0,0.0,0.0,0.0,5430.000000000001,0.0,0.0584751675926512,0.03526599045891724,0.0,0.0,0.0,191.49432819192066,0.0,702777.7973259493,0.5
2026-05-28 00:00:00+00:00,108.0,21.0,67888.121208,95782.49436121383,57.0,51.0,0.7561857666219091,3851.5229388419257,7715.54520770053,94056.66025454694,71016.942551,3857.7726038502647,3857.772603850265,0.04101541127879639,0.05432186271719386,0.0,0.0,0.0,0.0,36300.0,19743.3343199748,0.05432186271719386,0.04101541127879639,0.0,0.0,0.0,1488.859429420309,809.7809771485423,706629.3202647913,0.49999999999999994
2026-05-29 00:00:00+00:00,106.0,19.0,82382.173221,97949.18540335339,57.0,49.0,0.9192037953733606,4338.007954358106,8204.660953730901,85272.5905305728,78498.071996,4102.330476865451,4102.330476865451,0.04810843028622007,0.05226027050797492,0.0,0.0,0.0,0.0,29563.147073216234,0.0,0.05226027050797492,0.04810843028622007,0.0,0.0,0.0,1422.2366000130942,0.0,710967.3282191494,0.5
2026-05-30 00:00:00+00:00,218.0,37.0,136504.16533,129403.04112857844,120.0,98.0,0.9092521731787135,6904.512598092827,8231.708221384768,85513.52178264371,77748.351351,4115.854110692384,4115.854110692384,0.0481310326705286,0.052938152889070174,0.0,0.0,397.31432886674173,409.113546,67788.05418587246,11816.023018482188,0.052938152889070174,0.0481310326705286,0.0,40.78086439029194,-40.78086439029194,3262.7090506917907,568.7173899382842,717871.8408172422,0.5
2026-05-31 00:00:00+00:00,115.0,20.0,63662.031505,72917.2283642072,48.0,67.0,0.9535832226807225,3108.0747488967454,8036.075340632711,83473.00625107957,79755.818145,4018.037670316356,4018.037670316355,0.04813577287764678,0.05037924208878862,0.0,0.0,10.194810021176998,11.220738,30829.152009771635,10.0,0.05037924208878862,0.04813577287764678,0.0,1.0560273358270031,-1.0560273358270031,1483.9850591528152,0.4813577287764678,720979.9155661389,0.5000000000000001
2026-06-01 00:00:00+00:00,31.0,14.0,4616.631388,4634.175412158806,13.0,18.0,1.0105002923624626,223.06864090794494,7846.110645947327,81235.90086771525,81961.53198,3923.055322973663,3923.055322973664,0.04829213784878162,0.04786459242771299,0.0,0.0,0.0,0.0,1015.0712661696843,2077.576811918634,0.04786459242771299,0.04829213784878162,0.0,0.0,0.0,49.01996151220369,100.33062579260692,721202.9842070469,0.49999999999999994
2026-06-02 00:00:00+00:00,64.0,17.0,23064.082923,21828.706185797462,47.0,17.0,1.1068216551685948,1049.89778855558,7382.340084254782,77640.60585775021,85803.125136,3691.170042127391,3691.1700421273913,0.04754174701946806,0.04301906295693541,0.0,0.0,0.0,0.0,867.1156372123096,3012.2252692289744,0.04301906295693541,0.04754174701946806,0.0,0.0,0.0,41.224192260972465,143.20645171533297,722252.8819956025,0.5
2026-06-03 00:00:00+00:00,205.0,27.0,92268.602958,79838.18791045922,105.0,100.0,1.4382787181777437,4340.6577661951105,8928.041543187666,67225.58125798024,96880.013988,4464.020771593833,4464.020771593833,0.06640360243912233,0.04607782955261306,0.0,0.0,951.0467304064858,1053.473939,75996.12192057235,9199.887142180727,0.04607782955261306,0.06640360243912233,0.0,111.69472158630131,-111.69472158630131,5046.416266928755,610.9056482741622,726593.5397617976,0.5
2026-06-04 00:00:00+00:00,176.0,23.0,123609.748139,107282.73108163782,104.0,72.0,1.3014821441571165,4976.651337057233,7491.98829573807,70882.2038900489,92132.049566,3745.994147869035,3745.994147869035,0.05284816134780104,0.04065896900714819,0.0,0.0,0.0,0.0,9737.559137825234,17476.818307858874,0.04065896900714819,0.05284816134780104,0.0,0.0,0.0,514.6120964495424,923.617713779929,731570.1910988549,0.5
2026-06-05 00:00:00+00:00,122.0,25.0,58784.61629,53212.492805534705,62.0,60.0,1.2234975883812595,2442.559093461037,6520.317310471265,73139.94964993486,89407.378907,3260.1586552356325,3260.1586552356325,0.044574253480341795,0.03646408937484671,0.0,0.0,0.0,0.0,28290.0,0.0,0.03646408937484671,0.044574253480341795,0.0,0.0,0.0,1261.0056309588695,0.0,734012.7501923159,0.5
2026-06-06 00:00:00+00:00,142.0,22.0,52930.65372,48427.28301159699,48.0,94.0,1.0347268684735698,1903.8197607462516,6702.156227491791,79593.48097932665,82258.943315,3351.0781137458957,3351.078113745895,0.04210241935035225,0.04073816145331911,0.0,0.0,0.0,0.0,35144.05283344285,5765.500548746045,0.04073816145331911,0.04210241935035225,0.0,0.0,0.0,1479.6496500645462,242.741521867992,735916.5699530621,0.5000000000000001
2026-06-07 00:00:00+00:00,296.0,25.0,91958.643281,79956.0363088397,110.0,186.0,1.0057984948325465,4343.435356686372,8477.750362296256,80755.94092162901,81247.543204,4238.875181148128,4238.875181148128,0.052489948513655696,0.05217234902112632,2.2101436193148283,2.8695,0.0,0.0,12993.932140717225,5413.87773745915,0.05217234902112632,0.052489948513655696,0.26571888030174196,0.0,0.26571888030174196,682.050829056183,284.17416369845756,740260.0053097485,0.5
2026-06-08 00:00:00+00:00,125.0,20.0,55990.17826,56734.809864290546,81.0,44.0,1.1889909552458324,2542.491585129937,7681.519428872186,74395.77983111434,88312.960402,3840.759714436093,3840.759714436093,0.05162604280988775,0.043490329131228085,0.0,0.0,0.0,0.0,35989.80313470155,0.0,0.043490329131228085,0.05162604280988775,0.0,0.0,0.0,1858.0111173515345,0.0,742802.4968948785,0.5
2026-06-09 00:00:00+00:00,683.0,30.0,233675.568662,280880.127861942,385.0,298.0,0.9198774313584701,9920.185462895226,7118.608809382102,84847.58781614157,77913.242375,3559.304404691051,3559.304404691051,0.041949388265507315,0.045682919824590995,0.0,0.0,0.0,0.0,122879.67172026112,8749.603915769012,0.045682919824590995,0.041949388265507315,0.0,0.0,0.0,5154.727058931313,367.04053183199744,752722.6823577737,0.5
2026-06-10 00:00:00+00:00,125.0,21.0,43644.415777,55556.365648764164,59.0,66.0,0.8508105795664744,1920.796554466496,6576.552063546403,87730.4782725621,75440.08591,3288.2760317732013,3288.2760317732013,0.03748156964968487,0.04358791472873074,0.0,0.0,0.0,0.0,99961.80882927844,0.0,0.04358791472873074,0.03748156964968487,0.0,0.0,0.0,3746.7254999430834,0.0,754643.4789122401,0.5
2026-06-11 00:00:00+00:00,179.0,29.0,63436.393093,80351.07134978882,84.0,95.0,0.793785316317079,2879.9337513833448,6828.2533463242125,91360.4445513388,72648.805159,3414.1266731621063,3414.1266731621063,0.03736985617712907,0.046994945969034314,52.80658851580851,39.307539,0.0,0.0,23795.9846347539,41639.237893752506,0.046994945969034314,0.03736985617712907,3.8206302895213087,0.0,3.8206302895213087,889.2525233939264,1556.0523314147938,757523.4126636235,0.5
2026-06-12 00:00:00+00:00,382.0,32.0,210679.610253,215100.3215673959,207.0,175.0,1.0312237327032787,9736.173494461105,7858.882047852393,80311.8137728741,82978.70949,3929.441023926196,3929.441023926197,0.048927310184263245,0.04735481002388625,4.999999999999942,4.583539,38.366517226368295,54.199312,18008.9649014678,88857.6725553789,0.04735481002388625,0.048927310184263245,0.46168916950338695,4.443768612209739,-3.982079442706352,881.1302118316248,4347.566907368719,767259.5861580846,0.49999999999999994
2026-06-13 00:00:00+00:00,185.0,24.0,70144.358955,70941.29463982643,111.0,74.0,0.8592388134184396,3345.000172213532,7232.983742999603,88205.86898639091,75689.528036,3616.4918714998016,3616.4918714998016,0.04100058094839225,0.047780610678133696,4.869640729378966,4.2,0.0,0.0,0.0,30868.5506960715,0.047780610678133696,0.04100058094839225,0.4003366637626517,0.0,0.4003366637626517,0.0,1265.6285115738294,770604.5863302981,0.5
2026-06-14 00:00:00+00:00,170.0,22.0,73913.447501,78496.33832686048,95.0,75.0,0.9521547885461678,3430.4513720408627,7531.687260873382,83886.29192639889,79724.189903,3765.843630436691,3765.843630436691,0.044892240960427834,0.0472358970974628,0.0,0.0,4.805357480689372,4.258851,175065.0289575197,23284.23690069632,0.0472358970974628,0.044892240960427834,0.0,0.4168939135135282,-0.4168939135135282,7859.061463705251,1045.2815735257445,774035.037702339,0.5
2026-06-15 00:00:00+00:00,186.0,27.0,78916.725248,87758.58148869967,98.0,88.0,0.9479768129944193,3680.281825970837,7416.870560507537,84153.55046623482,79650.891385,3708.435280253769,3708.4352802537687,0.04406748449361879,0.046558616178301156,11.95845422623637,10.0,0.0,0.0,18290.0,0.0,0.046558616178301156,0.04406748449361879,0.9925651579653327,0.0,0.9925651579653327,805.9942913882876,0.0,777715.3195283099,0.5000000000000001
2026-06-16 00:00:00+00:00,560.0,32.0,191704.305983,241187.4068162513,275.0,285.0,0.9401540956307506,8819.782087984857,7370.955403983754,85329.18853939888,80096.940556,3685.477701991877,3685.477701991877,0.0431912896990716,0.0460127150476511,0.0,1000.0,0.0,0.0,101963.12646149486,87350.41156720319,0.0460127150476511,0.0431912896990716,46.0127150476511,0.0,46.0127150476511,4403.918933621498,3772.776931332208,786535.1016162947,0.5
2026-06-17 00:00:00+00:00,222.0,23.0,70539.41974699999,80853.18826255163,120.0,102.0,0.9229961987120266,3220.1175472810205,7126.647015917826,86186.48254624124,79443.898352,3563.3235079589126,3563.323507958913,0.04134434313463366,0.0448533314940128,0.0,0.0,0.0,0.0,5100.0,0.0,0.0448533314940128,0.04134434313463366,0.0,0.0,0.0,210.85614998663166,0.0,789755.2191635757,0.49999999999999994
2026-06-18 00:00:00+00:00,106.0,14.0,45298.364756,46486.35804981803,66.0,40.0,0.9911938931744494,1957.1438546021168,7387.573673527348,83733.9503552407,82857.386779,3693.786836763674,3693.786836763674,0.04411337123225178,0.04458005472240956,0.0,1000.0,15.31531988407384,16.308965,1218.211202105966,22587.395781194944,0.04458005472240956,0.04411337123225178,44.58005472240956,1.4026649437526988,43.17738977865686,53.73940299778818,996.4061752656503,791712.3630181778,0.5
2026-06-19 00:00:00+00:00,92.0,14.0,12229.6901,12343.214106022204,40.0,52.0,1.0602480831131025,591.9044502580879,8046.280926579234,80080.85689664612,84941.299395,4023.140463289617,4023.140463289617,0.05023847919711897,0.04736377347585568,0.0,0.0,868.7202894232948,795.713557,533.9722232941089,1.0,0.04736377347585568,0.05023847919711897,0.0,81.33118285372274,-81.33118285372274,26.825952431800452,0.05023847919711897,792304.2674684359,0.5
2026-06-20 00:00:00+00:00,24.0,4.0,1613.190799,1489.5839209527685,24.0,0.0,1.1026813501273935,73.22859568538576,7660.8581736306205,78592.39064925656,86553.265601,3830.4290868153103,3830.4290868153103,0.04873791285863556,0.04425516542002148,0.0,0.0,0.0,0.0,3919.6598030651353,0.0,0.04425516542002148,0.04873791285863556,0.0,0.0,0.0,191.03603791728517,0.0,792377.4960641213,0.5
2026-06-21 00:00:00+00:00,104.0,18.0,84204.472401,88308.93006572028,42.0,62.0,1.0956944762497338,3613.817825123886,7539.213119766304,78941.1255933072,86345.318551,3769.606559883152,3769.606559883152,0.047752125796933755,0.043657335720599925,0.0,0.0,0.0,0.0,0.0,16813.0,0.043657335720599925,0.047752125796933755,0.0,0.0,0.0,0.0,802.8564910238472,795991.3138892452,0.5
2026-06-22 00:00:00+00:00,68.0,18.0,37958.145445,38186.523463494515,42.0,26.0,1.1050365896864398,1600.6854324221495,7323.727681661346,78651.27397981258,86741.405102,3661.863840830673,3661.863840830673,0.046558226657212994,0.042215869532256874,0.0,0.0,0.0,0.0,14961.0,0.0,0.042215869532256874,0.046558226657212994,0.0,0.0,0.0,696.5576290185636,0.0,797591.9993216672,0.5
2026-06-23 00:00:00+00:00,253.0,28.0,125207.439882,130710.01610177384,151.0,102.0,1.019034786261467,5082.523764429705,6849.042534904194,82010.62660019369,83442.230607,3424.521267452097,3424.5212674520976,0.04175704307378148,0.04104062466379959,0.0,0.0,0.0,0.0,125259.99249526489,228749.41717091392,0.04104062466379959,0.04175704307378148,0.0,0.0,0.0,5230.486902046321,9551.899265908261,802674.523086097,0.5
2026-06-24 00:00:00+00:00,155.0,26.0,57670.358839,58223.60746785277,86.0,69.0,0.984939891228462,2249.025150180194,6466.325836011425,83478.47692046047,82088.115557,3233.162918005712,3233.1629180057125,0.038730497216501895,0.03938649213795976,0.0,0.0,0.0,0.0,16900.0,0.0,0.03938649213795976,0.038730497216501895,0.0,0.0,0.0,654.545402958882,0.0,804923.5482362772,0.49999999999999994
2026-06-25 00:00:00+00:00,67.0,21.0,34643.598041,34252.311237220645,29.0,38.0,1.003200330145835,1322.082747972304,6460.473912969597,82729.24966051345,82899.288328,3230.236956484798,3230.2369564847986,0.0390458872737315,0.03896579839990926,0.0,0.0,0.0,0.0,14620.930357247098,7852.534679926282,0.03896579839990926,0.0390458872737315,0.0,0.0,0.0,570.887198566149,306.6091839254688,806245.6309842495,0.49999999999999994
2026-06-26 00:00:00+00:00,95.0,22.0,42739.673324999996,42126.13172270575,45.0,50.0,1.0002118290151731,1654.199430879689,6444.005382432841,83044.11623175384,82668.045195,3222.0026912164203,3222.00269121642,0.03879868722095465,0.03897518906629833,0.0,0.0,0.0,0.0,12890.0,0.0,0.03897518906629833,0.03879868722095465,0.0,0.0,0.0,500.11507827810544,0.0,807899.8304151292,0.5
2026-06-27 00:00:00+00:00,143.0,26.0,48934.891336,46501.53009746503,91.0,52.0,1.0793039034893346,1814.147888537343,6131.010576967576,79823.03197409617,86101.544681,3065.505288483788,3065.505288483788,0.03840376909609989,0.03560337157528664,0.0,0.0,0.0,0.0,10012.8824996899,313.8377840075967,0.03560337157528664,0.03840376909609989,0.0,0.0,0.0,384.5324275044704,12.052553790659415,809713.9783036666,0.5
2026-06-28 00:00:00+00:00,150.0,24.0,90615.592,113025.49000742291,73.0,77.0,0.9665551314322194,3238.265462467861,7583.873751230176,110530.49890961494,106664.387802,3791.936875615088,3791.936875615088,0.03430670188791875,0.03555016771533927,60000.0,0.0,0.0,0.0,116220.99060501112,0.0,0.03555016771533927,0.03430670188791875,2058.402113275125,0.0,2058.402113275125,3987.1588778047217,0.0,812952.2437661345,0.5
2026-06-29 00:00:00+00:00,149.0,24.0,75159.337833,81517.71869256861,71.0,78.0,1.108312259218067,2701.167656082968,6344.781821429146,78990.61343888805,87407.100707,3172.390910714573,3172.390910714573,0.04016161886334669,0.036294430144169186,38674.0,16500.0,52147.9247449775,49858.749169,500.0,0.0,0.036294430144169186,0.04016161886334669,2152.0685452998614,3903.939966912196,-1751.8714216123344,20.080809431673345,0.0,815653.4114222175,0.5
2026-06-30 00:00:00+00:00,115.0,25.0,59245.99499,69248.57083421154,59.0,56.0,0.8277215429484217,2083.844850310506,5338.603353853874,91409.26041822378,75679.25511,2669.301676926937,2669.301676926937,0.029201654894855406,0.035271246698280787,19.999999999999954,17.744442,0.0,0.0,16455.0,42659.33019016196,0.035271246698280787,0.029201654894855406,1.2099016892024417,0.0,1.2099016892024417,480.5132312948457,1245.7230382587961,817737.256272528,0.5
2026-07-01 00:00:00+00:00,81.0,19.0,61300.46778,63012.31500661814,40.0,41.0,1.018702357422824,2178.5580792235633,6058.96623707037,82513.42254648928,83922.299296,3029.483118535185,3029.483118535185,0.03671503405192445,0.0360986667899789,0.0,0.0,19.32110148470008,18.396493,0.0,0.001073470290243243,0.0360986667899789,0.03671503405192445,0.0,1.3734637698426306,-1.3734637698426306,0.0,3.941249826000989e-05,819915.8143517516,0.5
2026-07-02 00:00:00+00:00,112.0,26.0,79169.058162,67026.22300790063,62.0,50.0,1.3307012623807788,2930.3667488174856,7048.277041241241,72158.28682294904,96130.229848,3524.1385206206205,3524.1385206206205,0.04883899931365627,0.03666004467265861,0.0,0.0,0.0,0.0,4310.0,142336.28648158614,0.03666004467265861,0.04883899931365627,0.0,0.0,0.0,210.49608704185852,6951.561797782568,822846.1811005691,0.5
2026-07-03 00:00:00+00:00,274.0,36.0,170059.9532,167998.71664407395,156.0,118.0,0.970626788615136,6372.3705710318345,7115.425586622514,97191.31238737468,94158.912562,3557.712793311257,3557.712793311257,0.03660525520152776,0.03778413212842322,23000.000000000004,0.0,0.0,0.0,152566.94970220776,0.0,0.03778413212842322,0.03660525520152776,841.9208696351387,0.0,841.9208696351387,5584.752129167965,0.0,829218.5516716009,0.5
2026-07-04 00:00:00+00:00,60.0,21.0,33299.093836,30926.991383683024,33.0,27.0,1.091385338309739,1248.9600754504577,6589.305519375914,79971.30080613232,87137.880175,3294.652759687957,3294.652759687957,0.04119793884152148,0.03780965009788244,0.0,0.0,12195.817696059368,12238.228128,0.0,67369.9233884763,0.03780965009788244,0.04119793884152148,0.0,965.1656749023421,-965.1656749023421,0.0,2775.501983516434,830467.5117470514,0.5
2026-07-05 00:00:00+00:00,200.0,25.0,65349.936127,53721.6704214111,118.0,82.0,1.1614391933867736,2417.2188801482175,6682.875080264497,77535.63338439878,90001.102526,3341.437540132249,3341.4375401322486,0.04309550840407001,0.03712662896731689,0.0,0.0,0.0,0.0,936.4920864887663,0.0,0.03712662896731689,0.04309550840407001,0.0,0.0,0.0,40.35860258362169,0.0,832884.7306271996,0.5000000000000001
2026-07-06 00:00:00+00:00,238.0,25.0,98408.10290499999,97389.81929054322,117.0,121.0,1.083438235763886,3627.2404049066017,7315.391335860393,90568.04178193511,97970.729752,3657.6956679301966,3657.695667930197,0.0403861626680303,0.03733457612481985,51488.0,0.0,14626.713242844953,15606.53001,2215.7044123402543,44990.0,0.03733457612481985,0.0403861626680303,2079.402743451544,1173.3800030267998,906.0227404247444,89.483798821046,1816.9734584346832,836511.9710321062,0.5
2026-07-07 00:00:00+00:00,184.0,24.0,71005.854614,61408.46782561541,121.0,63.0,1.2513059360387442,2599.4483954262255,7388.844815582594,84782.97664964062,104800.478967,3694.422407791297,3694.422407791297,0.04357504954158692,0.0352519610998592,0.0,0.0,0.0,0.0,9509.334539871274,32695.572881002485,0.0352519610998592,0.04357504954158692,0.0,0.0,0.0,414.3697236824144,1424.711208080249,839111.4194275325,0.5
2026-07-08 00:00:00+00:00,69.0,18.0,18203.707667,15972.494004452512,51.0,18.0,1.098837815981213,632.5715101613786,6863.616056356094,89863.8283704396,98910.766515,3431.8080281780462,3431.808028178048,0.03818898093269892,0.03469600073979417,0.0,0.0,0.0,0.0,2567.252133182117,0.0,0.03469600073979417,0.03818898093269892,0.0,0.0,0.0,98.0407427635225,0.0,839743.9909376939,0.4999999999999999
2026-07-09 00:00:00+00:00,77.0,19.0,32357.826818,26261.929310731914,32.0,45.0,1.2239808008591448,1138.3368451251608,6389.577484164029,75642.32363530026,92711.204335,3194.7887420820143,3194.788742082014,0.04223546539216957,0.034459575463371785,0.0,0.0,9049.812827825088,12333.34955,5000.0,37830.0,0.034459575463371785,0.04223546539216957,0.0,807.2250460295861,-807.2250460295861,211.17732696084784,1597.7676557857747,840882.327782819,0.5
2026-07-10 00:00:00+00:00,331.0,26.0,143771.774725,135309.69089482626,154.0,177.0,1.1186791916852292,5076.192875871702,8226.47367750738,103865.07573413842,116386.435393,4113.236838753689,4113.23683875369,0.0396017314740353,0.035341204710536894,52000.0,0.0,0.0,0.0,102509.0,31395.408345428055,0.035341204710536894,0.0396017314740353,2059.2900366498357,0.0,2059.2900366498357,4059.5338916718842,1243.3125308133287,845958.5206586907,0.4999999999999999
2026-07-11 00:00:00+00:00,134.0,23.0,33103.614412,28224.366251750496,74.0,60.0,1.0998670016353933,1183.6268279305186,6235.256741530627,79986.71046409057,88025.127916,3117.6283707653133,3117.6283707653133,0.03897682943424644,0.035417481855185506,0.0,0.0,24663.87509975027,27552.539167,5000.0,0.0,0.035417481855185506,0.03897682943424644,0.0,1937.1612089620346,-1937.1612089620346,194.8841471712322,0.0,847142.1474866213,0.5
2026-07-12 00:00:00+00:00,286.0,22.0,163321.563291,110357.84657232107,179.0,107.0,1.3163667388011717,5649.478901551068,7483.10587303627,81563.96236133364,107561.858515,3741.552936518135,3741.552936518135,0.045872623499368666,0.034785127257691985,16690.0,0.0,0.0,0.0,13389.604124414203,93649.30698618745,0.034785127257691985,0.045872623499368666,765.614086204463,0.0,765.614086204463,614.2162688048465,4295.939400354173,852791.6263881724,0.5
2026-07-13 00:00:00+00:00,267.0,26.0,240111.009243,128257.67309871796,108.0,159.0,2.4427075900002904,8240.132577111495,9560.88270651704,58403.299703911645,142922.808793,4780.441353258521,4780.44135325852,0.08185224768966853,0.03344771484432689,10000.0,0.0,6700.2757667398055,13819.381299,6356.076809165001,81393.57207126367,0.03344771484432689,0.08185224768966853,818.5224768966854,1010.6593566622461,-192.1368797655607,520.2591733183317,6662.2468215239605,861031.7589652839,0.5000000000000001
2026-07-14 00:00:00+00:00,283.0,33.0,149445.441715,78685.56751692826,163.0,120.0,1.4876461318351255,4992.796385439044,7016.714701671253,69185.70323079091,102766.063358,3508.357350835626,3508.357350835627,0.05070928222168075,0.03413925994823575,0.0,0.0,4618.687069741313,11066.81359,60817.26047504287,37582.94762321502,0.03413925994823575,0.05070928222168075,0.0,612.023132060818,-612.023132060818,3083.999625378419,1905.8042977482562,866024.5553507229,0.49999999999999994
2026-07-15 00:00:00+00:00,147.0,22.0,64611.186151,35647.47358193025,58.0,89.0,2.0745396583000093,2195.670660912698,8250.791323685298,58517.21660811546,121639.206338,4125.395661842649,4125.395661842649,0.07049883608562679,0.033915016268516035,0.0,0.0,0.0,0.0,24.671407712370552,72636.69189549814,0.033915016268516035,0.07049883608562679,0.0,0.0,0.0,1.7393055283160803,5120.802235742899,868220.2260116355,0.5
2026-07-16 00:00:00+00:00,86.0,22.0,49131.209272,26118.86172751308,45.0,41.0,1.8571946548827065,1633.0059442103015,7689.308552326962,61877.060462377536,115129.91757,3844.654276163481,3844.6542761634814,0.062133757606360536,0.033394050454573616,0.0,0.0,0.0,0.0,18694.0,0.0,0.033394050454573616,0.062133757606360536,0.0,0.0,0.0,1161.528464693304,0.0,869853.2319558458,0.5
2026-07-17 00:00:00+00:00,47.0,14.0,19947.184314,10219.000969028957,19.0,28.0,2.0624275915997683,653.6478749537504,7946.261396159328,58729.01454262592,121342.069376,3973.130698079664,3973.130698079664,0.06765192178043339,0.03274322515275565,0.0,0.0,0.0,0.0,0.0,6190.000000000001,0.03274322515275565,0.06765192178043339,0.0,0.0,0.0,0.0,418.76539582088276,870506.8798307996,0.5
2026-07-18 00:00:00+00:00,393.0,34.0,308707.8889,174688.94603055986,187.0,206.0,1.826341300487784,10036.380306545783,7589.263620145056,62476.51131273586,113945.726509,3794.631810072528,3794.631810072528,0.06073693505512672,0.03330209851944565,138390.0,0.0,67116.83770338539,112175.44135200001,154198.66268355996,44819.68629429089,0.03330209851944565,0.06073693505512672,8405.384442278986,7812.1486120626005,593.2358302163857,9365.554160998774,2722.210375647499,880543.2601373454,0.5
2026-07-19 00:00:00+00:00,375.0,31.0,311088.9858,140064.37846383173,185.0,190.0,2.742763925141044,10095.746473823565,9178.52169950675,51034.59442958955,140250.436039,4589.260849753376,4589.260849753375,0.08992450907168471,0.032721900760987445,78495.9964975845,0.0,38598.96296400197,65091.274429,8766.971263396776,51538.05686346232,0.032721900760987445,0.08992450907168471,7058.713949137969,5600.9030174859545,1457.810931652015,788.3655869065226,4634.53446195542,890639.006611169,0.5000000000000001
2026-07-20 00:00:00+00:00,334.0,37.0,582165.071759,150777.30014715454,187.0,147.0,3.792850983796522,18757.967016576837,11093.945025240839,44168.47759245509,167827.829535,5546.97251262042,5546.972512620419,0.12558668115760369,0.03305156557163015,1305.5425276710266,0.0,0.0,0.0,70380.0792040196,14243.380229930812,0.03305156557163015,0.12558668115760369,163.9587531603132,0.0,163.9587531603132,8838.800566842103,1788.7788515428367,909396.9736277458,0.5000000000000001
2026-07-21 00:00:00+00:00,141.0,28.0,163644.567937,64865.00135928365,67.0,74.0,3.1467071098027413,5388.179456275462,12026.37127404375,57309.8859059897,180672.895223,6013.185637021875,6013.185637021875,0.10492405528229137,0.03328216791788249,39000.0,0.0,9458.098762811771,27177.229763,53858.226840839954,36615.0,0.03328216791788249,0.10492405528229137,4092.038156009364,1896.8992019696734,2195.1389540396904,5651.02357045448,3841.7942841610984,914785.1530840212,0.5
2026-07-22 00:00:00+00:00,241.0,35.0,237617.48701799999,54650.14815651457,88.0,153.0,7.2021479007982325,7904.972093140334,15299.871691621265,32127.136835135178,231847.397205,7649.9358458106335,7649.935845810632,0.23811446021683574,0.032995564919137486,0.0,0.979197,6571.484451095872,36856.238261,8641.529207914878,60822.26835016881,0.032995564919137486,0.23811446021683574,0.03230915818212467,2780.8578751120467,-2780.8255659538645,2057.6730627906713,14482.661597363978,922690.1251771615,0.5000000000000001
2026-07-23 00:00:00+00:00,543.0,42.0,588603.326038,117025.04514631236,264.0,279.0,4.837661711355148,19121.119626567182,12193.130429529236,39371.45140572837,190316.38829,6096.565214764617,6096.565214764618,0.15484735759265392,0.032033842537379405,0.0,0.0,0.0,0.0,93375.63611106543,80721.143449789,0.032033842537379405,0.15484735759265392,0.0,0.0,0.0,14458.970515331675,12499.455765057392,941811.2448037288,0.49999999999999994
2026-07-24 00:00:00+00:00,53.0,24.0,22929.930825,4971.717963101582,39.0,14.0,4.4898045643063105,728.4287438741297,11468.34638009776,40888.63194695681,183299.752071,5734.17319004888,5734.17319004888,0.14023881252587747,0.031283038439832614,0.0,0.0,0.0,0.0,7270.367094173329,7026.022298319166,0.031283038439832614,0.14023881252587747,0.0,0.0,0.0,1019.587647914082,985.3210238966163,942539.6735476028,0.5
2026-07-25 00:00:00+00:00,234.0,32.0,142142.558229,35579.7764337645,122.0,112.0,3.5327008577855996,4286.301776309523,9512.297382609137,46140.46995497682,162700.398691,4756.148691304568,4756.148691304567,0.10307976264536418,0.029232557077732965,0.0,0.0,0.0,0.0,40828.843034151476,61693.82147564541,0.029232557077732965,0.10307976264536418,0.0,0.0,0.0,4208.627449045165,6359.384474395,946825.9753239123,0.5
2026-07-26 00:00:00+00:00,53.0,20.0,23641.884158,6629.595705691493,25.0,28.0,3.7185438062015916,701.610673232106,9895.138686864013,44978.20936592619,166952.698088,4947.569343432006,4947.569343432007,0.10999925104132979,0.029634557572853156,0.0,0.0,0.0,0.0,2183.9417141528506,1436.0833285490412,0.029634557572853156,0.10999925104132979,0.0,0.0,0.0,240.23195287473152,157.96809057333448,947527.5859971445,0.4999999999999999
2026-07-27 00:00:00+00:00,81.0,20.0,72796.793562,22386.542434251118,49.0,32.0,3.178376312958342,2119.3143618834915,8529.958705495592,49058.02430044187,155840.828523,4264.979352747795,4264.979352747796,0.08693744629070559,0.027367535152178317,420.0,1309.876853,0.0,0.0,32375.828859760943,16729.160798050965,0.027367535152178317,0.08693744629070559,72.36182826159856,0.0,72.36182826159856,2814.671882612543,1454.3905183691331,949646.9003590279,0.4999999999999999
2026-07-28 00:00:00+00:00,37.0,13.0,13641.265525,4448.714714754912,18.0,19.0,3.090559814818644,377.5309386246832,8927.610887322575,52337.22866018706,161684.001306,4463.805443661287,4463.805443661287,0.08528929708226804,0.02760820741449351,2589.1660545329855,7977.65,0.0,0.0,18887.826739627828,25149.17467143417,0.02760820741449351,0.08528929708226804,441.07676870062176,0.0,441.07676870062176,1610.929466034524,2144.9554299257998,950024.4312976525,0.5
2026-07-29 00:00:00+00:00,65.0,20.0,22824.881706,6880.324898278284,27.0,38.0,3.367527504210502,619.1680534982715,9328.91386675951,51579.25451725847,173912.287644,4664.456933379755,4664.456933379755,0.0904328101876506,0.026820743931147292,0.0,10000.0,0.0,0.0,7681.726777133319,6889.489078950025,0.026820743931147292,0.0904328101876506,268.2074393114729,0.0,268.2074393114729,694.6801395498904,623.0358581665794,950643.5993511508,0.5
2026-07-30 00:00:00+00:00,58.0,19.0,27408.253448,7433.1233493650225,30.0,28.0,4.0518251795901215,746.1284846820887,10452.906421891312,47029.57139430927,190793.962818,5226.453210945656,5226.453210945655,0.11113121076791428,0.027393179185293267,0.0,0.0,0.0,0.0,14919.799406805712,61803.43983238293,0.027393179185293267,0.11113121076791428,0.0,0.0,0.0,1658.055372492728,6868.291098194656,951389.7278358329,0.5
2026-07-31 00:00:00+00:00,108.0,22.0,78161.596849,17803.091464630426,55.0,53.0,4.714840180360722,2099.683063476271,10379.829241549214,41179.44293654196,194402.135126,5189.914620774607,5189.914620774608,0.12603168597429382,0.0266967984554841,0.0,0.0,2422.3604622154544,11551.405104,6811.6220486385755,23795.729418869905,0.0266967984554841,0.12603168597429382,0.0,613.6797070296217,-613.6797070296217,858.4802110095928,2999.015897648277,953489.4108993091,0.5
2026-08-01 00:00:00+00:00,25.0,12.0,4220.4317439999995,908.0047240405675,11.0,14.0,4.596320235412893,114.66134883239403,10476.471027501677,41772.70538545379,191649.697652,5238.235513750838,5238.2355137508375,0.12539852196345683,0.02733234426105119,0.0,0.0,0.0,0.0,12547.4889826674,12019.954868618588,0.02733234426105119,0.12539852196345683,0.0,0.0,0.0,1573.4365727792506,1507.2845745922277,953604.0722481415,0.5
2026-08-02 00:00:00+00:00,72.0,19.0,49686.564640000004,10035.552435037242,33.0,39.0,4.629236262126047,1353.8816714062405,10578.046650263856,41637.584910032354,192366.713497,5289.023325131928,5289.023325131928,0.12702521859901547,0.027494482953852678,0.0,0.56,0.0,0.0,5908.378202391,0.0,0.027494482953852678,0.12702521859901547,0.015396910454157501,0.0,0.015396910454157501,750.5130327243749,0.0,954957.9539195477,0.5
2026-08-03 00:00:00+00:00,70.0,20.0,36526.772829,8752.850476561536,42.0,28.0,3.995618745766296,988.5879799643669,10146.86829336057,44741.9568907157,179090.405462,5073.434146680285,5073.434146680284,0.11339321074114803,0.028328899773230914,0.0,0.0,0.0,0.0,8219.778199676999,3087.5771364875395,0.028328899773230914,0.11339321074114803,0.0,0.0,0.0,932.0670416414682,350.11028491728194,955946.541899512,0.5
2026-08-04 00:00:00+00:00,16.0,13.0,3216.286169,796.5568043471644,2.0,14.0,4.0638452818876605,91.05502769551603,10217.664073915952,44870.18901949494,182634.68716,5108.832036957977,5108.832036957976,0.1138580458116261,0.02797295583002972,500.17836836642005,2036.546073,0.0,0.0,5992.897511336,7248.125830397202,0.02797295583002972,0.1138580458116261,113.91754492529773,0.0,113.91754492529773,682.3395993900743,825.2574428457951,956037.5969272075,0.5000000000000001
2026-08-05 00:00:00+00:00,49.0,25.0,26593.549629,6846.003734203863,20.0,29.0,3.893598078893504,754.4484437494607,10053.316961460321,45842.34378280904,178814.358832,5026.65848073016,5026.6584807301615,0.10965099220374429,0.028111044960616484,0.0,0.0,0.0,0.0,18744.839480768416,3246.867907902043,0.028111044960616484,0.10965099220374429,0.0,0.0,0.0,2055.390247766176,356.02228765595447,956792.045370957,0.4999999999999999
2026-08-06 00:00:00+00:00,131.0,26.0,103385.089263,29228.37878500779,58.0,73.0,3.5413656577755495,2889.890367679479,9705.765002142958,48097.61839187474,170634.094785,4852.882501071479,4852.88250107148,0.10089652384724498,0.028440286258066664,0.0,0.0,0.0,0.0,9548.864256602563,17449.67328820648,0.028440286258066664,0.10089652384724498,0.0,0.0,0.0,963.4472101804057,1760.6113770501588,959681.9357386365,0.5
2026-08-07 00:00:00+00:00,29.0,17.0,5843.184849,1629.8934543324497,6.0,23.0,3.639820635745952,167.65072655958275,9919.969153024576,47462.24703863115,172930.220109,4959.984576512288,4959.984576512288,0.10450378745184961,0.02868200001934856,0.0,0.0,0.0,0.0,2.8408346538702616,1906.0,0.02868200001934856,0.10450378745184961,0.0,0.0,0.0,0.2968779808539066,199.18421888322536,959849.5864651961,0.5
2026-08-08 00:00:00+00:00,73.0,17.0,17635.753599,4691.460920450301,18.0,55.0,3.716825536809343,512.1403589563132,10159.721089255778,47042.71950829175,174507.367027,5079.860544627889,5079.860544627888,0.1079839898229632,0.02910971972800395,0.0,0.0,0.0,0.0,1734.89529742752,127.03126556395438,0.02910971972800395,0.1079839898229632,0.0,0.0,0.0,187.34091614132004,13.717342887856185,960361.7268241524,0.5
2026-08-09 00:00:00+00:00,86.0,19.0,25243.570164,7306.969110749443,42.0,44.0,3.416422928652988,785.2579760470879,10236.059861340744,49002.24845058496,167578.889751,5118.029930670372,5118.029930670372,0.10444479778987113,0.030541018252806695,0.0,0.0,0.0,0.0,3745.8114048151638,11894.0,0.030541018252806695,0.10444479778987113,0.0,0.0,0.0,391.2305147349129,1242.2664249127272,961146.9848001995,0.5
2026-08-10 00:00:00+00:00,25.0,9.0,3154.797101,907.0393180326089,11.0,14.0,3.477935441802783,95.19826188534462,10313.33898235227,48559.004213249566,169114.907079,5156.669491176135,5156.669491176134,0.10619388874883708,0.030492104925837545,0.0,0.0,0.0,0.0,0.0,508.3845999606992,0.030492104925837545,0.10619388874883708,0.0,0.0,0.0,0.0,53.98733764984853,961242.1830620848,0.5
2026-08-11 00:00:00+00:00,38.0,16.0,4313.844559,1248.5497124224994,23.0,15.0,3.4442191641422943,130.27073116498227,10172.388941018955,48875.71243998192,168027.673303,5086.194470509478,5086.1944705094775,0.10406384309497668,0.0302699809533021,0.0,0.0,0.0,0.0,571.0,86.01985831879486,0.0302699809533021,0.10406384309497668,0.0,0.0,0.0,59.42045440723169,8.951557039139193,961372.4537932498,0.5000000000000001
2026-08-12 00:00:00+00:00,9.0,8.0,2821.199862,826.558341973877,5.0,4.0,3.4213842680362316,84.30635202071012,10122.885959549483,49455.38689534739,169960.280928,5061.442979774742,5061.442979774741,0.10234361305241163,0.02978015188100867,573.8728739508083,1946.971419,0.0,0.0,2670.735662268413,0.0,0.02978015188100867,0.10234361305241163,116.71332791869989,0.0,116.71332791869989,273.33273718447475,0.0,961456.7601452705,0.5
2026-08-13 00:00:00+00:00,90.0,19.0,39614.384247,12228.111040216232,47.0,43.0,3.489049473456289,1214.052243657823,10416.412030498195,48498.12203111541,169513.2465,5208.206015249097,5208.206015249098,0.10738984927926935,0.03072447801446064,0.0,0.0,570.5991063509115,1870.084528,6386.618889510722,13505.630327988958,0.03072447801446064,0.10738984927926935,0.0,118.73392299562917,-118.73392299562917,685.858039948691,1450.3676053442632,962670.8123889284,0.4999999999999999
2026-08-14 00:00:00+00:00,43.0,14.0,15451.969631999998,4576.150289742626,31.0,12.0,3.2885375251411153,468.28374785991,9920.212977015759,50045.44488202297,164302.608796,4960.106488507879,4960.10648850788,0.09911204706443959,0.030188848033852012,0.0,0.0,0.0,0.0,1430.0,0.0,0.030188848033852012,0.09911204706443959,0.0,0.0,0.0,141.73022730214862,0.0,963139.0961367883,0.4999999999999999
2026-08-15 00:00:00+00:00,28.0,16.0,8308.456732999999,2549.162922488737,16.0,12.0,3.1852324766758464,247.71821672947274,9832.683133728242,50840.06722438018,161750.943793,4916.34156686412,4916.341566864121,0.09670210594266297,0.030394515491395123,0.0,0.0,0.0,0.0,1635.2798481157845,123.36505957034018,0.030394515491395123,0.09670210594266297,0.0,0.0,0.0,158.13500511839442,11.929661060193965,963386.8143535177,0.4999999999999999
2026-08-16 00:00:00+00:00,39.0,17.0,17973.859715,5800.997333415683,26.0,13.0,2.948359592474595,541.9085807388266,9277.21455364811,52418.82559916905,154244.440187,4638.607276824055,4638.607276824055,0.08849124763484946,0.03007309223723323,0.0,0.0,434.2414553101742,1382.807793,5193.483468688469,0.0,0.03007309223723323,0.08849124763484946,0.0,80.01187446042394,-80.01187446042394,459.5778317152082,0.0,963928.7229342565,0.5
2026-08-17 00:00:00+00:00,34.0,14.0,9988.252736,3475.0814071171167,15.0,19.0,2.8025966197259238,302.22733401929804,9160.333809156968,53673.1205735401,150659.567666,4580.166904578484,4580.166904578483,0.08533446268142689,0.030400770263275548,0.0,0.0,0.0,0.0,3030.078556627,0.0,0.030400770263275548,0.08533446268142689,0.0,0.0,0.0,258.5701255122786,0.0,964230.9502682758,0.5
2026-08-18 00:00:00+00:00,176.0,24.0,78384.181013,29279.73171446382,94.0,82.0,3.1670586663254046,2351.6373822594182,9483.129266443724,50599.75466225511,159979.809833,4741.564633221862,4741.564633221863,0.09370726527966415,0.029638518999188058,0.0,0.0,0.0,0.0,25999.192498032,19005.956095679525,0.029638518999188058,0.09370726527966415,0.0,0.0,0.0,2436.3132284701387,1780.9961697514912,966582.5876505353,0.5
2026-08-19 00:00:00+00:00,173.0,28.0,100749.712246,25987.455938830095,86.0,87.0,3.577845784754025,2930.6399199353305,10608.43029550045,47636.028272983625,170124.531155,5304.215147750225,5304.215147750225,0.11134881181432303,0.031178426248931548,0.0,0.0,0.0,0.0,17173.209607205983,24585.935338207542,0.031178426248931548,0.11134881181432303,0.0,0.0,0.0,1912.2164848007033,2737.6146872531863,969513.2275704707,0.5
2026-08-20 00:00:00+00:00,178.0,18.0,47086.871605,13327.214358586552,63.0,115.0,3.0901261419869304,1698.0614861650054,13571.276978489666,51181.128245809065,158419.029582,6785.638489244833,6785.638489244834,0.13258086958644705,0.04283348097226217,0.0,0.0,1.4100050103107953,5.055804,3223.254668507795,0.0,0.04283348097226217,0.13258086958644705,0.0,0.4034973748217394,-0.4034973748217394,427.34190684933856,0.0,971211.2890566357,0.5
2026-08-21 00:00:00+00:00,173.0,22.0,42390.986973,12038.681076846902,113.0,60.0,3.845191522776577,1596.745707528188,13093.664773787106,44544.08088286348,171286.392837,6546.832386893552,6546.832386893554,0.1469742389366974,0.038221555597377006,0.0,0.0,1382.3302667368603,5346.557526,645.6184218638338,8072.0,0.038221555597377006,0.1469742389366974,0.0,407.52068464739534,-407.52068464739534,94.8892761969486,1186.3760566970213,972808.0347641639,0.49999999999999994
2026-08-22 00:00:00+00:00,220.0,25.0,89485.279491,23093.57679247407,110.0,110.0,4.322005053258594,3261.71721839111,13209.660635428536,41995.78748427112,181867.378008,6604.830317714269,6604.830317714268,0.15727363893790555,0.036316740198584344,0.0,0.0,0.0,0.0,369.06695783425755,7814.463130260726,0.036316740198584344,0.15727363893790555,0.0,0.0,0.0,58.04450347033624,1229.0090528422006,976069.751982555,0.5000000000000001
2026-08-23 00:00:00+00:00,134.0,17.0,74302.337254,16363.792753970478,64.0,70.0,4.547150530282862,2665.1338687677403,13553.723879411851,40963.73816919883,186597.286699,6776.861939705926,6776.861939705926,0.1654356326494035,0.03631811619339181,0.0,0.0,0.0,0.0,12104.978556627,14550.0,0.03631811619339181,0.1654356326494035,0.0,0.0,0.0,2002.594785723051,2407.088455048821,978734.8858513228,0.5
2026-08-24 00:00:00+00:00,86.0,14.0,20088.231476,4562.428200037425,56.0,30.0,4.299229264982864,726.1061008524096,13011.020171195261,42204.35160714818,181153.350772,6505.510085597631,6505.510085597632,0.15414311173769552,0.03591161884598801,0.3469476381875501,0.0,0.0,0.0,2572.4687993459015,0.0,0.03591161884598801,0.15414311173769552,0.053479588560273086,0.0,0.053479588560273086,396.5283455793107,0.0,979460.9919521752,0.5
2026-08-25 00:00:00+00:00,70.0,15.0,24333.981789,5903.847999994845,49.0,21.0,4.0812674513571,876.135736196992,12274.562483539725,43317.96475883288,176544.591814,6137.281241769862,6137.281241769863,0.1416798151976524,0.03476334890074597,0.0,0.0,0.0,0.0,4982.710363182044,0.0,0.03476334890074597,0.1416798151976524,0.0,0.0,0.0,705.9494834390595,0.0,980337.1276883722,0.5
2026-08-26 00:00:00+00:00,113.0,22.0,46030.476709,13099.967219043083,60.0,53.0,3.3006006572242224,1611.7102763899054,11528.241347832201,48973.62106013007,161408.134692,5764.1206739161,5764.120673916102,0.11769847826524574,0.035711463272376155,790.7349409066562,2600.269789,0.0,0.0,13236.992494668999,345.67825387662526,0.035711463272376155,0.11769847826524574,185.92773832401525,0.0,185.92773832401525,1557.9738734310201,40.685804450666076,981948.8379647621,0.49999999999999994
2026-08-27 00:00:00+00:00,48.0,15.0,17600.220195,5550.423664987078,36.0,12.0,3.141539900323731,635.9235029428669,11551.419029934143,50116.86435364533,157761.174428,5775.709514967071,5775.70951496707,0.11524483004785126,0.03661046221231716,0.0,0.0,0.0,0.0,1599.992494669,1487.9078764932715,0.03661046221231716,0.11524483004785126,0.0,0.0,0.0,184.39086312596646,171.47369035332633,982584.761467705,0.5
2026-08-28 00:00:00+00:00,40.0,10.0,16714.213716000002,5737.904904289022,21.0,19.0,2.7838886159981104,581.8561244537184,10436.548655364342,53342.92949291592,148246.040617,5218.274327682171,5218.27432768217,0.09782504218061686,0.035200092400199785,0.0,0.0,1.0942355370475894,3.440975,5713.977928537443,3023.3392578509583,0.035200092400199785,0.09782504218061686,0.0,0.22816627551398783,-0.22816627551398783,558.9701318782892,295.75829042558485,983166.6175921587,0.5
2026-08-29 00:00:00+00:00,105.0,15.0,48377.836361,18366.57122670304,73.0,32.0,2.8056162906009625,1690.9498809114953,9927.700419683028,53158.389686362105,148859.727998,4963.850209841514,4963.850209841514,0.09337849094241844,0.033345823458096106,0.0,0.0,0.0,0.0,9490.42362430717,1209.4248624197564,0.033345823458096106,0.09337849094241844,0.0,0.0,0.0,886.2014364420811,112.9342685609989,984857.5674730702,0.5
2026-08-30 00:00:00+00:00,185.0,20.0,142679.893741,43924.68078558807,95.0,90.0,3.6744307256806623,4840.395283483136,11268.850868536523,46408.267068307374,170809.528403,5634.425434268262,5634.425434268262,0.1214099510756363,0.0329865990905066,0.0,0.0,0.0,0.0,18303.5180629165,21114.0,0.0329865990905066,0.1214099510756363,0.0,0.0,0.0,2222.2292325307176,2563.449707010985,989697.9627565533,0.5
2026-08-31 00:00:00+00:00,62.0,11.0,7629.044712,2126.861761216159,32.0,30.0,3.56040501375335,256.0357568334686,11119.955391227115,47233.33806792471,167841.158646,5559.977695613557,5559.977695613558,0.11771299516493913,0.03312642584492826,0.0,0.0,0.0,0.0,2268.674742971166,5000.0,0.03312642584492826,0.11771299516493913,0.0,0.0,0.0,267.0524990501844,588.5649758246957,989953.9985133868,0.5
2026-09-01 00:00:00+00:00,217.0,24.0,122880.199721,31579.92845023388,106.0,111.0,3.7091458971199818,4113.757853174699,11457.77819564873,46233.51204344198,171709.627613,5728.889097824365,5728.889097824365,0.12391204657871072,0.03336381994104701,0.0,0.0,0.0,0.0,17990.98256015551,19291.30491590225,0.03336381994104701,0.12391204657871072,0.0,0.0,0.0,2229.299468990762,2390.4250733033905,994067.7563665615,0.5
2026-09-02 00:00:00+00:00,102.0,16.0,60665.759746,17339.5109432607,76.0,26.0,3.4037286396388473,2033.3312476442889,10962.901938828822,48274.809140068566,164568.15298,5481.450969414412,5481.45096941441,0.11354681804147732,0.03330809072202792,0.0,0.0,0.0,0.0,17007.714989869,7600.084320246911,0.03330809072202792,0.11354681804147732,0.0,0.0,0.0,1931.1719192559615,862.9653914109608,996101.0876142058,0.5000000000000001
2026-09-03 00:00:00+00:00,73.0,14.0,29637.846645,9754.899668065145,55.0,18.0,2.8545791504017517,1002.8980722135345,10347.084385134374,52810.91163273725,150489.909922,5173.542192567187,5173.542192567187,0.09796350853674966,0.034378000460287814,0.0,0.0,0.0,0.0,10934.767356582148,61955.20628284953,0.034378000460287814,0.09796350853674966,0.0,0.0,0.0,1071.2081752839067,6069.349379586017,997103.9856864193,0.5
2026-09-04 00:00:00+00:00,46.0,12.0,15611.648532000001,5152.720136441196,12.0,34.0,3.1376359683615034,542.5963810596274,10949.505635485226,50283.66251165666,158085.149496,5474.752817742613,5474.752817742613,0.10887736780258334,0.03463167055980258,0.0,0.0,0.0,0.0,0.0,1970.480748538728,0.03463167055980258,0.10887736780258334,0.0,0.0,0.0,0.0,214.5407572065608,997646.5820674789,0.5
2026-09-05 00:00:00+00:00,44.0,12.0,11482.932361000001,3755.13133174095,29.0,15.0,3.070430452258589,404.3884970706579,11117.505979148864,50917.72311116776,156139.53801,5558.752989574432,5558.752989574431,0.10917127966303806,0.035601187632682885,0.0,0.0,0.0,0.0,2148.77,91.27122329040739,0.035601187632682885,0.10917127966303806,0.0,0.0,0.0,234.5839706015463,9.96419624302466,998050.9705645496,0.5
2026-09-06 00:00:00+00:00,48.0,8.0,4811.293125,1543.939355501221,32.0,16.0,3.165534954883371,172.45039887704584,11470.42986910093,50159.04935598162,158510.880336,5735.214934550465,5735.214934550465,0.11434058276996678,0.03618183762776011,0.0,0.0,0.0,0.0,0.0,0.0,0.03618183762776011,0.11434058276996678,0.0,0.0,0.0,0.0,0.0,998223.4209634266,0.5
2026-09-07 00:00:00+00:00,112.0,17.0,36168.373579,11748.405146708461,65.0,47.0,3.2980363494646223,1308.8967076536828,11379.862292332113,49148.50840494707,161844.452113,5689.931146166056,5689.931146166056,0.11577016944818072,0.03515678833521794,0.0,0.0,0.0,0.0,7397.018291554721,6677.052734721483,0.03515678833521794,0.11577016944818072,0.0,0.0,0.0,856.3540610245823,773.0035265131446,999532.3176710802,0.5
2026-09-08 00:00:00+00:00,49.0,12.0,9819.730656,3021.0818130185394,33.0,16.0,3.195612689632508,349.84449953019725,11444.964588897741,49931.67867484135,159325.405389,5722.482294448871,5722.482294448871,0.11460624690217373,0.03591694796242431,0.0,0.0,0.0,0.0,2496.2032150705304,0.0,0.03591694796242431,0.11460624690217373,0.0,0.0,0.0,286.0804819843731,0.0,999882.1621706104,0.5
2026-09-09 00:00:00+00:00,112.0,14.0,35488.966406,11710.771021163575,62.0,50.0,3.2251460076327545,1310.2890753059166,11357.965037081502,49690.62868259251,160171.145263,5448.932592860421,5909.03244422108,0.10965714738017143,0.036891990967027714,0.0,0.0,0.0,0.0,2235.74,0.0,0.036891990967027714,0.10965714738017143,0.0,0.0,0.0,245.16487068374445,0.0,1001192.4512459163,0.47974549798936145
2026-09-10 00:00:00+00:00,38.0,19.0,8529.673134,2648.028552437391,18.0,20.0,3.2073753328272043,292.22146744320634,10771.862876030982,49769.76367897418,159933.491016,5385.931438015491,5385.931438015491,0.10821693815457759,0.03367606999509986,0.0,0.0,0.0,0.0,441.22615304953064,5894.754373376623,0.03367606999509986,0.10821693815457759,0.0,0.0,0.0,47.74814331674324,637.9122694601238,1001484.6727133595,0.5
2026-09-11 00:00:00+00:00,33.0,17.0,3257.1820190000003,1028.1859980265715,17.0,16.0,3.162221584403576,109.81072273909867,10512.311696509925,50230.244165510034,158473.824714,5256.155848254962,5256.155848254963,0.10464125619090729,0.033167343930398746,0.0,0.0,0.0,0.0,788.6940743269649,0.0,0.033167343930398746,0.10464125619090729,0.0,0.0,0.0,82.52993868789842,0.0,1001594.4834360986,0.4999999999999999
2026-09-12 00:00:00+00:00,54.0,15.0,11565.147245999999,3779.872927522001,44.0,10.0,3.0247333988833334,388.0723299323749,10434.928514916264,51351.17591059085,155037.449713,5217.464257458132,5217.464257458131,0.1016035984559034,0.033652928806017654,0.0,0.0,0.0,0.0,1684.35,49.85633936479781,0.033652928806017654,0.1016035984559034,0.0,0.0,0.0,171.13602105920089,5.065583485302167,1001982.5557660309,0.5
2026-09-13 00:00:00+00:00,30.0,8.0,5221.70308,1769.0246027854898,17.0,13.0,2.888028623914496,176.9135972022851,10270.249562505482,52468.26864277031,151746.888715,5135.124781252741,5135.124781252741,0.09787105452659754,0.03384006634163788,0.0,0.0,0.0,0.0,517.405794974874,7536.450169042346,0.03384006634163788,0.09787105452659754,0.0,0.0,0.0,50.63905077236344,737.6003254313287,1002159.4693632332,0.5
2026-09-14 00:00:00+00:00,68.0,15.0,17171.94052,5895.8455879501325,43.0,25.0,2.876105284063044,586.8581198215035,10283.611713030932,52661.27369095856,151222.578896,5141.805856515466,5141.805856515466,0.09763922321153932,0.034001574990012766,0.0,0.0,0.37947472459444,1.097503,1767.6520448006058,0.0,0.034001574990012766,0.09763922321153932,0.0,0.07436844789407791,-0.07436844789407791,172.59217256262028,0.0,1002746.3274830547,0.5
2026-09-15 00:00:00+00:00,89.0,15.0,27700.569101,9534.583862065774,42.0,47.0,3.1315566813069253,914.5087735070383,10199.61413079103,50393.63352616823,158084.606021,5099.807065395514,5099.807065395515,0.10119943152635151,0.03225998529368542,0.0,0.0,0.0,0.0,5687.9642612441685,1048.9045248085201,0.03225998529368542,0.10119943152635151,0.0,0.0,0.0,575.6187497801138,106.14854163604011,1003660.8362565618,0.4999999999999999
2026-09-16 00:00:00+00:00,45.0,15.0,9037.26032,2779.4700521001487,15.0,30.0,3.298608334336885,290.3164198800836,10443.735252032748,49190.89359476491,161967.978197,5221.867626016374,5221.867626016375,0.10615516906511546,0.03224012353642564,0.0,0.0,0.0,0.0,118.6176522867843,4946.09139403078,0.03224012353642564,0.10615516906511546,0.0,0.0,0.0,12.591876932610667,525.0531681448501,1003951.1526764419,0.5
2026-09-17 00:00:00+00:00,11.0,7.0,685.5512160000001,208.50364200942798,4.0,7.0,3.278026595139959,22.79371230946865,10820.23082761449,49292.84930100557,161634.341476,5410.115413807245,5410.115413807245,0.10975456867527598,0.033471324004562215,0.0,0.0,0.0,0.0,0.0,0.0,0.033471324004562215,0.10975456867527598,0.0,0.0,0.0,0.0,0.0,1003973.9463887514,0.5
2026-09-18 00:00:00+00:00,79.0,16.0,17199.983097,5484.607242014201,57.0,22.0,2.977867626194708,600.9179809048262,11228.205690758043,51700.78523743604,154139.643053,5614.102845379021,5614.102845379021,0.10858834773197804,0.036422186623649086,0.0,0.0,0.0,0.0,4448.197509187324,3055.983135247324,0.036422186623649086,0.10858834773197804,0.0,0.0,0.0,483.0224179081517,331.84415935329685,1004574.8643696562,0.5
2026-09-19 00:00:00+00:00,77.0,16.0,9216.404927,3126.096192711397,61.0,16.0,3.018799904764354,331.2925848256455,11032.9619285308,51341.69817759137,155236.339793,5516.4809642654,5516.480964265399,0.10744640633396749,0.035536015417661576,0.0,0.0,0.0,0.0,121.56300784076893,0.0,0.035536015417661576,0.10744640633396749,0.0,0.0,0.0,13.061508335638534,0.0,1004906.1569544818,0.5
2026-09-20 00:00:00+00:00,35.0,8.0,11227.698527,3879.9609123000514,16.0,19.0,2.814316692574155,403.28299024883347,11119.770883724825,53271.211281185264,149635.582986,5559.885441862413,5559.885441862412,0.1043694203331565,0.03715617188715467,0.0,0.0,0.0,0.0,5499.978556627,0.0,0.03715617188715467,0.1043694203331565,0.0,0.0,0.0,574.0295737999509,0.0,1005309.4399447307,0.5000000000000001
2026-09-21 00:00:00+00:00,178.0,20.0,103263.151249,40748.878889487896,91.0,87.0,2.716224391872308,3868.505185848673,10802.988092484577,54233.68589973593,147190.489444,5401.494046242288,5401.494046242288,0.09959666131172155,0.036697303383160074,0.0,0.0,0.0,0.0,30333.471573288134,25872.67126459566,0.036697303383160074,0.09959666131172155,0.0,0.0,0.0,3021.112494693512,2576.831677169445,1009177.9451305794,0.5
2026-09-22 00:00:00+00:00,104.0,13.0,24070.916368000002,8113.015635938509,41.0,63.0,3.2232386107499322,889.002238334378,12792.673865253848,52955.28916975777,170404.781409,6396.336932626923,6396.336932626924,0.12078749890539368,0.03753613531110166,3376.30379808977,9401.692,0.0,0.0,0.0,3500.0,0.03753613531110166,0.12078749890539368,760.7184743813466,0.0,760.7184743813466,0.0,422.7562461688779,1010066.9473689138,0.49999999999999994
2026-09-23 00:00:00+00:00,297.0,23.0,151824.832424,44795.23085490847,159.0,138.0,3.379968071960279,5563.5922856083225,12398.647857232085,51686.86304769966,174888.434295,6199.323928616042,6199.323928616042,0.11994003046567062,0.03544730647058734,0.0,0.0,0.0,0.0,884.2739104099999,30163.479212990376,0.03544730647058734,0.11994003046567062,0.0,0.0,0.0,106.05983975457308,3617.808615756688,1015630.5396545221,0.5
2026-09-24 00:00:00+00:00,98.0,16.0,22171.385019,6647.861809041345,48.0,50.0,3.418488761387833,802.2478806137933,12988.215104405794,51383.393841394594,175966.154409,6494.107552202898,6494.107552202897,0.12638533710420716,0.0369054354458902,0.0,0.0,0.0,0.0,432.9044973974014,1370.009592464648,0.0369054354458902,0.12638533710420716,0.0,0.0,0.0,54.71278083749795,173.149124179642,1016432.7875351359,0.5000000000000001
2026-09-25 00:00:00+00:00,78.0,11.0,29156.326358,7692.977749880846,29.0,49.0,4.121243832011078,1098.2923829519905,14661.783940465348,46818.52115101509,193183.693934,7330.891970232674,7330.891970232674,0.15658102370612212,0.03794777820501365,0.0,0.0,0.0,0.0,400.4465560080387,3003.4612169770394,0.03794777820501365,0.15658102370612212,0.0,0.0,0.0,62.70233167932967,470.2850320159002,1017531.0799180878,0.5
2026-09-26 00:00:00+00:00,141.0,22.0,59017.467508,13796.69667279986,73.0,68.0,4.03091538808314,2238.2614662501323,13582.361405380856,43654.03101453139,176529.392136,6791.180702690427,6791.180702690428,0.15556823837023903,0.038470538081604194,0.0,0.0,3545.9958361604645,15219.576623,11202.318556627,47789.97562806171,0.038470538081604194,0.15556823837023903,0.0,1137.1496275607008,-1137.1496275607008,1742.7249635167013,7434.602320214218,1019769.341384338,0.49999999999999994
2026-09-27 00:00:00+00:00,92.0,13.0,21764.867913,5701.919672838294,73.0,19.0,3.6692737942783653,845.2212410982326,12727.664016707295,45872.39276004309,168035.092665,6363.832008353648,6363.832008353647,0.13872901816224487,0.037872041532662354,0.0,0.0,0.0,0.0,2047.57,44.62438536667889,0.037872041532662354,0.13872901816224487,0.0,0.0,0.0,284.0573757184677,6.190697168013009,1020614.5626254362,0.5000000000000001
2026-09-28 00:00:00+00:00,156.0,19.0,63299.797335999996,15984.201017051284,62.0,94.0,4.540337181989467,2306.1282038434656,13551.87549184472,41183.0092269298,187303.639794,6775.937745922361,6775.93774592236,0.16453236111487302,0.03617622035201591,0.0,0.0,0.0,0.0,4800.0,9181.655219684239,0.03617622035201591,0.16453236111487302,0.0,0.0,0.0,789.7553333513905,1510.6794122373458,1022920.6908292797,0.5000000000000001
2026-09-29 00:00:00+00:00,469.0,26.0,316625.801657,47670.501172862845,231.0,238.0,7.482858398951433,11474.38486440094,17637.183446591138,32179.06214055304,240379.040704,8818.59172329557,8818.591723295569,0.2740475059458651,0.03668619234633972,1.0222382451223238,0.0,0.5106122310544184,4.117916,23252.988261566108,468355.5212935878,0.03668619234633972,0.2740475059458651,0.2801418415582507,0.29100266686798704,-0.01086082530973631,6372.423438870669,128351.66250648325,1034395.0756936807,0.5000000000000001
2026-09-30 00:00:00+00:00,172.0,27.0,91616.069613,13322.443213221879,116.0,56.0,7.1604501821123545,3375.295839699555,17279.802955813964,32847.88892395491,235671.438462,8639.901477906982,8639.901477906982,0.26302760271471143,0.03666079154220503,0.0,0.0,0.0,0.0,6299.465249945994,6568.375368555136,0.03666079154220503,0.26302760271471143,0.0,0.0,0.0,1656.9332430779255,1727.6640269214167,1037770.3715333802,0.5
2026-10-01 00:00:00+00:00,268.0,21.0,144939.116134,17660.40490831042,122.0,146.0,8.384460847507913,5300.785812134129,18591.47847097869,30429.3340072106,254693.583243,9295.739235489347,9295.739235489344,0.3054861218220093,0.03649773628815923,0.0,0.0,0.0,0.0,5464.860644682395,113736.04245713059,0.03649773628815923,0.3054861218220093,0.0,0.0,0.0,1669.4390846417505,34744.782521612215,1043071.1573455144,0.5000000000000001
2026-10-02 00:00:00+00:00,154.0,23.0,75204.638814,8543.648595699773,87.0,67.0,9.028118584382502,2733.097609593086,18235.170933503923,29311.64417243682,264557.167699,9117.585466751962,9117.585466751962,0.31105677365330725,0.034463573775198174,0.0,0.0,0.0,0.0,3779.8708940485612,1597.2545230451872,0.034463573775198174,0.31105677365330725,0.0,0.0,0.0,1175.7544451287874,496.83683864158803,1045804.2549551075,0.5
2026-10-03 00:00:00+00:00,140.0,19.0,85442.600075,11324.443814502098,77.0,63.0,7.3099837298051655,2880.6776186700617,16381.394397428641,32549.464832538117,238408.11938,8190.69719871432,8190.697198714321,0.2516384598288841,0.03435578125449295,0.0,0.0,0.0,0.0,60110.661687248445,49300.2778004091,0.03435578125449295,0.2516384598288841,0.0,0.0,0.0,15126.15432627431,12405.845974831072,1048684.9325737776,0.49999999999999994
2026-10-04 00:00:00+00:00,77.0,15.0,34309.030663,4741.366152185152,31.0,46.0,7.096490718937875,1201.6553285713364,16668.11007475474,33199.97305296236,233804.574605,8334.05503737737,8334.05503737737,0.2510259578850393,0.03564538910950437,0.0,0.0,0.0,0.0,1094.2821811898577,1587.750898016959,0.03564538910950437,0.2510259578850393,0.0,0.0,0.0,274.69323272971417,398.56669005753844,1049886.587902349,0.5
2026-10-05 00:00:00+00:00,128.0,24.0,61357.152621,9765.49968114348,72.0,56.0,6.476793070240188,2190.189820837577,16379.753165017142,34709.76481002079,223758.587294,8189.876582508571,8189.876582508571,0.23595309928876657,0.0366013956449759,0.0,0.0,0.0,0.0,3645.2929547175822,1555.7943719330856,0.0366013956449759,0.23595309928876657,0.0,0.0,0.0,860.1181704811189,367.09450391363157,1052076.7777231864,0.5
2026-10-06 00:00:00+00:00,113.0,15.0,39880.169768,6533.755676959763,67.0,46.0,6.369837222521752,0.0,15905.742724003652,34890.03044338734,222683.911718,7952.871362001827,7952.871362001826,0.2279410840556926,0.0357137222022267,0.0,0.0,0.0,0.0,0.0,0.0,0.0357137222022267,0.2279410840556926,0.0,0.0,0.0,0.0,0.0,1052076.7777231864,0.5000000000000001
