tx_hash,sender,receiver,src_channel,dst_channel,price_l1_usd,usd_value
025E57D196F26A58E68B9998984B751601DD9B6A11EC6F452A60807C0F2F58DB,osmo1z6mhzw4s52fppehh39u84m3ufgyygcgzpydxcw,genesis12j38jzae8md2jrvnya6g8vzur4uncev6fxrs3n,channel-253,channel-1,0.10887736780258334,11.323246251468667
F8B27A66CF70B1A2C1006AD73FF620D439AF3E746CA5A7A9FBEB40170478BCA0,osmo1zkewm35hqzve3xet3rhc0kmzeldxjf22fwq990,genesis1zkewm35hqzve3xet3rhc0kmzeldxjf22lu8rhg,channel-253,channel-1,0.10887736780258334,101.60875547754607
E134CBA5EBA5C0543AF6D2EE86F7DAA799EC473153D6F47901256D29FE59B991,osmo1zkewm35hqzve3xet3rhc0kmzeldxjf22fwq990,genesis1zkewm35hqzve3xet3rhc0kmzeldxjf22lu8rhg,channel-253,channel-1,0.10887736780258334,101.60875547754607
BA8BBDFB6D58741416252B3436A8630247B2391A729D95C99E3B628241D8296A,osmo1ag940t2gd4sn0wey7xgfjl83x2t5v62m6629pc,genesis107ff0tztguhn637e0jf3pjecs7kk333gaprfj3,channel-253,channel-1,0.12603168597429382,630.1584298714691
E2253BD32483FFA7F133E6DB880B5F5D60710F60401322CD14D043DFA0756496,osmo16aypymlama0lk5s8c9s30s09eacpvwnav7ewjv,genesis16aypymlama0lk5s8c9s30s09eacpvwna6v7gqt,channel-253,channel-1,0.12603168597429382,235.06537415061578
DEF6130DA522BAFD79BB95BB313E167096CCD77E014F81E5E268E12AAA2DBCFA,osmo16aypymlama0lk5s8c9s30s09eacpvwnav7ewjv,genesis16aypymlama0lk5s8c9s30s09eacpvwna6v7gqt,channel-253,channel-1,0.12603168597429382,220.5572741896899
90573E0F06320DDDD9BCC2C56B26DB6D09EAC703CAB9BC01841776E2179DA30A,osmo1kchq6hwcxykm847jugaf5c6x7aqvz4k9rrcl2w,genesis1jk3v4z3v34vfdkjn7yvve7fwdf8acyr5tydw22,channel-253,channel-1,0.12603168597429382,507.7816627904297
AA513AAB5960BC3DFCF9CE4671DB0DBE73F479449A792DF3EAF513502FC58B11,osmo1srgysthmuqpw4f6qsrektu2glj59hz6lt44dyp,genesis1srgysthmuqpw4f6qsrektu2glj59hz6la8jtkx,channel-253,channel-1,0.12603168597429382,166.30954991643455
A5557928B4A9FEDE155ED3D9AACCF02FD47A7BE392CD0D60EF4DFCE241A0EA81,osmo1srgysthmuqpw4f6qsrektu2glj59hz6lt44dyp,genesis1srgysthmuqpw4f6qsrektu2glj59hz6la8jtkx,channel-253,channel-1,0.12603168597429382,67.52075179806856
37FCF7B40BCE63625BC4B3A08F7E11CA2447E83411D70796862A3D5FEB51B0AA,osmo1srgysthmuqpw4f6qsrektu2glj59hz6lt44dyp,genesis1srgysthmuqpw4f6qsrektu2glj59hz6la8jtkx,channel-253,channel-1,0.12603168597429382,148.33883419653674
4700CA6BE90B00506B257538FA082A90A0CAC22CF19D8A384E9972EF88EDC8AB,osmo1srgysthmuqpw4f6qsrektu2glj59hz6lt44dyp,genesis1srgysthmuqpw4f6qsrektu2glj59hz6la8jtkx,channel-253,channel-1,0.12603168597429382,145.65294219409168
457E2E990A64B8FFB2BB4A1B5FBA81D4079425A9B2DD19536A708B78A360CCCC,osmo1srgysthmuqpw4f6qsrektu2glj59hz6lt44dyp,genesis1srgysthmuqpw4f6qsrektu2glj59hz6la8jtkx,channel-253,channel-1,0.12603168597429382,319.6968692732941
54D78AD36C1F48DBD8B1A94235D7976EF1704D28D53A671B289F2E681555C515,osmo1srgysthmuqpw4f6qsrektu2glj59hz6lt44dyp,genesis1srgysthmuqpw4f6qsrektu2glj59hz6la8jtkx,channel-253,channel-1,0.12603168597429382,153.5781517967222
BA0D4F8355991E6B1753603A3F05B5ED985EE5000F35715523BE0E4BBC37B4DC,osmo1srgysthmuqpw4f6qsrektu2glj59hz6lt44dyp,genesis1srgysthmuqpw4f6qsrektu2glj59hz6la8jtkx,channel-253,channel-1,0.12603168597429382,108.4394076546929
D76F67FC7DCC108D03F895654A96C711436BDB5178A6485BB8E67713806BC179,osmo1srgysthmuqpw4f6qsrektu2glj59hz6lt44dyp,genesis1srgysthmuqpw4f6qsrektu2glj59hz6la8jtkx,channel-253,channel-1,0.12603168597429382,111.22353603849525
768B9363A1DD1649837E018A0CE75518299BB1194BE23A42E3000144BAE10B8C,osmo1srgysthmuqpw4f6qsrektu2glj59hz6lt44dyp,genesis1srgysthmuqpw4f6qsrektu2glj59hz6la8jtkx,channel-253,channel-1,0.12603168597429382,97.74264314097432
D85160A0636ADF20B4E6BFB0EE5423C83842B04CC6FDA4DCD8841EAA6BB53518,osmo1srgysthmuqpw4f6qsrektu2glj59hz6lt44dyp,genesis1srgysthmuqpw4f6qsrektu2glj59hz6la8jtkx,channel-253,channel-1,0.12603168597429382,0.09779128215107469
30585430A88893D7971EF408892D3F57851F670C66D28EC776CAC9B514279CF5,osmo1srgysthmuqpw4f6qsrektu2glj59hz6lt44dyp,genesis1srgysthmuqpw4f6qsrektu2glj59hz6la8jtkx,channel-253,channel-1,0.12603168597429382,86.09648923876546
319F8A7E3DF6F41C460F47E5B4E64E1942285E3EE5EED43A9FDDF4B45B335258,osmo1w5wehwhcma8ltrl62hfxxt8rx0eskr66d7rw4h,genesis1w5wehwhcma8ltrl62hfxxt8rx0eskr66mvyg8s,channel-253,channel-1,0.12603168597429382,0.7561901158457629
677740FDD860D51839344CDBFFB2617FD844CACA1E5B0F2B0538F82D6DAF0FFB,osmo1wev8ptzj27aueu04wgvvl4gvurax6rj5p5lw4u,genesis1fcdwvqtejufg6ssswp8muvweqd30sxqutlp4xr,channel-253,channel-1,0.047489065620101335,0.009497813124020267
94F1E7D1F26ECE03D5A60E16798412D161DAAF8FC505E7BC1E269F503E4CCFE9,osmo1c4gf4m92zxachuywrttymahyr63wdwp6k3p7j5,genesis1c4gf4m92zxachuywrttymahyr63wdwp6qrxcqn,channel-253,channel-1,0.10917127966303806,9.96419624302466
2C6C8FF5EA11F1D8E4AB831B9315AA133DED69E6E0C194E12C32930DB0B497B3,osmo14rj9dl3l28t5lhumevlkheddygjvtxck8fx0ja,genesis1sh78xk4terehvp6966grk6a0gy7k90grjsnjsd,channel-253,channel-1,0.010433810941290917,0.10433810941290916
10C65759EF84D444780A651BB86C748E5FFB8647AB594005501E68FA414F6F67,osmo1s0mcdnsp74relctt3nyfyx4zkuwfn5wff8n73a,genesis1s0mcdnsp74relctt3nyfyx4zkuwfn5wfl45cr6,channel-253,channel-1,0.054427445163148624,874.0455785909592
018B41C0F4CBBD04546491D462FD75374B54FA7A9359C1A9B765C0E30543DF8D,osmo1jjtm8ty3lh8m3zzy2v5gfuc8l4vh5gthdhge87,genesis1jjtm8ty3lh8m3zzy2v5gfuc8l4vh5gthm90l4e,channel-253,channel-1,0.011846134238972409,0.14912411205979614
3679E8EC219C37B66C260A22A3440CD7A5DC24E4019B70BA5D71B16B8D10AD6A,osmo16aypymlama0lk5s8c9s30s09eacpvwnav7ewjv,genesis16aypymlama0lk5s8c9s30s09eacpvwna6v7gqt,channel-253,channel-1,0.01195346497666038,11.95346497666038
5CA897B97CD263DA329359C360F42E75FF6E3C8B1075D750A850074BEAF28928,osmo16aypymlama0lk5s8c9s30s09eacpvwnav7ewjv,genesis16aypymlama0lk5s8c9s30s09eacpvwna6v7gqt,channel-253,channel-1,0.01195346497666038,1.733252421615755
F06AC9A8C06B83CB205EF06B94EB80B3192CC73CB4FDA3988AD2B4AF7E3DDF91,osmo1u57ekxxqsjrqe4k9yucv786tvc6yjj265a4cqm,genesis1u57ekxxqsjrqe4k9yucv786tvc6yjj26z0j7ju,channel-253,channel-1,0.04530447368553642,226.5223684276821
CE034113D68A57B0B38B0AAC96897D557E67F553EB145088B85050961ECF6727,osmo1u57ekxxqsjrqe4k9yucv786tvc6yjj265a4cqm,genesis1u57ekxxqsjrqe4k9yucv786tvc6yjj26z0j7ju,channel-253,channel-1,0.04530447368553642,135.91342105660925
23A7BAD9F9E6BF3D25E72F5ABE7C1A5B7EE4736309AEBF8617E63F9C2AC187DA,osmo1j3n082u6j92w6l98lh3qveq2cc4yq4fh7d0a66,genesis1j3n082u6j92w6l98lh3qveq2cc4yq4fhglgmga,channel-253,channel-1,0.11354681804147732,113.54681804147731
7BB2382C25870F514195527AE988EDA54EEC60B0CFA1CDCEE2A93A5CD705E6D4,osmo1j3n082u6j92w6l98lh3qveq2cc4yq4fh7d0a66,genesis1j3n082u6j92w6l98lh3qveq2cc4yq4fhglgmga,channel-253,channel-1,0.11354681804147732,749.4089990737502
E3611F44CD07D113E4CAF98214B46C2FAC077655967986E14D32597B44E854F2,osmo1kwm9s5hjcvtxj9df6z5lxut2ecvaxstdyaz89m,genesis1kwm9s5hjcvtxj9df6z5lxut2ecvaxstdj09phu,channel-253,channel-1,0.11354681804147732,0.00957429573328003
C96C133900E5A93AE30EBAAEC0CFC8E08BF306C24E828E46D0302CC2F0EE3564,osmo16aypymlama0lk5s8c9s30s09eacpvwnav7ewjv,genesis16aypymlama0lk5s8c9s30s09eacpvwna6v7gqt,channel-253,channel-1,0.011309885607221576,100.52226327698537
7667DE83AF226CDBE823BDFE68AE7052A367C9EE05F41010CE913371D8E949F9,osmo16aypymlama0lk5s8c9s30s09eacpvwnav7ewjv,genesis16aypymlama0lk5s8c9s30s09eacpvwna6v7gqt,channel-253,channel-1,0.011309885607221576,565.4942803610787
6F498C027BB0F200CF4FE71A92756D54E4D01EA28C7D02F743F6836A68E89296,osmo14rj9dl3l28t5lhumevlkheddygjvtxck8fx0ja,genesis14rj9dl3l28t5lhumevlkheddygjvtxck3mpfq6,channel-253,channel-1,0.017025723426824818,7.389163967241971
26BB2ADA23D91E3D4908B4C522318C524EF84B7EB4026784B09A5252A4B0A9D3,osmo1ag940t2gd4sn0wey7xgfjl83x2t5v62m6629pc,genesis1ag940t2gd4sn0wey7xgfjl83x2t5v62mvgdrnl,channel-253,channel-1,0.052448536626433714,1835.69878192518
579028784241F7810B7B104DAA70B6610A7AFF82B8076E8AD8E4BA8BAEBF4C8D,osmo1k3vrxedjju3xpq8tzjkyry08j8nup8ms42fgqw,genesis1k3vrxedjju3xpq8tzjkyry08j8nup8msrcwwjf,channel-253,channel-1,0.052448536626433714,0.5244853662643372
7ABCFC93BD429FD65E578EA287AA5CBF9EBA9EEC29D153B343DBAE253311458D,osmo1px2q40q3twagt23d4jc7nwdu2kdw59dhce078d,genesis1px2q40q3twagt23d4jc7nwdu2kdw59dhwtgc42,channel-253,channel-1,0.052448536626433714,1.2549873477825875
B28251A785EDD3242C7CB82C3C69EB1F626F712E2862DA3EE6A44D2AC31CFC09,osmo1ag940t2gd4sn0wey7xgfjl83x2t5v62m6629pc,genesis107ff0tztguhn637e0jf3pjecs7kk333gaprfj3,channel-253,channel-1,0.09796350853674966,97.96350853674966
89269C0E4D676309D76CD9DE7AB361865ADA3AE5A542038BBF926207A424526D,osmo1z00ceeq09tx3vt58mkts4nygm8e72kscd8tt8e,genesis1z00ceeq09tx3vt58mkts4nygm8e72kscm4vd47,channel-253,channel-1,0.09796350853674966,99.38950516533002
45A38CCBD6E2D31633DA36376482725EAAD51A2DE3264D82C5D34A3A26B4F78A,osmo1z00ceeq09tx3vt58mkts4nygm8e72kscd8tt8e,genesis1z00ceeq09tx3vt58mkts4nygm8e72kscm4vd47,channel-253,channel-1,0.09796350853674966,5871.996365883937
A8AD1DA8EAB6652F56E64E117C0FDF9EFD05607CC77B896952B966E05356B43C,osmo13hgkvry2yf8na2m9kydxgqygfxs3pz32ask8en,genesis13hgkvry2yf8na2m9kydxgqygfxs3pz32tz3pt5,channel-253,channel-1,0.052448536626433714,0.8067422033996138
FDEB15FF3AC59C93DC01B231BF03B45614DF9B5C98D162A5229CC27CAE826DED,osmo18xvpj53vaupyfejpws5sktv5lnas5xj2kwracl,genesis1e0wzg69yndukvmuadld8ugdqxrpnxd06pcakcx,channel-253,channel-1,0.052448536626433714,2.6489094969923377
63FF05BFF1989EC9BF54332DD54B9A4FB6D4BBAA2F94AE0E048D49DC54F53594,osmo1qnlxnneluedfg3lusv8r36t5c0s4r2p0dlsn28,genesis1qnlxnneluedfg3lusv8r36t5c0s4r2p0mdh4cq,channel-253,channel-1,0.052448536626433714,23.60184148189517
2A2AA37F0EAC3326B5D7C8806BBCE06E04F971A931D4F921EF7D0BB7A479CDF7,osmo1nmx6m0ax89t3lgl3xmyjmt6nxjdq4kxfl46exf,genesis1nmx6m0ax89t3lgl3xmyjmt6nxjdq4kxff8al5w,channel-253,channel-1,0.052448536626433714,9726.581117372132
0FA9E7E9D28833C38ACE53BED414C6ACEC020C4829944765D08C2B3B2583CC35,osmo1yaaemqhc8776gxy0e2l53nrw6dmewd7sfa82vg,genesis1yaaemqhc8776gxy0e2l53nrw6dmewd7sl0qv70,channel-253,channel-1,0.035773281180957475,51.22710315078089
DFC19B725E4220F0273F5751FBBF94B0930312AA64BD467DFB226A4D97577C04,osmo1gzn6edx0r2mwavr4rxxzghumhyl77q68700v8f,genesis1gzn6edx0r2mwavr4rxxzghumhyl77q68gag24w,channel-253,channel-1,0.04175704307378148,550.8106456386072
C4BF439E9CE177C97AD09E6F9E2A6A2A57BFE949B9C145B33D2D7D0F5AA36997,osmo1s6mdag35z5jn0xepmshunyp4dzg9mu3vh325gw,genesis1s6mdag35z5jn0xepmshunyp4dzg9mu3vprdj6f,channel-253,channel-1,0.04175704307378148,9001.088620269655
45C909195268F9BABAB578098EA859636194E2FF4EBFFE7CED6FCB8289A4DD76,osmo1gzn6edx0r2mwavr4rxxzghumhyl77q68700v8f,genesis1gzn6edx0r2mwavr4rxxzghumhyl77q68gag24w,channel-253,channel-1,0.047752125796933755,802.8564910238472
FEF3736C11479AD9834F1C9158B0C0B370EC43B7E74D016631CBA1755157C375,osmo1w5wehwhcma8ltrl62hfxxt8rx0eskr66d7rw4h,genesis1w5wehwhcma8ltrl62hfxxt8rx0eskr66mvyg8s,channel-253,channel-1,0.0390458872737315,299.1378583961624
D2CFED58E51120A4EFD949CF96B229045A4F901679469D1E20FE3E376EA06454,osmo1w5wehwhcma8ltrl62hfxxt8rx0eskr66d7rw4h,genesis1w5wehwhcma8ltrl62hfxxt8rx0eskr66mvyg8s,channel-253,channel-1,0.0390458872737315,7.471325529306434
41E87047D11C3B9EFE630831D525CAB7EA5A1555DCEB96E378BFE9FBC2714371,osmo1hxatl0n9z3khvcw7nq97tx2mm50u7m97fl4h3y,genesis1hxatl0n9z3khvcw7nq97tx2mm50u7m97ldj3rr,channel-253,channel-1,0.07568805081494996,0.2565164323631963
11F43C2964BF7036B4B1F5C136F3D063BF20BAF1CD14E81E0A29CBFDFC0A689A,osmo16aypymlama0lk5s8c9s30s09eacpvwnav7ewjv,genesis16aypymlama0lk5s8c9s30s09eacpvwna6v7gqt,channel-253,channel-1,0.010644567358457651,71.54141386681393
D1F0D3E717B137AB6CFB752091A6A4022F1363F3893592B7BD6B1304100DD8A0,osmo1jkqnk3lqlcrym4n2pp2h22eyjpjqyw63lhhjse,genesis1jkqnk3lqlcrym4n2pp2h22eyjpjqyw63f9s5z7,channel-253,channel-1,0.010644567358457651,0.09198181782876076
CEB9C6647739831938B6EC057F60586097BD1A32D198DB5D159741D6DFEADC4E,osmo1can56au9nmwv8c942pz0jys4f685hjcwfssa99,genesis1can56au9nmwv8c942pz0jys4f685hjcwlzhmhz,channel-253,channel-1,0.039328439693469074,0.6113846784890262
EFFD42DB403D66E2C570FCF673BC53B64A8BE79C3819DE7137EDAF867202E794,osmo17dhdqlewlhcyl9uapw72g3pqufnqhtfdtwzp28,genesis17dhdqlewlhcyl9uapw72g3pqufnqhtfdau98cq,channel-253,channel-1,0.052448536626433714,434.27388326687117
960E5FBF4E1B395E9B738BA8C80A79A1E060FD0A31D3337F949B542F5E81F415,osmo17dhdqlewlhcyl9uapw72g3pqufnqhtfdtwzp28,genesis17dhdqlewlhcyl9uapw72g3pqufnqhtfdau98cq,channel-253,channel-1,0.052448536626433714,1.0489707325286743
65157798EAA92D5848BA8542FA3AA6FA51CD81F0E72AEDD5152FDB9DBC0498F4,osmo18nvzkc48042mkks8p98nk7dsrmzygsdqkqv4vx,genesis18nvzkc48042mkks8p98nk7dsrmzygsdqqjtn7p,channel-253,channel-1,0.052448536626433714,261.62095247624757
0A575763EE39C1317695DB649631B60DB87D30C1E8B23772696AB80368EB2211,osmo1v3um4h8ljp26frtjczzd0jse8gqhr82vxwvmrm,genesis1v3um4h8ljp26frtjczzd0jse8gqhr82vsuta3u,channel-253,channel-1,0.052448536626433714,524.4853662643371
E9DC63DDFE900C90F448034B7D3D597314EDC02A51EAB8A390827E061BBBAEDF,osmo1v3um4h8ljp26frtjczzd0jse8gqhr82vxwvmrm,genesis1v3um4h8ljp26frtjczzd0jse8gqhr82vsuta3u,channel-253,channel-1,0.052448536626433714,1.7308017086723126
39D27918830BACA1EE5866ABDDBE4F355BB971F64F6ED086D66ECA948DFC7CFB,osmo1v3um4h8ljp26frtjczzd0jse8gqhr82vxwvmrm,genesis1v3um4h8ljp26frtjczzd0jse8gqhr82vsuta3u,channel-253,channel-1,0.052448536626433714,1573.4560987930115
821072FC0F7E17F000FD22D88A22FA82874BF43E3BEB8F74242F99A2B6CB71F7,osmo1zkewm35hqzve3xet3rhc0kmzeldxjf22fwq990,genesis16jjxucde476dvfq7shvh65t3w09q6ftz2xta3u,channel-253,channel-1,0.11577016944818072,49.335098798959606
96349DFA042434FD309078ED02F615C4324E1F49DD50DFEB895585B2BC576DCF,osmo1zkewm35hqzve3xet3rhc0kmzeldxjf22fwq990,genesis16jjxucde476dvfq7shvh65t3w09q6ftz2xta3u,channel-253,channel-1,0.11577016944818072,49.24493202553113
DBCADA7848920B24C9E3067F5C1FBC6DEA73DA81E802495079D9A4D3BED070B8,osmo1kchq6hwcxykm847jugaf5c6x7aqvz4k9rrcl2w,genesis1jk3v4z3v34vfdkjn7yvve7fwdf8acyr5tydw22,channel-253,channel-1,0.11577016944818072,422.21380797751516
90B68E9BD65C614E3AB4A3D7CD8BF3EA0972B5C8F7B432B9BF2480DD5FC3F904,osmo1zkewm35hqzve3xet3rhc0kmzeldxjf22fwq990,genesis1zkewm35hqzve3xet3rhc0kmzeldxjf22lu8rhg,channel-253,channel-1,0.11577016944818072,101.97848774340599
DCDD75FF7C900D57643C54C200BFB736D57792295E97F6B3B52EE95D1DD91B31,osmo1zkewm35hqzve3xet3rhc0kmzeldxjf22fwq990,genesis1zkewm35hqzve3xet3rhc0kmzeldxjf22lu8rhg,channel-253,channel-1,0.11577016944818072,50.588451908122764
38D542861C9003785F42CF294D13D29B3BBB1D9D155B375C485DEB6DC00C370D,osmo1zkewm35hqzve3xet3rhc0kmzeldxjf22fwq990,genesis1zkewm35hqzve3xet3rhc0kmzeldxjf22lu8rhg,channel-253,channel-1,0.11577016944818072,99.64274805960987
ED0DA701C6035A327D1B12037F4E71C63BBFFB0452B64E3DB4EAFAA2B30F03DA,osmo1ag940t2gd4sn0wey7xgfjl83x2t5v62m6629pc,genesis107ff0tztguhn637e0jf3pjecs7kk333gaprfj3,channel-253,channel-1,0.12391204657871072,371.73613973613215
5171AF78F46C27583A464F0E3F729D04BCEFDFBD7F5C15A973CD4BA9CD06059B,osmo1fzf64twva38ffsxnevp5eclnvp0cqmdc96fs2f,genesis1fzf64twva38ffsxnevp5eclnvp0cqmdcngwkcw,channel-253,channel-1,0.12391204657871072,68.93589944042098
AFB048942B149123F1D1D1E8C9547EEB69D6D29C20EF135FAE4BF475644AD681,osmo1kchq6hwcxykm847jugaf5c6x7aqvz4k9rrcl2w,genesis1jk3v4z3v34vfdkjn7yvve7fwdf8acyr5tydw22,channel-253,channel-1,0.12391204657871072,274.2173590786868
24CA1E193C5B7C9552F8C8F048E122682521F0B663225D0CAA56B2E14DA361F7,osmo1kmkrh53dkzcczzer30jw8zalq473qxzsnde238,genesis1kmkrh53dkzcczzer30jw8zalq473qxzs9l7vrq,channel-253,channel-1,0.12391204657871072,2.599134188977306
573490F66B848C9E114AEABB7A957E29B9775152826DDFA475003CAB0B7D8593,osmo1qnlxnneluedfg3lusv8r36t5c0s4r2p0dlsn28,genesis1qnlxnneluedfg3lusv8r36t5c0s4r2p0mdh4cq,channel-253,channel-1,0.12391204657871072,0.12391204657871072
F9C7E62800DDCCC323400D6F51DBE0F4703876FABAD40F0E09F14E74BA27DD06,osmo1srgysthmuqpw4f6qsrektu2glj59hz6lt44dyp,genesis1srgysthmuqpw4f6qsrektu2glj59hz6la8jtkx,channel-253,channel-1,0.12391204657871072,1239.1204657871072
BDB2AD73E2FE92BEB80F37813FC45A74395EFB9B8585F73855153CB02AD2E6B1,osmo1srgysthmuqpw4f6qsrektu2glj59hz6lt44dyp,genesis1srgysthmuqpw4f6qsrektu2glj59hz6la8jtkx,channel-253,channel-1,0.12391204657871072,433.6921630254875
4DB25F0D9551624BB065C14368A3DA5CC8F2D45E74DA8EA1D0252ED767F44624,osmo1kllcrueu7lf3uy8v5hqsvt894khcy867zuhw30,genesis1kllcrueu7lf3uy8v5hqsvt894khcy8675wsgrg,channel-253,channel-1,0.07568805081494996,4.0871547440072975
70CADDFC0C1C5B18990210FEC3FA3D3CB2B03BA5BF30AB7DA7A118A5ECFC4DA8,osmo19w2t4ue7qpdh6022m3yxmxvv3w7jla7u3hfq0r,genesis19w2t4ue7qpdh6022m3yxmxvv3w7jla7u89wxay,channel-253,channel-1,0.011926671207623864,0.9882736515103508
5AD32009730EDE01F7E12E3A8D6DD897C62EA98CB27222AF6D1951B4055F8D45,osmo16aypymlama0lk5s8c9s30s09eacpvwnav7ewjv,genesis16aypymlama0lk5s8c9s30s09eacpvwna6v7gqt,channel-253,channel-1,0.010836023730951763,23.83925220809388
AB60844DD038BEF624B17FCC4D6277426A80CAF18C000DC4A0CDE61313022F3E,osmo16aypymlama0lk5s8c9s30s09eacpvwnav7ewjv,genesis16aypymlama0lk5s8c9s30s09eacpvwna6v7gqt,channel-253,channel-1,0.010155913665938982,86.32526616048135
48F5B1F1448778A424D5ABD1DC77DB5B4AA14438BC25B1AB650FAC8AE914209F,osmo16aypymlama0lk5s8c9s30s09eacpvwnav7ewjv,genesis1h4lx8cm0vnrrahjjfgsjp79jjnyspy6w7ehrxd,channel-253,channel-1,0.010501923578849253,444.8614828000544
1BDAA47E5BB84AA882621CF0881B353DDB3604FA9660B4D929813B51CCC510D9,osmo16aypymlama0lk5s8c9s30s09eacpvwnav7ewjv,genesis16aypymlama0lk5s8c9s30s09eacpvwna6v7gqt,channel-253,channel-1,0.05881462112877931,0.5881462112877931
A6A9806D29FA3205D78155AD6CF04017836F060BD6ACF7A9DF65CDF868C7AA98,osmo1uvnk984yhpw48jfu5srvsrqdt03kkvlcjqx8x5,genesis1uvnk984yhpw48jfu5srvsrqdt03kkvlcyjpp5n,channel-253,channel-1,0.05881462112877931,2.2386694913945617
38BCC06300229EE5737F3C0D4AC28EAC8EFB715972E7EFA2AD1BF0310A64BAFB,osmo1c4gf4m92zxachuywrttymahyr63wdwp6k3p7j5,genesis1c4gf4m92zxachuywrttymahyr63wdwp6qrxcqn,channel-253,channel-1,0.1016035984559034,5.065583485302167
1A793A5E7FE0047206066DA2DFC54BF5416E708FB50364849BDD2994D665D770,osmo1tlan9udzf8ud5xjgcyl7w293yjmnkz5mgdj7vd,genesis1tlan9udzf8ud5xjgcyl7w293yjmnkz5m7l4c72,channel-253,channel-1,0.009717868782654888,0.009717868782654888
696EA5CE56581AD5F6E61950D8F11CC367E8F683167EEE554330DE12BF8F227D,osmo1tlan9udzf8ud5xjgcyl7w293yjmnkz5mgdj7vd,genesis1tlan9udzf8ud5xjgcyl7w293yjmnkz5m7l4c72,channel-253,channel-1,0.009717868782654888,1768.7139460860012
932F54915AC5A5DF43A9D2BD115D59AF2A4FB2990D22AD9F7C59483CBF98A262,osmo1wfw3cdg5uvt0r5lawxr300lpthj48wx23f9y2q,genesis1wfw3cdg5uvt0r5lawxr300lpthj48wx28mzzc8,channel-253,channel-1,0.009717868782654888,1.8884656470940966
EB0A4BD8F44A3C54D89C87CEF17F961955AD0040C16A183F496DC7C736D5613B,osmo16aypymlama0lk5s8c9s30s09eacpvwnav7ewjv,genesis16aypymlama0lk5s8c9s30s09eacpvwna6v7gqt,channel-253,channel-1,0.009010228600576297,12.614320040806817
42D7C1C88E7824FA4E645818D127B17B2B2B47BD8B0AED564C0252DFF9F249AF,osmo1ra29cefg3af66elcj0c60q3n9kc97wrar3xfx9,genesis1ra29cefg3af66elcj0c60q3n9kc97wra4rp05z,channel-253,channel-1,0.009010228600576297,0.030751585013415118
1B7EA967082CA6F93E11EE017FD3CA3618FFAAD09676B5E6009F4D7BEE6BD260,osmo1934qwv8eamfpufjucv74wpunw9tduftudkjvtd,genesis1934qwv8eamfpufjucv74wpunw9tduftumy42e2,channel-253,channel-1,0.031506819585727576,0.4756914895249269
389C933D3257A5E31F68ACBA1013096538A0AEB5C5C4C0C07ABC9423184452A6,osmo1nmx6m0ax89t3lgl3xmyjmt6nxjdq4kxfl46exf,genesis1nmx6m0ax89t3lgl3xmyjmt6nxjdq4kxff8al5w,channel-253,channel-1,0.031506819585727576,1008.2182267432825
5CE5FBB1248C69B1103B09CFCDCC989F04657A705EAD642B083D8CC8C27A7D2F,osmo1nmx6m0ax89t3lgl3xmyjmt6nxjdq4kxfl46exf,genesis1nmx6m0ax89t3lgl3xmyjmt6nxjdq4kxff8al5w,channel-253,channel-1,0.031506819585727576,1012.3771269285985
89BC04C42466E19899C84F3C292044236D64022928171B9988EF95980B96EE55,osmo1nmx6m0ax89t3lgl3xmyjmt6nxjdq4kxfl46exf,genesis1nmx6m0ax89t3lgl3xmyjmt6nxjdq4kxff8al5w,channel-253,channel-1,0.031506819585727576,2802.878177165911
19E307A456F91F960CC6CE676219BDEF7E45219DD11B9FE24C2C857774E3DD9B,osmo163ndtplrrpkh2faf2c0y6t9v86llx86q6spzwl,genesis163ndtplrrpkh2faf2c0y6t9v86llx86qvzxyuc,channel-253,channel-1,0.052448536626433714,0.0010401086013018513
92FC2FB22DC4EAB540BBD3DB9A5A4E5C8FEA3467545F2F1BE526FA1AB6DA3086,osmo1mqdf65nh8e5gpjsl8hegw5ma29qp42u4yfaju3,genesis1mqdf65nh8e5gpjsl8hegw5ma29qp42u4jm65wk,channel-253,channel-1,0.052448536626433714,0.5769270845810027
AFDCC58E3A4943A02AD1CC8B77EB0983259D5B6CDF8D29E9D6FC668C328F2A40,osmo1nzgxusarw7tn3w9pz9mtxplwu8jnwrhlgkppxv,genesis1nzgxusarw7tn3w9pz9mtxplwu8jnwrhl7yx85t,channel-253,channel-1,0.02975202539590135,119.00810158360541
5E032F37E4B29C7172EBC50E7BCD39EEB67506020D41001D32F52E7E360C3F5A,osmo1nzgxusarw7tn3w9pz9mtxplwu8jnwrhlgkppxv,genesis1nzgxusarw7tn3w9pz9mtxplwu8jnwrhl7yx85t,channel-253,channel-1,0.02975202539590135,29.752025395901352
DEB01306ECBB2C815BF2ED89931F8519E74BAC4227C61675E690867FFD32F6DF,osmo1nzgxusarw7tn3w9pz9mtxplwu8jnwrhlgkppxv,genesis1nzgxusarw7tn3w9pz9mtxplwu8jnwrhl7yx85t,channel-253,channel-1,0.02975202539590135,29.752025395901352
6B3A980C8A6E740D75237D7D9D4DA6BEEFF69E6B31CF9B2A1B51E9B3FB899647,osmo1nzgxusarw7tn3w9pz9mtxplwu8jnwrhlgkppxv,genesis1nzgxusarw7tn3w9pz9mtxplwu8jnwrhl7yx85t,channel-253,channel-1,0.02975202539590135,59.504050791802705
60D7B1EF02C2E3604A926B6ECA00ACD6F9742B1D1C565F0BB00F82234ADF394A,osmo1nzgxusarw7tn3w9pz9mtxplwu8jnwrhlgkppxv,genesis1nzgxusarw7tn3w9pz9mtxplwu8jnwrhl7yx85t,channel-253,channel-1,0.02975202539590135,29.752025395901352
58E68FEA366BEEECF41DE181EA0E4A7F08BE4D436C02937D93B9D86681867D15,osmo16aypymlama0lk5s8c9s30s09eacpvwnav7ewjv,genesis16aypymlama0lk5s8c9s30s09eacpvwna6v7gqt,channel-253,channel-1,0.012525681145173289,175.35953603242604
C478F6B461D99DCBEAD8369A92D8CC7E7314FA38DA8C7C6897CAEC0AC2BEA35B,osmo1s8nzgwexdz8laux65600tkq6mq8pr6h5tftmat,genesis1s8nzgwexdz8laux65600tkq6mq8pr6h5amva0v,channel-253,channel-1,0.05907170426609689,5.907170426609689e-12
C5F1609F23CE8208BB0FC2734F2D48C4A206B6086D956564526787A08B0ACDD8,osmo16aypymlama0lk5s8c9s30s09eacpvwnav7ewjv,genesis16aypymlama0lk5s8c9s30s09eacpvwna6v7gqt,channel-253,channel-1,0.015852365618838047,124.59959376406705
3D07DDE9811316DECAFD1CE36B6611D170AD7951B19748B0BB65134F7F2AD62D,osmo1tlan9udzf8ud5xjgcyl7w293yjmnkz5mgdj7vd,genesis1tlan9udzf8ud5xjgcyl7w293yjmnkz5m7l4c72,channel-253,channel-1,0.015852365618838047,826.4472291725027
74C14E276E76CB18B469A6041B392D9721D7B87A98B1069131A41AF32EBA2C55,osmo1tlan9udzf8ud5xjgcyl7w293yjmnkz5mgdj7vd,genesis1tlan9udzf8ud5xjgcyl7w293yjmnkz5m7l4c72,channel-253,channel-1,0.015852365618838047,293.8820241492936
A3A016FFDFAA13F2BA18E9B8A07B102B715FB8DBFBC65C52153D828B49F5E157,osmo1xfw0gcw74pvmh7n2ttt5wcdmyjqk9g7x3l9vp8,genesis1xfw0gcw74pvmh7n2ttt5wcdmyjqk9g7x8dz2nq,channel-253,channel-1,0.015852365618838047,153.48339902047334
3715220830996E91C29E2B6750ABA601E7661F2BA5C1CD73AAA7041B7FBC97E8,osmo16aypymlama0lk5s8c9s30s09eacpvwnav7ewjv,genesis1h4lx8cm0vnrrahjjfgsjp79jjnyspy6w7ehrxd,channel-253,channel-1,0.007103996563383917,114.94266439555177
4880A25E79E082C2668EEC589B6159207D84CD8CCE215AA785BD21AEB1247ED5,osmo16aypymlama0lk5s8c9s30s09eacpvwnav7ewjv,genesis1jat7656rxza99sr3a5lg5dlkvw0t55vtfc3sqm,channel-253,channel-1,0.007103996563383917,2.131198969015175
5A43B7B5DC5B34E4DDC156C5E5184F56B3862D51398271775CA034E4DAEB6CDB,osmo16aypymlama0lk5s8c9s30s09eacpvwnav7ewjv,genesis1u47h9qyxufvrgf27hqhu66j092as9upjr5dy4f,channel-253,channel-1,0.007103996563383917,1.7759991408459792
85B55902B7BF3EBD552108D48621AC4F74B2D0E59C2B266363E64DC456F6765B,osmo1yaaemqhc8776gxy0e2l53nrw6dmewd7sfa82vg,genesis1yaaemqhc8776gxy0e2l53nrw6dmewd7sl0qv70,channel-253,channel-1,0.011116078415283845,46.74725875903433
A108A497FF912F3DDA2EBB44A9AB9E07A7917BCF0AFB3570722B36A71FA3AF33,osmo182lpnqqq0umc07hut7xp7j23k32ss3pa9pltx0,genesis182lpnqqq0umc07hut7xp7j23k32ss3panncd5g,channel-253,channel-1,0.10089652384724498,330.29488466898925
070A641119313451F4D5C165105AD23A05D13C8A393ABE38475ADFE5AE878C4C,osmo1kchq6hwcxykm847jugaf5c6x7aqvz4k9rrcl2w,genesis1jk3v4z3v34vfdkjn7yvve7fwdf8acyr5tydw22,channel-253,channel-1,0.10089652384724498,642.5090638592561
F01B7DF88EAB8A152C6DE1D187606DCDE4CFB252B606F15DF5BF2456C3D1A8EE,osmo1kchq6hwcxykm847jugaf5c6x7aqvz4k9rrcl2w,genesis1jk3v4z3v34vfdkjn7yvve7fwdf8acyr5tydw22,channel-253,channel-1,0.10089652384724498,294.81964268164984
5B562208322EDC8E59010FB8A3D9624A00462721B504C4352C74E862FC90F91E,osmo1srgysthmuqpw4f6qsrektu2glj59hz6lt44dyp,genesis1srgysthmuqpw4f6qsrektu2glj59hz6la8jtkx,channel-253,channel-1,0.10089652384724498,73.13438116729121
1C8B6053FD195AA05552C8BE9C81377657D37F49607BEE95B97B26C36F6E75E5,osmo1srgysthmuqpw4f6qsrektu2glj59hz6lt44dyp,genesis1srgysthmuqpw4f6qsrektu2glj59hz6la8jtkx,channel-253,channel-1,0.10089652384724498,279.4903090028853
B853A7A51A8BC44D293DD906664A99A3333998CEE1646CD0D1C97A89E2D2BB59,osmo1srgysthmuqpw4f6qsrektu2glj59hz6lt44dyp,genesis1srgysthmuqpw4f6qsrektu2glj59hz6la8jtkx,channel-253,channel-1,0.10089652384724498,140.36309567008715
EBF330DD8E4EEE46D85A9CDBC294305ED802CA899F671A05A2D6180C9729E5F6,osmo16aypymlama0lk5s8c9s30s09eacpvwnav7ewjv,genesis16aypymlama0lk5s8c9s30s09eacpvwna6v7gqt,channel-253,channel-1,0.012429216297240059,310.7304074310014
7EFB27AE84B706515395F54DF4397CE703E7977814488F7D876C732EF9F5CCB6,osmo1ag940t2gd4sn0wey7xgfjl83x2t5v62m6629pc,genesis107ff0tztguhn637e0jf3pjecs7kk333gaprfj3,channel-253,channel-1,0.11113121076791428,700.1266278378599
F18B8B6288E7D6EDE37A96300C4BF5AEED920AF1E0782212271A0E30DAF071B7,osmo16aypymlama0lk5s8c9s30s09eacpvwnav7ewjv,genesis16aypymlama0lk5s8c9s30s09eacpvwna6v7gqt,channel-253,channel-1,0.11113121076791428,38.49701235183032
ADAC2AD64722AAADEA5EF00108554F2AA984CA988F73C7FCC4D4FA70C8A984C2,osmo1ah8nl8yh7j3fg9e8rcqr70g5r2u7rwv7cjpefg,genesis1ah8nl8yh7j3fg9e8rcqr70g5r2u7rwv7wqxlm0,channel-253,channel-1,0.11113121076791428,1.6531215571322735
B5617B2324CC68AEE07C83D22A86118AAC2F13DA25DCFD3D42557D21160050BF,osmo1asx3wef40k62f5lj03namrfq6gzgrlrm060cr6,genesis1asx3wef40k62f5lj03namrfq6gzgrlrmegg73a,channel-253,channel-1,0.11113121076791428,4388.727447358886
02F39094C7796889163E58DAADBB97241D43578E417C46F75E1B4C911D2CFCE4,osmo12wgfhlj6xd9lnnp564kdetsgf4jark9cszx07u,genesis1fnurwwfpjv0sm0hqevt9w525ye8nhlhc5mgp6k,channel-253,channel-1,0.11113121076791428,1.1113121076791428
96FBC64F68A616C6C0D81AC8CCF09B054DFEC12049181489FCAB77686007212F,osmo1jmk7se8zcswaqnudtsfmuka7xl0267njdpxack,genesis1qcdcxd0p6gzzjawyakzfjsenf0g8ldgydmjt36,channel-253,channel-1,0.11113121076791428,668.3431015582366
A3004F1EEC8D4F285C646CB37445708DD9564F771C20A3C62B072EB8C719E9DF,osmo12wgfhlj6xd9lnnp564kdetsgf4jark9cszx07u,genesis1rauj88e8ew7f8clvlsmse5wvc3j6hurhnarvsd,channel-253,channel-1,0.11113121076791428,0.5556560538395714
9F8A89955BA52A360AE8F7641621B2A1472BC90180567A4DABDC41F6C74BCCBC,osmo1srgysthmuqpw4f6qsrektu2glj59hz6lt44dyp,genesis1srgysthmuqpw4f6qsrektu2glj59hz6la8jtkx,channel-253,channel-1,0.11113121076791428,173.71775178170418
8C4C23E75984A91E2B60A20573C34BF2C014BD41C49B1B0F8DCE3EB2FA16DCAC,osmo1srgysthmuqpw4f6qsrektu2glj59hz6lt44dyp,genesis1srgysthmuqpw4f6qsrektu2glj59hz6la8jtkx,channel-253,channel-1,0.11113121076791428,87.49186744379
D959D9408016C7CA63925288E75AE51D730D493CDA9625A377594729D3EAE335,osmo1srgysthmuqpw4f6qsrektu2glj59hz6lt44dyp,genesis1srgysthmuqpw4f6qsrektu2glj59hz6la8jtkx,channel-253,channel-1,0.11113121076791428,120.54951862746589
CCAF7CF54DCD37EF77112813A96CF667B9B8C063FBED62056CE6443AC2B3BAAE,osmo1srgysthmuqpw4f6qsrektu2glj59hz6lt44dyp,genesis1srgysthmuqpw4f6qsrektu2glj59hz6la8jtkx,channel-253,channel-1,0.11113121076791428,158.717227663378
04C21480D70EBBC2B9711592BA1369090A75C745996CA4E31C971804DA809462,osmo1srgysthmuqpw4f6qsrektu2glj59hz6lt44dyp,genesis1srgysthmuqpw4f6qsrektu2glj59hz6la8jtkx,channel-253,channel-1,0.11113121076791428,84.1616072910289
BE5AF680BF36038AC20302534A7FDAEFBA1CB7C45A10BA549F35CAAA2A1493F5,osmo1srgysthmuqpw4f6qsrektu2glj59hz6lt44dyp,genesis1srgysthmuqpw4f6qsrektu2glj59hz6la8jtkx,channel-253,channel-1,0.11113121076791428,80.15772679461396
0FF6BC1BF78806A2C2BD9272CA76F0A1F1FE3F76CBBEBD916AE5A9F8CB05A2E9,osmo1srgysthmuqpw4f6qsrektu2glj59hz6lt44dyp,genesis1srgysthmuqpw4f6qsrektu2glj59hz6la8jtkx,channel-253,channel-1,0.11113121076791428,67.74258599018931
860363B59FC7AD8AE3EFA0FF5DC4108D5B3F9C79BE94E859AB7E2736DE74B73C,osmo1srgysthmuqpw4f6qsrektu2glj59hz6lt44dyp,genesis1srgysthmuqpw4f6qsrektu2glj59hz6la8jtkx,channel-253,channel-1,0.11113121076791428,296.7385337770223
663CD066323B93DEDB1ED7B0EB33AE84A8A2D4D50F4039FFAF7BA88AD68D603F,osmo1s8nzgwexdz8laux65600tkq6mq8pr6h5tftmat,genesis1s8nzgwexdz8laux65600tkq6mq8pr6h5amva0v,channel-253,channel-1,0.05881462112877931,126.00629144291861
FB46EFF9C7E06A392E4A04CB26DD6ACE523844566258B9E20F1AF651D22745D8,osmo1s8nzgwexdz8laux65600tkq6mq8pr6h5tftmat,genesis1s8nzgwexdz8laux65600tkq6mq8pr6h5amva0v,channel-253,channel-1,0.05881462112877931,4.073069920640743
454AFEA33F5A8B58D04BCCFB65FB0397AE57ED677ACF04906EA0501560ED94E3,osmo1uvnk984yhpw48jfu5srvsrqdt03kkvlcjqx8x5,genesis1uvnk984yhpw48jfu5srvsrqdt03kkvlcyjpp5n,channel-253,channel-1,0.05881462112877931,6.7510026582704095
3507CABC56CF1DC9498A968CF0A6A8C4178F5CBFB640B34667A56FC73E8F6654,osmo1ux3j2h446q9yf5dvsw4mwa5fnf07ja9v7hnlwd,genesis1ux3j2h446q9yf5dvsw4mwa5fnf07ja9vg95eu2,channel-253,channel-1,0.05881462112877931,6.265895006540242
DAAD2A33CB57DFAE527C4DAD02D51BF952610E860D8DE245F4A67698AF43850A,osmo1vgu6mpatup4hsyt463mdkac4a6n7qh30laksq4,genesis1vgu6mpatup4hsyt463mdkac4a6n7qh30f03kjj,channel-253,channel-1,0.05881462112877931,0.16469999253169174
D6705AE7CFCECF5A6F38E160E3B17216C24CA3C4515C352F72A769A91EFB9C16,osmo16aypymlama0lk5s8c9s30s09eacpvwnav7ewjv,genesis16aypymlama0lk5s8c9s30s09eacpvwna6v7gqt,channel-253,channel-1,0.008768410900102596,371.42988572834594
A2EFEB43900ABAC08960D5BFC275A25706963B2F31DA38EFCA6CEF98626F0C72,osmo1ag940t2gd4sn0wey7xgfjl83x2t5v62m6629pc,genesis107ff0tztguhn637e0jf3pjecs7kk333gaprfj3,channel-253,channel-1,0.1138580458116261,674.836637525508
98122816172CB3E7CBFCC74A198905F2935172A2D79AF2864F3357BF89C99B76,osmo1c4gf4m92zxachuywrttymahyr63wdwp6k3p7j5,genesis1c4gf4m92zxachuywrttymahyr63wdwp6qrxcqn,channel-253,channel-1,0.1138580458116261,5.692902290581305
5921AEFBD1122AA80515C32A352DA7C023A3511DC1C7E8975E438C5DD3E7F57D,osmo1c4gf4m92zxachuywrttymahyr63wdwp6k3p7j5,genesis1c4gf4m92zxachuywrttymahyr63wdwp6qrxcqn,channel-253,channel-1,0.1138580458116261,11.38580458116261
9F0D3A0E4C4954D05F40A4C2BB6D24B94029E1D922F28107C0F6A735E41B4A41,osmo1c4gf4m92zxachuywrttymahyr63wdwp6k3p7j5,genesis1c4gf4m92zxachuywrttymahyr63wdwp6qrxcqn,channel-253,channel-1,0.1138580458116261,0.03415741374348783
4040B2F5EFE55061056D0ADCE6E4734C23C4EECA5A851E5BF8D1C458F36EE9E7,osmo1c4gf4m92zxachuywrttymahyr63wdwp6k3p7j5,genesis1c4gf4m92zxachuywrttymahyr63wdwp6qrxcqn,channel-253,channel-1,0.1138580458116261,28.91994363615303
5B110D6ED8AABC004BF225337578D51C3190C9EED9C14A7553DFF5341A3BC6BB,osmo13glmw7u4yqr8hgugr6547p73jefut0xgxjqvwu,genesis1rld08k0gxqvzcp330xz3v3ge427ue509mt72ee,channel-253,channel-1,0.1138580458116261,5.692902290581305
A4EDBDE89BC326F9884E409BB91F1D6D2868ECCEF03BAE2F721C1F3697E326F1,osmo1srgysthmuqpw4f6qsrektu2glj59hz6lt44dyp,genesis1srgysthmuqpw4f6qsrektu2glj59hz6la8jtkx,channel-253,channel-1,0.1138580458116261,98.69509510806546
0E978D41EE4AA18BC8EFB6269AC3C1A180391E764E5C4FEE2A356EBF857B553C,osmo1ag940t2gd4sn0wey7xgfjl83x2t5v62m6629pc,genesis1ag940t2gd4sn0wey7xgfjl83x2t5v62mvgdrnl,channel-253,channel-1,0.01154693339982364,0.577346669991182
507AA30E48E7EA6F9B691756E6E7E688D0FCC83EC64C2668CE91009CA03FEB26,osmo1ag940t2gd4sn0wey7xgfjl83x2t5v62m6629pc,genesis1ag940t2gd4sn0wey7xgfjl83x2t5v62mvgdrnl,channel-253,channel-1,0.01154693339982364,0.06928160039894184
6B02E186DBB2F6542A489B3B98FB8EEBC79B0ACEE53FAF83120F597E8BE860F1,osmo1ag940t2gd4sn0wey7xgfjl83x2t5v62m6629pc,genesis1ag940t2gd4sn0wey7xgfjl83x2t5v62mvgdrnl,channel-253,channel-1,0.01154693339982364,0.577346669991182
FF5AFF09F28A98DBAC1557A9FE83964F517C1D7DF23761D73D002E30A417C104,osmo1ag940t2gd4sn0wey7xgfjl83x2t5v62m6629pc,genesis1ag940t2gd4sn0wey7xgfjl83x2t5v62mvgdrnl,channel-253,channel-1,0.01154693339982364,0.2309386679964728
970CC9F8877155F05D3BCC31BA39FF207FC0A33DB0825B8297EB6AD989E9168E,osmo147n6a8pnxw23zyufwc2scmff25u7avsyadzz0g,genesis147n6a8pnxw23zyufwc2scmff25u7avsytl9ya0,channel-253,channel-1,0.029201654894855406,0.14600827447427703
457AFFB33ED2AC1AE924361DC6ACA15C96D3EB9E0348F2F52FFCDCBC5454A080,osmo1s6mdag35z5jn0xepmshunyp4dzg9mu3vh325gw,genesis1s6mdag35z5jn0xepmshunyp4dzg9mu3vprdj6f,channel-253,channel-1,0.029201654894855406,1245.5770299843218
F94C659A5EB216E2EAD01F7C2ACCE0ADDBFCAB01A02675D90B16D610B1C67E07,osmo14rj9dl3l28t5lhumevlkheddygjvtxck8fx0ja,genesis14rj9dl3l28t5lhumevlkheddygjvtxck3mpfq6,channel-253,channel-1,0.014031605049318505,1.4031605049318505
C245F58E95DA3E87FD82D4F62E1077FC8AAEF062CF157F04E7E78ED53A426E20,osmo14rj9dl3l28t5lhumevlkheddygjvtxck8fx0ja,genesis14rj9dl3l28t5lhumevlkheddygjvtxck3mpfq6,channel-253,channel-1,0.014031605049318505,0.5332009918741032
50EB9793C4DAC18A35CB41BF18AA05E795CE48250F3E5C42D104669E004254A1,osmo16aypymlama0lk5s8c9s30s09eacpvwnav7ewjv,genesis16aypymlama0lk5s8c9s30s09eacpvwna6v7gqt,channel-253,channel-1,0.014031605049318505,7.015802524659253
08BA2134A2B88996688EB9D38C7CD6D47F19AB61BF6D15956595268535A7ABE9,osmo16aypymlama0lk5s8c9s30s09eacpvwnav7ewjv,genesis16aypymlama0lk5s8c9s30s09eacpvwna6v7gqt,channel-253,channel-1,0.014031605049318505,14.031605049318506
00120850D0ECA29768123889253B9DC729A4DB78C4CF97402CB6584EAADA0C91,osmo16aypymlama0lk5s8c9s30s09eacpvwnav7ewjv,genesis16aypymlama0lk5s8c9s30s09eacpvwna6v7gqt,channel-253,channel-1,0.014031605049318505,14.031605049318506
5327A292C3A7364B693D1F86EE52DD7FBAA49F60CFDD1845990D3828F81F1104,osmo16aypymlama0lk5s8c9s30s09eacpvwnav7ewjv,genesis16aypymlama0lk5s8c9s30s09eacpvwna6v7gqt,channel-253,channel-1,0.014031605049318505,7.015802524659253
6D2646807A9EE60B9CB83EED4E292E6C3F540915C1C99ABF60C99E6354EE564C,osmo19w2t4ue7qpdh6022m3yxmxvv3w7jla7u3hfq0r,genesis19w2t4ue7qpdh6022m3yxmxvv3w7jla7u89wxay,channel-253,channel-1,0.014031605049318505,1.1626937070066001
6F312E4E0F99B3D8E24195DCA3BD2C0CF0F126D0A320B3CBAAE6CF19984F3103,osmo1xfw0gcw74pvmh7n2ttt5wcdmyjqk9g7x3l9vp8,genesis1xfw0gcw74pvmh7n2ttt5wcdmyjqk9g7x8dz2nq,channel-253,channel-1,0.014031605049318505,24.11437200266478
43A498E286C86FC7264C13A774952737FF56FAE026E950D3EFBCD78500460D0D,osmo14rj9dl3l28t5lhumevlkheddygjvtxck8fx0ja,genesis14rj9dl3l28t5lhumevlkheddygjvtxck3mpfq6,channel-253,channel-1,0.023639563686487675,3610.234166200398
F928CB82B4B026C394D8942CE7128743D7626EAEF046EF4B5E037B19B15D1D4A,osmo1ag940t2gd4sn0wey7xgfjl83x2t5v62m6629pc,genesis107ff0tztguhn637e0jf3pjecs7kk333gaprfj3,channel-253,channel-1,0.12539852196345683,1338.6292219599015
D69968AB4B5B8562BE77AC5DC5F4BE83959C137F0F97DB0538177901AC60AF89,osmo1u57ekxxqsjrqe4k9yucv786tvc6yjj265a4cqm,genesis1u57ekxxqsjrqe4k9yucv786tvc6yjj26z0j7ju,channel-253,channel-1,0.12539852196345683,168.65535263232624
135517471F159153E7930EED2316D42D14697AFE86140F3B7D47EFF1EE20EB7B,osmo166a7pw3jxyjzg38uuyjlqrs0z5amyu6cd554v4,genesis166a7pw3jxyjzg38uuyjlqrs0z5amyu6cmxnn7j,channel-253,channel-1,0.010723847010872518,0.2514945453808067
6FE750EBF78711CBB0CABEBA2180D578612B59001E254A6581406BAB572F8EEA,osmo1d8754xqa9245pctlfcyv8eah468neqzn64g887,genesis1d8754xqa9245pctlfcyv8eah468neqznv80p4e,channel-253,channel-1,0.05408200604434457,127.31881701647706
878424FFF12AEC05D0506CD51EDDFF27C8F1207093EADA0A8C88432691FFAD0D,osmo1nvrz75nvlvv9redllux7dc9xeuvp6nhnw9s6lk,genesis1nvrz75nvlvv9redllux7dc9xeuvp6nhnchhud3,channel-253,channel-1,0.05408200604434457,53.94734349734397
341EE94716A64DC57D36697AF0A30F2081CC202BAB908CB4708C0A3FBF20088E,osmo1uvnk984yhpw48jfu5srvsrqdt03kkvlcjqx8x5,genesis1uvnk984yhpw48jfu5srvsrqdt03kkvlcyjpp5n,channel-253,channel-1,0.05408200604434457,0.9176310779838699
193E50BE7F09F4B50930CB84DBAA07555A1C80B08862F34E5095CD5A52964052,osmo1uvnk984yhpw48jfu5srvsrqdt03kkvlcjqx8x5,genesis1uvnk984yhpw48jfu5srvsrqdt03kkvlcyjpp5n,channel-253,channel-1,0.05408200604434457,0.08704250212784373
3CD37D9026CA29F870ACF0C75A3FE43E5023BBDBE229679F2F240057BA14919D,osmo1amj44fdnnlqs7c5wc5mu7278ae7t08z3ts8xcg,genesis1amj44fdnnlqs7c5wc5mu7278ae7t08z3azqq20,channel-253,channel-1,0.02149392569161685,18.454047979008507
8D8F4C016FB3AD67AD1FD51207DFFF9566A4AF4CA118B1740202FC3DAF93B0E0,osmo1amj44fdnnlqs7c5wc5mu7278ae7t08z3ts8xcg,genesis1amj44fdnnlqs7c5wc5mu7278ae7t08z3azqq20,channel-253,channel-1,0.02149392569161685,0.036743066748785316
38FDEEC6BBE07C6FC9A6156464F80EE44436C11798DA2EDF4D58B42E00DF706B,osmo1g0j9kmdn4a0dje9czsx0ggdzk9fsmh8rr7xvfa,genesis1g0j9kmdn4a0dje9czsx0ggdzk9fsmh8r4vp2m6,channel-253,channel-1,0.02800867862871548,0.03080954649158703
A16947BF6664C354B8AEF5D810EB7016664C3798FD25C58694D0B20EB7272F56,osmo1g0j9kmdn4a0dje9czsx0ggdzk9fsmh8rr7xvfa,genesis1g0j9kmdn4a0dje9czsx0ggdzk9fsmh8r4vp2m6,channel-253,channel-1,0.02800867862871548,0.0018970183553048425
CC91763860A18C1B8D18FDF7EF89E9343A293EC680281D114C897BEC499134C8,osmo1w6jja548ac0s900aruplacgt6whp4rlsdtjaf5,genesis19un5n5y06jj8cnquapn535nh0nnue52rggm7de,channel-253,channel-1,0.012907936798563228,5.1631747194252915
5821DCD3D46264E534AA3AF6BAB2043460F5A4EAF7EA054012B39E6932FA29E7,osmo1tlan9udzf8ud5xjgcyl7w293yjmnkz5mgdj7vd,genesis1tlan9udzf8ud5xjgcyl7w293yjmnkz5m7l4c72,channel-253,channel-1,0.012907936798563228,655.1850493478895
5FE27579C0AA8CAC7E739FB29C04B5E5E2FE10A7AF9A8FD92F68DE6F38AA76B7,osmo1vmjdd0uh783h6068nvjsvw0uvs57v5h50793hw,genesis1vmjdd0uh783h6068nvjsvw0uvs57v5h5evzh9f,channel-253,channel-1,0.012907936798563228,0.025815873597126456
5A09AC4B4FA754C5A4857F2DEE8352A6D7006FA47D8BD4CAE6328986FF1A5C77,osmo1w6jja548ac0s900aruplacgt6whp4rlsdtjaf5,genesis1w6jja548ac0s900aruplacgt6whp4rlsme4mmn,channel-253,channel-1,0.012907936798563228,3.160563435306209
B9D4D5476C774D3F13A005254E9B000918B75F400BF61F9367290AB9CE56EBB2,osmo16aypymlama0lk5s8c9s30s09eacpvwnav7ewjv,genesis16aypymlama0lk5s8c9s30s09eacpvwna6v7gqt,channel-253,channel-1,0.10738984927926935,736.0953438165966
E534F1AD72887DBC85F4F2538255C0EDD700BE1C00EAB15A578FC07C548D09BB,osmo16aypymlama0lk5s8c9s30s09eacpvwnav7ewjv,genesis16aypymlama0lk5s8c9s30s09eacpvwna6v7gqt,channel-253,channel-1,0.10738984927926935,564.5708116323652
4129913DA72952BF761A01BDD6E7459FA1826FDF6113365E6ECBA90ADDCBBCB1,osmo1kchq6hwcxykm847jugaf5c6x7aqvz4k9rrcl2w,genesis1jk3v4z3v34vfdkjn7yvve7fwdf8acyr5tydw22,channel-253,channel-1,0.10738984927926935,149.70144989530147
CCCE84E2DC7834F2FB0A4E23FE5716A0FD4AA9AD0627C88FF826363F3B9F3FF4,osmo1s8nzgwexdz8laux65600tkq6mq8pr6h5tftmat,genesis1s8nzgwexdz8laux65600tkq6mq8pr6h5amva0v,channel-253,channel-1,0.058904705033646684,3.881464485778577
39C4FE41CC2B5D48383A27CDC454922B1944D8CBE34D31C84BC002A95BFACF03,osmo1u33qfp6wq93m76hwvygfesfgkagr2y2uxnmrwr,genesis1u33qfp6wq93m76hwvygfesfgkagr2y2uspu9uy,channel-253,channel-1,0.058904705033646684,31.80854071816921
EAF1A33F37A2D411615CE54B3AEBDC2373BC65D183C48AA9388C07B1FF7F2409,osmo1uvnk984yhpw48jfu5srvsrqdt03kkvlcjqx8x5,genesis1uvnk984yhpw48jfu5srvsrqdt03kkvlcyjpp5n,channel-253,channel-1,0.058904705033646684,0.7021292275223692
F7A07007494CE3E208580F02788C506CE52521A017F3405BAA0AD05FADFBF1CF,osmo16aypymlama0lk5s8c9s30s09eacpvwnav7ewjv,genesis16aypymlama0lk5s8c9s30s09eacpvwna6v7gqt,channel-253,channel-1,0.09787105452659754,737.6003254313287
A7BC7665022EDA196E4518CE1A35E7ED625B99D891725AC631424C30461A02C0,osmo1lzha43jzgyrzzsk9y3xq733u97c4ku84d2x9dg,genesis1lzha43jzgyrzzsk9y3xq733u97c4ku84mcprl0,channel-253,channel-1,0.026572205830892513,3.0478342481345075
94201E759CFC424E3FD8A8C816EFCA62D00AE7F976750360CE0DA207CB128E36,osmo1dtc9eky6pt0zfssh60k3duywjacfu88y93tpx6,genesis1dtc9eky6pt0zfssh60k3duywjacfu88ynrv85a,channel-253,channel-1,0.10444479778987113,1044.4479778987113
A7A63299AD8B50F100D8218B24C82B095749F469E6EDFB57DF244E9572D76655,osmo1kchq6hwcxykm847jugaf5c6x7aqvz4k9rrcl2w,genesis1jk3v4z3v34vfdkjn7yvve7fwdf8acyr5tydw22,channel-253,channel-1,0.10444479778987113,197.81844701401593
46346B6B68CD20ABA6EADFD0A0427F740105D428639D718B6B9E06F8A0A3CC16,osmo1cu2rdkl8mzr7pxqv4r54a2qkdg53tt54w8p2w6,genesis1cu2rdkl8mzr7pxqv4r54a2qkdg53tt54c4xvua,channel-253,channel-1,0.08174991701481814,0.037556531037518666
B9E61547A7E7F2A28782CB9A0A468F5E0926BCA83F60F6D9D5529822B5371AE7,osmo1fnf8fvnyuw20jse47a53ue59pdzp8q254qfrdp,genesis1fnf8fvnyuw20jse47a53ue59pdzp8q25rjw9lx,channel-253,channel-1,0.08174991701481814,0.8910740954615177
E0BC91900ACCECB556081AA12EE290E85ADE8CA049465653010B83417D00CDD6,osmo1k4flz542uu5qlw7t069lqn7enylku4ge0tkks8,genesis1k4flz542uu5qlw7t069lqn7enylku4geee3szq,channel-253,channel-1,0.03671503405192445,3.941249826000989e-05
34AF55DA071FA2044F9DA41BC8697CEB50068D2709360BDD976937AE48230E83,osmo1c4gf4m92zxachuywrttymahyr63wdwp6k3p7j5,genesis1c4gf4m92zxachuywrttymahyr63wdwp6qrxcqn,channel-253,channel-1,0.09670210594266297,11.929661060193965
630EDD08185B88347E8B8C27C4D499B15FAB56BA60436264E6342909FFEFE2C6,osmo16hp7wzudkeyw6fvgvalm0fh3elp9czhf9l3k7l,genesis16hp7wzudkeyw6fvgvalm0fh3elp9czhfndksvc,channel-253,channel-1,0.012586033632586036,0.011327430269327433
F52A2480A1CB825155DA690A5DD3EDC6473A4412E6E2EFD76F0598AFE0C46804,osmo182lpnqqq0umc07hut7xp7j23k32ss3pa9pltx0,genesis182lpnqqq0umc07hut7xp7j23k32ss3panncd5g,channel-253,channel-1,0.012586033632586036,780.3340852203343
8A56CA2DD92AC7C193E9DB5839B5293A797E7FBB7D50E3B5D7D55A996607C88A,osmo16aypymlama0lk5s8c9s30s09eacpvwnav7ewjv,genesis16aypymlama0lk5s8c9s30s09eacpvwna6v7gqt,channel-253,channel-1,0.013582500320682853,219.2531583309337
293C3E90881C824F09BFA59D5BD2D5734FF3A4D1D78FB7E001866D45100710E8,osmo16aypymlama0lk5s8c9s30s09eacpvwnav7ewjv,genesis16aypymlama0lk5s8c9s30s09eacpvwna6v7gqt,channel-253,channel-1,0.013582500320682853,20.610347134046837
45C6FA7C6F98A90927C1E01E7B13735437294B09D8688BC90F2299D63383CC41,osmo1qm8t0qwde65v6cyd727xxrj3sa3dm6472kpwv6,genesis1qm8t0qwde65v6cyd727xxrj3sa3dm647uyxg7a,channel-253,channel-1,0.04883899931365627,5798.887633257628
02700ADFE88E40E5E3199E24C5AF4D06AE867B43D824FE85C0CF564094EEBE77,osmo1s0mcdnsp74relctt3nyfyx4zkuwfn5wff8n73a,genesis1s0mcdnsp74relctt3nyfyx4zkuwfn5wfl45cr6,channel-253,channel-1,0.04883899931365627,1152.6741645249394
48B1B874FFFC552CFF4D464626B884EF264181AA7A67D450A04B96AE1E40D65B,osmo16aypymlama0lk5s8c9s30s09eacpvwnav7ewjv,genesis16aypymlama0lk5s8c9s30s09eacpvwna6v7gqt,channel-253,channel-1,0.012557412058505106,46.852708073788854
E750CDDD19F7FAABA2442CA17AA116EDBBA9794B585D384B914105EF8928F3ED,osmo16aypymlama0lk5s8c9s30s09eacpvwnav7ewjv,genesis16aypymlama0lk5s8c9s30s09eacpvwna6v7gqt,channel-253,channel-1,0.012557412058505106,100.14231766510427
99D4E84F07F9136FE940276A8248A07B348C4E53B3645FC70D9814E190FF675E,osmo16aypymlama0lk5s8c9s30s09eacpvwnav7ewjv,genesis16aypymlama0lk5s8c9s30s09eacpvwna6v7gqt,channel-253,channel-1,0.012557412058505106,21.53432863140083
4619CF3DAF5B928A99F7EA36C3A6D8876C2CEACB41F1FDD2640A0A3C541F77AE,osmo16aypymlama0lk5s8c9s30s09eacpvwnav7ewjv,genesis16aypymlama0lk5s8c9s30s09eacpvwna6v7gqt,channel-253,channel-1,0.012557412058505106,49.04535540590099
80BFED1260D1BD4F4A90FC755F57EA1358412C079569D3626BA7C0C8D270A31E,osmo163ndtplrrpkh2faf2c0y6t9v86llx86q6spzwl,genesis163ndtplrrpkh2faf2c0y6t9v86llx86qvzxyuc,channel-253,channel-1,0.058595292270752095,0.00031469817558434944
64AC4D39AF55CEED1E8BECA97A0239378DF7B308A99B6818E55F53D4881E9DF5,osmo1c9mkft0d3sdjm3us883270veuww7qe3y587n8r,genesis1c9mkft0d3sdjm3us883270veuww7qe3yz4e44y,channel-253,channel-1,0.0481310326705286,0.445788038878036
90E923555D97EB3AB3F7069D09F457F777702DA3724B2CB09A9434465CA671D4,osmo1gmh6gg0cy4kd0nrkj2whn92kc6yjj0fnf4l2y5,genesis1gmh6gg0cy4kd0nrkj2whn92kc6yjj0fnl8cvkn,channel-253,channel-1,0.0481310326705286,0.704566964250952
0F16A2A1A4970BD00A2892DB343F88655B6BBAE9D339D7425DD9FCCC70970218,osmo1jst6seuaspcqpkwggk0kvxmglfykvgzwsndqta,genesis1jst6seuaspcqpkwggk0kvxmglfykvgzwxp2xe6,channel-253,channel-1,0.0481310326705286,0.240655163352643
A0021A0AB6D3388B1D6CD6E7474E3AB4668FC38D59B444227C406DC546609614,osmo1jst6seuaspcqpkwggk0kvxmglfykvgzwsndqta,genesis1jst6seuaspcqpkwggk0kvxmglfykvgzwxp2xe6,channel-253,channel-1,0.0481310326705286,4.563970811735447
1E85140470F579C4E963144FF0A15DB56A9FB1E54663C07BBD11618B888710D4,osmo1kyly26j3kpac52d5chqar82c7m9eukfmy5707c,genesis1kyly26j3kpac52d5chqar82c7m9eukfmjxefvl,channel-253,channel-1,0.0481310326705286,562.7624089600671
3406651A770A8AE15DAC7A8C42EE5170F060FB068A713C6C440CFCFE37B2B6B0,osmo1fpu6987zgdjf65yeyr2uuut82talr59g8c2p0l,genesis1fpu6987zgdjf65yeyr2uuut82talr59g32d8ac,channel-253,channel-1,0.11339321074114803,1.0034819836261046
4A1593ACE0CA6B2E117483D5E96E96226E7F3B998EC925C55FF4A6B118395980,osmo1srgysthmuqpw4f6qsrektu2glj59hz6lt44dyp,genesis1srgysthmuqpw4f6qsrektu2glj59hz6la8jtkx,channel-253,channel-1,0.11339321074114803,100.26163504399734
1F668BEED4886B3B2C3F17E5A4840E58933D0EBFEFE734A02E1809A679D9F332,osmo1w24mmwxpl50n2hcyxjka7u942wl6zuz9jsjd8w,genesis1w24mmwxpl50n2hcyxjka7u942wl6zuz9yz4t4f,channel-253,channel-1,0.11339321074114803,248.84516788965848
22877E67D0D1AEA9AB582CAD8F31C74B79E87BB82FA7263B94A0B5BBE97E97B4,osmo1c4gf4m92zxachuywrttymahyr63wdwp6k3p7j5,genesis1c4gf4m92zxachuywrttymahyr63wdwp6qrxcqn,channel-253,channel-1,0.10406384309497668,8.951557039139193
FA35D7DAFCC4D0ADEDB6490E6DABD77542B0800795864B4D5DF8004C04E72C1A,osmo1sntx5sf6w933f8pytpr2dh9sxns0u23mzvuqm9,genesis1sntx5sf6w933f8pytpr2dh9sxns0u23m57mxfz,channel-253,channel-1,0.05645850022823791,0.41553113385135076
7E54DCD02089E204B641A336B2CCF1B316F7B73471BDF2E969D8F97034303D2E,osmo12wgfhlj6xd9lnnp564kdetsgf4jark9cszx07u,genesis1r9sqeje2ppw9kva5x6j34kxh9npu2k0z2nchk9,channel-253,channel-1,0.06765192178043339,418.76539582088276
5135E27827DEFDA90071C10F5F370A08A3B6F99BF832D5A7945764AE1EFA3FE1,osmo14rj9dl3l28t5lhumevlkheddygjvtxck8fx0ja,genesis1sh78xk4terehvp6966grk6a0gy7k90grjsnjsd,channel-253,channel-1,0.010115995864328847,0.10115995864328847
F15D9CAA6C2433CEA8F4BD2ED34235598FD5B8279DD44E219919569B57C18ED5,osmo14rj9dl3l28t5lhumevlkheddygjvtxck8fx0ja,genesis1sh78xk4terehvp6966grk6a0gy7k90grjsnjsd,channel-253,channel-1,0.010115995864328847,0.10115995864328847
78D74BE30C2DEFBA77A67411D889D9DEEC345F89BDEF37DE536B69A47D533B22,osmo1zkewm35hqzve3xet3rhc0kmzeldxjf22fwq990,genesis16jjxucde476dvfq7shvh65t3w09q6ftz2xta3u,channel-253,channel-1,0.09959666131172155,100.97224496806272
5053EAFCD620B22A505F06DA2F8A4E057B636C8A110FFC8B9428D290BAD92518,osmo1zkewm35hqzve3xet3rhc0kmzeldxjf22fwq990,genesis16jjxucde476dvfq7shvh65t3w09q6ftz2xta3u,channel-253,channel-1,0.09959666131172155,0.05096007154464644
E82E9A28F250AA2943DB21AB857FC574423F3F927CB7AE59C5E217B9986476D2,osmo1kchq6hwcxykm847jugaf5c6x7aqvz4k9rrcl2w,genesis1jk3v4z3v34vfdkjn7yvve7fwdf8acyr5tydw22,channel-253,channel-1,0.09959666131172155,365.42015035270634
0A1EE1138E8EC88592634470DD573F4E41A1CEE196135DC882D1FAFC44D9015E,osmo1srgysthmuqpw4f6qsrektu2glj59hz6lt44dyp,genesis1srgysthmuqpw4f6qsrektu2glj59hz6la8jtkx,channel-253,channel-1,0.09959666131172155,796.7732904937724
41828CE8CCDB021BD58756581CBEEB717CBB86AB1465001176C13D18A70761A6,osmo1srgysthmuqpw4f6qsrektu2glj59hz6lt44dyp,genesis1srgysthmuqpw4f6qsrektu2glj59hz6la8jtkx,channel-253,channel-1,0.09959666131172155,497.98330655860775
BC24C0111D8414869595863C8D967CE663A00C818EFF42B345019B7B96E0FE0F,osmo1xchgeynvgf63kuqlpzsnw20h393u4fxmdf3t3m,genesis1xchgeynvgf63kuqlpzsnw20h393u4fxmmmkdru,channel-253,channel-1,0.09959666131172155,814.8466956066284
A9AAB68D22BE40F16059E52E09330E1CF6F3031565A55B909E99036F552C5289,osmo1xchgeynvgf63kuqlpzsnw20h393u4fxmdf3t3m,genesis1xchgeynvgf63kuqlpzsnw20h393u4fxmmmkdru,channel-253,channel-1,0.09959666131172155,0.4979833065586078
C8C428F512AB6B2CA78EE18F3AA9493AAA7624C06B453CE430E84C3A07049866,osmo1xchgeynvgf63kuqlpzsnw20h393u4fxmdf3t3m,genesis1xchgeynvgf63kuqlpzsnw20h393u4fxmmmkdru,channel-253,channel-1,0.09959666131172155,0.2870458115639618
4A9AEEF7C916949656D3D5E565B98D3BD73102FD210455A7EA09511789C4CA61,osmo1ag940t2gd4sn0wey7xgfjl83x2t5v62m6629pc,genesis107ff0tztguhn637e0jf3pjecs7kk333gaprfj3,channel-253,channel-1,0.10858834773197804,271.4708693299451
3F28E17CE2E51508D6B681688BAEC22B1F4C0EA4DB2F965A5C045958BC163531,osmo192ak46sj5hpncqryqx67st8alnmjsuy3n6wjlh,genesis192ak46sj5hpncqryqx67st8alnmjsuy39gf5ds,channel-253,channel-1,0.10858834773197804,60.37329002335178
296168BD3A2B6098851C0F3821EB1A882F1E2D5AE5C5D858F76B10532202DA85,osmo16aypymlama0lk5s8c9s30s09eacpvwnav7ewjv,genesis16aypymlama0lk5s8c9s30s09eacpvwna6v7gqt,channel-253,channel-1,0.011358485132203725,22.71697026440745
72F93F18F2D866AD6F262AE882B424B835AB17491D3FF06568019B5A177024E3,osmo16aypymlama0lk5s8c9s30s09eacpvwnav7ewjv,genesis16aypymlama0lk5s8c9s30s09eacpvwna6v7gqt,channel-253,channel-1,0.011358485132203725,22.71697026440745
A4DD3BF49D73970F54C9B52F8BB4EB00EC13B1B9B947DF5D810905D115C57D18,osmo16aypymlama0lk5s8c9s30s09eacpvwnav7ewjv,genesis16aypymlama0lk5s8c9s30s09eacpvwna6v7gqt,channel-253,channel-1,0.011358485132203725,283.9621283050931
3BCEEEEDAA9EB2C141036FE0D0782C7EA1AB798CD0AD1C02E5657F68EFBA0F14,osmo19h65cmarqlpaz80ja26jtn4gamuvwla00r0f66,genesis19h65cmarqlpaz80ja26jtn4gamuvwla0e3g0ga,channel-253,channel-1,0.011358485132203725,275.1025099019742
7B8AF0E80015FB8B203620FE2A740F426C3950DBD2FD39AB926A7429A5B449B4,osmo19h65cmarqlpaz80ja26jtn4gamuvwla00r0f66,genesis19h65cmarqlpaz80ja26jtn4gamuvwla0e3g0ga,channel-253,channel-1,0.011358485132203725,11.358485132203725
E1C5BBCCEFB55081117A1BC13F725592D7D33D3A7208D94EDF74B4A33D98AA59,osmo15927y2rj2fhevpawxk3aatask53rj5c93988p4,genesis15927y2rj2fhevpawxk3aatask53rj5c98hqpnj,channel-253,channel-1,0.10821693815457759,0.03202000539454601
313359BF2F739E0FEDBB325F780F5633F46E1EBC1DC8F4D172B747237A4B9E1B,osmo1zkewm35hqzve3xet3rhc0kmzeldxjf22fwq990,genesis16jjxucde476dvfq7shvh65t3w09q6ftz2xta3u,channel-253,channel-1,0.10821693815457759,96.79555868184137
D78C4B22B1B56F1652A0B0C36DA3D013DCD1D58CF228830F7070414B425CD07E,osmo1srgysthmuqpw4f6qsrektu2glj59hz6lt44dyp,genesis1srgysthmuqpw4f6qsrektu2glj59hz6la8jtkx,channel-253,channel-1,0.10821693815457759,541.0846907728879
1E07CA3F0399DAB290DD84A63BD9E5A14AF9792D055934981F5DB2949BDE25A3,osmo1zkewm35hqzve3xet3rhc0kmzeldxjf22fwq990,genesis16jjxucde476dvfq7shvh65t3w09q6ftz2xta3u,channel-253,channel-1,0.12638533710420716,52.826630778283935
0D39889E696E8309E950D72594902A3F7F2D41A1596962421B582741A213D8D6,osmo1zkewm35hqzve3xet3rhc0kmzeldxjf22fwq990,genesis16jjxucde476dvfq7shvh65t3w09q6ftz2xta3u,channel-253,channel-1,0.12638533710420716,107.38744881203691
C434D64B884E407CA47B8F16BB8D2D6A0C6E663963A1AE3F5F8D6654B9C2C335,osmo1h4d0dyh42fe3kgjggx6dr7n7ld3hlzvz37d332,genesis1h4d0dyh42fe3kgjggx6dr7n7ld3hlzvz8v2hrd,channel-253,channel-1,0.12638533710420716,4.397344700529605
339169031001286B8ECE1E75C84065C0A016FEA3B4A661E3CF65A8CB3A12B07D,osmo1h4d0dyh42fe3kgjggx6dr7n7ld3hlzvz37d332,genesis1h4d0dyh42fe3kgjggx6dr7n7ld3hlzvz8v2hrd,channel-253,channel-1,0.12638533710420716,8.537699888791563
371B6397A4A3093E46D9475823C6B11E3B3491E9D70F9D76BC2DDA2FEC41CA9E,osmo1qm8t0qwde65v6cyd727xxrj3sa3dm6472kpwv6,genesis1qm8t0qwde65v6cyd727xxrj3sa3dm647uyxg7a,channel-253,channel-1,0.04357504954158692,1424.711208080249
B9A9E523A715B880A4D6D3D29D62E2DD94B53490CE0C39146C1F07548ED5A986,osmo16aypymlama0lk5s8c9s30s09eacpvwnav7ewjv,genesis16aypymlama0lk5s8c9s30s09eacpvwna6v7gqt,channel-253,channel-1,0.012139373693819525,95.41547723342147
B668E2483ECD5C073931F319CA3AF161D5871A64A2B84E1BAE6AF7BD523A2EF6,osmo16aypymlama0lk5s8c9s30s09eacpvwnav7ewjv,genesis16aypymlama0lk5s8c9s30s09eacpvwna6v7gqt,channel-253,channel-1,0.012139373693819525,95.41547723342147
9C4902EA5D281C74A56733E500E13AD10424C0D815066D1B82AFA0A993C77729,osmo16aypymlama0lk5s8c9s30s09eacpvwnav7ewjv,genesis16aypymlama0lk5s8c9s30s09eacpvwna6v7gqt,channel-253,channel-1,0.012139373693819525,750.2132942780466
E04071D5557BB6B5D0D6C3E45D283913F6CD26E5B65E1132651DC52950DBAECA,osmo18vashg4h5gmkwt6kf4hkkeehkksazlq0xt8gc8,genesis18vashg4h5gmkwt6kf4hkkeehkksazlq0seqw2q,channel-253,channel-1,0.018787641318302135,2.6960473447669315
5CBE99649E2AD952BAB1515334F3714D28C11928FE5E0E46545D7669F3D1398E,osmo1kchq6hwcxykm847jugaf5c6x7aqvz4k9rrcl2w,genesis1jk3v4z3v34vfdkjn7yvve7fwdf8acyr5tydw22,channel-253,channel-1,0.10450378745184961,199.18421888322536
057685272725762BAEDDBB062576A0ECA33B20868D0D0E837F4643CB53C327FC,osmo1ux3j2h446q9yf5dvsw4mwa5fnf07ja9v7hnlwd,genesis1ux3j2h446q9yf5dvsw4mwa5fnf07ja9vg95eu2,channel-253,channel-1,0.0556212159981571,2.0768536066809116
7496C79B4832EB21CE460F7CF82EE0723C15B21AD7CECC2D9D2B5327E6F1DB10,osmo166a7pw3jxyjzg38uuyjlqrs0z5amyu6cd554v4,genesis166a7pw3jxyjzg38uuyjlqrs0z5amyu6cmxnn7j,channel-253,channel-1,0.10619388874883708,0.2546346274699411
B2E592A958EA40B7B1159ED9CEA9B59F81EA7A1FCC719BC008D6EF5C1CBD18CF,osmo1sz6a6kpsdum3g4kalumjj0gttlq4523kwlzgpg,genesis1sz6a6kpsdum3g4kalumjj0gttlq4523kcd9wn0,channel-253,channel-1,0.10619388874883708,53.732703022378594
9B4173FE653C7E125C22001EF855ED7E35B6BF5499C07F601F9E19F9E241D249,osmo1y6603qh08ttze6vaqr3ucmclq4xxj88x6gz5x8,genesis1y6603qh08ttze6vaqr3ucmclq4xxj88xv69j5q,channel-253,channel-1,0.04369484154266546,0.02184742077133273
B4F07C20AEE632EB27AB58C0B29189544E8DAD22A7B070E71F40D82D491714F0,osmo1kyly26j3kpac52d5chqar82c7m9eukfmy5707c,genesis1kyly26j3kpac52d5chqar82c7m9eukfmjxefvl,channel-253,channel-1,0.04101541127879639,809.7809771485423
C99DD515BF7475AB4F469071B9C45EA73609D5C45D04245C233CC4AEE16499BF,osmo1s8nzgwexdz8laux65600tkq6mq8pr6h5tftmat,genesis1s8nzgwexdz8laux65600tkq6mq8pr6h5amva0v,channel-253,channel-1,0.057700554372435105,6.643268624959378
F3240D5597032F0F7E02E8AD8BEDC0432BED19FF026B4D0FB6A4AF7B2389E2BB,osmo1c4gf4m92zxachuywrttymahyr63wdwp6k3p7j5,genesis1c4gf4m92zxachuywrttymahyr63wdwp6qrxcqn,channel-253,channel-1,0.1079839898229632,13.540829561204937
C8A26CAD1EA66F8B27ACD655D59F813AF98436B9AB63BC9BFC7C163E78CC2411,osmo1qn9veg6hdw8kjfmpyl748qm9cgeumctvqfthe0,genesis1qn9veg6hdw8kjfmpyl748qm9cgeumctvkmv3tg,channel-253,channel-1,0.1079839898229632,0.1765133266512476
8F46D7CA66B3A37A73247C022C2BABA56F186D123C31C397D3CF41ED5228E6D0,osmo1ag940t2gd4sn0wey7xgfjl83x2t5v62m6629pc,genesis1ag940t2gd4sn0wey7xgfjl83x2t5v62mvgdrnl,channel-253,channel-1,0.012313557553366085,541.7965323481077
1D6FE27C9D4AD0BFDDB9DF4EE4D58CABF1FD2B5E1C0117F167ECA7DFFBC84A8C,osmo1ag940t2gd4sn0wey7xgfjl83x2t5v62m6629pc,genesis1ag940t2gd4sn0wey7xgfjl83x2t5v62mvgdrnl,channel-253,channel-1,0.012313557553366085,60.090160860426494
033BB43342807568E75D4059ABCA6BCCFACAB6D7BF887745F1FB62B700EDC3AA,osmo1ag940t2gd4sn0wey7xgfjl83x2t5v62m6629pc,genesis1ag940t2gd4sn0wey7xgfjl83x2t5v62mvgdrnl,channel-253,channel-1,0.012313557553366085,0.5417965323481078
681F591AD6FB90FB46FA23C65487FD81028E6F619EBF58E900F19B64137657C2,osmo1s84q7zy0a0f7dchrpj2fk89gyglkwm2eqrzwxu,genesis1s84q7zy0a0f7dchrpj2fk89gyglkwm2ek39g5m,channel-253,channel-1,0.05362038897313101,25.914999564523313
A2C3CBF5B463B061E05144817886388AE679798DD5CD376C1583469A04849175,osmo1yw97y5jma4azfyhky62t56nn2jfp2ana24ws4w,genesis1yw97y5jma4azfyhky62t56nn2jfp2anau8fk8f,channel-253,channel-1,0.019172935882418158,0.051411990592529655
35CFA911B8D6CE15F93184680DCEB3B0F2D80090EF5D7FC72D602535F4A75CFC,osmo16aypymlama0lk5s8c9s30s09eacpvwnav7ewjv,genesis16aypymlama0lk5s8c9s30s09eacpvwna6v7gqt,channel-253,channel-1,0.010164500218426036,406.58000873704145
A4EB1643E5F3BB9E523C6BD041F39D77897444DFC6F6B493930D78136061DC01,osmo1u57ekxxqsjrqe4k9yucv786tvc6yjj265a4cqm,genesis1u57ekxxqsjrqe4k9yucv786tvc6yjj26z0j7ju,channel-253,channel-1,0.024064119938210435,0.12032059969105217
AA887CA9ECB181728235EB93D3707F10E200ECF4DCE7F643F36903295C8CA1D5,osmo1hauvj3muyuswsfn5hc4cqj3zmwe6y33ls3093z,genesis1hauvj3muyuswsfn5hc4cqj3zmwe6y33lxrgrr9,channel-253,channel-1,0.009097561835489144,13.646342753233716
1D82303B6F1065E93A930609F937771E088BB99878D0ECA24D5011A1576C98FE,osmo1jev7zyn0zkln3gtsuprgwwxmrs6shsuxvxjf0g,genesis1jev7zyn0zkln3gtsuprgwwxmrs6shsux6540a0,channel-253,channel-1,0.03780959944575428,0.5293680427840617
A049D126C95F0AF76F5383EFAEB5DA4E1184F82AD5B91B6B929CE99AD84B6CE9,osmo1yxw7a7f5qxnhchzyfu0gx2j5nrhhachml6qrh7,genesis1yxw7a7f5qxnhchzyfu0gx2j5nrhhachmfg899e,channel-253,channel-1,0.03780959944575428,8.792264753616431
F4713EA0B028BF1D1A72AE6A97B13186B1BF044B2DD19FA2C86678C761164BE0,osmo16aypymlama0lk5s8c9s30s09eacpvwnav7ewjv,genesis16aypymlama0lk5s8c9s30s09eacpvwna6v7gqt,channel-253,channel-1,0.11134881181432303,252.322277596722
366542313295745E971329657A2B4CA7C8A74E7FCCFCEC3CCA8D6BA88CC1A1BB,osmo1kchq6hwcxykm847jugaf5c6x7aqvz4k9rrcl2w,genesis1jk3v4z3v34vfdkjn7yvve7fwdf8acyr5tydw22,channel-253,channel-1,0.11134881181432303,295.6310953670277
B3F9844ACBE027EC8CF503EEBBC24AA93D3A3ED64D8E9C0CC9972A39F42F851D,osmo1kchq6hwcxykm847jugaf5c6x7aqvz4k9rrcl2w,genesis1jk3v4z3v34vfdkjn7yvve7fwdf8acyr5tydw22,channel-253,channel-1,0.11134881181432303,358.54317404212014
39D81A904B4AB3DC09DCFBE73359C34AABF548D9C8BAB89BF926D1DF85FF67A5,osmo1kchq6hwcxykm847jugaf5c6x7aqvz4k9rrcl2w,genesis1kchq6hwcxykm847jugaf5c6x7aqvz4k943lecf,channel-253,channel-1,0.11134881181432303,358.54317404212014
6521A237D82A7BC0C52E9C4A55DFE128E4ADF6F3D20F5BD255F6BDA656D2590F,osmo1srgysthmuqpw4f6qsrektu2glj59hz6lt44dyp,genesis1srgysthmuqpw4f6qsrektu2glj59hz6la8jtkx,channel-253,channel-1,0.11134881181432303,167.08952173213856
548D83373A47E52549DA7355B6A6AA0DAB722C5F107C0F4C8419A1F0F78F080F,osmo1srgysthmuqpw4f6qsrektu2glj59hz6lt44dyp,genesis1srgysthmuqpw4f6qsrektu2glj59hz6la8jtkx,channel-253,channel-1,0.11134881181432303,173.55616030293265
D90D30EC7C848FB0426B8DBDE97F72438472CD1A836D5F24CB87F6994B321727,osmo1srgysthmuqpw4f6qsrektu2glj59hz6lt44dyp,genesis1srgysthmuqpw4f6qsrektu2glj59hz6la8jtkx,channel-253,channel-1,0.11134881181432303,1131.9292841701251
D794B0BD5594D1134BED2AE1A14D347C3489385790503F6CC01567F99C434485,osmo1ag940t2gd4sn0wey7xgfjl83x2t5v62m6629pc,genesis1ag940t2gd4sn0wey7xgfjl83x2t5v62mvgdrnl,channel-253,channel-1,0.012298269176019939,1.2298269176019938
3706771C57AA8C1A8A685D9DFEEB047E1A38A7510F7C221D45C50CFD0EFEBD25,osmo1srgysthmuqpw4f6qsrektu2glj59hz6lt44dyp,genesis1srgysthmuqpw4f6qsrektu2glj59hz6la8jtkx,channel-253,channel-1,0.12078749890539368,422.7562461688779
49AB8BB8778AA5F4B292F2C348CABB6D4054C1074C9207CF6A1E244706D4DB35,osmo12wgfhlj6xd9lnnp564kdetsgf4jark9cszx07u,genesis1r9sqeje2ppw9kva5x6j34kxh9npu2k0z2nchk9,channel-253,channel-1,0.04223546539216957,1593.5441092465578
1584DC3A1BCB046CF05B9F927F2310688BC22B6229A5CAFA904EA8F6361B1F51,osmo12wgfhlj6xd9lnnp564kdetsgf4jark9cszx07u,genesis1r9sqeje2ppw9kva5x6j34kxh9npu2k0z2nchk9,channel-253,channel-1,0.04223546539216957,4.223546539216957
62BA5CA712C693D11C2512696FA35FC603EAA8EB5E5E667D724656FE2BEBC3E6,osmo1yaaemqhc8776gxy0e2l53nrw6dmewd7sfa82vg,genesis1yaaemqhc8776gxy0e2l53nrw6dmewd7sl0qv70,channel-253,channel-1,0.03840376909609989,12.052553790659415
58768CF5961D2EAF86E6037ACA6B8001F2BCBA50BB10A40B0FC2399B2F4410D8,osmo15lprtmks37df9m6mgz98qdpg8357uw78qr2teu,genesis15lprtmks37df9m6mgz98qdpg8357uw78k3ddtm,channel-253,channel-1,0.058595292270752095,0.06063976317762526
FCB26B10870CA988F57C5ED5B36EC3D1836DC5CF3FCFD5DEEC6274CCE0E9B725,osmo19zrtt2uncccycgcm9efgedu0hr27qfdvu5xj8n,genesis19zrtt2uncccycgcm9efgedu0hr27qfdv2xp545,channel-253,channel-1,0.13872901816224487,6.190697168013009
1B4A0FAFA3C0C9349D6F4EA78AFC6F129A5AA2A8D8E575F072FBFA58C2332165,osmo12wgfhlj6xd9lnnp564kdetsgf4jark9cszx07u,genesis1pscc4p8cynm6zcam3wcz7rnnzsazkh3lky3c9m,channel-253,channel-1,0.06073693505512672,819.9486232442108
E06E1B2F420439A3DA87FE467AA22FD9867DD95AFA2CA596BA2745D35BAEEBB2,osmo1s0mcdnsp74relctt3nyfyx4zkuwfn5wff8n73a,genesis1s0mcdnsp74relctt3nyfyx4zkuwfn5wfl45cr6,channel-253,channel-1,0.06073693505512672,1897.8828354287907
D5D4BF23DB871CC450A357AF93A47D9ACD15AD228DD131A35A3BBC48B2D9A5C4,osmo1tmtpfl965s0mscqhgyfzxu02x28wym0lapp7a0,genesis1tmtpfl965s0mscqhgyfzxu02x28wym0ltnxc0g,channel-253,channel-1,0.06073693505512672,4.3789169744975895
4E5F112B59820946D75DC32C2F75403A9107D18E373B68DF9A4711DFEC75C3FD,osmo1s8nzgwexdz8laux65600tkq6mq8pr6h5tftmat,genesis1s8nzgwexdz8laux65600tkq6mq8pr6h5amva0v,channel-253,channel-1,0.058806519035244045,3.726275238477777
9BCF273065D6C121C92AFBC510F560CBDB316C747E0642681AA664F72DA18A18,osmo1svl4txrcxpwy55q5svr7lfa0fm20mzc90hzgg2,genesis1svl4txrcxpwy55q5svr7lfa0fm20mzc9e99w6d,channel-253,channel-1,0.08074797895400201,46.45977336478958
7F1C4BB78E9CD60B74E05C167FCB0C17F57A3BFECCD1647D58497050F10EFB29,osmo1z024vgu2v80dv0gg64aawnz8kynh3apuqxs9jy,genesis1z024vgu2v80dv0gg64aawnz8kynh3apuk5hrqr,channel-253,channel-1,0.08074797895400201,0.40373989477001004
52E531BFB6F88E51BBD2125697A37958E661F8A1F1489A16FFE760E0C422FD3D,osmo10pdwjxyc9grn7n3aa4ua5zf28e7ynh3shcak2p,genesis10pdwjxyc9grn7n3aa4ua5zf28e7ynh3sp26scx,channel-253,channel-1,0.10965099220374429,9.23880592742847
A6ADD2E909975A9B51076F9BB039F7BBCFD36DE61DF056E6C372BB3F5A7D144C,osmo16xnzvl9zw74q2p2ldzl088wx3pmtxrwma2md9x,genesis16xnzvl9zw74q2p2ldzl088wx3pmtxrwmtcuthp,channel-253,channel-1,0.10965099220374429,51.34455703249344
7B34A54636245DBA22270FFAE4A5568DC89E29459895F19110951C02A24E09B2,osmo12wgfhlj6xd9lnnp564kdetsgf4jark9cszx07u,genesis1fnurwwfpjv0sm0hqevt9w525ye8nhlhc5mgp6k,channel-253,channel-1,0.10965099220374429,95.94242515843217
5F6E3FD8D1325D11C70767BDD883D61EC3E7FA768C22A418B229267770B3A24D,osmo1srgysthmuqpw4f6qsrektu2glj59hz6lt44dyp,genesis1srgysthmuqpw4f6qsrektu2glj59hz6la8jtkx,channel-253,channel-1,0.10965099220374429,49.443537161273646
E622C555EE0CC947A61B5BDD88DE933D46E18A4210A05E60FEA41359F38307EE,osmo1srgysthmuqpw4f6qsrektu2glj59hz6lt44dyp,genesis1srgysthmuqpw4f6qsrektu2glj59hz6la8jtkx,channel-253,channel-1,0.10965099220374429,150.05296237632675
ABE9D1F37077A9BA98454A177A46D5896939B619B8301C7D7A23FAE400A26B47,osmo1u57ekxxqsjrqe4k9yucv786tvc6yjj265a4cqm,genesis1u57ekxxqsjrqe4k9yucv786tvc6yjj26z0j7ju,channel-253,channel-1,0.05195114397821059,259.75571989105293
BA1291D0BDFFD60FCB2A3EAAD7C7EA02F419042998A811B7058E2F53B89A2CA6,osmo1ag940t2gd4sn0wey7xgfjl83x2t5v62m6629pc,genesis1ag940t2gd4sn0wey7xgfjl83x2t5v62mvgdrnl,channel-253,channel-1,0.011004771752894474,71.53101639381408
8C437C780774203C948108E3B629D6B275DA7CB9EA3E83955C273A72446BD5ED,osmo16aypymlama0lk5s8c9s30s09eacpvwnav7ewjv,genesis1u47h9qyxufvrgf27hqhu66j092as9upjr5dy4f,channel-253,channel-1,0.011004771752894474,158.46871324168043
69A5FDBE821D03D512B5A5519A0D3A6159AB735C69365A59389343894DA08596,osmo100jvtv7wrgngwnc8qw32at27hzgsjyhum0rlrj,genesis100jvtv7wrgngwnc8qw32at27hzgsjyhudaye34,channel-253,channel-1,0.06297876749324757,5.674104317952536
6B1A27D003CA0E85BA713117D2AA90748FFE72C5FC045E75E5A3B874400685E9,osmo1gep50gr4jpg7qju2epckc03up0t9mjmlzxg0tj,genesis1gep50gr4jpg7qju2epckc03up0t9mjml550fe4,channel-253,channel-1,0.06297876749324757,15.327689521520911
A3A0EF79281730F17B0B609A5FF6A368FD76D7FC08C888EE88A6D69E5CDB90C3,osmo1v2wmsgvu3c7ss3altqqrxhsen8lwenttgduu7z,genesis1v2wmsgvu3c7ss3altqqrxhsen8lwentt7lm6v9,channel-253,channel-1,0.06297876749324757,12.383352861909577
4F7184B8D8A8B581D59D3994BA92FB77824452699969114AC1D3BB1C2FDBBA14,osmo1v2wmsgvu3c7ss3altqqrxhsen8lwenttgduu7z,genesis1v2wmsgvu3c7ss3altqqrxhsen8lwentt7lm6v9,channel-253,channel-1,0.06297876749324757,6.418553991176495
A0A22AAE5D23CAF156BDF1DBC4AD0A80DB18BE988DC9B10ABB69B430A0ED2A89,osmo1v2z9rwxt5y98pnrs6ryhqp08ay5azzvmw92wnm,genesis1v2z9rwxt5y98pnrs6ryhqp08ay5azzvmchdgpu,channel-253,channel-1,0.06297876749324757,855.9444290007277
A6FEE4BB5E2E25C6D1DFE6A5E10639ABFD913DD7F8DE2E2C4827FDAE52CFBAC3,osmo1vyrp5ma6d2kzjww4crl4juefw79kstu4sy500r,genesis1vyrp5ma6d2kzjww4crl4juefw79kstu4xknfay,channel-253,channel-1,0.06297876749324757,0.692750067946167
DC5F4EAA5850EE94184603947F051DFFF03A48430870D5C875E2472CF3B4152B,osmo16aypymlama0lk5s8c9s30s09eacpvwnav7ewjv,genesis16aypymlama0lk5s8c9s30s09eacpvwna6v7gqt,channel-253,channel-1,0.013402594976587998,234.54541209028997
E4810A02519A556718EEFEDB941BAAA22A78FE0E9E3D805D81C51FA30E229CDF,osmo1vmjdd0uh783h6068nvjsvw0uvs57v5h50793hw,genesis1vmjdd0uh783h6068nvjsvw0uvs57v5h5evzh9f,channel-253,channel-1,0.018704484398471624,0.16621820866163112
04AF085F65F7CF24547489BA3DE36183C884E24511B2EEE4A178DB2E6E641198,osmo1c4gf4m92zxachuywrttymahyr63wdwp6k3p7j5,genesis1c4gf4m92zxachuywrttymahyr63wdwp6qrxcqn,channel-253,channel-1,0.09337849094241844,10.130675078144032
6396E8B8AE86A3028306514837326F4CE28E772B40C4F76E0E5178305E57D8C6,osmo1zkewm35hqzve3xet3rhc0kmzeldxjf22fwq990,genesis1zkewm35hqzve3xet3rhc0kmzeldxjf22lu8rhg,channel-253,channel-1,0.09337849094241844,102.80359348285485
23B4473F564AD7713CEA4A28F119958A94B9AF668637389105BE4B25B707295F,osmo1kvkm8p8dd6xamfcdk9es7hylsqgrvhdmxetzk2,genesis1kvkm8p8dd6xamfcdk9es7hylsqgrvhdmstvyyd,channel-253,channel-1,0.0760317956597019,0.00015169380094551515
15A3FD3733D2B360498F0D426C6A5B1F4F0039BCAE1A90D0111D990592909F84,osmo1vgmslv3tc4r0kfzq3mpdugrkkn7sxq3eak6g84,genesis1vgmslv3tc4r0kfzq3mpdugrkkn7sxq3etyaw4j,channel-253,channel-1,0.0760317956597019,0.5474454846241821
F149A86B0EF6D12270EBC616D795DBA6F6D712BBB6947075950C27DFAEE01C1B,osmo16aypymlama0lk5s8c9s30s09eacpvwnav7ewjv,genesis16aypymlama0lk5s8c9s30s09eacpvwna6v7gqt,channel-253,channel-1,0.012534974102983883,125.34974102983882
72B11DB29EF6B3B9549FAF289972D4715E6BA8FE0DA433B077297F90F74E8751,osmo16aypymlama0lk5s8c9s30s09eacpvwnav7ewjv,genesis16aypymlama0lk5s8c9s30s09eacpvwna6v7gqt,channel-253,channel-1,0.012534974102983883,124.09624361954046
C9913A89115269C03AD211370E90047000FD9267D4C3CE3C66CE53CEF4873DBC,osmo16aypymlama0lk5s8c9s30s09eacpvwnav7ewjv,genesis10pnjdnkpzqj4txk64f9w8yxc6lyjsu39qf7kul,channel-253,channel-1,0.055440958848462236,5.544095884846223
A92CEBF84CE7FC67A04629DBA5DDF778EFD26991875CEFCD24F3DB497AD1F515,osmo16aypymlama0lk5s8c9s30s09eacpvwnav7ewjv,genesis16aypymlama0lk5s8c9s30s09eacpvwna6v7gqt,channel-253,channel-1,0.055440958848462236,5.544095884846223
4F7AAD9378CD45A86C3C06C94167CFBFCEF946796084330E171397D3E71A44BF,osmo16aypymlama0lk5s8c9s30s09eacpvwnav7ewjv,genesis16aypymlama0lk5s8c9s30s09eacpvwna6v7gqt,channel-253,channel-1,0.055440958848462236,27.72047942423112
D8DECAE298A4BC860067FCF9AEDA651CAC49C8021DC73488E5804F8596796B48,osmo1s8nzgwexdz8laux65600tkq6mq8pr6h5tftmat,genesis1s8nzgwexdz8laux65600tkq6mq8pr6h5amva0v,channel-253,channel-1,0.055440958848462236,6.228468155488567
F1B8423384E4469D7CCCABF732D486310F465DF5C97C0D9D27A31D23CEBB8143,osmo16aypymlama0lk5s8c9s30s09eacpvwnav7ewjv,genesis1ujyjtywudg7nglp8e755n7qvc0rjww0lp4ax4j,channel-253,channel-1,0.055440958848462236,27.72047942423112
8BD6E76C4CC73183A90E1314E5CFE81C19D97DD71C0D1A2908D1D571D95C67C1,osmo1xpfdf7nfsxygh0gu5ewgaw9gqlf7y2fu4y23u3,genesis1xpfdf7nfsxygh0gu5ewgaw9gqlf7y2furkdhwk,channel-253,channel-1,0.055440958848462236,20.317725890498163
36AA4B68260A81F731C6AF02156C24FDC5E5980E454F776353B0D6DAB8B73C34,osmo16aypymlama0lk5s8c9s30s09eacpvwnav7ewjv,genesis1xpfdf7nfsxygh0gu5ewgaw9gqlf7y2furkdhwk,channel-253,channel-1,0.055440958848462236,1.1088191769692448
5D610182F52D4FEA93310BDF48A3FF5997D44F27FACE83F8B67C6B18C54A073D,osmo16aypymlama0lk5s8c9s30s09eacpvwnav7ewjv,genesis1h4lx8cm0vnrrahjjfgsjp79jjnyspy6w7ehrxd,channel-253,channel-1,0.01068347209182419,534.1736045912094
800FFA516286AAE7CBAD7726BFE2F0140FF2F75B2E27EFFCA371DDDDB39D18F3,osmo1nlgpgwq5ej5twqurxdt3k7a034uz6sacnae59u,0x92f0677a762c022e2c2e96f52999c340c29c1bc8,channel-253,channel-1,0.022443293651500648,0.022443293651500648
2CCE7902477EB43FC1E3E9CB0EC3F695B37A3B28EE7D3FC93CF74119F3C3F897,osmo10c3r27nekd9w7s3swwg3t9sf5hzrvqjftf2djk,genesis10c3r27nekd9w7s3swwg3t9sf5hzrvqjfamdtq3,channel-253,channel-1,0.022443293651500648,0.22773731812308096
E798EA288B6C1D800A9D6FEA5E15140630CB96A9B34700420906880B6030FEB5,osmo1qctsnew9jprsk2jdngu6ddemgd3h4f49sg49p8,genesis1qctsnew9jprsk2jdngu6ddemgd3h4f49x6jrnq,channel-253,channel-1,0.022443293651500648,0.049602916291858506
07D0D4417E07663F2AE5C66AFB505A4C0A5336B44EAE68AA82BB0E9FA00CA7F2,osmo1spw7c7et7pf3w5g27nlssnc9h6u7zf2j457z0x,genesis1spw7c7et7pf3w5g27nlssnc9h6u7zf2jrxeyap,channel-253,channel-1,0.022443293651500648,0.9871606723890589
08B7BDA0C7EC99898475BE937898CBB54E19A834D795D5122326C9785EA33213,osmo16aypymlama0lk5s8c9s30s09eacpvwnav7ewjv,genesis16aypymlama0lk5s8c9s30s09eacpvwna6v7gqt,channel-253,channel-1,0.023026581397580237,32.69774558456394
4B2CA13C80A599FE999E598334A62BA997CE427F7CF8FF8DA4521FF15B223119,osmo1c4gf4m92zxachuywrttymahyr63wdwp6k3p7j5,genesis1c4gf4m92zxachuywrttymahyr63wdwp6qrxcqn,channel-253,channel-1,0.05070928222168075,5.070928222168075e-06
03C3B68DED22C459C5B0FE84207854E6365D1B2F46BA65D256275BE90295668F,osmo1j5mzxyej2rk0v48exukax7tn2w9axq8jft4ng3,genesis1g4udlv82qc665x53486808edcucqpeyz2d85u0,channel-253,channel-1,0.05070928222168075,1.1663134910986572
0E33E4452FCC15E466F143D048D638A7E66ED1D48D0942FF1C8E8DAFF506D65C,osmo1g6zstj3qxu463chcgy878v9jh66culnvxy80fa,genesis1g6zstj3qxu463chcgy878v9jh66culnvskqfm6,channel-253,channel-1,0.05070928222168075,83.85827482181566
D7F59E3DE3B94CCEDCB3179B2690C5CEC24134B0104BE4A8BA752401D06976F7,osmo1gzn6edx0r2mwavr4rxxzghumhyl77q68700v8f,genesis1gzn6edx0r2mwavr4rxxzghumhyl77q68gag24w,channel-253,channel-1,0.05070928222168075,531.5469131604021
29E0A2FAF26A6AE7A9D261889D8E4CB14D65A95031E78FAC78F23A6159214A94,osmo1j5mzxyej2rk0v48exukax7tn2w9axq8jft4ng3,genesis1j5mzxyej2rk0v48exukax7tn2w9axq8jlej46k,channel-253,channel-1,0.05070928222168075,1.217022773320338
1ED7091D77969BA8BDE004582974D5295307F918E4103384E5C261547A0BC5D2,osmo12wgfhlj6xd9lnnp564kdetsgf4jark9cszx07u,genesis1r9sqeje2ppw9kva5x6j34kxh9npu2k0z2nchk9,channel-253,channel-1,0.05070928222168075,1288.0157684306912
FF77C071ABFA91F1369AECCF29C9811A8F7E3EECE6348905EF74D6A6712B0DCD,osmo1kchq6hwcxykm847jugaf5c6x7aqvz4k9rrcl2w,genesis1jk3v4z3v34vfdkjn7yvve7fwdf8acyr5tydw22,channel-253,channel-1,0.09370726527966415,625.6834102723176
966CD74ED7C0263B4831F66049EEA378168DCB43703AAC0FA4FA93B321058008,osmo1srgysthmuqpw4f6qsrektu2glj59hz6lt44dyp,genesis1srgysthmuqpw4f6qsrektu2glj59hz6la8jtkx,channel-253,channel-1,0.09370726527966415,160.0320984452585
140AFECD89067D73DB2D7384AE8A69D5F2D551D37C2FA34B3B5E8DD11026C40C,osmo1srgysthmuqpw4f6qsrektu2glj59hz6lt44dyp,genesis1srgysthmuqpw4f6qsrektu2glj59hz6la8jtkx,channel-253,channel-1,0.09370726527966415,153.1364420547327
348126ECBF579504ED6EC7A0B000FCFD2180DC4E7C0026CEF604D84D2FE89456,osmo1srgysthmuqpw4f6qsrektu2glj59hz6lt44dyp,genesis1srgysthmuqpw4f6qsrektu2glj59hz6la8jtkx,channel-253,channel-1,0.09370726527966415,172.02600523140327
926603B466154B878D3E59D214151C0830CA6204BA0FF5EC39205331AF8EFB36,osmo1srgysthmuqpw4f6qsrektu2glj59hz6lt44dyp,genesis1srgysthmuqpw4f6qsrektu2glj59hz6la8jtkx,channel-253,channel-1,0.09370726527966415,165.00544630427422
E69BED65A8127FD5E430228D15D8E929CEA70C5A0C481185DBE23F15D1F773E3,osmo1srgysthmuqpw4f6qsrektu2glj59hz6lt44dyp,genesis1srgysthmuqpw4f6qsrektu2glj59hz6la8jtkx,channel-253,channel-1,0.09370726527966415,300.0998968172981
2A547221D06A97636D52C73A43DAD2B232B218482CE74267CAD35080078C0374,osmo1srgysthmuqpw4f6qsrektu2glj59hz6lt44dyp,genesis1srgysthmuqpw4f6qsrektu2glj59hz6la8jtkx,channel-253,channel-1,0.09370726527966415,99.5620322351367
F37CED7A3615D851DBC33E0879B2C34BE4688479386588AF20B8A51B0ED82466,osmo1yamxfey40t5r62ejss9g4kskptqq3a70e9we2l,genesis1yamxfey40t5r62ejss9g4kskptqq3a700hflcc,channel-253,channel-1,0.09370726527966415,105.45083839107028
D649DA5770B7441E27D12F7370E17DA46F70F82FBBD75EEDD3506A92EA38FC19,osmo19xdmlygyfk69fpceeh8frcvspa4nkxzluvmdrj,genesis19xdmlygyfk69fpceeh8frcvspa4nkxzl27ut34,channel-253,channel-1,0.057700554372435105,0.0010996087601523323
512E03BCD3A859B6E414FCAEA0B45814EBDAFDDA1B4F3A4978864FF58E593C62,osmo16hp7wzudkeyw6fvgvalm0fh3elp9czhf9l3k7l,genesis16hp7wzudkeyw6fvgvalm0fh3elp9czhfndksvc,channel-253,channel-1,0.0556212159981571,0.005263430914943001
04C00ABBA6BEBAB8915E340D2FF83ED17CD927CF3528A03186D290FA65DC5B74,osmo1ux3j2h446q9yf5dvsw4mwa5fnf07ja9v7hnlwd,genesis1ux3j2h446q9yf5dvsw4mwa5fnf07ja9vg95eu2,channel-253,channel-1,0.03419111298325792,10.28790596879687
B209DB9B37A5D43316CA14E21259FCA10C685781D4CA139F78DD46D471C964BF,osmo16aypymlama0lk5s8c9s30s09eacpvwnav7ewjv,genesis16aypymlama0lk5s8c9s30s09eacpvwna6v7gqt,channel-253,channel-1,0.010961397527835714,1773.5541200038188
5B27013147F4537CFB47A4FC023029D5A3AC760DC60A5E6E76E76FBE2288A699,osmo1ag940t2gd4sn0wey7xgfjl83x2t5v62m6629pc,genesis1ag940t2gd4sn0wey7xgfjl83x2t5v62mvgdrnl,channel-253,channel-1,0.010961397527835714,548.0698763917856
16610EF9A34C08E571CCB0ACF7F429D2565AF4E20F98EC055383AE5EBE261DA0,osmo1kwgs2nq6z0pxwtu75k5a6696wn2w8e2klgd3k3,genesis1kwgs2nq6z0pxwtu75k5a6696wn2w8e2kf62hyk,channel-253,channel-1,0.040193764647008134,7.717202812225562
5E844DF8BB87C830A04F13EEBC6D33C1B16BF3608D2CF4913805AAE017646BD2,osmo1ag940t2gd4sn0wey7xgfjl83x2t5v62m6629pc,genesis1ag940t2gd4sn0wey7xgfjl83x2t5v62mvgdrnl,channel-253,channel-1,0.010846421570063497,509.78181379298434
33BA8F9D3E1EC5F36EB077F79AA3630775B2EC78DEAD09704BEEF78E6041DB73,osmo16aypymlama0lk5s8c9s30s09eacpvwnav7ewjv,genesis1h4lx8cm0vnrrahjjfgsjp79jjnyspy6w7ehrxd,channel-253,channel-1,0.010846421570063497,542.3210785031747
8EA1E5FDB4375C9ADD71F260AD5F8F2C3EF9C62ED3CBE1EEF6B40026824E197F,osmo12wgfhlj6xd9lnnp564kdetsgf4jark9cszx07u,genesis12wgfhlj6xd9lnnp564kdetsgf4jark9cxspfvm,channel-253,channel-1,0.04119793884152148,0.04119793884152148
F7568D14D40245D36000BBC93EE27B5C5B26ED469045C6EE7230617824808150,osmo12wgfhlj6xd9lnnp564kdetsgf4jark9cszx07u,genesis12wgfhlj6xd9lnnp564kdetsgf4jark9cxspfvm,channel-253,channel-1,0.04119793884152148,0.08239587768304296
856CF5FEB29657F81177072D3C5A45BACF0F77E2E745BE5844DD204F0D4A9229,osmo12wgfhlj6xd9lnnp564kdetsgf4jark9cszx07u,genesis12wgfhlj6xd9lnnp564kdetsgf4jark9cxspfvm,channel-253,channel-1,0.04119793884152148,8.239587768304297
7B64D1D8A3F7871034B9CED07D6BE39FBAD3615DFD8C6DC27EB24036177A9C99,osmo12wgfhlj6xd9lnnp564kdetsgf4jark9cszx07u,genesis1pscc4p8cynm6zcam3wcz7rnnzsazkh3lky3c9m,channel-253,channel-1,0.04119793884152148,0.04119793884152148
6FD08C51A245D08798F047DCFC77EC1495181CCF9D6CF61A1917C21AB208D60D,osmo12wgfhlj6xd9lnnp564kdetsgf4jark9cszx07u,genesis1pscc4p8cynm6zcam3wcz7rnnzsazkh3lky3c9m,channel-253,channel-1,0.04119793884152148,0.3707814495736933
B6E1FBD79E2F72317922B9A87C50198BDDBBE3E86B8ED70AA9E33B2F510EBCF8,osmo1qm8t0qwde65v6cyd727xxrj3sa3dm6472kpwv6,genesis1qm8t0qwde65v6cyd727xxrj3sa3dm647uyxg7a,channel-253,channel-1,0.04119793884152148,2458.776761476089
F413692C6AFDB0BB29BF59217D7B297B6BEADD87E782C7F23E8FA5D9B51405BF,osmo12wgfhlj6xd9lnnp564kdetsgf4jark9cszx07u,genesis1r9sqeje2ppw9kva5x6j34kxh9npu2k0z2nchk9,channel-253,channel-1,0.04119793884152148,4.119793884152148
84495E0D5F297CC80E0BEAF26C635FF5EBD5AF145FCEE19C563E0544277DF794,osmo12wgfhlj6xd9lnnp564kdetsgf4jark9cszx07u,genesis1r9sqeje2ppw9kva5x6j34kxh9npu2k0z2nchk9,channel-253,channel-1,0.04119793884152148,303.41828779453317
3570881E323B2A375C4CC5D087FB550EEE77123C996775DB8028BDAFBCCC26FC,osmo12wgfhlj6xd9lnnp564kdetsgf4jark9cszx07u,genesis1r9sqeje2ppw9kva5x6j34kxh9npu2k0z2nchk9,channel-253,channel-1,0.04119793884152148,0.4119793884152148
5B937F97DE2EDB4990C95ECA1045E4ADAD28F398B25B5956B40BC65CD01321AC,osmo1g0dd3yp0uxu2gx6hdsqths0ac2lcd7ntkxwv2q,genesis1g0dd3yp0uxu2gx6hdsqths0ac2lcd7ntq5f2c8,channel-253,channel-1,0.057700554372435105,0.20604069734764427
D455E4AE4C5D53E6D13A0AB3677DFB2CE7D06C3FB1E5F183F51A2A927E13B046,osmo1s8nzgwexdz8laux65600tkq6mq8pr6h5tftmat,genesis1s8nzgwexdz8laux65600tkq6mq8pr6h5amva0v,channel-253,channel-1,0.057700554372435105,3.593187715122058
CD204AA17DF5576DDC24933C900F30848AE6902FCA23AFAC09D37CE2C72005F0,osmo10kn3t58pvyayg878umwyjcga02jsuvddts7unc,genesis10kn3t58pvyayg878umwyjcga02jsuvddaze6pl,channel-253,channel-1,0.0403861626680303,1009.6540667007574
E6BB5C71EEB7B1FC201C55C0FA7340B34389446CCB684BAC929330E49556A177,osmo12wgfhlj6xd9lnnp564kdetsgf4jark9cszx07u,genesis1r9sqeje2ppw9kva5x6j34kxh9npu2k0z2nchk9,channel-253,channel-1,0.0403861626680303,803.2807754671227
C7D3748EF90A48566EA61F60105B9EAF1BE62272FF79E319CB386EC9A1FB8C60,osmo12wgfhlj6xd9lnnp564kdetsgf4jark9cszx07u,genesis1r9sqeje2ppw9kva5x6j34kxh9npu2k0z2nchk9,channel-253,channel-1,0.0403861626680303,4.0386162668030305
10EB8AB4149F8A56E1E77FBCDB6CB552E5A6AB35D0BC3D18378832D1382F61F2,osmo1ag940t2gd4sn0wey7xgfjl83x2t5v62m6629pc,genesis107ff0tztguhn637e0jf3pjecs7kk333gaprfj3,channel-253,channel-1,0.3054861218220093,1527.4306091100464
5D5A5D0236156298BFCF3F43FAD0304830F68A6C7D12BF4DF510C1579EB7237D,osmo10cw359w6fvr7fv3qhh0mvq0vkuye5cqq4rmuf9,genesis10cw359w6fvr7fv3qhh0mvq0vkuye5cqqr3u6mz,channel-253,channel-1,0.3054861218220093,10.715498407518638
65DEE11D817D06A258A19AEF8402A30CF370C205A88B44F097E25A85C0082BB2,osmo1zkewm35hqzve3xet3rhc0kmzeldxjf22fwq990,genesis16jjxucde476dvfq7shvh65t3w09q6ftz2xta3u,channel-253,channel-1,0.3054861218220093,47.683542895972224
B7AA2A6CAABFC155E250612785064AF68639CC91D79601FFF76905BB6921C7BE,osmo1zkewm35hqzve3xet3rhc0kmzeldxjf22fwq990,genesis16jjxucde476dvfq7shvh65t3w09q6ftz2xta3u,channel-253,channel-1,0.3054861218220093,95.2897275445352
17DE269FD166CFA983D24CC5576926BC840B197CADFDF3A11DAC0C76CE16EFF6,osmo1zkewm35hqzve3xet3rhc0kmzeldxjf22fwq990,genesis16jjxucde476dvfq7shvh65t3w09q6ftz2xta3u,channel-253,channel-1,0.3054861218220093,54.021542139395706
65D6613A9E1E7A8BF3E1CEC5D70593E5EBD3DBC6699266C4C9546F276575B446,osmo1zkewm35hqzve3xet3rhc0kmzeldxjf22fwq990,genesis16jjxucde476dvfq7shvh65t3w09q6ftz2xta3u,channel-253,channel-1,0.3054861218220093,75.63070604966795
DB2A48A3B2AEB0FA2A4EE0A8816B9E8AD025712BDA7B30272FED1BD8843233DA,osmo1zkewm35hqzve3xet3rhc0kmzeldxjf22fwq990,genesis16jjxucde476dvfq7shvh65t3w09q6ftz2xta3u,channel-253,channel-1,0.3054861218220093,91.42637609816828
4C67505010034AB460571F1CF40F7079D7C22BF10B8DEBDD6AA11E584BAD6A77,osmo1dsgfpvas8gh8dyvy4jscrw2fhf3usj9chxu8fq,genesis1dsgfpvas8gh8dyvy4jscrw2fhf3usj9cp5mpm8,channel-253,channel-1,0.3054861218220093,8820.79841615384
EDA000F9EFC691CA42DCA732E60DDFF10790904CE93E2710F37E312E92690A52,osmo1dsgfpvas8gh8dyvy4jscrw2fhf3usj9chxu8fq,genesis1dsgfpvas8gh8dyvy4jscrw2fhf3usj9cp5mpm8,channel-253,channel-1,0.3054861218220093,88.06574016490103
2B027D30CDD03E9AAB0C428A94470A792C62666DF83DEB3824691866E2EF6030,osmo1dsgfpvas8gh8dyvy4jscrw2fhf3usj9chxu8fq,genesis1dsgfpvas8gh8dyvy4jscrw2fhf3usj9cp5mpm8,channel-253,channel-1,0.3054861218220093,916.1789966474547
984F4EF63EFCAE414BB43390F0EC77BF3E4C8A08B31FBDF081387A132CA639E0,osmo1dsgfpvas8gh8dyvy4jscrw2fhf3usj9chxu8fq,genesis1dsgfpvas8gh8dyvy4jscrw2fhf3usj9cp5mpm8,channel-253,channel-1,0.3054861218220093,4427.643246706488
51C66EC9F1C6BA44DC307D98BC71EA6A2D5E124FD0AF959FFFD1487E08F8C007,osmo1dsgfpvas8gh8dyvy4jscrw2fhf3usj9chxu8fq,genesis1dsgfpvas8gh8dyvy4jscrw2fhf3usj9cp5mpm8,channel-253,channel-1,0.3054861218220093,885.5286493412976
DAD280128183AA60636AE1A41941FB8CA2563A2C4E555ACE68FBFCEB235EBBCE,osmo1dsgfpvas8gh8dyvy4jscrw2fhf3usj9chxu8fq,genesis1dsgfpvas8gh8dyvy4jscrw2fhf3usj9cp5mpm8,channel-253,channel-1,0.3054861218220093,9223.490103554335
E42664E1C07185AF3AA98B932492CA564FD5AEE2B56BDC48038C934CC9A44AB8,osmo1dsgfpvas8gh8dyvy4jscrw2fhf3usj9chxu8fq,genesis1dsgfpvas8gh8dyvy4jscrw2fhf3usj9cp5mpm8,channel-253,channel-1,0.3054861218220093,4427.643246706488
A9052B6316C4D689E5D03D3A37C560A1B39BEC64D2972CF2F50A2C4D9AB2C598,osmo1kchq6hwcxykm847jugaf5c6x7aqvz4k9rrcl2w,genesis1jk3v4z3v34vfdkjn7yvve7fwdf8acyr5tydw22,channel-253,channel-1,0.3054861218220093,174.12708943854528
774E0DCF14D53546F67AB8A63579ACD44B041FBED184643B29E0D1F6BC484C1C,osmo1srgysthmuqpw4f6qsrektu2glj59hz6lt44dyp,genesis1srgysthmuqpw4f6qsrektu2glj59hz6la8jtkx,channel-253,channel-1,0.3054861218220093,824.8125289194251
D83256723E04B78FA5FE059A3F341EBB0ABB8ADD5A62C47EF889FA4329CBDCA8,osmo1srgysthmuqpw4f6qsrektu2glj59hz6lt44dyp,genesis1srgysthmuqpw4f6qsrektu2glj59hz6la8jtkx,channel-253,channel-1,0.3054861218220093,427.680570550813
5F39A97EB18A0B97B1B31360531DC9AF5682C0DF2EE1D2E2B867A329AD9F1A76,osmo1srgysthmuqpw4f6qsrektu2glj59hz6lt44dyp,genesis1srgysthmuqpw4f6qsrektu2glj59hz6la8jtkx,channel-253,channel-1,0.3054861218220093,1160.8472629236353
57FC56D7424A246D1985F086920A5D2CA1F6EE3DBF4FECE5B50AAAA830FE487C,osmo1w5wehwhcma8ltrl62hfxxt8rx0eskr66d7rw4h,genesis1w5wehwhcma8ltrl62hfxxt8rx0eskr66mvyg8s,channel-253,channel-1,0.3054861218220093,1465.0965186720168
BDC0382359E3F888C6D72C67D80005A273AD1C2D1C3EFAFC6E646C6BBB39532E,osmo1wm4u5z7s26cl6ghz56tg9q9mm5jtfmz78g400r,genesis1wm4u5z7s26cl6ghz56tg9q9mm5jtfmz736jfay,channel-253,channel-1,0.3054861218220093,0.6721495876708077
501231189627FC30D9A8030AFA27AE514F5E2DBBBB5DA61CB63C5455919B2E65,osmo1zkewm35hqzve3xet3rhc0kmzeldxjf22fwq990,genesis16jjxucde476dvfq7shvh65t3w09q6ftz2xta3u,channel-253,channel-1,0.10119943152635151,106.14854163604011
B305F4EF62AAB8460DF4EBDAAB1FA15C72FB7A0C3428A9B1EA9E5E49A0865CA3,osmo1ag940t2gd4sn0wey7xgfjl83x2t5v62m6629pc,genesis107ff0tztguhn637e0jf3pjecs7kk333gaprfj3,channel-253,channel-1,0.2740475059458651,1671.689786269777
036EE30933E003B360D908472693BCAB31D711B7A502CD007AE1D3C84622FAEE,osmo12epj9nrp73rmdctdu2qnvmqty9t4hsylupjhp7,genesis12epj9nrp73rmdctdu2qnvmqty9t4hsyl2n43ne,channel-253,channel-1,0.2740475059458651,0.19064402274683326
1E95E185F41B3896195F60275059DEC17AC855D9C8A79F5583704AEDB13F012D,osmo16aypymlama0lk5s8c9s30s09eacpvwnav7ewjv,genesis16aypymlama0lk5s8c9s30s09eacpvwna6v7gqt,channel-253,channel-1,0.2740475059458651,431.0612309149417
3112A23122F3689DFFD2C9B58746B0701012C9A56527D110D01037303541F0FF,osmo16aypymlama0lk5s8c9s30s09eacpvwnav7ewjv,genesis16aypymlama0lk5s8c9s30s09eacpvwna6v7gqt,channel-253,channel-1,0.2740475059458651,347.1988155276974
C2905D9BC2EF34530783928920F3E51F15E77177EBEA0FF93593BC55956A0C97,osmo1zkewm35hqzve3xet3rhc0kmzeldxjf22fwq990,genesis16jjxucde476dvfq7shvh65t3w09q6ftz2xta3u,channel-253,channel-1,0.2740475059458651,52.61420070314192
639D11DFDE62A71C70D673DF9121D6106CCB36877F592CB7165FCE01D9E3A02B,osmo1zkewm35hqzve3xet3rhc0kmzeldxjf22fwq990,genesis16jjxucde476dvfq7shvh65t3w09q6ftz2xta3u,channel-253,channel-1,0.2740475059458651,43.86736527113674
CF89499EE7220CF208BE0C1F91E9A97AA9BD2A5ED90184D6444D04D4DEE81F27,osmo1zkewm35hqzve3xet3rhc0kmzeldxjf22fwq990,genesis16jjxucde476dvfq7shvh65t3w09q6ftz2xta3u,channel-253,channel-1,0.2740475059458651,90.01996587766743
2434C788F875E95CCCB47175F9A317235045174799D2E02AA2E12A842E2F7054,osmo1zkewm35hqzve3xet3rhc0kmzeldxjf22fwq990,genesis16jjxucde476dvfq7shvh65t3w09q6ftz2xta3u,channel-253,channel-1,0.2740475059458651,91.55925194523839
1FDDBF3204579E9708E45200AFAFCA8B50DDC1B36440AE77AC93919B88757F52,osmo1zkewm35hqzve3xet3rhc0kmzeldxjf22fwq990,genesis16jjxucde476dvfq7shvh65t3w09q6ftz2xta3u,channel-253,channel-1,0.2740475059458651,45.54829601145662
04A10CDACF7E28CBF633922E52692D49EEB00DCDDB92BCCD32D7503839196103,osmo1zkewm35hqzve3xet3rhc0kmzeldxjf22fwq990,genesis16jjxucde476dvfq7shvh65t3w09q6ftz2xta3u,channel-253,channel-1,0.2740475059458651,45.44105028004069
E7304E0982CA03789C36BDACC150EE4F1528F1BFD5FC7DE166946A011C3FFAD4,osmo1zkewm35hqzve3xet3rhc0kmzeldxjf22fwq990,genesis16jjxucde476dvfq7shvh65t3w09q6ftz2xta3u,channel-253,channel-1,0.2740475059458651,113.02605009122975
20D5AECD7DE347B81F4DEA2A9CD9EC5FAAE0C731605C58BC61AE75224FC0C916,osmo1zkewm35hqzve3xet3rhc0kmzeldxjf22fwq990,genesis16jjxucde476dvfq7shvh65t3w09q6ftz2xta3u,channel-253,channel-1,0.2740475059458651,190.23367137693788
8097B985EB76AF6E4827A04BD98DE787978DB531E161497E24205A60588ABDE9,osmo1zkewm35hqzve3xet3rhc0kmzeldxjf22fwq990,genesis16jjxucde476dvfq7shvh65t3w09q6ftz2xta3u,channel-253,channel-1,0.2740475059458651,109.91427566162608
2C92F036EC78B7C6A4FB041DD28E464046750DDE13F0704392B932DB593122CD,osmo1zkewm35hqzve3xet3rhc0kmzeldxjf22fwq990,genesis16jjxucde476dvfq7shvh65t3w09q6ftz2xta3u,channel-253,channel-1,0.2740475059458651,45.58732751391935
D2B5D3FE5C4CBFC48843087B28976D58E9E9119F0949FF649E6D5E6B23E3BB5E,osmo1zkewm35hqzve3xet3rhc0kmzeldxjf22fwq990,genesis16jjxucde476dvfq7shvh65t3w09q6ftz2xta3u,channel-253,channel-1,0.2740475059458651,70.61870173332822
B2FF04D895D203C51A540DC03E0A22168E731EF038DFFDED524DF069B92E0BDF,osmo1zkewm35hqzve3xet3rhc0kmzeldxjf22fwq990,genesis16jjxucde476dvfq7shvh65t3w09q6ftz2xta3u,channel-253,channel-1,0.2740475059458651,111.24969723743212
D4A91CE084CF9AE7B08AC3ECD07442F63E8DE0C5D272BDC8792A1B9259F1407C,osmo1zkewm35hqzve3xet3rhc0kmzeldxjf22fwq990,genesis16jjxucde476dvfq7shvh65t3w09q6ftz2xta3u,channel-253,channel-1,0.2740475059458651,54.899841227231306
21768AF1A9EB7CB084FD9BFC09D97600E33629ED78D2AB26BF85832B43175BCC,osmo1zkewm35hqzve3xet3rhc0kmzeldxjf22fwq990,genesis16jjxucde476dvfq7shvh65t3w09q6ftz2xta3u,channel-253,channel-1,0.2740475059458651,45.59952343657541
C5498FDB43AA022AF9868159B9C567CEA3041AF74375345E908D80D2A009784B,osmo1zkewm35hqzve3xet3rhc0kmzeldxjf22fwq990,genesis16jjxucde476dvfq7shvh65t3w09q6ftz2xta3u,channel-253,channel-1,0.2740475059458651,45.437076485824434
5647CFC26B6B6FEC5B7C72D1493E0C347B808C6756C70AE526D278203F9D5E4B,osmo1zkewm35hqzve3xet3rhc0kmzeldxjf22fwq990,genesis16jjxucde476dvfq7shvh65t3w09q6ftz2xta3u,channel-253,channel-1,0.2740475059458651,87.00317092525206
B58AD3D5ADB89DE9EC0444265655EF48C6095E0C42779F87844C3E7AB8E88157,osmo1zkewm35hqzve3xet3rhc0kmzeldxjf22fwq990,genesis16jjxucde476dvfq7shvh65t3w09q6ftz2xta3u,channel-253,channel-1,0.2740475059458651,91.34895408139101
26AF19D3805628420899B683D4D153798D933A385483995C50BCC73600AB5E39,osmo1zkewm35hqzve3xet3rhc0kmzeldxjf22fwq990,genesis16jjxucde476dvfq7shvh65t3w09q6ftz2xta3u,channel-253,channel-1,0.2740475059458651,115.82873354576411
DF45E8B9751013B8D6943C9FB69A7012B7AAF95C2566FBA69669BE050ACB28E5,osmo1zkewm35hqzve3xet3rhc0kmzeldxjf22fwq990,genesis16jjxucde476dvfq7shvh65t3w09q6ftz2xta3u,channel-253,channel-1,0.2740475059458651,45.63070939351469
E5DB0558724FA5CE61EB4116FEE6C93170361F8284FF2EBA592BC4D69AB58537,osmo1zkewm35hqzve3xet3rhc0kmzeldxjf22fwq990,genesis16jjxucde476dvfq7shvh65t3w09q6ftz2xta3u,channel-253,channel-1,0.2740475059458651,111.2352694224313
3F3FA9BD483D29DE29468E1C56FBBB7ADBD8EEB511E6540AE25112F51AD568E1,osmo1gffqw3wdpdkjy4e8ajpakhx5x3zekw2lczexnr,genesis17gvjlatf9c8m8rzachgkltgsp05cvz2vc063vh,channel-253,channel-1,0.2740475059458651,54140.05732578841
7C7D48ACDD6A50D0145B0C6525BE51D8A9BB5A8D87A73DC970D3CA6A5151415E,osmo1gffqw3wdpdkjy4e8ajpakhx5x3zekw2lczexnr,genesis17gvjlatf9c8m8rzachgkltgsp05cvz2vc063vh,channel-253,channel-1,0.2740475059458651,48626.8790786627
C65CD9942147B886CE1A6F518A2F2DA66D8E773C011043E0FBE69DC68144B021,osmo1gffqw3wdpdkjy4e8ajpakhx5x3zekw2lczexnr,genesis17gvjlatf9c8m8rzachgkltgsp05cvz2vc063vh,channel-253,channel-1,0.2740475059458651,9.72537581573254
DB5BE542D4F2C3A217A8AF4C71D8DA35406CB7C1545B5181280D4168AD7A56B3,osmo1gffqw3wdpdkjy4e8ajpakhx5x3zekw2lczexnr,genesis17gvjlatf9c8m8rzachgkltgsp05cvz2vc063vh,channel-253,channel-1,0.2740475059458651,9757.250396958223
4A088EE0F70D49DE86865753ADFE5CD035E53B4D9CD0D25BF14030AB98D865A3,osmo1cffqlxsq87myua4mxunv47jz65ly8makfpsuvs,genesis1cffqlxsq87myua4mxunv47jz65ly8maklnh67h,channel-253,channel-1,0.2740475059458651,109.74137993861419
8C6DFB1C18F8996D24A9C257055478D448F804A4013C6669BB474CDF02031C87,osmo1kchq6hwcxykm847jugaf5c6x7aqvz4k9rrcl2w,genesis1eqmkqk2csz75c2k8y2czp2kvnc2jh5j0uaa872,channel-253,channel-1,0.2740475059458651,241.98394775019887
89AA47F3981B1CADA07E5E7A4DFDD0812FF751760176232FB997DB1CD874C410,osmo1h4d0dyh42fe3kgjggx6dr7n7ld3hlzvz37d332,genesis1h4d0dyh42fe3kgjggx6dr7n7ld3hlzvz8v2hrd,channel-253,channel-1,0.2740475059458651,26.791446854095792
59FF40210E3C33998B4F48E8DB96660D1215258B3C9B245BC8DEC23B364090A2,osmo1hauvj3muyuswsfn5hc4cqj3zmwe6y33ls3093z,genesis1hauvj3muyuswsfn5hc4cqj3zmwe6y33lxrgrr9,channel-253,channel-1,0.2740475059458651,2770.8712927909487
22B4E86EA4516DA8C4BCC2296590C1CAC4031BFC17395DA8C5B5178470E0561D,osmo1kchq6hwcxykm847jugaf5c6x7aqvz4k9rrcl2w,genesis1jk3v4z3v34vfdkjn7yvve7fwdf8acyr5tydw22,channel-253,channel-1,0.2740475059458651,446.4233871858142
B84D1571B44FE0C310CB3D8E87F68D8681873E2E7EF8AB33EC31C041E6BB0035,osmo1kchq6hwcxykm847jugaf5c6x7aqvz4k9rrcl2w,genesis1jk3v4z3v34vfdkjn7yvve7fwdf8acyr5tydw22,channel-253,channel-1,0.2740475059458651,235.68085511344395
89A96FA61137366B950F6CF2C76DA28BD49283B67A3616285898B683DDB8AE06,osmo1kchq6hwcxykm847jugaf5c6x7aqvz4k9rrcl2w,genesis1jk3v4z3v34vfdkjn7yvve7fwdf8acyr5tydw22,channel-253,channel-1,0.2740475059458651,356.2617577296246
EA41F73206E6EBF5DBB70B3640818F262483AB23147D0F1DF366225EA9303AF6,osmo1kchq6hwcxykm847jugaf5c6x7aqvz4k9rrcl2w,genesis1jk3v4z3v34vfdkjn7yvve7fwdf8acyr5tydw22,channel-253,channel-1,0.2740475059458651,209.09824703669506
6EBC5368E19B5623A61A0D1FA7BC773BF52363DD628783F15E879661CC49FA4B,osmo1kchq6hwcxykm847jugaf5c6x7aqvz4k9rrcl2w,genesis1jk3v4z3v34vfdkjn7yvve7fwdf8acyr5tydw22,channel-253,channel-1,0.2740475059458651,219.7860997685838
9A365647CADE6EDF2A7EA9849706BC62CCCCCB6EB555F7CD53B9E1977D1D1821,osmo1kchq6hwcxykm847jugaf5c6x7aqvz4k9rrcl2w,genesis1jk3v4z3v34vfdkjn7yvve7fwdf8acyr5tydw22,channel-253,channel-1,0.2740475059458651,372.1565130744848
74C0D7CBFFDDE3D380B0912492EC81B113B931CA5C419920B9F97B4F84BDCD61,osmo1kchq6hwcxykm847jugaf5c6x7aqvz4k9rrcl2w,genesis1jk3v4z3v34vfdkjn7yvve7fwdf8acyr5tydw22,channel-253,channel-1,0.2740475059458651,213.20895962588304
DC16CADF9F51232833222F1C55224F2F91B960BD3D4C683F296B280E39B20EAB,osmo1kchq6hwcxykm847jugaf5c6x7aqvz4k9rrcl2w,genesis1jk3v4z3v34vfdkjn7yvve7fwdf8acyr5tydw22,channel-253,channel-1,0.2740475059458651,214.3051496496665
5D043475D4773D13F1D45E545528E3EA34DE091025EFF5367A3A1476D0BB72E5,osmo1kchq6hwcxykm847jugaf5c6x7aqvz4k9rrcl2w,genesis1jk3v4z3v34vfdkjn7yvve7fwdf8acyr5tydw22,channel-253,channel-1,0.2740475059458651,763.4963515651801
05A41C1B32C6563B7D74E2AB0A34B57B0ABAD476AED9FBC914FA04A50015FE45,osmo1kchq6hwcxykm847jugaf5c6x7aqvz4k9rrcl2w,genesis1jk3v4z3v34vfdkjn7yvve7fwdf8acyr5tydw22,channel-253,channel-1,0.2740475059458651,1158.3988076331716
1E57FA6E9BD2E86E32A7E465679A3D3A53EA4D497084B5163F247281FCE1AC74,osmo1lulklm2d20j6r9raxvq5fm5m8km7cdhttny6yj,genesis1lulklm2d20j6r9raxvq5fm5m8km7cdhtapruk4,channel-253,channel-1,0.2740475059458651,0.02740475059458651
F9B5240B9AD13513DBB505F670DCB34EA46BFEF9CBB11A4CD72FE35758D299BE,osmo1nvyqrve35fpzgrewnaxmyxsqtaq4dxvywkh2wj,genesis1nvyqrve35fpzgrewnaxmyxsqtaq4dxvycysvu4,channel-253,channel-1,0.2740475059458651,206.59630369951836
3A38DE05C7CDF0EFA3D58DB9659FFB8EB3CC2C02AC4ED6967C07B27A5E2FFD39,osmo1p4557mdpc2qk8vcemeqgrcg55gs2uyznvdya3j,genesis1p4557mdpc2qk8vcemeqgrcg55gs2uyzn6lrmr4,channel-253,channel-1,0.2740475059458651,1.0275480450983976
C967B40F676FAA7B46C0720E1E3E5D655819102613258D6A335BF79B6D35514A,osmo1p4557mdpc2qk8vcemeqgrcg55gs2uyznvdya3j,genesis1p4557mdpc2qk8vcemeqgrcg55gs2uyzn6lrmr4,channel-253,channel-1,0.2740475059458651,0.5132646291457604
35EDB1C1AC0EB904E01C2475B88577CA316D45D9FBCCB0AFE54EF4B8821BAA0B,osmo1qz7svv2tea95rhytyrhmqjkcuvrpean8dwsrtj,genesis1qz7svv2tea95rhytyrhmqjkcuvrpean8muh9e4,channel-253,channel-1,0.2740475059458651,0.5330223990647076
AB5C6B105DFC507E3F79C14E50E24F03F1212DD379F44FE3BD557FBF4A309E2F,osmo1qz7svv2tea95rhytyrhmqjkcuvrpean8dwsrtj,genesis1qz7svv2tea95rhytyrhmqjkcuvrpean8muh9e4,channel-253,channel-1,0.2740475059458651,0.009156703224229672
3F8460C91CDFE0B4072BA9BA3A825E9154200A3DC7F7444BDD1BD6ED4EA9A9E9,osmo1srgysthmuqpw4f6qsrektu2glj59hz6lt44dyp,genesis1srgysthmuqpw4f6qsrektu2glj59hz6la8jtkx,channel-253,channel-1,0.2740475059458651,1644.2850356751906
D2D1073C077B5C117E0318E84FB1D9B574A79EB537D0579D3FCBCF5C720CA216,osmo1srgysthmuqpw4f6qsrektu2glj59hz6lt44dyp,genesis1srgysthmuqpw4f6qsrektu2glj59hz6la8jtkx,channel-253,channel-1,0.2740475059458651,493.28551070255713
C141B4E0FE9D03EF076203B5A22C33FEEDEA456C77858A35243D774D487C83C7,osmo1srgysthmuqpw4f6qsrektu2glj59hz6lt44dyp,genesis1srgysthmuqpw4f6qsrektu2glj59hz6la8jtkx,channel-253,channel-1,0.2740475059458651,1370.2375297293254
1D2855CDDF0B7828370BE8E51AF3809A39791EDB568D47DAEDBB2F58A20E5B57,osmo1srgysthmuqpw4f6qsrektu2glj59hz6lt44dyp,genesis1srgysthmuqpw4f6qsrektu2glj59hz6la8jtkx,channel-253,channel-1,0.2740475059458651,465.8807601079706
22BCC18BB7D3A2B86127104D5F4EEADC59C83DBD86D89039EB4C0CCC1AF4062F,osmo1kchq6hwcxykm847jugaf5c6x7aqvz4k9rrcl2w,genesis1tat77sppnc59s7652mpdcw7r8gzx5pf8z46n4y,channel-253,channel-1,0.2740475059458651,240.33966271452368
3B5D96E5344A500BCCF162ADA5D74DAA05322A06CCF019506A80029C5ED2E6CC,osmo1usfrtuvlv4rpyjfzz6d2jvevtmdmu6jzg4cr9r,genesis1usfrtuvlv4rpyjfzz6d2jvevtmdmu6jz78l9hy,channel-253,channel-1,0.2740475059458651,0.007325429257353184
DAA620BC1ECCF7847B7C0AD67B560BC783ACA5940B8E4A1CD7F1A37DAEF0A605,osmo1zkewm35hqzve3xet3rhc0kmzeldxjf22fwq990,genesis1zkewm35hqzve3xet3rhc0kmzeldxjf22lu8rhg,channel-253,channel-1,0.09782504218061686,295.75829042558485
F2635293613083171C0A0C32F7C57DC36E6B193A80592A78C16F688D12C13967,osmo12epj9nrp73rmdctdu2qnvmqty9t4hsylupjhp7,genesis12epj9nrp73rmdctdu2qnvmqty9t4hsyl2n43ne,channel-253,channel-1,0.10615516906511546,153.510076416946
CCAF9F36C9827A2C7AFD048A24230B75016F8D798F2568D2D608C26CC7B20198,osmo1srgysthmuqpw4f6qsrektu2glj59hz6lt44dyp,genesis1srgysthmuqpw4f6qsrektu2glj59hz6la8jtkx,channel-253,channel-1,0.10615516906511546,371.54309172790414
8EC81021D8E7F3A00C5D0A3018E7D6E0960239780358FFFA0D1549B8EA94F7F4,osmo1wcj02245uwe3xpn4sj9h5mnavmj0wlmj95qzf4,genesis1wcj02245uwe3xpn4sj9h5mnavmj0wlmjnx8ymj,channel-253,channel-1,0.06301861308800383,0.08244776975780617
C52DBB152B19C4388A65E7DCFD16E291D2237432ECC515D02732DF8A79EC7EAC,osmo1ux3j2h446q9yf5dvsw4mwa5fnf07ja9v7hnlwd,genesis1ux3j2h446q9yf5dvsw4mwa5fnf07ja9vg95eu2,channel-253,channel-1,0.06301861308800383,4.321509766951668
019C39767B2A79A84500428AD3458FD9AE2C3EFD2725B869003E7F11D68995E2,osmo166a7pw3jxyjzg38uuyjlqrs0z5amyu6cd554v4,genesis166a7pw3jxyjzg38uuyjlqrs0z5amyu6cmxnn7j,channel-253,channel-1,0.015271160187127389,3.6978620142012733
BFF8DBA2CAE327E9722B182D99D8ADB1CE223E01F0E73C17648F94B63FA2D5F9,osmo1yaaemqhc8776gxy0e2l53nrw6dmewd7sfa82vg,genesis1yaaemqhc8776gxy0e2l53nrw6dmewd7sl0qv70,channel-253,channel-1,0.015271160187127389,13.0475932382308
790DFB51781F0D9DEE7F6515778CA561B0CA6B13F378215D7C6109AEA0509C6B,osmo1yta84dql30lgxnqlkrvswc2j7264lww249uqnr,genesis1438z87yf92fqe66t2f03nfgxaudcn3qq6tupts,channel-253,channel-1,0.2516384598288841,7549.153794866524
DFB9EFFD8765A631D31AB1DA73F4E03B98A71A0EA5D80E673BC708925EC01AC5,osmo1yta84dql30lgxnqlkrvswc2j7264lww249uqnr,genesis1438z87yf92fqe66t2f03nfgxaudcn3qq6tupts,channel-253,channel-1,0.2516384598288841,4027.4735495612904
FB4743169A38ACBBBC54B872BEC6C5C0F411D4D94AE7CCC9FFE091F07C3D780E,osmo1yta84dql30lgxnqlkrvswc2j7264lww249uqnr,genesis1438z87yf92fqe66t2f03nfgxaudcn3qq6tupts,channel-253,channel-1,0.2516384598288841,1.2581922991444205
4907AFCCC6F788B2F651B6DA5B24B090D7FEFD7BA59B8A15A38B627CE69FB304,osmo1zkewm35hqzve3xet3rhc0kmzeldxjf22fwq990,genesis16jjxucde476dvfq7shvh65t3w09q6ftz2xta3u,channel-253,channel-1,0.2516384598288841,52.07491433967704
37298371663D19641E804F2EB7FAEF4FB12B7D1AE46D9CBB8F35942945DC67DE,osmo1zkewm35hqzve3xet3rhc0kmzeldxjf22fwq990,genesis16jjxucde476dvfq7shvh65t3w09q6ftz2xta3u,channel-253,channel-1,0.2516384598288841,52.76863008631919
B73DFA25F1005CFFAE6DCD0A3D81B93D39767D2C5A0E129D60BE437EBBB65C57,osmo1zkewm35hqzve3xet3rhc0kmzeldxjf22fwq990,genesis16jjxucde476dvfq7shvh65t3w09q6ftz2xta3u,channel-253,channel-1,0.2516384598288841,52.54826912793353
8E46261D69A238561955390FF6F81EB9D49DB60E620F983A46B45614E82C0443,osmo1c4gf4m92zxachuywrttymahyr63wdwp6k3p7j5,genesis1c4gf4m92zxachuywrttymahyr63wdwp6qrxcqn,channel-253,channel-1,0.2516384598288841,4.4790746772374455
C67F319168069384A1FAC94F6AD77806287F4490121DCAB944F23E1029507E70,osmo1cwu50c3pjj5jwp8xukluy0a2r9wg7alqym6frs,genesis1cwu50c3pjj5jwp8xukluy0a2r9wg7alqjfa03h,channel-253,channel-1,0.2516384598288841,4.028762063153926
FD0E1504D8B60648D08432BF64DDCBE7F206103FDE8BFDA944BA4D7C9865D703,osmo1kchq6hwcxykm847jugaf5c6x7aqvz4k9rrcl2w,genesis1jk3v4z3v34vfdkjn7yvve7fwdf8acyr5tydw22,channel-253,channel-1,0.2516384598288841,196.5296371263585
0FAD9611991286F18B7D281644035151284DB8A55AB8AE01D5E54CBF0E260AEE,osmo1srgysthmuqpw4f6qsrektu2glj59hz6lt44dyp,genesis1srgysthmuqpw4f6qsrektu2glj59hz6la8jtkx,channel-253,channel-1,0.2516384598288841,465.5311506834356
38AD27C06B6863DB808B1FB16619EB622CB7E7B948F57B87CAE4089B215138BE,osmo1vgu6mpatup4hsyt463mdkac4a6n7qh30laksq4,genesis1vgu6mpatup4hsyt463mdkac4a6n7qh30f03kjj,channel-253,channel-1,0.03521611231836176,0.8885792827781666
2F5DD9B6E04249539D795CAF6FB407DA85B33A7D4A3F84323DCBB4BFBBFCF34C,osmo1vgu6mpatup4hsyt463mdkac4a6n7qh30laksq4,genesis1vgu6mpatup4hsyt463mdkac4a6n7qh30f03kjj,channel-253,channel-1,0.03521611231836176,0.7815632200605445
1BAF82422AB0C141E4E1B3CC210A9F2C6A490C6E3A7AB28E04163AC814A4DD3B,osmo1vgu6mpatup4hsyt463mdkac4a6n7qh30laksq4,genesis1vgu6mpatup4hsyt463mdkac4a6n7qh30f03kjj,channel-253,channel-1,0.03521611231836176,0.001760805615918088
8825880DA1B873CA4A2E90DA9185FA7DB8E91C5A6B63B272CF669D15C27F9D7E,osmo1s0mcdnsp74relctt3nyfyx4zkuwfn5wff8n73a,genesis1s0mcdnsp74relctt3nyfyx4zkuwfn5wfl45cr6,channel-253,channel-1,0.08992450907168471,3928.432896254214
1FDBFCC3B4ABCAC8A5455F1DA8A465E6A4ACC663602AE921D8A4F0A3258A072B,osmo1w5wehwhcma8ltrl62hfxxt8rx0eskr66d7rw4h,genesis1w5wehwhcma8ltrl62hfxxt8rx0eskr66mvyg8s,channel-253,channel-1,0.08992450907168471,706.1015657012057
0F02EA7C0DE6B85443F436601E0D6B58495CB070308F955309FC31B3685C0530,osmo1cffqlxsq87myua4mxunv47jz65ly8makfpsuvs,genesis1cffqlxsq87myua4mxunv47jz65ly8maklnh67h,channel-253,channel-1,0.15658102370612212,62.70462730886422
869E9493EB7F5414816199D4A61B36E83306A0210A0F2785B083E10B4A8EB088,osmo1kchq6hwcxykm847jugaf5c6x7aqvz4k9rrcl2w,genesis1kkd998vlpaqc0uaumxepgu8urg9sv5kns0zdpg,channel-253,channel-1,0.15658102370612212,407.58040470703594
6D7CEBA50884655AF0A8E89D5AE251F8F104D589D68C0BBB4B53C3380E9A7EA1,osmo16aypymlama0lk5s8c9s30s09eacpvwnav7ewjv,genesis16aypymlama0lk5s8c9s30s09eacpvwna6v7gqt,channel-253,channel-1,0.012206267950752248,63.47259334391169
3505555FA12B3D04BE9899B3E40B97BA9BACCDC962207107D883E0CAF8482C8E,osmo12960s7qmmxcewmtyh5gf95dlg3yl7vh22xq9kx,genesis12960s7qmmxcewmtyh5gf95dlg3yl7vh2u58ryp,channel-253,channel-1,0.029549516161168618,3815.6994723755424
8058AF0D04BDF80BA4A26CA89EFE4CE3204DE5567CB1577C0EEB1CA9EAD8430C,osmo1nvrz75nvlvv9redllux7dc9xeuvp6nhnw9s6lk,genesis1nvrz75nvlvv9redllux7dc9xeuvp6nhnchhud3,channel-253,channel-1,0.029549516161168618,6.462202519904451
E290EED53C39D7DF8BF02969B462E857912BDA90263D8FA3E634B091C2545B73,osmo1nvrz75nvlvv9redllux7dc9xeuvp6nhnw9s6lk,genesis1nvrz75nvlvv9redllux7dc9xeuvp6nhnchhud3,channel-253,channel-1,0.029549516161168618,54.66913124161333
0FC1F80D6888A1F40DB832B1EDB6550E5E0752EF65495307E31DED01EEDBBD5B,osmo1nvrz75nvlvv9redllux7dc9xeuvp6nhnw9s6lk,genesis1nvrz75nvlvv9redllux7dc9xeuvp6nhnchhud3,channel-253,channel-1,0.029549516161168618,0.00029549516161168617
A4EDBD9650DB2081E06652CC20BC86D5CB414FC4319939CC1C0E249E82F33299,osmo14rj9dl3l28t5lhumevlkheddygjvtxck8fx0ja,genesis1lm59f9w6hte7wz83d4dxw5t40hz8cehznwjjc2,channel-253,channel-1,0.01302597985011823,1.302597985011823
488119D84400BABB787DD6917C86E77D2240D4318D91D9C9E76BB5F33700C624,osmo14rj9dl3l28t5lhumevlkheddygjvtxck8fx0ja,genesis1lm59f9w6hte7wz83d4dxw5t40hz8cehznwjjc2,channel-253,channel-1,0.01302597985011823,0.1302597985011823
431803383F6135E1FDBD9B66A29B0B2402FC2663789EC848D643D456E7588E47,osmo163ndtplrrpkh2faf2c0y6t9v86llx86q6spzwl,genesis163ndtplrrpkh2faf2c0y6t9v86llx86qvzxyuc,channel-253,channel-1,0.07053924991488009,0.00341620641099264
50BCC0DC6078DBC22BF7825872198D1C2C283807119D8ACD3BF960344A315AE0,osmo1yn5yelta2gkcnre7qssrk7eys9z4verlkacrd4,genesis1yn5yelta2gkcnre7qssrk7eys9z4verlq0l9lj,channel-253,channel-1,0.04813577287764678,0.4813577287764678
5F178D7CDC78423F964FBD925CAA71B315708E767F6FA9143B3DDF1276DBD0E2,osmo1c6u8nz9elm3mhyw2mtmgx6ejg85x3xkknqaka3,genesis1c6u8nz9elm3mhyw2mtmgx6ejg85x3xkk9j6s0k,channel-253,channel-1,0.02901438643242126,3588.3643001884466
46E770E8F6AF0447DADD3AE98E4B9E5A75739568C81D5936B74C7D477E1271BA,osmo1huaayys7a8uv9d6e7ps9avzxfm9ffe955sl7hf,genesis1huaayys7a8uv9d6e7ps9avzxfm9ffe95zzcc9w,channel-253,channel-1,0.02901438643242126,0.26112947789179136
BC06C6187F73BCCCF0658EDFD216B89C712403108CA1B66FE0889AF1966840AD,osmo1xhttwcewy0fdefgykd3hv49xjyllwu0v3u8rvl,genesis1xhttwcewy0fdefgykd3hv49xjyllwu0v8wq97c,channel-253,channel-1,0.02901438643242126,2.916527592676868
1B1FF25550D4A65DE80CB1043ADC1A88DD453D3AB0386E816E76571AAF7FA4D6,osmo1hzghz9nmvhqu2qk96rq73qmt6u6znl9c4k0qva,genesis1hzghz9nmvhqu2qk96rq73qmt6u6znl9crygx76,channel-253,channel-1,0.014536362730112055,0.7268181365056028
B57ADAE328CAD42589911282660BD5529AD8959C0F2DE42DC07D4C204C496AFE,osmo16aypymlama0lk5s8c9s30s09eacpvwnav7ewjv,genesis16aypymlama0lk5s8c9s30s09eacpvwna6v7gqt,channel-253,channel-1,0.012937678011521722,54.804004056806015
E19B397292B7089B972520D37729887D36FFFA55A3E0620B5AB6AB279B33FA0B,osmo1zkewm35hqzve3xet3rhc0kmzeldxjf22fwq990,genesis1zkewm35hqzve3xet3rhc0kmzeldxjf22lu8rhg,channel-253,channel-1,0.11769847826524574,40.685804450666076
ADE1F27B8DD8D21E06B0441D1C1E6E823D5D65F4D9C6DA88C0C24CE1A2FB67D7,osmo1cchda0fgmu5kqklcvhh0t6rq597a0ggfhd4w5h,genesis1cchda0fgmu5kqklcvhh0t6rq597a0ggfpljgxs,channel-253,channel-1,0.031839126669200746,9.409989156025494
636C81D7F518D544EEFAF532AFBE5F427935624CE33F4B9C2577BDD9798D31A2,osmo1llugk9nrw6pvtlty348h0nxlgpe09lg235vt0f,genesis1llugk9nrw6pvtlty348h0nxlgpe09lg28xtdaw,channel-253,channel-1,0.031839126669200746,3.7394804237279993
D43D82268AE9C10D716069905B9535F3573EEF4D8F1A40A35F2EC0C8A4B042D4,osmo1s0mcdnsp74relctt3nyfyx4zkuwfn5wff8n73a,genesis1s0mcdnsp74relctt3nyfyx4zkuwfn5wfl45cr6,channel-253,channel-1,0.031839126669200746,854.810360811006
50FF1177C86D63E8B5D4C7A8C8A3D14110679646DEB16CD64BBFD0987D6A3D71,osmo1s0mcdnsp74relctt3nyfyx4zkuwfn5wff8n73a,genesis1s0mcdnsp74relctt3nyfyx4zkuwfn5wfl45cr6,channel-253,channel-1,0.031839126669200746,0.20310314483183986
23EB88AAE1DA58040C0CEFE9D0548BA104392399D8A749924365ECDC1ABBD6E2,osmo1s0mcdnsp74relctt3nyfyx4zkuwfn5wff8n73a,genesis1s0mcdnsp74relctt3nyfyx4zkuwfn5wfl45cr6,channel-253,channel-1,0.031839126669200746,0.04062062896636797
1C22A293E0F5AF4C133B1A32BB4E65BBF935B7F4381EF6DA75964DE01D3B989B,osmo1u57ekxxqsjrqe4k9yucv786tvc6yjj265a4cqm,genesis1u57ekxxqsjrqe4k9yucv786tvc6yjj26z0j7ju,channel-253,channel-1,0.031839126669200746,127.35650667680298
E99FC3644C6D8C0C793640BD421FEAD6C0AECE202F8F9223270A88341B8E4AB7,osmo16aypymlama0lk5s8c9s30s09eacpvwnav7ewjv,genesis16aypymlama0lk5s8c9s30s09eacpvwna6v7gqt,channel-253,channel-1,0.011475747426283631,185.67759335726913
9BB2C3F7B0A1053F31559CB5C036632F2FE5DEEE2A69E877F3A2A776316DBB4A,osmo15dgljy4muj35h2mqqv4v56pzwprh38980p590a,genesis15dgljy4muj35h2mqqv4v56pzwprh3898ennra6,channel-253,channel-1,0.16453236111487302,0.019810580084876215
7810C7C35F7F241794D0CC69BDF1D9769C2BED22A3D03FF6C26102AB144BD07A,osmo1zkewm35hqzve3xet3rhc0kmzeldxjf22fwq990,genesis16jjxucde476dvfq7shvh65t3w09q6ftz2xta3u,channel-253,channel-1,0.16453236111487302,55.02203076044208
19A3F4782DB8176427C229C28A64B074ACA501343B98935E6BC98F0E6FD17D5F,osmo1zkewm35hqzve3xet3rhc0kmzeldxjf22fwq990,genesis16jjxucde476dvfq7shvh65t3w09q6ftz2xta3u,channel-253,channel-1,0.16453236111487302,173.54595167481426
80807EBC051C4043034B65EF6DB2F7E31036F59D6A73F2916C82A1D97AB7ADC4,osmo1zkewm35hqzve3xet3rhc0kmzeldxjf22fwq990,genesis16jjxucde476dvfq7shvh65t3w09q6ftz2xta3u,channel-253,channel-1,0.16453236111487302,113.96214315243685
30871A90AED1DAA67868CBCC5E92A4DCAC13A2419DDA6411201B268378346D82,osmo1zkewm35hqzve3xet3rhc0kmzeldxjf22fwq990,genesis16jjxucde476dvfq7shvh65t3w09q6ftz2xta3u,channel-253,channel-1,0.16453236111487302,112.70746052912179
ED58B244537597266ADF176E0374F08F45C1C2DC1512F9E786E94CBD406FFB27,osmo1zkewm35hqzve3xet3rhc0kmzeldxjf22fwq990,genesis16jjxucde476dvfq7shvh65t3w09q6ftz2xta3u,channel-253,channel-1,0.16453236111487302,60.00761188242248
4A998CAAFA71D90D2FA8978B75E45751265804ABA5308585537EE407A13ADDDE,osmo1zkewm35hqzve3xet3rhc0kmzeldxjf22fwq990,genesis16jjxucde476dvfq7shvh65t3w09q6ftz2xta3u,channel-253,channel-1,0.16453236111487302,95.00014537154757
CCC265A979F7BEEFCDF19E5D7A1ECFDA2F8C78B64913CB22B18268210000DC09,osmo1zkewm35hqzve3xet3rhc0kmzeldxjf22fwq990,genesis16jjxucde476dvfq7shvh65t3w09q6ftz2xta3u,channel-253,channel-1,0.16453236111487302,110.63914113282672
9A292E27118B82742A16999410B4FE63A0C56D6B567F09ABC5E65442CEF7DC45,osmo1plnwlq7jgu9tzr2kzlnr0dfzss0w7rps7ncen5,genesis1plnwlq7jgu9tzr2kzlnr0dfzss0w7rpsgpllpn,channel-253,channel-1,0.16453236111487302,0.01978380225861749
E4CBEDB4874DABC5A8010D638DD83254A582B268EB85D9BB4ECE942C03D366D0,osmo1srgysthmuqpw4f6qsrektu2glj59hz6lt44dyp,genesis1srgysthmuqpw4f6qsrektu2glj59hz6la8jtkx,channel-253,channel-1,0.16453236111487302,789.7553333513905
8181C55893C8D4AB6E80A40A96E9AB05F70E3CDD38B528CA57924E16AF9AF2D3,osmo1kyly26j3kpac52d5chqar82c7m9eukfmy5707c,genesis1kyly26j3kpac52d5chqar82c7m9eukfmjxefvl,channel-253,channel-1,0.048927310184263245,1537.5197295062676
E7C6EA24A834580C8082B5181B36E3CB74076F8F1ED19E82B9FE46C1EAF8394B,osmo1s6mdag35z5jn0xepmshunyp4dzg9mu3vh325gw,genesis1s6mdag35z5jn0xepmshunyp4dzg9mu3vprdj6f,channel-253,channel-1,0.048927310184263245,1038.393361375869
821C16A7CCB9644B447C1B953D42C559303372624CE8996841A84C9F985AFABE,osmo1s6mdag35z5jn0xepmshunyp4dzg9mu3vh325gw,genesis1s6mdag35z5jn0xepmshunyp4dzg9mu3vprdj6f,channel-253,channel-1,0.048927310184263245,1771.6538164865822
231A4951FF01A54BC2E806665E8522C53E4BFE42CA4C3E06DBC4E3436777BEE5,osmo16aypymlama0lk5s8c9s30s09eacpvwnav7ewjv,genesis16aypymlama0lk5s8c9s30s09eacpvwna6v7gqt,channel-253,channel-1,0.31105677365330725,118.28134326964057
AA84A96A9A5A9A49DE317A3C51C3E224BF8AA6114B75D3E5B851B21EB47722D0,osmo16aypymlama0lk5s8c9s30s09eacpvwnav7ewjv,genesis16aypymlama0lk5s8c9s30s09eacpvwna6v7gqt,channel-253,channel-1,0.31105677365330725,236.1923678334169
A8B23BB742CE443D344A053C99813B235D7954443D9D9E5BB05AAFD771194892,osmo1zkewm35hqzve3xet3rhc0kmzeldxjf22fwq990,genesis16jjxucde476dvfq7shvh65t3w09q6ftz2xta3u,channel-253,channel-1,0.31105677365330725,51.91872298241999
4E7CA659EAC9D140F1E0670D705C0CB100C62495E9A174E78D10E6D75866ED4A,osmo1xs8cu3pmc58fzlxqqz8pkghugy2hxh7rhkvdyd,genesis1xs8cu3pmc58fzlxqqz8pkghugy2hxh7rpyttk2,channel-253,channel-1,0.31105677365330725,84.42077094005384
529275DDBDE991F5678D335C601F50B521B9EC15D795AC34E11A42D2CED06B9E,osmo1xs8cu3pmc58fzlxqqz8pkghugy2hxh7rhkvdyd,genesis1xs8cu3pmc58fzlxqqz8pkghugy2hxh7rpyttk2,channel-253,channel-1,0.31105677365330725,6.023633616056658
CA40053184A7BE1E34D21F28F860990DA533A0BDC1361758ADC197F49F2021D1,osmo12wgfhlj6xd9lnnp564kdetsgf4jark9cszx07u,genesis12wgfhlj6xd9lnnp564kdetsgf4jark9cxspfvm,channel-253,channel-1,0.045872623499368666,0.137617870498106
5BACBD955CAF2DB24054E0B56559B6FBF1D9D15A11CD61482D5D9D8676E01447,osmo1qm8t0qwde65v6cyd727xxrj3sa3dm6472kpwv6,genesis1qm8t0qwde65v6cyd727xxrj3sa3dm647uyxg7a,channel-253,channel-1,0.045872623499368666,2122.6779894480824
88DFFA7A506DA935B8CA38C794D8F82A0A967BE9FCBDAAF86236C951BBE4876F,osmo12wgfhlj6xd9lnnp564kdetsgf4jark9cszx07u,genesis1r9sqeje2ppw9kva5x6j34kxh9npu2k0z2nchk9,channel-253,channel-1,0.045872623499368666,45.872623499368665
AFE2B77C40191B6F7E624EE3EB045063DB2C6D7A41DBA62BAD0E465681C28A54,osmo12wgfhlj6xd9lnnp564kdetsgf4jark9cszx07u,genesis1r9sqeje2ppw9kva5x6j34kxh9npu2k0z2nchk9,channel-253,channel-1,0.045872623499368666,1311.957032081944
0574759A146650CB6129E0B7FBC30B4947A65239B17D3ADAA3C9EEA0992D2100,osmo12wgfhlj6xd9lnnp564kdetsgf4jark9cszx07u,genesis1w24mmwxpl50n2hcyxjka7u942wl6zuz9yz4t4f,channel-253,channel-1,0.045872623499368666,810.5692572338443
4C055D965F1359BA55C8655F61F4E459B824F978C2B4A5575E4C754FA59A1C3A,osmo12wgfhlj6xd9lnnp564kdetsgf4jark9cszx07u,genesis1w24mmwxpl50n2hcyxjka7u942wl6zuz9yz4t4f,channel-253,channel-1,0.045872623499368666,4.587262349936867
3A7786D685498A033695C50F97A3643F94719E1FBC77B918CA3376207E6FA0E5,osmo12wgfhlj6xd9lnnp564kdetsgf4jark9cszx07u,genesis1w24mmwxpl50n2hcyxjka7u942wl6zuz9yz4t4f,channel-253,channel-1,0.045872623499368666,0.137617870498106
A2253A12B88A41CDED44F6B6ACE96A2E8BD27925CE7B9D8CCFB11CDD324E303F,osmo1c4gf4m92zxachuywrttymahyr63wdwp6k3p7j5,genesis1c4gf4m92zxachuywrttymahyr63wdwp6qrxcqn,channel-253,channel-1,0.15727363893790555,12.681949031663198
43795A4F503588E082C728CEADE8AF58740F157FBB70129D76758B325A87B3B1,osmo1kchq6hwcxykm847jugaf5c6x7aqvz4k9rrcl2w,genesis1jk3v4z3v34vfdkjn7yvve7fwdf8acyr5tydw22,channel-253,channel-1,0.15727363893790555,467.8890758402691
3994224ED0763C655E81AF2F8D23F54919FA34B5F3CEF44A5BA6CAE531316AED,osmo1srgysthmuqpw4f6qsrektu2glj59hz6lt44dyp,genesis1srgysthmuqpw4f6qsrektu2glj59hz6la8jtkx,channel-253,channel-1,0.15727363893790555,495.4119626544025
9C98AA9B185378C405652885CF9E5EC373411395DD6D1752CB9ED4A3D02AE981,osmo1srgysthmuqpw4f6qsrektu2glj59hz6lt44dyp,genesis1srgysthmuqpw4f6qsrektu2glj59hz6la8jtkx,channel-253,channel-1,0.15727363893790555,220.18309451306777
1660AAEA437A551AA953C5D02A37A58FD320C106F396BD88EAA89580AFFF5528,osmo1ujlpup56n9a57kmur42c7petfdqq379l9t57yz,genesis1ujlpup56n9a57kmur42c7petfdqq379lnenck9,channel-253,channel-1,0.15727363893790555,32.84297080279806
A79E113FC001F4EF2BFA33609F4DD8D709DFCD04E928D8F913633E7DFCF0F4C1,osmo15pwqxvf22r750lt3pgfda24trheakx7283mgug,genesis15pwqxvf22r750lt3pgfda24trheakx723ruww0,channel-253,channel-1,0.08143642227696739,13.10997618258939
030C5811A0A84C511D1B3ADB41AB7B524D7383DA4C95F429CFE1D4C6C0385F22,osmo16aypymlama0lk5s8c9s30s09eacpvwnav7ewjv,genesis16aypymlama0lk5s8c9s30s09eacpvwna6v7gqt,channel-253,channel-1,0.011187794475015124,879.3606457361888
8B03C2D2AAEBB4B8F65917A5323317CD477B246745B1E5E69DD3584CB7A9CAE6,osmo18tg85xnwmdfnmev254cv35scusfxspyu3mw57u,genesis18tg85xnwmdfnmev254cv35scusfxspyu8ffjvm,channel-253,channel-1,0.03506223291958447,10.104240415013084
A3F49D7BE2C26E7A14543AFA977FCBFB218B4DD055130C9FBDFF34BD9FD3A2CA,osmo18tg85xnwmdfnmev254cv35scusfxspyu3mw57u,genesis18tg85xnwmdfnmev254cv35scusfxspyu8ffjvm,channel-253,channel-1,0.03506223291958447,1.9111752787180007
1BB409AC444893AEA03A0AF9E1691F5759A6DB005C34DBCE82584B5FDA57D394,osmo1nd86lwg7se890hau65eeq6ru9cxunc53wxeux0,genesis1nd86lwg7se890hau65eeq6ru9cxunc53c5765g,channel-253,channel-1,0.05362038897313101,1.1148904868927079
6105E85EFEE5C12CE351A71F3FE4204E2CF9ED4FE2EC6F5A24485B8084AA993B,osmo1gzn6edx0r2mwavr4rxxzghumhyl77q68700v8f,genesis1gzn6edx0r2mwavr4rxxzghumhyl77q68gag24w,channel-253,channel-1,0.04210241935035225,107.78162934176258
7E2E2EABD276962AEFBF9E7D8D73FE8BE7A986F01402BE74C3E24D8670660330,osmo1gzn6edx0r2mwavr4rxxzghumhyl77q68700v8f,genesis1gzn6edx0r2mwavr4rxxzghumhyl77q68gag24w,channel-253,channel-1,0.04210241935035225,134.9598925262294
737A83C36202FEB5D2AD4C2093507A3955D3958B60F431C8BE2FEDB67DF6DE41,osmo1me3hg2l74zn5ag9y879u7re4cp4dxea9h5d45s,genesis1me3hg2l74zn5ag9y879u7re4cp4dxea9px2nxh,channel-253,channel-1,0.06297876749324757,0.11510698934695315
328EAA9FDFC1405057AA6C83CFB9001758B2B598DA1F2F83650A6F0812A19125,osmo1me3hg2l74zn5ag9y879u7re4cp4dxea9h5d45s,genesis1me3hg2l74zn5ag9y879u7re4cp4dxea9px2nxh,channel-253,channel-1,0.06297876749324757,0.06297876749324757
843D1A71DF27D99310016EEBCB22032537985949393A6E80B5705FA841FE3396,osmo1u45envuksh5mgmauddhxw99gm3ztrdejhg09xk,genesis1u45envuksh5mgmauddhxw99gm3ztrdejp6gr53,channel-253,channel-1,0.06297876749324757,0.6927582551859411
90D523BE53612B0049C5E6A75A7F4B1572AEAF10802A908DFD5A5AE24B9FE198,osmo1ag940t2gd4sn0wey7xgfjl83x2t5v62m6629pc,genesis1ag940t2gd4sn0wey7xgfjl83x2t5v62mvgdrnl,channel-253,channel-1,0.01294273443397467,869.5576129465882
38CB0E25507DA56F2967A36074A65A3E09232D87BEFA04DBFCA788A3117D36D9,osmo1ag940t2gd4sn0wey7xgfjl83x2t5v62m6629pc,genesis107ff0tztguhn637e0jf3pjecs7kk333gaprfj3,channel-253,channel-1,0.1654356326494035,831.3140540632526
879A92BBDDEB176BCCC37C9465605FF465E8B9DDB44C72AC43673EA53BF18AD8,osmo1ag940t2gd4sn0wey7xgfjl83x2t5v62m6629pc,genesis1ag940t2gd4sn0wey7xgfjl83x2t5v62mvgdrnl,channel-253,channel-1,0.1654356326494035,831.3140540632526
76B175619718AB449F05F18DFE0E21574F399E314FA8BA326C3D107D6D3FE6FD,osmo1srgysthmuqpw4f6qsrektu2glj59hz6lt44dyp,genesis1srgysthmuqpw4f6qsrektu2glj59hz6la8jtkx,channel-253,channel-1,0.1654356326494035,744.4603469223158
336E384B7F930B12F2E1F280D854CA09032AE585AE0B5DC3E2A8CA8B5BE70963,osmo1gzn6edx0r2mwavr4rxxzghumhyl77q68700v8f,genesis1gzn6edx0r2mwavr4rxxzghumhyl77q68gag24w,channel-253,channel-1,0.05284816134780104,541.3593633313303
A64C59747B38EFD4E9AA65F8A895C399FCD5C40D8EA3D36B69CB62B284D2D964,osmo1gzn6edx0r2mwavr4rxxzghumhyl77q68700v8f,genesis1gzn6edx0r2mwavr4rxxzghumhyl77q68gag24w,channel-253,channel-1,0.05284816134780104,382.25835044859866
D5F8DFDA0E46620D9EB3B5F244D6E0865AABAB0C91CA4B68E2B80CED3632D62C,osmo10s986eprw3f89mdf3plvrku2t5p65u5cljpmms,genesis10s986eprw3f89mdf3plvrku2t5p65u5cfqxafh,channel-253,channel-1,0.018371503811275416,0.09922741489936003
FF002D937429EA4BB870CC64301DD91BFA2DD6470E8226BD5D10EE7AED4C429F,osmo10s986eprw3f89mdf3plvrku2t5p65u5cljpmms,genesis10s986eprw3f89mdf3plvrku2t5p65u5cfqxafh,channel-253,channel-1,0.018371503811275416,0.9922741489936002
C4AA42D6535757B050873D93FDFCBA1C4CA6CD30DA8ACCBC5AF761DE30A71E96,osmo1ux3j2h446q9yf5dvsw4mwa5fnf07ja9v7hnlwd,genesis1ux3j2h446q9yf5dvsw4mwa5fnf07ja9vg95eu2,channel-253,channel-1,0.031090165125923722,1.2056230817348037
8DE97D8719890FD5B13A0047DA9260CD1CE093D48C12B062A4DFE4550B43949E,osmo1ux3j2h446q9yf5dvsw4mwa5fnf07ja9v7hnlwd,genesis1ux3j2h446q9yf5dvsw4mwa5fnf07ja9vg95eu2,channel-253,channel-1,0.031090165125923722,0.5638076572979785
8BCF2715B49476D978D86FF0665E1476417EC3E71A012DEB2D7B761D20840F20,osmo1vgu6mpatup4hsyt463mdkac4a6n7qh30laksq4,genesis1vgu6mpatup4hsyt463mdkac4a6n7qh30f03kjj,channel-253,channel-1,0.031090165125923722,1.0864530642638053
A653738C30843A4690EE5A032AF6E6EC52785FCD4180F1B943C383CB417DBCC8,osmo1spfuppc6lycpzrdeavg4a5mplflru7yjmkm2y9,genesis1spfuppc6lycpzrdeavg4a5mplflru7yjdyuvkz,channel-253,channel-1,0.03386473410386637,6.843202733581618
D693A8091AD1365B731F10EF00C3E71E7CF0DAC295286D8AFF43624FD21C7557,osmo16aypymlama0lk5s8c9s30s09eacpvwnav7ewjv,genesis16aypymlama0lk5s8c9s30s09eacpvwna6v7gqt,channel-253,channel-1,0.012448405854364422,335.09472605324123
2C4121B805D38BC1CDE1CB2FC30067B551941C4B1CFED4EF9FE2A70C9A5B352F,osmo1teflr7mzmp6t3ur45aglgjwf09k7znrfpn7s65,genesis1xc4x6p3mrdlpkmha82d8egmp9cl7qda2uxz2xy,channel-253,channel-1,0.0808440999355986,57.53884753009442
B14BF2C1CF99F95CDD9F95AAA3B10568ED95820724EA024E20ABCC2778E4B4D2,osmo1ukqv0kck646vegp4mht6ar049y9740753pvq9k,genesis10x5stkzceeefj87ku75uvjvxyr6zu9rds9d8xj,channel-253,channel-1,0.26302760271471143,0.0075689579729175845
F6065B9174EA856AF848D46F064A32E5657F771B9AF109576206617F6A8649C2,osmo1zkewm35hqzve3xet3rhc0kmzeldxjf22fwq990,genesis16jjxucde476dvfq7shvh65t3w09q6ftz2xta3u,channel-253,channel-1,0.26302760271471143,108.13590802807217
40FF1D46197A2FC4C0107ABE8FF646E32E87868AE6EDB61B7621A1D7D0546996,osmo1zkewm35hqzve3xet3rhc0kmzeldxjf22fwq990,genesis16jjxucde476dvfq7shvh65t3w09q6ftz2xta3u,channel-253,channel-1,0.26302760271471143,100.35436002921028
DEB1F01BFB868D12BAE2D6C58CED516660AA69AACCEE7CFE2D9B3C3FF7F447F7,osmo1zkewm35hqzve3xet3rhc0kmzeldxjf22fwq990,genesis16jjxucde476dvfq7shvh65t3w09q6ftz2xta3u,channel-253,channel-1,0.26302760271471143,51.12876757933435
45BE9102825345160E8AF88A8BBE1DFB68B0D8694DFD477AAEE8589B4E4A1E94,osmo1zkewm35hqzve3xet3rhc0kmzeldxjf22fwq990,genesis16jjxucde476dvfq7shvh65t3w09q6ftz2xta3u,channel-253,channel-1,0.26302760271471143,51.05334460218385
481DFBB461E821478F79144248D141FDFCCF57749E84CA2B5D5D536B7EE3C451,osmo1zkewm35hqzve3xet3rhc0kmzeldxjf22fwq990,genesis16jjxucde476dvfq7shvh65t3w09q6ftz2xta3u,channel-253,channel-1,0.26302760271471143,51.4093599181265
B3F55C9C937152D4C3BEE77075559A05929B545ACA8BBC4A7F2C18A62BBF0786,osmo1zkewm35hqzve3xet3rhc0kmzeldxjf22fwq990,genesis16jjxucde476dvfq7shvh65t3w09q6ftz2xta3u,channel-253,channel-1,0.26302760271471143,50.07759751349264
37A49AA32678D3489EA9F779AD353B1F9169DD83F35C739DF75CC3E30B1E61C5,osmo1zkewm35hqzve3xet3rhc0kmzeldxjf22fwq990,genesis16jjxucde476dvfq7shvh65t3w09q6ftz2xta3u,channel-253,channel-1,0.26302760271471143,51.161372073935354
09C36B56444E552054E2AD7A44C356A5D0C826F654D4CA3DF7C9A9A300DC6AAC,osmo1srgysthmuqpw4f6qsrektu2glj59hz6lt44dyp,genesis1srgysthmuqpw4f6qsrektu2glj59hz6la8jtkx,channel-253,channel-1,0.26302760271471143,631.2662465153074
A04491B3A4A9B822CDD19A7DE4F63C97C1E04346AE3B82A5801BAC94B3BE3BF6,osmo1srgysthmuqpw4f6qsrektu2glj59hz6lt44dyp,genesis1srgysthmuqpw4f6qsrektu2glj59hz6la8jtkx,channel-253,channel-1,0.26302760271471143,578.6607259723652
842F3D9C63CFAF9E4D0E1C177CE0EA3E0B55CA490D35BDB5AB406FB16F99233D,osmo1u57ekxxqsjrqe4k9yucv786tvc6yjj265a4cqm,genesis1u57ekxxqsjrqe4k9yucv786tvc6yjj26z0j7ju,channel-253,channel-1,0.26302760271471143,2.8933036298618258
6334C5D182B0F3431E7C228EBD38FE3684EFC819AAED8F82E762B309CE2B0332,osmo1084tlcxdev5d54ccy3f6j8a26hgzh2act7swjy,genesis1zkewm35hqzve3xet3rhc0kmzeldxjf22lu8rhg,channel-253,channel-1,0.26302760271471143,51.51547210155417
675E27749421494B2B9D0EB6AD74BDA3B818BE48B28348E110AFAA20EA638FBD,osmo1yaaemqhc8776gxy0e2l53nrw6dmewd7sfa82vg,genesis1yaaemqhc8776gxy0e2l53nrw6dmewd7sl0qv70,channel-253,channel-1,0.016460907478117626,240.31409386515685
82E03B9861B14EB029D0B9809F9B1BA47E3D9BA767A86112045ACD20C2595A46,osmo1kyly26j3kpac52d5chqar82c7m9eukfmy5707c,genesis1kyly26j3kpac52d5chqar82c7m9eukfmjxefvl,channel-253,channel-1,0.041949388265507315,367.04053183199744
C588B65F19D8553477440E224D7A406304741EE9C7535424CBDE8D7F4279E849,osmo163ndtplrrpkh2faf2c0y6t9v86llx86q6spzwl,genesis163ndtplrrpkh2faf2c0y6t9v86llx86qvzxyuc,channel-253,channel-1,0.04355697530035007,0.0014750576267560415
7349B80888C2012A18968F622B36E1B83EAE9431044A5457D4AB1C5AA6E9A89D,osmo1h9tahv95naedsc7gtr76wrr3lrgv6tnras7mz2,genesis1h9tahv95naedsc7gtr76wrr3lrgv6tnrtzeasd,channel-253,channel-1,0.04355697530035007,3.920127777031506
C8775DE8BF2F62A54E1F01DE2FE1DA66ADA6E73EFE9E79D4E8D9D90D636A693F,osmo1c9mkft0d3sdjm3us883270veuww7qe3y587n8r,genesis1c9mkft0d3sdjm3us883270veuww7qe3yz4e44y,channel-253,channel-1,0.013439327119984312,0.1244746050156254
6C5FD02C9E31E7B475724F4FD8DF08695510DA6D9C2922DA6414F8B95B9B6DDC,osmo1f4d6r3tyax8xzlhalkk949hraephc6ul4pf5z4,genesis1f4d6r3tyax8xzlhalkk949hraephc6ulrnwjsj,channel-253,channel-1,0.013439327119984312,0.1597728768063371
C72E94BB963A84207AB0864F04EB419966D54483131628F3CFE3A368B2B1C827,osmo1gaqsrl4qxeqtks76essut6x4zv9dpzlvkxswdp,genesis1gaqsrl4qxeqtks76essut6x4zv9dpzlvq5hglx,channel-253,channel-1,0.04754174701946806,47.72452487157015
8EFED09738E2FB163F00D8912C4F15B5B4229616EA201DB35CEFE5631FA230A3,osmo1gzn6edx0r2mwavr4rxxzghumhyl77q68700v8f,genesis1gzn6edx0r2mwavr4rxxzghumhyl77q68gag24w,channel-253,channel-1,0.04754174701946806,95.48192684376282
2A265FA7475EB24073A00B5ACECB3524ED1E13930196669E0AD8E7A33FE1348F,osmo16aypymlama0lk5s8c9s30s09eacpvwnav7ewjv,genesis16aypymlama0lk5s8c9s30s09eacpvwna6v7gqt,channel-253,channel-1,0.013737880950925568,82.42728570555342
608E1FFBB172887F043CF5B095594A65C81812C294C1192B7A15866E0368B56E,osmo16aypymlama0lk5s8c9s30s09eacpvwnav7ewjv,genesis16aypymlama0lk5s8c9s30s09eacpvwna6v7gqt,channel-253,channel-1,0.0134286464716875,154.1608614949725
3477E7994D7F4AC54487CD8705C8179CE8E46D93B06DD6E3F7CEB1085F7F34BD,osmo1kchq6hwcxykm847jugaf5c6x7aqvz4k9rrcl2w,genesis1jk3v4z3v34vfdkjn7yvve7fwdf8acyr5tydw22,channel-253,channel-1,0.1469742389366974,157.5563841401396
56AC4940E7E72757EE5E1DBDAAF404AFB822566673B246963680729C693CC6EF,osmo1srgysthmuqpw4f6qsrektu2glj59hz6lt44dyp,genesis1srgysthmuqpw4f6qsrektu2glj59hz6la8jtkx,channel-253,channel-1,0.1469742389366974,1028.8196725568816
8199A0432F5D6867B312E143E6BD626ADB3E083697CD5E8D00B8B37DBAB08A23,osmo14a7ay4r87009lh4rs8ng5pts0qgy3m7nldf2x8,genesis14a7ay4r87009lh4rs8ng5pts0qgy3m7nflwv5q,channel-253,channel-1,0.024403131906962847,4.0478202083692745
A17E0C9460D50BA2012EBF031A8BC36F336700BE38906B9A5AF92F7BC9034420,osmo1ac2xqwdw0wfc74cyfpplf7g0qyl3p3zl3vpr6g,genesis1ac2xqwdw0wfc74cyfpplf7g0qyl3p3zl87x9g0,channel-253,channel-1,0.024403131906962847,0.26843127856944027
07944F5C29CA16EB7C1587BE3383339F2841CA032FCF23C4249FF01033583399,osmo1ytmwk4qwphevacssnxaq2c773s0smpmr5vxgn3,genesis1ytmwk4qwphevacssnxaq2c773s0smpmrz7pwpk,channel-253,channel-1,0.06301861308800383,2.232606031735552
1A969CE8AA8F35B0E4C37735CA3E034AA0DD56D6CFD04F050C19C966B6E42F2D,osmo1kyly26j3kpac52d5chqar82c7m9eukfmy5707c,genesis1kyly26j3kpac52d5chqar82c7m9eukfmjxefvl,channel-253,channel-1,0.03058211675241166,9.919464962983891
5D411BCAE919E23E7ACEFA458539E696CF53F9629E811BE99B120DFB91A80803,osmo12d6dxc8dg6kpfushws6wfx7pupur4ghxj263l0,genesis12d6dxc8dg6kpfushws6wfx7pupur4ghxycahdg,channel-253,channel-1,0.04139713804113531,0.4139713804113531
2A7377B6D451596F793F5923D6B09786323D7637D55E7DAC2B7D23E0EF706240,osmo12d6dxc8dg6kpfushws6wfx7pupur4ghxj263l0,genesis12d6dxc8dg6kpfushws6wfx7pupur4ghxycahdg,channel-253,channel-1,0.04139713804113531,0.08279427608227062
A4F633D41A928EDCFC59E74D33288D96CF36091F701A5254FA3F804974460E41,osmo17hn9qerymgd6ns55y8etx3csgydfpmf6lr5j3d,genesis17hn9qerymgd6ns55y8etx3csgydfpmf6f3n5r2,channel-253,channel-1,0.04139713804113531,0.7642710520501572
A5753E1BB1E48F2A3898E7E8AA2AC6D7DBF6356C75EFA7A877F67B370FFE8774,osmo12d6dxc8dg6kpfushws6wfx7pupur4ghxj263l0,genesis1g6zstj3qxu463chcgy878v9jh66culnvskqfm6,channel-253,channel-1,0.04139713804113531,0.4139713804113531
040AD3D560238EBC3FA8CB734B23307B9E737A88AB9A70639BF37D117C0D6119,osmo12d6dxc8dg6kpfushws6wfx7pupur4ghxj263l0,genesis1g6zstj3qxu463chcgy878v9jh66culnvskqfm6,channel-253,channel-1,0.04139713804113531,144.88998314397358
8244F608E0B197A510EAA7ADBEE15FBD0AB4B534BE53E4CE9FC2E9114C910A96,osmo12d6dxc8dg6kpfushws6wfx7pupur4ghxj263l0,genesis1g6zstj3qxu463chcgy878v9jh66culnvskqfm6,channel-253,channel-1,0.04139713804113531,144.06204038315087
3BE885A9B3CDFE3BA315BA2DD13084FB1A91FB2A9933DF39D7A7F20082095ECF,osmo16aypymlama0lk5s8c9s30s09eacpvwnav7ewjv,genesis1h4lx8cm0vnrrahjjfgsjp79jjnyspy6w7ehrxd,channel-253,channel-1,0.012088741412435142,604.437070621757
6AE889C7EA096BCC6F416CC210E01BB7F0C8781B4F1D94B790AFE1ED8229193D,osmo1tlan9udzf8ud5xjgcyl7w293yjmnkz5mgdj7vd,genesis1tlan9udzf8ud5xjgcyl7w293yjmnkz5m7l4c72,channel-253,channel-1,0.012088741412435142,590.5979979864936
82EC0F03152C83A3F2E072E2AD2772AC5899E44C70AE427DF672FD4218C95208,osmo16aypymlama0lk5s8c9s30s09eacpvwnav7ewjv,genesis16aypymlama0lk5s8c9s30s09eacpvwna6v7gqt,channel-253,channel-1,0.018063929329242508,1.8063929329242507
07D4ADED881C1C1578BF64F1246187ACA6BB38FEB7FA6D8E0E8F7B1C8DE42501,osmo1ag940t2gd4sn0wey7xgfjl83x2t5v62m6629pc,genesis1ag940t2gd4sn0wey7xgfjl83x2t5v62mvgdrnl,channel-253,channel-1,0.018063929329242508,6.270396390116178
7492AA7E5B74DB331ED04C37E6CB1CE04975B0FF98DFB866BD227642AC8E1008,osmo1yaaemqhc8776gxy0e2l53nrw6dmewd7sfa82vg,genesis1yaaemqhc8776gxy0e2l53nrw6dmewd7sl0qv70,channel-253,channel-1,0.018063929329242508,5.149430860992626
CF0FD392ADEDE817A6FE475D551A3FCBD96554E823CEF8A87D815945F2AA7817,osmo1wn6w5xs7n5q0lvxjsap75ytthmn93rsvmrd3lq,genesis1wn6w5xs7n5q0lvxjsap75ytthmn93rsvd32hd8,channel-253,channel-1,0.04139713804113531,0.09245543360359361
3DAA646C0B1AB337097C1E05CB5085966B46259A952F1E837DBFE61A5DE3CA8D,osmo14a7ay4r87009lh4rs8ng5pts0qgy3m7nldf2x8,genesis14a7ay4r87009lh4rs8ng5pts0qgy3m7nflwv5q,channel-253,channel-1,0.03456695647467233,1.1407095636641869
D7030011D8CC0972303F4F256867EC65158781E0BCEEC0C86DE3DEF09F8E6DC9,osmo1ec3fd9gajdzk4yt2pf6suzkfgqs2n7gp8fmp2c,genesis1ec3fd9gajdzk4yt2pf6suzkfgqs2n7gp3mu8cl,channel-253,channel-1,0.057700554372435105,0.05723787284213801
74320003B680593202B4BA5C131CD08257583CDD694CE87CBEE499A1503D8533,osmo14rj9dl3l28t5lhumevlkheddygjvtxck8fx0ja,genesis14rj9dl3l28t5lhumevlkheddygjvtxck3mpfq6,channel-253,channel-1,0.01673253818803814,4949.58519125081
3CC58237476A7B0E73881BE092FDA1542D08D7DFC9FCF870EB20569275F09489,osmo13gfc7vp64lr8kcsyjpafskscuzeat49rtyc2mr,genesis13gfc7vp64lr8kcsyjpafskscuzeat49raklvfy,channel-253,channel-1,0.05791588513711522,0.015330943315873239
81BB523D26AF0C0C51AAA293DFB846CD94B5E7AC72BF9D20BE94DA7D8D57F0E9,osmo1c9mkft0d3sdjm3us883270veuww7qe3y587n8r,genesis1c9mkft0d3sdjm3us883270veuww7qe3yz4e44y,channel-253,channel-1,0.08090428045476364,3.41499269163471
47C9064BD8328525DE5735D5A10923C5B6EA8F8173E2BE4FA368708C95230FD2,osmo1czxfjwladw79wrzjsjhxtphxmcutmtxxg0ht3f,genesis1czxfjwladw79wrzjsjhxtphxmcutmtxx7asdrw,channel-253,channel-1,0.08090428045476364,1.2198300694584079
EC9E3DC771BC56929A9564ACBFFD7118049FA11CF27DD01CE407C9029727B49B,osmo1zkewm35hqzve3xet3rhc0kmzeldxjf22fwq990,genesis16jjxucde476dvfq7shvh65t3w09q6ftz2xta3u,channel-253,channel-1,0.2510259578850393,46.14381700399521
913DEC3FCA959AE66E65FCC4B4B44ADBD945DB2F586A1AB2D741B4C38EE389DB,osmo1sxaec74g6edjcjkf4tqezldvtuexycm2g9rvkl,genesis1sxaec74g6edjcjkf4tqezldvtuexycm27hy2yc,channel-253,channel-1,0.2510259578850393,92.54322963389859
65EF2D627EA9406EB69519CACE86E6C1B123AA32715097146A3AD6535670AF00,osmo1sxaec74g6edjcjkf4tqezldvtuexycm2g9rvkl,genesis1sxaec74g6edjcjkf4tqezldvtuexycm27hy2yc,channel-253,channel-1,0.2510259578850393,94.5263347011904
F9A25878E7D4F4453828E4C9C90D6295565E1144DF0ED7A57575AC8FB7549EA4,osmo1sxaec74g6edjcjkf4tqezldvtuexycm2g9rvkl,genesis1sxaec74g6edjcjkf4tqezldvtuexycm27hy2yc,channel-253,channel-1,0.2510259578850393,93.46700515891553
FDEB2C5445F46427C647E8571D471F7A9B1EF9A1E744ED6922C589CA3435D59A,osmo1sxaec74g6edjcjkf4tqezldvtuexycm2g9rvkl,genesis1sxaec74g6edjcjkf4tqezldvtuexycm27hy2yc,channel-253,channel-1,0.2510259578850393,71.13322568588359
23D434F10743EBCDD304EEA288AE9BB4061BC37C6B71FD8E9FB9EB2A944B2BB9,osmo1z9xpts34c996lk07j8neym6qc5smeyw92ue69z,genesis1z9xpts34c996lk07j8neym6qc5smeyw9uw7uh9,channel-253,channel-1,0.2510259578850393,0.7530778736551178
984D3F193B594A6B0160F82CEE4F81E3DF77503A74136936A20947B78471F057,osmo10s986eprw3f89mdf3plvrku2t5p65u5cljpmms,genesis10s986eprw3f89mdf3plvrku2t5p65u5cfqxafh,channel-253,channel-1,0.01883603550933615,0.01883603550933615
15DA12BFC2484DB0F97CD808A1CAD9E37F6172EEFF1C665B24F31BC20C1637FC,osmo10s986eprw3f89mdf3plvrku2t5p65u5cljpmms,genesis10s986eprw3f89mdf3plvrku2t5p65u5cfqxafh,channel-253,channel-1,0.01883603550933615,4308.827539166169
BB7BA2D52B3A45C32B009C97760A35F686A4EEA2A20974845DDDE1B636DFB585,osmo153geda86h3d7gklw6e7a0wv9d8xuv4cwnz9re7,genesis153geda86h3d7gklw6e7a0wv9d8xuv4cw9sz9te,channel-253,channel-1,0.01883603550933615,0.01883603550933615
337699244DEBE384D3E40EDB8D7F7312AAAB967F6A86CD7C917C261835A5C860,osmo1e8efqy3nqsuxq4lptl8ldhmzuzwtye5fx5d34d,genesis1e8efqy3nqsuxq4lptl8ldhmzuzwtye5fsx2h82,channel-253,channel-1,0.017466054959705185,0.017466054959705185
430B6BC39544FD3B65CB2B6F4890EE5C2A80D95A0E3E8762B467A504DFC8E1CB,osmo1rr54xgrumzvc32st45nwfj98z7sczh0rzt7d48,genesis1ma2ssfxfn07v9yx7plvcxxjjkcvltxqr8h3a0r,channel-253,channel-1,0.017466054959705185,0.003493210991941037
CBD4AD40F8B5683A9743FB6B4D3E1818FFEACB44256BC9053813E0A8B043F0A1,osmo1rr54xgrumzvc32st45nwfj98z7sczh0rzt7d48,genesis1ma2ssfxfn07v9yx7plvcxxjjkcvltxqr8h3a0r,channel-253,channel-1,0.017466054959705185,0.03246939617009194
02F372DC84AF8828EF94B41221B26BB739B0B5ECCC2197A7CCE5BBB5FDA43133,osmo1rr54xgrumzvc32st45nwfj98z7sczh0rzt7d48,genesis1ma2ssfxfn07v9yx7plvcxxjjkcvltxqr8h3a0r,channel-253,channel-1,0.017466054959705185,0.008733027479852593
F11C1C28EE6D3A5529C39C9C6A1CFBE7347F5E9CBE4DDBB8ED9A04725AC5CE34,osmo1rr54xgrumzvc32st45nwfj98z7sczh0rzt7d48,genesis1rr54xgrumzvc32st45nwfj98z7sczh0r5eet8q,channel-253,channel-1,0.017466054959705185,0.012009596949586233
52EC0DA18D1CA6D2B2209EA7E773A9F80469DE87CB9CE68FDC47B574FBA33FBD,osmo1rr54xgrumzvc32st45nwfj98z7sczh0rzt7d48,genesis1rr54xgrumzvc32st45nwfj98z7sczh0r5eet8q,channel-253,channel-1,0.017466054959705185,0.002165790815003443
D1B1F5DC8E99A1568DBDCBE6BA2C83C45F4648027D0C2B32055CCF9E7482CEA3,osmo1rr54xgrumzvc32st45nwfj98z7sczh0rzt7d48,genesis1rr54xgrumzvc32st45nwfj98z7sczh0r5eet8q,channel-253,channel-1,0.017466054959705185,0.03842532091135141
B1AB1710852FE6ED54B8B4B402176E318FEB783232AD41F507C7955F74BC5972,osmo1yaaemqhc8776gxy0e2l53nrw6dmewd7sfa82vg,genesis1yaaemqhc8776gxy0e2l53nrw6dmewd7sl0qv70,channel-253,channel-1,0.017466054959705185,2.039234077660423
ACF19904C486CC9433BBDC77BE835B8EB2718FFAF159CD5C2785A0B084A90C26,osmo1gzn6edx0r2mwavr4rxxzghumhyl77q68700v8f,genesis1gzn6edx0r2mwavr4rxxzghumhyl77q68gag24w,channel-253,channel-1,0.052489948513655696,284.0123883885292
1E10A84E38206B8D41151ECA0E971DCD5C777928363C14C14BCEB932A364B950,osmo1z907tuemhsr3jaflwjhjtuh9wflfgkse4h9lwr,genesis1z907tuemhsr3jaflwjhjtuh9wflfgkser9zeuy,channel-253,channel-1,0.052489948513655696,0.05322065979284252
14687657412355B9D0CCCD484EE972C45F13D2760F2A855B7DB0804F47436436,osmo1z907tuemhsr3jaflwjhjtuh9wflfgkse4h9lwr,genesis1z907tuemhsr3jaflwjhjtuh9wflfgkser9zeuy,channel-253,channel-1,0.052489948513655696,0.05405651622073161
CBCB7EA01C565A86BADBBDF8003D9ADCCDB4039EA5EE49F5775503290BEA4539,osmo1z907tuemhsr3jaflwjhjtuh9wflfgkse4h9lwr,genesis1z907tuemhsr3jaflwjhjtuh9wflfgkser9zeuy,channel-253,channel-1,0.052489948513655696,0.05449813391479361
D16C704A823CBB880768A94C772F7481377A4C422200A2191F6B157C49CAE3E9,osmo16jexsf558vvdwwl2cfj0mzr4x63xjpac5cs9rv,genesis16jexsf558vvdwwl2cfj0mzr4x63xjpacz2hr3t,channel-253,channel-1,0.07550261056282231,0.2095752950375578
F0562E1470BAE9649945B0737D38EE70DE3FAFBFC83411CD4FCA513598E7578A,osmo1aadc3ew28ghvu43vvypw7s52rwatx2u7axcpny,genesis1aadc3ew28ghvu43vvypw7s52rwatx2u7t5l8pr,channel-253,channel-1,0.07550261056282231,0.8305189008516626
13AAF8F01D92394F97F93B2F28E7747F91682E718BAB6F0B1A78B1375FA61DF3,osmo1qzdaav8ezcp3ugxz7wwzqzg5xlfxvgy92r7thm,genesis1qzdaav8ezcp3ugxz7wwzqzg5xlfxvgy9u3ed9u,channel-253,channel-1,0.07550261056282231,0.8305090855122894
BF3D502EFE6692979C6BC126846E396611A3B2A7A43B6B8BCF9FEE8241AFCB29,osmo1k75w2s26rekktazwp5l9ghv2ccp4mvtxw55xag,genesis1k75w2s26rekktazwp5l9ghv2ccp4mvtxcxnq00,channel-253,channel-1,0.004915737172643809,0.024578685863219044
A8FAE8AD43CB39EBDEE9651C1220AEDD3FDD17C3CD22C59FC3CB6B4ABCD5001F,osmo1jzcdchuaft92tdgccrmewdwxsqwsfhrgf2r6yy,genesis1jzcdchuaft92tdgccrmewdwxsqwsfhrglcyukr,channel-253,channel-1,0.04139713804113531,0.019075943150875244
21EF880D5FC65A48E61CE32F2A9B4C8637FE821C634E6BE0CF8F0C50A1BA9779,osmo1jzcdchuaft92tdgccrmewdwxsqwsfhrgf2r6yy,genesis1jzcdchuaft92tdgccrmewdwxsqwsfhrglcyukr,channel-253,channel-1,0.04139713804113531,0.019075943150875244
19B65C6C9EAEFE5081EEC6C48CEA7ED91A1755697E33DAD0CA80988865EFC235,osmo1ag940t2gd4sn0wey7xgfjl83x2t5v62m6629pc,genesis1ag940t2gd4sn0wey7xgfjl83x2t5v62mvgdrnl,channel-253,channel-1,0.038117803861879664,80.82034505989499
92638363F9A6FCA67DAFA17523243A03FBBBA140784ED4D4C89F58130EED38BE,osmo1ag940t2gd4sn0wey7xgfjl83x2t5v62m6629pc,genesis1ag940t2gd4sn0wey7xgfjl83x2t5v62mvgdrnl,channel-253,channel-1,0.038117803861879664,19.058901930939832
3BB364E38DF514B262A71BF795D95FA924D74D8D42CFA58CD37FF736608DBCB4,osmo1jpz5j46mavhrz8v6l58t7zxkpag35rz6p66rsf,genesis1jpz5j46mavhrz8v6l58t7zxkpag35rz6hga9zw,channel-253,channel-1,0.038117803861879664,1.212305175898425
CBB6B459C6140E4C2823248728FC117D04201A517045DA013E542CF7DC9B5117,osmo1s0mcdnsp74relctt3nyfyx4zkuwfn5wff8n73a,genesis1s0mcdnsp74relctt3nyfyx4zkuwfn5wfl45cr6,channel-253,channel-1,0.038117803861879664,17.24086269312556
E100B765C0B333DEFC9D5BFEE92185827D0D2D468962700E27075C4C7C010AA9,osmo1s0mcdnsp74relctt3nyfyx4zkuwfn5wff8n73a,genesis1s0mcdnsp74relctt3nyfyx4zkuwfn5wfl45cr6,channel-253,channel-1,0.038117803861879664,1006.4608779272135
BB4E239B0A62060926030FF25290FB6F3FCC14733F8C22C8A1762B608EECED75,osmo16aypymlama0lk5s8c9s30s09eacpvwnav7ewjv,genesis16aypymlama0lk5s8c9s30s09eacpvwna6v7gqt,channel-253,channel-1,0.11524483004785126,171.47369035332633
B46D4AC7988576B74A28A5025D4C7CF1A34948BA6523905BE03C3407DA60A132,osmo1hmvnht5pmajf8gv6v9lqxe3yptl6zhpgdgw4es,genesis1hmvnht5pmajf8gv6v9lqxe3yptl6zhpgm6fnth,channel-253,channel-1,0.02257004828943532,0.5751235098487153
3EE01C8A66AB9700C2E52578A108D5AEDB5B2FC71DBB34762A42503DF9679F79,osmo1g0j9kmdn4a0dje9czsx0ggdzk9fsmh8rr7xvfa,genesis1g0j9kmdn4a0dje9czsx0ggdzk9fsmh8r4vp2m6,channel-253,channel-1,0.0280465298106491,0.0010729385123802815
E6A1095C53EE9CC25BABABD39FB06B370F8F03DC4F800A1F3E2504297BDDF87D,osmo1g0j9kmdn4a0dje9czsx0ggdzk9fsmh8rr7xvfa,genesis1g0j9kmdn4a0dje9czsx0ggdzk9fsmh8r4vp2m6,channel-253,channel-1,0.0280465298106491,0.010869180209348763
ED1667C9D916CFD1FA8F2C2E65148068B83DB0197FCAA87933FB7582F9E52F9F,osmo1awav8afwjqy0f8uzcqek8pd0er7d9jgr5qv9p6,0xB3e2dbb695865273d8026E4b44f517CFd92C3660,channel-253,channel-1,0.12558668115760369,0.12558668115760369
84594D221DF25F4DEEB92BB59738E51B344289086E112D33A8B3438FF3D248E6,osmo1awav8afwjqy0f8uzcqek8pd0er7d9jgr5qv9p6,genesis1awav8afwjqy0f8uzcqek8pd0er7d9jgrzjtrna,channel-253,channel-1,0.12558668115760369,0.6279334057880184
908D6E87E45E5A703216AA48B0C2A34BA9AEA9A1F25A8167DDE15821A849DF39,osmo1w2y5w4zgmdvxsw799lrknxfmscd7gfazzv2gh7,genesis1k03dhd54sef88kqzde95faghelvjcdnqftm63w,channel-253,channel-1,0.12558668115760369,0.012558668115760369
550525FE1C81979CC08D7BA7D6110ADA70806A54B2CA26183811FF89F85BBBC9,osmo1w2y5w4zgmdvxsw799lrknxfmscd7gfazzv2gh7,genesis1k03dhd54sef88kqzde95faghelvjcdnqftm63w,channel-253,channel-1,0.12558668115760369,0.012558668115760369
1703899DC842930FA475B6C50B4D0291735622F9D862DBE1F1DA7BBB54035365,osmo1w2y5w4zgmdvxsw799lrknxfmscd7gfazzv2gh7,genesis1k03dhd54sef88kqzde95faghelvjcdnqftm63w,channel-253,channel-1,0.12558668115760369,0.012558668115760369
1F6DCD29CB06A153114E9CB2457A1257DB6A3E95FBD216B3AA93B244435993FD,osmo1q82vtum6cmft2jx5qundtmjrsq268w7hlcsvgr,genesis1q82vtum6cmft2jx5qundtmjrsq268w7hf2h26y,channel-253,channel-1,0.12558668115760369,14.02955907254909
C005FF2B3058A106A887491646DC5E994A695F9346621E42EE7AAB08068D7433,osmo1q82vtum6cmft2jx5qundtmjrsq268w7hlcsvgr,genesis1q82vtum6cmft2jx5qundtmjrsq268w7hf2h26y,channel-253,channel-1,0.12558668115760369,91.61302074374557
4808A54CF5286CB0EA2B70AE1D868A73267649AFC33F5C68E851B3453FD8254F,osmo1s0mcdnsp74relctt3nyfyx4zkuwfn5wff8n73a,genesis1s0mcdnsp74relctt3nyfyx4zkuwfn5wfl45cr6,channel-253,channel-1,0.12558668115760369,1263.841296793372
D32D4AD338D84ED9A9C9B900EAD33103378208C0E71B8B141F77423C4E12C8AA,osmo1w24mmwxpl50n2hcyxjka7u942wl6zuz9jsjd8w,genesis1w24mmwxpl50n2hcyxjka7u942wl6zuz9yz4t4f,channel-253,channel-1,0.12558668115760369,418.50377884187714
8C370809679E7B38BF06D01E6A1D0C4963CF81F26C7FAC9DB7B1678EA972D48B,osmo16aypymlama0lk5s8c9s30s09eacpvwnav7ewjv,genesis16aypymlama0lk5s8c9s30s09eacpvwna6v7gqt,channel-253,channel-1,0.010179487308075353,508.97436540376754
C53F9670FFAF1CE846FD81D64394336014ECCA0DDE003F5E3B6B4844593C5209,osmo1ag940t2gd4sn0wey7xgfjl83x2t5v62m6629pc,genesis1ag940t2gd4sn0wey7xgfjl83x2t5v62mvgdrnl,channel-253,channel-1,0.010179487308075353,508.97436540376754
9AAC35B2D0CBB22EBE653F859AD01946A4CF3FEF46A783BD3A9AC085714D62B1,osmo1ag940t2gd4sn0wey7xgfjl83x2t5v62m6629pc,genesis1ag940t2gd4sn0wey7xgfjl83x2t5v62mvgdrnl,channel-253,channel-1,0.010179487308075353,488.61539078761695
6A57958F09FB98A05EA2050194281B53C0EDCD2CCAB5AA3188CF2583F8C3C045,osmo1ag940t2gd4sn0wey7xgfjl83x2t5v62m6629pc,genesis1ag940t2gd4sn0wey7xgfjl83x2t5v62mvgdrnl,channel-253,channel-1,0.010179487308075353,40.71794923230141
E845B310E8EAC74C887BADC4C1907C96370AC43B84B5835BF62D2B799A4DFAD8,osmo1yye3q2u22redre3dhaucynfu78qezh9my8yu03,genesis1955gm0z8h378kae4d3uly93r77ykjwxhf7xffl,channel-253,channel-1,0.07049883608562679,3793.3347998329946
2D4A4414FA0708EFC690B5791278969835DF45C6F331F02A9B579F494FB5E54F,osmo12wgfhlj6xd9lnnp564kdetsgf4jark9cszx07u,genesis1r9sqeje2ppw9kva5x6j34kxh9npu2k0z2nchk9,channel-253,channel-1,0.07049883608562679,1191.4303298470927
9E54E4BD7BC2FF31703B508CFA639576E16048BE336B2CD2A7A995B76AF436E6,osmo1ru6cfycaxzqzypczy6w9ecy04nlrzzhda65h6z,genesis1ru6cfycaxzqzypczy6w9ecy04nlrzzhdtgn3g9,channel-253,channel-1,0.07049883608562679,136.03710606281143
31CC55DC442CCABDC19B758903251C2F886AB27CA1B4633C68F52A155221A52B,osmo1d8754xqa9245pctlfcyv8eah468neqzn64g887,genesis1d8754xqa9245pctlfcyv8eah468neqznv80p4e,channel-253,channel-1,0.03780959944575428,1.5880031767216798
8161A8A59B87B4D85DF63148A11ACA28B6728BC57DDF9F479936A5D352C51EE6,osmo1d8754xqa9245pctlfcyv8eah468neqzn64g887,genesis1d8754xqa9245pctlfcyv8eah468neqznv80p4e,channel-253,channel-1,0.03780959944575428,2124.2120804052465
F68E64355BEC187D3E1ED172F61A8CCE05F221AB0F81259C52B620B47E2C1EB3,osmo18n33ywygvrrzqspewsh7f5c4dkp00le0mjxfr8,genesis18n33ywygvrrzqspewsh7f5c4dkp00le0dqp03q,channel-253,channel-1,0.048354948605918525,1.2145979747869013
CB5AD6FE9066F0CDDD0913BB931CC3D04360C19E8DF3D65B8DAFA14193A93958,osmo16aypymlama0lk5s8c9s30s09eacpvwnav7ewjv,genesis16aypymlama0lk5s8c9s30s09eacpvwna6v7gqt,channel-253,channel-1,0.011707626976011208,65.56271106566277
EAAB53C173CD768CE7E3932BF104648F7BD41122EBC4D1213C6EB460F4CCCB6B,osmo1aedaw6l8emqaclg352xhuh6mt935tzcg26wgrh,genesis1aedaw6l8emqaclg352xhuh6mt935tzcgugfw3s,channel-253,channel-1,0.011707626976011208,0.16158403795953621
411B67424E9F396EB80F7CF116842C253D86DC70CE747DDD7B7497143261FF30,osmo16aypymlama0lk5s8c9s30s09eacpvwnav7ewjv,genesis1u47h9qyxufvrgf27hqhu66j092as9upjr5dy4f,channel-253,channel-1,0.011368460754278198,170.52691131417296
F3EEEBBAF4324182598080173DF42EC08CABE8E928E8C2323A2F65A2C0321FA2,osmo14a7ay4r87009lh4rs8ng5pts0qgy3m7nldf2x8,genesis14a7ay4r87009lh4rs8ng5pts0qgy3m7nflwv5q,channel-253,channel-1,0.08074797895400201,0.28490172622532106
E9B5CCDB9383A2039553BDC264D05065FE4BFB15D055BE61DBBE827EB554CD15,osmo17sy77fq0u3fzhatnhkv9jvfc9cgjkfzua89hxa,genesis17sy77fq0u3fzhatnhkv9jvfc9cgjkfzut4z356,channel-253,channel-1,0.05791588513711522,0.27892635349138734
EBC89EB09D2A4E3E97D37EF059C1E14D373C95A3C868FE59D8B555BB81888BFF,osmo17uyvfmejsljqmfgqqzv5y2vqrtaf4nlk87yxdz,genesis17uyvfmejsljqmfgqqzv5y2vqrtaf4nlk3vrql9,channel-253,channel-1,0.05791588513711522,0.02529650509483459
8773561B81F58E807E614F5A4CCC0C8BF7D00E39060EC954D0276F09D925DF21,osmo1387htldezj0d5sjh3a8de5vthasjg2hmceys5s,genesis1387htldezj0d5sjh3a8de5vthasjg2hmwtrkxh,channel-253,channel-1,0.0818737885960741,0.08834419223503323
76FE5FDB8C517F109BA4BCE92D07D955F62D3DC5A73B877CC4B668F0F70E906E,osmo1jl82qy8645dpmrcxe64wfxtq8rygyxlrxa4glj,genesis1jl82qy8645dpmrcxe64wfxtq8rygyxlrs0jwd4,channel-253,channel-1,0.0818737885960741,20.795187091486284
67E91BE3BFB04C99D4BA164866B1BD2E0DE5479BEC2D99CF5758093EC808A6DA,osmo1nfu9j53v3dd650usnnatea8vywz5sz84vk0m6q,genesis1nfu9j53v3dd650usnnatea8vywz5sz846ygag8,channel-253,channel-1,0.0818737885960741,0.2568337375052373
49E9CB261EED0D562DD4B8092B6B09CA9935FFDAEC1127445AD8DE0CBE65CC21,osmo1ucr8zsryuhluyhj22h9ksnuxr68qct5aq3juvnyykwvr339f42vq0psdhk,genesis16aypymlama0lk5s8c9s30s09eacpvwna6v7gqt,channel-253,channel-1,0.035014351005265544,7.153298202943322
53AD667C22BF0477970FE984EF8475AA045663EF29F772006CA28E0E52FDC9DB,osmo1cchda0fgmu5kqklcvhh0t6rq597a0ggfhd4w5h,genesis1cchda0fgmu5kqklcvhh0t6rq597a0ggfpljgxs,channel-253,channel-1,0.035014351005265544,8.381081426767807
739C9E4748CD4FF7905BF7A377304A72882B5878B271C52859C9D43EE70753F3,osmo1y4e53uwpevedz9qjfvw7x0qndp72u54z6kksmr,genesis1y4e53uwpevedz9qjfvw7x0qndp72u54zvy3kfy,channel-253,channel-1,0.08074797895400201,0.16310140787983682
F902C598698CEFCCDBECAFA57F158F0F55BE44B53A8589402363DA5F08F52D32,osmo16aypymlama0lk5s8c9s30s09eacpvwnav7ewjv,genesis16aypymlama0lk5s8c9s30s09eacpvwna6v7gqt,channel-253,channel-1,0.014205035843446833,106.51077449964441
E34C42E2BE6F67670F89636E13ACF6A47DFB385A493A9658F4584A7E9B37E1FD,osmo16aypymlama0lk5s8c9s30s09eacpvwnav7ewjv,genesis16aypymlama0lk5s8c9s30s09eacpvwna6v7gqt,channel-253,channel-1,0.014205035843446833,167.61942295267264
2759D92A9DF56C9942CFAE563EFA25EDC11B2BF0B9FF956DF5545921B24FC636,osmo1qnlxnneluedfg3lusv8r36t5c0s4r2p0dlsn28,genesis1qnlxnneluedfg3lusv8r36t5c0s4r2p0mdh4cq,channel-253,channel-1,0.014205035843446833,0.06384089993356196
8920BFCC35529D34D39949E085BF293780949DFC2DE175530772325EF50DBD19,osmo1gzn6edx0r2mwavr4rxxzghumhyl77q68700v8f,genesis1gzn6edx0r2mwavr4rxxzghumhyl77q68gag24w,channel-253,channel-1,0.03736985617712907,1416.8861629001333
B5C1493A5F22F2515BA1FEC5810FC6F3148C79E7B3A23D073EFF9DD5B225B457,osmo1h4lx8cm0vnrrahjjfgsjp79jjnyspy6wgts952,genesis1h4lx8cm0vnrrahjjfgsjp79jjnyspy6w7ehrxd,channel-253,channel-1,0.03736985617712907,139.16616851466054
2BB565E1054C6E05376294F5A56FD21665B5F86D48C362064C49C2BB12F86203,osmo1dyf5jxsg97nw20t3pl60yx0ln5uaux2puvy4a5,genesis1dyf5jxsg97nw20t3pl60yx0ln5uaux2p27rn0n,channel-253,channel-1,0.048354948605918525,0.5318981485217789
F2E2B93C83073A4B9A4E21C5DF56AB2977001CBEA1CDAB14208C09003ECDD373,osmo13qwtj862uu4xms49r0jyjcxcjrd4x0twa3mw0v,genesis13qwtj862uu4xms49r0jyjcxcjrd4x0twtrugat,channel-253,channel-1,0.048354948605918525,10.471435645183666
F81D7ECD4F771BB31F05F5BB2FB3B195F09B889AFB7D729D0A68802364687FF1,osmo1m7347zj42fwsqvvdmpshwtdrcvl3xur420r6jx,genesis1m7347zj42fwsqvvdmpshwtdrcvl3xur4uayuqp,channel-253,channel-1,0.048354948605918525,0.009458050401310961
0D586DBDCAE0E4729F3F5D46823038E41AD10215925820CFF98940A233406F34,osmo1xhttwcewy0fdefgykd3hv49xjyllwu0v3u8rvl,genesis1xhttwcewy0fdefgykd3hv49xjyllwu0v8wq97c,channel-253,channel-1,0.05742108164272408,55.046546285477966
F3822A8F0CEFE972FC705CDF99806333EA65F4D9384895B044B853704B01CB72,osmo163ndtplrrpkh2faf2c0y6t9v86llx86q6spzwl,genesis163ndtplrrpkh2faf2c0y6t9v86llx86qvzxyuc,channel-253,channel-1,0.08074797895400201,0.0013117107647893933
640A183E18C78BE6A7BC76D20607A953009D4E6483C9D208DAFBD6CD147C6BD8,osmo122hjrmj8k2f0lc0m8nepdysgx9f2gan2jn8s3u,genesis122hjrmj8k2f0lc0m8nepdysgx9f2gan2ypqkrm,channel-253,channel-1,0.031506819585727576,0.7601502585111269
F6D158F48806429CF9F9C3A9C69DD00B2E9B7C57D85290B41B0830F7EE163E0B,osmo1s6mdag35z5jn0xepmshunyp4dzg9mu3vh325gw,genesis1s6mdag35z5jn0xepmshunyp4dzg9mu3vprdj6f,channel-253,channel-1,0.04100058094839225,1265.6285115738294
9C49E3837FE6FCBB1727213AB54A7D795DE946575351F9DC3BB27B369E576F01,osmo10dc7lataqm62tze9tm47f8sesrws709zfd3xhh,genesis10dc7lataqm62tze9tm47f8sesrws709zllkq9s,channel-253,channel-1,0.08155564955278671,0.012180301277429622
A998374BCB69482EBCC2E7CE76248948D56620C1A4D4F29B89BFC36BB4F64777,osmo10dc7lataqm62tze9tm47f8sesrws709zfd3xhh,genesis10dc7lataqm62tze9tm47f8sesrws709zllkq9s,channel-253,channel-1,0.08155564955278671,1.2376970052747833
7B67911F721A1B97B1C3B8556FBD522E1A515A463AD176417619521500FA6BF3,osmo1a7er44z6lm9l97d4ur0lht8ul8r2ep5ljpquv8,genesis1a7er44z6lm9l97d4ur0lht8ul8r2ep5lyn867q,channel-253,channel-1,0.08155564955278671,0.8155564955278671
114C7CC1723428D6B61C76B1C934DFD6C403AC4235F3F287394098580224AC59,osmo1kvkm8p8dd6xamfcdk9es7hylsqgrvhdmxetzk2,genesis1kvkm8p8dd6xamfcdk9es7hylsqgrvhdmstvyyd,channel-253,channel-1,0.08155564955278671,0.0001266517184400287
7379554135EF6D2E6D7C8CA2ED7FB2A7C915421AA6786FCBC797461F30B081AE,osmo1pqwnzfym86fct6qz5ewymrvt3xg2jslgs97gy4,genesis1pqwnzfym86fct6qz5ewymrvt3xg2jslgxhewkj,channel-253,channel-1,0.08155564955278671,0.8970909406117596
764C1F46E07B70B737FC1867FFA338C273FB0D82E9CD4BE17305DE94BF5A058F,osmo163ndtplrrpkh2faf2c0y6t9v86llx86q6spzwl,genesis163ndtplrrpkh2faf2c0y6t9v86llx86qvzxyuc,channel-253,channel-1,0.03521611231836176,0.004326352403504944
795BF4403C31FB1A51D54E9C719D86689011235D3586DD62D48FCDF1B80AAB3D,osmo18n33ywygvrrzqspewsh7f5c4dkp00le0mjxfr8,genesis18n33ywygvrrzqspewsh7f5c4dkp00le0dqp03q,channel-253,channel-1,0.03521611231836176,76.91742655746067
1224BEFCAD9BBAA1366D95B2D4EAE7A22323DD2EE8B351EB3A676F448EF1DE80,osmo1gtke29g72hw6n9hrj8y7m9qxl3k6mmjzs06p95,genesis1gtke29g72hw6n9hrj8y7m9qxl3k6mmjzxaa8hn,channel-253,channel-1,0.03521611231836176,547.4168827724934
F39F2E1B5D4BD3FF42F289CA7789CE1A6FE3B50F4E7E9B8B37E58AB35A1354DB,osmo1vgu6mpatup4hsyt463mdkac4a6n7qh30laksq4,genesis1vgu6mpatup4hsyt463mdkac4a6n7qh30f03kjj,channel-253,channel-1,0.03521611231836176,1.6140572104867628
897AD31803D633EB0BB12AC36848CB537804242215F5AE6C151DFBAA87CDB0B2,osmo16aypymlama0lk5s8c9s30s09eacpvwnav7ewjv,genesis16aypymlama0lk5s8c9s30s09eacpvwna6v7gqt,channel-253,channel-1,0.05791588513711522,0.11583177027423044
DAA7E8143295E17512470FCD382AF41399652B549E8B40881FEEEC4C0BF1D1DE,osmo1s8nzgwexdz8laux65600tkq6mq8pr6h5tftmat,genesis1s8nzgwexdz8laux65600tkq6mq8pr6h5amva0v,channel-253,channel-1,0.05791588513711522,6.506511679558753
E1B3B8C8A8B91A2475C50FF96B80C7E22A983735E67A111DE2A26644B6A1A9E8,osmo1vgu6mpatup4hsyt463mdkac4a6n7qh30laksq4,genesis1vgu6mpatup4hsyt463mdkac4a6n7qh30f03kjj,channel-253,channel-1,0.05791588513711522,0.7592564506748467
C958FEFB60047F2ED3B54894AEAB4494959655725BA4183D0B2C2604D4F082B9,osmo163ndtplrrpkh2faf2c0y6t9v86llx86q6spzwl,genesis163ndtplrrpkh2faf2c0y6t9v86llx86qvzxyuc,channel-253,channel-1,0.04879698299590316,6.108000991183144e-05
C5D57DEC6998F9E42B0EFDD1F13C65C7D5185DBE183D4EEF3EE0B9D9CC82EC67,osmo12d6dxc8dg6kpfushws6wfx7pupur4ghxj263l0,genesis12d6dxc8dg6kpfushws6wfx7pupur4ghxycahdg,channel-253,channel-1,0.027632456064185427,1.3816228032092714
BD4FDF4BA6B93E380C94B91682D5AAF5F45A79E262E0D8F005AF381809C21527,osmo13eygl5q6rgt7uhmnef4ddmsjund9v5hp2y2xsf,genesis13eygl5q6rgt7uhmnef4ddmsjund9v5hpukdqzw,channel-253,channel-1,0.07550261056282231,0.8229784551347632
B6DB8DF0826936326141A9D5D47C9EFF5AE277D28FC536A95423AB04AA8B93E0,osmo1ej4hw9zvn8wz559xkrdcerjcauagr3xszskduy,genesis1ej4hw9zvn8wz559xkrdcerjcauagr3xs5z3twr,channel-253,channel-1,0.07550261056282231,0.07550261056282231
F05DFB66CD4B399E235C72A988DBE8DE05A156E9E81B0AB7632C7857318443E2,osmo1kncpt05lez932qynpzduekrplzfdhn2zltfx6g,genesis1kncpt05lez932qynpzduekrplzfdhn2zfewqg0,channel-253,channel-1,0.07550261056282231,24.226758373392048
E63667BC3F8A635309BAD3567D185D8E3BE8967773E948A34A7C73A13B5DCB9E,osmo1ux3j2h446q9yf5dvsw4mwa5fnf07ja9v7hnlwd,genesis1ux3j2h446q9yf5dvsw4mwa5fnf07ja9vg95eu2,channel-253,channel-1,0.07550261056282231,4.67900176456364
A45061B045C5CFB8089295B747236CA7180E99A1EEF8BF72EA1C817244982A6E,osmo1ux3j2h446q9yf5dvsw4mwa5fnf07ja9v7hnlwd,genesis1ux3j2h446q9yf5dvsw4mwa5fnf07ja9vg95eu2,channel-253,channel-1,0.07550261056282231,2.630745938655545
AA8DF959C8F8E3785C5DA0A7F3F82335241F92249AC4CD448CAEC1494B6EAE9E,osmo1ux3j2h446q9yf5dvsw4mwa5fnf07ja9v7hnlwd,genesis1ux3j2h446q9yf5dvsw4mwa5fnf07ja9vg95eu2,channel-253,channel-1,0.07550261056282231,0.7145391433946091
61E0B817C0DCA2D3A765ED845947D4C44C8CA3BE6EAD6700DB428963E4C171AC,osmo1ym0dmpfg6pmgqqf69uq958gaxkpe3ch9x2j79d,genesis1ym0dmpfg6pmgqqf69uq958gaxkpe3ch9sc4ch2,channel-253,channel-1,0.07550261056282231,0.07550261056282231
1512E210061E50955AC5A9A695E87784722E067F67094624DA325DD80726AD75,osmo1ym0dmpfg6pmgqqf69uq958gaxkpe3ch9x2j79d,genesis1ym0dmpfg6pmgqqf69uq958gaxkpe3ch9sc4ch2,channel-253,channel-1,0.07550261056282231,0.29958828874812593
9394F57E3A69906B8591A5816E76E11E7EDEFBF36B6C54AFF5CCAB8FA5E0D057,osmo1ym0dmpfg6pmgqqf69uq958gaxkpe3ch9x2j79d,genesis1ym0dmpfg6pmgqqf69uq958gaxkpe3ch9sc4ch2,channel-253,channel-1,0.07550261056282231,7.550261056282232e-06
FB5752DB4CABF3B4026419C3984E6CF6EF67380E3A47A718E7E693D1637C2FEA,osmo1ym0dmpfg6pmgqqf69uq958gaxkpe3ch9x2j79d,genesis1ym0dmpfg6pmgqqf69uq958gaxkpe3ch9sc4ch2,channel-253,channel-1,0.07550261056282231,0.7214859932965251
BE6D3C3ED0BFAF11B26F8F4ECEEBE5A12EFE4825F3DC2A13371003464C7AB3C5,osmo1hqyr7t0shsqfl303cp7ea03fs2lfc5npavgtx7,genesis1hqyr7t0shsqfl303cp7ea03fs2lfc5npt70d5e,channel-253,channel-1,0.04355697530035007,0.5156839900646649
C74EB4173ABCFC46D0480D57E4A1BB752520BC32C53D6031FC5E3AD856DAE9D4,osmo1lucch767n6ykc6n087zxgpxph8xhkrj2z5xdth,genesis1lucch767n6ykc6n087zxgpxph8xhkrj25xptes,channel-253,channel-1,0.04355697530035007,330.53577688265284
FBA9BA5E9A4277A1905F535542B48EF01D1DD5BFDACDA44AFE4885EECE10AC1B,osmo1a20c4f5280pwza4649e88hjrq6qlaptxtzt57r,genesis1a20c4f5280pwza4649e88hjrq6qlaptxasvjvy,channel-253,channel-1,0.026572205830892513,0.011228528373506245
4E614C9A1E2883B32F760B2514792323F7BD9BA09F2663F3DEF1F11EFCEBC54D,osmo1rgf4dznny6fx60yjwmq27xxs42vl34yl54cce0,genesis1rgf4dznny6fx60yjwmq27xxs42vl34ylz8l7tg,channel-253,channel-1,0.07219770511418873,11.056882954301708
3EE0362001E1ACD91D517EA62BCD49A6E71D93611F5942BEC5D12C47901AA059,osmo1qryf6wja8fx0aad58x8j8z7vvysqx5xzagtr43,genesis1qryf6wja8fx0aad58x8j8z7vvysqx5xzt6v98k,channel-253,channel-1,0.031506819585727576,0.34657091955645314
FEAE5BFDF85754AA829134E0303DBEC1EF30CD6BA9AAFD5430BD186E2D6CD1A0,osmo1sd2qegpgxq8wzg2evm93nscmz3ucxrma6mxwg9,genesis1sd2qegpgxq8wzg2evm93nscmz3ucxrmavfpg6z,channel-253,channel-1,0.031506819585727576,43.43276559913482
7BCA425C2C9B3057BFA9C708B5422025534D89E2645EF99ADC80E1E41ED1571D,osmo16aypymlama0lk5s8c9s30s09eacpvwnav7ewjv,genesis16aypymlama0lk5s8c9s30s09eacpvwna6v7gqt,channel-253,channel-1,0.01885009828390919,4.996021931188466
C732101CE1F6779B19056E69A3DC4DB2CBF3B672C75A644AC8193FB42A290C35,osmo16aypymlama0lk5s8c9s30s09eacpvwnav7ewjv,genesis16aypymlama0lk5s8c9s30s09eacpvwna6v7gqt,channel-253,channel-1,0.01885009828390919,2752.114349450742
629156C2F58D7A1F41F6EEDDFE3B74FC19AB66B836C3E96B442E0D65AFAFD4BC,osmo16aypymlama0lk5s8c9s30s09eacpvwnav7ewjv,genesis16aypymlama0lk5s8c9s30s09eacpvwna6v7gqt,channel-253,channel-1,0.01885009828390919,1131.0058970345515
739B0B7D71DA92F28B74DC2FBE90AA306074726AB5C0889894590CAC9DAA56C7,osmo16aypymlama0lk5s8c9s30s09eacpvwnav7ewjv,genesis16aypymlama0lk5s8c9s30s09eacpvwna6v7gqt,channel-253,channel-1,0.01885009828390919,3016.0157254254705
FCEA12BE8F33E9BD6AE428BFA70A07CAD86849ECD71A86061692D48B8EAC6F50,osmo1j2xdrrk74mnwkxa4tnp8m7jrlynr37rsk7ycqc,genesis1j2xdrrk74mnwkxa4tnp8m7jrlynr37rsqvr7jl,channel-253,channel-1,0.06293324668185332,0.6922575321783099
0B9ACAB4AD795CC83F35EEB5D03FD55FCD30D4EAF2F036C1998CD7E20C1CB4A1,osmo1k66akvqfp636yvtlqz9saauwktq72cqvskxwl2,genesis1k66akvqfp636yvtlqz9saauwktq72cqvxypgdd,channel-253,channel-1,0.06293324668185332,0.6959821376483232
31E62664C1E6839866A91E4D9B23857CEFBC9929EE336D097F3ACC94623E3F97,osmo1xxznmq3a0647kygevplz9ltlu4fzw2uyhhgc4e,genesis1xxznmq3a0647kygevplz9ltlu4fzw2uyp90787,channel-253,channel-1,0.06293324668185332,1.451992212511251
BAF3C8A2BC8B83C040096AF1BDB53CDEF832F6ABC07297D289953FDAD4C4705B,osmo166a7pw3jxyjzg38uuyjlqrs0z5amyu6cd554v4,genesis166a7pw3jxyjzg38uuyjlqrs0z5amyu6cmxnn7j,channel-253,channel-1,0.030560827702109914,0.4716611899257373
44AE43749A4F4948CF42B359946D6442BEBC2B267ACF6359D59D48C75A855A9F,osmo166a7pw3jxyjzg38uuyjlqrs0z5amyu6cd554v4,genesis166a7pw3jxyjzg38uuyjlqrs0z5amyu6cmxnn7j,channel-253,channel-1,0.030560827702109914,0.9819900164859863
C5DB57F59D948743225F2AD801F37A9DD0AB3B7A7A1A8D725482A9607CEB9686,osmo1jjtm8ty3lh8m3zzy2v5gfuc8l4vh5gthdhge87,genesis1jjtm8ty3lh8m3zzy2v5gfuc8l4vh5gthm90l4e,channel-253,channel-1,0.011947410942446786,0.15039902566137486
942344A0C98BB81ECF33EA60524B0C2875D49E27122E4DDB102C51DD6C21C3C5,osmo1gzn6edx0r2mwavr4rxxzghumhyl77q68700v8f,genesis1gzn6edx0r2mwavr4rxxzghumhyl77q68gag24w,channel-253,channel-1,0.06640360243912233,156.08098522165616
CA70CA27E6549F2CF670166D9D49E2788CBED3E84BE11ADDC20315C60FAEB86B,osmo1gzn6edx0r2mwavr4rxxzghumhyl77q68700v8f,genesis1gzn6edx0r2mwavr4rxxzghumhyl77q68gag24w,channel-253,channel-1,0.06640360243912233,238.05298577787366
56DE99DFE2DA068D0DC76066C6E1D5644054EF69A2A11BF00184C96A17170907,osmo1gzn6edx0r2mwavr4rxxzghumhyl77q68700v8f,genesis1gzn6edx0r2mwavr4rxxzghumhyl77q68gag24w,channel-253,channel-1,0.06640360243912233,118.74729862726872
EDEA0A7D8EB45422EC9F4429BC346669F3EACFAD1EAA958D7EFDFF79CB8B9BC1,osmo1gzn6edx0r2mwavr4rxxzghumhyl77q68700v8f,genesis1gzn6edx0r2mwavr4rxxzghumhyl77q68gag24w,channel-253,channel-1,0.06640360243912233,98.02437864736368
87A29ED52C08D529832E579C95FCE018C97421663D2325A1F59F7FA3AADD3B9E,osmo18n33ywygvrrzqspewsh7f5c4dkp00le0mjxfr8,genesis18n33ywygvrrzqspewsh7f5c4dkp00le0dqp03q,channel-253,channel-1,0.07568805081494996,76.7575927662515
C318A523F2FC28B8D5AD0A6DD743556CD418FE955C53A0BE4997E9AB41B3ECFD,osmo1ag940t2gd4sn0wey7xgfjl83x2t5v62m6629pc,genesis1ag940t2gd4sn0wey7xgfjl83x2t5v62mvgdrnl,channel-253,channel-1,0.07568805081494996,2017.0865542184165
8B542A144A364E46BD3E2C480066193A6309CB2AD7C0B8249D23E59BC0ABFF7C,osmo1ut38cwtznyqcnkusghxy39erv2mcxexx9ylzqy,genesis1ut38cwtznyqcnkusghxy39erv2mcxexxnkcyjr,channel-253,channel-1,0.031090165125923722,2707.7674632805033
0DD71B23085DA93CA65620B4195A5860C95A1A2ADFDA48C6845D1CBB7CCE4BE7,osmo1uvnk984yhpw48jfu5srvsrqdt03kkvlcjqx8x5,genesis1uvnk984yhpw48jfu5srvsrqdt03kkvlcyjpp5n,channel-253,channel-1,0.031090165125923722,0.956186110183807
0C67EE782C40A0C1C72D8CE0EA377F11CCC22AFEF40C965AD54EC8877E6766FE,osmo1243yhe2plcqqkhwkl8dwv53nzvxrdye2u77fvg,genesis1243yhe2plcqqkhwkl8dwv53nzvxrdye22ve070,channel-253,channel-1,0.08198912959047992,0.9019517560380123
90BD68A50BF44509816F4B9C930AE602C375A2B616F0918C3BBB48F67533B639,osmo17gl6er5798z79ckqv99kz8an2dryl5n5ak95dj,genesis17gl6er5798z79ckqv99kz8an2dryl5n5tyzjl4,channel-253,channel-1,0.08198912959047992,1.7053738954819824
AF507F4A8FB7CB5BD4B7CED8DDEECA5E0A64369D43164F663C0DC9690B326AAA,osmo19l9wsymdh3mp7munzrlk8rs03ttnu2uaujyktu,genesis19l9wsymdh3mp7munzrlk8rs03ttnu2ua2qrsem,channel-253,channel-1,0.08198912959047992,4.45833599090516
AC2148A5C2787A61EF223844954E1A918B50FE17B21BE2379EC9B27BC9B5B1F0,osmo1232ej49wzu69ew6r5rutk28dtl0ezern30dyuy,genesis1lunnwmyez79fqd7p3cqgx99dwjrhu8ml6ydrfv,channel-253,channel-1,0.08198912959047992,0.9019517560380123
485262CDAEC8CFBD6E150DFBF72C71C41BA4A0CEF31A42D4731887B37C29F1C6,osmo12gt0qnf99n02lu7gmu6lud8j7mu8ugepm2l62a,genesis1lunnwmyez79fqd7p3cqgx99dwjrhu8ml6ydrfv,channel-253,channel-1,0.08198912959047992,0.9019517560380123
C22245A7ADA9CD040B643DFEB1A8921FBF75D70C9A5DDDD6EA6B67DDD8A00CC9,osmo160sdph7hhkw2lyq6eusp6hrx8m0lkg0skjufw2,genesis1lunnwmyez79fqd7p3cqgx99dwjrhu8ml6ydrfv,channel-253,channel-1,0.08198912959047992,0.9018697669084219
24061CBFDAD0A8349F13A6E963848AEB200208DD7F1C18B94FBC4A7CB431E596,osmo1eu7ajvsee6tfpup28cryxv5ed0vmj5843q9jke,genesis1lunnwmyez79fqd7p3cqgx99dwjrhu8ml6ydrfv,channel-253,channel-1,0.08198912959047992,0.9018697669084219
384A137B3E9F1F30851E3184DCD7EC86DB39C1FF890F4B70407C8B8CA4ED2F7E,osmo1qcq0384j3s30hhnqa3tnd8pg7gdw47aza96nwn,genesis1lunnwmyez79fqd7p3cqgx99dwjrhu8ml6ydrfv,channel-253,channel-1,0.08198912959047992,0.9018697669084219
E36B99BF6C5B3509D1EDB64A6C7384A7D2B185E5D05ADC076683A9F706E05D4A,osmo1rjjx4yrystwtr3cy50ccg9znrqhlg7lvh3mmnc,genesis1lunnwmyez79fqd7p3cqgx99dwjrhu8ml6ydrfv,channel-253,channel-1,0.08198912959047992,0.9018591083215642
EC6CCD17F30DBA359262CB8A0F83E1DE43651F672B3FBB4B4C872A416F88CE1C,osmo1csfx30uh766qpjjxzgas6uc4n5jq5qy9ukrk6d,genesis1lunnwmyez79fqd7p3cqgx99dwjrhu8ml6ydrfv,channel-253,channel-1,0.08198912959047992,0.9018591083215751
1D18F36A141517CBA8B33FD9FB461E6FC52F0D1C24AE1029BD3B6DF0644EDB8E,osmo107z70m2f9vq0qkyveutnqzt3yjh7f9v70gjqan,genesis1lunnwmyez79fqd7p3cqgx99dwjrhu8ml6ydrfv,channel-253,channel-1,0.08198912959047992,0.9019517560380123
6BA6D9A5B0709CE000D316B46EF81E36D9135738EDD3A001E3AC2BF2E9DF8C0B,osmo12e7x392uux4xx3suzf7xmhnzdmwalzuma7tmrl,genesis12e7x392uux4xx3suzf7xmhnzdmwalzumtvva3c,channel-253,channel-1,0.08153499782458051,0.8969453119687653
8B9A707D500B1EB0B311C1346B4A3510C1BFB0816C409FB9803EA389E4EE778B,osmo1ayy8knfdhepp2rws2m8kq5jzjm67fsyl2a790p,genesis1ayy8knfdhepp2rws2m8kq5jzjm67fsylu0erax,channel-253,channel-1,0.08153499782458051,0.0027150371105833207
8055F93C2C4217608C8FB58F55F2B4A0F601776946C8FE25CDF43030ECB033CB,osmo1jnpevf3zg3wc3vyqssxu96lz899g00skk60rtg,genesis1jnpevf3zg3wc3vyqssxu96lz899g00skqgg9e0,channel-253,channel-1,0.08153499782458051,1.6722167092985838
FE0550F797C100F4A20C4B8825F793B8ED7BF8591986146EB4E8E193650C6B87,osmo1me3hg2l74zn5ag9y879u7re4cp4dxea9h5d45s,genesis1me3hg2l74zn5ag9y879u7re4cp4dxea9px2nxh,channel-253,channel-1,0.08153499782458051,0.8153499782458051
5127DA9EC85C6E96B81E32CA8D645180446E2A1A31D088D41496BB9A6567538C,osmo13mr29znad38tju9dws3fr3qvjrva7rp2d5ajsa,genesis16rcl8973e80a9wk9v4x893p4u6y8xjy2f6zm3m,channel-253,channel-1,0.08185224768966853,24.55567430690056
21B4FFB6E8CE3B7C904E38BC5F1B5E436E818F8CA6F785113E7BDD9566C6EDBB,osmo13mr29znad38tju9dws3fr3qvjrva7rp2d5ajsa,genesis16rcl8973e80a9wk9v4x893p4u6y8xjy2f6zm3m,channel-253,channel-1,0.08185224768966853,945.1912857638781
4F79D4444CF5B48F2040D0569093A96DF0D8310B354BDBC21574F83EE6746C6A,osmo1yye3q2u22redre3dhaucynfu78qezh9my8yu03,genesis1955gm0z8h378kae4d3uly93r77ykjwxhf7xffl,channel-253,channel-1,0.08185224768966853,0.40926123844834267
88D19E6223916EDB1AAF55BA43ED98307EE9A3A4B5A9ECE351CC43C280757962,osmo1uy0kmccvyhqehj7052g5v86lluna744yarcfh2,genesis1k0qvnqlugjf543vf6uf3cz98y4zwhwfw5hvdqx,channel-253,channel-1,0.08185224768966853,0.40926123844834267
6CC5050947A56CA4824124D990ADFA3016BB2CCF0979E635F139E03C26B2FC39,osmo1qm8t0qwde65v6cyd727xxrj3sa3dm6472kpwv6,genesis1qm8t0qwde65v6cyd727xxrj3sa3dm647uyxg7a,channel-253,channel-1,0.08185224768966853,2644.0028338589063
81BE9966E3C24F23CCA657C90352341A0279AE4165A8442DE18238FFF6C27FD6,osmo12wgfhlj6xd9lnnp564kdetsgf4jark9cszx07u,genesis1r9sqeje2ppw9kva5x6j34kxh9npu2k0z2nchk9,channel-253,channel-1,0.08185224768966853,1424.2291098002324
238A427E253945C790A09C6E85942DC8B570F64AC06ECC7BBDF746312D15F4C9,osmo12wgfhlj6xd9lnnp564kdetsgf4jark9cszx07u,genesis1r9sqeje2ppw9kva5x6j34kxh9npu2k0z2nchk9,channel-253,channel-1,0.08185224768966853,1623.130071686127
E19DCB88B10C552AD0A385B1AB9F2A1F9ACBBAD2869C615E262FDFC955E0ABF9,osmo1w5wehwhcma8ltrl62hfxxt8rx0eskr66d7rw4h,genesis1w5wehwhcma8ltrl62hfxxt8rx0eskr66mvyg8s,channel-253,channel-1,0.08185224768966853,0.14340931770460352
505B57BC67C96B85C7A78D26468ADE2C3E36F8CF126618D81E9F1ACEAEF22BB5,osmo1yye3q2u22redre3dhaucynfu78qezh9my8yu03,genesis1yye3q2u22redre3dhaucynfu78qezh9mj4r6ak,channel-253,channel-1,0.08185224768966853,0.17591431331495724
71296B0A3D8701E4C151E6F4836D39C1AF2386D1A1785E3F616835F05F8F3D09,osmo1mw47fsnfw856k0qlw2hc27me4udtq8kkknqal5,genesis1mw47fsnfw856k0qlw2hc27me4udtq8kkqp8mdn,channel-253,channel-1,0.01168671389823565,0.2804811335576556
32223625C7386241B7EB165D5F67BDC88EFDF9BEA7E54D1107991C45EF89DC59,osmo1zkewm35hqzve3xet3rhc0kmzeldxjf22fwq990,genesis16jjxucde476dvfq7shvh65t3w09q6ftz2xta3u,channel-253,channel-1,0.23595309928876657,103.13353931877987
FCF0A1CC78D2A2C9F85DAF659F6E2404584DF0C2C93FD0EE43319B4BE9F98C0D,osmo1zkewm35hqzve3xet3rhc0kmzeldxjf22fwq990,genesis16jjxucde476dvfq7shvh65t3w09q6ftz2xta3u,channel-253,channel-1,0.23595309928876657,50.68068300123944
E2CCA3B594C206833522F764292E6571BECE74DBF6C0B5901E6F1E08B4A80692,osmo194lta9864uydejmxcf97nrjn0v0mdcj7pauaa0,genesis194lta9864uydejmxcf97nrjn0v0mdcj7h0mm0g,channel-253,channel-1,0.23595309928876657,0.1204805384520418
47CADE569BE0F686A2A1CBC0B82F77AE77C316F44104CC7F72BD7B7379772093,osmo1dl6cphw4mln4wl40l0j9z7qaqdmchjd3dhwj6h,genesis1dl6cphw4mln4wl40l0j9z7qaqdmchjd3m9f5gs,channel-253,channel-1,0.23595309928876657,0.02595484092176432
8F904C55E827762CA7600382A6C75F16E2E6F9ED37B578B46D97139300474D3B,osmo1rrk0hgawmg5lzlkf948f395ksqmhr867xp86k7,genesis1rrk0hgawmg5lzlkf948f395ksqmhr867snquye,channel-253,channel-1,0.23595309928876657,0.03327903746208731
95B1FC89DF279041A5231DB6D30D61CC03CDF7312978BC1B77F247AA7ADC0D19,osmo1sxaec74g6edjcjkf4tqezldvtuexycm2g9rvkl,genesis1sxaec74g6edjcjkf4tqezldvtuexycm27hy2yc,channel-253,channel-1,0.23595309928876657,102.96521346763195
3BC6F60D7FDBF0C3AE5B274AE537044E92E64EA6D8847FBE78254F6A5604ED80,osmo1sxaec74g6edjcjkf4tqezldvtuexycm2g9rvkl,genesis1sxaec74g6edjcjkf4tqezldvtuexycm27hy2yc,channel-253,channel-1,0.23595309928876657,78.98058092492883
23321386AC5CB1139043CB0BB971C9F532B0013635C1C079B06E316FF7CC8552,osmo1ygau56ny66jrq4kjuwsmu283mm78fka9v3dy9p,genesis1ygau56ny66jrq4kjuwsmu283mm78fka96r2zhx,channel-253,channel-1,0.23595309928876657,31.1547727842156
3B6BC58ECF83F230D9BA72CB5D61AA61DA675BE4EE880B55E16E263171E93DC5,osmo1qnlxnneluedfg3lusv8r36t5c0s4r2p0dlsn28,genesis1qnlxnneluedfg3lusv8r36t5c0s4r2p0mdh4cq,channel-253,channel-1,0.01873030593035819,0.03746061186071638
17D0499D69F98A2C9CF8F0853E1E0AB66763C5FF87F1FCE05FA1A13C0BDCC2B3,osmo1e8597agptv59rnvl3rvk4pyjylm8syq6fgkls0,genesis1e8597agptv59rnvl3rvk4pyjylm8syq6l63ezg,channel-253,channel-1,0.008140097893329364,9.820068229500258
531B39451C8401BF02EB5DE2CD47730B1331FE375880B4A1959BC0806F01516F,osmo1e8597agptv59rnvl3rvk4pyjylm8syq6fgkls0,genesis1e8597agptv59rnvl3rvk4pyjylm8syq6l63ezg,channel-253,channel-1,0.008140097893329364,0.008140097893329364
05B56EF4812FBD7829D5EBE0D37617CF4675A5DBD01E90ED8E0D71B6398014CF,osmo1s8nzgwexdz8laux65600tkq6mq8pr6h5tftmat,genesis1s8nzgwexdz8laux65600tkq6mq8pr6h5amva0v,channel-253,channel-1,0.05742108164272408,3.2576601578914643
23346317DA9E8F3F00864F5A8DBEC68E574723BA7524BFBB6D0122EECA8ACD51,osmo16aypymlama0lk5s8c9s30s09eacpvwnav7ewjv,genesis16aypymlama0lk5s8c9s30s09eacpvwna6v7gqt,channel-253,channel-1,0.03788573811742593,1.2608833406678543
F2F83863F62B9E24CFC383C7ECC1E27DBAB57661F36189ABC94CC3B1310F26F7,osmo1v2z9rwxt5y98pnrs6ryhqp08ay5azzvmw92wnm,genesis1v2z9rwxt5y98pnrs6ryhqp08ay5azzvmchdgpu,channel-253,channel-1,0.03788573811742593,478.6863011136767
BB523DC5B4113859E5AFA016CF31705824E33E21265876B0CF2A9D789EF8BA6C,osmo1ag940t2gd4sn0wey7xgfjl83x2t5v62m6629pc,genesis107ff0tztguhn637e0jf3pjecs7kk333gaprfj3,channel-253,channel-1,0.15556823837023903,544.4888342958366
AF71A43F101EE88118641F96C87CFE374D11E0720647C1D6BA6A07E51CCBA98A,osmo16aypymlama0lk5s8c9s30s09eacpvwnav7ewjv,genesis16aypymlama0lk5s8c9s30s09eacpvwna6v7gqt,channel-253,channel-1,0.15556823837023903,551.6443685802634
A9E7CD79DF41C8FDDB119C01AF2D379BC15609099DAD808FCC0384E4CF50FD42,osmo1zkewm35hqzve3xet3rhc0kmzeldxjf22fwq990,genesis16jjxucde476dvfq7shvh65t3w09q6ftz2xta3u,channel-253,channel-1,0.15556823837023903,44.964774719661385
1669A664FAC245F30508AB42F4EA0967C4E16EB54757B6D32C948785027DD643,osmo1zkewm35hqzve3xet3rhc0kmzeldxjf22fwq990,genesis16jjxucde476dvfq7shvh65t3w09q6ftz2xta3u,channel-253,channel-1,0.15556823837023903,96.88248457352012
4CA92DE594A8E3D0E19E29235EB8A5C3EC6E4143CE5072D07BDCD70CBDBB13C6,osmo1zkewm35hqzve3xet3rhc0kmzeldxjf22fwq990,genesis16jjxucde476dvfq7shvh65t3w09q6ftz2xta3u,channel-253,channel-1,0.15556823837023903,137.47051070957679
6A86DA0AD2DC9917ABE29F72CFD3FB649696A9C1FBFE5F77B0834655F260A5D2,osmo1zkewm35hqzve3xet3rhc0kmzeldxjf22fwq990,genesis16jjxucde476dvfq7shvh65t3w09q6ftz2xta3u,channel-253,channel-1,0.15556823837023903,44.71711439595829
B5900BDA0A2D43597AFFF6A133CE1A49E8403A8910725A8076E207017F0F90C7,osmo1zkewm35hqzve3xet3rhc0kmzeldxjf22fwq990,genesis16jjxucde476dvfq7shvh65t3w09q6ftz2xta3u,channel-253,channel-1,0.15556823837023903,44.78089460226912
B8C9A5999C5A82B0BFDDF26B3E2ACAAF4A180BE928D5E757BFFF450116B499D2,osmo1zkewm35hqzve3xet3rhc0kmzeldxjf22fwq990,genesis16jjxucde476dvfq7shvh65t3w09q6ftz2xta3u,channel-253,channel-1,0.15556823837023903,95.0041623563641
4DE3CD737157377F2BD4930EEEC9BA65C25A7E5939F13D9AA1680592C4E0F592,osmo1zkewm35hqzve3xet3rhc0kmzeldxjf22fwq990,genesis16jjxucde476dvfq7shvh65t3w09q6ftz2xta3u,channel-253,channel-1,0.15556823837023903,90.15536866016963
131B2099DF40AAAAF0ECD79D27DD5DBDD9A2B618C71ABCAEEDBB94DF32198BBC,osmo1d8754xqa9245pctlfcyv8eah468neqzn64g887,genesis1d8754xqa9245pctlfcyv8eah468neqznv80p4e,channel-253,channel-1,0.15556823837023903,3924.986654081131
5A4D5A4BF701ED4F4A8D02D180767AE7F77674931B5AF90F72299ED6D56434F4,osmo1d8754xqa9245pctlfcyv8eah468neqzn64g887,genesis1d8754xqa9245pctlfcyv8eah468neqznv80p4e,channel-253,channel-1,0.15556823837023903,15.556823837023902
EBD60E7BF966A24E9FA4A6468C738B0E27CB6A9C03664269A6EE67891FBF6D90,osmo1jmk7se8zcswaqnudtsfmuka7xl0267njdpxack,genesis1jgpcmrqqc87c8h49yahpjpcdw76app77g692fz,channel-253,channel-1,0.15556823837023903,62.22729534809561
046FB991C0007406D82CC9067E91A085D7B981564570AFD2F0DD3DA94487FEDE,osmo1kchq6hwcxykm847jugaf5c6x7aqvz4k9rrcl2w,genesis1jk3v4z3v34vfdkjn7yvve7fwdf8acyr5tydw22,channel-253,channel-1,0.15556823837023903,381.6088887221963
D93328CAEF9D7C11B3A0883A7728FCFEA734D5D1FB61BB7BF8983BDCDE11F991,osmo1srgysthmuqpw4f6qsrektu2glj59hz6lt44dyp,genesis1srgysthmuqpw4f6qsrektu2glj59hz6la8jtkx,channel-253,channel-1,0.15556823837023903,1400.1141453321513
C846915257370FD451970E7D4B56141B8A91F684FC2CEAA1D1F6F5DB0F93645E,osmo16aypymlama0lk5s8c9s30s09eacpvwnav7ewjv,genesis16aypymlama0lk5s8c9s30s09eacpvwna6v7gqt,channel-253,channel-1,0.02321722160829143,983.481507327225
57AB73160ACEA7E750B51ED33F77AB0C18994CF582E7E75557987B2E5F7169E9,osmo1sr05ce344s86n0f90pew3wy3xdkrzjnkqlf5sz,genesis1sr05ce344s86n0f90pew3wy3xdkrzjnkkdwjz9,channel-253,channel-1,0.02321722160829143,23.33330771633289
DE2ED723F5528D56CB22A48CBA11582B7AEB83D2C077755A68308792A624E415,osmo1sr05ce344s86n0f90pew3wy3xdkrzjnkqlf5sz,genesis1sr05ce344s86n0f90pew3wy3xdkrzjnkkdwjz9,channel-253,channel-1,0.02321722160829143,208.95499447462288
F5809CC251793FF8F091080ED7329C6EE932B1DF358BDE4437DAAD1E7DDBE477,osmo1g6zstj3qxu463chcgy878v9jh66culnvxy80fa,genesis1uxx7lczky6nc2tcuw26wsekns8akrkfyh90tra,channel-253,channel-1,0.02321722160829143,5.804305402072858
BECB147955EDADEC712E80783619D93547C7EBE1BC25F3E1A8F95EC879CD419D,osmo1g6zstj3qxu463chcgy878v9jh66culnvxy80fa,genesis1uxx7lczky6nc2tcuw26wsekns8akrkfyh90tra,channel-253,channel-1,0.02321722160829143,4643.444321658286
F770E2971593D53A0A238B54214B3F360A1DA4E1C6349903D4F0EFBEBC0FDD65,osmo1r7sp8qf07jtj437tcz47jpthlqw3ffthlvdjjy,genesis1r7sp8qf07jtj437tcz47jpthlqw3ffthf725qr,channel-253,channel-1,0.07073958875837395,0.11451199490141135
973A2F70CA0326349F608739049F5EA8ACBC305C9207038AE02C423704C08055,osmo166a7pw3jxyjzg38uuyjlqrs0z5amyu6cd554v4,genesis166a7pw3jxyjzg38uuyjlqrs0z5amyu6cmxnn7j,channel-253,channel-1,0.010664818589834306,0.25011021698648134
F01FAD9C8CF380F9E8ABB599651E9F5C806F6DB1E6DFAB637925864A293C7145,osmo16aypymlama0lk5s8c9s30s09eacpvwnav7ewjv,genesis16aypymlama0lk5s8c9s30s09eacpvwna6v7gqt,channel-253,channel-1,0.010664818589834306,21.329637179668612
A6422C7384BD88700A259CC4A01AC0FF209721E3D4F5F5C68CC534B2AA0A5EC8,osmo1dukrdemgcr0crh8jxdspjmk3ukl934rkcvxeq3,genesis1dukrdemgcr0crh8jxdspjmk3ukl934rkw7pljk,channel-253,channel-1,0.007004357445252081,892.9455199066492
EE42AAEAF19DE7F9B19591FDD3EB81F9A677DA42D6A6BC4962EABDEE60CB4052,osmo1ug54mpujhgp588fyyywes74gm8p4wjgsrrarph,genesis1ug54mpujhgp588fyyywes74gm8p4wjgs4369ns,channel-253,channel-1,0.007004357445252081,1.2404500923797255
F08EB0AE0E2C5388F9D04EAFDF67358540950421D3265FFC9AF2DF9A5B0870CC,osmo1gakeuauc2akv9rs0c3ezws3qa46hhuj4ug9p3c,genesis1gakeuauc2akv9rs0c3ezws3qa46hhuj426z8rl,channel-253,channel-1,0.058806519035244045,0.6351104055806357
C054151CD74CC2D9122A16E661241CE464EF38BDD2317EC645B541A744602D65,osmo1s8nzgwexdz8laux65600tkq6mq8pr6h5tftmat,genesis1s8nzgwexdz8laux65600tkq6mq8pr6h5amva0v,channel-253,channel-1,0.058806519035244045,4.145875219025383
E25723DDDEB06B0829D7216CCD4736FABD84A72141278A902D448E12D595AF9C,osmo1h4d0dyh42fe3kgjggx6dr7n7ld3hlzvz37d332,genesis1h4d0dyh42fe3kgjggx6dr7n7ld3hlzvz8v2hrd,channel-253,channel-1,0.04989469384133323,2.5601843089341343
4ECEAB0DB67F10F18F57146FFA8D188DFAFEC995D0AE1B91C3FA05A291B4AD62,osmo17uz7dmrzetfpr67lva70rghvggta670gamctqw,genesis17uz7dmrzetfpr67lva70rghvggta670gtfldjf,channel-253,channel-1,0.038452738069012296,0.4229751199031814
BCDF51911EAA4936A6258469043281B84C5424F600A88DE1CB1AB4EEBE18B163,osmo1u0yklqs5hfy6y6dan8sf4ct4qwt3spwpkjktyq,genesis1u0yklqs5hfy6y6dan8sf4ct4qwt3spwpqq3dk8,channel-253,channel-1,0.038452738069012296,0.4229751199031814
38E366EC6FA4E3BF19F5FFA21DEF2DEB0699968A2F0BFB2F579F747A11A593CA,osmo1xjvhpmflhue38mc8j75gqj2h0fds9guxqen8zj,genesis1xjvhpmflhue38mc8j75gqj2h0fds9guxkt5ps4,channel-253,channel-1,0.038452738069012296,14.7434879798598
16EF23B893DAA2D7BA0CD6EA00DF6D7FC4284FBCDC0A3426BE90002A8E1DEB76,osmo1yj5v3qyfm64jd376gv37xl7vekmju72g6t0yfx,genesis1yj5v3qyfm64jd376gv37xl7vekmju72gvegzmp,channel-253,channel-1,0.038452738069012296,12.976824142336048
BB041B0C1233FB5D475C92752655BB99EA16DECCE0DCA4E26BA4E24BFE941229,osmo1vm7wfrwdax0eqhulsvxaawztucxecyyf2gmwws,genesis1vm7wfrwdax0eqhulsvxaawztucxecyyfu6uguh,channel-253,channel-1,0.07528677830950731,0.7528677830950731
C19FACF1321379C57D43DDED2A83298ECE912637BC051E1F468814B3DCF8A4E3,osmo1ctr7hk5l2gkh7wh5dyukal3vyh35ryh65g504r,genesis1ctr7hk5l2gkh7wh5dyukal3vyh35ryh6z6nf8y,channel-253,channel-1,0.07528677830950731,10.632690004694767
37611ED0E368CA3412963E79B1ED829D1DDE706A234264A9D1E89AC329611D13,osmo1ux3j2h446q9yf5dvsw4mwa5fnf07ja9v7hnlwd,genesis1ux3j2h446q9yf5dvsw4mwa5fnf07ja9vg95eu2,channel-253,channel-1,0.07528677830950731,4.803575902939115
50087E4BF789FA8B063B8F49FF4F4A0738558C33076471D026D58D689DB49C1A,osmo1ux3j2h446q9yf5dvsw4mwa5fnf07ja9v7hnlwd,genesis1ux3j2h446q9yf5dvsw4mwa5fnf07ja9vg95eu2,channel-253,channel-1,0.07528677830950731,3.8667140223634267
D7D1344E8DD62350145E22771BF07D0FE9D8816A5F8D5AFBB71926352ECB5CCD,osmo16jexsf558vvdwwl2cfj0mzr4x63xjpac5cs9rv,genesis16jexsf558vvdwwl2cfj0mzr4x63xjpacz2hr3t,channel-253,channel-1,0.07528677830950731,1.3047922530886276
F9E0EACDA21613AE2D68980E8192E0EB03BF2512DD0ADCDD065C5A082D964277,osmo1wqx8gt8tsn05eanmwfl6qjr4np2mgeyhuj09z9,genesis1wqx8gt8tsn05eanmwfl6qjr4np2mgeyh2qgrsz,channel-253,channel-1,0.07528677830950731,7.611109936884426
E5578CDCFD6B25740C483A53EC09EC9703889A7A9FFEC4C8F9C6A7B9D09337F5,osmo16aypymlama0lk5s8c9s30s09eacpvwnav7ewjv,genesis16aypymlama0lk5s8c9s30s09eacpvwna6v7gqt,channel-253,channel-1,0.011409081847407798,57.04540923703899
605303EE8AA431B0B1F45589BA776BCB5668790CA471B09B9723DC6F8C840D32,osmo16aypymlama0lk5s8c9s30s09eacpvwnav7ewjv,genesis16aypymlama0lk5s8c9s30s09eacpvwna6v7gqt,channel-253,channel-1,0.011409081847407798,29.868976276513617
947AD62AA4E61E7CD717CD09BC548A90FFABB4A34B26A506CF9FCDE5F2A670B2,osmo16aypymlama0lk5s8c9s30s09eacpvwnav7ewjv,genesis16aypymlama0lk5s8c9s30s09eacpvwna6v7gqt,channel-253,channel-1,0.01080430349467309,162.06455242009636
A14574DFB254D0109387479BDEE5096EB64C4CA0457AF03BD7BBDFA7E510E36A,osmo16aypymlama0lk5s8c9s30s09eacpvwnav7ewjv,genesis16aypymlama0lk5s8c9s30s09eacpvwna6v7gqt,channel-253,channel-1,0.01080430349467309,151.26024892542327
D334D250C852A51FF169C2BA63968599003A5CF599142FF93F898F185202D3C7,osmo16aypymlama0lk5s8c9s30s09eacpvwnav7ewjv,Genesis15k30eauyy7nt4dw598s5rdw0dm4pjw4uunwda8,channel-253,channel-1,0.055440958848462236,0.0003049252736665423
DB2C8C27895504ADC8F684E4B08E70C04DE7C687F7F2190000D7B305D433B924,osmo16aypymlama0lk5s8c9s30s09eacpvwnav7ewjv,Genesis15k30eauyy7nt4dw598s5rdw0dm4pjw4uunwda8,channel-253,channel-1,0.055440958848462236,8.316143827269335e-06
986E7CBBC038B3842B0AE435502EF3A02A1E9C158745DFB324A89819D5794410,osmo163ndtplrrpkh2faf2c0y6t9v86llx86q6spzwl,genesis163ndtplrrpkh2faf2c0y6t9v86llx86qvzxyuc,channel-253,channel-1,0.055440958848462236,0.01180660473065263
5F948506D73468062B8685AFE7ABFCFF1A20C3EC781B7D74ABCDCF8AE2ACB556,osmo16aypymlama0lk5s8c9s30s09eacpvwnav7ewjv,genesis16aypymlama0lk5s8c9s30s09eacpvwna6v7gqt,channel-253,channel-1,0.055440958848462236,6.6055286130251725
22DCA45888D164047E462441B8EE093A6E2D97CD2A06EF67248A261EBA7EC456,osmo16aypymlama0lk5s8c9s30s09eacpvwnav7ewjv,genesis16aypymlama0lk5s8c9s30s09eacpvwna6v7gqt,channel-253,channel-1,0.005763597535101016,92.21756056161625
9A37AEE26670673AE667BA9A0EE365522BEF2A26811B5FF13BB639910CC7BE7D,osmo1t70lfft98c22aqmlgqv6tgyrex7yu4wvyq4z4r,genesis1t70lfft98c22aqmlgqv6tgyrex7yu4wvjjjy8y,channel-253,channel-1,0.07073958875837395,0.7781262801955658
2EC99EABD4D88E4F110747E1B86C952C949A0E3F787639C9211ECD1A46E8B4A0,osmo16a5k7je4afcv9dmqmz8cawd6mple2etmk96h44,genesis16a5k7je4afcv9dmqmz8cawd6mple2etmqha38j,channel-253,channel-1,0.07073958875837395,3.285615038815922
A968C4D4595F536A822A0AA68D596037B1619AD562BF7FBAA4F2362BF234B9C8,osmo1vmjdd0uh783h6068nvjsvw0uvs57v5h50793hw,genesis1vmjdd0uh783h6068nvjsvw0uvs57v5h5evzh9f,channel-253,channel-1,0.014407127698775888,0.014407127698775888
8691151D65735309275C02F49F4FD4F6D56D5A0ACEDF497A6854D3184952F429,osmo12mwqeytdm5c8v22e9skjeltw3hql5n9hu3zh7j,genesis12mwqeytdm5c8v22e9skjeltw3hql5n9h2r93v4,channel-253,channel-1,0.08138466666061502,1.1584197434761105
97A70995F7CE1383720D881B3AAA996A68523884DF7365A9875D1F45333F0472,osmo18n33ywygvrrzqspewsh7f5c4dkp00le0mjxfr8,genesis18n33ywygvrrzqspewsh7f5c4dkp00le0dqp03q,channel-253,channel-1,0.08138466666061502,0.7417675032113924
6CDBBD788E4A740D40418F690E06C03240083AB66F7C5E264A556FB241473E60,osmo1fqw737clwwwe6l04gk6q03xutq37knm2v39d2x,genesis1fqw737clwwwe6l04gk6q03xutq37knm26rztcp,channel-253,channel-1,0.08138466666061502,0.21486928275565137
5D5CA8A58702C89DCD98B09265885C88FCB91350EB411E275C3B2C17BF03E9F5,osmo1kmu7g26zm0ptn0tfe8eph429k3snnc7kghjptg,genesis1kmu7g26zm0ptn0tfe8eph429k3snnc7k7948e0,channel-253,channel-1,0.08138466666061502,0.8952207532600889
B6B82C6A85C7C2E5B7BFB28D0D9347D325475DE55D817F2331C75403AC5FB28F,osmo163ndtplrrpkh2faf2c0y6t9v86llx86q6spzwl,genesis163ndtplrrpkh2faf2c0y6t9v86llx86qvzxyuc,channel-253,channel-1,0.08347869034938456,0.0006249671887490415
827FB1FF5F3DF4D48722EDB8043960338CC724A812122B00DBA0B0E36DF23AC3,osmo1nd86lwg7se890hau65eeq6ru9cxunc53wxeux0,genesis1nd86lwg7se890hau65eeq6ru9cxunc53c5765g,channel-253,channel-1,0.08347869034938456,0.7895772770145768
1323E04819EBE2296E14E35F0BE800BE3CDD16B741B619BB87BF6530AF2094B1,osmo1xt8gjx303p0egj0cqzccaycumhesuvda3twa8k,genesis1xt8gjx303p0egj0cqzccaycumhesuvda8efm43,channel-253,channel-1,0.08347869034938456,0.9099177248082917
00219ED3482960937B005FF883B122C1E3B0E1346BC744ACDD1F405A1F6D987E,osmo1m9wr2ey7lh3l7h4grvfty96zfdtjvwz3yen28w,genesis1m9wr2ey7lh3l7h4grvfty96zfdtjvwz3jt5v4f,channel-253,channel-1,0.08347869034938456,0.5843508324457094
6A8BF62992C039082EF87A6898C7E0D0757DFE7E7FB6F4BFF1F76311FEFD2303,osmo1c95984pds84l09d9z6v8g77l96hslr0f90427q,genesis1c95984pds84l09d9z6v8g77l96hslr0fnajvv8,channel-253,channel-1,0.11994003046567062,97.36435090057736
A79AF79F0A1E84FFCA93BFC999894D4768A15F05A3C22DCBEEF32FE3D4923442,osmo1c95984pds84l09d9z6v8g77l96hslr0f90427q,genesis1c95984pds84l09d9z6v8g77l96hslr0fnajvv8,channel-253,channel-1,0.11994003046567062,0.924010871472265
01DC028A314139D95FD9820F81A9323B9A4C6BB29F3D3A157E82565D57596FD3,osmo1kchq6hwcxykm847jugaf5c6x7aqvz4k9rrcl2w,genesis1jk3v4z3v34vfdkjn7yvve7fwdf8acyr5tydw22,channel-253,channel-1,0.11994003046567062,187.10644752644617
F4399CE9CBE35C0C7DCB2EDB0D23055B25285D0BE58248D9037568846F9FC684,osmo1kchq6hwcxykm847jugaf5c6x7aqvz4k9rrcl2w,genesis1jk3v4z3v34vfdkjn7yvve7fwdf8acyr5tydw22,channel-253,channel-1,0.11994003046567062,393.40329992739964
8C47CAA6623B804F9222AED52EDACC4FCB9884F5ADB75415CA5BB8D9BC779181,osmo1jx7zl2c9h4cfneffd023fz9320y9pqquj0z8hz,genesis1jx7zl2c9h4cfneffd023fz9320y9pqquya9p99,channel-253,channel-1,0.11994003046567062,0.47976012186268246
339E07DF566B5AD65A52743599D65E3A9DA3E20AA6B90214ACC0BF3EF5D99831,osmo1srgysthmuqpw4f6qsrektu2glj59hz6lt44dyp,genesis1srgysthmuqpw4f6qsrektu2glj59hz6la8jtkx,channel-253,channel-1,0.11994003046567062,539.7301370955178
A79B430783C650F2DC3385D97F7F9A79BA27577A1145D08B826A7FB76D4450DD,osmo1srgysthmuqpw4f6qsrektu2glj59hz6lt44dyp,genesis1srgysthmuqpw4f6qsrektu2glj59hz6la8jtkx,channel-253,channel-1,0.11994003046567062,599.700152328353
A5C7838BD0E14C6FA09D97D413558F369451107B40502821B78A9F39B2A3DF36,osmo1srgysthmuqpw4f6qsrektu2glj59hz6lt44dyp,genesis1srgysthmuqpw4f6qsrektu2glj59hz6la8jtkx,channel-253,channel-1,0.11994003046567062,479.76012186268247
753F5A454660BD45B20A273169A723A8D2129D682AAB3E167AD236C82D438900,osmo1srgysthmuqpw4f6qsrektu2glj59hz6lt44dyp,genesis1srgysthmuqpw4f6qsrektu2glj59hz6la8jtkx,channel-253,channel-1,0.11994003046567062,719.6401827940236
A13A052DBFC6ED3C2E7DAD6806AF3819F96E8D8C3F2AB66622E685B51AA05B0F,osmo1srgysthmuqpw4f6qsrektu2glj59hz6lt44dyp,genesis1srgysthmuqpw4f6qsrektu2glj59hz6la8jtkx,channel-253,channel-1,0.11994003046567062,599.700152328353
EA18477EBBB255D5C585720A5C80C470714F0B76DAB8C930852400036667D932,osmo182lpnqqq0umc07hut7xp7j23k32ss3pa9pltx0,genesis182lpnqqq0umc07hut7xp7j23k32ss3panncd5g,channel-253,channel-1,0.08174991701481814,4172.748025379782
BD10464BC998647BA69A9618E601929A850B621CE404858A7A29DC386144602E,osmo19l9wsymdh3mp7munzrlk8rs03ttnu2uaujyktu,genesis19l9wsymdh3mp7munzrlk8rs03ttnu2ua2qrsem,channel-253,channel-1,0.08174991701481814,0.07194494763902486
7DE27D49A3B8F5BFCF3C09AA0BC31DDFCB610C732C6794E7C92EF6C697BCD538,osmo1c9mkft0d3sdjm3us883270veuww7qe3y587n8r,genesis1c9mkft0d3sdjm3us883270veuww7qe3yz4e44y,channel-253,channel-1,0.08174991701481814,20.235401783502475
66AFA795BDFFF815394DBA80F1C1D31E6CBE66883BE3D416BB5D9FF23F2EEB09,osmo1p72xfy6scz0f9je8sj5mqcx262jcf3yj4relr7,genesis1p72xfy6scz0f9je8sj5mqcx262jcf3yjr37e3e,channel-253,channel-1,0.08174991701481814,1.03565651140894
88162809408817BB7E7622E5E5F9CF9155346F739795C9F290508EB5580E2FC1,osmo1jpxd6eatnkpw04d6fkzc9n3pmfdx0a35lajpsw,genesis1jpxd6eatnkpw04d6fkzc9n3pmfdx0a35f048zf,channel-253,channel-1,0.06647585544961046,0.7112916533108319
301C46A2464F951198E781C50C9D3EFF4B2C826823FDE87E9D9CB9AEC795ACA1,osmo1yqvxyhzqd4e6mg6hhd0x08jr5yg6mdzjk95q9c,genesis1yqvxyhzqd4e6mg6hhd0x08jr5yg6mdzjqhnxhl,channel-253,channel-1,0.06647585544961046,0.06647585544961046
DB7304325B9E4F0D132E053A583D43CD6452D801F017DCDEA6EA149CF0CB3987,osmo16jexsf558vvdwwl2cfj0mzr4x63xjpac5cs9rv,genesis16jexsf558vvdwwl2cfj0mzr4x63xjpacz2hr3t,channel-253,channel-1,0.06647585544961046,0.48120571704584186
45F98C90C4133F045B1864FC61BDBD20BB40DE545F69FB333F5DC3FCBD1ABD81,osmo1aq4usrgpgre72zlfp4lzqjtqyrqhpmskpdykdc,genesis1aq4usrgpgre72zlfp4lzqjtqyrqhpmskhlrsll,channel-253,channel-1,0.06647585544961046,0.6647585544961045
457B26A1A54A5989E11343495E31487D004131753AF00664D2B04CE7D19E750A,osmo1f20ldd6ulwlmmqzhux3l687p479wf9z6aaxn2d,genesis1f20ldd6ulwlmmqzhux3l687p479wf9z6t0p4c2,channel-253,channel-1,0.06647585544961046,0.5982826990464941
03336588BB6471F519F4207D7C8DF2F975BB53B3FD2398AD12B605C8E9A2C107,osmo19l9wsymdh3mp7munzrlk8rs03ttnu2uaujyktu,genesis19l9wsymdh3mp7munzrlk8rs03ttnu2ua2qrsem,channel-253,channel-1,0.08115415283986907,4.501643113314831
5E84C7360E7E18A58DF6F123B28490BF98432AF8BF81E109208B3EBECA804869,osmo1u26l6ky9nsyw8ltryd3cwq82tnfx8z62j0xgav,genesis1u26l6ky9nsyw8ltryd3cwq82tnfx8z62yapw0t,channel-253,channel-1,0.08115415283986907,13.049259728026737
4D074AD8FB3B9398F4F000ACB1C37025AF899F97F839AFA06B200F1FC643B65F,osmo1snnphc4n9d2cpfg0a8w3d3qmt8sh7ha4dnzt6v,genesis1snnphc4n9d2cpfg0a8w3d3qmt8sh7ha4mp9dgt,channel-253,channel-1,0.08115415283986907,3.248793643426021
E3A1FC39A6977B349939276C5D74BADC6565723DB2422FAFD9510803B3860D7D,osmo1qnlxnneluedfg3lusv8r36t5c0s4r2p0dlsn28,genesis1qnlxnneluedfg3lusv8r36t5c0s4r2p0mdh4cq,channel-253,channel-1,0.08115415283986907,4.463478406192799
B1F9125FF6403132604280B31BCD30C556465580562F44830184C3D09D875C95,osmo1c9tpxanexwfmrj5ywf282rvnw29vlesepdg79a,genesis1c9tpxanexwfmrj5ywf282rvnw29vlesehl0ch6,channel-253,channel-1,0.08115415283986907,48.69249170392144
9AFA5D237E089998784325176A41AE188D52AE9BDEF7E9A4AE7024F068E2D8D0,osmo19xdmlygyfk69fpceeh8frcvspa4nkxzluvmdrj,genesis19xdmlygyfk69fpceeh8frcvspa4nkxzl27ut34,channel-253,channel-1,0.08115415283986907,16.56207078275107
2986D03D446DCD64AE819422A155F626D7A5D6209384B640DEC7CF4F747605F6,osmo182lpnqqq0umc07hut7xp7j23k32ss3pa9pltx0,genesis182lpnqqq0umc07hut7xp7j23k32ss3panncd5g,channel-253,channel-1,0.07548266049672145,236.96212235930653
A0A311BB17DE3B934CFED1B7E0E082E053990CA972E27D3202521EE502279526,osmo1ag940t2gd4sn0wey7xgfjl83x2t5v62m6629pc,genesis1ag940t2gd4sn0wey7xgfjl83x2t5v62mvgdrnl,channel-253,channel-1,0.031269644595346244,0.31269644595346247
BD00DA4997620AB01F2999404C91C052B960B7429DCFDDE38FEEECB86942A2AF,osmo12eqnft0nryx0qp75nhmdawcsv9mdhceju3yf47,genesis12eqnft0nryx0qp75nhmdawcsv9mdhcej2rr08e,channel-253,channel-1,0.03521611231836176,0.9362135929139168
670B27CF544654FBB3F8BA59001B0872EAE788D16A86E4792CFE7E339768C2CC,osmo1vgu6mpatup4hsyt463mdkac4a6n7qh30laksq4,genesis1vgu6mpatup4hsyt463mdkac4a6n7qh30f03kjj,channel-253,channel-1,0.03521611231836176,0.5528131504797109
0BD32A87F12FE07D17EB40C14DB48DA7653A12633DB5C62E9A81FEB2DA035AFE,osmo1u57ekxxqsjrqe4k9yucv786tvc6yjj265a4cqm,genesis1u57ekxxqsjrqe4k9yucv786tvc6yjj26z0j7ju,channel-253,channel-1,0.01810663888102265,18.106638881022647
815BF8B013F818B3EBD6A90A8904D44EA51B170A9BB5176298D91642DD1CCEC8,osmo103verdnv4pzztty50ua7gs5gj25l2gwu3jq0h2,genesis103verdnv4pzztty50ua7gs5gj25l2gwu8q8f9d,channel-253,channel-1,0.048857086398235536,0.03492684232442542
26FBE0CEC42803A37F79AB019A8DE35E1D08C4E9985110F801ABB7C284AD6B8F,osmo16aypymlama0lk5s8c9s30s09eacpvwnav7ewjv,genesis1h4lx8cm0vnrrahjjfgsjp79jjnyspy6w7ehrxd,channel-253,channel-1,0.008128192774406304,502.32231345830957
0467A431A6AEDD2EFE0F3D7565315D53722F5F6E7FE1C97219B991384929275E,osmo13uup3md785lsd74aws4hx2et052mferw8n6yat,genesis13uup3md785lsd74aws4hx2et052mferw3paz0v,channel-253,channel-1,0.08138466666061502,35.56705692522711
F3D4CA8621F54A381BF39BD4346E22FC24E055D582740EB27002B54DAAE1AB61,osmo163ndtplrrpkh2faf2c0y6t9v86llx86q6spzwl,genesis163ndtplrrpkh2faf2c0y6t9v86llx86qvzxyuc,channel-253,channel-1,0.08138466666061502,0.0008640850770032242
3E5AF14CF6D34443176278FDBB6C4978E14C3A6DFA84E10FB1330B6580E2F380,osmo163ndtplrrpkh2faf2c0y6t9v86llx86q6spzwl,genesis163ndtplrrpkh2faf2c0y6t9v86llx86qvzxyuc,channel-253,channel-1,0.08138466666061502,0.00301240990139298
769D7988EB87F660C2258F2D6CD371ED729B8992F94CF751553A0F1084A898C8,osmo1fr4dse2hghkw2sd3ve4mm4kml76km97xukjzhc,genesis1fr4dse2hghkw2sd3ve4mm4kml76km97x2y4y9l,channel-253,channel-1,0.06286557500268218,0.6915131525047455
F4CD81ABA249E7F2177D6D6DC2103C634490C33BEC448AD10E3B27A0A6445B0B,osmo1fr4dse2hghkw2sd3ve4mm4kml76km97xukjzhc,genesis1fr4dse2hghkw2sd3ve4mm4kml76km97x2y4y9l,channel-253,channel-1,0.06286557500268218,51.25207525724948
C7F7E5DD12D47F685E6ADB004F765D6A1848C6DBDC0E105A9584580F4B7D070C,osmo1s84q7zy0a0f7dchrpj2fk89gyglkwm2eqrzwxu,genesis1s84q7zy0a0f7dchrpj2fk89gyglkwm2ek39g5m,channel-253,channel-1,0.06286557500268218,0.9009659947268511
09DB396FE397262E22B55CDC83187D541430BEF48F45A139115F87E43E4C5FEA,osmo1s84q7zy0a0f7dchrpj2fk89gyglkwm2eqrzwxu,genesis1s84q7zy0a0f7dchrpj2fk89gyglkwm2ek39g5m,channel-253,channel-1,0.06286557500268218,0.16605551700155258
17E1617507F4AAA75D22FE68E3A83B7288D325FE2944F486A51AC17A15583A54,osmo1v2z9rwxt5y98pnrs6ryhqp08ay5azzvmw92wnm,genesis1v2z9rwxt5y98pnrs6ryhqp08ay5azzvmchdgpu,channel-253,channel-1,0.06286557500268218,1407.183030860038
6DE66F2635057E80CD25395852967763F9D6BDE950CE0958909F221A959000B6,osmo1wfw3cdg5uvt0r5lawxr300lpthj48wx23f9y2q,genesis1wfw3cdg5uvt0r5lawxr300lpthj48wx28mzzc8,channel-253,channel-1,0.009404873337126902,0.009879035074215494
3F0F8E2428C0A84A00B5E0DF92EEA652F8EAF672F3F7CBA62F725AAE77106621,osmo1ag940t2gd4sn0wey7xgfjl83x2t5v62m6629pc,genesis1ag940t2gd4sn0wey7xgfjl83x2t5v62mvgdrnl,channel-253,channel-1,0.07841782419654278,423.456250661331
88675399853A627348D357DACF1F7FA54D95FAE8AB1FCC856C1C086788A50EE9,osmo1gett53d9e38gj0t3cxq8ew3hkge7s6kpupmyt9,genesis1gett53d9e38gj0t3cxq8ew3hkge7s6kp2nuzez,channel-253,channel-1,0.07841782419654278,0.7841782419654277
CA73777915362449903BFE28B1BE73C043162ECD9865D961C422574099E155B6,osmo1p59gee55s8gu5j05ejxvr56elv2pewtvl35lzt,genesis1p59gee55s8gu5j05ejxvr56elv2pewtvfrnesv,channel-253,channel-1,0.07841782419654278,28.54970272998124
C91C9DFABA3AA61F96FC94FEF019AD1884643864EF5E2C2EB5285F49D92F4D4D,osmo1qq84kujmpk23m9cfcs0wzmdrxadsy6v4fneydh,genesis1qq84kujmpk23m9cfcs0wzmdrxadsy6v4lp7zls,channel-253,channel-1,0.05742108164272408,0.6029213572486029
2EE3474F16B2D30D994C40AB2E1E5295F4BF9EE5AD061D86F750AB3FFE359960,osmo1s8nzgwexdz8laux65600tkq6mq8pr6h5tftmat,genesis1s8nzgwexdz8laux65600tkq6mq8pr6h5amva0v,channel-253,channel-1,0.05742108164272408,4.116344532180113
68C5896B42898D90304D18C1AC98329F055693F94F863AA343D7C40E2DAD631B,osmo1d8754xqa9245pctlfcyv8eah468neqzn64g887,genesis1qn8sr2hzmktlecusdtxj9hwj0upnm0jfklsk83,channel-253,channel-1,0.060395908292331074,1926.1163739735039
47065D4C2EA51BA78F781FB5B1E58105B50DDB9002443E5828C10204F4CCF3C1,osmo1qn8sr2hzmktlecusdtxj9hwj0upnm0jfqdhs4k,genesis1qn8sr2hzmktlecusdtxj9hwj0upnm0jfklsk83,channel-253,channel-1,0.060395908292331074,880.8565566645324
0DC531B9437A08E40F5D42EA0A893BF03D88685EC9C5EC2EE9CAC3BB82DFF3B7,osmo1kchq6hwcxykm847jugaf5c6x7aqvz4k9rrcl2w,genesis1jk3v4z3v34vfdkjn7yvve7fwdf8acyr5tydw22,channel-253,channel-1,0.1214099510756363,256.66063657389515
AACDC8DBD5EA06BDF83E85D898F253C83F6EEA32E27467644DE720D9B41D6F22,osmo1srgysthmuqpw4f6qsrektu2glj59hz6lt44dyp,genesis1srgysthmuqpw4f6qsrektu2glj59hz6la8jtkx,channel-253,channel-1,0.1214099510756363,910.5746330672723
835798B888741066946142B4B29B3C37DD06F576ABCE49D36A71620FF048DA83,osmo1srgysthmuqpw4f6qsrektu2glj59hz6lt44dyp,genesis1srgysthmuqpw4f6qsrektu2glj59hz6la8jtkx,channel-253,channel-1,0.1214099510756363,607.0497553781815
430CC72C2875B49482C640012D73365851ECE6A69DA4732336A3A59D5D3057F3,osmo1srgysthmuqpw4f6qsrektu2glj59hz6lt44dyp,genesis1srgysthmuqpw4f6qsrektu2glj59hz6la8jtkx,channel-253,channel-1,0.1214099510756363,789.164681991636
A7585F2A6207348299B8F2A898ABBE17AADC59C3F95EB5DB0E49C0AE3359F384,osmo12wgfhlj6xd9lnnp564kdetsgf4jark9cszx07u,genesis1r9sqeje2ppw9kva5x6j34kxh9npu2k0z2nchk9,channel-253,channel-1,0.10492405528229137,3841.7942841610984
E8319C884998A42A51F82F2C6B86962C420609F49DFA257EC26217B10ECB7B4F,osmo1hauvj3muyuswsfn5hc4cqj3zmwe6y33ls3093z,genesis1hauvj3muyuswsfn5hc4cqj3zmwe6y33lxrgrr9,channel-253,channel-1,0.012096260827763744,0.12096260827763744
83C639C6B26DA3A56CB776CBD78BB14B41E3D1BA3AFE54DBBB9180B00F0CA55B,osmo1hauvj3muyuswsfn5hc4cqj3zmwe6y33ls3093z,genesis1hauvj3muyuswsfn5hc4cqj3zmwe6y33lxrgrr9,channel-253,channel-1,0.012096260827763744,3.8008510542312006
5B4FF1F865456F07CFBDABBA7184EAEB69D0A635EE80C8B12C6AFCB4A1AA247C,osmo16aypymlama0lk5s8c9s30s09eacpvwnav7ewjv,genesis16aypymlama0lk5s8c9s30s09eacpvwna6v7gqt,channel-253,channel-1,0.08090428045476364,3.371619566007565
FC63722897A680FE06F67DB40974D7593A0248B9A62A3EF1AC05556F3ACACE2B,osmo1g5tn2xq4m0ch0c7nxdr4usf08aqfnu2urxd2f3,genesis1g5tn2xq4m0ch0c7nxdr4usf08aqfnu2u452vmk,channel-253,channel-1,0.10999925104132979,0.001099992510413298
87E89D275F7BBA95FA0E7BE169ADA58E5B9E943DACF278FA497493EB9B949AD5,osmo1nzgxusarw7tn3w9pz9mtxplwu8jnwrhlgkppxv,genesis1nzgxusarw7tn3w9pz9mtxplwu8jnwrhl7yx85t,channel-253,channel-1,0.10999925104132979,2.199985020826596
8540DAFF62EA22F9C186455A918754917AB46B4DBAA462371D366059158C92EA,osmo1srgysthmuqpw4f6qsrektu2glj59hz6lt44dyp,genesis1srgysthmuqpw4f6qsrektu2glj59hz6la8jtkx,channel-253,channel-1,0.10999925104132979,0.05379388493631933
DF710A8C6892DB7F6D75487CE5698CF48C20A2103117C109F1CFF666DE1B27B8,osmo1srgysthmuqpw4f6qsrektu2glj59hz6lt44dyp,genesis1srgysthmuqpw4f6qsrektu2glj59hz6la8jtkx,channel-253,channel-1,0.10999925104132979,64.24789680640627
2263809DE5746C81F8F28FDF4C8FB1CFC6D74A6D74FADC3CD0592928473A9E64,osmo1srgysthmuqpw4f6qsrektu2glj59hz6lt44dyp,genesis1srgysthmuqpw4f6qsrektu2glj59hz6la8jtkx,channel-253,channel-1,0.10999925104132979,91.46531486865486
200912FE18548FD73B92835E51A11EBA13F3F273E7CDD3D07D1DECA23FE29E56,osmo1lymq2xq3dn6pyvpfc9hq8jd5960mlt65ctfwa6,genesis1nwxhmg73wf7uflmh8p8c4f207nhfwq82fs5k4k,channel-253,channel-1,0.07073958875837395,0.7073958875837395
60FD65C812CE7902D15C1C00E03561CB1DFC7E55F8FFB69689BAC4FBFC9F551F,osmo1lymq2xq3dn6pyvpfc9hq8jd5960mlt65ctfwa6,genesis1nwxhmg73wf7uflmh8p8c4f207nhfwq82fs5k4k,channel-253,channel-1,0.07073958875837395,3.536979437918698
720BA03232A0CC48DE11D622209FD19682A7DF44184688B77F0F3CD10D9D0EFF,osmo1lymq2xq3dn6pyvpfc9hq8jd5960mlt65ctfwa6,genesis1nwxhmg73wf7uflmh8p8c4f207nhfwq82fs5k4k,channel-253,channel-1,0.07073958875837395,0.7073958875837395
77FF87DE4804DC0EBC9C3F48A2987972C4BC17CDB7A41460C556DF75D2373B4C,osmo1lymq2xq3dn6pyvpfc9hq8jd5960mlt65ctfwa6,genesis1nwxhmg73wf7uflmh8p8c4f207nhfwq82fs5k4k,channel-253,channel-1,0.07073958875837395,0.07073958875837395
E38694307FC5EC9B80EDC1A1D0BE1B3693FE90A733C30B095C3182DE6C9EAF53,osmo1lymq2xq3dn6pyvpfc9hq8jd5960mlt65ctfwa6,genesis1nwxhmg73wf7uflmh8p8c4f207nhfwq82fs5k4k,channel-253,channel-1,0.07073958875837395,0.7073958875837395
E4372730A09240E55C1FEECD8D5407247143F2CB74BA606E3CCD442DECDBDB07,osmo152pyztkleex9phvgauhkpqsszp38ul6xg9vv2r,genesis152pyztkleex9phvgauhkpqsszp38ul6x7ht2cy,channel-253,channel-1,0.07073958875837395,0.7781262801955658
CE5988BCFB9EC0D41B1BF86038A24CEE7B8847C1E657ED10CB1918977347EE13,osmo1e8597agptv59rnvl3rvk4pyjylm8syq6fgkls0,genesis1e8597agptv59rnvl3rvk4pyjylm8syq6l63ezg,channel-253,channel-1,0.07073958875837395,2.971062727851706
C6DE8428B40B6CDFB553CF372F5FD8364B714D9FF7A77082B274D5D81F25F77A,osmo17gl6er5798z79ckqv99kz8an2dryl5n5ak95dj,genesis17gl6er5798z79ckqv99kz8an2dryl5n5tyzjl4,channel-253,channel-1,0.07792848839972537,1.714426744793958
99D2CD9DAACEB3F63FB1EB188F5DF282210EAF707B545D29B09687FF9D060D02,osmo19x53pcdduljg9sfn8fzfalkt0g4l988qgqx95u,genesis19x53pcdduljg9sfn8fzfalkt0g4l988q7jprxm,channel-253,channel-1,0.07792848839972537,536.8536106915649
884FD0831D927E5B3CA5DCC5432B880D9927A782FC1B5E7F23ECEF1CED64DBCF,osmo1ej4hw9zvn8wz559xkrdcerjcauagr3xszskduy,genesis1ej4hw9zvn8wz559xkrdcerjcauagr3xs5z3twr,channel-253,channel-1,0.07792848839972537,0.2337854651991761
A14C3F2D7FA0D76805060F51720974EF4F2EEF458C069AD720F05E3521A87413,osmo1kq5frkl9g8qsxnywsdvtw7ej7t7mm2e5kshklr,genesis1kq5frkl9g8qsxnywsdvtw7ej7t7mm2e5qzssdy,channel-253,channel-1,0.07792848839972537,0.8572032416934771
745209E46E57F6E23B7E6D0040A2DA53ED26C37F91E730CE7CD37970B811DDDB,osmo1m234dnn4huwga92r44f23xmu03qa90xm5sktyu,genesis1m234dnn4huwga92r44f23xmu03qa90xmzz3dkm,channel-253,channel-1,0.07792848839972537,0.857213372396979
7CBFF38E9515D773580C138D6F7697EF6BDBF1375BEF6EED69ABB23385AB20A5,osmo1psaav9mslme6kcsspqjemjfn7m0acwyz983jvc,genesis1psaav9mslme6kcsspqjemjfn7m0acwyzn4k57l,channel-253,channel-1,0.07792848839972537,0.07714920351572811
FF5C0607627E85ACA5FE5C1A87521A1EF23B52EE00F1A1E3B9ACE0CD47A8B824,osmo1ux3j2h446q9yf5dvsw4mwa5fnf07ja9v7hnlwd,genesis1ux3j2h446q9yf5dvsw4mwa5fnf07ja9vg95eu2,channel-253,channel-1,0.06445882666777586,3.2887263826033815
ACEA75B3ED0A613340F15CDF94EA35AE3A43105F5476B5152CE8520593E5052F,osmo1hauvj3muyuswsfn5hc4cqj3zmwe6y33ls3093z,genesis1hauvj3muyuswsfn5hc4cqj3zmwe6y33lxrgrr9,channel-253,channel-1,0.014306419885636206,0.02861283977127241
30B1AB36CC4DC2545D689D4A15253621CAD0519214A73F233C7068DC1F59A515,osmo1hauvj3muyuswsfn5hc4cqj3zmwe6y33ls3093z,genesis1hauvj3muyuswsfn5hc4cqj3zmwe6y33lxrgrr9,channel-253,channel-1,0.014306419885636206,0.07153209942818103
BC979587F7A01563498F341F8B44546459C0697435CA9E43F0E4A51795AA1954,osmo1hauvj3muyuswsfn5hc4cqj3zmwe6y33ls3093z,genesis1hauvj3muyuswsfn5hc4cqj3zmwe6y33lxrgrr9,channel-253,channel-1,0.014306419885636206,0.014306419885636206
D8BB96A4F6555FD06F97A207B6D89C77511E3585AAC98BE71D33CD346CA0F560,osmo1mw47fsnfw856k0qlw2hc27me4udtq8kkknqal5,genesis1mw47fsnfw856k0qlw2hc27me4udtq8kkqp8mdn,channel-253,channel-1,0.014306419885636206,31.486997013374072
C9243A16A84911D5DD7A4073E2B47AEDAA70D0C7F29A8EC8B05A6EDEBB88ADBF,osmo1hauvj3muyuswsfn5hc4cqj3zmwe6y33ls3093z,genesis1hauvj3muyuswsfn5hc4cqj3zmwe6y33lxrgrr9,channel-253,channel-1,0.012462368656324323,28.964072679212013
97CCCDD48949B3734B250253E285EF66197308CD15E3E2B543AFE7322182FD67,osmo16hp7wzudkeyw6fvgvalm0fh3elp9czhf9l3k7l,genesis16hp7wzudkeyw6fvgvalm0fh3elp9czhfndksvc,channel-253,channel-1,0.07568805081494996,1.0660721509218252
6CF4EAB1B890A9DC91410B0E35A84C8EAC37CD44051C7BF95AD6E0318DF69BE7,osmo1d8754xqa9245pctlfcyv8eah468neqzn64g887,genesis1d8754xqa9245pctlfcyv8eah468neqznv80p4e,channel-253,channel-1,0.07568805081494996,663.8665276616258
D6994A46FD913AE2DC4D609106E8247BA6DBF46FD4FA6B61F250A874D279D255,osmo1leg58myn2lx4mxfqtzv0yysd3mauy76zeuemc3,genesis1leg58myn2lx4mxfqtzv0yysd3mauy76z0w7a2k,channel-253,channel-1,0.06494294056664368,0.12988588113328736
197F71E0EAE75DB30EBAC005BD5C8FDC8BA3B763E2CCF9AE0713F6B59CD4AFDD,osmo1dtc9eky6pt0zfssh60k3duywjacfu88y93tpx6,genesis1dtc9eky6pt0zfssh60k3duywjacfu88ynrv85a,channel-253,channel-1,0.06494294056664368,4311.4968812789075
3950AB520F4F3C252EDEC012AA98320FF817C5BC30C5A64EDE5E01A3417F336F,osmo1kchq6hwcxykm847jugaf5c6x7aqvz4k9rrcl2w,genesis13z5q0p8g4dythknsfyalul55mp3d92xr53ujqd,channel-253,channel-1,0.23811446021683574,605.0488434109795
9F1E28B362E1055335914F7A2560FF16C943276E66D864F264D3F1FE2BB57DEE,osmo1kchq6hwcxykm847jugaf5c6x7aqvz4k9rrcl2w,genesis13z5q0p8g4dythknsfyalul55mp3d92xr53ujqd,channel-253,channel-1,0.23811446021683574,23.811446021683576
DDF8F949C2D59A8BA6ED826756331C90B8801DBB968E4E67A481A4942BE42E95,osmo1kchq6hwcxykm847jugaf5c6x7aqvz4k9rrcl2w,genesis13z5q0p8g4dythknsfyalul55mp3d92xr53ujqd,channel-253,channel-1,0.23811446021683574,316.4541176281747
64947FA4C427EFCA6BC85021F27A4417B8067C2AB0136126B6AFB0D931593E23,osmo1kchq6hwcxykm847jugaf5c6x7aqvz4k9rrcl2w,genesis13z5q0p8g4dythknsfyalul55mp3d92xr53ujqd,channel-253,channel-1,0.23811446021683574,582.6660841505972
B4E17B7798357DFF6B32F0062FD98BC7A892353D5C2CD55954AE8AC539E440A2,osmo1kchq6hwcxykm847jugaf5c6x7aqvz4k9rrcl2w,genesis13z5q0p8g4dythknsfyalul55mp3d92xr53ujqd,channel-253,channel-1,0.23811446021683574,316.69223208839156
F1A479069F8255E5A5AF28D6D441CB887E07265CBBA5AD9A7CB0EBA17D949563,osmo1kchq6hwcxykm847jugaf5c6x7aqvz4k9rrcl2w,genesis13z5q0p8g4dythknsfyalul55mp3d92xr53ujqd,channel-253,channel-1,0.23811446021683574,0.23811446021683574
9EC70492035D6B53E156A1E4AC4A046A2F7FC38682E5765D687BF8BD8B661B19,osmo1kchq6hwcxykm847jugaf5c6x7aqvz4k9rrcl2w,genesis13z5q0p8g4dythknsfyalul55mp3d92xr53ujqd,channel-253,channel-1,0.23811446021683574,247.1628097050755
6D0145277A62A5DE18E06EDE58FE8CD4878FFADC7B1B49BE5E096E8DFBDD5D65,osmo1kchq6hwcxykm847jugaf5c6x7aqvz4k9rrcl2w,genesis13z5q0p8g4dythknsfyalul55mp3d92xr53ujqd,channel-253,channel-1,0.23811446021683574,238.11446021683574
F760273FB44D07A96606CED6E3293365ED7C7FA314CC0AF7B4F58C8D548254C6,osmo1kchq6hwcxykm847jugaf5c6x7aqvz4k9rrcl2w,genesis13z5q0p8g4dythknsfyalul55mp3d92xr53ujqd,channel-253,channel-1,0.23811446021683574,564.8074996343344
00AFFB790AEEE39521300639B2166EB3E5F7437654F379B55ACC4DC4C8F11C09,osmo1kchq6hwcxykm847jugaf5c6x7aqvz4k9rrcl2w,genesis13z5q0p8g4dythknsfyalul55mp3d92xr53ujqd,channel-253,channel-1,0.23811446021683574,321.6926357529451
04C12C758F7DC8599FF72B45C2D2467AC307417DB8272E8C6806F539DEC6058C,osmo1kchq6hwcxykm847jugaf5c6x7aqvz4k9rrcl2w,genesis13z5q0p8g4dythknsfyalul55mp3d92xr53ujqd,channel-253,channel-1,0.23811446021683574,134.05844110207852
36142D7175F661F38409D3A9A0625D7F635CDFB29944E339775AB76AB346E8F9,osmo1kchq6hwcxykm847jugaf5c6x7aqvz4k9rrcl2w,genesis13z5q0p8g4dythknsfyalul55mp3d92xr53ujqd,channel-253,channel-1,0.23811446021683574,23.811446021683576
3B79E1022020A621E04CC2E19B481ABDA1650A8580A156D2CA7A9446E58EB7E6,osmo16aypymlama0lk5s8c9s30s09eacpvwnav7ewjv,genesis16aypymlama0lk5s8c9s30s09eacpvwna6v7gqt,channel-253,channel-1,0.23811446021683574,578.5087384696701
568E3746CE2786E225A4F2535895054ECCB71904D54873E6D90F423AB202D3FC,osmo16aypymlama0lk5s8c9s30s09eacpvwnav7ewjv,genesis16aypymlama0lk5s8c9s30s09eacpvwna6v7gqt,channel-253,channel-1,0.23811446021683574,677.5052643082532
785200DD7BC50381F838BCADDA4A5993600905617013911781D9E7DC56E5217D,osmo16aypymlama0lk5s8c9s30s09eacpvwnav7ewjv,genesis16aypymlama0lk5s8c9s30s09eacpvwna6v7gqt,channel-253,channel-1,0.23811446021683574,241.93935233983441
46ABC89DA29211826BC1C897F8B7849871A27EF3A2D46DEA5388BC7165A03B80,osmo16aypymlama0lk5s8c9s30s09eacpvwnav7ewjv,genesis16aypymlama0lk5s8c9s30s09eacpvwna6v7gqt,channel-253,channel-1,0.23811446021683574,347.4079354862135
115E484C8C625F67B08FB42EA7736D7B1439E6323B49AF00CC3A329A7D4233F1,osmo1yye3q2u22redre3dhaucynfu78qezh9my8yu03,genesis1955gm0z8h378kae4d3uly93r77ykjwxhf7xffl,channel-253,channel-1,0.23811446021683574,1298.3212547447945
FEB18D66C685525C88D1420F16460810E5A696BE534220D44BEBD35D207E93D0,osmo1ag940t2gd4sn0wey7xgfjl83x2t5v62m6629pc,genesis1ag940t2gd4sn0wey7xgfjl83x2t5v62mvgdrnl,channel-253,channel-1,0.23811446021683574,1202.1600505038778
3998E4D60473BBF18EA0BA930FC9A6F07DB0AC76327C98F676A5DA85CCD7FBCC,osmo1awav8afwjqy0f8uzcqek8pd0er7d9jgr5qv9p6,genesis1awav8afwjqy0f8uzcqek8pd0er7d9jgrzjtrna,channel-253,channel-1,0.23811446021683574,0.23811446021683574
69EAB3FD52E66DE3325B2491E6F24CE6346254C3649EFDA41096A9A64BBA4069,osmo1awav8afwjqy0f8uzcqek8pd0er7d9jgr5qv9p6,genesis1edhjfa474cemzcg525p7nx9f8umr8zftft9eud,channel-253,channel-1,0.23811446021683574,0.23811446021683574
007CAFB4E9BD05327F246CADD5096C119DA4C34B8ADCD0382B57CC8CB6EEFA6B,osmo1kchq6hwcxykm847jugaf5c6x7aqvz4k9rrcl2w,genesis1kchq6hwcxykm847jugaf5c6x7aqvz4k943lecf,channel-253,channel-1,0.23811446021683574,20.076244267053458
63C58AE2DD757E7F02A7FA0999223E366A3E21B30FF6D8CF20F8A1E8369C905C,osmo1kyv95mq6juj3y9yd3pthflz6w6h0cseje9kv7x,genesis1kyv95mq6juj3y9yd3pthflz6w6h0csej0h32vp,channel-253,channel-1,0.23811446021683574,5.194114688358237
C46F30FBE1CEF153761645F979771E0F9877D0A384EEB887FADC412A8BA4EBAA,osmo1p4r5lv6pdchdnxw9ekqjwa08kzefrcrgtmz2hx,genesis1p4r5lv6pdchdnxw9ekqjwa08kzefrcrgaf9v9p,channel-253,channel-1,0.23811446021683574,0.04209251202013276
6374C31B1BFBAFC1E275C01694EFFC412D77FD85550414F35015774AEC5F2437,osmo1s0mcdnsp74relctt3nyfyx4zkuwfn5wff8n73a,genesis1s0mcdnsp74relctt3nyfyx4zkuwfn5wfl45cr6,channel-253,channel-1,0.23811446021683574,2676.644647297451
1996C4851A231E45BDD6CEA3A49C5A98EEB3D9BF928A4C2568AA2CDDA5132583,osmo1s0mcdnsp74relctt3nyfyx4zkuwfn5wff8n73a,genesis1s0mcdnsp74relctt3nyfyx4zkuwfn5wfl45cr6,channel-253,channel-1,0.23811446021683574,2.220479174396507
20D4874DE1061786258043858C9CE1024F166409832DA8667B78ACA08B9E959C,osmo1t8uhtpcwh8gf5l8w0uncjk02d70d2qlfqx39ys,genesis1t8uhtpcwh8gf5l8w0uncjk02d70d2qlfk5krkh,channel-253,channel-1,0.23811446021683574,857.2120567806087
CCB50511D9F83F906289E0CAEDE4DAAF79D775E10BDE7C4830A2B0DAB48253A9,osmo1kchq6hwcxykm847jugaf5c6x7aqvz4k9rrcl2w,genesis1tat77sppnc59s7652mpdcw7r8gzx5pf8z46n4y,channel-253,channel-1,0.23811446021683574,347.88522637679705
99F24F61D307E05017498C8E76C60B56251E98A4885CD15EFD56FEA3338E867A,osmo1w24mmwxpl50n2hcyxjka7u942wl6zuz9jsjd8w,genesis1w24mmwxpl50n2hcyxjka7u942wl6zuz9yz4t4f,channel-253,channel-1,0.23811446021683574,1013.8977557090486
914178D4F2AB2502B36FEC471ED547A31C3CA0605FB751EB2E1DCBEC963E788E,osmo1w24mmwxpl50n2hcyxjka7u942wl6zuz9jsjd8w,genesis1w24mmwxpl50n2hcyxjka7u942wl6zuz9yz4t4f,channel-253,channel-1,0.23811446021683574,1491.203028135809
4F76B372BE69C4BC2312C14EB3111556D8E6855E2ED18144CB813A653199ACA9,osmo1kchq6hwcxykm847jugaf5c6x7aqvz4k9rrcl2w,genesis1ztmm4jra800j3k0f2xqejgy3fchf9ljesv4sv2,channel-253,channel-1,0.23811446021683574,347.40899745636335
3419EB91147121D4BEF257570A3DD30B15AABC603D35F5203C48A2D42CE24E4B,osmo10kn3t58pvyayg878umwyjcga02jsuvddts7unc,genesis10kn3t58pvyayg878umwyjcga02jsuvddaze6pl,channel-253,channel-1,0.04411337123225178,0.2205668561612589
9A11BD021B676CF435F3784DAA15372B01A9FAABDEEA13AA26AAB3E5F66905F8,osmo10kn3t58pvyayg878umwyjcga02jsuvddts7unc,genesis10kn3t58pvyayg878umwyjcga02jsuvddaze6pl,channel-253,channel-1,0.04411337123225178,374.77229812673124
76257AB116C06490DE0D1FAB9771551DDBE7781BCC4E5D772706D896FB064AD9,osmo1gaqsrl4qxeqtks76essut6x4zv9dpzlvkxswdp,genesis1gaqsrl4qxeqtks76essut6x4zv9dpzlvq5hglx,channel-253,channel-1,0.04411337123225178,0.05267517514821034
10A9BC7DAB6939DDEBFC68472557FD7989C5F36FC660A4EC8D93E4ED9FE7C556,osmo1gzn6edx0r2mwavr4rxxzghumhyl77q68700v8f,genesis1gzn6edx0r2mwavr4rxxzghumhyl77q68gag24w,channel-253,channel-1,0.04411337123225178,466.9638336571649
9D58A059B09BC57671934CCC604DFF857A15E7D72D2900F0F4CDB68313663F57,osmo1gzn6edx0r2mwavr4rxxzghumhyl77q68700v8f,genesis1gzn6edx0r2mwavr4rxxzghumhyl77q68gag24w,channel-253,channel-1,0.04411337123225178,154.39680145044457
66AFE7C2FDE98760D4A0C5FF5D1DAD7E4948FC86D87E93F51B3706A197D95DC6,osmo1srgysthmuqpw4f6qsrektu2glj59hz6lt44dyp,genesis1srgysthmuqpw4f6qsrektu2glj59hz6la8jtkx,channel-253,channel-1,0.11771299516493913,588.5649758246957
E7869A24B5BBC822D1D1360BC07BCFD79B7384971989C81AB65918E4D9136E78,osmo126e6k82fwwywf9mps9zjqky8hevfyjy54m2vdc,genesis126e6k82fwwywf9mps9zjqky8hevfyjy5rfd2ll,channel-253,channel-1,0.08155564955278671,8.939941003492544e-05
8432F218095D12431654154036DF1B433EB716ED1E5FA6BB3EC9CA4BF7499D15,osmo14d8v9hw2ev43gffkuk5d3wk4gpfu9vdtppjhmy,genesis14d8v9hw2ev43gffkuk5d3wk4gpfu9vdthn43fr,channel-253,channel-1,0.08155564955278671,110.06080835655152
EF7955C038604CDA85F1614DB216B648C4A7167159CE490AB61F668EFCC89D8C,osmo1f0su7dw6zjhf9924rqlmxx7eecuzwr9w9q6fag,genesis1f0su7dw6zjhf9924rqlmxx7eecuzwr9wnja000,channel-253,channel-1,0.08155564955278671,1967.1222672132158
E918575C4F01B2E8BDD1DCAAB579772CEECB419D5D8155F9A302E49885F0F414,osmo1m2mm7kzvw6m3464h94ryqg8xvr6tyeyy3rj39j,genesis1m2mm7kzvw6m3464h94ryqg8xvr6tyeyy834hh4,channel-253,channel-1,0.08155564955278671,0.10472305269914055
1D07A71940C3B4F8250B34CA2214F806C024BAC7932C46CF041D1377EE9C2814,osmo1qnlxnneluedfg3lusv8r36t5c0s4r2p0dlsn28,genesis1qnlxnneluedfg3lusv8r36t5c0s4r2p0mdh4cq,channel-253,channel-1,0.08155564955278671,1.3048903928445874
7C7973D3F9ED8798BA2E6AE5661F92AC8978E8F804A60DC3FB591E8CF3E56D9D,osmo1klx6z8yplryeydlxrfl9umu6gwj2lvsg8ly60k,genesis1klx6z8yplryeydlxrfl9umu6gwj2lvsg3drua3,channel-253,channel-1,0.031506819585727576,407.6982454393149
FCCD6CFEB6AECBD761C227A457603DDD112CEC71D8DD65049EED09435478390E,osmo1nmx6m0ax89t3lgl3xmyjmt6nxjdq4kxfl46exf,genesis1nmx6m0ax89t3lgl3xmyjmt6nxjdq4kxff8al5w,channel-253,channel-1,0.031506819585727576,1012.3771269285985
E00AB29EAAFB02D5D8D2D0DBD49840A12B1A212E594207EC80C55DC71651B7B5,osmo1qnlxnneluedfg3lusv8r36t5c0s4r2p0dlsn28,genesis1qnlxnneluedfg3lusv8r36t5c0s4r2p0mdh4cq,channel-253,channel-1,0.031506819585727576,16.38354618457834
957B74B737520B9AC5D64B697A425420B451D0B0C1741FAABF07DFD18FC8B95C,osmo1ag940t2gd4sn0wey7xgfjl83x2t5v62m6629pc,genesis1ag940t2gd4sn0wey7xgfjl83x2t5v62mvgdrnl,channel-253,channel-1,0.006300327647843376,2.2051146767451817
949B920818D40F94DFEA769E742479FF9AB674727FAC8F83B499435A5A64F9C9,osmo1zgpk47fdq32rc6wh8s0qh9wcz0wut0apcaqpr2,genesis1u6tmrt4wg0xvghe9phjhylzrte6muvnvlulz7f,channel-253,channel-1,0.05023847919711897,0.05023847919711897
E1C4E6BF252B32BAFE85279D0FB6F21F3A46D8D61D8798E0AA1B951AECA725EB,osmo13gu73wcxa084n74fhxdgxfv3z8qe5h6em0cj7j,genesis13gu73wcxa084n74fhxdgxfv3z8qe5h6edal5v4,channel-253,channel-1,0.071234259419418,20.88765935645597
FA0BEA0FEB80231CE47B951580DE00B46C2AA215E415DA9B79FAA33F7E318A86,osmo18sfflzjtercqwv3w4dtg9w6dlgvx0ps97dkrgz,genesis18sfflzjtercqwv3w4dtg9w6dlgvx0ps9gl3969,channel-253,channel-1,0.071234259419418,0.7835675931598642
25EE9FA07356E81944216397C646279F6613E65154DCB9E4405590B3C699B341,osmo1jgcpfh7ft5y8wch47nasuwx5gkmgfkurj2ap3l,genesis1jgcpfh7ft5y8wch47nasuwx5gkmgfkuryc68rc,channel-253,channel-1,0.071234259419418,28.494968064086716
D5E41C10FBCD3D1F34BBDA8F4D757595BF94C05D442BE06B255A0996CF293330,osmo1jgcpfh7ft5y8wch47nasuwx5gkmgfkurj2ap3l,genesis1jgcpfh7ft5y8wch47nasuwx5gkmgfkuryc68rc,channel-253,channel-1,0.071234259419418,0.7835675931598642
EF3280230AAB2A3328B06A091E2B7D72CF6E5A19E27D2B916FB247E5AFCC27B1,osmo1s6mdag35z5jn0xepmshunyp4dzg9mu3vh325gw,genesis1s6mdag35z5jn0xepmshunyp4dzg9mu3vprdj6f,channel-253,channel-1,0.044892240960427834,902.4793550306237
CF8B5C945990FEC3E6256DA7755E8291C23D79AF7AD8462B86CD7A347CCB6811,osmo1zgpk47fdq32rc6wh8s0qh9wcz0wut0apcaqpr2,genesis1u6tmrt4wg0xvghe9phjhylzrte6muvnvlulz7f,channel-253,channel-1,0.044892240960427834,142.8022184951209
358A90154B0F12A2A29B290A49032556E8F2B0CCAA3BD913F80D278A6E26F2AA,osmo10yu8w9p4p0szf2xwhtndmfjnp0gfk4j7j3azdm,genesis10yu8w9p4p0szf2xwhtndmfjnp0gfk4j7yr6ylu,channel-253,channel-1,0.03750167706928743,492.7345350133675
121AFAD81D92C7ABD26E6270207BE6AC6C3248B600BC4C42D91454D64D18E978,osmo1yp97lt0y483gv5m6f7kdu7x2arv8ka6hhlgcvt,genesis1yp97lt0y483gv5m6f7kdu7x2arv8ka6hpd077v,channel-253,channel-1,0.03750167706928743,0.027482567939114196
68035BE8D3E9FD8E4D0D8AD1F4BCC9862559C231758C93F73D1D5E21C5881AA9,osmo1l6y25dxyhnzcpm0sgkknelpmtfn9nw5u7zcf64,genesis1l6y25dxyhnzcpm0sgkknelpmtfn9nw5ugsl0gj,channel-253,channel-1,0.03750167706928743,0.4125135725441379
C1C55FFC4B93CB10C1993590859BBB194C25C4786BF96DFBBECA997ECB5E2589,osmo1v0rc5c6r0j064e2prmhkwqr8sed7hpmkk8rlv7,genesis1v0rc5c6r0j064e2prmhkwqr8sed7hpmkq4ye7e,channel-253,channel-1,0.03750167706928743,0.4125135725441379
824720814FB19973FD77E6AA0FF8CDA002432E0F6375821C192FA67B4A35D579,osmo1w7vxy07fusax24gcsntwk09fu2p8y8xsf6erk3,genesis1w7vxy07fusax24gcsntwk09fu2p8y8xslg79yk,channel-253,channel-1,0.03750167706928743,0.4125135725441379
B71CAAA68317B9012604FB9226ED1474423DA5CCEBEBC18A839DEB6252DD6120,osmo1yp97lt0y483gv5m6f7kdu7x2arv8ka6hhlgcvt,genesis1yp97lt0y483gv5m6f7kdu7x2arv8ka6hpd077v,channel-253,channel-1,0.03750167706928743,0.08415572132905419
D4B6841F2A1A2A9347782B15B3E25FC39F49F77E004AF601F12C07A212C5EFBD,osmo1wyyu0n549ph0p6pcj4qchppdrh40rpk9dx7gnj,genesis1wyyu0n549ph0p6pcj4qchppdrh40rpk9m5ewp4,channel-253,channel-1,0.03750167706928743,0.4125135725441379
EA6E423EF522504D5E4CEDA2ABF31EA555CEB56DB7039E32FA4906A765DF9426,osmo1cdla0q73d8t838q75q6z64srv4zrn4vps7hkcd,genesis1cdla0q73d8t838q75q6z64srv4zrn4vpxvss22,channel-253,channel-1,0.03750167706928743,0.4125135725441379
DF63A681BF7597B1A1B91369076EC6BB8076D310DB7D17D4ECF93B8C1583E785,osmo142wl5w6krkhmhaucnl75rzfh77wuydruz00ak5,genesis142wl5w6krkhmhaucnl75rzfh77wuydru5agmyn,channel-253,channel-1,0.03750167706928743,0.4125510742212071
C1ADF8F1E038FB57B3050CD3743FF0FB947F0E5D04F67851A2D7D84839D304E4,osmo16mcugkhrt8m30ctrnyfwmdt7gcp0unup0ztl8z,genesis16mcugkhrt8m30ctrnyfwmdt7gcp0unupesve49,channel-253,channel-1,0.03750167706928743,0.4125135725441379
7A683AB7391C02C0DD3749D7EE538BE723182115B316CA087141E41C2F432C07,osmo1qxts5avx4cr55fm6mfz4xdtrq446wqxpgevhcx,genesis1qxts5avx4cr55fm6mfz4xdtrq446wqxp7tt32p,channel-253,channel-1,0.03750167706928743,0.4125135725441379
39AECDFBB7BE159F68FE8449E557F58701AACF15BAC424C643C38B6A1F5AB736,osmo1s84q7zy0a0f7dchrpj2fk89gyglkwm2eqrzwxu,genesis1s84q7zy0a0f7dchrpj2fk89gyglkwm2ek39g5m,channel-253,channel-1,0.03750167706928743,0.6375285101778863
B634A6E9C3EDB62DA165FE8638D937BBD9E69451C15C5FE6E5E60BB80AADE74B,osmo10yu8w9p4p0szf2xwhtndmfjnp0gfk4j7j3azdm,genesis10yu8w9p4p0szf2xwhtndmfjnp0gfk4j7yr6ylu,channel-253,channel-1,0.06463283319951114,928.12748474498
450973F193EF5D39AD14AE0576B5249AC6BB818E9D94E861A7E9254636A70FF9,osmo1v2z9rwxt5y98pnrs6ryhqp08ay5azzvmw92wnm,genesis1v2z9rwxt5y98pnrs6ryhqp08ay5azzvmchdgpu,channel-253,channel-1,0.06463283319951114,6427.541363191784
97AC6776B1F796CD4943107EB03559142591C64E8F58204DE0C519456B9231E0,osmo1vgu6mpatup4hsyt463mdkac4a6n7qh30laksq4,genesis1vgu6mpatup4hsyt463mdkac4a6n7qh30f03kjj,channel-253,channel-1,0.08032964172264534,1.4306613019115475
A97AB9F17474046493BB30AF88F17106C2A3E19179E8DF81B704D28780488B54,osmo17c6syh2twxa3tqwlrg945kj7exvz825xwqzlad,genesis17c6syh2twxa3tqwlrg945kj7exvz825xcj9e02,channel-253,channel-1,0.08032964172264534,0.8032964172264534
4FB04A274EE8ADEC1B42C5D8415293FEC971BBC872C4601296C02E34E158A926,osmo1rgzad49ewenppz89tn2jwehp59czn6k4tg2wsq,genesis1rgzad49ewenppz89tn2jwehp59czn6k4a6dgz8,channel-253,channel-1,0.05622888625269572,0.004837903750504127
34D59B084C9F6591F87A0CACF21BF0099F9922A98C362E503480F64C11793DBB,osmo1rgzad49ewenppz89tn2jwehp59czn6k4tg2wsq,genesis1rgzad49ewenppz89tn2jwehp59czn6k4a6dgz8,channel-253,channel-1,0.05622888625269572,0.005599412623612723
476F6A98300BC2E25AFA623C1C0D46683DE30F3EA2F3F119FCD4EC056794A282,osmo1s8nzgwexdz8laux65600tkq6mq8pr6h5tftmat,genesis1s8nzgwexdz8laux65600tkq6mq8pr6h5amva0v,channel-253,channel-1,0.058806519035244045,2.9921344860415404
BDA251614A0DC4CFD1C52EAF72497D210FC30F6044101E4122271904E969AA49,osmo15fh6qz7w8eccak0clczsjxzvw4t5sl9ke2q7pl,genesis15fh6qz7w8eccak0clczsjxzvw4t5sl9k0c8cnc,channel-253,channel-1,0.0748517541244494,0.8233595646408977
6C894E03E94ACD9407C5FA16C105A611C54C5C4C0C12C2C5C469C09788B89A9F,osmo17gl6er5798z79ckqv99kz8an2dryl5n5ak95dj,genesis17gl6er5798z79ckqv99kz8an2dryl5n5tyzjl4,channel-253,channel-1,0.0748517541244494,2.245552623733482
FB6FB1BC8BE73F80953B9C71E54234E7F7E9B9968F01D5AC91E14145526C0ED5,osmo1a7er44z6lm9l97d4ur0lht8ul8r2ep5ljpquv8,genesis1a7er44z6lm9l97d4ur0lht8ul8r2ep5lyn867q,channel-253,channel-1,0.0748517541244494,0.748517541244494
FD3A982698709B8D13C4611F2ED131B66256FF1BD87FB90D3DCEA30FC8F3C30C,osmo1ag940t2gd4sn0wey7xgfjl83x2t5v62m6629pc,genesis107ff0tztguhn637e0jf3pjecs7kk333gaprfj3,channel-253,channel-1,0.0904328101876506,452.164050938253
DB27C78FC2704D184D69344D88FB890434FB1B86B8860C6B18CDC5BE197A667C,osmo1w24mmwxpl50n2hcyxjka7u942wl6zuz9jsjd8w,genesis1w24mmwxpl50n2hcyxjka7u942wl6zuz9yz4t4f,channel-253,channel-1,0.0904328101876506,170.87180722832636
49E366C66A7DF3B4021AAAFB70293560CC17AA3DE780999E21EE88386ED45F2B,osmo15z5fvkqv25zcpkp5hrceapazyn3dkynrc5ap4g,genesis15z5fvkqv25zcpkp5hrceapazyn3dkynrwx6880,channel-253,channel-1,0.14023881252587747,0.05975809228331692
9410ECAB43CE4B6A0C9F966E7C47CD61B842BCB3126A74EAFBB7ADF07352D2D8,osmo1kyly26j3kpac52d5chqar82c7m9eukfmy5707c,genesis1kyly26j3kpac52d5chqar82c7m9eukfmjxefvl,channel-253,channel-1,0.14023881252587747,982.877032495403
0527581A54B261EACEC80EA32FCFD23E0F7B673EC68FD37E10EFD0D14F687C3E,osmo1myvczdz58c7ew2wlwgj2s7w7d56e00y86t6ylq,genesis1myvczdz58c7ew2wlwgj2s7w7d56e00y8veazd8,channel-253,channel-1,0.14023881252587747,0.9944538864185284
5496F21528895A4678535274AA2A2579BC623902886AC7AEF59474EF17E772EC,osmo1srgysthmuqpw4f6qsrektu2glj59hz6lt44dyp,genesis1srgysthmuqpw4f6qsrektu2glj59hz6la8jtkx,channel-253,channel-1,0.14023881252587747,0.18798927956354608
B71F091190FE8AB641E59D75C7350D716E9F5014E612F9CE0762526A1132D582,osmo1tx706k3h46vfrltur2c0wjg53gp0e0syrnjmp9,genesis1tx706k3h46vfrltur2c0wjg53gp0e0sy4p4anz,channel-253,channel-1,0.14023881252587747,1.2017901429478048
61913387195FB3491C1D76FF20FEC6EB2C1B3D585BC6FABCDB3694445175A0A6,osmo14ch295rgshayusha4eg3kkqlzg0xhnxdhjy8xr,genesis14ch295rgshayusha4eg3kkqlzg0xhnxdpqrp5y,channel-253,channel-1,0.04162502624506094,1097.069191714826
E16832E5E3DCBD3CF49EA1D060004A8C3AB467E32CD00A179F4252EA0111E194,osmo16cxs9lzngthknnhp7u7aqwktkda8t0ze83mfdg,genesis16cxs9lzngthknnhp7u7aqwktkda8t0ze3ru0l0,channel-253,channel-1,0.04162502624506094,0.04145767064255547
29A4F6873F436BDD207D14E108F234CD28701FC397949650A807452CAE1C612E,osmo1k7nssnnvxezpp4una7lvk6j53895vadpt3a3l0,genesis1k7nssnnvxezpp4una7lvk6j53895vadpar6hdg,channel-253,channel-1,0.04162502624506094,7.868614406366437
EE5239E882E5AD8B41D894312CD8B19AF01C5202A88FAE729DE061B813535C37,osmo13uup3md785lsd74aws4hx2et052mferw8n6yat,genesis13uup3md785lsd74aws4hx2et052mferw3paz0v,channel-253,channel-1,0.07209133716987663,17.004990859155708
94305D9BC757E58F8E92BA34B16FD6D8D2A7448E374422E351FBBFDFE60FD7FF,osmo17lfqk0f03kccjt2u86ydcxnxjy6d8tfjef875y,genesis17lfqk0f03kccjt2u86ydcxnxjy6d8tfj0mqcxr,channel-253,channel-1,0.07209133716987663,0.10224538946180517
760981CB11B245CA717290C970C042897725068E330AA4577802366022D1CE01,osmo16aypymlama0lk5s8c9s30s09eacpvwnav7ewjv,genesis1h4lx8cm0vnrrahjjfgsjp79jjnyspy6w7ehrxd,channel-253,channel-1,0.006244717464844795,37.46830478906877
B7F3E42EA33E8E7F92FAA8D467D4FB054DE63813DA4C93985E5F8F751200E13F,osmo16aypymlama0lk5s8c9s30s09eacpvwnav7ewjv,genesis1h4lx8cm0vnrrahjjfgsjp79jjnyspy6w7ehrxd,channel-253,channel-1,0.006244717464844795,174.85208901565426
974DE8ED5CB53BC9430067F794A7B05C211EBBB5418E62D83EACA42005BFDC3D,osmo16aypymlama0lk5s8c9s30s09eacpvwnav7ewjv,genesis1h4lx8cm0vnrrahjjfgsjp79jjnyspy6w7ehrxd,channel-253,channel-1,0.006244717464844795,343.45946056646375
69AE52761E60AFE410BDA36244212F3648D012D09C6082771A108148F400481F,osmo19qmgcwr9rrj7heveqeakn7g450yqtkngw884ld,genesis19qmgcwr9rrj7heveqeakn7g450yqtkngc4qnd2,channel-253,channel-1,0.029052510074080145,0.29052510074080146
92045B83481DF325240161BB6989CD5E696C525D46EFDF9531709BE850643045,osmo19qmgcwr9rrj7heveqeakn7g450yqtkngw884ld,genesis19qmgcwr9rrj7heveqeakn7g450yqtkngc4qnd2,channel-253,channel-1,0.029052510074080145,1619.5134201044418
01FFB619746368552FAE55A64D9AD0E3436EBA0DCE58AF023117990331D0DCEB,osmo1cddkj9qt534dgv0lpqfvcltl8fkq55rap5zkgj,genesis1cddkj9qt534dgv0lpqfvcltl8fkq55rahx9s64,channel-253,channel-1,0.029052510074080145,1.97557068503745
0C6ECBAB91AF935A040F91B42013580ACE13A937D6E1098EACB2D5A624002437,osmo1hmvnht5pmajf8gv6v9lqxe3yptl6zhpgdgw4es,genesis1hmvnht5pmajf8gv6v9lqxe3yptl6zhpgm6fnth,channel-253,channel-1,0.029052510074080145,0.019279514100012777
85336517D344709D0F74E705B6161BF016C4D9BFF133057FA0AF09C44D516986,osmo1hmvnht5pmajf8gv6v9lqxe3yptl6zhpgdgw4es,genesis1hmvnht5pmajf8gv6v9lqxe3yptl6zhpgm6fnth,channel-253,channel-1,0.029052510074080145,1.3053971647169007
1DC8AE6804D4FA155D6303F5D3EB1ABFD9910180F2785B0F8AF86DEA1ABD46E3,osmo1hmvnht5pmajf8gv6v9lqxe3yptl6zhpgdgw4es,genesis1hmvnht5pmajf8gv6v9lqxe3yptl6zhpgm6fnth,channel-253,channel-1,0.029052510074080145,4.365090865868876
A14BF8551EE0AF536552820F31B203BEB571DA32D7B9721E40AA0DD1C254419B,osmo12960s7qmmxcewmtyh5gf95dlg3yl7vh22xq9kx,genesis12960s7qmmxcewmtyh5gf95dlg3yl7vh2u58ryp,channel-253,channel-1,0.05622888625269572,1195.1449773010474
0C173110066F8034CDA745A5AF2B2B5D41800BF8891C50B29C871D1F5324C074,osmo103verdnv4pzztty50ua7gs5gj25l2gwu3jq0h2,genesis103verdnv4pzztty50ua7gs5gj25l2gwu8q8f9d,channel-253,channel-1,0.07065134264809318,0.010183974072414741
8FA9D76A1130DCF8F153F8475E14E9C4293C152006B23714CE52A06684C8CB96,osmo137a5g8dqa4v0ex5c42595fhn09fu06ghvj7wsh,genesis137a5g8dqa4v0ex5c42595fhn09fu06gh6qegzs,channel-253,channel-1,0.0819764926729435,0.07638756208901011
A93EA2D22BFA646AC3238B8A8AC680EC319A9E2347C20BC980156C0FB001755C,osmo157z90gd97m5cs2sky7ddenvuvnjr7xypsmrvkd,genesis157z90gd97m5cs2sky7ddenvuvnjr7xypxfy2y2,channel-253,channel-1,0.0819764926729435,8.517697942545569
8AB26D00D4A64CE52F295DAFC29B6D382245B91A3E466185E9B35525197C67E0,osmo1q8zrfyv7muv7aflr5xzn069zfumy4xs8qjtw6e,genesis1lph08kzqqqmvrgqax3gta33e0svuhamt8z2az2,channel-253,channel-1,0.0819764926729435,0.038150925461847875
34957BA7636E57309ABF190EE4A00CB9D74D0626A1E0FB7652493E6CF610266C,osmo1tdlzylelj5kjtqxtnknl05qy6tdgm2gv52qkjj,genesis1tdlzylelj5kjtqxtnknl05qy6tdgm2gvzc8sq4,channel-253,channel-1,0.0819764926729435,4.435512286851748
E70B90AEBCEBBE9AEA601AA44192A22AFEBE3AAACC8C1C6BB9356C6E9782D395,osmo1zmd2dgrh25r39f0rj404jzsq9trq76cdylk50c,genesis1zmd2dgrh25r39f0rj404jzsq9trq76cdjd3jal,channel-253,channel-1,0.0819764926729435,18.14140396531156
21F31561D9EC100CA8EE4880B88DB6528B5F570630E7680CB8DEC2AA460B0971,osmo1jgcpfh7ft5y8wch47nasuwx5gkmgfkurj2ap3l,genesis1jgcpfh7ft5y8wch47nasuwx5gkmgfkuryc68rc,channel-253,channel-1,0.07251989920069368,12.217892690671311
68189439E652F0B061FA5984DBAAF004EBDB8EF91B8341C2036FE77369DE3657,osmo1shnh6jq6c9gt2uaynzee7eh47806lx9wrm09rm,genesis1shnh6jq6c9gt2uaynzee7eh47806lx9w4fgr3u,channel-253,channel-1,0.0396476592358653,0.11466035563351096
08868D936296830E6D22EF257AE936E9CF7EE36945AA7DEFB2682024F282BFCA,osmo1h5shnh6dnjtalh84cxl04taa2klvkz5fg6fjr7,genesis1h5shnh6dnjtalh84cxl04taa2klvkz5f7gw53e,channel-253,channel-1,0.08090428045476364,0.43402097415248553
AEE78A598BA88330B94B44457ECE77E4420486495B4F441F7888992272E0A97A,osmo1qawq9fnx5rz7walpj5feryrhat7pjwkac3fvwd,genesis1qawq9fnx5rz7walpj5feryrhat7pjwkawrw2u2,channel-253,channel-1,0.08090428045476364,0.8090428045476363
3695169953C15F2A541E4AA2615EECA5CD46F587062B6103BF3A25FD6EB32DCD,osmo1qgssys0tk4rg0xdf4mpjzqdpvscejmtc4wlqt7,genesis1qgssys0tk4rg0xdf4mpjzqdpvscejmtcrucxee,channel-253,channel-1,0.08090428045476364,0.8090428045476363
A00993E00B3F24901FF75B717AB977706E45CE9AAAFFCB8FAB2F5BFC74C4B7DE,osmo1v3um4h8ljp26frtjczzd0jse8gqhr82vxwvmrm,genesis1v3um4h8ljp26frtjczzd0jse8gqhr82vsuta3u,channel-253,channel-1,0.08090428045476364,0.40452140227381816
2511FF749B4C657771670CFC1275C0786D6B1C94C1A803DCE3E6DFEA0E525713,osmo16aypymlama0lk5s8c9s30s09eacpvwnav7ewjv,genesis16aypymlama0lk5s8c9s30s09eacpvwna6v7gqt,channel-253,channel-1,0.012298269176019939,153.72836470024922
76E719B6AF18D8F78D0DF4033725972F6D19C95BB3B56AC6EFAB42A9767CABB5,osmo1378dkrevhzm4tjnyfpqczt7ks3z5f6fyhgl4yl,genesis1378dkrevhzm4tjnyfpqczt7ks3z5f6fyp6cnkc,channel-253,channel-1,0.07761298677028249,0.31045194708112994
DFFC7EC113A2EE0A2433CA5CB137CE0A8357BC5AC2C7EDBFB991EA9A58E1943B,osmo1me3hg2l74zn5ag9y879u7re4cp4dxea9h5d45s,genesis1me3hg2l74zn5ag9y879u7re4cp4dxea9px2nxh,channel-253,channel-1,0.07761298677028249,0.31045194708112994
08740BA09B159A88945645242B8B8F9FE035B8E64D48AFC5058640E478DDA9A1,osmo1zg453l326xgrk5nm2prru4teqkym8zc9pe5r0z,genesis1zg453l326xgrk5nm2prru4teqkym8zc9htn9a9,channel-253,channel-1,0.07761298677028249,3.601089926152567
38B9209328CC578CF9A7977154F6C533819A46A187B96F4A0E406BA113043445,osmo19xeucpasxg08jthuhktw3m82gcnz8myx0cw7hx,genesis19xeucpasxg08jthuhktw3m82gcnz8myxe2fc9p,channel-253,channel-1,0.0760317956597019,0.7603179565970191
F0AD4F9E04C81372F40145B52272FCB32EF00EC487B8A342A5B9A1D9A050C40E,osmo1gr4xqrhmn44a7uu4ddhdulyrngxs0w2nqhw8pj,genesis1gr4xqrhmn44a7uu4ddhdulyrngxs0w2nk9fpn4,channel-253,channel-1,0.0760317956597019,1.2675710287338129
AE994A236C576524334BDCAED735D4504C72F47FC88143D058776013F8077BE6,osmo1px2q40q3twagt23d4jc7nwdu2kdw59dhce078d,genesis1px2q40q3twagt23d4jc7nwdu2kdw59dhwtgc42,channel-253,channel-1,0.0760317956597019,0.024458124232341588
4489D45E8585566C4A2DED4198749F66F5960DDFB6E06AF28A7644CC1972F5F8,osmo1ze0h7kf8044ekqkcmwcxnhrjcevwk0tzg4wmyj,genesis1ze0h7kf8044ekqkcmwcxnhrjcevwk0tz78fak4,channel-253,channel-1,0.0760317956597019,0.0760317956597019
0548DC7DF03E305860A4F5FB5B8754E9B181BB65AB848C2383C5B86F47247364,osmo1vmjdd0uh783h6068nvjsvw0uvs57v5h50793hw,genesis1vmjdd0uh783h6068nvjsvw0uvs57v5h5evzh9f,channel-253,channel-1,0.011926967693759042,0.11926967693759041
68EF33D151FA42B3EA9236DF48B8827FEDD5F39CCDB3B5984D7A4AD3C41A901B,osmo1vmjdd0uh783h6068nvjsvw0uvs57v5h50793hw,genesis1vmjdd0uh783h6068nvjsvw0uvs57v5h5evzh9f,channel-253,channel-1,0.011926967693759042,0.11926967693759041
63EB73C9BE03ECD367EF9926C9DFA3B52BFAB7504B7BD0A2C05209172B36EC3D,osmo1gzn6edx0r2mwavr4rxxzghumhyl77q68700v8f,genesis1gzn6edx0r2mwavr4rxxzghumhyl77q68gag24w,channel-253,channel-1,0.0431912896990716,300.2068825229345
F0DBE58C9132F2EA58D52C4ADCD4E6FC81A618F471709D363BADFFADB8F35BB5,osmo1gzn6edx0r2mwavr4rxxzghumhyl77q68700v8f,genesis1gzn6edx0r2mwavr4rxxzghumhyl77q68gag24w,channel-253,channel-1,0.0431912896990716,1428.6930268116516
B5CFCA972314608E69FBBC64C68E6B64F4EF86B0D60ADD5A4C112E0B7E473854,osmo1gzn6edx0r2mwavr4rxxzghumhyl77q68700v8f,genesis1gzn6edx0r2mwavr4rxxzghumhyl77q68gag24w,channel-253,channel-1,0.0431912896990716,942.2533340571241
AA5F684E86862E3BDDCD592292EAF2269B61610DC1CC05E54E8A64FB70AB6A5B,osmo1kyly26j3kpac52d5chqar82c7m9eukfmy5707c,genesis1kyly26j3kpac52d5chqar82c7m9eukfmjxefvl,channel-253,channel-1,0.0431912896990716,1101.4077314920023
D950010995F17D097860F3E6AD33D77DC84CD4782D66CC0CC45A64A951D3B0E2,osmo1zgpk47fdq32rc6wh8s0qh9wcz0wut0apcaqpr2,genesis1u6tmrt4wg0xvghe9phjhylzrte6muvnvlulz7f,channel-253,channel-1,0.0431912896990716,0.215956448495358
088C8D747676B688BD0318A000DCD1E200D4D28E8D3E80AC9D186B1FA84E2C8E,osmo1wfw3cdg5uvt0r5lawxr300lpthj48wx23f9y2q,genesis1wfw3cdg5uvt0r5lawxr300lpthj48wx28mzzc8,channel-253,channel-1,0.012861658564340241,2.2095502586381737
1559F4B9F6CB03B8745A77E2F7AA5E3211A12762FF465803BC5D17DF21DBA550,osmo1gzn6edx0r2mwavr4rxxzghumhyl77q68700v8f,genesis1gzn6edx0r2mwavr4rxxzghumhyl77q68gag24w,channel-253,channel-1,0.0396017314740353,743.2343703129334
1545D553CF534EDEC32DD49A03DDC31816225FF537A355D5C8DAB76C9DDCAB1D,osmo1s0mcdnsp74relctt3nyfyx4zkuwfn5wff8n73a,genesis1s0mcdnsp74relctt3nyfyx4zkuwfn5wfl45cr6,channel-253,channel-1,0.0396017314740353,483.4807457811843
B5B0EB89CAD9FD5413BDA0422AD56B20D83C12514D0B4B98E65F0EC40ADD003E,osmo1yaaemqhc8776gxy0e2l53nrw6dmewd7sfa82vg,genesis1yaaemqhc8776gxy0e2l53nrw6dmewd7sl0qv70,channel-253,channel-1,0.0396017314740353,0.9267121562931968
EC0638545D2A39BCED721083E77B55DC1B5A07C7A47CC3C3D7E2FCFF635F2CB6,osmo1yaaemqhc8776gxy0e2l53nrw6dmewd7sfa82vg,genesis1yaaemqhc8776gxy0e2l53nrw6dmewd7sl0qv70,channel-253,channel-1,0.0396017314740353,15.485360131659318
2B89A4B2A79DAE9F18A8D150FACFD5D23142A06291E4A850FC80EF608591DB0B,osmo1yaaemqhc8776gxy0e2l53nrw6dmewd7sfa82vg,genesis1yaaemqhc8776gxy0e2l53nrw6dmewd7sl0qv70,channel-253,channel-1,0.0396017314740353,0.18534243125863933
E03EB334492D5B7985DDC8150609F8CB348CCE9095067BFFC0BC0C73B75D7759,osmo1336llh99tvewtfakjsd450k7xndc9xh8rhuf7e,genesis1336llh99tvewtfakjsd450k7xndc9xh849m0v7,channel-253,channel-1,0.10307976264536418,0.7163580010925366
9445081CDC34C5D1487779A6519096BEF0982740B8E80EF1927BCBE14DCF09D1,osmo15kpatpaxymy2vygy2wsgc48v7dm0c2efgnr3wf,genesis15kpatpaxymy2vygy2wsgc48v7dm0c2ef7pyhuw,channel-253,channel-1,0.10307976264536418,5259.372100258924
66F4BEFE970A2F84DC364641FFFC031642C82B583B8783BA19D58E6C6F5D79BD,osmo1kchq6hwcxykm847jugaf5c6x7aqvz4k9rrcl2w,genesis1jk3v4z3v34vfdkjn7yvve7fwdf8acyr5tydw22,channel-253,channel-1,0.10307976264536418,449.63392465907856
AE0CDEC8EEE1D37A700B084DCFCA907B0BF03366B7F9FFB86C6B94D0F044EDC6,osmo1kchq6hwcxykm847jugaf5c6x7aqvz4k9rrcl2w,genesis1jk3v4z3v34vfdkjn7yvve7fwdf8acyr5tydw22,channel-253,channel-1,0.10307976264536418,10.307976264536418
EED7407909F40EDD0FBF0BB45B78B0686F2AC9949B209B18B4175A8E741ECA9F,osmo1kchq6hwcxykm847jugaf5c6x7aqvz4k9rrcl2w,genesis1jk3v4z3v34vfdkjn7yvve7fwdf8acyr5tydw22,channel-253,channel-1,0.10307976264536418,261.1010387807074
241D002107357CF093590153F62347ECD8C9D9C7776903E0869D128F1F1FBE2F,osmo1rd0r2ucp4t6u6j6jqese8xjgy44qswe5j387ga,genesis1rd0r2ucp4t6u6j6jqese8xjgy44qswe5yrqc66,channel-253,channel-1,0.10307976264536418,0.11171981154471115
6489F55A74DEBEA0CA040A31455EFD7B1C1C98934864D839EC96308B54CD7ED9,osmo1srgysthmuqpw4f6qsrektu2glj59hz6lt44dyp,genesis1srgysthmuqpw4f6qsrektu2glj59hz6la8jtkx,channel-253,channel-1,0.10307976264536418,72.44165134021745
DF76C5B430C306B7694106E1380F529A6AE4914BEC3CA9873F6EEAD9088B96D5,osmo1srgysthmuqpw4f6qsrektu2glj59hz6lt44dyp,genesis1srgysthmuqpw4f6qsrektu2glj59hz6la8jtkx,channel-253,channel-1,0.10307976264536418,220.89354111651704
8B26F7B1BCFF642B00146BE4F6CE4BAEF98177A88998DC6100CE0AD105D297F3,osmo1srgysthmuqpw4f6qsrektu2glj59hz6lt44dyp,genesis1srgysthmuqpw4f6qsrektu2glj59hz6la8jtkx,channel-253,channel-1,0.10307976264536418,84.80616416238226
7C9E9BDA0AA96001D8A89BB218A9FA895B9198808CB4B5A6B29A417059314063,osmo1lgkh6g26jqr7gcgy3afz0w2m5unxyqv7zshsem,genesis1lgkh6g26jqr7gcgy3afz0w2m5unxyqv75zsktu,channel-253,channel-1,0.06271473790225443,0.1490709227836937
FFF9CDE4DDCB49F71A976F957359EB285586B66F857CBDAE14CB5B8A8DA165A3,osmo1lgkh6g26jqr7gcgy3afz0w2m5unxyqv7zshsem,genesis1lgkh6g26jqr7gcgy3afz0w2m5unxyqv75zsktu,channel-253,channel-1,0.06271473790225443,0.06271473790225443
88347C27442B8AD596448D1AEFC56568B17BF8BB4CD458A42393D33058CF98FC,osmo1s84q7zy0a0f7dchrpj2fk89gyglkwm2eqrzwxu,genesis1s84q7zy0a0f7dchrpj2fk89gyglkwm2ek39g5m,channel-253,channel-1,0.06271473790225443,9.02861394117926
2D27B3B50D0EF3ECC09BD93344A5E35754911EBCAD4E8DD9184E7D05F5AA32F8,osmo1v2z9rwxt5y98pnrs6ryhqp08ay5azzvmw92wnm,genesis1v2z9rwxt5y98pnrs6ryhqp08ay5azzvmchdgpu,channel-253,channel-1,0.06271473790225443,883.399798091156
34858FE4EC2B74F1F8A2ADD434786B68454ABC2A495364D0456E096ED6820772,osmo1zlnj7v8p37ypdjph8gqxva4w4ptl95g93swhgf,genesis1zlnj7v8p37ypdjph8gqxva4w4ptl95g98zf36w,channel-253,channel-1,0.06271473790225443,2.980544181147283
685DBF50EEACBD717A1E960894E64AD6D6D8F1340E61CB0F92F6A3F37AD33119,osmo16nnr0uecq8yn6arana4rddfmaecyj68xae932a,genesis16nnr0uecq8yn6arana4rddfmaecyj68xttzhc6,channel-253,channel-1,0.06293324668185332,0.6922575321783099
B4E70B2F51316E72419C1C26E1F5FF16B264FDB9C17B27D442B8D864572CFD58,osmo1qly96sy3yklkwv6cf4he5ves4qu8yn58jnqsyy,genesis1qly96sy3yklkwv6cf4he5ves4qu8yn58yp8kkr,channel-253,channel-1,0.06293324668185332,0.12586649336370664
1546E7319E2015D71D61C6D39DC900818B1BB021AEF70F5CB5D236BC5CD44B88,osmo1tw2k54qzxd90kfc2nwnrjek3kkp8wrfg2qkpyk,genesis1tw2k54qzxd90kfc2nwnrjek3kkp8wrfguj38k3,channel-253,channel-1,0.06293324668185332,0.14433681058313036
05439C8BE4B2A53D4C22AA90AD3244BC591CDEF3533BE79D18FA653AC9A14529,osmo1v2z9rwxt5y98pnrs6ryhqp08ay5azzvmw92wnm,genesis1v2z9rwxt5y98pnrs6ryhqp08ay5azzvmchdgpu,channel-253,channel-1,0.06293324668185332,1374.273307791631
04AB84804BB43AF97EEA6ED0FBDA36E36F05D828734B214F505F11A63A688E86,osmo1gctysa67efud575ch9yg5r3eufd5s0ghsse5cy,genesis1gctysa67efud575ch9yg5r3eufd5s0ghxz7j2r,channel-253,channel-1,0.0743388545788026,0.743388545788026
9EC39F64DBD6EF8B528B3A20123E2F8562A14DBD77DB8BC2A45D769ABBDB5C95,osmo1kh6g3rt23p29kvp0hwjwk3j54fmtu7g7lrna0j,genesis1kh6g3rt23p29kvp0hwjwk3j54fmtu7g7f35ma4,channel-253,channel-1,0.0743388545788026,4.144959713945663
D13D8562828F7732B6F205F96B08DEC323301DC0539C6F740B95DA3FA7671E50,osmo1z5dlp3eehqh20lgv8u25devedkjm567a2zzmlj,genesis1z5dlp3eehqh20lgv8u25devedkjm567aus9ad4,channel-253,channel-1,0.0743388545788026,0.6288326389971354
E8E7217B76244E417506CC7E4BD4FF177BFFFA55D793B96E5A99F89B0B2DCEBC,osmo16aypymlama0lk5s8c9s30s09eacpvwnav7ewjv,genesis16aypymlama0lk5s8c9s30s09eacpvwna6v7gqt,channel-253,channel-1,0.010038064362380134,200.76128724760267
B26B53099F0E8EB67333E6AA19D965943F93550ABBC1279B6ABE3C34D7529A00,osmo1zpfvdg466yte80pgye4ycfkyndnq222nv7yxke,genesis1zpfvdg466yte80pgye4ycfkyndnq222n6vrqy7,channel-253,channel-1,0.010038064362380134,0.13191920792977038
5045EF42C7750D46459B0B9E58CE6D2C02010B69786A304ED7B8EE1C6022D3CA,osmo1zpfvdg466yte80pgye4ycfkyndnq222nv7yxke,genesis1zpfvdg466yte80pgye4ycfkyndnq222n6vrqy7,channel-253,channel-1,0.010038064362380134,797.0223103730831
6DC022D35EA8E6FBF76AEA99D812F342F6A63FA4A551C53621292598E647E90E,osmo1k75w2s26rekktazwp5l9ghv2ccp4mvtxw55xag,genesis1k75w2s26rekktazwp5l9ghv2ccp4mvtxcxnq00,channel-253,channel-1,0.006396896997081288,0.06396896997081289
083B77A40BE3379B9E093665048E0C293593B00A992361174FE7BE9CA64F8AA5,osmo10yu8w9p4p0szf2xwhtndmfjnp0gfk4j7j3azdm,genesis10yu8w9p4p0szf2xwhtndmfjnp0gfk4j7yr6ylu,channel-253,channel-1,0.03368392436361256,673.6448033478874
FF55AFCF6413CE87764591B34CB51A374F6D8B6D0AA945494587468FEE858DCB,osmo1kyly26j3kpac52d5chqar82c7m9eukfmy5707c,genesis1kyly26j3kpac52d5chqar82c7m9eukfmjxefvl,channel-253,channel-1,0.03368392436361256,996.4790531996301
F85A7CD788C6F9576082EB22016FFAE9E25394EC3EA46B9CA3B7622329851C43,osmo1kyly26j3kpac52d5chqar82c7m9eukfmy5707c,genesis1kyly26j3kpac52d5chqar82c7m9eukfmjxefvl,channel-253,channel-1,0.03368392436361256,2820.035720554953
EF885DA47588A08AB871A6B57E8A90E500D18758C12D6C35AD6BE944B5BF78C4,osmo16aypymlama0lk5s8c9s30s09eacpvwnav7ewjv,genesis16aypymlama0lk5s8c9s30s09eacpvwna6v7gqt,channel-253,channel-1,0.012206267950752248,65.91384693406214
681116D33C2B42986AB5AE0A7A27CA28E2986B41E05EFB31DE80F3BC55F9ADF3,osmo1st78h3fws34rdlcr80rcwrx96u228rvevzxzm5,genesis1st78h3fws34rdlcr80rcwrx96u228rve6spyfn,channel-253,channel-1,0.0594688376641669,0.6482103305394192
E64A505C9730BFBB4098895115F7DCD550564AB37CCC898E93A629630E9F71BE,osmo1kwpeul6jcfgpm6flurkgu22u4u9t4jjxldcj7t,genesis1z5psswlgxn7ap0uckqrxkullp9au2tpgqtk6gh,channel-253,channel-1,0.012277254838487038,0.1350498032233574
9DFB45EB436C9319A0EFBDA78FCFFEC2D55C1A4BEC187D116329BDA72B35D3B5,osmo1s84q7zy0a0f7dchrpj2fk89gyglkwm2eqrzwxu,genesis1s84q7zy0a0f7dchrpj2fk89gyglkwm2ek39g5m,channel-253,channel-1,0.012227009943979263,0.012227009943979263
59D002EA05DC816A876F1EEE2E1726B8210BEA868701595B5C1B24DBCDCC0664,osmo16aypymlama0lk5s8c9s30s09eacpvwnav7ewjv,genesis16aypymlama0lk5s8c9s30s09eacpvwna6v7gqt,channel-253,channel-1,0.08528929708226804,142.7862671631393
55837D9767DB9558DB1C0DA897899F0292F65D80BA13B11CCD9D9AF6B53A9F49,osmo1hgp002gnpvas3jz0xawh8ek39nghjycxqg8t8e,genesis1hgp002gnpvas3jz0xawh8ek39nghjycxk6qd47,channel-253,channel-1,0.08528929708226804,875.9424805133992
AB7F55DD11049501EFDB7D56789299D2A59B31F721FB50E633B197B1CC1F5076,osmo1hgp002gnpvas3jz0xawh8ek39nghjycxqg8t8e,genesis1hgp002gnpvas3jz0xawh8ek39nghjycxk6qd47,channel-253,channel-1,0.08528929708226804,253.9555751687264
EED547AC6144C09151771569A64C9EAC99B3DAA28A54DFA08E2BD7595550CC3A,osmo1hgp002gnpvas3jz0xawh8ek39nghjycxqg8t8e,genesis1hgp002gnpvas3jz0xawh8ek39nghjycxk6qd47,channel-253,channel-1,0.08528929708226804,1.019901908308138
AFD40EBA803949BB70F8B2AA99918423898E0CA5C15C004780B1438529C4896C,osmo1ag940t2gd4sn0wey7xgfjl83x2t5v62m6629pc,genesis1jkz3a9w9p5ats6y8wpaf5azhpm39zzu024acug,channel-253,channel-1,0.08528929708226804,426.4464854113402
704113AD1CE4E7DD174D8FF44D2BEE181C9C91345A2A37CAE6921227120C9E71,osmo1ag940t2gd4sn0wey7xgfjl83x2t5v62m6629pc,genesis1jkz3a9w9p5ats6y8wpaf5azhpm39zzu024acug,channel-253,channel-1,0.08528929708226804,426.4464854113402
98846B4A63887A3BDE51E2440965ACF1CFCA8416F0B1B5461D8C1F6ADC46EA08,osmo1yaaemqhc8776gxy0e2l53nrw6dmewd7sfa82vg,genesis1yaaemqhc8776gxy0e2l53nrw6dmewd7sl0qv70,channel-253,channel-1,0.08528929708226804,18.358234349546482
FC958E1C71EE89BBDB0BAA00D6E89503E3D9857FA08ECD64AA67B0EA506E6274,osmo16aypymlama0lk5s8c9s30s09eacpvwnav7ewjv,genesis16aypymlama0lk5s8c9s30s09eacpvwna6v7gqt,channel-253,channel-1,0.012150248498074482,52.61585959903039
FF9BAEF8083715B3848807838FB8786C164C7FE2689807E12B1203ABA17ECB9F,osmo16aypymlama0lk5s8c9s30s09eacpvwnav7ewjv,genesis16aypymlama0lk5s8c9s30s09eacpvwna6v7gqt,channel-253,channel-1,0.00628651443960105,23.260103426523884
2542148A8F4F6867F6B21B5818FBCA8A20D9E9638CAA2694557FEBEB508A13C5,osmo16aypymlama0lk5s8c9s30s09eacpvwnav7ewjv,genesis1jvh8rple9vrc0egw6edk0t98tnpx4ffm2gwfta,channel-253,channel-1,0.00628651443960105,88.0112021544147
8085DBB708F240DBFCC5256C45E5BC69C2CA9C3A4935E7BE105982B3A31AECDD,osmo15aq8hur3uz7yz2q8juewm2s2rjchgma0s6ujxr,genesis15aq8hur3uz7yz2q8juewm2s2rjchgma0xgm55y,channel-253,channel-1,0.04344380425058589,5.131277503271201
518B9C83858F8E2100AB04ECED01C1080DDE36F313AF42561593F15E2255988C,osmo1k9pv0gdryvu9nfacfhvyffmvnhqzsaj6njdxp0,terra18guxg3qqvtzal0fd3n907v6cupnhr95v5n67dq,channel-251,channel-1,0.060395908292331074,4.026353622216543e-09
F352FFC512E6399CD9BAAE54C739AF95D486BD809641574DABAB912A93380061,osmo19h65cmarqlpaz80ja26jtn4gamuvwla00r0f66,genesis19h65cmarqlpaz80ja26jtn4gamuvwla0e3g0ga,channel-253,channel-1,0.01173113454754385,5.865567273771925
E1CA4344604AB8CAD08C58FA8B5EE550312423835FF73CA5638F06DAF60EB2F3,osmo19h65cmarqlpaz80ja26jtn4gamuvwla00r0f66,genesis19h65cmarqlpaz80ja26jtn4gamuvwla0e3g0ga,channel-253,channel-1,0.01173113454754385,358.1515377365137
C6CF37B0B0394CCFC73A256F84B6ABDF223514E3FB0A689AF1A9DCE75AF8444E,osmo12trcwfd0e82g6904ntgka7y72efjp82hxc5csg,genesis12trcwfd0e82g6904ntgka7y72efjp82hs2n7z0,channel-253,channel-1,0.057700554372435105,0.04350266315167736
68882DA5986FB3687775F0BCAD33DA10121B0CAB660907C5813878B18F822DA0,osmo1u0mwg4z3etpa2aesleq8l5fp3cpacwqhgv0gcf,genesis1u0mwg4z3etpa2aesleq8l5fp3cpacwqh77gw2w,channel-253,channel-1,0.057700554372435105,0.05733124269541915
B83B401C7AD3C23CF613CD0DFCA38443D29FF04563424EA960C4D84539E385A0,osmo1uvnk984yhpw48jfu5srvsrqdt03kkvlcjqx8x5,genesis1uvnk984yhpw48jfu5srvsrqdt03kkvlcyjpp5n,channel-253,channel-1,0.057700554372435105,1.0325968162068018
959C659C459FF15F4159FB4F732746EEE87BD7A710AA9D8F7F677BFEE5637FC0,osmo182dudq2zyucgrax5uk6tws0mxne7zv39v08u6r,genesis182dudq2zyucgrax5uk6tws0mxne7zv396aq6gy,channel-253,channel-1,0.026672239080909908,0.019269144794347548
46FD618E29DB3E4FD0267F248EECD1252C020D4612DB499FFA54F1A5D5C43286,osmo1yaaemqhc8776gxy0e2l53nrw6dmewd7sfa82vg,genesis1yaaemqhc8776gxy0e2l53nrw6dmewd7sl0qv70,channel-253,channel-1,0.01588120739054972,9.95845145227462
3768B99748A677CEE0E8D6DA80143AD1C9FEA2EEDB6030F287D2CF5EE961C907,osmo1yaaemqhc8776gxy0e2l53nrw6dmewd7sfa82vg,genesis1yaaemqhc8776gxy0e2l53nrw6dmewd7sl0qv70,channel-253,channel-1,0.01588120739054972,388.37960663871024
2E251C6E561B5AB066D6955F65B2A1BA635198A40A42EBF85A1F24F2BED01844,osmo10yu8w9p4p0szf2xwhtndmfjnp0gfk4j7j3azdm,genesis10yu8w9p4p0szf2xwhtndmfjnp0gfk4j7yr6ylu,channel-253,channel-1,0.039524193973798236,434.96375468164956
BD6095569ED45847BC87059D8FB96A679AC0336D473B602787E1A659C11747F3,osmo1tlan9udzf8ud5xjgcyl7w293yjmnkz5mgdj7vd,genesis1tlan9udzf8ud5xjgcyl7w293yjmnkz5m7l4c72,channel-253,channel-1,0.012990573260391445,734.4209483855568
EBC338C0C5F30BE47A5495C6FFE8559512048AF9FBA4CF634AD10DF948C0A10B,osmo16aypymlama0lk5s8c9s30s09eacpvwnav7ewjv,genesis16aypymlama0lk5s8c9s30s09eacpvwna6v7gqt,channel-253,channel-1,0.006602118450930587,99.0317767639588
7767C9DCABA81AA3529B41FECE1BECD63DD9AD004D53A2A59A9F0FF0D8E9649E,osmo13gjvhglmljamj6rvl5s6klt4e4dr0ukswekqlc,genesis13gjvhglmljamj6rvl5s6klt4e4dr0uksct3xdl,channel-253,channel-1,0.058833878040873866,0.20139765268205354
E448983FF84A5A7B773E3C9AD3BE01F4BA7868812E7E8D0FF656A200F96CF0C2,osmo1ag940t2gd4sn0wey7xgfjl83x2t5v62m6629pc,genesis107ff0tztguhn637e0jf3pjecs7kk333gaprfj3,channel-253,channel-1,0.08693744629070559,434.68723145352794
B18A73DEFBB53186D9ABA7B0FF4C915436612DB88A54E4A8104AAA7B4962EB36,osmo1ag940t2gd4sn0wey7xgfjl83x2t5v62m6629pc,genesis107ff0tztguhn637e0jf3pjecs7kk333gaprfj3,channel-253,channel-1,0.08693744629070559,173.87489258141116
9134C3A095C9670B7228A7C9640164440B3543ADF3E2DE9213F104C0E464B558,osmo1ag940t2gd4sn0wey7xgfjl83x2t5v62m6629pc,genesis107ff0tztguhn637e0jf3pjecs7kk333gaprfj3,channel-253,channel-1,0.08693744629070559,8.693744629070558
6F704161C08BC13F9DC05CE62AD0BCD8B642980A1FD49169295E734E4CD4B813,osmo14jyz5lnr63nqva6xcppf05hnv64e7gwsc27z7q,genesis14jyz5lnr63nqva6xcppf05hnv64e7gwswceyv8,channel-253,channel-1,0.08693744629070559,87.73832625969958
E9C19CB20960C98A4F6A575A62F62F0ECA21BB33CEA6364D11D0BAC8F6030398,osmo15z5fvkqv25zcpkp5hrceapazyn3dkynrc5ap4g,genesis1566f897wyxakygqwj985r0ehrev5pw6pmnftlg,channel-253,channel-1,0.08693744629070559,0.08693744629070559
1D569ACF3C2A26076A2DD78CAE252BA9EF2FD9CCD2E08F56A94D01AB34A0001B,osmo1jmk7se8zcswaqnudtsfmuka7xl0267njdpxack,genesis1n3acf0jadxa5rfcc5jhey8jywv9zwlusd3sk80,channel-253,channel-1,0.08693744629070559,0.34774978516282234
4B31E6A57CEF80350F1BB20F3037AF7651BAAB9734EFF9E9C9C34676693E7EA8,osmo1srgysthmuqpw4f6qsrektu2glj59hz6lt44dyp,genesis1srgysthmuqpw4f6qsrektu2glj59hz6la8jtkx,channel-253,channel-1,0.08693744629070559,42.03774955235585
60EC3332DB11BD03311BC009C38D237029CDE74C34C7D62AA9C332531A747379,osmo1srgysthmuqpw4f6qsrektu2glj59hz6lt44dyp,genesis1srgysthmuqpw4f6qsrektu2glj59hz6la8jtkx,channel-253,channel-1,0.08693744629070559,125.82897445795805
7A4F124A987F637BD05738ADADD5ECF9CAF04E8B7CBEEA07EE35EB8F6C41BBF7,osmo1srgysthmuqpw4f6qsrektu2glj59hz6lt44dyp,genesis1srgysthmuqpw4f6qsrektu2glj59hz6la8jtkx,channel-253,channel-1,0.08693744629070559,140.49151435855484
54EFD3BEF69CE14CF5271136727DF09D8C2F35B5A713C4C6874D42F3A7F1DA4B,osmo1srgysthmuqpw4f6qsrektu2glj59hz6lt44dyp,genesis1srgysthmuqpw4f6qsrektu2glj59hz6la8jtkx,channel-253,channel-1,0.08693744629070559,440.60339784510154
4C9D484682A426FF90AF16EDAC9FAC9347A7C0F6A5C4420B23464996F3CC9A41,osmo1fje95rhe9te60pmvwqt436kf8my6ty6cz7ev2l,genesis1fje95rhe9te60pmvwqt436kf8my6ty6c5v72cc,channel-253,channel-1,0.08143642227696739,0.8957900583117349
4FBC5D1A0DC33777D88024505C7B39A20DB20D5DB96CBEC7D03284E3E747933B,osmo1r9kzs6cqz7l52d0qjnwa0c9v4szc2tnsmpch7y,genesis1r9kzs6cqz7l52d0qjnwa0c9v4szc2tnsdnl3vr,channel-253,channel-1,0.08143642227696739,0.8306409204901608
6730CDA2E544271835D284D3167BD1E546DBE2F00D29483A56767563BA708A4B,osmo1zg453l326xgrk5nm2prru4teqkym8zc9pe5r0z,genesis1zg453l326xgrk5nm2prru4teqkym8zc9htn9a9,channel-253,channel-1,0.08143642227696739,1.3259610817107974
7EF29887F7B9D5930D6193D2194BA7EA371A6AA83468A890F6385C91ACA55852,osmo120ynu7jqzennwqmhzuxzqhsencnpwa539tlfde,genesis120ynu7jqzennwqmhzuxzqhsencnpwa53nec0l7,channel-253,channel-1,0.0787621823870198,0.8664525293558845
A87B9B495B6D605163166E461E2A3321B21CE562767A548C50DB82BF6A197DAD,osmo15hycee5ppgttjt96kju83jc9hm00qh5wqs0psq,genesis15hycee5ppgttjt96kju83jc9hm00qh5wkzg8z8,channel-253,channel-1,0.0787621823870198,0.4316167594808686
FB60144CDA1A7CF0D8DAFF045F7A1D2456F8C4DBF8B1D6AF78A0947F4D001EC7,osmo18lxka45l78ljrceejj336kqc4j0r4kenrslnmh,genesis18lxka45l78ljrceejj336kqc4j0r4ken4zc4fs,channel-253,channel-1,0.0787621823870198,0.4316167594808686
1C020725230FED53C89E5D1C7F57DBD6C3EE1409094CA40D644AE3DBE60352DF,osmo18n33ywygvrrzqspewsh7f5c4dkp00le0mjxfr8,genesis18n33ywygvrrzqspewsh7f5c4dkp00le0dqp03q,channel-253,channel-1,0.0787621823870198,19.625116137389043
9020A6B4B9F07B00AC67954416863D5B7E732C6DFF2C6833939B21ED5B4815E0,osmo1zyfgmmctnhllyhydmtry8epagdk4328a6hx2gu,genesis1zyfgmmctnhllyhydmtry8epagdk4328av9pv6m,channel-253,channel-1,0.0787621823870198,0.4316167594808686
5EF06ADDB13643A0DC5D038196370575F4912911F7C5D535F7D799464320A626,osmo1vmjdd0uh783h6068nvjsvw0uvs57v5h50793hw,genesis1vmjdd0uh783h6068nvjsvw0uvs57v5h5evzh9f,channel-253,channel-1,0.0070023319788413575,0.7002331978841357
678064FCDC8163CFC2E035DB988C06E641DD9DB88B116628201CC11CF0B3122A,osmo1vmjdd0uh783h6068nvjsvw0uvs57v5h50793hw,genesis1vmjdd0uh783h6068nvjsvw0uvs57v5h5evzh9f,channel-253,channel-1,0.0070023319788413575,0.7002331978841357
4DF8FE9F81A344569A05F585D96F1D952827851DDBBB870BFFE8D8B7588F3540,osmo1cznz25m7sxngn4q5rgncec4uaxkfz04gmlt5wk,genesis1cznz25m7sxngn4q5rgncec4uaxkfz04gddvju3,channel-253,channel-1,0.07847632936852217,0.8632294211309158
3641E89F280E0BA879E77CA3B1056B31A3AFB8E3FB48FAA885AFF69723394AEA,osmo1l7s5a7vp9j7welu48g8ply3eg8mce33ch5400n,genesis1l7s5a7vp9j7welu48g8ply3eg8mce33cpxjfa5,channel-253,channel-1,0.07847632936852217,0.02459342478081692
CA3C8BA38D6BF12B797576F37F6A20B0A910EA61858583A0A9CB3BC1E07EA5C9,osmo1tnsd8354rp3flf5je9zva0s2xktrgweccmttcf,genesis1tnsd8354rp3flf5je9zva0s2xktrgwecwfvd2w,channel-253,channel-1,0.07847632936852217,6.220159365995192
4AA2B53569B00D524FDEB0E62282F7B2A32F05870B216239AFCDC4469D359FFD,osmo1ym0dmpfg6pmgqqf69uq958gaxkpe3ch9x2j79d,genesis1ym0dmpfg6pmgqqf69uq958gaxkpe3ch9sc4ch2,channel-253,channel-1,0.0712279634582682,1.8811371690941565
28184C23120F6EEB3C464A36A3C62BC029291E75787C2D9F7BC420B117C1EFA8,osmo1f0su7dw6zjhf9924rqlmxx7eecuzwr9w9q6fag,genesis1f0su7dw6zjhf9924rqlmxx7eecuzwr9wnja000,channel-253,channel-1,0.0712279634582682,2294.039019100444
2B74BFFBB05DD59D83AF9CBD0C3DA8F3AD6A5C68E9FA4A2799C1A1C42540DC06,osmo16jexsf558vvdwwl2cfj0mzr4x63xjpac5cs9rv,genesis16jexsf558vvdwwl2cfj0mzr4x63xjpacz2hr3t,channel-253,channel-1,0.06641030452778074,2.192175028735941
FEA8676767CCE52D7A2432FCDDCD499E068747A7C5046E33DAEF6EC4CE12EB2B,osmo10yu8w9p4p0szf2xwhtndmfjnp0gfk4j7j3azdm,genesis10yu8w9p4p0szf2xwhtndmfjnp0gfk4j7yr6ylu,channel-253,channel-1,0.06641030452778074,2195.9895398201256
33F2C7C14227A8C3A4CED903E7778D5CAA510E729970771194C45C8580C61D68,osmo1ux3j2h446q9yf5dvsw4mwa5fnf07ja9v7hnlwd,genesis1ux3j2h446q9yf5dvsw4mwa5fnf07ja9vg95eu2,channel-253,channel-1,0.06641030452778074,6.020820628583166
6317064EE6EEDBEEDFBD9C37C7095A6DE95CB9D778058DAD2CADF43E4E8F6C53,osmo1ym0dmpfg6pmgqqf69uq958gaxkpe3ch9x2j79d,genesis1ym0dmpfg6pmgqqf69uq958gaxkpe3ch9sc4ch2,channel-253,channel-1,0.06641030452778074,1.6705675253677015
FFBE7A826BC626597165337A9A8BF5174A6268134461A1E971E69A68C1B6F931,osmo1ux3j2h446q9yf5dvsw4mwa5fnf07ja9v7hnlwd,genesis1ux3j2h446q9yf5dvsw4mwa5fnf07ja9vg95eu2,channel-253,channel-1,0.06641030452778074,3.3052950759677375
A08A9E8A4903F4CF5C0AC4347C04BFD6DB602844E73E2674C4B432365575CE52,osmo1gzn6edx0r2mwavr4rxxzghumhyl77q68700v8f,genesis1gzn6edx0r2mwavr4rxxzghumhyl77q68gag24w,channel-253,channel-1,0.04829213784878162,14.196675720835119
B2EA67BC12D2B2264B9FC5C7DB1F3968E191F620C6C1F7D0BDFE240C557AD4EB,osmo1yn5yelta2gkcnre7qssrk7eys9z4verlkacrd4,genesis1yn5yelta2gkcnre7qssrk7eys9z4verlq0l9lj,channel-253,channel-1,0.04829213784878162,86.13395007177179
19A7E19FC5243183B2EE21B59E48E755DD8DE87DC84113C639560B794005A1A0,osmo17vx59a9897ltpyw6dwr7jvcjk8wyxhc0dlgj0s,genesis1dkjcas3j43u3v6l94jhhhnjxhlnwxt3mr30nfu,channel-253,channel-1,0.07073958875837395,1.2025730088923572
96B0136C8EE48E0DEA586E7DCC7C396CDFEC8EE97A7C8F3184086105869CBB99,osmo16aypymlama0lk5s8c9s30s09eacpvwnav7ewjv,genesis16aypymlama0lk5s8c9s30s09eacpvwna6v7gqt,channel-253,channel-1,0.013269899803553867,159.2387976426464
83E61BDEE77E5DD9F504024B7E212AB72D0271CDA0C05D3C311E9987C05146AC,osmo15zwd722c425xyu6rwkvcd3dmzgxqd69465jtnq,genesis15zwd722c425xyu6rwkvcd3dmzgxqd694vx4dp8,channel-253,channel-1,0.08226300530909085,0.09295719599927266
CF6054C1D5BC5FCC07A6EADBE95F74BB66BEF42CE3D9F328A79D58EB7776DC87,osmo163ndtplrrpkh2faf2c0y6t9v86llx86q6spzwl,genesis163ndtplrrpkh2faf2c0y6t9v86llx86qvzxyuc,channel-253,channel-1,0.08226300530909085,0.008730445858955042
67AC4EE24340C43446C53267E6BD8A573748A1DAFA1AA6EF23F7C36153CC8684,osmo16mcugkhrt8m30ctrnyfwmdt7gcp0unup0ztl8z,genesis16mcugkhrt8m30ctrnyfwmdt7gcp0unupesve49,channel-253,channel-1,0.08226300530909085,0.9048609758279181
A386797B8CCF505A96605E2094C070563AC27618E8AA3AEE7F67A56FD63AEF3F,osmo1czxfjwladw79wrzjsjhxtphxmcutmtxxg0ht3f,genesis1czxfjwladw79wrzjsjhxtphxmcutmtxx7asdrw,channel-253,channel-1,0.08226300530909085,1.2339450796363627
24AEDE70967589D3514D8A9082C3F0E81A7E110EFC872DCF44A13FC2D8DE8868,osmo1h5shnh6dnjtalh84cxl04taa2klvkz5fg6fjr7,genesis1h5shnh6dnjtalh84cxl04taa2klvkz5f7gw53e,channel-253,channel-1,0.08226300530909085,0.12465504285173314
CF38F8ECFC30E7FB30EE32CB5012C146B7D6C9FFCEF9EE4D3E122377CEA4D753,osmo1hk46nud6u79u3dzhfwdmszfeq2y5gkvqldkfuz,genesis1hk46nud6u79u3dzhfwdmszfeq2y5gkvqfl30w9,channel-253,channel-1,0.08226300530909085,14.984903567685565
57C8DABD0034EF983AA8B17413A9D038DBD4720F7BE3E91299724F6605D2809D,osmo1l2h0y53f0ehg23vps9ljmawlegzjd5r8afzmv2,genesis1l2h0y53f0ehg23vps9ljmawlegzjd5r8tm9a7d,channel-253,channel-1,0.08226300530909085,0.9048823642092986
B1452BCF6D635A14A9FE49F43609CB108E88B3B59DD685D510EEB171472F999D,osmo1lunnwmyez79fqd7p3cqgx99dwjrhu8mlvk29mt,genesis1lunnwmyez79fqd7p3cqgx99dwjrhu8ml6ydrfv,channel-253,channel-1,0.08226300530909085,0.9048823642092986
82FFC1A9F6AF30F04BAEA3312FDC43116DF583E44B57D5C1DDF875CF1493C619,osmo1kyuuk7ytmzskfh8v3z3q5lyxc9g5rmhk3mc4a7,genesis1lunnwmyez79fqd7p3cqgx99dwjrhu8ml6ydrfv,channel-253,channel-1,0.08226300530909085,0.9048823642092986
D5F0476907E85667B0B5ACFAC7AEB86E40254925DA67B75FB7B1092A90462A5F,osmo1derzataa20f84y9d6lgx6geqacf4ktrfnvat6n,genesis1lunnwmyez79fqd7p3cqgx99dwjrhu8ml6ydrfv,channel-253,channel-1,0.08226300530909085,0.9048823642092986
CFFEBA0299ABF0AE552B48214E70F2729313737997BE86A89FF3A82B850BD238,osmo1kjvv6pkd0t0l2mk6l32whmhxz8t02w5aw2dk40,genesis1lunnwmyez79fqd7p3cqgx99dwjrhu8ml6ydrfv,channel-253,channel-1,0.08226300530909085,0.9048823642092986
FEAE49A92E79BB9798F6C153A9D2E8505CCDDF904281BE3BE896DC55B00ED1FF,osmo1lv3j4q4fwjtp7722p33efg2wc8e6xlxd6ymher,genesis1lunnwmyez79fqd7p3cqgx99dwjrhu8ml6ydrfv,channel-253,channel-1,0.08226300530909085,0.9048823642092986
4619BEF3498BC851BADB0196BE9EF0DE28B8E3D519F6EBDFC2EA9F8D3979D1DC,osmo1slr30wyfdry67ctn7pe32gan9e4dptg78pfdtc,genesis1lunnwmyez79fqd7p3cqgx99dwjrhu8ml6ydrfv,channel-253,channel-1,0.08226300530909085,0.9048823642092986
BFB37A73AC7BF49670E406045456F431A74AD460F512C2F35F07D41695A35831,osmo1q598gmmltugefxxxp76z3re8sedw5gdx2z5qq5,genesis1q598gmmltugefxxxp76z3re8sedw5gdxusnxjn,channel-253,channel-1,0.08226300530909085,702.5025212294529
6D315DCC2CC9709C2214E465516A8C33E5315D21AD31C4E6C8EDC5DD0F5E9004,osmo1tt4t3c6sdr9w0pfljx54zkw0g8negdrsjjhp50,genesis1tt4t3c6sdr9w0pfljx54zkw0g8negdrsyqs8xg,channel-253,channel-1,0.08226300530909085,80.87566020261511
04A3D334EA1AF731058FEAB89E134410BABE7BA26C4BE8AF70E7634526936195,osmo1tt4t3c6sdr9w0pfljx54zkw0g8negdrsjjhp50,genesis1tt4t3c6sdr9w0pfljx54zkw0g8negdrsyqs8xg,channel-253,channel-1,0.08226300530909085,42.05392107519248
4603D34EDACEED980A0A609BAE062D5B6A832E19E9B0C3A43376DF863E0A991A,osmo1qly96sy3yklkwv6cf4he5ves4qu8yn58jnqsyy,genesis1qly96sy3yklkwv6cf4he5ves4qu8yn58yp8kkr,channel-253,channel-1,0.07605151599142872,2.646592756501719
B06A604B96817CCA0BAEB1F5FECE2F2BD13F65C501A4A40276D84F9422D52AF9,osmo1qly96sy3yklkwv6cf4he5ves4qu8yn58jnqsyy,genesis1qly96sy3yklkwv6cf4he5ves4qu8yn58yp8kkr,channel-253,channel-1,0.07605151599142872,1.009971987070532
4DF3FF6563A18627152970FD5D712DA44CD5B7FB12D9990E01799F184D18E890,osmo13uup3md785lsd74aws4hx2et052mferw8n6yat,genesis13uup3md785lsd74aws4hx2et052mferw3paz0v,channel-253,channel-1,0.07605151599142872,13.48438764374301
0AE3B03255CC428F40527235CCA17A152B09B79D34084D6EA08D3CB3B1EBCFF0,osmo1r3vdmrjpd29zfh58k5n9p7ccl9x6a5wmyxkwnl,genesis1r3vdmrjpd29zfh58k5n9p7ccl9x6a5wmj53gpc,channel-253,channel-1,0.07605151599142872,0.4182783946043136
C501C5A792AE211DAAC1AA18657B662B48593888ABE5F9E190196F220D1DA4BD,osmo1rmpmkqmzzjx4t0s7unj7tehvj7p5g9dfzyjazc,genesis1dmgfmq8f3ls4meguneag394t78ervhp7h90qf8,channel-253,channel-1,0.07605151599142872,0.8365567892086272
6FA17B4DB6401442200ECA574BB4FD0CC78F22919537F753D9AD6FCD096C5A87,osmo170wqczhmetlzrmqn9zxhk8c6mp6a6783ze0dlz,genesis170wqczhmetlzrmqn9zxhk8c6mp6a67835tgtd9,channel-253,channel-1,0.07605151599142872,0.8365567892086272
4E349908DC7729358204E483E0BC0CBEA91B8B3B1FFCFFA9B44B9293F1BE934D,osmo1rmpmkqmzzjx4t0s7unj7tehvj7p5g9dfzyjazc,genesis1dmgfmq8f3ls4meguneag394t78ervhp7h90qf8,channel-253,channel-1,0.07605151599142872,10.118518042216413
291ECCA8A614AB65733BEC869F18F927DDBED4B86F91602874951FED82141ADD,osmo1xq2r0t4548t3qzks67m8svzj9f0q4d0fs4ghju,genesis1xq2r0t4548t3qzks67m8svzj9f0q4d0fx803qm,channel-253,channel-1,0.07605151599142872,0.8365567892086272
37A06C461A1F5FEA28AC2499F69FA67B09002C785494359D2A606EBF4301FAFC,osmo1fllahuvz3mtrq0d57m7ucastu9e9gq20920u75,genesis1fllahuvz3mtrq0d57m7ucastu9e9gq20ncg6vn,channel-253,channel-1,0.07605151599142872,0.8365567892086272
6193A3CD4C37CB5EFB37CFA6683F102E3076E0DDDB92376817E4097DD452D951,osmo1me3hg2l74zn5ag9y879u7re4cp4dxea9h5d45s,genesis1me3hg2l74zn5ag9y879u7re4cp4dxea9px2nxh,channel-253,channel-1,0.07605151599142872,0.11407727398714307
4D00A7E8A4F3D80667F203F2B9CD5DD2D8FB97B7463F94B1B1DE38D9D6DDBC5E,osmo1r53fsf392ty2ag6e3edj9722muqhnptd5t65rh,genesis1r53fsf392ty2ag6e3edj9722muqhnptdzeaj3s,channel-253,channel-1,0.07605151599142872,0.7605151599142872
FBFFD8C235CD6E7AA0817006F71B8DA98F11E36D2E987FF315AB84BD12552E12,osmo1k09afxhedzgrkn60rrnpa0u66yv3vz7yd6e34s,genesis1k09afxhedzgrkn60rrnpa0u66yv3vz7ymg7h8h,channel-253,channel-1,0.07605151599142872,1.2928818753130192e-05
D25FCB53A590E2BB419C45B077F50895CF08F5F5FE633F5B0285290DA83735C5,osmo1s84q7zy0a0f7dchrpj2fk89gyglkwm2eqrzwxu,genesis1s84q7zy0a0f7dchrpj2fk89gyglkwm2ek39g5m,channel-253,channel-1,0.07605151599142872,0.9351186908643185
C3DE37CDA91E4BA0743C4F2786F111EE11E275B6F0E53E67EFD23BD3C339D5DA,osmo195ea098ndztvdt286l02y0jcg6des7pyl5n959,genesis195ea098ndztvdt286l02y0jcg6des7pyfx5rxz,channel-253,channel-1,0.07605151599142872,6.335459908778663
95B39BE5E35C865A2576463A707C220A6C34B82D0E4180B5FE5772A049EC3271,osmo1rgf4dznny6fx60yjwmq27xxs42vl34yl54cce0,genesis1rgf4dznny6fx60yjwmq27xxs42vl34ylz8l7tg,channel-253,channel-1,0.07605151599142872,6.208165414909123
B91FCC72E16D9426ADAE61B430EBD749922E7D0A3363900356B0641C86543BCC,osmo1jdy48c7eltvmrnr49a9z3405u6gragxwmnmw66,genesis1jdy48c7eltvmrnr49a9z3405u6gragxwdpugga,channel-253,channel-1,0.07605151599142872,0.8365567892086272
AC957275D70145B22CCFD3D78BCED598166CF0F8AB48DF4B02235252DCCA987B,osmo1elh4p9x86j4v0vyysyhd6e2mhpqz6jp4f8qz57,genesis1elh4p9x86j4v0vyysyhd6e2mhpqz6jp4l48yxe,channel-253,channel-1,0.07605151599142872,0.4182783946043136
F891DF6C98BC67131F7BB21D93D0935EAD5A38E66F271AA2F2BE055FE4E29B10,osmo1308hlxk36vd8mt5sm8zh2m90379vlg2mzdyakz,genesis1308hlxk36vd8mt5sm8zh2m90379vlg2m5lrmy9,channel-253,channel-1,0.07605151599142872,0.8366328407246186
5582299283F4EFDAE651DFD1E66092BE5519084F30B2D0E7306AB47605E94A08,osmo106mzn687t60uj0n4z4w24qjsk4v2xtcesesdty,genesis106mzn687t60uj0n4z4w24qjsk4v2xtcexthter,channel-253,channel-1,0.04651267220855787,46.587690656219536
1CA20BB863DCE6BD61962F7B2A6B0315EB72E02DC3258497FE8881039ACAC565,osmo1hauvj3muyuswsfn5hc4cqj3zmwe6y33ls3093z,genesis1hauvj3muyuswsfn5hc4cqj3zmwe6y33lxrgrr9,channel-253,channel-1,0.04651267220855787,4.40475005815043
87DC43940E21F16F4AA29EB683437F98C5FAEA2B15E61AEDD60AD890077A5955,osmo1ym0dmpfg6pmgqqf69uq958gaxkpe3ch9x2j79d,genesis1ym0dmpfg6pmgqqf69uq958gaxkpe3ch9sc4ch2,channel-253,channel-1,0.04651267220855787,3.9490407500874287
B8E31CCAF95B46801DFFC79784562277FE70AA5D33354B597D31BA28E5718683,osmo12rysvymj2qthvpgeqj9eglrj0pcgyyjmtq6dm4,genesis12rysvymj2qthvpgeqj9eglrj0pcgyyjmajatfj,channel-253,channel-1,0.0760317956597019,0.8364158999189351
95081C81CA33BB4DA49480703744C5C47CAE6AB70D77D61D53B0B9476D146BE5,osmo1ng478yy6kay6dvjndn8cz2jty80xphxxfrexkk,genesis1ng478yy6kay6dvjndn8cz2jty80xphxxl37qy3,channel-253,channel-1,0.0760317956597019,9.884133435761247e-06
B1813B47ACCE6120F8182B55A7D4C47020F20A7FFF95A5B3141D2E14077BCF51,osmo1pp6lwvukkjsw3a9awen34k7uy7rt879h9vykde,genesis1pp6lwvukkjsw3a9awen34k7uy7rt879hn7rsl7,channel-253,channel-1,0.0760317956597019,0.8135402135588103
0EC7022AFF3A45356C32903A9031CEBBA4C172E7E8732C93B22C2C8C4FB3A418,osmo1wnyflquhthu76f47763pemygur9y4amu8juayj,genesis1wnyflquhthu76f47763pemygur9y4amu3qmmk4,channel-253,channel-1,0.0760317956597019,0.8363398681232754
5AC2099E1823F3F7F864E36EDE6F4D55BB2AB528D2F9AA981AF4A21682AF6E0E,osmo1xq249w2klsyqkxwdumquvva3j268ec52lyp2uc,genesis1xq249w2klsyqkxwdumquvva3j268ec52fkxvwl,channel-253,channel-1,0.0760317956597019,0.8363398681232754
F5E74D55ECE242802BBB70B94B76C582F71447087C52F1E4C0DF2FF0E751035B,osmo1zamagtm8gejx6kd4tdpnsjdwfjsdyvz3ac5a7r,genesis1zamagtm8gejx6kd4tdpnsjdwfjsdyvz3t2nmvy,channel-253,channel-1,0.0760317956597019,0.8363398681232754
84018F15A6E105AE9C39C336FFB0D0AD943547620932C321453E0E77AE244221,osmo1g6zstj3qxu463chcgy878v9jh66culnvxy80fa,genesis1g6zstj3qxu463chcgy878v9jh66culnvskqfm6,channel-253,channel-1,0.009060080291910877,0.9060080291910877
D194A1C1AF78F61AFE1B8CE5D51FB7EB38EC85C246FB36D84769BB112F64F738,osmo16aypymlama0lk5s8c9s30s09eacpvwnav7ewjv,genesis1jvh8rple9vrc0egw6edk0t98tnpx4ffm2gwfta,channel-253,channel-1,0.009060080291910877,72.48064233528702
8A75A55792F4C36186B05A1FC2CBC3B8AC5322E4997061A30A30CC5D2636228D,osmo16aypymlama0lk5s8c9s30s09eacpvwnav7ewjv,genesis1jvh8rple9vrc0egw6edk0t98tnpx4ffm2gwfta,channel-253,channel-1,0.009060080291910877,99.66088321101965
0B3EF5316D07BC1F8316D91BD4A9B0AADE3B154A8CD10DF6860CA2B94EA0DBBE,osmo1vgu6mpatup4hsyt463mdkac4a6n7qh30laksq4,genesis1vgu6mpatup4hsyt463mdkac4a6n7qh30f03kjj,channel-253,channel-1,0.031090165125923722,0.5118306087512499
C9516BA52716169B445D62E1E4281C97DF37C8051C3FAF03D6F8A0D41EFF69B9,osmo1dg2425sj50yf3narap87qqcm5gc48hasvzz33u,genesis1dg2425sj50yf3narap87qqcm5gc48has6s9hrm,channel-253,channel-1,0.06253859203819122,0.6879082523861654
528FE05A6E2AD40CB2C69BC682AD4EE37AD1DA59678DB188DB9A09B056727374,osmo1x4nsrhgak74fne0gv66alfje64cqgfs8lsp4z9,genesis1x4nsrhgak74fne0gv66alfje64cqgfs8fzxnsz,channel-253,channel-1,0.06253859203819122,0.06253859203819122
B0D0C9F58ED75C0D8C4EA9AEF98415B86A9AD73C5508E76848E9E8D6EBBC56DD,osmo1gw6yu9jetj2vrht8qrf9wmpjdq4weuee3hqxtg,genesis1gw6yu9jetj2vrht8qrf9wmpjdq4weuee898qe0,channel-253,channel-1,0.06253859203819122,0.6879163824031304
31DF8BA5BF8F5B541221D394538A2F250B78C0CCCCA4AB56A6DAA03E7C852D98,osmo17um7sz9ap29vtkn0xz8ll38qcq8jhrufkhwrvr,genesis17um7sz9ap29vtkn0xz8ll38qcq8jhrufq9f97y,channel-253,channel-1,0.06253859203819122,0.6879163824031304
7B90D8AFC479C48661DADB579771126C36230816D642A0F4218AF7D9650522A7,osmo10yk9a424j87xvaud8rvyu2ezumcmyg0kyq25zl,genesis10yk9a424j87xvaud8rvyu2ezumcmyg0kjjdjsc,channel-253,channel-1,0.07219770511418873,0.4770779820117365
B44FA1BBDE9A57B5A03FE845A34D31F934F08426270AA6EFB8373B1F97201B8E,osmo13qnx730qsvhr3jweq6ux5mhz65hfedkvyyxeel,genesis13qnx730qsvhr3jweq6ux5mhz65hfedkvjkpltc,channel-253,channel-1,0.07219770511418873,0.9096689674905097
8E44C2B1D2B7D7D60A9DD31B8A1017F5E848585EEC1791A9C38816C8BFB21BA8,osmo18qy9h0hqampt33h6wqs6pauy28xssjfcsea84j,genesis14ffhw6jplvhx0kn449hg55m5dd58f245h56u30,channel-253,channel-1,0.07219770511418873,6.698144351063464
860BAA4588108E1212A59115F96D15A7ABF8B3765D3345BEAEE7616DBD5D0F0E,osmo179zyslay4geae37cxua2gvt97lhg3ec2ll3209,genesis179zyslay4geae37cxua2gvt97lhg3ec2fdkvaz,channel-253,channel-1,0.07219770511418873,1.0091628024082302
11F6A9E731C8ECF9295C977FED55AA5D2E171966728EFDCFEF6015049920CB62,osmo1h64jzmldjwdkzsyqf8cyqle2tx5eltcqx5w8m8,genesis1h64jzmldjwdkzsyqf8cyqle2tx5eltcqsxfpfq,channel-253,channel-1,0.07219770511418873,0.0009611888680829923
12751A587D9B9C873E5C76A4144FE383796637B2C8ECAECD549FD3BC078BF62A,osmo1kyk34neg7phak2949exrryqf4ejaevxnfuxg66,genesis1kyk34neg7phak2949exrryqf4ejaevxnlwpwga,channel-253,channel-1,0.07219770511418873,0.794165370554402
8BDAFA80A8A10B11E26317F6AF52B4F17EEEC0EB56C1C33BAC48212E4DF81FAB,osmo1lupm9k6w3kxczleu7wkjkjjcknawwyc67dtmph,genesis1lupm9k6w3kxczleu7wkjkjjcknawwyc6glvans,channel-253,channel-1,0.07219770511418873,0.7219770511418873
41A82F6E0C1C68E83B505597E9829993BE5E7C39D98E0D964806C007EAB2CA62,osmo1p59gee55s8gu5j05ejxvr56elv2pewtvl35lzt,genesis1p59gee55s8gu5j05ejxvr56elv2pewtvfrnesv,channel-253,channel-1,0.07219770511418873,1.8655655855650828
D088B5A2377698DAC2D4582F386C78A24A45AC327717AF559FDF171A3206C743,osmo1we7n7caqkkqznt04xatyyrfayy042vtpgs03tq,genesis1we7n7caqkkqznt04xatyyrfayy042vtp7zghe8,channel-253,channel-1,0.07219770511418873,0.7869549857446572
071AC4FAFFD07C2FDB5A827AA6CA19380E3B332C731E5F59B988076897351772,osmo16aypymlama0lk5s8c9s30s09eacpvwnav7ewjv,genesis16aypymlama0lk5s8c9s30s09eacpvwna6v7gqt,channel-253,channel-1,0.05791588513711522,2.895794256855761
A48DB9127F508EF41F398A70BD844CD1D22C61E2EF31248F11BB60C96DC23175,osmo16hp7wzudkeyw6fvgvalm0fh3elp9czhf9l3k7l,genesis16hp7wzudkeyw6fvgvalm0fh3elp9czhfndksvc,channel-253,channel-1,0.05791588513711522,0.14662397632148608
F8007010DBA3DEDAF62DD30616762E22831809159C6676D4E4E57FF64DE723BE,osmo163ndtplrrpkh2faf2c0y6t9v86llx86q6spzwl,genesis163ndtplrrpkh2faf2c0y6t9v86llx86qvzxyuc,channel-253,channel-1,0.0729883609706882,0.0010565737178424926
EB054F8C6A9D16956293BE6AF7FD07BA03AAAACCED16A7490F71C95915C94F6D,osmo1v2z9rwxt5y98pnrs6ryhqp08ay5azzvmw92wnm,genesis1v2z9rwxt5y98pnrs6ryhqp08ay5azzvmchdgpu,channel-253,channel-1,0.0729883609706882,1190.7321208758074
14849EB003453466E89A98A48703668E46B0F3C3ACD61B598E3BDAD7595838CF,osmo1wh0evrrxrdlph6nl98v9z43555fufy2qxe6q8x,genesis1wh0evrrxrdlph6nl98v9z43555fufy2qstax4p,channel-253,channel-1,0.0729883609706882,1.4720387324401094
283B1C5A372C3F2639374ABDCF6693886EFB12D1D7E31F66CCC64B7E74026B28,osmo1ytmwk4qwphevacssnxaq2c773s0smpmr5vxgn3,genesis1ytmwk4qwphevacssnxaq2c773s0smpmrz7pwpk,channel-253,channel-1,0.0729883609706882,4.33344664700341
1488727BA690723D4B16F9E461E2C20B24823251C2A86A0DAA2950810795977E,osmo186s6d2y88whr9jjzxu62y8en2x53sh9d0t50dk,genesis186s6d2y88whr9jjzxu62y8en2x53sh9deenfl3,channel-253,channel-1,0.005816965590329692,700.082389368951
DAF2F97D646578AA70F08EB9F5AE3664CD26684924BCEA6AA3000A769B1B8E8A,osmo186s6d2y88whr9jjzxu62y8en2x53sh9d0t50dk,genesis186s6d2y88whr9jjzxu62y8en2x53sh9deenfl3,channel-253,channel-1,0.005816965590329692,0.005816965590329692
CA46FC2DCD72DA14B0F7FF8F4EEC28BD171D6FB83508CC07993BED06B24CEC12,osmo1k75w2s26rekktazwp5l9ghv2ccp4mvtxw55xag,genesis1k75w2s26rekktazwp5l9ghv2ccp4mvtxcxnq00,channel-253,channel-1,0.005816965590329692,0.05816965590329692
03772F508C9424293F476FC0EECA439042697D55079F8663B47EF3558B3E4121,osmo1k75w2s26rekktazwp5l9ghv2ccp4mvtxw55xag,genesis1k75w2s26rekktazwp5l9ghv2ccp4mvtxcxnq00,channel-253,channel-1,0.005816965590329692,0.05816965590329692
06C0260E9B9773FB8970A0B4FB217AC8A1173894CE07CBC3B11C83145380D58D,osmo1qly96sy3yklkwv6cf4he5ves4qu8yn58jnqsyy,genesis1qly96sy3yklkwv6cf4he5ves4qu8yn58yp8kkr,channel-253,channel-1,0.006625891584683467,0.1082681323194316
F2C1C41F698B97EA9C065BD0DA98C4088B21E6A5B3AE3290E142B6EB0F780709,osmo1qly96sy3yklkwv6cf4he5ves4qu8yn58jnqsyy,genesis1qly96sy3yklkwv6cf4he5ves4qu8yn58yp8kkr,channel-253,channel-1,0.006625891584683467,0.6625891584683467
7941B6484A62223229E76FF6A74898DA1799E9BA8EBD439F2E849561870EA8CA,osmo1me3hg2l74zn5ag9y879u7re4cp4dxea9h5d45s,genesis1me3hg2l74zn5ag9y879u7re4cp4dxea9px2nxh,channel-253,channel-1,0.0729883609706882,0.36494180485344097
A27D587C95AB15C3C495C2D07F4DDE4281B08C59BD4754BFB57F1D4387B01AD7,osmo1me3hg2l74zn5ag9y879u7re4cp4dxea9h5d45s,genesis1me3hg2l74zn5ag9y879u7re4cp4dxea9px2nxh,channel-253,channel-1,0.0729883609706882,0.44887841996973243
B60FB584349B1FA3EDD4BF146986A3539E9072B98BDDFD015C24901316B7FE16,osmo1wu2rp75wqnh82wu3peh9ftqv36e030vj8lfq9d,genesis1wu2rp75wqnh82wu3peh9ftqv36e030vj3dwxh2,channel-253,channel-1,0.0729883609706882,0.0729883609706882
65F7875A0B38DBC12A4AA1884F9EDDB9FADEBBE063F4683F443E4E475B8197F3,osmo1ag940t2gd4sn0wey7xgfjl83x2t5v62m6629pc,genesis1ag940t2gd4sn0wey7xgfjl83x2t5v62mvgdrnl,channel-253,channel-1,0.08155564955278671,0.16311129910557343
8B3D6935F4C182765749CD1A1DA42617995C973A873F4D3B3C91DC3EF73262D9,osmo1snnphc4n9d2cpfg0a8w3d3qmt8sh7ha4dnzt6v,genesis1snnphc4n9d2cpfg0a8w3d3qmt8sh7ha4mp9dgt,channel-253,channel-1,0.08155564955278671,47.5573609781787
2601314BE50B5EC75B9F824ABECD821961257816BA42C0ABDC24DDCEC7A59080,osmo1c5g8xw3dfcxypw65j7aa4j29hetr4wy4v4lzsn,genesis1c5g8xw3dfcxypw65j7aa4j29hetr4wy468cyz5,channel-253,channel-1,0.08155564955278671,0.015716815907944756
23F371D9E7AE8E4AB50EF4D2F07E5E2E658F99503EA5F3F2F0B345DF8DE7A489,osmo167dw6rkgsm5jza3saq8ecr0lg4ddleggpt4yzj,genesis167dw6rkgsm5jza3saq8ecr0lg4ddlegghejzs4,channel-253,channel-1,0.048354948605918525,0.5318981485217789
F6BC3ADA87D2F5420C96B4292788BA707823BC76D857B5510BBFBF8599CA3A48,osmo1zlnj7v8p37ypdjph8gqxva4w4ptl95g93swhgf,genesis1zlnj7v8p37ypdjph8gqxva4w4ptl95g98zf36w,channel-253,channel-1,0.08174991701481814,11.771988050133812
9530E8ED450D2AE63B04934C0DC7AF023AB9F3FC65EF9BBF6CED965CFD6F4936,osmo1634lrxjrjcqwdxw6x9at63meylrcsnvttsf0e8,genesis1634lrxjrjcqwdxw6x9at63meylrcsnvtazwftq,channel-253,channel-1,0.05598884038299909,1.5203563523685197
97B4589CB94E76C37FA594D59EA93085CE051B8E39E3AA375A5F9AACCFADD682,osmo1gtke29g72hw6n9hrj8y7m9qxl3k6mmjzs06p95,genesis1gtke29g72hw6n9hrj8y7m9qxl3k6mmjzxaa8hn,channel-253,channel-1,0.05598884038299909,477.3937402231406
77C76C567595A4FBCBC1757CC3C7A4CCC6506562B66AC62C2468BD77D6EB2393,osmo1kllcrueu7lf3uy8v5hqsvt894khcy867zuhw30,genesis1kllcrueu7lf3uy8v5hqsvt894khcy8675wsgrg,channel-253,channel-1,0.05598884038299909,0.013505163880227688
3C8285E6D7AB9EAE23EFD2D8DD82CC94A209B56763C839A0895E73ACAE96F044,osmo182lpnqqq0umc07hut7xp7j23k32ss3pa9pltx0,genesis182lpnqqq0umc07hut7xp7j23k32ss3panncd5g,channel-253,channel-1,0.016845775294525148,731.1066477823914
4B8AA92BECD4CFCC0CA16EAA0D4F6577378AB9BD4660F1DAA161E703FA84C1C5,osmo12r546klch5z63j3vm6e72qcqjqz4wf7u9lqg9r,genesis12r546klch5z63j3vm6e72qcqjqz4wf7und8why,channel-253,channel-1,0.04229712172184817,0.012830424391345564
567451723480E35D4834950EFBACBE9EF34B8FEA7EEBEE6F6E3C3DF4BEF9652D,osmo14tsmxmf2aqpu7e6snj2gvp4datl9hzrc4zxkjv,genesis14tsmxmf2aqpu7e6snj2gvp4datl9hzrcrspsqt,channel-253,channel-1,0.04229712172184817,0.21148560860924087
BA9C05B2DD44ADE24277BCAB37F133EA2B15C4A8DC060B00C8BF7198C25A04E3,osmo17h6aflsyu8vvtusqgg5maksgnpsmnapncuv7u5,genesis17h6aflsyu8vvtusqgg5maksgnpsmnapnwwtcwn,channel-253,channel-1,0.04229712172184817,0.4652628403145006
247A361BC23F0E0FC6CD9A735F2C7B211722E0B0F229703EC6D2A95DEA339721,osmo1j6frpjqy0qg9dvm8n8vd5tgnrftpqfp9a0ump6,genesis1j6frpjqy0qg9dvm8n8vd5tgnrftpqfp9tamana,channel-253,channel-1,0.04229712172184817,0.42297121721848174
F32BFB48BBF6D3C435A028A2CFA40242112F1AAAD31D9A65934362F90123D7A2,osmo1l56z09rcgnamet6st2sm25ez6jc3ynp5dyezvd,genesis1l56z09rcgnamet6st2sm25ez6jc3ynp5mk7y72,channel-253,channel-1,0.04229712172184817,0.08459424344369634
4D14E17B1F52C076C68AA6C1F146517D0BD358A5F4BF70E3A17D3677FB729743,osmo1lzrrnuucj7s5ajjzvhg0kn7t8xxwq98wrn7089,genesis1lzrrnuucj7s5ajjzvhg0kn7t8xxwq98w4pef4z,channel-253,channel-1,0.04229712172184817,0.4652628403145006
2F25CEB42A81502F2964E95D11DA74FA543C597A0D8C990998770930F17461F0,osmo1rgf4dznny6fx60yjwmq27xxs42vl34yl54cce0,genesis1rgf4dznny6fx60yjwmq27xxs42vl34ylz8l7tg,channel-253,channel-1,0.04229712172184817,0.4652628403145006
15858DB6B157D22B9CF3D7ED500DBA67B31786658A7B54DDA263783C7E9D1210,osmo1s9tj8efw36uegzuujk2zxuda3deslk23xfhunf,genesis1s9tj8efw36uegzuujk2zxuda3deslk23sms6pw,channel-253,channel-1,0.04229712172184817,0.4441197780794058
0D8636AD8B7C9DF9C3722A6D9EC3C233A963A6A0CDA2E89D16759AF218858CDA,osmo1yar6k9z6ugmunfl536ljr6wlhwjdpd6jf2udsz,genesis1yar6k9z6ugmunfl536ljr6wlhwjdpd6jlcmtz9,channel-253,channel-1,0.04229712172184817,0.04229712172184817
CF757AB4D753FC52E9431CE36FFA6AC46B7C2EBAF173DDDC9B85ED252C2912E2,osmo16hp7wzudkeyw6fvgvalm0fh3elp9czhf9l3k7l,genesis16hp7wzudkeyw6fvgvalm0fh3elp9czhfndksvc,channel-253,channel-1,0.03521611231836176,0.08915561605382837
40DA4D3D696E703930C59A0839F098B6567FD7E36054E87F68F56BBBB347073A,osmo1vgu6mpatup4hsyt463mdkac4a6n7qh30laksq4,genesis1vgu6mpatup4hsyt463mdkac4a6n7qh30f03kjj,channel-253,channel-1,0.03521611231836176,0.4616705828134032
F699BDF325167B15A07B95D964C46697D6233BC8942B313B90F7206A12F9EEF1,osmo1xjvhpmflhue38mc8j75gqj2h0fds9guxqen8zj,genesis1xjvhpmflhue38mc8j75gqj2h0fds9guxkt5ps4,channel-253,channel-1,0.06302284222068984,3.1480617003685007
A771643633930730F3EA4D4C701544E882F13329651109FE6E7CEE70F6A03794,osmo1kdq49puwa5pjptxjnldagdc29sm7ghemuqmp5c,genesis1kdq49puwa5pjptxjnldagdc29sm7ghem2ju8xl,channel-253,channel-1,0.07570538901533871,0.22711616704601614
2F8DCDF040357617DC3FDC6A794670CE51727F6753B4DF90CB6D952522D38562,osmo1kllcrueu7lf3uy8v5hqsvt894khcy867zuhw30,genesis1kllcrueu7lf3uy8v5hqsvt894khcy8675wsgrg,channel-253,channel-1,0.07570538901533871,4.098820861002766
457FDE9D4E52EDB684623B938113D3FCBD67A04025DF5AD44CB2063C5F5F47CF,osmo10mkczsrf8snhdhazkf7lav2hjdctyupvm8whys,genesis10mkczsrf8snhdhazkf7lav2hjdctyupvd4f3kh,channel-253,channel-1,0.08090428045476364,0.8899470850024
F15D327A1762C9B39154E74E3C9338C343ECE59954A7069F9A4A428ED6932A78,osmo1f0su7dw6zjhf9924rqlmxx7eecuzwr9w9q6fag,genesis1f0su7dw6zjhf9924rqlmxx7eecuzwr9wnja000,channel-253,channel-1,0.08090428045476364,4530.720609747218
C853EC1F16E64B2B7E64BD416F9960F9C9E82C129488DEBF6DD061A54229A233,osmo1nyc6eykp7xwuptuy9w09zvt3lrzynez6t4e6wy,genesis1nyc6eykp7xwuptuy9w09zvt3lrzynez6a87uur,channel-253,channel-1,0.08090428045476364,0.003274116153494223
8B0A0EA83862B38BFB0B9AF35E46CC95FD52A929E33C09F74DBD68323BD6A10C,osmo1s84q7zy0a0f7dchrpj2fk89gyglkwm2eqrzwxu,genesis1s84q7zy0a0f7dchrpj2fk89gyglkwm2ek39g5m,channel-253,channel-1,0.08090428045476364,16.180856090952727
2664795CFA6CF237529E974E63DA2004395B8872716C5F48E156AE7C33544B88,osmo1zf3f5xcsh34twg4ulf6h2d84qx3fwupcntxdsk,genesis1zf3f5xcsh34twg4ulf6h2d84qx3fwupc9eptz3,channel-253,channel-1,0.08090428045476364,1.119945060464966
14B8909183E6999103899BCFAB593CC3BC1E8E561AE8DD89C3E5FA8CF4B10E4A,osmo1x8tcv75ut45zw9y2dcxrda6u4evmhtppm9h4el,genesis1x8tcv75ut45zw9y2dcxrda6u4evmhtppdhsntc,channel-253,channel-1,0.07792848839972537,0.8571728495830011
CDCF8048FD723B40EAEDE288B8477D896FE69BDC8AB3AA84DBE51944BC4931B4,osmo13k072z6ua8258533glfrrsep4ff6f4j5j3k3pc,genesis13k072z6ua8258533glfrrsep4ff6f4j5yr3hnl,channel-253,channel-1,0.15484735759265392,4185.369228371843
354607F825816D7A31D59C7DD9F545AB6B80A3932F604BD329743BD61B247D78,osmo1kchq6hwcxykm847jugaf5c6x7aqvz4k9rrcl2w,genesis13z5q0p8g4dythknsfyalul55mp3d92xr53ujqd,channel-253,channel-1,0.15484735759265392,398.42225108589844
EC4182CD3F4C3A30A6BD70BBCF4ABE1DC4B4891DE54781AAE8F65F665D76DED5,osmo1kchq6hwcxykm847jugaf5c6x7aqvz4k9rrcl2w,genesis13z5q0p8g4dythknsfyalul55mp3d92xr53ujqd,channel-253,channel-1,0.15484735759265392,296.99723186271024
41B8849E6AC19A502EBD0C48DCEDAF67A77465498FF168D0970BFA60649A2CE7,osmo1kchq6hwcxykm847jugaf5c6x7aqvz4k9rrcl2w,genesis13z5q0p8g4dythknsfyalul55mp3d92xr53ujqd,channel-253,channel-1,0.15484735759265392,309.53986782771517
00CBCB0A2D61B1F862140D2DEED87144012253EEDB4F86DA0ECCBE69EC2673A1,osmo1kchq6hwcxykm847jugaf5c6x7aqvz4k9rrcl2w,genesis13z5q0p8g4dythknsfyalul55mp3d92xr53ujqd,channel-253,channel-1,0.15484735759265392,843.1438620920006
CAEFDD5481A9AB10EE8E2EBF10013273A3BCBDFD50255369EE6C1315A9772796,osmo1kchq6hwcxykm847jugaf5c6x7aqvz4k9rrcl2w,genesis13z5q0p8g4dythknsfyalul55mp3d92xr53ujqd,channel-253,channel-1,0.15484735759265392,374.11121594385185
F512466EB1D01F3FE298D8EB19C5310A646FA9D072FF971DB233F5D9196F84D0,osmo1kchq6hwcxykm847jugaf5c6x7aqvz4k9rrcl2w,genesis13z5q0p8g4dythknsfyalul55mp3d92xr53ujqd,channel-253,channel-1,0.15484735759265392,371.3239635071841
49F03111234E7047189FC8E3FFF0F77F15E9495A9AE2406FA3D8210FCB6DAD04,osmo1kchq6hwcxykm847jugaf5c6x7aqvz4k9rrcl2w,genesis13z5q0p8g4dythknsfyalul55mp3d92xr53ujqd,channel-253,channel-1,0.15484735759265392,854.9122612690422
E13A221ECC6FEF1FCA29748F68C9A587468597CFCDB8143CF9076505CB5C29B3,osmo1kchq6hwcxykm847jugaf5c6x7aqvz4k9rrcl2w,genesis13z5q0p8g4dythknsfyalul55mp3d92xr53ujqd,channel-253,channel-1,0.15484735759265392,546.301477586883
C5DD2AA5454C762DF655BBDEB5817FFB7981C4E90D43C992E8567D62EAAC5EBB,osmo1kchq6hwcxykm847jugaf5c6x7aqvz4k9rrcl2w,genesis13z5q0p8g4dythknsfyalul55mp3d92xr53ujqd,channel-253,channel-1,0.15484735759265392,269.5892495688105
688EB495C4410A1D6B7FBCA7E669884307C92DE48218EBC9BE96F1989FACCF27,osmo14jyz5lnr63nqva6xcppf05hnv64e7gwsc27z7q,genesis14jyz5lnr63nqva6xcppf05hnv64e7gwswceyv8,channel-253,channel-1,0.15484735759265392,0.4645420727779618
444B957ADA50C9DB53D5A61187FC9D4D806BA331BBF3BA628DCC7D08125A60F5,osmo14jyz5lnr63nqva6xcppf05hnv64e7gwsc27z7q,genesis14jyz5lnr63nqva6xcppf05hnv64e7gwswceyv8,channel-253,channel-1,0.15484735759265392,6.930228873160278
CA341718FACDCDA4779DEC91C840E774068A7C299EA3CB03C2339E8CF30835F9,osmo14jyz5lnr63nqva6xcppf05hnv64e7gwsc27z7q,genesis14jyz5lnr63nqva6xcppf05hnv64e7gwswceyv8,channel-253,channel-1,0.15484735759265392,475.9707770239914
10F6606DECD7BE3B7EA4E6A97908C21C7E10833A154526535E7DD7C0E4A75A1B,osmo19h65cmarqlpaz80ja26jtn4gamuvwla00r0f66,genesis19h65cmarqlpaz80ja26jtn4gamuvwla0e3g0ga,channel-253,channel-1,0.15484735759265392,2.167863006297155
112026A4037762EDB8E05DFC136E1A6D46C3B57B8CF831983076CE1C82207021,osmo1awav8afwjqy0f8uzcqek8pd0er7d9jgr5qv9p6,genesis1awav8afwjqy0f8uzcqek8pd0er7d9jgrzjtrna,channel-253,channel-1,0.15484735759265392,903.7824942321239
65CCA4DD16F297E81D69154C3FBF9D48C1FED124A321C25B1BE7E6A84E6E4262,osmo1awav8afwjqy0f8uzcqek8pd0er7d9jgr5qv9p6,genesis1awav8afwjqy0f8uzcqek8pd0er7d9jgrzjtrna,channel-253,channel-1,0.15484735759265392,351.7532967910392
35AEBF63CAA899C741D68C3FADEF093235DA11B530CACE5D3449297237BBF6C1,osmo1awav8afwjqy0f8uzcqek8pd0er7d9jgr5qv9p6,genesis1awav8afwjqy0f8uzcqek8pd0er7d9jgrzjtrna,channel-253,channel-1,0.15484735759265392,208.39325118683342
6916DABAA68D7B3F0D0CD9C3A5C88800F1AB6C918138B58AB9BAEBDE9DAC7D05,osmo1awav8afwjqy0f8uzcqek8pd0er7d9jgr5qv9p6,genesis1awav8afwjqy0f8uzcqek8pd0er7d9jgrzjtrna,channel-253,channel-1,0.15484735759265392,415.2696959318883
213880B3D8F11FAB1F5A7ADE739738C8E2B6C905B06DD15AABB558595ADD5B15,osmo1awav8afwjqy0f8uzcqek8pd0er7d9jgr5qv9p6,genesis1awav8afwjqy0f8uzcqek8pd0er7d9jgrzjtrna,channel-253,channel-1,0.15484735759265392,625.5947396841132
DB0950D07ADEF9024FC98E07AD937B7567B191E7B1AD0D440B776400539A0E62,osmo1awav8afwjqy0f8uzcqek8pd0er7d9jgr5qv9p6,genesis1awav8afwjqy0f8uzcqek8pd0er7d9jgrzjtrna,channel-253,channel-1,0.15484735759265392,753.8179458378378
89769C304928B410A74E93B783C6F2A352E0D9F22D79F0AEB7637FF6F7BEC09E,osmo1s0mcdnsp74relctt3nyfyx4zkuwfn5wff8n73a,genesis1s0mcdnsp74relctt3nyfyx4zkuwfn5wfl45cr6,channel-253,channel-1,0.15484735759265392,0.026550282780194032
E7914F6D186BB5EED7B7C7D3DF4D22A7FCF4A2CAF1CB4B0A4D2034C0E792724C,osmo1kchq6hwcxykm847jugaf5c6x7aqvz4k9rrcl2w,genesis1tat77sppnc59s7652mpdcw7r8gzx5pf8z46n4y,channel-253,channel-1,0.15484735759265392,302.57173673604575
47F94D78673D668E32A0D0374F59933000588377C86C263C249AD96B6E51CB23,osmo1z7ml3yp2sqguptlehv2fmhexpjw8sqsvsfk2xl,genesis1z7ml3yp2sqguptlehv2fmhexpjw8sqsvxm3v5c,channel-253,channel-1,0.15484735759265392,0.04599585116232581
7656C48F4F5A116A6725E8787969A2D18E3E696B31FF4C3E4292774317B3F246,osmo1z907tuemhsr3jaflwjhjtuh9wflfgkse4h9lwr,genesis1z907tuemhsr3jaflwjhjtuh9wflfgkser9zeuy,channel-253,channel-1,0.15484735759265392,0.0021691278460902303
4C80288487F845BEE59C52188CE6D26AA5CD22FB7CC045C3382D2D1E0EBB5AD5,osmo1z907tuemhsr3jaflwjhjtuh9wflfgkse4h9lwr,genesis1z907tuemhsr3jaflwjhjtuh9wflfgkser9zeuy,channel-253,channel-1,0.15484735759265392,2.9538693035548493
A6D4F23009A18665BA9C6A26EAFC965154A74A62EBE28C86AF2C099ACEEB27D3,osmo1k75w2s26rekktazwp5l9ghv2ccp4mvtxw55xag,genesis1k75w2s26rekktazwp5l9ghv2ccp4mvtxcxnq00,channel-253,channel-1,0.007586800879741521,0.07586800879741522
F4426C24B3FA09A4A7B0F6D1A52EEA51D0EBE27273BB60EE03ECE23CA6F247CA,osmo1k7nssnnvxezpp4una7lvk6j53895vadpt3a3l0,genesis1k7nssnnvxezpp4una7lvk6j53895vadpar6hdg,channel-253,channel-1,0.0387144553554708,8.188967746704632
76804F1A7890956A627B38D7A3E649D6B8A25172F8E2518CA4E5F6B65D95FD01,osmo1gtke29g72hw6n9hrj8y7m9qxl3k6mmjzs06p95,genesis1gtke29g72hw6n9hrj8y7m9qxl3k6mmjzxaa8hn,channel-253,channel-1,0.0387144553554708,405.80466976203525
2625BCE2915193A8E85B2C8B6B670A9DC44AC7CEAC08023E1E6FEE884E95ACDF,osmo16aypymlama0lk5s8c9s30s09eacpvwnav7ewjv,genesis16aypymlama0lk5s8c9s30s09eacpvwna6v7gqt,channel-253,channel-1,0.012972575938256379,129.72575938256378
B5B561388FF17329416074501E81AD8B8B4BA83B9A548844F9E1842FEA92947B,osmo163ndtplrrpkh2faf2c0y6t9v86llx86q6spzwl,genesis163ndtplrrpkh2faf2c0y6t9v86llx86qvzxyuc,channel-253,channel-1,0.060395908292331074,0.00012519058754454238
81791B0637241CF221DDECFD1C5A528FE78D5E3F806F388258DDDD210AB7F292,osmo16jexsf558vvdwwl2cfj0mzr4x63xjpac5cs9rv,genesis16jexsf558vvdwwl2cfj0mzr4x63xjpacz2hr3t,channel-253,channel-1,0.06253859203819122,0.5634781176516864
DCA01FE8DD35717BF5E97B8F4DF7865768E3EBB49C94D466B6C6AD8ADE3B1AC4,osmo177r0g3keaq5ur8rq9rzh0uyzuyymmz8tz0gap8,genesis177r0g3keaq5ur8rq9rzh0uyzuyymmz8t5a0mnq,channel-253,channel-1,0.06253859203819122,0.016920897905745053
23009B54D209BCEB6AB62B51199667AB1D8EC07A6E6AE69D4F5FFDC296797049,osmo1fhayyy4u5n5vffh640esjx9he3zgds7mz3n20w,genesis1fhayyy4u5n5vffh640esjx9he3zgds7m5r5vaf,channel-253,channel-1,0.06253859203819122,0.6879163824031304
B1986DE4D413C190FE85E81B799798E079B52113146659A6CE6C5F0C045970A2,osmo18f03tpajx65xuj4h44mmjhag65jeslngshsp0m,genesis18f03tpajx65xuj4h44mmjhag65jeslngx9h8au,channel-253,channel-1,0.06253859203819122,0.018761577611457365
37DD1798FB3AB4DF68D747E331CCD2747A67034C3067DA58EA7E5EDDE5F46D9E,osmo15dlvx82yt5evgrl9z32khlaw7q8zdwnkxsnm6t,genesis15dlvx82yt5evgrl9z32khlaw7q8zdwnksz5agv,channel-253,channel-1,0.07847632936852217,699.2240946735325
A087660200B80837D93BD102E5362A1DFA36BE4F5F0EBA80A9A047F938779573,osmo182lpnqqq0umc07hut7xp7j23k32ss3pa9pltx0,genesis182lpnqqq0umc07hut7xp7j23k32ss3panncd5g,channel-253,channel-1,0.07847632936852217,62.48296326053657
20F9F9C5A3E04554976148396C044DA8C245A3AA022EE22BE17A127A5109ECB5,osmo185cd5utlg02pw2jvz7fdfqgn0ud8gu6hulh4kd,genesis185cd5utlg02pw2jvz7fdfqgn0ud8gu6h2dsny2,channel-253,channel-1,0.07847632936852217,4.970991172392808
70B3CEBE035CD8F5D2DCA4A81D8DC5B1B40EAC22DDC5DCCCE7F4BF7468B78649,osmo18cpvvupy2xd8s6xurnzfh7z7c3ystll8cffm6j,genesis18cpvvupy2xd8s6xurnzfh7z7c3ystll8wmwag4,channel-253,channel-1,0.07847632936852217,3138.97420418759
A1BBC095C3E60E57F1D2CA42C927DDE0F8EB9A6EA98718504B4119AD3FD7493F,osmo1fgrz6t7dm8aj7lc4nkk8ezpuc3pxsv2uucvdts,genesis1fgrz6t7dm8aj7lc4nkk8ezpuc3pxsv2u22tteh,channel-253,channel-1,0.07847632936852217,16.99118680241713
DF0260AC702F6CAF9482BC33009548237BFD1EE74E44389D23093EAF4660796C,osmo1qnlxnneluedfg3lusv8r36t5c0s4r2p0dlsn28,genesis1qnlxnneluedfg3lusv8r36t5c0s4r2p0mdh4cq,channel-253,channel-1,0.07847632936852217,0.8161538254326306
C74A33EEA5E9E3BBDB954838A6734E70CDF515B05DDD7F04310EFB32AFDFE4EC,osmo1s8fjq6q7hnywn6x0ya4lsccvlp977qu4v2funy,genesis1s8fjq6q7hnywn6x0ya4lsccvlp977qu46cw6pr,channel-253,channel-1,0.07847632936852217,0.8632294211309158
4EDD8757EB2A4A6CA1296FEB1895F76C43E43BE3DC3B4281BD4EE09DD14AC8F8,osmo1zlnj7v8p37ypdjph8gqxva4w4ptl95g93swhgf,genesis1zlnj7v8p37ypdjph8gqxva4w4ptl95g98zf36w,channel-253,channel-1,0.07847632936852217,5.06811282147512
4914A65533A11111EDBAE9A61EB24699789DA68A0A935AA6D631B1B1FB9463B1,osmo17msqx8vns6uls6f7yqvfqzlys7gljl9997evfe,genesis12hckdk0k5wvpucxa5q77vhn7hhtnsshz6r40vx,channel-253,channel-1,0.06875238431253196,0.06875238431253196
8D3F98EAD07357F4D1BB10441C59E08A4A3393B5357291AED8B1CF85CB5B40C0,osmo16aypymlama0lk5s8c9s30s09eacpvwnav7ewjv,genesis16aypymlama0lk5s8c9s30s09eacpvwna6v7gqt,channel-253,channel-1,0.06875238431253196,6.875238431253196
4278C7D4D6AEFB32DBD31AB380D3CA3B855A2A7391668247B3CB26994CF4B600,osmo1ag940t2gd4sn0wey7xgfjl83x2t5v62m6629pc,genesis1ag940t2gd4sn0wey7xgfjl83x2t5v62mvgdrnl,channel-253,channel-1,0.06875238431253196,0.6875238431253196
59B8DC55697EC98970DA93A7BCA2297417D0E47C2649BC1A05A8E15D4C6D83FA,osmo1ak4z9zdm4g438tffl8hzt4kkk9j0gxsmwkzw48,genesis1ak4z9zdm4g438tffl8hzt4kkk9j0gxsmcy9g8q,channel-253,channel-1,0.06875238431253196,0.5013993702589946
BEBBF608ACD5B68AA57D16FD52D94379CF31F92AD0610C3DFCB1FE89E787C28B,osmo1f0su7dw6zjhf9924rqlmxx7eecuzwr9w9q6fag,genesis1f0su7dw6zjhf9924rqlmxx7eecuzwr9wnja000,channel-253,channel-1,0.06875238431253196,677.8297569372526
851A8E4997BFC92357B4D5CF0F6699C681565672055E224FC22FD7E77F1F17CC,osmo1gg4s7a3nf7wnlcmn70l5ckh7qspk27d34j3rvw,genesis1gg4s7a3nf7wnlcmn70l5ckh7qspk27d3rqk97f,channel-253,channel-1,0.06875238431253196,2.0279608370635835
A070DFA5DE0F40C2E4975B46A966EBF398DEBB75C3F97B823AD41C422CEB3A43,osmo1qnlxnneluedfg3lusv8r36t5c0s4r2p0dlsn28,genesis1qnlxnneluedfg3lusv8r36t5c0s4r2p0mdh4cq,channel-253,channel-1,0.06875238431253196,1.925066760750895
09E1DE8C1C8ADBB31D2CF446B948597BAFE00F6002DF9107E44ECCDA94640C8F,osmo1s84q7zy0a0f7dchrpj2fk89gyglkwm2eqrzwxu,genesis1s84q7zy0a0f7dchrpj2fk89gyglkwm2ek39g5m,channel-253,channel-1,0.06875238431253196,39.355510404108884
553D5CAE630283CDD6B667990C516A7D0DFEE138A8228007814B5F559AA3E128,osmo1s84q7zy0a0f7dchrpj2fk89gyglkwm2eqrzwxu,genesis1s84q7zy0a0f7dchrpj2fk89gyglkwm2ek39g5m,channel-253,channel-1,0.06875238431253196,0.06875238431253196
18773D3D4C6A8B2692481A29129DA9CD68A9E0346A1AD91F4D0A41B0367F6CEA,osmo14vgp7l8ap53tlp0kg2gk259e9lmyza8ep8lvsp,genesis14vgp7l8ap53tlp0kg2gk259e9lmyza8eh4c2zx,channel-253,channel-1,0.06271473790225443,0.6899085258308383
53443E57EA59FE8631A27018324B863D122645155E942D9C6ADAAA597C563E6F,osmo1cddkj9qt534dgv0lpqfvcltl8fkq55rap5zkgj,genesis1cddkj9qt534dgv0lpqfvcltl8fkq55rahx9s64,channel-253,channel-1,0.006630644502985145,0.7152914650992468
FDEDA078D7D69AF6E3D2C043CAF8CB5B665FE7A5FD322C02CA6EC3C58D65C916,osmo1ug54mpujhgp588fyyywes74gm8p4wjgsrrarph,genesis1ug54mpujhgp588fyyywes74gm8p4wjgs4369ns,channel-253,channel-1,0.04223769117506569,3.5094208463972696
54762228E6F1056F7903D5DDB9F549F636F7EBA251FD9C1C535E1D3FADE86114,osmo1ug54mpujhgp588fyyywes74gm8p4wjgsrrarph,genesis1ug54mpujhgp588fyyywes74gm8p4wjgs4369ns,channel-253,channel-1,0.04223769117506569,0.44595281935757486
6132F6BB290F08C6A59C0E96A552A3E646D75C3E9F1F2DCD722D0F96FBA89EB2,osmo1ug54mpujhgp588fyyywes74gm8p4wjgsrrarph,genesis1ug54mpujhgp588fyyywes74gm8p4wjgs4369ns,channel-253,channel-1,0.04223769117506569,3.5078878415989605
9194E4DECAAFED0D99922CB06E5369AABD740E6E302FD085F8D5013DBC8A94D5,osmo1u57ekxxqsjrqe4k9yucv786tvc6yjj265a4cqm,genesis1u57ekxxqsjrqe4k9yucv786tvc6yjj26z0j7ju,channel-253,channel-1,0.01152872244135625,0.01152872244135625
70299ADF99B46022F3E024294BD00F5F7384BC2A174BD452D031F8A3BDD7DE7F,osmo16aypymlama0lk5s8c9s30s09eacpvwnav7ewjv,genesis16aypymlama0lk5s8c9s30s09eacpvwna6v7gqt,channel-253,channel-1,0.012957503080818446,60.9002644798467
4C329E7049A4E5FB63AAD494BB6ED5090D4757AFE65A5B62FAE1EBD2DBC584CE,osmo16aypymlama0lk5s8c9s30s09eacpvwnav7ewjv,genesis16aypymlama0lk5s8c9s30s09eacpvwna6v7gqt,channel-253,channel-1,0.012957503080818446,24.619255853555046
791955A3789CD060E7C5974E2759B6DE55CBD9D8D743168CF454EEEDEA909834,osmo10au2ltan847ewdw5c5dfpnwsnvhh5ggk0fa90e,genesis10au2ltan847ewdw5c5dfpnwsnvhh5ggkem6ra7,channel-253,channel-1,0.07259258889849426,0.07259258889849426
1D235CDCA8A114BEDD5E565C092A25E9C8AC654FD3C55B48F8CB691E8BB71394,osmo12cq90xeg0828dtdqgtkgkl60xfgvwa3jj8va22,genesis12cq90xeg0828dtdqgtkgkl60xfgvwa3jy4tmcd,channel-253,channel-1,0.07259258889849426,0.36296294449247135
6E84924E39AFE7FBC53820A39B959828C7F9B30A3862D67ACA8328CF416738B9,osmo12qeqjds4nlrxpkjka9g30s438glneej8pcutz5,genesis12qeqjds4nlrxpkjka9g30s438glneej8h2mdsn,channel-253,channel-1,0.07259258889849426,3.963618509410119
6AA123BE63C131150B5BDDBEE616CCA7B4949831A9425B3B4371E7C6E07CD51A,osmo12xlrsfte5c7x45qd88e8t7pv34calr59jfszuv,genesis12xlrsfte5c7x45qd88e8t7pv34calr59ymhywt,channel-253,channel-1,0.07259258889849426,0.8814017960053009
A77FBF7619E63B8E76B2FF1339AA2FC0B1CADB9AEE3868375715F7B955B99C6E,osmo134c3cg4m9mhak7d4q936etvmm6w8wsp2yre9w5,genesis134c3cg4m9mhak7d4q936etvmm6w8wsp2j37run,channel-253,channel-1,0.07259258889849426,0.7259258889849427
917672C238A1A2FDEF8D45AF4CE0D8BB3F0741A0BEC3C8A8F036150EB8BE6436,osmo13uup3md785lsd74aws4hx2et052mferw8n6yat,genesis13uup3md785lsd74aws4hx2et052mferw3paz0v,channel-253,channel-1,0.07259258889849426,12.740732469746881
721CC9E3AEA0790C2369C7C8F30248C7516ED2FF8D672959BCE7A49A88B50622,osmo13xq3hgcl6h9r5nce76sq6v35echjdmsvjy3cgn,genesis13xq3hgcl6h9r5nce76sq6v35echjdmsvykk765,channel-253,channel-1,0.07259258889849426,0.7985184778834369
F9D5E14272656CBF3B34AF9E194CDA7297C3ADE19DFAA1DBCE7F8A6E24B8F380,osmo1j64nlm43umrrv62krql2ek48dfdjkh385t24gs,genesis17msqx8vns6uls6f7yqvfqzlys7gljl99nv72m7,channel-253,channel-1,0.07259258889849426,104.44212557326195
AB79F66F6BB5DB52566887C27DA4792080943B198F21EF12D0993B7FF9A48A46,osmo1alksfa6zvlhrdkzyy55qhkamj33ytcdul4tsr7,genesis1alksfa6zvlhrdkzyy55qhkamj33ytcduf8vk3e,channel-253,channel-1,0.07259258889849426,0.7985816334357693
052894F72EE08F4FADAF63113974E6E10B17DD3A4C5A2295B9821C07149B9CA2,osmo1cxyjsjj7qjkh9gearccn563hwujrqdewz6yq2h,genesis1cxyjsjj7qjkh9gearccn563hwujrqdew5grxcs,channel-253,channel-1,0.07259258889849426,0.7622221834341898
7C1FC4996E7DB28D4777BC2AE9B5C79212813762FE9AE7D854D7CB75EC70CB02,osmo1dkpc7akx3anmhjymzh5cytzmy4vr3dqdqk800u,genesis1dkpc7akx3anmhjymzh5cytzmy4vr3dqdkyqfam,channel-253,channel-1,0.07259258889849426,4.853336676927087
FD64F8C85D8159CB6954C64F31B00AE3F7C337AA44D3F17576DCC174B6403158,osmo1dkpc7akx3anmhjymzh5cytzmy4vr3dqdqk800u,genesis1dkpc7akx3anmhjymzh5cytzmy4vr3dqdkyqfam,channel-253,channel-1,0.07259258889849426,4.878776879937208
B117744D6239A352FE7C6A6C10567C9D40445720B8E40ED544C50BC9BF1BA1F6,osmo1dkpc7akx3anmhjymzh5cytzmy4vr3dqdqk800u,genesis1dkpc7akx3anmhjymzh5cytzmy4vr3dqdkyqfam,channel-253,channel-1,0.07259258889849426,1.4093494404255607
EB0138A01A3E388CADCBE329C9B4BF6ECB666210B7137CDE3E4400715DB508AD,osmo1ej4hw9zvn8wz559xkrdcerjcauagr3xszskduy,genesis1ej4hw9zvn8wz559xkrdcerjcauagr3xs5z3twr,channel-253,channel-1,0.07259258889849426,0.6602713226327798
B99F403B309437E009AFD7B6CB9D89EBB06D913A914173E923423F0B322D6843,osmo1eyu7a2uahgdp9jlm5vulu5hs0xcyp4wzltt5a5,genesis1eyu7a2uahgdp9jlm5vulu5hs0xcyp4wzfevj0n,channel-253,channel-1,0.07259258889849426,0.7259258889849427
4BA6557C7D3ED229E086620F9375660348ED0240FDA9121F81F57D74BC89D7ED,osmo1fa59jlnx2aljljp7v2n9thc8ul9y74pwx35srk,genesis1fa59jlnx2aljljp7v2n9thc8ul9y74pwsrnk33,channel-253,channel-1,0.07259258889849426,4.913837428435519
0C10C4049D0F9549F6C378D47ADA3CBAB5B800BB5B598A451DFAA367CE4364B2,osmo1h5shnh6dnjtalh84cxl04taa2klvkz5fg6fjr7,genesis1h5shnh6dnjtalh84cxl04taa2klvkz5f7gw53e,channel-253,channel-1,0.07259258889849426,12.832025356781406
CF6445E517FBEE5B6B733E0D74E016D948E5DB022B933EA09B16864BE457264B,osmo1h5shnh6dnjtalh84cxl04taa2klvkz5fg6fjr7,genesis1h5shnh6dnjtalh84cxl04taa2klvkz5f7gw53e,channel-253,channel-1,0.07259258889849426,10.184035300015212
06F1E235CE1BDFA8B42347792188A4410AB0D50C6CDA1089CF456FBC158F9997,osmo1hdvzqrgjqgm98vrz6jpevx53udwa52l3snwkmp,genesis1hdvzqrgjqgm98vrz6jpevx53udwa52l3xpfsfx,channel-253,channel-1,0.07259258889849426,0.7259258889849427
BF819DFAD7FD9FED0DA44E527DAA17C0C2601B2725B25475BE97425AAA320946,osmo1hx5eeyjep4dwgckys9xx34akvtpy4ga3sjz2lk,genesis1hx5eeyjep4dwgckys9xx34akvtpy4ga3xq9vd3,channel-253,channel-1,0.07259258889849426,1.5244349298318136
6DC48CBA79162F14C7CC0E4E70ECB5653F3ED9915C8D539A06F40DD8ABB6C3DB,osmo1j5ftntpz7y2sda5t0y27ll26sj0vxm43p3jvgr,genesis1j5ftntpz7y2sda5t0y27ll26sj0vxm43hr426y,channel-253,channel-1,0.07259258889849426,0.7985090408468708
4E010A0E8AB43E72B9A32BA812CD2CF36489EE21F4877EB89B92DA8150B44D1A,osmo1me3hg2l74zn5ag9y879u7re4cp4dxea9h5d45s,genesis1me3hg2l74zn5ag9y879u7re4cp4dxea9px2nxh,channel-253,channel-1,0.07259258889849426,0.047491306062967815
5BDED6F67FFF4DB1DC9497DEC45EDF8B6A389E47D5532749AB35A7974ADF7326,osmo1qctsnew9jprsk2jdngu6ddemgd3h4f49sg49p8,genesis1qctsnew9jprsk2jdngu6ddemgd3h4f49x6jrnq,channel-253,channel-1,0.07259258889849426,0.7985090408468708
735C7C4A33FEB6F55E3E8CBF004B315BE13DC8521EFE6EE6521D6B981638D7DA,osmo1s723xv5m4s2526ahj8a26fykvjtdhxsezpvvjz,genesis1s723xv5m4s2526ahj8a26fykvjtdhxse5nt2q9,channel-253,channel-1,0.07259258889849426,0.7985090408468708
E8F8A8B453805D1B0EA045E095ECDF353397D772CEA9AD6670B613FB149E4751,osmo1ulskjvjmggnveyjdraz29a3gtf2hzefvwd4apy,genesis1ulskjvjmggnveyjdraz29a3gtf2hzefvcljmnr,channel-253,channel-1,0.07259258889849426,0.07259258889849426
87098A5D6AAC15D5F43CEE1722713976FE76F74F050B87848333C5B602F7486A,osmo1vzcy66ls4pdjqtscr077559frlsatfzcj44ygl,genesis1vzcy66ls4pdjqtscr077559frlsatfzcy8jz6c,channel-253,channel-1,0.07259258889849426,7.9677351490853905
EFCB5ED07BE3135E91BFEC1F1E2EBEEAD05744450F82FBD60FBECD57D3FEBE96,osmo1w5dx3ey3zwdhqjgw3l3f7qlrmwwey4kwvkd83w,genesis1w5dx3ey3zwdhqjgw3l3f7qlrmwwey4kw6y2prf,channel-253,channel-1,0.07259258889849426,0.7259258889849427
DD38E6E4FD371B67F8F83BE187C2473E885B8B3D240CFFB4D043DC453D01A740,osmo1c8p9rzecuw8lt8ph6dq04rg26w78gsp07sfal6,genesis1wqfvpdzudz3vqemyfwwnuhw6q6yjc62hg2ks0z,channel-253,channel-1,0.07259258889849426,3.5642843960077153
F4F00D08973172C5AC910F4D299DF55A9D07ECC8A051902ADBCCA5CF713C8B08,osmo1y8men6lptm9yh8aux73yr3yke0w3jmcwlfw3aq,genesis1y8men6lptm9yh8aux73yr3yke0w3jmcwfmfh08,channel-253,channel-1,0.07259258889849426,0.7985090408468708
9F447AC164B90DF5EB8CBA057C5F842D8128C5725D13BD0B40EC9E1644B8E874,osmo1zg453l326xgrk5nm2prru4teqkym8zc9pe5r0z,genesis1zg453l326xgrk5nm2prru4teqkym8zc9htn9a9,channel-253,channel-1,0.07259258889849426,3.629629444924713
C9FED3DCACF59EA0E37B7B557BB1A195429264C7CEC8A08DC01427A995EC041D,osmo1zpc5e4zxq36w9cr596ayvpp9my0t7gt96kt48n,genesis1zpc5e4zxq36w9cr596ayvpp9my0t7gt9vyvn45,channel-253,channel-1,0.07259258889849426,0.7985090408468708
1F272259CD8450576F77EDD85F9090E9EF4ED4889A55BE1BC68F4DB6C53C4E40,osmo1zu9acv9yjl89ugzuqu9459fm9zth8v8fzezgef,genesis1zu9acv9yjl89ugzuqu9459fm9zth8v8f5t9wtw,channel-253,channel-1,0.07259258889849426,0.08065705588238624
3289F0BD346B3D6E4AAF83DC3AA5C473C80F78148CFFE19332C2D65E6039B2DB,osmo1zyty63st4234xvypd5389tgqdvkzv6e6vcmzpf,genesis1zyty63st4234xvypd5389tgqdvkzv6e662uynw,channel-253,channel-1,0.07259258889849426,0.7985090408468708
378C2DDC2985286594FC74955143DE272F650987079888652FC5632B7822FF56,osmo182dudq2zyucgrax5uk6tws0mxne7zv39v08u6r,genesis182dudq2zyucgrax5uk6tws0mxne7zv396aq6gy,channel-253,channel-1,0.03410860727395922,0.024641489239119206
43C1B938819522666EA5944A8189A395A40068F86F040BA2208038DD37EFA743,osmo1ctdj2dk67fd9yp2xt48m0f3jr45v3xyps5akh6,genesis1ctdj2dk67fd9yp2xt48m0f3jr45v3xypxx6s9a,channel-253,channel-1,0.02666231829863195,0.0026662318298631953
704E1DADAFFF7E81E92B526C775BB6F0DD37568D2300C11B53BDE316CAE8E3DA,osmo1hmvnht5pmajf8gv6v9lqxe3yptl6zhpgdgw4es,genesis1hmvnht5pmajf8gv6v9lqxe3yptl6zhpgm6fnth,channel-253,channel-1,0.02666231829863195,1.8069304756373656
CD5AB6051A15A111C71AC52054FD4E4AD4C1354A073C26FA5F09F82BA01FE97D,osmo1llugk9nrw6pvtlty348h0nxlgpe09lg235vt0f,genesis1llugk9nrw6pvtlty348h0nxlgpe09lg28xtdaw,channel-253,channel-1,0.02666231829863195,0.02666231829863195
8C2C69232F05B0390DD122B553CA9EBEDC43403D6765750BAFEA164E61133351,osmo1llugk9nrw6pvtlty348h0nxlgpe09lg235vt0f,genesis1llugk9nrw6pvtlty348h0nxlgpe09lg28xtdaw,channel-253,channel-1,0.02666231829863195,0.02666231829863195
D072CB712FD0EA3A7A2F4AB14E8934115B9D2279186E846672C029BBE3124BB9,osmo1llugk9nrw6pvtlty348h0nxlgpe09lg235vt0f,genesis1llugk9nrw6pvtlty348h0nxlgpe09lg28xtdaw,channel-253,channel-1,0.02666231829863195,0.02666231829863195
F3885DD9F4E0E0F27C41336D18EFFCFC6EEAEB99CCD53A2E1E01FD951A00CDB6,osmo1nzgxusarw7tn3w9pz9mtxplwu8jnwrhlgkppxv,genesis1nzgxusarw7tn3w9pz9mtxplwu8jnwrhl7yx85t,channel-253,channel-1,0.02666231829863195,0.02666231829863195
3A9E4096647A418399233C2D74C1D6415B194ED4C2EBB05A43E0377D84CEAB54,osmo1q00xe47xx26ppjll89pl4afxzvvm9pjewpq0v6,genesis1q00xe47xx26ppjll89pl4afxzvvm9pjecn8f7a,channel-253,channel-1,0.02666231829863195,0.0327946515073173
D0D465458609601D35EEB20A151B9C46C1ED48D64AD5B5CD535C23A5B82BC798,osmo1q00xe47xx26ppjll89pl4afxzvvm9pjewpq0v6,genesis1q00xe47xx26ppjll89pl4afxzvvm9pjecn8f7a,channel-253,channel-1,0.02666231829863195,2613.316845337009
E53A9D58E25A7C12F8A934D23387A962C15B5DC3427CC995FC0034571F7E427E,osmo1q00xe47xx26ppjll89pl4afxzvvm9pjewpq0v6,genesis1q00xe47xx26ppjll89pl4afxzvvm9pjecn8f7a,channel-253,channel-1,0.02666231829863195,0.029328550128495147
E1ADBBC639222A94F7DA3114147B3D8272A6537249D3787D2E016C2B0249A87C,osmo122hjrmj8k2f0lc0m8nepdysgx9f2gan2jn8s3u,genesis122hjrmj8k2f0lc0m8nepdysgx9f2gan2ypqkrm,channel-253,channel-1,0.06990304669558128,0.7158071981627524
618A1838D991C50D292E917915F5D92145BE65568099C57F78234E6C5409B4D2,osmo169ms87axhd77gtl4058czf33yssec45t6yptpy,genesis169ms87axhd77gtl4058czf33yssec45tvkxdnr,channel-253,channel-1,0.06990304669558128,0.7689244262553148
AF9120A990363509852354F3C0E8B2F81D21BCD69A72D8ED2BD97BA3F62C7783,osmo1l97vh5wfrg783ts2mdm9ctkmhjhc8envsel4ta,genesis1l97vh5wfrg783ts2mdm9ctkmhjhc8envxtcne6,channel-253,channel-1,0.06990304669558128,0.6380847242261792
1328DBD807AA265754B2FA31B1CA3DFC1B5A5932C118DA0878F9F6C3B3E22AB8,osmo1pptln64s9zllu9rzkfsnjl9zx6x3vnshfgdxwm,genesis1pptln64s9zllu9rzkfsnjl9zx6x3vnshl62quu,channel-253,channel-1,0.06990304669558128,0.7689244262553148
BEB2549A030A292D853A2517B6D0D75F6BEF17AB0CCBA99A1E265568997E020C,osmo1qp39re424d78puvywlafhsddx7zt6r2884qkz5,genesis1qp39re424d78puvywlafhsddx7zt6r28388ssn,channel-253,channel-1,0.06990304669558128,0.7689244262553148
0720299B0B665C3F600DB7AB8D357C928489CDC3210EBDF7FC49F62883B185DA,osmo1v2z9rwxt5y98pnrs6ryhqp08ay5azzvmw92wnm,genesis1v2z9rwxt5y98pnrs6ryhqp08ay5azzvmchdgpu,channel-253,channel-1,0.06990304669558128,604.172032589909
459B827B29A28F194536CEB1515F19DBA313947711B829BE59D22CB0C41A0DD3,osmo16aypymlama0lk5s8c9s30s09eacpvwnav7ewjv,genesis16aypymlama0lk5s8c9s30s09eacpvwna6v7gqt,channel-253,channel-1,0.03508555083071967,59.64543641222343
0E84A2F6040C529C6FA887EB1CCE0382823383283544720D2B46B70619372D1E,osmo16aypymlama0lk5s8c9s30s09eacpvwnav7ewjv,genesis16aypymlama0lk5s8c9s30s09eacpvwna6v7gqt,channel-253,channel-1,0.03508555083071967,175.42775415359833
2A7873905D1B7A83B50655992A387EDC3A4DFB488E5F04D59C5725333C00CA4C,osmo16aypymlama0lk5s8c9s30s09eacpvwnav7ewjv,genesis1h4lx8cm0vnrrahjjfgsjp79jjnyspy6w7ehrxd,channel-253,channel-1,0.010967020295392522,548.351014769626
4A6B7AA178FA946715450E7017A25188C91ED7F4F825239EED302F7EA44D5089,osmo12jfvctjm2jjj0xflzjyrj0gc5umqjq8jdljx64,genesis12jfvctjm2jjj0xflzjyrj0gc5umqjq8jmd4qgj,channel-253,channel-1,0.07605151599142872,3599.366148842338
B8695572F886328E4275AF52D973559DD16CD259D995671EC8292DE91800FCB3,osmo13d5ztr9ydpfdqwmf5yh4xd5n54ytk0m6234hyg,genesis13d5ztr9ydpfdqwmf5yh4xd5n54ytk0m6urj3k0,channel-253,channel-1,0.07605151599142872,0.0007710102691211043
9B956B7BF2274779FC990D0762C4307F788CCA1BDB7B6DC8EAA923FA9AA0866B,osmo13uup3md785lsd74aws4hx2et052mferw8n6yat,genesis13uup3md785lsd74aws4hx2et052mferw3paz0v,channel-253,channel-1,0.07605151599142872,15.905226100013287
BAFD1E4C7B94D14854CEB248E35B2B1BE88122ADB6AE24BAEDCEB02CE6E02653,osmo17mmhl3d3rsmc7457gw30p20qgj3d36mgcefprd,genesis17mmhl3d3rsmc7457gw30p20qgj3d36mgwtw832,channel-253,channel-1,0.07605151599142872,0.5745563955880824
2FC1992F222635D22DE4672EFD9FB0B20F89A99FC9F9475FBC493E958480775E,osmo18w70c6a8w7f8q3vlv0uktgkxnsr5rxrxfv7jja,genesis18w70c6a8w7f8q3vlv0uktgkxnsr5rxrxl7e5q6,channel-253,channel-1,0.07605151599142872,0.8365567892086272
1A906B584AB98F97B84860E8FC40638F524F400CBD8F9165D0E5AC605B4F4EB3,osmo1dkjcas3j43u3v6l94jhhhnjxhlnwxt3m4rg4mm,genesis1p4n3fy8wqmn4ja0fp4lenaemyzlxrp6y5ma6w5,channel-253,channel-1,0.07605151599142872,0.5696522896234776
2F448530D8289502E50A07D9A2C52E5276FE53A5CDFE22C83D894A91C8DC4F8D,osmo1qpvem7qvpygc87e0aqtjqz6lx7r3z35cgsqvtg,genesis1qpvem7qvpygc87e0aqtjqz6lx7r3z35c7z82e0,channel-253,channel-1,0.07605151599142872,0.8365567892086272
87FCD335A8E34E82569CBA0E63F880F0378706FA00E01C1196DAE396334D198C,osmo1tdlzylelj5kjtqxtnknl05qy6tdgm2gv52qkjj,genesis1tdlzylelj5kjtqxtnknl05qy6tdgm2gvzc8sq4,channel-253,channel-1,0.07605151599142872,0.7605151599142872
C90979D23A1C48124F836AAF4FAF0309D40E99D248E21030E877B068047D2DE5,osmo1esemcd3kp8xw9h76q7u5tgxzc7zksngdamjeky,genesis1esemcd3kp8xw9h76q7u5tgxzc7zksngdtf4lyr,channel-253,channel-1,0.008327530721577827,13.324049154524523
DF67745F0150E1E0CB170884DF98C05D54D14EE5A746352E48E537A8C9E58E88,osmo1c4gf4m92zxachuywrttymahyr63wdwp6k3p7j5,genesis1c4gf4m92zxachuywrttymahyr63wdwp6qrxcqn,channel-253,channel-1,0.01090930258212062,1.8950512985403662
E5DB4882E20855F2B67D1AF13561BF6A63CE3987A86DF4F6F4831968BE29CD00,osmo106mzn687t60uj0n4z4w24qjsk4v2xtcesesdty,genesis106mzn687t60uj0n4z4w24qjsk4v2xtcexthter,channel-253,channel-1,0.06952415697686982,11.850930589641449
31BD8FAEC966D4DA65856862C7F62CC5DC206473B7B9DCBB7157F4806209C0EE,osmo10p06xpqkq2ggmzs8nlqczmfc0nl85s8klwt3v2,genesis10p06xpqkq2ggmzs8nlqczmfc0nl85s8kfuvh7d,channel-253,channel-1,0.06952415697686982,0.008410658701625582
D8A6999FF99CC17F2CA74B72167E3D4219F2B88B392022B936932697DE051ABD,osmo12jfvctjm2jjj0xflzjyrj0gc5umqjq8jdljx64,genesis12jfvctjm2jjj0xflzjyrj0gc5umqjq8jmd4qgj,channel-253,channel-1,0.06952415697686982,2075.8522790153793
4BA5A696CE18EAAE6093D9031AE04B240D96AE798096796AD1D55E2882F00617,osmo13gjvhglmljamj6rvl5s6klt4e4dr0ukswekqlc,genesis13gjvhglmljamj6rvl5s6klt4e4dr0uksct3xdl,channel-253,channel-1,0.06952415697686982,0.764826212762129
7A94FDE5989C8AE8CAC51E7D727BBDD50974EB3A4C94216207AC2E1E0F0B5A39,osmo13gjvhglmljamj6rvl5s6klt4e4dr0ukswekqlc,genesis13gjvhglmljamj6rvl5s6klt4e4dr0uksct3xdl,channel-253,channel-1,0.06952415697686982,6.61579631203924
BF4F46EEA7AC20BF5D2F2E5DBDE16398DDC62408CF16B7B321E178DDC3AC7B21,osmo1868rjzdgw7mfk33qddrmx59e3keu2eztdnmr2r,genesis1868rjzdgw7mfk33qddrmx59e3keu2eztmpu9cy,channel-253,channel-1,0.06952415697686982,7.382281353447553
62F1C3CC03D340497ADB051471286E619A898F30FAAB338D146F9AD75BE656D6,osmo19l9wsymdh3mp7munzrlk8rs03ttnu2uaujyktu,genesis19l9wsymdh3mp7munzrlk8rs03ttnu2ua2qrsem,channel-253,channel-1,0.06952415697686982,23.51842498479087
148619B3AF1ECB6F896A3DEABC981E302F15DE0716056648CCFA15924BC4314A,osmo19l9wsymdh3mp7munzrlk8rs03ttnu2uaujyktu,genesis19l9wsymdh3mp7munzrlk8rs03ttnu2ua2qrsem,channel-253,channel-1,0.06952415697686982,0.2749790484432692
7D382393F76A3F83FAB9079A669668F7185766D0620E74F0BD043D81A98A685B,osmo1h5shnh6dnjtalh84cxl04taa2klvkz5fg6fjr7,genesis1h5shnh6dnjtalh84cxl04taa2klvkz5f7gw53e,channel-253,channel-1,0.06952415697686982,0.15665807057529668
F16C592FC621A6E87ADB9E9E95EC1F2296E0EC4896A799BF7177339C13E7DBA1,osmo1h8uj22du0ka3ylq6rnx00cupey9y6e4jdxrpvp,genesis1h8uj22du0ka3ylq6rnx00cupey9y6e4jm5y87x,channel-253,channel-1,0.06952415697686982,161.18479325795082
FA55E2869DF7CC23B7A9D52FFE7D7BAEA8965E10214B2F9CE55A2346DECDF452,osmo1jgyp33kykapv24nv5a8r9v5tpqrrsy0njkpmt5,genesis1jgyp33kykapv24nv5a8r9v5tpqrrsy0nyyxaen,channel-253,channel-1,0.06952415697686982,7.468661458675521
81B5D80650BA07F2DD087D952E8B92AD2937769463DD2369D16F3B8F862BF2E8,osmo1jnpevf3zg3wc3vyqssxu96lz899g00skk60rtg,genesis1jnpevf3zg3wc3vyqssxu96lz899g00skqgg9e0,channel-253,channel-1,0.06952415697686982,66.42049624035774
45F14698AC6C94BEED1A52DC1E889B47EE2B1EDD48941E92FFEF251BB0FF3293,osmo1kz9a3m46sxert8w2s243mkrkrmhrvf3lha55q4,genesis1kz9a3m46sxert8w2s243mkrkrmhrvf3lp0njjj,channel-253,channel-1,0.06952415697686982,0.7647566886051521
A3C40764219A75BFCDF6C5570C3201C1920444651E5D5C17F4AE8C3FBC77C985,osmo1llf63weea9zwqd0mnhrqn0nspr2tjvex3dq9l3,genesis1llf63weea9zwqd0mnhrqn0nspr2tjvex8l8rdk,channel-253,channel-1,0.06952415697686982,7.675298094133859
773DFC9C742228457CCB1EF1618A3C52D52D1F66F3A407FD675C71D32D6CB783,osmo1me3hg2l74zn5ag9y879u7re4cp4dxea9h5d45s,genesis1me3hg2l74zn5ag9y879u7re4cp4dxea9px2nxh,channel-253,channel-1,0.06952415697686982,0.5210668258391193
FE521EB211733454C63C9644BD2B7A7A531BAA97613EBBB3B84973615536B1A9,osmo1me3hg2l74zn5ag9y879u7re4cp4dxea9h5d45s,genesis1me3hg2l74zn5ag9y879u7re4cp4dxea9px2nxh,channel-253,channel-1,0.06952415697686982,0.09231957959323805
EAE63AF0CB6AB7462D5BFA86E0D59228F0066D3328F0A34BB4D97EFA576DA303,osmo1me3hg2l74zn5ag9y879u7re4cp4dxea9h5d45s,genesis1me3hg2l74zn5ag9y879u7re4cp4dxea9px2nxh,channel-253,channel-1,0.06952415697686982,0.7520750212462688
0EE2C9B14F438DFC4234C4C3D259C780F22FCD2ED9EE0E1E09C56A2BDBAA8979,osmo1me3hg2l74zn5ag9y879u7re4cp4dxea9h5d45s,genesis1me3hg2l74zn5ag9y879u7re4cp4dxea9px2nxh,channel-253,channel-1,0.06952415697686982,0.20889053095522853
CC99A9CE980D8F59EDD157D9D867E2F46AE4DCD216FDC3BE94B69CFAD39E273A,osmo1qctsnew9jprsk2jdngu6ddemgd3h4f49sg49p8,genesis1qctsnew9jprsk2jdngu6ddemgd3h4f49x6jrnq,channel-253,channel-1,0.06952415697686982,1.127957478145876
672C4CD0FCC4F4B317174724A4B136FAC54856F7B3E8CB2BCBAF1FEAD3875C1B,osmo1rtthrjf5aatwhlm57avpedesywk2svwnjc2p6a,genesis1rtthrjf5aatwhlm57avpedesywk2svwny2d8g6,channel-253,channel-1,0.06952415697686982,7.520817092971949
7EA99DC9745E7F211359847804F9F43153A2F5B5E26FD07DFC464B638DEDFC4A,osmo1s84q7zy0a0f7dchrpj2fk89gyglkwm2eqrzwxu,genesis1s84q7zy0a0f7dchrpj2fk89gyglkwm2ek39g5m,channel-253,channel-1,0.06952415697686982,0.06952415697686982
E2FD13413FA62D0252D8184A166CB668350F451C5948E2B8D355603AD35C6CBD,osmo1wkwqg6h23z5nz77n8hv4zk23v6eyvvcan50wve,genesis1wkwqg6h23z5nz77n8hv4zk23v6eyvvca9xgg77,channel-253,channel-1,0.06952415697686982,0.7578133110478811
A89E1E4AF966915B3875388EC8B78380190B1B2BBF331D70BC59793EC0A56765,osmo1yht8762nseqwaklagtc372w4999puqwm9vga37,genesis1yht8762nseqwaklagtc372w4999puqwmn70mre,channel-253,channel-1,0.06952415697686982,7.421723634653719
81B37364A7D27316505B29BD2E229E572D1F1B28AEF04A5C19F10621C8EF979F,osmo1ypk8p72lqfezjpypxwu6n69de6qzm2syhcpnxh,genesis1ypk8p72lqfezjpypxwu6n69de6qzm2syp2x45s,channel-253,channel-1,0.06952415697686982,0.6945463281989296
B3795C641DE17FA285AC2AF5916FFBC745BAEBDCDDF34CDCFD460047FD1FE73B,osmo18n33ywygvrrzqspewsh7f5c4dkp00le0mjxfr8,genesis18n33ywygvrrzqspewsh7f5c4dkp00le0dqp03q,channel-253,channel-1,0.07890181951684472,2.4840430314061366
14AE48BEFB38CF9F4C9B2FB749019AA88B55B31FACD116FDF281CCE4D59B25CA,osmo1hv4rlv94dwwsj3z7l6muye6ndmup0hta7a4v3p,genesis1hv4rlv94dwwsj3z7l6muye6ndmup0htag0j2rx,channel-253,channel-1,0.07890181951684472,30.298334200286796
FA429525AD42FB55E97DCBD1ABABC48A2BEE131640E600C564977240EDB8EBDA,osmo1tg8he6zqlust7alpx5tq5fcmwm237xqg0a2pat,genesis1tg8he6zqlust7alpx5tq5fcmwm237xqge0d80v,channel-253,channel-1,0.0732892618114477,1.1063389556879704
3C3231898A11FC76509D19B8E86FA6DB82837E47F84ECF343E29213595D24BE7,osmo1v2z9rwxt5y98pnrs6ryhqp08ay5azzvmw92wnm,genesis1v2z9rwxt5y98pnrs6ryhqp08ay5azzvmchdgpu,channel-253,channel-1,0.0732892618114477,208.06821428270004
FBA1BBDCAB9CC60D5E603B2A1B854EB8EBC29E1253802C439D91EB3255D848FB,osmo1kvkm8p8dd6xamfcdk9es7hylsqgrvhdmxetzk2,genesis1kvkm8p8dd6xamfcdk9es7hylsqgrvhdmstvyyd,channel-253,channel-1,0.07065134264809318,4.143032520071983e-05
CBE4BF9BFFB798793C2A8E2F0ACBD7F7EE1843A805C7D7663A96A52ABA74EE3C,osmo1pcga5s6s2eyjlgnm4p67vxr8v67k0nh8v08qj9,genesis1pcga5s6s2eyjlgnm4p67vxr8v67k0nh86aqxqz,channel-253,channel-1,0.07065134264809318,0.23104010549014042
D22B810BA1511161A1AA5D8A2AE9FF75539C66FF435B9A38A98DAAC59BD03462,osmo1u7yec5t9c898jae9hxqnzf3x2ta34pvsj7d943,genesis1u7yec5t9c898jae9hxqnzf3x2ta34pvsyv2r8k,channel-253,channel-1,0.07065134264809318,3.3739599585678683
8113734DDA0A1440E0666DE7F69989DAFEFF9E4A6CEFFCED5AE4F76D84EE48DB,osmo1zg453l326xgrk5nm2prru4teqkym8zc9pe5r0z,genesis1zg453l326xgrk5nm2prru4teqkym8zc9htn9a9,channel-253,channel-1,0.07065134264809318,2.695438030050925
29EA537CBBAE5505BEEF455D96390F84C9B35E6DCD6BC8BD5F49A03D562583F2,osmo1qnlxnneluedfg3lusv8r36t5c0s4r2p0dlsn28,genesis1qnlxnneluedfg3lusv8r36t5c0s4r2p0mdh4cq,channel-253,channel-1,0.07792848839972537,0.31171395359890147
BEF6ECFC62DD281EE11505CF87EBF61915FAFBF8DE549E0D9F1DFCF65B4C06F4,osmo1ed873quhcqg5gtzgqgvkjgpj8qmcmuc5uzcjxn,genesis1t04gj7prg8ucz3ljmqgmqcleru9w04al6k7v50,channel-253,channel-1,0.07792848839972537,45.19852327184071
5661416206699CA815C06EBC5097ABFDD4FF5ED689749FA046609FFE0617829C,osmo1ed873quhcqg5gtzgqgvkjgpj8qmcmuc5uzcjxn,genesis1t04gj7prg8ucz3ljmqgmqcleru9w04al6k7v50,channel-253,channel-1,0.07792848839972537,0.7792848839972537
8173910A514D25A97610784A64CF176591311765095331FF415B7D97B03FE7F4,osmo1qly96sy3yklkwv6cf4he5ves4qu8yn58jnqsyy,genesis1qly96sy3yklkwv6cf4he5ves4qu8yn58yp8kkr,channel-253,channel-1,0.012553613745524264,1.2553613745524264
414838C56195EFEEE5AA7D6C79EFFDD773276FEBDBBF71DAA74307260318A652,osmo1zzq5fulfm6k88x42g4fqncxurqk36qlc52l73m,genesis1zzq5fulfm6k88x42g4fqncxurqk36qlczcccru,channel-253,channel-1,0.01896704833736577,0.7586819334946309
E2CFDAC7E51E8396476637C668293DDC3D0424D41F9E9D638719EC272B14ABA3,osmo1cd00477kc8yxny77rs7jpspw8uvczclmaqp3vr,genesis1cd00477kc8yxny77rs7jpspw8uvczclmtjxh7y,channel-253,channel-1,0.028343909448419205,0.028343909448419205
343987C33F35AFEE5973BEDDE1B010402AEE15B704601878AB6562AE91131D6F,osmo1me3hg2l74zn5ag9y879u7re4cp4dxea9h5d45s,genesis1me3hg2l74zn5ag9y879u7re4cp4dxea9px2nxh,channel-253,channel-1,0.06278282636762621,0.6278282636762621
43F06AE723C837469C2C26212F9EBD4B527948F5BC2EA8979C8D1053A7631128,osmo1k3vrxedjju3xpq8tzjkyry08j8nup8ms42fgqw,genesis1k3vrxedjju3xpq8tzjkyry08j8nup8msrcwwjf,channel-253,channel-1,0.06278282636762621,0.6906029282764524
2D6DF1FBACCE4CD1C31CB6E471FD19E84000DD65B6C7EC4EADD6F226B502CE01,osmo1aedaw6l8emqaclg352xhuh6mt935tzcg26wgrh,genesis1aedaw6l8emqaclg352xhuh6mt935tzcgugfw3s,channel-253,channel-1,0.012029327433909207,0.1660240204689807
8A212AF1FF189CB176276B0668063E37976F8A35F70D7B797B8205C49DC3AB6D,osmo18l2965me2kzsjdz0tuqtagm78l8c2g5qzwcs0f,genesis18l2965me2kzsjdz0tuqtagm78l8c2g5q5ulkaw,channel-253,channel-1,0.06286557500268218,0.0001759284451284453
ADB01FA181F8CA45FAFB11C57799673A6E656C2D3895D194866F69070C654EDD,osmo19l9wsymdh3mp7munzrlk8rs03ttnu2uaujyktu,genesis19l9wsymdh3mp7munzrlk8rs03ttnu2ua2qrsem,channel-253,channel-1,0.06286557500268218,1.703053096376898
6E2D155B3BC1E9454EAD207FE0155BF91A8E7F34B65718991A71F540102FCB28,osmo1v2z9rwxt5y98pnrs6ryhqp08ay5azzvmw92wnm,genesis1v2z9rwxt5y98pnrs6ryhqp08ay5azzvmchdgpu,channel-253,channel-1,0.06286557500268218,671.7815344786618
35D7653F7334E1B78B18828658F68223DB240B688A2A20594E99F53A38C6A69D,osmo1ke6k7eslpxsp2rdj3zsdjqdku8rza5gz8cj0jd,genesis1ke6k7eslpxsp2rdj3zsdjqdku8rza5gz324fq2,channel-253,channel-1,0.08153499782458051,0.8968743765206579
357B271294F300593F22352BD1650EBFB9F477E971A428F68C454EEB2A8C96D9,osmo1rd40c3t4r3kqmyhwlj778aeteyqygj3uppkvuh,genesis1rd40c3t4r3kqmyhwlj778aeteyqygj3uhn32ws,channel-253,channel-1,0.08153499782458051,1.4399417509163384
F8DA90B7086E3A85EBD197E3A3E1B8E79FE9A4124269FCB1B84BE7BEC3BF3CC6,osmo1jnpevf3zg3wc3vyqssxu96lz899g00skk60rtg,genesis1jnpevf3zg3wc3vyqssxu96lz899g00skqgg9e0,channel-253,channel-1,0.08153499782458051,1.8194946967297045
4AD652E30AE1C26BA9D6B5979EF4637A8D21256F3624482133C6ADEFAE0B1BD7,osmo14cz5e0pdtcqqzcfw6qq98046mgsljns93xuhpr,genesis14cz5e0pdtcqqzcfw6qq98046mgsljns985m3ny,channel-253,channel-1,0.08153499782458051,0.8969559115184825
79C19322DEE7EBC1A3DDE0B9D52F33671062775CF6F59A3291B5F3856CD837FA,osmo133rmftw6qzjcup8es6xwrv0pkhh820u95f5h2p,genesis133rmftw6qzjcup8es6xwrv0pkhh820u9zmn3cx,channel-253,channel-1,0.07209133716987663,1.4433877185554933
E8791B23C736B739AC7D1EE75543302D27D979E718015FAB9EF21D5D09E40B27,osmo1tt4t3c6sdr9w0pfljx54zkw0g8negdrsjjhp50,genesis1tt4t3c6sdr9w0pfljx54zkw0g8negdrsyqs8xg,channel-253,channel-1,0.07209133716987663,10.64965817359676
FF0294F65E3A6DC2CA058270B8ACB86E3DF9EC6DCD3C6EFF538E92F37220CE59,osmo1cchda0fgmu5kqklcvhh0t6rq597a0ggfhd4w5h,genesis1cchda0fgmu5kqklcvhh0t6rq597a0ggfpljgxs,channel-253,channel-1,0.035675327484318946,13.467379304932296
E8846B072C813DD4B48C5B746AE76B4F0FD38178ADDB6F8365DB39E333BE3B82,osmo1vmjdd0uh783h6068nvjsvw0uvs57v5h50793hw,genesis1vmjdd0uh783h6068nvjsvw0uvs57v5h5evzh9f,channel-253,channel-1,0.035675327484318946,0.2497272923902326
6D16936733AD8061E15284BCE0B9F175A484FDD7E17082333F9F5D92909FB90B,osmo15g802arytagdv7uurc2a70yxfefdkntqsg04x4,genesis15g802arytagdv7uurc2a70yxfefdkntqx6gn5j,channel-253,channel-1,0.006799350708250558,5.162379937441936
30BA448B042575ACED13D982788002FFAEA2991E216DE686C85BE0D181E3AA01,osmo1ag940t2gd4sn0wey7xgfjl83x2t5v62m6629pc,genesis1ag940t2gd4sn0wey7xgfjl83x2t5v62mvgdrnl,channel-253,channel-1,0.006799350708250558,285.5727297465234
10E15D7B76476C6AD906DBD09685D79711103FDADF012C85CD32037E294FA09E,osmo1ag940t2gd4sn0wey7xgfjl83x2t5v62m6629pc,genesis1ag940t2gd4sn0wey7xgfjl83x2t5v62mvgdrnl,channel-253,channel-1,0.006799350708250558,135.98701416501117
D3AEAEBED08C3466920D754AA3E04EF9F21FC5818DD98CE9EE25EEA631186BB4,osmo1ag940t2gd4sn0wey7xgfjl83x2t5v62m6629pc,genesis1ag940t2gd4sn0wey7xgfjl83x2t5v62mvgdrnl,channel-253,channel-1,0.006799350708250558,5.951738151879096
15F1329EDED4540BA96B7D6DB80A0AC8B82F13E201D16B21DCC26B175601A97A,osmo122hjrmj8k2f0lc0m8nepdysgx9f2gan2jn8s3u,genesis122hjrmj8k2f0lc0m8nepdysgx9f2gan2ypqkrm,channel-253,channel-1,0.07053924991488009,0.4241909667119967
96C94AC3BE6AB65024EC33E5597DA1FFA73E7F72B430D0EFF1F1E54360484601,osmo1f0zelt4x8t9yx9wjfeqgy02t30ck792qcuxgyx,genesis1f0zelt4x8t9yx9wjfeqgy02t30ck792qwwpwkp,channel-253,channel-1,0.07053924991488009,0.14107849982976017
0AB6BD1CD96F64CF8031A6E7165DFE48EF015034745F91FECC789B816BAEE0DD,osmo13l99wap9jchfvlghtd70seqn9pnw9aleptsps2,genesis13l99wap9jchfvlghtd70seqn9pnw9aleheh8zd,channel-253,channel-1,0.06734599232131357,0.20203798201847173
FCFDCEF0C05B1B8A38EA001E3BD3D74CEAA8E4C6018CC83D6A2D5C313DF181DF,osmo163ndtplrrpkh2faf2c0y6t9v86llx86q6spzwl,genesis163ndtplrrpkh2faf2c0y6t9v86llx86qvzxyuc,channel-253,channel-1,0.06734599232131357,0.00027770318556210157
BFF061AC542B795758290516957AB0C330AE0CFC08A2C47BEF56CCE4B9898216,osmo1psaav9mslme6kcsspqjemjfn7m0acwyz983jvc,genesis1psaav9mslme6kcsspqjemjfn7m0acwyzn4k57l,channel-253,channel-1,0.06734599232131357,8.053378453027394
D0D73DB26F96748D685F1480EE85BE9F3739194FFF23F20926767432686C9214,osmo1v2z9rwxt5y98pnrs6ryhqp08ay5azzvmw92wnm,genesis1v2z9rwxt5y98pnrs6ryhqp08ay5azzvmchdgpu,channel-253,channel-1,0.06734599232131357,596.4834539898743
131D992CBBC8A9A0330B3D7B72616BA409F3881A7213A651513B8763F4A8051A,osmo1c2w7sxnp423935c47zwv32rgmk2zmgt8maswnx,genesis1c2w7sxnp423935c47zwv32rgmk2zmgt8d0hgpp,channel-253,channel-1,0.025512203838298254,0.07653661151489477
F8F4DBF8C67F4C02FEF97A54CFF3A2A08A3477EC0B5EB8287FCFF003B8F183CE,osmo1ctdj2dk67fd9yp2xt48m0f3jr45v3xyps5akh6,genesis1ctdj2dk67fd9yp2xt48m0f3jr45v3xypxx6s9a,channel-253,channel-1,0.025512203838298254,2021.9952274081666
0EFA948124349A90E4FED5B3643E32760DE051C53894183D183CBF97A8F93ADF,osmo1em87y9tmpge28xmr9u6vxn2hcc0s07czl3qktd,genesis1em87y9tmpge28xmr9u6vxn2hcc0s07czfr8se2,channel-253,channel-1,0.025512203838298254,0.025512203838298254
068916FC473B335A03A9967672D68AFC16A43E6EAE51FFAE9329E0014787ED14,osmo1em87y9tmpge28xmr9u6vxn2hcc0s07czl3qktd,genesis1em87y9tmpge28xmr9u6vxn2hcc0s07czfr8se2,channel-253,channel-1,0.025512203838298254,1376.6627429646257
182811D23D9518F42EB94C163CF1726D45E4CDB7FFBED20D6AEF89446A7237A4,osmo1g8lsgaukudrj2y7nuv27yew5c6e7a829z9jztu,genesis1g8lsgaukudrj2y7nuv27yew5c6e7a8295h4yem,channel-253,channel-1,0.025512203838298254,830.2946739174167
7E3A3D422700C2A586A5E35BAA40EF9BE345648CA0DF2CCC6417838B24BEEB4B,osmo1qawq9fnx5rz7walpj5feryrhat7pjwkac3fvwd,genesis1qawq9fnx5rz7walpj5feryrhat7pjwkawrw2u2,channel-253,channel-1,0.025512203838298254,2040.9763070638603
6A332776F484B0958A64DB091FAC552A2B60C5EAFE32E65A8852A7CCC306A462,osmo1vmjdd0uh783h6068nvjsvw0uvs57v5h50793hw,genesis1vmjdd0uh783h6068nvjsvw0uvs57v5h5evzh9f,channel-253,channel-1,0.025512203838298254,0.025512203838298254
A4C5AF5E11E65E17B62C8C676E13BF9BC2280856D150E1288DF72B4583824D91,osmo13sf2ldn9mdrenp77pt2c7gq2h2l8lf0jj8zz5q,genesis13sf2ldn9mdrenp77pt2c7gq2h2l8lf0jy49yx8,channel-253,channel-1,0.06297876749324757,0.6928212339534343
ABEBDEAD3A0B6BFBED692F19CA877260F91DAEE422ECF08D71C5859B3481B905,osmo1jsdkx6f4ghen437lhv4ehchg2s5jwyqnqd0xsh,genesis1jsdkx6f4ghen437lhv4ehchg2s5jwyqnklgqzs,channel-253,channel-1,0.06297876749324757,0.6927582551859411
B073BB74ED9073D8B2761881C648D47E71896B1C8BA5488A020419B901F146A7,osmo1qly96sy3yklkwv6cf4he5ves4qu8yn58jnqsyy,genesis1qly96sy3yklkwv6cf4he5ves4qu8yn58yp8kkr,channel-253,channel-1,0.06297876749324757,1.1381976269663339
A8C7EE87AB1B3D054C097B209BA9BD4D279A420A918A25EA523C33EE728055CD,osmo1qly96sy3yklkwv6cf4he5ves4qu8yn58jnqsyy,genesis1qly96sy3yklkwv6cf4he5ves4qu8yn58yp8kkr,channel-253,channel-1,0.06297876749324757,1.3428053885220974
9561341A5AA28DDF4D36B1284023FA3BDF8CF6987D8B6C1C6C8C643D40437C5D,osmo1u5r0j0jytzk2c5z5wswlzy4h385elwwx9j9clc,genesis1u5r0j0jytzk2c5z5wswlzy4h385elwwxnqz7dl,channel-253,channel-1,0.06297876749324757,1.4953087062793737
EE879AA12E76EE604477180690DE3B3E8FFAF810A1D329C5D2535C49188CB863,osmo1u5r0j0jytzk2c5z5wswlzy4h385elwwx9j9clc,genesis1u5r0j0jytzk2c5z5wswlzy4h385elwwxnqz7dl,channel-253,channel-1,0.06297876749324757,0.5836213425995912
2BEB50DB764C67B0CD502DFA0AF53FF87E0CF950F62DB65A827B1EEDACDC67C8,osmo16hp7wzudkeyw6fvgvalm0fh3elp9czhf9l3k7l,genesis16hp7wzudkeyw6fvgvalm0fh3elp9czhfndksvc,channel-253,channel-1,0.02451992624806989,0.008271149427016369
CFE2057895C553F667FF77715C19289ACB3FD60AE12F3A85D0EA792DFEE2A2AF,osmo1nzgxusarw7tn3w9pz9mtxplwu8jnwrhlgkppxv,genesis1nzgxusarw7tn3w9pz9mtxplwu8jnwrhl7yx85t,channel-253,channel-1,0.02451992624806989,0.02451992624806989
FB11755CED26B71752E92DC0E7E39CB5DEBF2CB83D4EEAF136437459AC731955,osmo1nzgxusarw7tn3w9pz9mtxplwu8jnwrhlgkppxv,genesis1nzgxusarw7tn3w9pz9mtxplwu8jnwrhl7yx85t,channel-253,channel-1,0.02451992624806989,0.02451992624806989
42F3765E66E9AC95832E48726C73BAD6994001C2E0615FB9A6E4A6F12529DDF1,osmo1nzgxusarw7tn3w9pz9mtxplwu8jnwrhlgkppxv,genesis1nzgxusarw7tn3w9pz9mtxplwu8jnwrhl7yx85t,channel-253,channel-1,0.02451992624806989,122.59963124034944
07E72B6FEB0BED3344848ECE911507A42EC1827C4B87F085EE46EA8E350C216F,osmo16aypymlama0lk5s8c9s30s09eacpvwnav7ewjv,genesis16aypymlama0lk5s8c9s30s09eacpvwna6v7gqt,channel-253,channel-1,0.013158260922916325,54.08045239318609
5E1FBDC2F48519BE6D3E3091345681B5DAE323E337B16D2A6FE091ADDF27FCB5,osmo1nzgxusarw7tn3w9pz9mtxplwu8jnwrhlgkppxv,genesis1nzgxusarw7tn3w9pz9mtxplwu8jnwrhl7yx85t,channel-253,channel-1,0.013158260922916325,6.5791304614581625
280D4181FEA425628ABD54F89454894B931093F50477C1D1950A14058A7012E8,osmo1s84q7zy0a0f7dchrpj2fk89gyglkwm2eqrzwxu,genesis1s84q7zy0a0f7dchrpj2fk89gyglkwm2ek39g5m,channel-253,channel-1,0.01289341301429222,0.09031373207453243
47CF4BC9EABC38DB92218D2CD3DF9FE50465FC796D2E75A070A01549587C99DD,osmo1cchda0fgmu5kqklcvhh0t6rq597a0ggfhd4w5h,genesis1cchda0fgmu5kqklcvhh0t6rq597a0ggfpljgxs,channel-253,channel-1,0.04250171263133279,11.187654210058733
DCFF893AF46A1940ABA02F110E7BF4C0C29F69D1201B54557D287DFC3C678D98,osmo1cchda0fgmu5kqklcvhh0t6rq597a0ggfhd4w5h,genesis1cchda0fgmu5kqklcvhh0t6rq597a0ggfpljgxs,channel-253,channel-1,0.04250171263133279,55.62809521223934
80D1B7F06171F608A69C7EBD1AC572604084D7D404F33F4AF59152B87992C66E,osmo1llugk9nrw6pvtlty348h0nxlgpe09lg235vt0f,genesis1llugk9nrw6pvtlty348h0nxlgpe09lg28xtdaw,channel-253,channel-1,0.04250171263133279,1.7000685052533115
53B685C38887DD3A1ACA91D3737AD795E5D31EAB7569ABD7710A10FA7C4A2D02,osmo1llugk9nrw6pvtlty348h0nxlgpe09lg235vt0f,genesis1llugk9nrw6pvtlty348h0nxlgpe09lg28xtdaw,channel-253,channel-1,0.04250171263133279,0.8500342526266558
A5A68D270E2EF1CDF7AB65D1A3602032C13F9EE4A71C8C250D99F91AA1B30662,osmo1vmjdd0uh783h6068nvjsvw0uvs57v5h50793hw,genesis1vmjdd0uh783h6068nvjsvw0uvs57v5h5evzh9f,channel-253,channel-1,0.04250171263133279,42.501712631332786
062DC498AC02310063935621098A91D1C3A257ABF76EC52BFE595059DA6B96B3,osmo1v8j4ut3s46jy8arz48czu4ajl6squ5xfed5es9,genesis1v8j4ut3s46jy8arz48czu4ajl6squ5xf0lnlzz,channel-253,channel-1,0.07607075648806551,0.8367684321703673
345951BBED778E6A9116957F03F31E3425C0EE9511456D17B58A0A0E0527C9DA,osmo1h5shnh6dnjtalh84cxl04taa2klvkz5fg6fjr7,genesis1h5shnh6dnjtalh84cxl04taa2klvkz5f7gw53e,channel-253,channel-1,0.07607075648806551,2.1119899973438447
7A870215B2EE270D273B533E18B59F53337387F497FC94D23AE055BC88B5798E,osmo1h5shnh6dnjtalh84cxl04taa2klvkz5fg6fjr7,genesis1h5shnh6dnjtalh84cxl04taa2klvkz5f7gw53e,channel-253,channel-1,0.07607075648806551,0.885594325179928
1A1AEC3E7F20D1B48E03FA5FF5AE10788A882B4EE028684121CE7E7A262EABC9,osmo1x8tcv75ut45zw9y2dcxrda6u4evmhtppm9h4el,genesis1x8tcv75ut45zw9y2dcxrda6u4evmhtppdhsntc,channel-253,channel-1,0.07607075648806551,0.8367684321703673
A33C9CD37271F7187E2E7CECB40EE68D23193B6D6592C9E8976A22CD611CAA02,osmo1rd40c3t4r3kqmyhwlj778aeteyqygj3uppkvuh,genesis1rd40c3t4r3kqmyhwlj778aeteyqygj3uhn32ws,channel-253,channel-1,0.07607075648806551,0.6747734361016572
D7F20544B596EE2AA99926B75F4C7D019B95CEE2DC5B7595C059A52A9C422EE9,osmo1me3hg2l74zn5ag9y879u7re4cp4dxea9h5d45s,genesis1me3hg2l74zn5ag9y879u7re4cp4dxea9px2nxh,channel-253,channel-1,0.07607075648806551,0.04748243828971205
39D5CB3B9DF3E8746984ABEB20AB6E5969E2B317C7C761314ED233F2F0F0D5DD,osmo1njn4zjjrhs89nfwskjtzerchdkur5pfx0jdnsk,genesis1njn4zjjrhs89nfwskjtzerchdkur5pfxeq24z3,channel-253,channel-1,0.07607075648806551,0.8367684321703673
5C8E1759DE04600B0A32871AAA9C4D8C51A9D71D55381C7406D3F499DA6A6988,osmo1h5shnh6dnjtalh84cxl04taa2klvkz5fg6fjr7,genesis1h5shnh6dnjtalh84cxl04taa2klvkz5f7gw53e,channel-253,channel-1,0.07607075648806551,2.723862957591437
6073840D27F1A0197781F9EC32E76DA6BC0336A033F9A9734AD9AD61146527D8,osmo1rgf4dznny6fx60yjwmq27xxs42vl34yl54cce0,genesis1rgf4dznny6fx60yjwmq27xxs42vl34ylz8l7tg,channel-253,channel-1,0.07607075648806551,14.079159762247928
91AA81923926CB5D9F967713BCADC36D751563A2167CE9392EBDC00D1607F889,osmo1t5k8hym2vmr9c6p2vhv2rhznlfddzfkegzreat,genesis1t5k8hym2vmr9c6p2vhv2rhznlfddzfke7syl0v,channel-253,channel-1,0.07607075648806551,0.15214151297613102
068E5A90DFAF8B3402A0C765A939AB990C9ADF82BBE7A3C50FDD98D3D17BB90D,osmo12gyanks8lsf52n3dgptrwakxdxa0qjmyht0p2a,genesis12gyanks8lsf52n3dgptrwakxdxa0qjmypeg8c6,channel-253,channel-1,0.07607075648806551,0.303937010403051
2D80BC381031964F27523FBBBF8A362AFB3D5023650D8B614DA7A17E1AE6BE26,osmo1pqwnzfym86fct6qz5ewymrvt3xg2jslgs97gy4,genesis1pqwnzfym86fct6qz5ewymrvt3xg2jslgxhewkj,channel-253,channel-1,0.07607075648806551,0.8367684321703673
A6A12B2EF3B039146A5B7AAC4989107538E33FF27BA9C4AA008402921016B103,osmo1m8sxn5fnn74ftw2npw5d2fu4gxlha64ttur36x,genesis1m8sxn5fnn74ftw2npw5d2fu4gxlha64tawyhgp,channel-253,channel-1,0.07607075648806551,0.22821226946419654
32A5E24122A6DF7740B5266BB08F0368DFFE9E13F8A720170BC5B7D7F272B702,osmo1m8sxn5fnn74ftw2npw5d2fu4gxlha64ttur36x,genesis1m8sxn5fnn74ftw2npw5d2fu4gxlha64tawyhgp,channel-253,channel-1,0.07607075648806551,0.6085561627061707
25C02382D89F2FF546CF11C978E74F87CF052A5B8AF5DFA94FEDC0ED6E7AB9EC,osmo12z2988anxfkyrn9jtd942xgjlxqk6t8m5cxage,genesis12z2988anxfkyrn9jtd942xgjlxqk6t8mz2pm67,channel-253,channel-1,0.07259258889849426,0.7985184778834369
F66AA5311DBB060C1FEC9E7F2A7E1FAE070AB2711C6D5B2E6CAA6141B74F570F,osmo13uup3md785lsd74aws4hx2et052mferw8n6yat,genesis13uup3md785lsd74aws4hx2et052mferw3paz0v,channel-253,channel-1,0.07259258889849426,40.36019655457477
7BAD8A2AFB6C379EE13A8E77381BB0E3FF531B9EFF37B0F47F8165118E891442,osmo17gck0fwef5py2m5dfpyw3laq6h0e7xpguqrj9d,genesis17gck0fwef5py2m5dfpyw3laq6h0e7xpg2jy5h2,channel-253,channel-1,0.07259258889849426,0.7985090408468708
A7A984F2E9B0E58FEDF380E11CECDE57C177F07C63689B10B60E637F60C091B0,osmo194ssjvyp3djq0kwwqnchxrz2jfl7dvxq9lry9z,genesis194ssjvyp3djq0kwwqnchxrz2jfl7dvxqndyzh9,channel-253,channel-1,0.07259258889849426,0.7985090408468708
0738BF6B8F40A6A96C85AF208D5E4E79B2B9223942E6FA07C677B69133B34AF6,osmo1axhv45srq4rtzd2duu6y3dhyn6flycypn20whq,genesis1axhv45srq4rtzd2duu6y3dhyn6flycyp9cgg98,channel-253,channel-1,0.07259258889849426,0.7985090408468708
B983A968F62DBBADC21DF54990A01682FAE4DBE23E7482B8D8442C2F71185460,osmo1h5shnh6dnjtalh84cxl04taa2klvkz5fg6fjr7,genesis1h5shnh6dnjtalh84cxl04taa2klvkz5f7gw53e,channel-253,channel-1,0.07259258889849426,4.793410908732408
83F2D8B377E0D5ED4750636D6AD9E6380F3B9DEF237F651E962C03F7BAB2585B,osmo1kdq49puwa5pjptxjnldagdc29sm7ghemuqmp5c,genesis1kdq49puwa5pjptxjnldagdc29sm7ghem2ju8xl,channel-253,channel-1,0.07259258889849426,0.7985090408468708
42A0992C1CF83623992DFF8D76F70C7F175688C6DD53A0287075190B501CB033,osmo1lcfgsnhlgxtq8dklaljz87d4yak666k55znjmw,genesis1lcfgsnhlgxtq8dklaljz87d4yak666k5zs55ff,channel-253,channel-1,0.07259258889849426,11.94887046040393
F00310619D7553024BBA6932C1457C4F4C8BFBC041C2661C8145794943FA06BD,osmo1ltyf7zmnmddhrr08n4e2u4fe43mnx9f5hr03jv,genesis1ltyf7zmnmddhrr08n4e2u4fe43mnx9f5p3ghqt,channel-253,channel-1,0.07259258889849426,0.7985099791060916
9EBF9964682EE0E7CB6A0717CBCCB183956A1CC7D5AEF41A8A1279BE5856481F,osmo1rgf4dznny6fx60yjwmq27xxs42vl34yl54cce0,genesis1rgf4dznny6fx60yjwmq27xxs42vl34ylz8l7tg,channel-253,channel-1,0.07259258889849426,8.582649035565687
AD754E11CFDAB09887C83975D0EEA30319B8F2543C2B53DE5204F45864583C45,osmo1vm7vszms82n8kt9xs7r3xetv66ptumurxdhdqt,genesis1vm7vszms82n8kt9xs7r3xetv66ptumurslstjv,channel-253,channel-1,0.07259258889849426,73.38384811748784
851C19C9EBD8BACA351A7DAB98537FF873F495FB915D0FF8A7CA96AD31C78536,osmo16aypymlama0lk5s8c9s30s09eacpvwnav7ewjv,genesis16aypymlama0lk5s8c9s30s09eacpvwna6v7gqt,channel-253,channel-1,0.006967263765999911,174.18159414999775
0AA1452C7A158E5A71E5CAD7636D7F7E5B1F9CFACA73C1CB1AA85939E54BB256,osmo12jfvctjm2jjj0xflzjyrj0gc5umqjq8jdljx64,genesis12jfvctjm2jjj0xflzjyrj0gc5umqjq8jmd4qgj,channel-253,channel-1,0.07648667338318106,1571.8011380243709
0D245EDA080DF95F46B9D83C3E2B3AA0BC311F9631B70E67A303067079E4CEF0,osmo1dlpduk3aakrv0adjkp7m8rfw8k3dvh0yyc2fk4,genesis1dlpduk3aakrv0adjkp7m8rfw8k3dvh0yj2d0yj,channel-253,channel-1,0.07648667338318106,0.8413434639474421
E13771487398982E8400A3596DEC2A56F5096E99C206E3091519092352616BFD,osmo1e7zmleppmaq7yxygdu9kfcel9d0akr53gqxplc,genesis1e7zmleppmaq7yxygdu9kfcel9d0akr537jp8dl,channel-253,channel-1,0.07648667338318106,0.8413434639474421
3DF2D574F413856ECA1470658DF3671CCFA8EF126A3261C775BE622CC9A01791,osmo1me3hg2l74zn5ag9y879u7re4cp4dxea9h5d45s,genesis1me3hg2l74zn5ag9y879u7re4cp4dxea9px2nxh,channel-253,channel-1,0.07648667338318106,0.07058207533497113
314ABE0C7C8651577FBA17600226586C72DBD598357CB9D312B7EB8B7A3AAC21,osmo1qda8sv0rnmngqlfvfmrnvjxjeydewhc60hh3sz,genesis1qda8sv0rnmngqlfvfmrnvjxjeydewhc6e9shz9,channel-253,channel-1,0.07648667338318106,0.10959364799866939
322B0998F21D4F7587ACD80D843B2933E2E5F88D92A8D4B52AB0635E92AA05F9,osmo1vvsszey7yz8fhwzzvpgn3tahqu7t4s5lxaw0s6,genesis1vvsszey7yz8fhwzzvpgn3tahqu7t4s5ls0ffza,channel-253,channel-1,0.07648667338318106,1.0310869552342112
7C37DE2B7E6FB48205248A9E4FCA984D2F1A341C5D04CBDB0B37F2A96ECA8C37,osmo1x8tcv75ut45zw9y2dcxrda6u4evmhtppm9h4el,genesis1x8tcv75ut45zw9y2dcxrda6u4evmhtppdhsntc,channel-253,channel-1,0.07648667338318106,0.8413335206799022
8F4516F2231C46C2A5556926B4BA87484C9AB3F64F07B55D01266750409BC884,osmo19l9wsymdh3mp7munzrlk8rs03ttnu2uaujyktu,genesis19l9wsymdh3mp7munzrlk8rs03ttnu2ua2qrsem,channel-253,channel-1,0.06254996167088549,0.6254996167088549
DE9FC61CCDAAE78A1D7C691C0C27FEC46E6F05E94BE419D92D2C974A077D76CB,osmo1cfyvxaxtv5chpujv6jtlg90rwrvvsfnwv6nu08,genesis1cfyvxaxtv5chpujv6jtlg90rwrvvsfnw6g56aq,channel-253,channel-1,0.06254996167088549,0.6880414468847151
0EBFB87F2282B6FBE95337B6D09576301137778B7CFA2D7BD0DD7336CE127E58,osmo1ddcf8prazvw22sm9gd98gau7jhwxhdqp8d0fcc,genesis1ddcf8prazvw22sm9gd98gau7jhwxhdqp3lg02l,channel-253,channel-1,0.06254996167088549,0.4001055142624938
AD3246AB315732D7A42AC52C43A77A245EBC715A0BC3DD1F4F61862544CC0EC2,osmo13vqzqgea6t2d9nzdgz68z9f38en03dpc5x3yvg,genesis13vqzqgea6t2d9nzdgz68z9f38en03dpcz5kz70,channel-253,channel-1,0.06254996167088549,0.6880495783797403
3AE59A3E96E55ED0501E2FB78302DEAC9C51BE6D5C6841B95418E838F52E747D,osmo1m36rtpluhal6ny6w4q863mndkxyec6e8ct4n0q,genesis1m36rtpluhal6ny6w4q863mndkxyec6e8wej4a8,channel-253,channel-1,0.06254996167088549,0.6880414468847151
D135BE35BB0139D9D03D318355F27DE28D254E53C189D9BA40DABBC5B74B5469,osmo1us5630zzsnspscuqvrhlf97jchnuq835t3a9k9,genesis1us5630zzsnspscuqvrhlf97jchnuq835ar6ryz,channel-253,channel-1,0.06254996167088549,0.20003810312111966
64958F76B6278FD2B14E09C2C9F79C82B93F59D30A69DBE051C4442EA4BD6816,osmo17070wwjhlurczgm9658k7p9a8ds08shjtdf822,genesis17070wwjhlurczgm9658k7p9a8ds08shjalwpcd,channel-253,channel-1,0.07932579415694925,41.11062789304303
D845D2C6D4D729141E5C4FB15E3699D6828AC1B5F45C57CB089DD2641EBD8AAE,osmo104zw5vpy68vfsh5g6wlmnt0htmu08y93f4qld7,genesis104zw5vpy68vfsh5g6wlmnt0htmu08y93l88ele,channel-253,channel-1,0.029245621155582005,0.32170183271140207
06D1AE49E68708FA4F9B0E357A073A6BE380D24E69885903942185AD6A0EF95E,osmo10kh4k95684dz60m2syp2s4z49t7s9l9rc7htu7,genesis10kh4k95684dz60m2syp2s4z49t7s9l9rwvsdwe,channel-253,channel-1,0.029245621155582005,0.32172727640180365
14F44BC481AEBA369829B1BD3060007B8A21427AD58A34CB9E829D0B39894A40,osmo10rnsl4m6u5pd4fk9fndenmyyxcm5d9h9vhfu75,genesis10rnsl4m6u5pd4fk9fndenmyyxcm5d9h969w6vn,channel-253,channel-1,0.029245621155582005,9.04651844301799
0DB271485F2DD0FB407C30DA05584F833260F8F1DDAB6C761916A7C9661AD192,osmo12jfvctjm2jjj0xflzjyrj0gc5umqjq8jdljx64,genesis12jfvctjm2jjj0xflzjyrj0gc5umqjq8jmd4qgj,channel-253,channel-1,0.029245621155582005,455.96847943667905
1181C5322B3C824EE8B24436EA9B1C53EBCE1F0C555DCF5E3096BE6124ABD91F,osmo13hgrjpzlkdylmjvhkr6385jkn4astv4qp0r98g,genesis13hgrjpzlkdylmjvhkr6385jkn4astv4qhayr40,channel-253,channel-1,0.029245621155582005,0.32172727640180365
4139B0B3D01C0662E0CCCB42D7F8235793A81869279FD401AAF3121B8EF67C76,osmo148v3g2dpjeq6hwnlagmvq8pnqe5r9wjca9f5kj,genesis148v3g2dpjeq6hwnlagmvq8pnqe5r9wjcthwjy4,channel-253,channel-1,0.029245621155582005,0.014037192277905073
AE22873FDF9FD8416011399661B7D52C873B8EB11D60D2D53E2631E89F0A836F,osmo15kw4lhlc0y9rjwd2pn44j73r98uf0cvncdazhk,genesis15kw4lhlc0y9rjwd2pn44j73r98uf0cvnwl6y93,channel-253,channel-1,0.029245621155582005,0.32169803078064807
08AF5A2CA8345312D9B717C8D65E0CF26129038F4F35404BA924CBB4E79C7A52,osmo1665clynlseyqr6htrqac5hfw9evj4ta58ld7pc,genesis1665clynlseyqr6htrqac5hfw9evj4ta53d2cnl,channel-253,channel-1,0.029245621155582005,0.32169803078064807
E40E3211C589421D678465FB920A351D3D71D098E0AD308029353FFFE6092647,osmo16jexsf558vvdwwl2cfj0mzr4x63xjpac5cs9rv,genesis16jexsf558vvdwwl2cfj0mzr4x63xjpacz2hr3t,channel-253,channel-1,0.029245621155582005,2.098357346941473
E8BBA7C6C20E6E191904716EC687BFFB360F473C6C2AFFFDD5754BD73633BA85,osmo16jexsf558vvdwwl2cfj0mzr4x63xjpac5cs9rv,genesis16jexsf558vvdwwl2cfj0mzr4x63xjpacz2hr3t,channel-253,channel-1,0.029245621155582005,1.02359674044537
BD5B461750849566418F0C0BE50295B2583C10CF1CD4F5D67C912326058560F1,osmo173mfp6x8y6yar4qwptwexzg7meud6ncag67ca9,genesis173mfp6x8y6yar4qwptwexzg7meud6nca7ge70z,channel-253,channel-1,0.029245621155582005,0.3158527084802857
146CB019A2D9AB94B49E9767EBD57CE5FC7273A9B35EE3FC0A62CD799FCA3E6F,osmo17x50z4t8zsze5amk0m98tg26cscuvzt3ngjdfe,genesis17x50z4t8zsze5amk0m98tg26cscuvzt3964tm7,channel-253,channel-1,0.029245621155582005,0.30707902213361105
D3C373B46AB82F0B01A550E559B9D09814F1DB7B605CBA710C16B5F3DC872036,osmo183v957kzuk2hktfmyl8lhf5t86ryqmfummkg2v,genesis183v957kzuk2hktfmyl8lhf5t86ryqmfudf3wct,channel-253,channel-1,0.029245621155582005,2.6781168988883968
649D517B81B5BE9EA883737AD4C770310CE3BF27AF96491E56E69299C57142EE,osmo18wmp9p8y0gr4gywens8q7zhaafvv7hxk875urz,genesis18wmp9p8y0gr4gywens8q7zhaafvv7hxk3vn639,channel-253,channel-1,0.029245621155582005,0.32169803078064807
7909741AF84EC0A503F3C75D21CDF3A86DABF9E801DF6D3514FA7742769FEDAC,osmo19h65cmarqlpaz80ja26jtn4gamuvwla00r0f66,genesis19h65cmarqlpaz80ja26jtn4gamuvwla0e3g0ga,channel-253,channel-1,0.029245621155582005,0.6386419196108948
6E4A9FC1B75EC58116E9C8F5D2BF6355665D8D5B15EE511B5BBE198EFD554BEA,osmo19h65cmarqlpaz80ja26jtn4gamuvwla00r0f66,genesis19h65cmarqlpaz80ja26jtn4gamuvwla0e3g0ga,channel-253,channel-1,0.029245621155582005,380.6180470503168
245B73A50A660CB561BD8B98DAB23543F50D86D60BCC669EDB3F838AD036C4BE,osmo1ctr7hk5l2gkh7wh5dyukal3vyh35ryh65g504r,genesis1ctr7hk5l2gkh7wh5dyukal3vyh35ryh6z6nf8y,channel-253,channel-1,0.029245621155582005,2.997355911576171
0EED1ED25347A1E7067460AB243C310CF6325C3483B1A03393B8492E527C3A3C,osmo1dcfc7usggxup7lz7ysk976c334mnzjq9ueux26,genesis1dcfc7usggxup7lz7ysk976c334mnzjq92tmqca,channel-253,channel-1,0.029245621155582005,0.29245621155582
378A18C63E1B2F039781D9DA8014DC26D77F85AF5DD9EEB2C6E86CA26135D68B,osmo1eetpawhajm30wqv6n875wzyjxn5nfhzyefg0zr,genesis1eetpawhajm30wqv6n875wzyjxn5nfhzy0m0fsy,channel-253,channel-1,0.029245621155582005,4.196746635826018
6306CB05733AD1608B24EA14BB247F496D46DB13252282F0EF55AF8D2EE8B422,osmo1ej4hw9zvn8wz559xkrdcerjcauagr3xszskduy,genesis1ej4hw9zvn8wz559xkrdcerjcauagr3xs5z3twr,channel-253,channel-1,0.029245621155582005,0.26321059040023803
FD9D080E84C1580F0C7524426D1A69B32C2D9FBAB4AF1C5C7A3517F2C92AEF94,osmo1esemcd3kp8xw9h76q7u5tgxzc7zksngdamjeky,genesis1esemcd3kp8xw9h76q7u5tgxzc7zksngdtf4lyr,channel-253,channel-1,0.029245621155582005,0.05790632988805237
316CC94732B0A22C4C783F2A4CF0D4FEA114E808B9A7D8EF923A4071720262E9,osmo1f0mmfns4qlylj3y5vljz8rmksza69ymh0rm8me,genesis1f0mmfns4qlylj3y5vljz8rmksza69ymhe3upf7,channel-253,channel-1,0.029245621155582005,0.32169803078064807
1FA572CA0B01DB41E732473F0446D7ED924615FEC96C73CB892B85D39922CA7E,osmo1f2th83q74yv4wyl2kdckayfqt3g42qddygwhx7,genesis1f2th83q74yv4wyl2kdckayfqt3g42qddj6f35e,channel-253,channel-1,0.029245621155582005,0.32169803078064807
0C11FAAB1024DEA9459F4CB64F1E2E5B25EBED4EDD2EF58055F0B619F28E44FE,osmo1g29slg8le5ggf7m8760eytmrkwmmgy228fhjqn,genesis1g29slg8le5ggf7m8760eytmrkwmmgy223ms5j5,channel-253,channel-1,0.029245621155582005,0.32169803078064807
B0B91243422A79EE518F68FA0F09960CAF09600B9DEC8B5707D9308C708E1618,osmo1gvjfwh63czaj30kqzk73vv34qegcvrcf4hezqy,genesis1gvjfwh63czaj30kqzk73vv34qegcvrcfr97yjr,channel-253,channel-1,0.029245621155582005,0.32169803078064807
FFD33A72E8D04A5F3109777E84E35110C6773D8FD7BE78F9E8DB7EADF6F6A17C,osmo1h3aedqw7r6kkx2a2kdn3d87a8pa292lkgegmhp,genesis1h3aedqw7r6kkx2a2kdn3d87a8pa292lk7t0a9x,channel-253,channel-1,0.029245621155582005,0.29245621155582
06CD7295AFEEA51F68715531D526775C3C497FFA296B46E5101FD4CE84FCE853,osmo1kl80ymd3tjsvtcg9ncmxfdz2wu5ynlpvk066kg,genesis1kl80ymd3tjsvtcg9ncmxfdz2wu5ynlpvqaauy0,channel-253,channel-1,0.029245621155582005,0.32169803078064807
69B1D623783D1D1405E29994EDD5AC5F85103DBC9ADF41D7CDA311A071B06537,osmo1lczwcpz7rw3yt0kpac7l7vdgktd0wrv3v6zm3m,genesis1lczwcpz7rw3yt0kpac7l7vdgktd0wrv36g9aru,channel-253,channel-1,0.029245621155582005,0.32169803078064807
1993FA525B0278F8D98EBE6E382C9A6174F82BB355A09912EFB03AA687D00972,osmo1lgkh6g26jqr7gcgy3afz0w2m5unxyqv7zshsem,genesis1lgkh6g26jqr7gcgy3afz0w2m5unxyqv75zsktu,channel-253,channel-1,0.029245621155582005,0.32169803078064807
1322525BE95B16A0FD884ED75934192DF77A7517AA629E5AFDB04D2655EF9DD0,osmo1lj88vzz45ry27rccj9zekssah6m6hq6tkmdna6,genesis1lj88vzz45ry27rccj9zekssah6m6hq6tqf240a,channel-253,channel-1,0.029245621155582005,331.7038351466111
8090F5E4985640E450BB83AD14E19B1D92695BC8B2BBA815CF25E4D88680AEF1,osmo1lp9p54x3lgnxxypqr7mud5ks95kzt3fxamfx5d,genesis1lp9p54x3lgnxxypqr7mud5ks95kzt3fxtfwqx2,channel-253,channel-1,0.029245621155582005,0.32169803078064807
F137A226812EFE252A2CB50C92E8C2C4E8DCA21A0DEE57921B6E334D43CBC1B1,osmo1m84a3aflg2p5k4dca0ml2q40zapqdn3cpwuqya,genesis1m84a3aflg2p5k4dca0ml2q40zapqdn3chumxk6,channel-253,channel-1,0.029245621155582005,0.32169803078064807
714AFDF85F4DB2BF78E2B92976E23816C06E2ACE11EFC911D4366A809B1F2184,osmo1madczhpf03th80w7knce86adsjthlrafege485,genesis1madczhpf03th80w7knce86adsjthlraf067n4n,channel-253,channel-1,0.029245621155582005,0.32169803078064807
6A20914D7FAA395949FF42B8352F0151193036F585866F3F495C6DD555146A6F,osmo1nl229gpfz0erdf5q2gz58pl8k7p234vwc9cwcf,genesis1nl229gpfz0erdf5q2gz58pl8k7p234vwwhlg2w,channel-253,channel-1,0.029245621155582005,0.32169803078064807
57DA4719602D6848CD5A16EDBA93D630E4638313B687C7D3B0E56539C4EC8DB6,osmo1pnnkklufzhx9w4muj3dqpdxrqa2dhhmlmx0ttd,genesis1pnnkklufzhx9w4muj3dqpdxrqa2dhhmld5gde2,channel-253,channel-1,0.029245621155582005,0.32169803078064807
DC5206FFD207583EBF0AA077E275B82E13F0130BEA2575B1754125631029ED0E,osmo1y00w7d7vwnykggfrnhzfeq0egrlpwgq7y0fm9g,genesis1pnnkklufzhx9w4muj3dqpdxrqa2dhhmld5gde2,channel-253,channel-1,0.029245621155582005,0.32169803078064807
806CFDF1BC4E2864FD49B96E6F04FC3368D6E99AF12580DCB4E4CCC2AE957F93,osmo1jmh4lz2f7vxlfq8t5qpnru5sm5z2cnhs26kgw7,genesis1pnnkklufzhx9w4muj3dqpdxrqa2dhhmld5gde2,channel-253,channel-1,0.029245621155582005,0.32169803078064807
FDCBD537E1E9B595DFAAFA95955CCE3A4DCD81479E41D585B031A988EB9C121A,osmo1pphmpcgq3fufwuchv359mnh8xz855ul3pr4tey,genesis1pphmpcgq3fufwuchv359mnh8xz855ul3h3jdtr,channel-253,channel-1,0.029245621155582005,0.32169803078064807
A064712AC62712B794E0B1522A4C37B6EDABB648C037C58F00F0CBDC5F406F08,osmo1qtwu4evuxj0nz2a4039aw6cvzc6xx0gunpp3a5,genesis1qtwu4evuxj0nz2a4039aw6cvzc6xx0gu9nxh0n,channel-253,channel-1,0.029245621155582005,0.32169803078064807
CEF8994CB58ADCF70334F766F1014579D65E6903320B5E59C7349C0D410D4D7C,osmo1qx46s5gen6c88yaauh9jfttmfgdxnxxsckx0ce,genesis1qx46s5gen6c88yaauh9jfttmfgdxnxxswypf27,channel-253,channel-1,0.029245621155582005,1.6916152263641668
BFB6D64B545F605B03683B5E3E52282C00E1402B0AF838E62120DF89DD686CEC,osmo1qy9syn2enzfufd0deydhpn9jmshc5vs6ur78xz,genesis1qy9syn2enzfufd0deydhpn9jmshc5vs623ep59,channel-253,channel-1,0.029245621155582005,0.32169803078064807
A6B0E511E1DAE5746F50732A2CB13510DC419B2525B1E1D7B0A8A0A6FC8E985E,osmo1qzdaav8ezcp3ugxz7wwzqzg5xlfxvgy92r7thm,genesis1qzdaav8ezcp3ugxz7wwzqzg5xlfxvgy9u3ed9u,channel-253,channel-1,0.029245621155582005,0.32169803078064807
86C1181242494784ECD55AD2527300466B9D5C137D6A021073CE87EA3B911C34,osmo1scuury75p7xe92gmrd4m6lst5pkmrz9m7hakmv,genesis1scuury75p7xe92gmrd4m6lst5pkmrz9mg96sft,channel-253,channel-1,0.029245621155582005,0.32169803078064807
C788B1D28628AA0E477D567345662BD30750F85590C7797E9F992F712E505501,osmo1sf7uk9rcscmjx9ljvv5ghscu0mhu0pmv0jczvq,genesis1sf7uk9rcscmjx9ljvv5ghscu0mhu0pmveqly78,channel-253,channel-1,0.029245621155582005,0.32169422884989785
BBF6A148426AED9E67B6F7680362C3DD707677D243BC5F58361FADF145E67519,osmo1sfl77qjwtmeyfnwvg8pljz93rpu4gglsju7t4z,genesis1sfl77qjwtmeyfnwvg8pljz93rpu4gglsywed89,channel-253,channel-1,0.029245621155582005,0.26321059040023803
2AC12A5DE10B07A8B4A8126CE0D0D535FA15ECA026CB2092566909173A0E9A6D,osmo1sfl77qjwtmeyfnwvg8pljz93rpu4gglsju7t4z,genesis1sfl77qjwtmeyfnwvg8pljz93rpu4gglsywed89,channel-253,channel-1,0.029245621155582005,0.05848744038040998
1E7E8A6F7B3FBB72AD593BB2350C5EE2698214D0F73823AE10EBB2FC6B2E8238,osmo1tf0kz76l0gva7efmx5cvr3et7y3yqcp22vygvq,genesis1tf0kz76l0gva7efmx5cvr3et7y3yqcp2u7rw78,channel-253,channel-1,0.029245621155582005,0.32169803078064807
5E06AC53C981151A9D2E1E9C3BC2F54A02E1521369C8DBA7BB4B7BD13DA82D22,osmo1v2z9rwxt5y98pnrs6ryhqp08ay5azzvmw92wnm,genesis1v2z9rwxt5y98pnrs6ryhqp08ay5azzvmchdgpu,channel-253,channel-1,0.029245621155582005,438.68431733373006
E3E01BB304F2BF850B6ECA277841DDCC277B45F138FCE4AA840F17E3103F416C,osmo1vut6ppgkyzknycj8mlmr7ej3rlcy6shv0ht0dq,genesis1vut6ppgkyzknycj8mlmr7ej3rlcy6shve9vfl8,channel-253,channel-1,0.029245621155582005,0.32169803078064807
294B442F145820499868C2B9AE1F35A20F6B277E4B66B4B25DF7C2EE441BB01E,osmo1wnafkdr30zdw7cuzuzy7ekqvfgtrxevf5zfl3d,genesis1wnafkdr30zdw7cuzuzy7ekqvfgtrxevfzswer2,channel-253,channel-1,0.029245621155582005,0.32169803078064807
C5C97A87BB2E887AC8791990F7705E4E3FAD3A1A4A3D6E9716ABA3DDECA9EBAE,osmo10lplg660zhrf5wt00luw4wrj7x5rnrzgnlz6xu,genesis1zerlxk3gdzqqp9vfgje0n534cly36g4e32ckre,channel-253,channel-1,0.029245621155582005,0.32172727640180365
066981429A99C2D0A0316F05517E752C1B1E54BDA71825A21313E45470F28CE4,osmo1szhfwt2utg4uhdfa56vv4qyu7vsy45g8neg7su,genesis1zerlxk3gdzqqp9vfgje0n534cly36g4e32ckre,channel-253,channel-1,0.029245621155582005,0.32169803078064807
542903B28528B67A5A938D97AD37CD5C4A09F798BFC645FC58D5FC4594178574,osmo1zzq5fulfm6k88x42g4fqncxurqk36qlc52l73m,genesis1zzq5fulfm6k88x42g4fqncxurqk36qlczcccru,channel-253,channel-1,0.029245621155582005,0.05849124231116401
9CF95F165E58A58107EE7056A1E89D9F795B53709EEC503C106D030643148307,osmo1cffqlxsq87myua4mxunv47jz65ly8makfpsuvs,genesis1cffqlxsq87myua4mxunv47jz65ly8maklnh67h,channel-253,channel-1,0.01086325656809477,0.07104685424036891
64932A903FF68C6F30E3518154A8FF930BFFABA128FF8B2756A460FA98F4F281,osmo1cffqlxsq87myua4mxunv47jz65ly8makfpsuvs,genesis1cffqlxsq87myua4mxunv47jz65ly8maklnh67h,channel-253,channel-1,0.01086325656809477,51.46624244933866
2B03149C1EF862F8595363F3A96E7C5134BE525A17E949A9B50D6B8FD1A827FE,osmo18tnqgtzttxzf9nr8hswhwp2kgusvndn4zxv488,genesis1nas9xydhufh8vdqyy0h6l0j79m785zmurgry0u,channel-253,channel-1,0.0748517541244494,74.95899455353471
DF5E4BB346218352E0330D3A9ADE4459FDE3F064D9E5A882337CAC01230D96F4,osmo1tk057sckr9yf94a0ndn66ye8d9zgn860hz7hpl,genesis1f5r7dg3aad4et0vmjrktvumgkl5d8dm7pxdzfr,channel-253,channel-1,0.0748517541244494,0.8583426410948019
000C62CD4B5A45B0B0397714EE2E11B872B6145BDB9E07C8D19B2A4A0F321189,osmo1jsr6hcc58ej27f2vyafwcmfsk96ylfee8fk5u3,genesis1jsr6hcc58ej27f2vyafwcmfsk96ylfee3m3jwk,channel-253,channel-1,0.0748517541244494,0.8233595646408977
6E3A47F7D082F7D992A93677A433F50DECDE31E651EF8676666E5BEE6C1AFF64,osmo1gg4s7a3nf7wnlcmn70l5ckh7qspk27d34j3rvw,genesis1gg4s7a3nf7wnlcmn70l5ckh7qspk27d3rqk97f,channel-253,channel-1,0.0748517541244494,2.207871442826849
BCA8A213694B02CBD684B009D5CAF4D0499663C492FDB4C16E15C3914DA0ACEE,osmo1s3zswskmh82kg6z7hd6ulznwjjzjm4sg67qynm,genesis10l0ckwpvdgm2saedrgn9arjgp37lp2wpyzq5qn,channel-253,channel-1,0.0748517541244494,9.273558628519563
87F0C95F3536D072FAEB52C090D6557A2E0237E0148396AEA50FE5B29A5A7EFA,osmo14rj9dl3l28t5lhumevlkheddygjvtxck8fx0ja,genesis14rj9dl3l28t5lhumevlkheddygjvtxck3mpfq6,channel-253,channel-1,0.016902467959036847,10.141480775422108
33F40CE8ECD576FD31AFB1D3B46995CC56DF97F2477CBBBAAE8035651D8BC1D8,osmo14rj9dl3l28t5lhumevlkheddygjvtxck8fx0ja,genesis14rj9dl3l28t5lhumevlkheddygjvtxck3mpfq6,channel-253,channel-1,0.016902467959036847,1.6902467959036847
80B4760BF35038BFDF77E48D8D7EEBF8ED0433957495A6B0155FBD8223DBA26E,osmo14rj9dl3l28t5lhumevlkheddygjvtxck8fx0ja,genesis1lm59f9w6hte7wz83d4dxw5t40hz8cehznwjjc2,channel-253,channel-1,0.016902467959036847,10.141480775422108
6E4C38C5E2710980589250AC296EF90248D0A4B029E649C130E9CFBC604BA04E,osmo14rj9dl3l28t5lhumevlkheddygjvtxck8fx0ja,genesis1lm59f9w6hte7wz83d4dxw5t40hz8cehznwjjc2,channel-253,channel-1,0.016902467959036847,1.6902467959036847
B062FC1415D85669D7B1DACB765CBCE3FFA2CE9B9F8A1D6D1FDFCC7EA5ECE119,osmo1me3hg2l74zn5ag9y879u7re4cp4dxea9h5d45s,genesis1me3hg2l74zn5ag9y879u7re4cp4dxea9px2nxh,channel-253,channel-1,0.08138466666061502,0.15663904791234867
775C72CAC6D4C9F3B710E6BACD12AC02902C927B90C6EA9577279D2E74A351CC,osmo1p59gee55s8gu5j05ejxvr56elv2pewtvl35lzt,genesis1p59gee55s8gu5j05ejxvr56elv2pewtvfrnesv,channel-253,channel-1,0.08138466666061502,13.847574952152137
AFEBAFA7F593D96A822B5983760953AB1C0F5D977A0469DC1FED98AC5E349631,osmo1p59gee55s8gu5j05ejxvr56elv2pewtvl35lzt,genesis1p59gee55s8gu5j05ejxvr56elv2pewtvfrnesv,channel-253,channel-1,0.08138466666061502,13.918398145809155
B227048FDB60B04F5C61B83451B309037E05F075C87595C2259FFF927DF1115E,osmo18n33ywygvrrzqspewsh7f5c4dkp00le0mjxfr8,genesis18n33ywygvrrzqspewsh7f5c4dkp00le0dqp03q,channel-253,channel-1,0.08138466666061502,0.3192441061837335
FC1320E6812532B73A8ACB2723A50E974459FBE2A4999A2FC63B55B963F242AC,osmo1jnpevf3zg3wc3vyqssxu96lz899g00skk60rtg,genesis1jnpevf3zg3wc3vyqssxu96lz899g00skqgg9e0,channel-253,channel-1,0.08138466666061502,8.315543411435424
A98C7DE4D808C35311F4B2AA81281EE6078FAFA2C61F675CEF5C35CCA75488EB,osmo1jzcdchuaft92tdgccrmewdwxsqwsfhrgf2r6yy,genesis1jzcdchuaft92tdgccrmewdwxsqwsfhrglcyukr,channel-253,channel-1,0.0556212159981571,0.02688861312576283
8CF1615DC845A8E521822E1396843F6B69328E9B6E8E387322D28F43CEC0714D,osmo14v5c73h2thghnx43thra3t0juwhvtv396ul738,genesis14v5c73h2thghnx43thra3t0juwhvtv39vwccrq,channel-253,channel-1,0.07065134264809318,0.755969366334597
6FA6F18F4228BD1B71507BB3ED794523A9ED508D9C91CE073293E190893C5F53,osmo19x53pcdduljg9sfn8fzfalkt0g4l988qgqx95u,genesis19x53pcdduljg9sfn8fzfalkt0g4l988q7jprxm,channel-253,channel-1,0.07065134264809318,1285.3055864870973
148253A070BD1F10D58983622107B85C250515248541E7D12B280DE794034621,osmo1f0su7dw6zjhf9924rqlmxx7eecuzwr9w9q6fag,genesis1f0su7dw6zjhf9924rqlmxx7eecuzwr9wnja000,channel-253,channel-1,0.07065134264809318,4436.904318300251
0816F7A043A336ED11FD48CAFA197E92E0C041669BDDC886FA790A22ABBA3707,osmo16qrmvjmj2ms4klm6wyk9frfzwqteftpl4lng3s,genesis16qrmvjmj2ms4klm6wyk9frfzwqteftplrd5wrh,channel-253,channel-1,0.032474694157160706,0.3572174140185232
446C9EEE6C72D80AD209F06ADA9193C3A2FF5EB3924B2731C2D3DBA2CFD2F7C6,osmo1aadc3ew28ghvu43vvypw7s52rwatx2u7axcpny,genesis1aadc3ew28ghvu43vvypw7s52rwatx2u7t5l8pr,channel-253,channel-1,0.032474694157160706,0.3572174140185232
1EBEF255827ACA4C2A012AF3AC446C9C2F1DEE23EE8140196E6DFEBDC8C2417B,osmo1awav8afwjqy0f8uzcqek8pd0er7d9jgr5qv9p6,genesis1awav8afwjqy0f8uzcqek8pd0er7d9jgrzjtrna,channel-253,channel-1,0.032474694157160706,0.3572174140185232
F0166F9CCA14C815D903412498D6C1A9DBA7B6A8BD42782E1FCB2EFB34E6D977,osmo1c7puzl6n78qmrl4t3xw93ux2ehxs35fmaykhly,genesis1c7puzl6n78qmrl4t3xw93ux2ehxs35fmtk33dr,channel-253,channel-1,0.032474694157160706,0.3572174140185232
02A570701028D4FA7E60B4D6D48C088227B2674244D7214A003EA9D3BF738C1F,osmo1lz6h20wqgzv64qd5dkm5c8gmv777dz5tuecp62,genesis1lz6h20wqgzv64qd5dkm5c8gmv777dz5t2tl8gd,channel-253,channel-1,0.032474694157160706,0.22857486279860584
9F64781EEED739DFF7C567EDD5ACBB2C7C0E6DD26CCD0E7BBAD4E61DAE3E9548,osmo1mvptd0jukqughacmdsj22da9nyx50ynckvw3a2,genesis1mvptd0jukqughacmdsj22da9nyx50yncq7fh0d,channel-253,channel-1,0.032474694157160706,0.3572174140185232
45AB25743586EFFA1062589E19204AD9ED45A3B795CF9C0E4F4C69BD0970E449,osmo1pqtzfdl92z9ep9d86p5jqq8grnqjh29d7m8wm3,genesis1pqtzfdl92z9ep9d86p5jqq8grnqjh29dgfqgfk,channel-253,channel-1,0.032474694157160706,0.3572174140185232
1AED87256B6D446BCE25924AD02586DD61BF968F5A7EF82692A6B7EFA3FC5107,osmo1xjvhpmflhue38mc8j75gqj2h0fds9guxqen8zj,genesis1xjvhpmflhue38mc8j75gqj2h0fds9guxkt5ps4,channel-253,channel-1,0.032474694157160706,11.523521209464922
F8D6AE8453E450629625CCD683B55E633B4DE809C483794C3BB00A8E25A8CC7F,osmo1g8dvzcgtmwkqk0v8xrn9uvdj5d845938exnq7j,genesis1g8dvzcgtmwkqk0v8xrn9uvdj5d845938055xv4,channel-253,channel-1,0.0760317956597019,0.7603179565970191
32D3323E4CA17FA933353F432964F13FF6E6D5F764C26ACE82A6F488CD288312,osmo1klx6z8yplryeydlxrfl9umu6gwj2lvsg8ly60k,genesis1klx6z8yplryeydlxrfl9umu6gwj2lvsg3drua3,channel-253,channel-1,0.0760317956597019,999.8181129250801
92F57D934A916B803D2A9DC9352CEAC922F4503E03B8209832935F6E229F28AA,osmo139s220me7648e3e56nxwdz4rzznxv8fee4qmlm,genesis139s220me7648e3e56nxwdz4rzznxv8fe088adu,channel-253,channel-1,0.06256815983122126,0.6883041924424789
EE9781C4DA753EBA50956C7A43AEAF841B5AA4077CDD61FDC12CA2360AD07D70,osmo16wxnkntwxfnugvj5kkk2e5gprvg890vsnkjewz,genesis16wxnkntwxfnugvj5kkk2e5gprvg890vs9y4lu9,channel-253,channel-1,0.06256815983122126,0.6882416242826478
4D0F39622CCE3EB04643724651E1E5A3D8AA1CE971BDB8CAB715B27B2593761E,osmo19l4kgrhrqw65htnwdfntfvu2ywvudezhjrxa62,genesis19l4kgrhrqw65htnwdfntfvu2ywvudezhy3pmgd,channel-253,channel-1,0.06256815983122126,0.6256815983122126
1C7EE3A7EBC75C26A4D9D6B73A13E3131BFAD26AAAF5E3740AEB623FB762C0DE,osmo1ag940t2gd4sn0wey7xgfjl83x2t5v62m6629pc,genesis1ag940t2gd4sn0wey7xgfjl83x2t5v62mvgdrnl,channel-253,channel-1,0.06256815983122126,437.9771188185488
0A30BDF7393F5989F96F2F9FF9EB0C114CF2165FE69C5A00782F89E220A78966,osmo1qd5ah9nwkgq5zu4nqqx7fdwx0exd872p9vk90t,genesis1qd5ah9nwkgq5zu4nqqx7fdwx0exd872pn73rav,channel-253,channel-1,0.06256815983122126,0.6882416242826478
4B8A39219BCA580C09C8B2A5C657AFC81DA0889C4A8FAFB0F976F013FE167D09,osmo1s5jmc7287mxa39zy6y9rjnl8spggxyxxyk6s5c,genesis1s5jmc7287mxa39zy6y9rjnl8spggxyxxjyakxl,channel-253,channel-1,0.06256815983122126,0.6882416242826478
2845BECD486F1768501B6D86B47E7A780981AB7C80CB1FB082C86B1A523CE98F,osmo1s84q7zy0a0f7dchrpj2fk89gyglkwm2eqrzwxu,genesis1s84q7zy0a0f7dchrpj2fk89gyglkwm2ek39g5m,channel-253,channel-1,0.06256815983122126,6.4522535531164955
69EB4088E08E2ABB39B86C2D1AF2F194EAF2933265FB04D49D70CF086EC1702C,osmo1s84q7zy0a0f7dchrpj2fk89gyglkwm2eqrzwxu,genesis1s84q7zy0a0f7dchrpj2fk89gyglkwm2ek39g5m,channel-253,channel-1,0.06256815983122126,1.2711313535536135
1A9E03A2C0ABD9A5316209FE44401D2B28867CEB50D22E75A28A5470AF7232BF,osmo1v2z9rwxt5y98pnrs6ryhqp08ay5azzvmw92wnm,genesis1v2z9rwxt5y98pnrs6ryhqp08ay5azzvmchdgpu,channel-253,channel-1,0.06256815983122126,912.6191792981932
B6B94E178FF5A26388BC7916E722A5A0FB9B4DC1A425BAB265465F87A0C51063,osmo1xcpy6x238n94tws37nq2xfy0tuue8s3saj0jpz,genesis1xcpy6x238n94tws37nq2xfy0tuue8s3stqg5n9,channel-253,channel-1,0.06256815983122126,0.6882416242826478
8BC84660D7EBC000727DD3A04DB350523848C5039062BBCD4147F40AB4652F50,osmo1g6zstj3qxu463chcgy878v9jh66culnvxy80fa,genesis1g6zstj3qxu463chcgy878v9jh66culnvskqfm6,channel-253,channel-1,0.08109084571129577,2.432725371338873
6B39E5A14F99608E1D008A2CBB2A306052209DCBB1E9AF3DEFD53923D30DBFF2,osmo1gn2saq5vy2qjn9ktn8rl9cx9ajvn8drchcv355,genesis1gn2saq5vy2qjn9ktn8rl9cx9ajvn8drcp2thxn,channel-253,channel-1,0.08109084571129577,0.08364021383121024
731250DDAFAA1ACDD8972D0F7A3834C23F8F8CC92C968801437DEAAAF8312EFE,osmo1teflr7mzmp6t3ur45aglgjwf09k7znrfpn7s65,genesis1s5kh47dgvgf9cssnzzqfdws2ahne3zka9w9ans,channel-253,channel-1,0.08109084571129577,16.218169142259153
844E72A47AA06AF8505FA368EE8B16DEC0FC34531F1C344061626CDDC4CEFBBC,osmo1teflr7mzmp6t3ur45aglgjwf09k7znrfpn7s65,genesis1xc4x6p3mrdlpkmha82d8egmp9cl7qda2uxz2xy,channel-253,channel-1,0.08109084571129577,16.218169142259153
DFD99A687E9473AAEF09FFC98589545ABE55B5346457119705D9317BAD405CEA,osmo14smvlapym2mn8uq3qhhu48stz7sknv3s4g84al,genesis14smvlapym2mn8uq3qhhu48stz7sknv3sr6qn0c,channel-253,channel-1,0.07570538901533871,0.07570538901533871
925FAAE4177E6F1BC73778CC5A566F259189F2D4E46F0CA2D6C603D7CD936BEC,osmo1gffcj0fcuzkfqeknlrvvcyzqp5xng9s9xtcy2g,genesis1gffcj0fcuzkfqeknlrvvcyzqp5xng9s9selzc0,channel-253,channel-1,0.07570538901533871,0.7570538901533872
2314388B2C6DC42E57E5AFCC419F40F0875E30B502CB6590DCD6C0FE99C733DA,osmo179zyslay4geae37cxua2gvt97lhg3ec2ll3209,genesis179zyslay4geae37cxua2gvt97lhg3ec2fdkvaz,channel-253,channel-1,0.0748517541244494,341.33271204142807
C8E0ED8D976808EAC50995DD87E557B8836DE86B49D22124214DFAD6C2EF7984,osmo16aypymlama0lk5s8c9s30s09eacpvwnav7ewjv,genesis16aypymlama0lk5s8c9s30s09eacpvwna6v7gqt,channel-253,channel-1,0.0331488169300928,32.25158664067244
0D2E28259AEEDEC7CB45D644AE423F68683CC3061003535D51533613FE7EAC8B,osmo186s6d2y88whr9jjzxu62y8en2x53sh9d0t50dk,genesis186s6d2y88whr9jjzxu62y8en2x53sh9deenfl3,channel-253,channel-1,0.006818132858757461,820.5815092964252
B717CC1E3E3AEBDCCE6B927272D092307DB35838B10FF05B2F5053BA8BAD1158,osmo163ndtplrrpkh2faf2c0y6t9v86llx86q6spzwl,genesis163ndtplrrpkh2faf2c0y6t9v86llx86qvzxyuc,channel-253,channel-1,0.06256815983122126,0.00374403146938441
984614B98113AEFE3BEC58220D43F38F29D2A1981A3A1121B4D71589459B5122,osmo1md9zaw7gpnrfl2swql6hjvgttjuf6cvkt3wze5,genesis1md9zaw7gpnrfl2swql6hjvgttjuf6cvkarfytn,channel-253,channel-1,0.06256815983122126,0.1667814537447892
DB17D0FFEB40F79557E6DF80B66046DADF80A4BA31C1979965415B204660BD3B,osmo1rwp9agdk3vkgp6lw3k7geecsuvs8t9zjm7zlv6,genesis1rwp9agdk3vkgp6lw3k7geecsuvs8t9zjdv9e7a,channel-253,channel-1,0.06256815983122126,0.6882416242826478
6ACCCD7425E47838FAD94EBA2800277ECF0B4D5FBA9E5D417BA921F594D9FBD3,osmo10u24rwqfxl48rshaasextp5a25gejuzavxqnya,genesis10u24rwqfxl48rshaasextp5a25gejuza6584k6,channel-253,channel-1,0.07259258889849426,0.7985184778834369
A4AD5D17AF72CACC741C53858C80B98853934F621FD37C4A92C8E347C7D7CA1B,osmo12jfvctjm2jjj0xflzjyrj0gc5umqjq8jdljx64,genesis12jfvctjm2jjj0xflzjyrj0gc5umqjq8jmd4qgj,channel-253,channel-1,0.07259258889849426,2019.2354528005162
9492A23EEF9A1A6F350FC45E210811E22DC15AF02581C8F0BBFD55D1985594C0,osmo13t2mv7pz73ql5fu7808fqwe5aj7ww48hdd09zr,genesis13t2mv7pz73ql5fu7808fqwe5aj7ww48hmlgrsy,channel-253,channel-1,0.07259258889849426,0.7985816334357693
F58E504EDFA067FEC0C5ACA0B4F9F3A778620C280098AE355A4D92CBF1921B19,osmo13uup3md785lsd74aws4hx2et052mferw8n6yat,genesis13uup3md785lsd74aws4hx2et052mferw3paz0v,channel-253,channel-1,0.07259258889849426,11.159805696095983
3FF69E144DA8043BE66E4586342073140C06717602313C3BE674B1A3FF1FFA3B,osmo14xzmvz26n2qcckm8zjxnjv59dps2j5l0qjd266,genesis14xzmvz26n2qcckm8zjxnjv59dps2j5l0kq2vga,channel-253,channel-1,0.07259258889849426,0.014518517779698854
A666ED34D918C9C07B07FE1B9092355BDEE662115AD8B5B0169369687A3096B1,osmo14xzmvz26n2qcckm8zjxnjv59dps2j5l0qjd266,genesis14xzmvz26n2qcckm8zjxnjv59dps2j5l0kq2vga,channel-253,channel-1,0.07259258889849426,0.7839999601037381
2D649DB1997234EA33F67AD08AB9AB48B9ED677BF08D9F7F16525ED3554CACF7,osmo163ndtplrrpkh2faf2c0y6t9v86llx86q6spzwl,genesis163ndtplrrpkh2faf2c0y6t9v86llx86qvzxyuc,channel-253,channel-1,0.07259258889849426,0.0010486739899205446
E9188B672BD4C7FA404D3F6D3BB9A92B05DCDEA212D8DF451426F6F92EA40C51,osmo163ndtplrrpkh2faf2c0y6t9v86llx86q6spzwl,genesis163ndtplrrpkh2faf2c0y6t9v86llx86qvzxyuc,channel-253,channel-1,0.07259258889849426,0.001282705169074433
7B40A71E06DBA2C3FD3E1AA9C9ED82CB5A846B7AE5C001C5886E26D98062278B,osmo18ra7lhnn7jxf4jk5jvtjuetwmpcn7sjwtn0ywu,genesis18ra7lhnn7jxf4jk5jvtjuetwmpcn7sjwapgzum,channel-253,channel-1,0.07259258889849426,0.7985090408468708
E791EE7C6B67AD9C5869CB963AEB6ED384A488D58BF3451F04E82644DA465254,osmo1c2treqmnapx4uhw72z2f02m23l72ymjs5gs3a4,genesis1c2treqmnapx4uhw72z2f02m23l72ymjsz6hh0j,channel-253,channel-1,0.07259258889849426,0.7985090408468708
5279743A369048BBAAA214D0234BEF2CDE0AB280649E5A7C6C4166724CA63EBB,osmo1grmvphmzyzk56mnwjec9y3dhtdvzaftg3euurd,genesis1grmvphmzyzk56mnwjec9y3dhtdvzaftg8tm632,channel-253,channel-1,0.07259258889849426,0.7985090408468708
6205A3E0C961176CD50A796DD22D7C82ADC6B18DC21A2BB8C1576D9D71D227F4,osmo1grmvphmzyzk56mnwjec9y3dhtdvzaftg3euurd,genesis1grmvphmzyzk56mnwjec9y3dhtdvzaftg8tm632,channel-253,channel-1,0.07259258889849426,0.7985090408468708
B173AAD9176414658AFDE9E625BCA55D80959411F348B430EB9D75360D19B8B8,osmo1h5shnh6dnjtalh84cxl04taa2klvkz5fg6fjr7,genesis1h5shnh6dnjtalh84cxl04taa2klvkz5f7gw53e,channel-253,channel-1,0.07259258889849426,3.022069263284135
A4A89711204A82079BB0C63C0F6CDE48A4C267C2FC819FA49A52D8AECA3EF957,osmo1h5shnh6dnjtalh84cxl04taa2klvkz5fg6fjr7,genesis1h5shnh6dnjtalh84cxl04taa2klvkz5f7gw53e,channel-253,channel-1,0.07259258889849426,15.582577815053154
EBCEFB2A6DB521ABA071D1E1F3DA54EB7250298F1586EDFF90522BCDE726446F,osmo1h5shnh6dnjtalh84cxl04taa2klvkz5fg6fjr7,genesis1h5shnh6dnjtalh84cxl04taa2klvkz5f7gw53e,channel-253,channel-1,0.07259258889849426,2.955544322747124
2569CB69BF12454D094ED3F8DFBF74BD948DC9361911AAFA23FA773233F8896C,osmo1jnpevf3zg3wc3vyqssxu96lz899g00skk60rtg,genesis1jnpevf3zg3wc3vyqssxu96lz899g00skqgg9e0,channel-253,channel-1,0.07259258889849426,5.8231380442337395
AF572E6003E2469ED2F5A154206FDA90AB4503C683E6212DE2B861C043E55F19,osmo1k070lapr20h8hjw6pfmvhf5uwvv462an4fveac,genesis1k070lapr20h8hjw6pfmvhf5uwvv462anrmtl0l,channel-253,channel-1,0.07259258889849426,0.7985090408468708
192074E8C1F1D3320789E304F172CAFF06F39A781E238EB90350263289F2296D,osmo1k66akvqfp636yvtlqz9saauwktq72cqvskxwl2,genesis1k66akvqfp636yvtlqz9saauwktq72cqvxypgdd,channel-253,channel-1,0.07259258889849426,49.15736609458899
0E29D90BFBD32C2D8F646BAE809D63EFFB32D4062BAFC22F12AA2EAD075893A8,osmo1kgwcs2q7pjwn7km46p7satdmsm3gmzwj56zpsu,genesis1kgwcs2q7pjwn7km46p7satdmsm3gmzwjzg98zm,channel-253,channel-1,0.07259258889849426,0.8011171262648888
AFF9E2BE22EF43037EDF5178C4554ADF126299D500B164DF9D0A6578268C8EFD,osmo1l8av6c7lzn30qflmec8vtr0m2hylde8ltc0smt,genesis1l8av6c7lzn30qflmec8vtr0m2hylde8la2gkfv,channel-253,channel-1,0.07259258889849426,0.7985090408468708
2568E32832E79337E3CEEF5E9AEF4820726483FB1196AF98A75032353418CE62,osmo1me3hg2l74zn5ag9y879u7re4cp4dxea9h5d45s,genesis1me3hg2l74zn5ag9y879u7re4cp4dxea9px2nxh,channel-253,channel-1,0.07259258889849426,0.4592487167588356
E8CF97DEC4CB601A472A35E1FF2668F86AE14BE93A79403131F508EA5C03472F,osmo1pk3lswrmlqmg094csnl2xyh5eeezq8437ln4s5,genesis1pk3lswrmlqmg094csnl2xyh5eeezq843gd5nzn,channel-253,channel-1,0.07259258889849426,0.6892925375297094
C0BE8CF90AFDB7EEA6C91BE7A418A73D1C04DA4F11BC93D0C5D0EE4E68557CBD,osmo1rgf4dznny6fx60yjwmq27xxs42vl34yl54cce0,genesis1rgf4dznny6fx60yjwmq27xxs42vl34ylz8l7tg,channel-253,channel-1,0.07259258889849426,8.006714985099348
35EA1098096E54C31FFEEEFFBD6C8FDE584BEAC0D03D33D93E0ECB85B25FB6D2,osmo1rns4tg39ses696js09w7tvp33m54dfdp6003np,genesis1rns4tg39ses696js09w7tvp33m54dfdpvaghpx,channel-253,channel-1,0.07259258889849426,0.18387346488657336
48D0C6852EF235CFB09AB34DDADB4B493A6AE76D172AF4D55307CF01A755552E,osmo1spgsz0ef0ce6pcaymtpak0vef65l9ql5qlpkty,genesis1spgsz0ef0ce6pcaymtpak0vef65l9ql5kdxser,channel-253,channel-1,0.07259258889849426,0.7622221834341898
4E16099AAE6EDA733217425329456363695EBEABAE701A1565C8F911095AB388,osmo1wzzlp69vkp8ddhfs0pcrpsh79skjz0jummzws0,genesis1wzzlp69vkp8ddhfs0pcrpsh79skjz0judf9gzg,channel-253,channel-1,0.07259258889849426,0.7985090408468708
90F84EF2A4EABB5BE9D0D3381237E6AD6ACC89B87DF2869BBF8E79662255DA04,osmo14rj9dl3l28t5lhumevlkheddygjvtxck8fx0ja,genesis14rj9dl3l28t5lhumevlkheddygjvtxck3mpfq6,channel-253,channel-1,0.03884290217277698,2219.6388017611675
7E6847D4E8B9F48416E07DB4B5F3E6FA26E517A81FB72294A9EAEFF5A6EB9EDB,osmo14rj9dl3l28t5lhumevlkheddygjvtxck8fx0ja,genesis14rj9dl3l28t5lhumevlkheddygjvtxck3mpfq6,channel-253,channel-1,0.03884290217277698,4635.939217223105
34C3299FD11C8A80B376A485938A1526A98730946F82C69D898D08C98C6152CD,osmo15hycee5ppgttjt96kju83jc9hm00qh5wqs0psq,genesis15hycee5ppgttjt96kju83jc9hm00qh5wkzg8z8,channel-253,channel-1,0.0748517541244494,0.41167978232044883
33101EC62B1C0A4DD5A5D988DA091D5FA7DD7789C3A9C0661E8A26F5CB58D5AD,osmo182lpnqqq0umc07hut7xp7j23k32ss3pa9pltx0,genesis182lpnqqq0umc07hut7xp7j23k32ss3panncd5g,channel-253,channel-1,0.0748517541244494,233.71935099881023
D763B849FE33DE0D46C01F469CCE4A96D1422281622E065BFD593C30D798AB3E,osmo18lxka45l78ljrceejj336kqc4j0r4kenrslnmh,genesis18lxka45l78ljrceejj336kqc4j0r4ken4zc4fs,channel-253,channel-1,0.0748517541244494,0.4101876126019828
5390324E8EE118944E3089830086EFBDCD626554F784D3C134F7E894988F480D,osmo1c2w7sxnp423935c47zwv32rgmk2zmgt8maswnx,genesis1c2w7sxnp423935c47zwv32rgmk2zmgt8d0hgpp,channel-253,channel-1,0.0748517541244494,0.00748517541244494
AA7D9CA71F1FABBB26E3A1F87283AA0EDDCF77861241562FEE2FAA4B4B0C1F75,osmo1c2w7sxnp423935c47zwv32rgmk2zmgt8maswnx,genesis1c2w7sxnp423935c47zwv32rgmk2zmgt8d0hgpp,channel-253,channel-1,0.0748517541244494,0.00748517541244494
C7625995182396DF3EB347E4F89AB32F7A319534631C8D962E0C51C6A2ABF269,osmo1c2w7sxnp423935c47zwv32rgmk2zmgt8maswnx,genesis1c2w7sxnp423935c47zwv32rgmk2zmgt8d0hgpp,channel-253,channel-1,0.0748517541244494,0.0007485175412444941
50838CDD37D4F34E959DDC6C9AD1C50BFE1B69778DB30B36046E9CFA0AD7D8BA,osmo1c2w7sxnp423935c47zwv32rgmk2zmgt8maswnx,genesis1c2w7sxnp423935c47zwv32rgmk2zmgt8d0hgpp,channel-253,channel-1,0.0748517541244494,0.0007485175412444941
854D5EC3047A494B947D8F5F0C4CE2D68CB3F31483B6A4C79BE1E917404B3E9C,osmo1c2w7sxnp423935c47zwv32rgmk2zmgt8maswnx,genesis1c2w7sxnp423935c47zwv32rgmk2zmgt8d0hgpp,channel-253,channel-1,0.0748517541244494,0.0007485175412444941
EA2C385813BDE90A9B56831C4127C3992C767227C754C7D9D89AF97FDA1C1105,osmo1t70lfft98c22aqmlgqv6tgyrex7yu4wvyq4z4r,genesis1t70lfft98c22aqmlgqv6tgyrex7yu4wvjjjy8y,channel-253,channel-1,0.0748517541244494,0.8233595646408977
BF8C3110CF24877BBFAC44305029488FB460ECA84DED476D956658B41B006C3D,osmo1zyfgmmctnhllyhydmtry8epagdk4328a6hx2gu,genesis1zyfgmmctnhllyhydmtry8epagdk4328av9pv6m,channel-253,channel-1,0.0748517541244494,0.4101876126019828
E00F51589B5D84C68A2797697000C76300CE81DF242A7F8BD35B79CFE0CF7C74,osmo16aypymlama0lk5s8c9s30s09eacpvwnav7ewjv,genesis16aypymlama0lk5s8c9s30s09eacpvwna6v7gqt,channel-253,channel-1,0.031177056635168697,25.284592931121814
4C8101C095F025A9EBFA0A99AF77BE2E10672872C8431CD5C158B3A0C9BD245C,osmo182dudq2zyucgrax5uk6tws0mxne7zv39v08u6r,genesis182dudq2zyucgrax5uk6tws0mxne7zv396aq6gy,channel-253,channel-1,0.031177056635168697,0.02252361390254228
39654A7E11B730CF53D6C9B5DD141D22D0CAA8DCB637A87367D648034970D5C6,osmo16aypymlama0lk5s8c9s30s09eacpvwnav7ewjv,genesis16aypymlama0lk5s8c9s30s09eacpvwna6v7gqt,channel-253,channel-1,0.01325094355237709,194.12632304232437
2789A48371125434D88647A3A24ED0C8D297B90C9630B6632529F69CC878A8D0,osmo12wdcv2lm6uhyh5f6ytjvh2nlkukrmkdkudtduz,genesis12wdcv2lm6uhyh5f6ytjvh2nlkukrmkdk2lvtw9,channel-253,channel-1,0.07259258889849426,3.4812908984851
0D23A50D1AD7A53F9F73B495BF42EED94C90F1B97B18D1ABDA264FFEE6B41F76,osmo13uup3md785lsd74aws4hx2et052mferw8n6yat,genesis13uup3md785lsd74aws4hx2et052mferw3paz0v,channel-253,channel-1,0.07259258889849426,18.968225489590562
402A4D834AE1EE607FB706B93C0B7A2C37B5B44DC25175715DE2FF7132B94B33,osmo13uup3md785lsd74aws4hx2et052mferw8n6yat,genesis13uup3md785lsd74aws4hx2et052mferw3paz0v,channel-253,channel-1,0.07259258889849426,20.25448272203944
991711FA7239D081C3BA5F773D20B1D91C5C7517DF3BAFB44F58DBACED8B39C4,osmo18n33ywygvrrzqspewsh7f5c4dkp00le0mjxfr8,genesis18n33ywygvrrzqspewsh7f5c4dkp00le0dqp03q,channel-253,channel-1,0.07259258889849426,2.775899146106105
4B706B6EE039E29FF00276239D0CD188C021547E3637ECAD441950C6E4B9316F,osmo1gu92w3wkwawq6q8epdsyce6x7q5gzvv528l74c,genesis1gu92w3wkwawq6q8epdsyce6x7q5gzvv5u4cc8l,channel-253,channel-1,0.07259258889849426,0.7259258889849427
F75AF5287054B4FEF3B630F9BA6BE4AC7031AF08578D51F7D93691748D1F29CD,osmo1h5shnh6dnjtalh84cxl04taa2klvkz5fg6fjr7,genesis1h5shnh6dnjtalh84cxl04taa2klvkz5f7gw53e,channel-253,channel-1,0.07259258889849426,25.44726220031585
38DBAC10C6C5762C31F87D45DB7265CBCF6E3E0BAEE926CD40FD7636EF3CD824,osmo1jnpevf3zg3wc3vyqssxu96lz899g00skk60rtg,genesis1jnpevf3zg3wc3vyqssxu96lz899g00skqgg9e0,channel-253,channel-1,0.07259258889849426,23.160605337991374
556DE58CDA9449294A93DC96273EDBA4F029B20E02B8BCEEF0957C7207381AE8,osmo1me3hg2l74zn5ag9y879u7re4cp4dxea9h5d45s,genesis1me3hg2l74zn5ag9y879u7re4cp4dxea9px2nxh,channel-253,channel-1,0.07259258889849426,0.15901489193896534
03BE8BF535ABBA8333C4163DCBFB14AEB07F414908285B14FF1182766D2D8B80,osmo1p59gee55s8gu5j05ejxvr56elv2pewtvl35lzt,genesis1p59gee55s8gu5j05ejxvr56elv2pewtvfrnesv,channel-253,channel-1,0.07259258889849426,14.840880214692472
1CE355C4570931E50CCAAC1F295E0CA5C36FE36BA4BFB2798824072FACBED9A0,osmo163ndtplrrpkh2faf2c0y6t9v86llx86q6spzwl,genesis163ndtplrrpkh2faf2c0y6t9v86llx86qvzxyuc,channel-253,channel-1,0.08347869034938456,0.04737235520745004
63C53B39301FC3CD80EBA161066626C224DC3F24B4F1BA426FE61FEB4A115D78,osmo17uuc7cxwj7lerz7cx0kv8u70zl8r5dk7kqa6ud,genesis17uuc7cxwj7lerz7cx0kv8u70zl8r5dk7qj6uw2,channel-253,channel-1,0.08347869034938456,0.8347869034938455
4E0EA3D303682C2BD8216FBF979C083378696AA9A7B15DD52753D3FA866F76E4,osmo1nq2qm9cdjhqqdune0mn3ldwmza9ej3zcysnjfx,genesis1nq2qm9cdjhqqdune0mn3ldwmza9ej3zcjz55mp,channel-253,channel-1,0.05598884038299909,2867.0765383326175
2EF5C22FBC91F1CFB535AD7AE66391FBC30AD953AB19A5A05ECC12AABAF495F0,osmo1hmvnht5pmajf8gv6v9lqxe3yptl6zhpgdgw4es,genesis1hmvnht5pmajf8gv6v9lqxe3yptl6zhpgm6fnth,channel-253,channel-1,0.028090715272960122,0.01864125818400998
B0E6C4C72C1A51127D7665BA703FB7F7511FD8CDDCD0332AE74A57E4F7611C13,osmo16aypymlama0lk5s8c9s30s09eacpvwnav7ewjv,genesis1klle9xecgvklpqyfvjcxeepdma6np9jeqfqv44,channel-253,channel-1,0.028090715272960122,3.511339409120015
61C73180C573FDC5E8090B6F9F5E61EABC63A2B0A9B853784162C3971F8D5B47,osmo1vmjdd0uh783h6068nvjsvw0uvs57v5h50793hw,genesis1vmjdd0uh783h6068nvjsvw0uvs57v5h5evzh9f,channel-253,channel-1,0.028090715272960122,0.028090715272960122
BA4EE6BE1BC076FA0E02AD0AFDD9285ABDBE47EE117C5AC854CBD84254605388,osmo1vmjdd0uh783h6068nvjsvw0uvs57v5h50793hw,genesis1vmjdd0uh783h6068nvjsvw0uvs57v5h5evzh9f,channel-253,channel-1,0.028090715272960122,0.028090715272960122
5DBEE567D406D7F3364AFEF360648D39D02297D1BD875342F3898676EF5C3333,osmo18n33ywygvrrzqspewsh7f5c4dkp00le0mjxfr8,genesis18n33ywygvrrzqspewsh7f5c4dkp00le0dqp03q,channel-253,channel-1,0.07103053594869344,61.59978867937823
C250FD497D43DFC54501A5CED5259D92CBA38F86E43802435D2E8202E20D0258,osmo1984ucd9z0k0920qzfznqaaktt4rajhx697ha5k,genesis1984ucd9z0k0920qzfznqaaktt4rajhx6nvsmx3,channel-253,channel-1,0.07103053594869344,0.781095812224112
CACFD310DA0F920F4074A850A454295C4E71AE1C6A27A146F2950B00BBD63B26,osmo1jgcpfh7ft5y8wch47nasuwx5gkmgfkurj2ap3l,genesis1jgcpfh7ft5y8wch47nasuwx5gkmgfkuryc68rc,channel-253,channel-1,0.07103053594869344,0.7813976920019032
937C0359C1F775D451537E52B4B0419F57F7298E29A754FC9EFACBAB7F0F9F4E,osmo14fgf2djrhsx4aykvnwtl98uj6nqvzn0kucrldg,genesis12hckdk0k5wvpucxa5q77vhn7hhtnsshz6r40vx,channel-253,channel-1,0.0818367836851383,363.7017978805392
885DDDBC743217855BF1777EFD346AE476181BCAF6862BAF3EF067F991C44F3C,osmo169vvypd3zsyt4ylz6f443m2xljvqphp3mt5nau,genesis169vvypd3zsyt4ylz6f443m2xljvqphp3den40m,channel-253,channel-1,0.07614531982880064,0.8375886192252195
7A8E0F006A13EAAF6004518692052CA16E635D4F138242BE5214635569C7E1A5,osmo16aypymlama0lk5s8c9s30s09eacpvwnav7ewjv,genesis16aypymlama0lk5s8c9s30s09eacpvwna6v7gqt,channel-253,channel-1,0.011535252206812221,20.377172706791104
AA28EE4CF6F0A7AE014B475E0C75FD550D55F80B3E5FD24360DFFF7AC2D9EDB7,osmo1aedaw6l8emqaclg352xhuh6mt935tzcg26wgrh,genesis1aedaw6l8emqaclg352xhuh6mt935tzcgugfw3s,channel-253,channel-1,0.011535252206812221,0.15920498955744877
4362B30E6357D787B0BDBEECF31B59F82EBC03223F2F5493311DB0B97858A7BC,osmo1c8jqdea0nqrvjd7nfg3vfy4shc7lxamgkeueg6,genesis1c8jqdea0nqrvjd7nfg3vfy4shc7lxamgqtml6a,channel-253,channel-1,0.0761966727273209,2.514465493001859
1FAFE378E52C40989EF19CCB3D8F8EB3FF078A6E9CE8C99DD7741AA91A83243E,osmo1me3hg2l74zn5ag9y879u7re4cp4dxea9h5d45s,genesis1me3hg2l74zn5ag9y879u7re4cp4dxea9px2nxh,channel-253,channel-1,0.0761966727273209,0.1333441772728116
E7B4B6A388C0DAA1B7BF6DD08EF4807FD5E9F228E98F2BAC208A7EE6F2C31EB5,osmo1ctdj2dk67fd9yp2xt48m0f3jr45v3xyps5akh6,genesis1ctdj2dk67fd9yp2xt48m0f3jr45v3xypxx6s9a,channel-253,channel-1,0.029052510074080145,2302.585738431296
CF9EC833CD3EEE2083337B3590DADC99E15A56662937B1D83C99A666A044F69D,osmo1g8lsgaukudrj2y7nuv27yew5c6e7a829z9jztu,genesis1g8lsgaukudrj2y7nuv27yew5c6e7a8295h4yem,channel-253,channel-1,0.029052510074080145,945.5139403609385
9800DD663C7D0F9A770E99DE1DF4DFB4A811DC8DECF0CFD542C25802D3DEE743,osmo172cnthwf79m6ey8w8l50407hrjn6pvlkpdus8x,genesis172cnthwf79m6ey8w8l50407hrjn6pvlkhlmk4p,channel-253,channel-1,0.06278282636762621,0.31391413183813105
37C171C9502C2A16CCFEE4FE55602A01C3528BED1C0DB391927E4DA32C1F5040,osmo19l9wsymdh3mp7munzrlk8rs03ttnu2uaujyktu,genesis19l9wsymdh3mp7munzrlk8rs03ttnu2ua2qrsem,channel-253,channel-1,0.06278282636762621,3.248320107357122
5BCD28459E8CE4359853B04908832409CACAA9C91E1AA501D33BA863B2FEE651,osmo1g94062p2vr0qju4rltyxextdk7exszghdplc7w,genesis102xsmcfk73mfge5h6yxqj63jl63u9t7hxnvwsl,channel-253,channel-1,0.06952415697686982,0.7300036482571332
006D5BC8260BB96A55BD253C531E1B3E578B9D1FF15F6C8BDD848A2F6B08FD00,osmo1g94062p2vr0qju4rltyxextdk7exszghdplc7w,genesis14s978mkpyy2kz2zjrzqewp0es3g08uacjhg4q7,channel-253,channel-1,0.06952415697686982,0.7300036482571332
F8D5DE8855D3D234C5F6F98BCB939465BDC1F6CEEAB3C1E8FCACE64F59670E70,osmo163ndtplrrpkh2faf2c0y6t9v86llx86q6spzwl,genesis163ndtplrrpkh2faf2c0y6t9v86llx86qvzxyuc,channel-253,channel-1,0.06952415697686982,0.004465999887717666
CFC38F2636E3432D296EBAF7F84E43E5952DCB5B6EAC97B1CCD3220D44F8040F,osmo1g94062p2vr0qju4rltyxextdk7exszghdplc7w,genesis16v4kqtefka4z04x3tm7chejna8vpk7atlp8wc5,channel-253,channel-1,0.06952415697686982,0.7300036482571332
B690781E29E69C6BB486ADA929EE22828F0827A5588841108C8C769F4F20BADA,osmo1g94062p2vr0qju4rltyxextdk7exszghdplc7w,genesis1ccrdkhte283h0s9kqd2uydelh6k2n8mze6lqqh,channel-253,channel-1,0.06952415697686982,0.7300036482571332
EDA46B4CD319138EA992075ED284BE058FBE1D4CEE8409A5A0E70FC91DF88894,osmo1h5shnh6dnjtalh84cxl04taa2klvkz5fg6fjr7,genesis1h5shnh6dnjtalh84cxl04taa2klvkz5f7gw53e,channel-253,channel-1,0.06952415697686982,0.1858833619534586
6B93AFB422C0751799CD0B91EC5B172A8D52979414C83C87D5919A1DB4466A4F,osmo1h8uj22du0ka3ylq6rnx00cupey9y6e4jdxrpvp,genesis1h8uj22du0ka3ylq6rnx00cupey9y6e4jm5y87x,channel-253,channel-1,0.06952415697686982,105.75922459135987
C7564BBB3DAC3A588780DEEB2AD929F918B52C33FC4B58318B6155ACA460DEA9,osmo1me3hg2l74zn5ag9y879u7re4cp4dxea9h5d45s,genesis1me3hg2l74zn5ag9y879u7re4cp4dxea9px2nxh,channel-253,channel-1,0.06952415697686982,0.26383001664930067
6E6C7DEB9C99CD668AFBDC1AF29D387CD9D04C8180F7DFF67D182A30EE8F7A2A,osmo1me3hg2l74zn5ag9y879u7re4cp4dxea9h5d45s,genesis1me3hg2l74zn5ag9y879u7re4cp4dxea9px2nxh,channel-253,channel-1,0.06952415697686982,0.07168065106363528
BC14BB40DFAB7B5E25F78A18833BD7C1E80044CF5277D94AC7AAA8E40E70CDC9,osmo1me3hg2l74zn5ag9y879u7re4cp4dxea9h5d45s,genesis1me3hg2l74zn5ag9y879u7re4cp4dxea9px2nxh,channel-253,channel-1,0.06952415697686982,0.012007802318356296
296678A2093C6665F17F5DA14D67706184D56B0F64B9351B0FE674B445159D49,osmo1g94062p2vr0qju4rltyxextdk7exszghdplc7w,genesis1py0kuqlnwl0v3f9qalhyhq3wqgmqthqy3r2ss9,channel-253,channel-1,0.06952415697686982,0.7300036482571332
FA0000AB20B17F162D5277BEB1D1263873D498061AF4F650F667541942D1BCDB,osmo1xjvhpmflhue38mc8j75gqj2h0fds9guxqen8zj,genesis1xjvhpmflhue38mc8j75gqj2h0fds9guxkt5ps4,channel-253,channel-1,0.06952415697686982,21.357747924458703
D6AB4E008A9780457D2A4F9F7312289B3A8431A7FE9FEA3AF0FDC8DA5AE9F418,osmo1g94062p2vr0qju4rltyxextdk7exszghdplc7w,genesis1ydv0mu68752ttehle75flrpglgaquk8053rme5,channel-253,channel-1,0.06952415697686982,0.7908810908677061
66B62AD7D45AABBD7E20EC4A8E49BA8B8FAC10F4C7006CA483EC91174AC74A21,osmo1g94062p2vr0qju4rltyxextdk7exszghdplc7w,genesis1ydv0mu68752ttehle75flrpglgaquk8053rme5,channel-253,channel-1,0.06952415697686982,0.7647657267455681
39AC21EAF0AFC3DE7553D9426E17E5571FCF51BF0AB7170BF8E0AFCF11661EDB,osmo16jexsf558vvdwwl2cfj0mzr4x63xjpac5cs9rv,genesis16jexsf558vvdwwl2cfj0mzr4x63xjpacz2hr3t,channel-253,channel-1,0.04229712172184817,6.344568258277226
9B389C58D1FA44408605DE0BBFEA46EBF223C4FDC4385F35BEDD21E25D49827C,osmo1u73e52tuw50t84cn4rsn90sgcz56etaz2e7lgp,genesis1u73e52tuw50t84cn4rsn90sgcz56etazutee6x,channel-253,channel-1,0.04229712172184817,0.4652628403145006
2D7F321F6E66B5729A2C6B7CC66283904D5F77F9FBCD5616D614DCF4DE0B7795,osmo1s9l6lgx5ufulhu9ctnfuadut9eg35qywk9msa4,genesis1s9l6lgx5ufulhu9ctnfuadut9eg35qywqhuk0j,channel-253,channel-1,0.04229712172184817,0.253782730331089
734CCC35F80E63188E7BB0F52A43CD48680F12A6051D1A8715833707603E6194,osmo185vnrg4u37y2spux4jphlsr3qmv353agnjk0rs,genesis185vnrg4u37y2spux4jphlsr3qmv353ag9q3f3h,channel-253,channel-1,0.04229712172184817,0.0253782730331089
578477DBCE7CAF8BD021252999D2DCDD89F79BAA84B0ABFB91DD6CE2A09C8255,osmo1ag940t2gd4sn0wey7xgfjl83x2t5v62m6629pc,genesis1ag940t2gd4sn0wey7xgfjl83x2t5v62mvgdrnl,channel-253,channel-1,0.04229712172184817,469.29899192303867
8E0CF4C71CC18E42E8B5FE630A1FC2DAC6D4B764E2FCF9CB49B605E9A6F1F4EE,osmo1df6nprg53qsydl72gjzks2lj9frf6p08a36mc5,genesis1df6nprg53qsydl72gjzks2lj9frf6p08traa2n,channel-253,channel-1,0.04229712172184817,0.4652628403145006
F28B232DD73A9F959E1205862320C3344A5BF9D54069D64DC3DF6AF8202E233D,osmo1ecwa05qzt2f5lczcf0dxc8gnd3n6vxare5n6zj,genesis1ecwa05qzt2f5lczcf0dxc8gnd3n6vxar0x5us4,channel-253,channel-1,0.04229712172184817,10.584956960181048
4451AE3DD54815F580911C273472D6F47CC90A38F57349AF1E5DA7ACC98E1928,osmo10yu8w9p4p0szf2xwhtndmfjnp0gfk4j7j3azdm,genesis10yu8w9p4p0szf2xwhtndmfjnp0gfk4j7yr6ylu,channel-253,channel-1,0.04229712172184817,669.5211397351347
B0649CB92C5863A51CC927FDF9071C97CB015C3E54CE9576AA1E5C15AED689DE,osmo16q8mm4ywqe0h2nxyxs4c5ldgvcp46e0w5u6qr5,genesis16q8mm4ywqe0h2nxyxs4c5ldgvcp46e0wzwax3n,channel-253,channel-1,0.04229712172184817,0.4652628403145006
5A3F792073DEA36158A62679C2FC66816DC9A48FA3FD85CABE32CFB9DEDA22D7,osmo1m20wyugxnse56q2lfmm9txyk2fx39s6fx5sx8f,genesis1m20wyugxnse56q2lfmm9txyk2fx39s6fsxhq4w,channel-253,channel-1,0.04229712172184817,0.4652628403145006
CF31C0FFB076B3ACFC2976660902BC5988BD52BDBFAE47683FAFB7206AAEF1F1,osmo1tnyrxmdk6jtw8vqsq74z8t8y562mgcf7ewx638,genesis1tnyrxmdk6jtw8vqsq74z8t8y562mgcf70upurq,channel-253,channel-1,0.04229712172184817,0.4652628403145006
293EAB5C238A38FAC0B5381B1B2713CEF9F8A9DB96A3A3EC2D49B5CE9FECF425,osmo1j38d8t2ls5r4kv2h424w3n0sumayr86tdx8qnq,genesis1j38d8t2ls5r4kv2h424w3n0sumayr86tm5qxp8,channel-253,channel-1,0.04229712172184817,92.75758793601304
B6035AB3C8037949EFEAD09A1CE6516EA056B0DF188D5EE6EC5AFF31588897CF,osmo16jexsf558vvdwwl2cfj0mzr4x63xjpac5cs9rv,genesis16jexsf558vvdwwl2cfj0mzr4x63xjpacz2hr3t,channel-253,channel-1,0.04229712172184817,2.364126899948854
ED58251BF4A819DA39715DBE93F64EBC4F300ADB97C71635389A8901E7967A45,osmo17peurnyjqd9up8j3xu2wwuvxrjtnqsv6495l5e,genesis17peurnyjqd9up8j3xu2wwuvxrjtnqsv6rhnex7,channel-253,channel-1,0.04229712172184817,0.4652628403145006
4D581A13465E41F74A6E852997471FE81815AC621A3095B9E5E960B12817CFA7,osmo1ag940t2gd4sn0wey7xgfjl83x2t5v62m6629pc,genesis1ag940t2gd4sn0wey7xgfjl83x2t5v62mvgdrnl,channel-253,channel-1,0.04229712172184817,211.48560860924087
789AB259634EC6750A5F2AF7E12B10485AFB59789ACE657BCD589C5CC718ED6E,osmo1nd86lwg7se890hau65eeq6ru9cxunc53wxeux0,genesis1nd86lwg7se890hau65eeq6ru9cxunc53c5765g,channel-253,channel-1,0.04229712172184817,1.3175703829498664
4A3C19C358F94566F0EBF621E8A2D6E7C77AFE3DDE42519C4DD8AC6739D7A654,osmo16jexsf558vvdwwl2cfj0mzr4x63xjpac5cs9rv,genesis16jexsf558vvdwwl2cfj0mzr4x63xjpacz2hr3t,channel-253,channel-1,0.04229712172184817,0.5886778837192338
5BB1E81F80072A87654D3DF396CC7C6A33041C974F9078E6E0936125B2F1BB14,osmo1ga75k6vs39t2ln4larxq5yyd0jv84u2957rar5,genesis1ga75k6vs39t2ln4larxq5yyd0jv84u29zvym3n,channel-253,channel-1,0.04229712172184817,0.4652573416886768
036C536298B621119EC89701F6969302526F7548A41CA1CD09B2CD0AED46A233,osmo1twqplv0rexm59er6wemj6pdfa53y5rcakpg3uk,genesis1twqplv0rexm59er6wemj6pdfa53y5rcaqn0hw3,channel-253,channel-1,0.04229712172184817,0.4652628403145006
08A0D98D6DBAA4C789C1DA58A262056B2CD1F3197511A3B4560E3F7267AD792B,osmo12mwqeytdm5c8v22e9skjeltw3hql5n9hu3zh7j,genesis12mwqeytdm5c8v22e9skjeltw3hql5n9h2r93v4,channel-253,channel-1,0.04229712172184817,1.3624977770341211
B9FB224EA5B54A131BFF21380FB406A3D668C7A780550159BCEB840C496A7947,osmo17h6aflsyu8vvtusqgg5maksgnpsmnapncuv7u5,genesis17h6aflsyu8vvtusqgg5maksgnpsmnapnwwtcwn,channel-253,channel-1,0.04229712172184817,0.4652628403145006
C6375F7642525D8B52FDAE2B991102AD8372EC515E70AEC64926BE51268320E2,osmo1ag940t2gd4sn0wey7xgfjl83x2t5v62m6629pc,genesis1ag940t2gd4sn0wey7xgfjl83x2t5v62mvgdrnl,channel-253,channel-1,0.04229712172184817,634.4568258277226
1114963CAD57389F1700163F9A4D55DE228FED90BFC67C8721C31728B7D7C78B,osmo1s9tj8efw36uegzuujk2zxuda3deslk23xfhunf,genesis1s9tj8efw36uegzuujk2zxuda3deslk23sms6pw,channel-253,channel-1,0.04229712172184817,0.4652628403145006
452BA6FD1FF78FEB7689D14FAA6FA6047918A0189E7ECD2E3F767BE003B22349,osmo1wcj02245uwe3xpn4sj9h5mnavmj0wlmj95qzf4,genesis1wcj02245uwe3xpn4sj9h5mnavmj0wlmjnx8ymj,channel-253,channel-1,0.04229712172184817,0.4652628403145006
0B360DC66CED80DA46DCC1C3108FAE5B75CD21A3269B7A7D1D9EC62CFDCBB8C3,osmo16jexsf558vvdwwl2cfj0mzr4x63xjpac5cs9rv,genesis16jexsf558vvdwwl2cfj0mzr4x63xjpacz2hr3t,channel-253,channel-1,0.04229712172184817,8.241587622734963
C13CAA806BB1E15DCF8895478C474E17FF1B879B9E25BF2238D7751E83BA8863,osmo16jexsf558vvdwwl2cfj0mzr4x63xjpac5cs9rv,genesis16jexsf558vvdwwl2cfj0mzr4x63xjpacz2hr3t,channel-253,channel-1,0.04229712172184817,2.34292183058713
DBFB9224434429585AD12E227D2ABE1FB94B690F3B695BEA5123D89BDED3E683,osmo18v520tne2kuy47tx0u6gvfdrnnl7q3lzzgm3vy,genesis18v520tne2kuy47tx0u6gvfdrnnl7q3lz56uh7r,channel-253,channel-1,0.04229712172184817,0.42297121721848174
80A1AF395593375CFEF9A3D8A81DE73C270903D3FBF2083434E1CD985C63B751,osmo16aypymlama0lk5s8c9s30s09eacpvwnav7ewjv,genesis16aypymlama0lk5s8c9s30s09eacpvwna6v7gqt,channel-253,channel-1,0.010916254239793505,10.916254239793505
959A1EB2BE5E9FB2E5F6A59AC991BE74E21A36AAF2252277DEB2BD0ACA945E7F,osmo10yu8w9p4p0szf2xwhtndmfjnp0gfk4j7j3azdm,genesis10yu8w9p4p0szf2xwhtndmfjnp0gfk4j7yr6ylu,channel-253,channel-1,0.03264401929285567,486.8855477529423
6E182FE6182A999B9D521F5F9D771BF3348CD1C21ED8C5E3D4D4366C8E0380E8,osmo13k36ada8ty22ls4dqheukj4jf9f0rxg3f2rk9x,genesis13k36ada8ty22ls4dqheukj4jf9f0rxg3lcyshp,channel-253,channel-1,0.03264401929285567,0.35911261251819293
F638A3185E91F605E9CF38E553B241E7A063A3310EA4A934F428D5B1AB7BCB90,osmo1wukd7vuuw8ewjxnmtscn046tlyf5ggxx9rzt2d,genesis1wukd7vuuw8ewjxnmtscn046tlyf5ggxxn39dc2,channel-253,channel-1,0.03264401929285567,0.35907996849890006
7E83F1B02913949E8D3E4E44E5FF4620E732015DCB8267251284D86B240D6074,osmo1x79zsqpfp8p9pxj87zydaep36xa8wpfsnwnqj9,genesis1x79zsqpfp8p9pxj87zydaep36xa8wpfs9u5xqz,channel-253,channel-1,0.03264401929285567,0.35907996849890006
ABB6CF5DC0CB00BD12113E674554051D32CD21DAE4A504CC7C918042A9024D6A,osmo1xjvhpmflhue38mc8j75gqj2h0fds9guxqen8zj,genesis1xjvhpmflhue38mc8j75gqj2h0fds9guxkt5ps4,channel-253,channel-1,0.03264401929285567,2.2053843832711175
95208ECD24A494C5EE01CC69DC6954D29F38CE026A52A296AFFE534492BA9ED8,osmo1xjvhpmflhue38mc8j75gqj2h0fds9guxqen8zj,genesis1xjvhpmflhue38mc8j75gqj2h0fds9guxkt5ps4,channel-253,channel-1,0.03264401929285567,11.759161139824434
635D5C0A0BE3FD377E50DAAD214A7C282D4642E2B8C8B96157F0765F2D59CFEB,osmo1xjvhpmflhue38mc8j75gqj2h0fds9guxqen8zj,genesis1xjvhpmflhue38mc8j75gqj2h0fds9guxkt5ps4,channel-253,channel-1,0.03264401929285567,5.081785807642581
807C18C58634EC897D8FB0625B0F04243506B73A840A0DB0C2C610358A2EC405,osmo1z7eayqv6czcgyskmsr2nf5w3ut3jlugg07a367,genesis1z7eayqv6czcgyskmsr2nf5w3ut3jluggev6hge,channel-253,channel-1,0.03264401929285567,0.32642778820122115
651BCF2BFC6E5C84FDB56EC6739545F805BD41E15B52A101A041C1EE0EC131CD,osmo1qwrm0y75ce82e8dqgj5g3zcqqntgzwq30puar2,juno1qwrm0y75ce82e8dqgj5g3zcqqntgzwq33gvkjy,channel-42,channel-0,0.04049020627697426,2.0264051984722755
6A493867D8CF72F7D5C268ED67D280F1F804BE7EA7E4145696EA209E9110843C,osmo1ptvdt4zh8g2keusjvj5ryk85mshr5knmwetahu7jhpgqeqcyrcxqatglma,genesis16aypymlama0lk5s8c9s30s09eacpvwna6v7gqt,channel-253,channel-1,0.02447390326508579,4.562984973554723
6B039BDBB20D6A6C1B39BAC731807E4C226F383FB1E02DBDCE2D18FD5A8F6904,osmo1ucr8zsryuhluyhj22h9ksnuxr68qct5aq3juvnyykwvr339f42vq0psdhk,genesis16aypymlama0lk5s8c9s30s09eacpvwna6v7gqt,channel-253,channel-1,0.02447390326508579,1.602735960353325
D0421752563CACBC9AC4A57A3752F072CA46DB0CA4477937B78BBC9B2E9743DD,osmo1cchda0fgmu5kqklcvhh0t6rq597a0ggfhd4w5h,genesis1cchda0fgmu5kqklcvhh0t6rq597a0ggfpljgxs,channel-253,channel-1,0.02447390326508579,5.167551664719584
DCDED1B6E84366CA33A3676F6F84181E83F15E2E5FB2F2D163E6A4F312136C27,osmo1hauvj3muyuswsfn5hc4cqj3zmwe6y33ls3093z,genesis1hauvj3muyuswsfn5hc4cqj3zmwe6y33lxrgrr9,channel-253,channel-1,0.02447390326508579,0.02447390326508579
0B4D8BA1FCBACBDF0BB720E331B0BDEB363012BBF0899DFC6E19A4D5EB676D8C,osmo1nzgxusarw7tn3w9pz9mtxplwu8jnwrhlgkppxv,genesis1nzgxusarw7tn3w9pz9mtxplwu8jnwrhl7yx85t,channel-253,channel-1,0.02447390326508579,122.36951632542895
D2E8E9A2776B219190BECE0EB0A3E8FF6C6347BD58E78385C3C67D97539D8909,osmo1jgcpfh7ft5y8wch47nasuwx5gkmgfkurj2ap3l,genesis1jgcpfh7ft5y8wch47nasuwx5gkmgfkuryc68rc,channel-253,channel-1,0.0743388545788026,1.3122587182796426
C4DDF6692C0F44883181BAAD4B79D8B8BE6350AEDE6B12A586220E05CF7ECE68,osmo1jgcpfh7ft5y8wch47nasuwx5gkmgfkurj2ap3l,genesis1jgcpfh7ft5y8wch47nasuwx5gkmgfkuryc68rc,channel-253,channel-1,0.0743388545788026,5.797345072543753
5A73D014831795C6E1A34BA4F6CAF6D56FFDA3768380474749B541686C67BF49,osmo1ag940t2gd4sn0wey7xgfjl83x2t5v62m6629pc,genesis1ag940t2gd4sn0wey7xgfjl83x2t5v62mvgdrnl,channel-253,channel-1,0.005739960473376868,4.756282840596175
FBCD4BF8004EF9DC9235B81C297A8594C81A4303B37505D9B615C3B2E68035D6,osmo1k75w2s26rekktazwp5l9ghv2ccp4mvtxw55xag,genesis1k75w2s26rekktazwp5l9ghv2ccp4mvtxcxnq00,channel-253,channel-1,0.005739960473376868,0.02869980236688434
8029086216AC64C8F8C30240B5B70DE19F00C380B62C457DC47102A96AC558B9,osmo1pgjsu5996dk9gr8wy4z357k5lq4x7werrw7a9d,genesis1pgjsu5996dk9gr8wy4z357k5lq4x7wer4uemh2,channel-253,channel-1,0.06990304669558128,0.7689244262553148
605CE504CB469561D1E97140B23C1278E2B4F5705C829C9B2EF3ABE652D1F3F4,osmo1ytmwk4qwphevacssnxaq2c773s0smpmr5vxgn3,genesis1ytmwk4qwphevacssnxaq2c773s0smpmrz7pwpk,channel-253,channel-1,0.07151916571301857,4.280821002717921
9266D978139309AB590C6DE911F6458E1FD0641CB271EC1F241595854DDFA591,osmo1ym0dmpfg6pmgqqf69uq958gaxkpe3ch9x2j79d,genesis1ym0dmpfg6pmgqqf69uq958gaxkpe3ch9sc4ch2,channel-253,channel-1,0.07151916571301857,1.7994497009083115
B9E06B49F0CC3DAE021D0F90F9D1CBCA70E60203244C4E1504B4DD59883DBACF,osmo1ww0y5dve0tselq2kvt3su03cyrnrltvsn5s86w,genesis1ww0y5dve0tselq2kvt3su03cyrnrltvs9xhpgf,channel-253,channel-1,0.07151916571301857,0.7867015253516524
EE7655A56AFF85460AD3371B346D67F9449194CC206784636CE9091A999D5D98,osmo1ux3j2h446q9yf5dvsw4mwa5fnf07ja9v7hnlwd,genesis1ux3j2h446q9yf5dvsw4mwa5fnf07ja9vg95eu2,channel-253,channel-1,0.07151916571301857,3.708130934856409
A9A19B0FF511F858BEC611AAD56D4C575CD9D01A274D0762B6B16B2AAD230CA0,osmo1u9x86dtnqa8nl8wzgwld5e96hn7sfh482j8vzt,genesis1u9x86dtnqa8nl8wzgwld5e96hn7sfh48uqq2sv,channel-253,channel-1,0.07151916571301857,0.7151916571301857
9AEDBF08D09ACBB3C3B57636864C81D6A85C656560B5305E7EEC32492CBB0686,osmo1qyfled5ulf6wmu2u4smstn8rlzazanmqsgu5pp,genesis1qyfled5ulf6wmu2u4smstn8rlzazanmqx6mjnx,channel-253,channel-1,0.0103125113720483,51.5625568602415
0DD49546D305C1FB08C63F7D6F3F5D2F5148CC4C3FA36E582C42A91092A15506,osmo1qyfled5ulf6wmu2u4smstn8rlzazanmqsgu5pp,genesis1qyfled5ulf6wmu2u4smstn8rlzazanmqx6mjnx,channel-253,channel-1,0.0103125113720483,0.0103125113720483
454A3037FDADABBFAB4FB087EFEAF0DC7EF506F2760ACE952D8E0FB6652CFEE6,osmo1hv4rlv94dwwsj3z7l6muye6ndmup0hta7a4v3p,genesis1hv4rlv94dwwsj3z7l6muye6ndmup0htag0j2rx,channel-253,channel-1,0.0594688376641669,0.000594688376641669
A5FAE866CF60DBF890CA01A844DE6FF29A43BFC75D4FAC60B77D07A9B3904EF2,osmo1cddkj9qt534dgv0lpqfvcltl8fkq55rap5zkgj,genesis1cddkj9qt534dgv0lpqfvcltl8fkq55rahx9s64,channel-253,channel-1,0.004745259450640888,1.664268278560827
DDC3B07990D028BA8F0E98ACFA23B9DB4C896F71B9AD4AF242E9DBC6F8BD5128,osmo10c3r27nekd9w7s3swwg3t9sf5hzrvqjftf2djk,genesis10c3r27nekd9w7s3swwg3t9sf5hzrvqjfamdtq3,channel-253,channel-1,0.07605151599142872,2.7374755918771654
EE63CA0789FBB8E7148FAE022B7A62ECFD26635C67AF6B63546697F38C4E9752,osmo123r7mnlg2c46nsltvd0vdfxukjrc8mwu2ct024,genesis123r7mnlg2c46nsltvd0vdfxukjrc8mwuu2vfcj,channel-253,channel-1,0.07605151599142872,0.4285520660844574
91AEFCF719F75E989197A6433AFCA9795F82FA97D504E8B1B68A7E418B89846F,osmo172cnthwf79m6ey8w8l50407hrjn6pvlkpdus8x,genesis172cnthwf79m6ey8w8l50407hrjn6pvlkhlmk4p,channel-253,channel-1,0.07605151599142872,1.5210303198285744
C2DAD11192094082DE348C8AADA1522E79388F1ACD819903A75E1B57874EF274,osmo19xeucpasxg08jthuhktw3m82gcnz8myx0cw7hx,genesis19xeucpasxg08jthuhktw3m82gcnz8myxe2fc9p,channel-253,channel-1,0.07605151599142872,0.8175537969078587
0DB032E57C7AB14565C838BA326EEF5DF26842C42107331D2670715A457ED12B,osmo1dalqypymz0c0pmcyrkzcn3s873qhjrzhlnqqef,genesis1dalqypymz0c0pmcyrkzcn3s873qhjrzhfp8xtw,channel-253,channel-1,0.07605151599142872,0.6470069968603168
9B7D20D518025A9A93DEC245F557EF10E10352836E1EC9C2E6CC67420D4AE7A1,osmo1gzw93kttk9nl7x9qc6d437h7c2fzv9wkkevfsl,genesis1gzw93kttk9nl7x9qc6d437h7c2fzv9wkqtt0zc,channel-253,channel-1,0.07605151599142872,0.8365469025115483
EA56CF033CD669A2BBB348076DB14FE0EB997A9E9876CA7C5CB4BE5094AC1775,osmo1kyuhlejh8lf3wt5kf3nrgq0hkc30ums0x530d4,genesis1kyuhlejh8lf3wt5kf3nrgq0hkc30ums0sxkflj,channel-253,channel-1,0.07605151599142872,0.007585378204975213
C423DEF20BA2989A574833CC4CE3C0E11929400DFD35B13A55353E29A35DEC11,osmo1tavf9pe3fl94hpl37u08mwt6p5l3fn4wp8nshn,genesis1tavf9pe3fl94hpl37u08mwt6p5l3fn4wh45k95,channel-253,channel-1,0.07605151599142872,0.8365567892086272
963A8963F7DEC4F40F7BC8AB6903AD1FF889603601744447F8CDB9DE9BE4762F,osmo1z7qvrdv3dym46rdz52gyzeygqemjwc68g69ppq,genesis1z7qvrdv3dym46rdz52gyzeygqemjwc687gz8n8,channel-253,channel-1,0.07605151599142872,0.22815454797428614
E05968545C4964DA4CBBE50E673CB60310047E05B165156143CC679DAEE35D40,osmo10pej5pyxlytu2at3rfvjh89c2k3prannndxsvk,genesis10pej5pyxlytu2at3rfvjh89c2k3prann9lpk73,channel-253,channel-1,0.01896704833736577,0.20865403304307453
055271E1DF641790A8D7898B941A71FC93FFD950CC3E0AE24551B21E06B742CC,osmo10xefzfkufa86jkjswvfn20czyq6qhr0kqgsd9d,genesis10xefzfkufa86jkjswvfn20czyq6qhr0kk6hth2,channel-253,channel-1,0.01896704833736577,0.20865403304307453
EB4901279A5795F08DA8E367B676B8370F631761549073F2BF5D9958F223B660,osmo10yu8w9p4p0szf2xwhtndmfjnp0gfk4j7j3azdm,genesis10yu8w9p4p0szf2xwhtndmfjnp0gfk4j7yr6ylu,channel-253,channel-1,0.01896704833736577,1059.6889906086255
231DCA8AF2BA2E09254E97AD3AB34A8BE0E13E1E6249EF61710FFF4676E8DA6E,osmo10yu8w9p4p0szf2xwhtndmfjnp0gfk4j7j3azdm,genesis10yu8w9p4p0szf2xwhtndmfjnp0gfk4j7yr6ylu,channel-253,channel-1,0.01896704833736577,401.11513823861134
461F8EA6412FC284E5C71F1B3B9570CE67DEA6E2C0C725D8AC89EE6B9A5A5A7B,osmo10yu8w9p4p0szf2xwhtndmfjnp0gfk4j7j3azdm,genesis10yu8w9p4p0szf2xwhtndmfjnp0gfk4j7yr6ylu,channel-253,channel-1,0.01896704833736577,1218.4431851923773
FF2359A601FB32C5ECBF8DA78640E30FDC982C9364E787C51BA27B21BB2C387E,osmo122hjrmj8k2f0lc0m8nepdysgx9f2gan2jn8s3u,genesis122hjrmj8k2f0lc0m8nepdysgx9f2gan2ypqkrm,channel-253,channel-1,0.01896704833736577,0.009483524168682885
36823FDC87B51D57E2171FEBE560C37F19DC9A9E39569A88947195FDEE208D9F,osmo1269smxzcazn0x6qgttmqrsgww6ke9tn2c4k8ry,genesis1269smxzcazn0x6qgttmqrsgww6ke9tn2w83p3r,channel-253,channel-1,0.01896704833736577,0.20865403304307453
76F8E6CA52A52D4CCFED14EC5087CF595F4256D197963616E8ADEFE16822C2F7,osmo126e6k82fwwywf9mps9zjqky8hevfyjy54m2vdc,genesis126e6k82fwwywf9mps9zjqky8hevfyjy5rfd2ll,channel-253,channel-1,0.01896704833736577,0.20865403304307453
C034451B1526E6B32E587154EBE9FEE7606010E7BBB687A267531841B2FA48D3,osmo12paseawz7e36l79q2as7ha8qhazh5uhm7vhzcu,genesis12paseawz7e36l79q2as7ha8qhazh5uhmg7sy2m,channel-253,channel-1,0.01896704833736577,0.20865403304307453
73B164BE20EF3F9399D03F4A604368491C736FA0AAFB1439F6AD8F708AB7D069,osmo12upz8dny2gn93qmjl5zyr9gqwqqlr6e6dvpqf6,genesis12upz8dny2gn93qmjl5zyr9gqwqqlr6e6m7xxma,channel-253,channel-1,0.01896704833736577,0.019266348790831597
2337C19AD49CCB958A73FAAA370947292C657AA0F654A3E92C54CFE1FA5E14EB,osmo12w4g3zp07pj6992fvztwvjlagexv2zntur6rkv,genesis12w4g3zp07pj6992fvztwvjlagexv2znt23a9yt,channel-253,channel-1,0.01896704833736577,1.0242206102177516
1FAB02EB378413A6E353D30C62EC37FA3B122B5AF84D267A56C07E276E26FAE3,osmo134ultcrapjnu8nxttt5rlc05tgeex2jau6lcfn,genesis134ultcrapjnu8nxttt5rlc05tgeex2ja2gc7m5,channel-253,channel-1,0.01896704833736577,0.20865403304307453
1731C787DD67B021222232D1B12768A3AE13C9926E09C629A3DA39680A34000C,osmo1378dkrevhzm4tjnyfpqczt7ks3z5f6fyhgl4yl,genesis1378dkrevhzm4tjnyfpqczt7ks3z5f6fyp6cnkc,channel-253,channel-1,0.01896704833736577,0.09483524168682886
C0597D6E7F4A59859D6BF86A3BE6E54256CAE6B0284F808E29BA947253FA27AB,osmo13mw3gn62cskq2vdrx00hph2gg03axd9f4rhgdc,genesis13mw3gn62cskq2vdrx00hph2gg03axd9fr3swll,channel-253,channel-1,0.01896704833736577,0.20865403304307453
FE63F0445F42514491086CDCF14C026B6CE0A9E2FF19F4237E2B87FCA5A00664,osmo14es2y30lfj9t3thgr0agctpzggycgdxhnjwqnr,genesis14es2y30lfj9t3thgr0agctpzggycgdxh9qfxpy,channel-253,channel-1,0.01896704833736577,0.20865403304307453
637F3130260F6171C29AAD4993F996047BA0C5C17D654F1AA443F0D90F0C78D2,osmo14n6k9m8y8vggdf58j7zkqzn0rnfszjae96q0qh,genesis14n6k9m8y8vggdf58j7zkqzn0rnfszjaeng8fjs,channel-253,channel-1,0.01896704833736577,0.20865403304307453
1B432615226EED8FDF6DB91443511F9647DD2148C729FC97905D23660AD01953,osmo14rw67z5jz5yx3cwwyhdypayxe5pxksyf03p3v6,genesis14rw67z5jz5yx3cwwyhdypayxe5pxksyferxh7a,channel-253,channel-1,0.01896704833736577,0.20865403304307453
D7BFB14345E3FE77B20B8A624ACEC5115DC69732540D346D70385ECC39891613,osmo159gprehukp9ax4nlrs87hyerh9kf69cxp0e0g7,genesis159gprehukp9ax4nlrs87hyerh9kf69cxha7f6e,channel-253,channel-1,0.01896704833736577,0.18967048337365772
BC50AFFFE52FC7BA6BA9435DB7117A9B1C1B2AB15AAE1E57F4CDCC853523170F,osmo163xxdl2zwfqk7eucaplqvhwwgja3tvxqyjug84,genesis163xxdl2zwfqk7eucaplqvhwwgja3tvxqjqmw4j,channel-253,channel-1,0.01896704833736577,0.2086350659947372
2D738E131487F35BB4BFE394288457ECAF6373258CAE0A0D4E6437522FE3C845,osmo17gg0twymd2zeer3e2fpa09pwguul8hrf6dk52k,genesis17gg0twymd2zeer3e2fpa09pwguul8hrfvl3jc3,channel-253,channel-1,0.01896704833736577,0.20294741720981374
2F56A13D514A717F93FF4BFBD3E57F5C96CDA6DEAB6577FBD0F0C6E9D5C48CC6,osmo180a3m9y5j9kxwyyy3u78ydc3yrhmwfgfqpn4kv,genesis180a3m9y5j9kxwyyy3u78ydc3yrhmwfgfkn5nyt,channel-253,channel-1,0.01896704833736577,0.2086350659947372
600BC9E2F25F3FEBE1B50A18FE80B11518C54CE5DA36205D4A5DDA0EC2E3FEF3,osmo184ns0f5eqrss5t0vysk8ez6gxdfua0eksjam5g,genesis184ns0f5eqrss5t0vysk8ez6gxdfua0ekxq6ax0,channel-253,channel-1,0.01896704833736577,0.2086350659947372
87CCB91A0A8931904AF21975C008D2111BAE48FA10DB3CD98754B5E2A7EC54DB,osmo187a7cnj2z22pyqvnp62aq6kfwn6ky2eekz5dl4,genesis187a7cnj2z22pyqvnp62aq6kfwn6ky2eeqsntdj,channel-253,channel-1,0.01896704833736577,0.2086350659947372
D8B8D17F9D3EE65E6F10684849BCA89F95E94B114F6D2FBE1D7543056B3E0994,osmo189ym2ws9u8y6fk77dxe635kw9uyz8fr2u027ln,genesis189ym2ws9u8y6fk77dxe635kw9uyz8fr22adcd5,channel-253,channel-1,0.01896704833736577,0.2086350659947372
D2CC50442A7C6A9EF3C25259DC0D6FF2B75C3AA80EC87B0247B83EEA05912E1E,osmo18cq0vtf3gz5ea3fwdfs8jnkafnxx34nm9a6w68,genesis18cq0vtf3gz5ea3fwdfs8jnkafnxx34nmn0aggq,channel-253,channel-1,0.01896704833736577,0.2086350659947372
18FFAC7AA55FBDBDFDBC3F2D0CFD96AC27A1E18AD184163E3270D48C13A7A95F,osmo18ufwenfk744c400p44nqrlfgs793yqau477mwr,genesis18ufwenfk744c400p44nqrlfgs793yqaurveauy,channel-253,channel-1,0.01896704833736577,0.2086350659947372
D8B6BA29EC400D0431BB88A68841AA62168A51E27E4CA5448197AAAC5D221FC4,osmo193fzh5pz8w49kq2vztmtv4uwamud79lrszgfvy,genesis193fzh5pz8w49kq2vztmtv4uwamud79lrxs007r,channel-253,channel-1,0.01896704833736577,0.2086350659947372
BC22C90EC5C8D3233D9B9E572C4E7A522B72F6A4D79FF68BAC8F7D2A87F98660,osmo193rzkz9kkq54n57jfuj26vpgcv4tskq6t5yey0,genesis193rzkz9kkq54n57jfuj26vpgcv4tskq6axrlkg,channel-253,channel-1,0.01896704833736577,0.2086350659947372
F4117DAFE6EF56CC75CAAB86DD71BB74ACC856B6BB4B6E27F5645E71823F6E88,osmo19s9870729lngap2kzls3dcyeu7a4m2tccyav6h,genesis19s9870729lngap2kzls3dcyeu7a4m2tcwk62gs,channel-253,channel-1,0.01896704833736577,0.2086350659947372
A89FDB60F411C788B3F1F2A8C3965363D78A19DD29845F936DB5761E76344F9B,osmo1a7la6lzuldf997wetn0mgd70wtq7z4pshelsmm,genesis1a7la6lzuldf997wetn0mgd70wtq7z4psptckfu,channel-253,channel-1,0.01896704833736577,0.2086350659947372
C09CB5F33660AD1FB8CC06E952AC1BC41CDA5A8D6036706A391C9FEE9CF57797,osmo1c5fkllf3j9nmr2hkuvyuf6xh73lyuf76sg0g7v,genesis1c5fkllf3j9nmr2hkuvyuf6xh73lyuf76x6gwvt,channel-253,channel-1,0.01896704833736577,0.009483524168682885
3F41B4ABDFE0F6E27728242150027C98ABDCEE8414CD5E07873E4CCB5AE05700,osmo1c5fkllf3j9nmr2hkuvyuf6xh73lyuf76sg0g7v,genesis1c5fkllf3j9nmr2hkuvyuf6xh73lyuf76x6gwvt,channel-253,channel-1,0.01896704833736577,0.4058923687033412
787B9EA0CCACFF632AF2AC4D0B7809B4FCC1A8500859589BCFC1A1FB56E40829,osmo1c66hfnn0vm2zs50n6vjl6lp7cu3hks6q92w9fm,genesis1c66hfnn0vm2zs50n6vjl6lp7cu3hks6qncfrmu,channel-253,channel-1,0.01896704833736577,0.19536059787486745
E776288B31BFF9C4B8AC9E1F4DC20E3DA7BAA8EDFC7CDB3D9FACFD178B13B0FC,osmo1cnp8wul7r70fj034x3y0dnrgxsn2dx7aznxy4f,genesis1cnp8wul7r70fj034x3y0dnrgxsn2dx7a5ppz8w,channel-253,channel-1,0.01896704833736577,0.2086350659947372
47A91ABF6EB2FE9E98CC7F4DCDA6681AF31B2934987CFED44978BBA956B92E86,osmo1cpw7vutjsjh0z9newc372udqpg5276lj2evwv5,genesis1cpw7vutjsjh0z9newc372udqpg5276ljuttg7n,channel-253,channel-1,0.01896704833736577,0.2086350659947372
40E75DE66A4B735EA10AA79FC82D2EEFD5ABAFF90B5DE47230ECFFEAA1C816EF,osmo1ctgp3saksavq29uxcat6gspqx8lxsdm4jxgycn,genesis1ctgp3saksavq29uxcat6gspqx8lxsdm4y50z25,channel-253,channel-1,0.01896704833736577,0.2086350659947372
137CF33ADA51B43015A5A8FB6EB6CBDCA8E818930574F3190B95ABFED5034A11,osmo1d0k92lzqpclpgf25fdpf6zrl7lvjue5q7pyvnr,genesis1d0k92lzqpclpgf25fdpf6zrl7lvjue5qgnr2py,channel-253,channel-1,0.01896704833736577,0.2086350659947372
5DBBAFE17A8E68EBA728A8616801BB2CAB52D5AAD25670E84A2B0AE1CE1D081F,osmo1dg2425sj50yf3narap87qqcm5gc48hasvzz33u,genesis1dg2425sj50yf3narap87qqcm5gc48has6s9hrm,channel-253,channel-1,0.01896704833736577,0.2086350659947372
E7ED7F90C96E817E90DB14773DBB8D5BF4D9373A9FEDD289DC27CEE41B82F3B9,osmo1dhr5zx2gf3g4rtxrauy5k7ahd8l5pjrlrkhz6s,genesis1dhr5zx2gf3g4rtxrauy5k7ahd8l5pjrl4ysygh,channel-253,channel-1,0.01896704833736577,0.2086350659947372
EEFC4E6EC994DFA60E769BC3CADD813BEF599E380259ED95FEBF481E74122E4C,osmo1dl6f46qy2jyszpk66d7qzzxfr4cc6az4nhgj9d,genesis1dl6f46qy2jyszpk66d7qzzxfr4cc6az49905h2,channel-253,channel-1,0.01896704833736577,0.2086350659947372
7174BA6DA75C0452B45CEA105599CBBA0C87C744C7EDB416FE751782D48A5BBA,osmo1ds5hwgfe04pzj6xy4auq6fdqycs69360p4cxkv,genesis1ds5hwgfe04pzj6xy4auq6fdqycs69360h8lqyt,channel-253,channel-1,0.01896704833736577,0.2086350659947372
32D0689BF8DB99E57AEE377FA62DB63F1384A85CEAD11408DC135D55785373E4,osmo1dvulrm73tcl2dcjv5n5tuc00eckslt7cm40s64,genesis1dvulrm73tcl2dcjv5n5tuc00eckslt7cd8gkgj,channel-253,channel-1,0.01896704833736577,0.2086350659947372
EF6363982B7CC88AEC4BB368253C615A57966480C11076C6349A57CD1422B6F0,osmo1ejnpzu8e667zm24merulfs0v2zegfjass76hr0,genesis1ejnpzu8e667zm24merulfs0v2zegfjasxva33g,channel-253,channel-1,0.01896704833736577,0.18967048337365772
8B9840B66AFD871A3255054079E6062DD13A2798D0CA133325517EF96DF134FD,osmo1es8n2lf6gqnq6as8lahl6e4as2sxa9h6gpkp7r,genesis1es8n2lf6gqnq6as8lahl6e4as2sxa9h67n38vy,channel-253,channel-1,0.01896704833736577,0.18967048337365772
2C5EA853DA2FF2978BAFCB03F802A497BC47D38B37662A658E7AE4400FB0DBDF,osmo1eyfl5rcwe8qepfa4lupjafsmd8wnsdfrkrvjnr,genesis1eyfl5rcwe8qepfa4lupjafsmd8wnsdfrq3t5py,channel-253,channel-1,0.01896704833736577,0.2086350659947372
2258AC4724B93F2D11936CABD92C161FFC9D1AAEF2B9B76D8A7281E20742A934,osmo1f6dg2muw0jee9xqhlftvjekzqkgtmdy0dvwm0p,genesis1f6dg2muw0jee9xqhlftvjekzqkgtmdy0m7faax,channel-253,channel-1,0.01896704833736577,0.2086350659947372
A17F10C83D76BF4A63D4A6288A648D2E43C42D9C5B060BBFBD3DEA25CBB4E496,osmo1fe4mvh5f7t0830fwcucuulj5w22vxtecu04w7t,genesis1fe4mvh5f7t0830fwcucuulj5w22vxtec2ajgvv,channel-253,channel-1,0.01896704833736577,0.494017370335707
679D0E794F22A6BFF715E49C183853B6688E08F015F606F9995823F9DCDE0C45,osmo1fe4mvh5f7t0830fwcucuulj5w22vxtecu04w7t,genesis1fe4mvh5f7t0830fwcucuulj5w22vxtec2ajgvv,channel-253,channel-1,0.01896704833736577,2.4856216813819056
B4EB115182671C76FF54F400BF6BB069A51F77F05C550182B21A5A7418A542A8,osmo1fe4mvh5f7t0830fwcucuulj5w22vxtecu04w7t,genesis1fe4mvh5f7t0830fwcucuulj5w22vxtec2ajgvv,channel-253,channel-1,0.01896704833736577,3.793409667473154
4950D99A8DE13EC1F45F739DF7E9020879D910E58263FFCC7E90C943762C6874,osmo1ylc88uqww6j7xrycj09d9mtas9ykjy94pg38j4,genesis1fhkga75da3j3fd0er3m76gj9uwtqqngkd00zed,channel-253,channel-1,0.01896704833736577,0.2086350659947372
C2FCFF0F87BF5F3FBF5BAD8B84752CAE51F30C1DDC5C549041C5ADCFAA43E0DF,osmo1fqmypq4k476k0q4wrmny22gw3eg6ymeslqkx2g,genesis1fqmypq4k476k0q4wrmny22gw3eg6ymesfj3qc0,channel-253,channel-1,0.01896704833736577,0.2086350659947372
153E0CBA3315A3F1269DBCEEBAB638FB12A34E0A22DBAE6FB97A36E57C51009E,osmo1fufgewplcd3a3quhkzf2d3vsz0322ls75appvm,genesis1fufgewplcd3a3quhkzf2d3vsz0322ls7z0x87u,channel-253,channel-1,0.01896704833736577,0.2086350659947372
5A51C45A2D723F788E806726371F84A6CB3E3FFAEF98FD77B22DEE2757EDDA01,osmo1g30u4aqscx086t9gfd94xvufq3h3dagktpudhl,genesis1g30u4aqscx086t9gfd94xvufq3h3dagkanmt9c,channel-253,channel-1,0.01896704833736577,915.0070055846877
2CB4E99901DE95525D717348884C943F1B8EEAFFD23ACE8F066E967C99770D95,osmo1gdwksh567hdjwdrpgs6qgalpupcjv2jcyzwr6n,genesis1gdwksh567hdjwdrpgs6qgalpupcjv2jcjsf9g5,channel-253,channel-1,0.01896704833736577,0.2086350659947372
825555EC5F9A7665D2661220E52DA506F2C88202FE32FA055955EB859C4FBF41,osmo1grxuc23mq6kl90dw2h8mvpe57fz3r4f7pwgqpd,genesis1grxuc23mq6kl90dw2h8mvpe57fz3r4f7hu0xn2,channel-253,channel-1,0.01896704833736577,0.20844786122764983
6FF9F656694D75022749BA23057CE39F1869BE035E345EFA6D409005F0565DFB,osmo1gs4u2hrdqlzlz8f8nzpp55zd2l2jpz3vgs6vza,genesis1gs4u2hrdqlzlz8f8nzpp55zd2l2jpz3v7za2s6,channel-253,channel-1,0.01896704833736577,0.03793409667473154
F952F0A3D4E2811D04FDDB6162F7A4DD11443BC9E3A9AC7BCE1582092F613A2E,osmo1gs4u2hrdqlzlz8f8nzpp55zd2l2jpz3vgs6vza,genesis1gs4u2hrdqlzlz8f8nzpp55zd2l2jpz3v7za2s6,channel-253,channel-1,0.01896704833736577,0.1705302658849693
A6893F9709B3E2DD21EB633D7E2934EE2CFDB70DE7E70D40AB8539FAB6533D45,osmo1h484jylpn93gqc0wwq2vlvxcrgtq3d48mppzmj,genesis1h484jylpn93gqc0wwq2vlvxcrgtq3d48dnxyf4,channel-253,channel-1,0.01896704833736577,0.2086350659947372
9E3D129431968DB20FCDFF8E74FA85E9F19B21328F5E9F5CA3E3A35AE069C682,osmo1h9v4lmln4xrrjshtq6sw5vqhajjkysyvrre4ua,genesis1h9v4lmln4xrrjshtq6sw5vqhajjkysyv437nw6,channel-253,channel-1,0.01896704833736577,0.2086350659947372
F7A836070EAAD4B6FE1B8AFDC1F1AD6BDAA3FF908A047BDADD05F99F6DD61C0C,osmo1hsxezlay09t8ty6maue78gr8rw7m86l37492x9,genesis1hsxezlay09t8ty6maue78gr8rw7m86l3g8zv5z,channel-253,channel-1,0.01896704833736577,0.2086350659947372
433A9DC5C0AA29EE62C04E1BBEF84B2536F1CB2BC5728CC9822FFD582C9AA241,osmo1huaayys7a8uv9d6e7ps9avzxfm9ffe955sl7hf,genesis1huaayys7a8uv9d6e7ps9avzxfm9ffe95zzcc9w,channel-253,channel-1,0.01896704833736577,0.03793163095844522
3C6F0BC2E2F42AB98D63A9929F23D3138535C3A1DF0163893AB25C0C24BCA5D1,osmo1j48ee35rqpyhvqs5rw8jqmsgjc57e0nvra0e2t,genesis1j48ee35rqpyhvqs5rw8jqmsgjc57e0nv40glcv,channel-253,channel-1,0.01896704833736577,0.2086350659947372
5E5307AF774A27F09F1A1758ADE8DAF36B16A4080B14EFDA3918506DC4A75817,osmo1jdqp9e0y7wrvnq38n3mvftcwhap7glelhxdu9a,genesis1jdqp9e0y7wrvnq38n3mvftcwhap7glelp526h6,channel-253,channel-1,0.01896704833736577,0.2086350659947372
3F2C48F5DC9AE03E1F0F4D003B241B6EC5B84DE476964E3F5F67B726AEB8C370,osmo1k2dnffudwvslz64jgk04tlvxdk9nqk2nrsgm57,genesis1k2dnffudwvslz64jgk04tlvxdk9nqk2n4z0axe,channel-253,channel-1,0.01896704833736577,0.2086350659947372
16AA95AC0CE052A64B2DC7994B8ED03BB95C39EF0A08EFBF71FFDD37C99C3D09,osmo1k4paygdg7tyw3ye65qua00pw6vlqmvsk8mwnqy,genesis1k4paygdg7tyw3ye65qua00pw6vlqmvsk3ff4jr,channel-253,channel-1,0.01896704833736577,0.2086350659947372
72C489A0AECF35A976813C556375D38D9450D22F1F6A52D8F3A652DA806AF6F9,osmo1k63g9u6t8zwgly7hws8v8yvekcv2vk9nsu99rh,genesis1k63g9u6t8zwgly7hws8v8yvekcv2vk9nxwzr3s,channel-253,channel-1,0.01896704833736577,0.20863753171102348
7278AE0589FF1376AEEC2CFA475F879484E4F60C2225A6EB232202804035BBD5,osmo1ka56shsuqku6c8apzg5neksn6uve6xq7f2e7c4,genesis1ka56shsuqku6c8apzg5neksn6uve6xq7lc7c2j,channel-253,channel-1,0.01896704833736577,0.18967048337365772
27800AC80636DBD4CB0C30A4A35653C1C2BE69931D166B6579CE371A750710F2,osmo1ks3h4q0qg58ptg22x9nrjj9vmje847fghx6xcc,genesis1ks3h4q0qg58ptg22x9nrjj9vmje847fgp5aq2l,channel-253,channel-1,0.01896704833736577,0.18967048337365772
334F82DA3731D838444E16C273086E314CCA14AA49F45841221E240207670F53,osmo1ky940z38hwnvmw3evle88nq4s2uy5kggyrnrj5,genesis1ky940z38hwnvmw3evle88nq4s2uy5kggj359qn,channel-253,channel-1,0.01896704833736577,0.2086350659947372
0D33B1F4820A1D4866950B3C3FE1F050BCCAED58338D0001EFEE7CAFCAE1F7F6,osmo1kykrr9f2uw3jxcvs59u8g0guglywlre7c5rvd8,genesis1kykrr9f2uw3jxcvs59u8g0guglywlre7wxy2lq,channel-253,channel-1,0.01896704833736577,0.2086350659947372
2DCFFDE810444C8710BBA0C5E0A26DBEA3F49786911FFA04C1109CD55994C71E,osmo1l6zt73u4499gry8pscynxktlljchexzxua002q,genesis1l6zt73u4499gry8pscynxktlljchexzx20gfc8,channel-253,channel-1,0.01896704833736577,0.4172686146256099
A21D0F655A9DA6CBEBC86790BCA65139CF0541F8DB5A02B64D7183E73EFE99EB,osmo1l77nv7gy9xye98nlpsdeglukl0d36uxvtl6amm,genesis1l77nv7gy9xye98nlpsdeglukl0d36uxvadamfu,channel-253,channel-1,0.01896704833736577,0.2086350659947372
D9F468A2ACBCE6D1F5B45205F868A8BF2C79733B265EF5C9BB602263631214EE,osmo1lnuqxrtdee5u60cqkewlwg6wn0juewcghyhrxy,genesis1lnuqxrtdee5u60cqkewlwg6wn0juewcgpks95r,channel-253,channel-1,0.01896704833736577,0.2086350659947372
406DE00C5FD3EF8C58EC33A840E62A06E38E2E7E02E875E3864DD770199D1BFA,osmo1lpzsa4t5dgaw040sefwnrpe8jap32qp8zl8265,genesis1lpzsa4t5dgaw040sefwnrpe8jap32qp85dqvgn,channel-253,channel-1,0.01896704833736577,0.2086350659947372
5C92DA9464FFBBC46D7ED5A8557B2481E12D1C79DE6474E650FB81EBF9EB2F69,osmo1lz52mmgqjrk47kkv3gpz5cve6svfweey880k9u,genesis1lz52mmgqjrk47kkv3gpz5cve6svfweey34gshm,channel-253,channel-1,0.01896704833736577,0.2086350659947372
C6816BB6B0390EC7AD341A8C3DBC6BF7E4F69636BFF516ADA334D6B8DD293CE7,osmo1m3esxfpc2qlk75jyjhfgyhma3std4cmvuwhrwt,genesis1m3esxfpc2qlk75jyjhfgyhma3std4cmv2us9uv,channel-253,channel-1,0.01896704833736577,0.2086350659947372
21501D5C13B3A3D271981657C8373CA62B2E7DF61379E5F8A2B9E0FBE168DDDF,osmo1mqucr2yr6tg760vt99p55hazh2s555kh7q5fs6,genesis1mqucr2yr6tg760vt99p55hazh2s555khgjn0za,channel-253,channel-1,0.01896704833736577,0.2086350659947372
AC9F26417A43FF4C5D5D3D6C8C8B35756195779F9521E8DFB3D2284225B01365,osmo1n4wjmrv7ghyjahyxys035y32xrhrepvvgyqhkz,genesis1n4wjmrv7ghyjahyxys035y32xrhrepvv7k83y9,channel-253,channel-1,0.01896704833736577,0.2086350659947372
26E69788096D96060065B3D4F411BA797026CAB680BD98BE0931F2CF6E15AE6C,osmo1nd86lwg7se890hau65eeq6ru9cxunc53wxeux0,genesis1nd86lwg7se890hau65eeq6ru9cxunc53c5765g,channel-253,channel-1,0.01896704833736577,0.05928889515919692
3DC642FF2A8AF3341C8A5E09A61F6899E893B9DB06B6286A82BD54A2D4DBD65C,osmo1nl22wg7egsm4tgf44ujyqa08uv76m9xyaw94pe,genesis1nl22wg7egsm4tgf44ujyqa08uv76m9xytuznn7,channel-253,channel-1,0.01896704833736577,0.2086350659947372
3BA02DA12E80BD5CC36FE1BB05F8C88757B3E6D4B614B1C119EE3DC77B624591,osmo1p0x2pwpseqv6jhfuvkyjh3zpkam4wjzquz3fva,genesis1p0x2pwpseqv6jhfuvkyjh3zpkam4wjzq2sk076,channel-253,channel-1,0.01896704833736577,0.2086350659947372
EE786989ADA87036B5609618BC6864FC5D1F0E38ECE0CF572521F9864C68852F,osmo1pf0gjuduse5rsne403j9w5re0h06dd3frp2d74,genesis1pf0gjuduse5rsne403j9w5re0h06dd3f4ndtvj,channel-253,channel-1,0.01896704833736577,0.2086350659947372
1E6CBAC08CA8E8F642CEE7664B081822EDD65C138C65D9FC60B1D8D1967D5DAA,osmo19nfp657kqq8nqy9vu2mwewxjrahrc5qpvtu8au,genesis1pf0gjuduse5rsne403j9w5re0h06dd3f4ndtvj,channel-253,channel-1,0.01896704833736577,0.2086350659947372
C0A89E63EA637EA0EA2DC2F00300C1D28494437047F349BB42DA587FF59BC4BA,osmo1pnzpgzazyh2npvkupqxjycn3gn0tkyvxrfjfjs,genesis1pnzpgzazyh2npvkupqxjycn3gn0tkyvx4m40qh,channel-253,channel-1,0.01896704833736577,0.2086350659947372
D144EAB73FA40712A4E270CF9F3D3AEA051C411D8B687D4E80ECD792EE0A7AE0,osmo154pypmugfuk94c85efzwdntamhrkl86mhf7rrz,genesis1pvvgvjejgxm8shkh4qtsjluxdvucatxactrzt6,channel-253,channel-1,0.01896704833736577,0.2086350659947372
272DB92F1C169EA7C6613BA14A2912F0B19F86D7B4AF009B6FD1D305F8FDC923,osmo1pvvgvjejgxm8shkh4qtsjluxdvucatxaweyyea,genesis1pvvgvjejgxm8shkh4qtsjluxdvucatxactrzt6,channel-253,channel-1,0.01896704833736577,0.2086350659947372
551037FC82A183E25BF9FF060CFD3607ACF7877BDA529BDA0A06EB71287FA70B,osmo1px5hrplm5talh55j79gc6wsazeu05vgmlrysyp,genesis1px5hrplm5talh55j79gc6wsazeu05vgmf3rkkx,channel-253,channel-1,0.01896704833736577,204.4914020430794
42F6E15DAE92E028A338B68AAFF6488B8ADDB105422F061A3B7D7C0F650A6928,osmo1pxa93n7xrvvmzd9rv0zsxgfk0kjude6te9jvv4,genesis1pxa93n7xrvvmzd9rv0zsxgfk0kjude6t0h427j,channel-253,channel-1,0.01896704833736577,0.2086350659947372
DF41E34D93A4A430B36310BDEEC1B5FF64E29801699FFCF79E26F199B5DA3E97,osmo1pynem7frgl5kj4snxag5gcpgqqac9g0qpteaze,genesis1pynem7frgl5kj4snxag5gcpgqqac9g0qhe7ms7,channel-253,channel-1,0.01896704833736577,0.2086350659947372
0528D0176A10E9CA62C99146C1CE89BD0AEC858881E028EC8B27385616A9ED1F,osmo1q2z3tj5yq9cx3nc8gc5tqjk7rrsk4h7cnsltxf,genesis1q2z3tj5yq9cx3nc8gc5tqjk7rrsk4h7c9zcd5w,channel-253,channel-1,0.01896704833736577,0.20484412204355035
4930757F386E04AA6276160C1872BEF47341CB7BC61775868EC57F750C3BE503,osmo1qa9n2hntgwtgjrnl2tl5cwn6k5t7wuz6gy8hy3,genesis1qa9n2hntgwtgjrnl2tl5cwn6k5t7wuz67kq3kk,channel-253,channel-1,0.01896704833736577,0.2086350659947372
18290068C3222081D1265E8E9AB92829ED956B9C54D0F7DB7059ADCF0E489FAD,osmo1qgu227rkd8qwq92mdr0l0cp4e5n6y4yrnxas32,genesis1qgu227rkd8qwq92mdr0l0cp4e5n6y4yr956krd,channel-253,channel-1,0.01896704833736577,0.18967048337365772
7D8196E5EA50C89D83EA630A65BD3C09DD41097889394A108A62A1293F6D34B3,osmo1qmff3dmk3prfauz92nhejhelp2un7ped6v49nx,genesis1qmff3dmk3prfauz92nhejhelp2un7pedv7jrpp,channel-253,channel-1,0.01896704833736577,0.2067408268772869
24DD8795293767A9EA0E93186A4CED955EB88D1C151A4DDC545CF4A0691DF0DA,osmo1qqp2aydslhpx4emvqdhsyn8ztrltd4ze2rs6u9,genesis1qqp2aydslhpx4emvqdhsyn8ztrltd4zeu3huwz,channel-253,channel-1,0.01896704833736577,0.2086350659947372
D66B30FA18A4CBA407C76F0C831EDDF7736B8AE5E0CE6A2D85DE67C49BD53EC7,osmo1qwrencstpqk3mytuwn8kv3dquv9dtfqwf9gndv,genesis1qwrencstpqk3mytuwn8kv3dquv9dtfqwlh04lt,channel-253,channel-1,0.01896704833736577,0.20749950881078152
2AB0CB9CEA98A9E0EAB3436737E650CF164CB9B19DFAB2C3275C53A7F796F015,osmo1r5trk7akrgukgcvvf852kwzgzydmla3r9zlj2d,genesis1r5trk7akrgukgcvvf852kwzgzydmla3rnsc5c2,channel-253,channel-1,0.01896704833736577,0.20484412204355035
A09790BD55B82F30C0E0C6F2921B9171470632024C0EFA2E711002022B726B56,osmo1ravrrr3un9hk4zfhu3cfayc9zqn3z96cnxgjg7,genesis1ravrrr3un9hk4zfhu3cfayc9zqn3z96c95056e,channel-253,channel-1,0.01896704833736577,0.2086350659947372
9E57B4BBED869AF79F9B83FC4A0BD39A81C6CF37C1FFA889D46CBC0B7CF11FBD,osmo1rryaawq8apta6fhxqe7zm9vses03747p6dygha,genesis1rryaawq8apta6fhxqe7zm9vses03747pvlrw96,channel-253,channel-1,0.01896704833736577,0.01896704833736577
1BF53162779275591716EB686B39ECE3891A85B383D2EBF82CCB40CCF5B49080,osmo1s84q7zy0a0f7dchrpj2fk89gyglkwm2eqrzwxu,genesis1s84q7zy0a0f7dchrpj2fk89gyglkwm2ek39g5m,channel-253,channel-1,0.01896704833736577,1.915671882073943
725A3480768C044B97A5F8F3CD8CB4D21F9174792F9DA21838695A9193EE9EF4,osmo1s8f7epenu00ntspjnzqefelyr6ttf65y8v8cpu,genesis1s8f7epenu00ntspjnzqefelyr6ttf65y37q7nm,channel-253,channel-1,0.01896704833736577,0.2086350659947372
1B2AECAA7DE55FF433AEC261DB99967693853B77D533FF297C490BA1F86D8E59,osmo1shk2aw96fd6l7yvdr2td33rstey4j72clltev7,genesis1shk2aw96fd6l7yvdr2td33rstey4j72cfdvl7e,channel-253,channel-1,0.01896704833736577,0.2086350659947372
D1D167639C155C2801982784ABEC2FAD329FF7DAF40249907F4435C0E29CADC6,osmo1t6qerv6ktayj4dtrmr5jyykwt5ttujvqjpm36m,genesis1t6qerv6ktayj4dtrmr5jyykwt5ttujvqynuhgu,channel-253,channel-1,0.01896704833736577,0.2086350659947372
6A3589A282FDD311F10FEB4E54B4B4084E5A593C0396AF2B6E251A2935606B2A,osmo1txns8n6l855kl9rd9a7pqzr9gc4xdumpahar6k,genesis1txns8n6l855kl9rd9a7pqzr9gc4xdumpt969g3,channel-253,channel-1,0.01896704833736577,0.2086350659947372
C8EFFC2B70C92A9F139276172A02D82EC8F3CF6B775A9C086180E1EC066EDCEB,osmo1u6t4h67p7cna8lqvep9d8nqgrt3qr7k8nspdtg,genesis1u6t4h67p7cna8lqvep9d8nqgrt3qr7k89zxte0,channel-253,channel-1,0.01896704833736577,0.2086350659947372
C5000FF9B6D92476F9A3137516B1739FB4CE3B966202399346CCD097C055B5CC,osmo1uq7u0ys4xzyefnsdglefywwkev8tmkjjuhz57r,genesis1uq7u0ys4xzyefnsdglefywwkev8tmkjj299jvy,channel-253,channel-1,0.01896704833736577,0.2086350659947372
114DDD070CD87F522A8EAC7A3E5A274EF794460FD8C99086009A2472246A34A1,osmo1v5x7d2csz5vwz48p6wkj4j2y884e0ademefp4j,genesis1v5x7d2csz5vwz48p6wkj4j2y884e0adedtw884,channel-253,channel-1,0.01896704833736577,0.2086350659947372
4A15BC8FEA743CA9313981DCA42289D4A9D571937681385118D1CA4418BCA6A1,osmo1vk6z2aa4hwf5kkd07248q8sm5xqzddueg2v23m,genesis1vk6z2aa4hwf5kkd07248q8sm5xqzddue7ctvru,channel-253,channel-1,0.01896704833736577,0.2086350659947372
C9AE5BC0DE811976463D29A66D01F7052F9DB58F19F4BD417FB2DCCE46CE0A5F,osmo1vtxf37wet22efwrmyhkpltl87xjkx2djd8m4q4,genesis1vtxf37wet22efwrmyhkpltl87xjkx2djm4unjj,channel-253,channel-1,0.01896704833736577,0.2086350659947372
535CD99A7D52DD9DD80532188A6217D4D144F1F5D508EA860A75EA0302B60072,osmo1vwv8pm0rn2u9wftmnlvvx8473cptnpdv6nf0j9,genesis1vwv8pm0rn2u9wftmnlvvx8473cptnpdvvpwfqz,channel-253,channel-1,0.01896704833736577,0.2086350659947372
6909F4891E21B8BA709736F664D27A02E6447C4E1A7F2305223B662B9A962019,osmo1vyrp5ma6d2kzjww4crl4juefw79kstu4sy500r,genesis1vyrp5ma6d2kzjww4crl4juefw79kstu4xknfay,channel-253,channel-1,0.01896704833736577,0.2086350659947372
CB2E425658259EA82E06EED5D810F243BE2BE3181DA82FD1F755AC3884D151C7,osmo1wf7tcypfjnf43kenjfh6n9ukar2avtlplmswu5,genesis1wf7tcypfjnf43kenjfh6n9ukar2avtlpffhgwn,channel-253,channel-1,0.01896704833736577,0.09483524168682886
BF4B4119584AE51345C84FA9A7162C6C4D72A014F4AB4C3BE3927190B677F9BD,osmo1wl8dx9arf5r5yhqdwv8jwpywld4schnutwvsm9,genesis1wl8dx9arf5r5yhqdwv8jwpywld4schnuautkfz,channel-253,channel-1,0.01896704833736577,0.01896458262107945
4439FA021BCD7B230C39B7ABF3F5093BC28FC1E03D430A8BAB300F46EB21A80D,osmo1wl8dx9arf5r5yhqdwv8jwpywld4schnutwvsm9,genesis1wl8dx9arf5r5yhqdwv8jwpywld4schnuautkfz,channel-253,channel-1,0.01896704833736577,0.18967048337365772
9FBF4B5E2A3FFF81289FB9120E999786A80B9C697A7FE81D65D0F0A635C8F505,osmo1wy7cq7gp834h20x4tcexsfnawjzh0xy3ydrk9v,genesis1wy7cq7gp834h20x4tcexsfnawjzh0xy3jlysht,channel-253,channel-1,0.01896704833736577,0.2086350659947372
0F608BB1008206363646EC336018711EC5E9708C9352994B75A43F8F208DB594,osmo1x7qy5pl5r5843f5s8tsv9p8mc3h25spsd40dzv,genesis1x7qy5pl5r5843f5s8tsv9p8mc3h25spsm8gtst,channel-253,channel-1,0.01896704833736577,0.2086350659947372
C602AF591E630FE8583E6928FD71BAAB56B695B48BD97151A7F4A0B6EAAEA585,osmo1y50jdef8m0s94j4kszxnnkz24mkmuwyxl8q73y,genesis1y50jdef8m0s94j4kszxnnkz24mkmuwyxf48crr,channel-253,channel-1,0.01896704833736577,0.2086350659947372
F1F9C993186FEAB3AB58C7EC142935A08B89FA7380B3BCC7B7B06CBA7848956E,osmo1ymtsrltulp2ne7q3355xmm9xm96qmf3emc3fvl,genesis1ymtsrltulp2ne7q3355xmm9xm96qmf3ed2k07c,channel-253,channel-1,0.01896704833736577,0.2086350659947372
CA9EC996F51E5B8E3399152B831ECA2818CB0411C82E3AB1DE6AAE7087157871,osmo1yv8y7let7pkam2wzntf7xagqry306y3k6umnmw,genesis1yv8y7let7pkam2wzntf7xagqry306y3kvwu4ff,channel-253,channel-1,0.01896704833736577,0.2086350659947372
0FF0C0076556BD4FC389D408E3091AB89DEFEAFAD4F2736F3EF197A595D57A64,osmo1z05gcfyvn68axc04jzlq5cv2ugcj2snf4h6trc,genesis1z05gcfyvn68axc04jzlq5cv2ugcj2snfr9ad3l,channel-253,channel-1,0.01896704833736577,0.2086350659947372
DE10E829F818BB0FEB51C2F67C3E46A9420CEDE6FD38EC389A5E168B3F7BBEDA,osmo1z088k9sz7vwf3fs3xxwttj3ymnvsdwnlsz3nct,genesis1z088k9sz7vwf3fs3xxwttj3ymnvsdwnlxsk42v,channel-253,channel-1,0.01896704833736577,0.18967048337365772
32CB546D920721859B5DF43A0C687DE20F9A8BB9FE5F66805C7C6EE15704DA37,osmo1zjtvs7na8mck7l2cyhdt8cnz2jzusxtdyc0ht5,genesis1zjtvs7na8mck7l2cyhdt8cnz2jzusxtdj2g3en,channel-253,channel-1,0.01896704833736577,0.2086350659947372
46EE5CCD7699B037BCDD8D9EF2D0DA2C39F27D416C694CFD0131ABC07DE6DB1D,osmo1zrequh7kyglhzgj0hf6fd6apfnea6d7sx7wdty,genesis1zrequh7kyglhzgj0hf6fd6apfnea6d7ssvfter,channel-253,channel-1,0.01896704833736577,0.2086350659947372
3B4139F855FBB9DCEF3CABE2DB85345363245DE788DC3C0BD7B51A42A0D4631D,osmo1zvlq08sukzrslsrjjgtkcjx07l6tad78fd03w0,genesis1zvlq08sukzrslsrjjgtkcjx07l6tad78llghug,channel-253,channel-1,0.01896704833736577,0.20692803164437426
8E82FF9E2A1C02C9A003A84C4F6019B89FF7A58C7586C9244DF2546FBC0B82D5,osmo1zxsezt42dugf98au57mtcsyl2wymwd7lucx3g7,genesis1zxsezt42dugf98au57mtcsyl2wymwd7l22ph6e,channel-253,channel-1,0.01896704833736577,0.18967048337365772
6583004263D614C06FB5694262B857AF9396E8769623FFE71C6F0DF51C8FA9D1,osmo1qgvetk44zx8w5ww7vvug5zvp05ds93l8kh8uzd,genesis1qgvetk44zx8w5ww7vvug5zvp05ds93l8q9q6s2,channel-253,channel-1,0.08335338731731769,0.008335338731731768
B0174E4237490B3AA2448B524D07859E84637478A78FE2178D1E134821EEF22F,osmo1r0z9zlsxa8cvks808jce8gqnaf6lw7lk79khpq,genesis1r0z9zlsxa8cvks808jce8gqnaf6lw7lkgh33n8,channel-253,channel-1,0.08335338731731769,0.8335338731731768
46CEAA3162965C856F1D2EB1FBF82A5A065742CAC9FBA9F025DDAA039C4CDDBC,osmo18n33ywygvrrzqspewsh7f5c4dkp00le0mjxfr8,genesis18n33ywygvrrzqspewsh7f5c4dkp00le0dqp03q,channel-253,channel-1,0.04576601329213812,298.0083422544718
5E5E94079C8598930C724C0400D62A47F3ED6D946F970CB408210A2B4CABD7A0,osmo1ux3j2h446q9yf5dvsw4mwa5fnf07ja9v7hnlwd,genesis1ux3j2h446q9yf5dvsw4mwa5fnf07ja9vg95eu2,channel-253,channel-1,0.04576601329213812,2.6364475070546463
39C37A12AD87D35AB469910399C2DE64C0718F9233D5CE2019E033F2B2892093,osmo1k75w2s26rekktazwp5l9ghv2ccp4mvtxw55xag,genesis1k75w2s26rekktazwp5l9ghv2ccp4mvtxcxnq00,channel-253,channel-1,0.005876850983842028,7.6059775223820285
239D5E25DE2458A48E029765CF236A5110C93A64602D414D781935DC7995A9EC,osmo1k75w2s26rekktazwp5l9ghv2ccp4mvtxw55xag,genesis1k75w2s26rekktazwp5l9ghv2ccp4mvtxcxnq00,channel-253,channel-1,0.005876850983842028,0.05876850983842028
DF946EA36C894F46D4B9A774A80D6CD893013BD73D2866856F6A5455DCB80073,osmo1s83pwp4xcu5ent48kzqmzjf7kwzv2wgr923ped,genesis1s83pwp4xcu5ent48kzqmzjf7kwzv2wgrnck8t2,channel-253,channel-1,0.005876850983842028,757.1635074947307
DFA57F34A3618BFF8A7BFC91CD03571BDB2CC96A41137C815EBA794EE3459C02,osmo16aypymlama0lk5s8c9s30s09eacpvwnav7ewjv,genesis16aypymlama0lk5s8c9s30s09eacpvwna6v7gqt,channel-253,channel-1,0.0332706136073628,38.59391178454085
BE2B893574C9BA6B3C9146D7E9CB0E009A77A302FAEDC548EDF9B475EB5C77ED,osmo16aypymlama0lk5s8c9s30s09eacpvwnav7ewjv,genesis16aypymlama0lk5s8c9s30s09eacpvwna6v7gqt,channel-253,channel-1,0.0332706136073628,93.8231303727631
1FEF95A22A38129D4EC8A650B97CF33FC77D49F875E24778079AF27D8A94FE15,osmo18hq49d3v4lq8mm7dnyk5dj90njt8jtu36463qv,genesis18hq49d3v4lq8mm7dnyk5dj90njt8jtu3v8ahjt,channel-253,channel-1,0.07103053594869344,514.1373027283207
FC5E036083E8B75DB6116574090A4EBE3CC859882EEF1DB2FCEAC953A01D29DB,osmo1q8zrfyv7muv7aflr5xzn069zfumy4xs8qjtw6e,genesis1lpaf0c9yhv65mq6g27c5993ypvt8e0nsz8y8ua,channel-253,channel-1,0.07103053594869344,0.3553190276393738
F2CF594E6421F8E8314381389AF01E2176B254D1A57D20119DFC484D1335AE18,osmo1u57ekxxqsjrqe4k9yucv786tvc6yjj265a4cqm,genesis1u57ekxxqsjrqe4k9yucv786tvc6yjj26z0j7ju,channel-253,channel-1,0.07103053594869344,177.57633987173358
32C6F462F87DBF33CA20E9415ED36A48031A2039B837F90E2F85BBDD07829512,osmo1d7c3cgdkfxx3xg67re2vccmr6vkxcugjh5ldrg,genesis1d7c3cgdkfxx3xg67re2vccmr6vkxcugjpxct30,channel-253,channel-1,0.07073958875837395,13.7916625459556
ACEA15FE3921E7A948AEFD021294FA99610C9EC345AB866667F3C80D91123D6D,osmo1echtjakrrmy7zrjzk727vu5mgevswmr5642evy,genesis1echtjakrrmy7zrjzk727vu5mgevswmr5v8dl7r,channel-253,channel-1,0.07073958875837395,0.7073958875837395
382DF4DC1E984C3E4B1FE9337A5C68D6951E0DD532480A0996228AF79426946D,osmo1a0z0hf07cetl8r4u06afuvg6dy5qv6p0gev9nv,genesis1a0z0hf07cetl8r4u06afuvg6dy5qv6p07ttrpt,channel-253,channel-1,0.07073958875837395,1.9682732033331831
ADD0729DDCA59FF9C8F3D656BF26F3131D83AF91E84ED297527911F6D54026AA,osmo16hp7wzudkeyw6fvgvalm0fh3elp9czhf9l3k7l,genesis16hp7wzudkeyw6fvgvalm0fh3elp9czhfndksvc,channel-253,channel-1,0.012583020899028572,0.025166041798057145
930206EFCBA30160A0816CE98510D4644D566E997A5CEA20C9DE0B8DDDA8C420,osmo182lpnqqq0umc07hut7xp7j23k32ss3pa9pltx0,genesis182lpnqqq0umc07hut7xp7j23k32ss3panncd5g,channel-253,channel-1,0.012583020899028572,784.337441699148
A49916CF199D50E670CD6C96BE4575381A06AF0F6044AE18AA7941952690AE9A,osmo122hjrmj8k2f0lc0m8nepdysgx9f2gan2jn8s3u,genesis122hjrmj8k2f0lc0m8nepdysgx9f2gan2ypqkrm,channel-253,channel-1,0.07259258889849426,0.36296294449247135
49743104D18348D321BC2FD1E825796B1445ACE66A9C38DD29B141E88A5A44DA,osmo18ur3erlv4w03x8k2lfzzuys85uq696heapc0dd,genesis18ur3erlv4w03x8k2lfzzuys85uq696hetnlfl2,channel-253,channel-1,0.07259258889849426,0.3629629444920358
3D8D4373F33FFB4840A7E1D02E91ED1571E1D82EB85838EFCCCD43A50A4C509A,osmo1ceeqym2q878ek9337a5m7dp724cap00nhekvx0,genesis1ceeqym2q878ek9337a5m7dp724cap00npt325g,channel-253,channel-1,0.07259258889849426,0.3329281902218877
8DBDA4696953D3DB30A373A359AAF2237507ED461B60F4D5A0454BEF73AF85AF,osmo1ecwa05qzt2f5lczcf0dxc8gnd3n6vxare5n6zj,genesis1ecwa05qzt2f5lczcf0dxc8gnd3n6vxar0x5us4,channel-253,channel-1,0.07259258889849426,26.472948066448787
2D480EE605084F3C200D09217975C55305DCA696789D7FFF8C228913C2E9EB36,osmo1h5shnh6dnjtalh84cxl04taa2klvkz5fg6fjr7,genesis1h5shnh6dnjtalh84cxl04taa2klvkz5f7gw53e,channel-253,channel-1,0.07259258889849426,2.948258957828911
2538635229722E21A19FBFC83D7EE65CAD3511E85643EE24BD8D435C725614C5,osmo1jnpevf3zg3wc3vyqssxu96lz899g00skk60rtg,genesis1jnpevf3zg3wc3vyqssxu96lz899g00skqgg9e0,channel-253,channel-1,0.07259258889849426,130.0438287480243
63E2708399E836F1C92F75BBA345936D0D64DEB690339B39FB839E08F2617196,osmo1mj7lkjsw65d6acaj739gpd0yp3x9htng5hfp6w,genesis1mj7lkjsw65d6acaj739gpd0yp3x9htngz9w8gf,channel-253,channel-1,0.07259258889849426,0.7984996038103139
6FC8AB3045161568D82A1A28ACCF4B77A6218DA1A3F8447336488AE9172204AD,osmo1p59gee55s8gu5j05ejxvr56elv2pewtvl35lzt,genesis1p59gee55s8gu5j05ejxvr56elv2pewtvfrnesv,channel-253,channel-1,0.07259258889849426,21.965121735369742
BA3D4FED5205CD44997099CD5519E6950C1CF97B00033EE99FCE6C5884FFA7A4,osmo1sr0lw3rnl4u3zz7hxrek0pp26hjhapectw75jq,genesis1sr0lw3rnl4u3zz7hxrek0pp26hjhapecauejq8,channel-253,channel-1,0.07259258889849426,5.622071054092525
FE2128E15943A36E914635CBA95621D685C9BECA72E2E8D41DA350EE319CEE7C,osmo1uxthxgqhmxaqlh5u6990j48x5y0u2udf95krd5,genesis1uxthxgqhmxaqlh5u6990j48x5y0u2udfnx39ln,channel-253,channel-1,0.07259258889849426,1.2596219264108526
38F219FA891C9C27E4E4F57DF136B12670E8B98D57575F42294245057E66C17B,osmo1xynszxq7pfc7c09n6s0c7hmefn875gu24txwpd,genesis1xynszxq7pfc7c09n6s0c7hmefn875gu2repgn2,channel-253,channel-1,0.07259258889849426,0.7259258889849427
BF0DE2474C130E054EAEAAA97BF1E940429D8ADB0973EA07347DC586506A3274,osmo172cnthwf79m6ey8w8l50407hrjn6pvlkpdus8x,genesis172cnthwf79m6ey8w8l50407hrjn6pvlkhlmk4p,channel-253,channel-1,0.06256815983122126,0.3128407991561063
68704EB16C54EAE385C4B571AD9AC5DCEEADF98185445CC7D43F4D101AA7DEB2,osmo1p5fft5dv2fmn2pljkzfg5c3lg9x3qxhxn8lhsg,genesis1p5fft5dv2fmn2pljkzfg5c3lg9x3qxhx94c3z0,channel-253,channel-1,0.06256815983122126,6.599207718555542
3A05FFBA89D00539682DE13AF4A3706A513AE11E9185E24A0378594F7B8B0DEE,osmo1psaav9mslme6kcsspqjemjfn7m0acwyz983jvc,genesis1psaav9mslme6kcsspqjemjfn7m0acwyzn4k57l,channel-253,channel-1,0.06256815983122126,1.084341166754445
34E612DAA80DA7E2476790F98482C0BF38AC35B95B4B3E8D08738A2D49920F24,osmo1v2z9rwxt5y98pnrs6ryhqp08ay5azzvmw92wnm,genesis1v2z9rwxt5y98pnrs6ryhqp08ay5azzvmchdgpu,channel-253,channel-1,0.06256815983122126,725.1649724438544
4BC16C3C0C9E0B059E414DAC1F256A05D75A9BF48F92D38FFA7444D9999F7936,osmo1ey5aeyezjug2xzuswl9ahkhn0mycnrvzrx8trm,genesis1ey5aeyezjug2xzuswl9ahkhn0mycnrvz45qd3u,channel-253,channel-1,0.06271473790225443,3.390757082502012
F06DE61AED87B107FFA40CD9E63D7AF1D8B54781D30FE67EF883CC7375180AF9,osmo1psaav9mslme6kcsspqjemjfn7m0acwyz983jvc,genesis1psaav9mslme6kcsspqjemjfn7m0acwyzn4k57l,channel-253,channel-1,0.06271473790225443,4.7889907528295
937E8117BF12F05CB49861C3348424BB56DDAE39D8D09C475BBBF22203FD225A,osmo1qymla9gh8z2cmrylt008hkre0gry6h92camd56,genesis1qymla9gh8z2cmrylt008hkre0gry6h92w0utxa,channel-253,channel-1,0.06271473790225443,0.6898539640088633
A18CB6437A65ABC709B30E62DDBF2DC77CCE64649964C4CD50C39BD8F0192FD0,osmo1v2z9rwxt5y98pnrs6ryhqp08ay5azzvmw92wnm,genesis1v2z9rwxt5y98pnrs6ryhqp08ay5azzvmchdgpu,channel-253,channel-1,0.06271473790225443,816.7967464389617
76C0722525F38DFF9BE9FE875949046D04E88D54EC6FC77B42343B14CF7C8397,osmo15lz2e53cz6z9vh0lcfht39uaz5hw0mr52p7sm3,genesis15lz2e53cz6z9vh0lcfht39uaz5hw0mr5unekfk,channel-253,channel-1,0.0760317956597019,0.8363398681232754
98A4BCA46EAC7B69A3868DC244FAF1FF2C2CB3734FD57DDFF6BE39DB7AFE0A24,osmo1ax9aqu323m4sxaakwhu9a88tctdunzxkekxk9p,genesis1ax9aqu323m4sxaakwhu9a88tctdunzxk0ypshx,channel-253,channel-1,0.0760317956597019,20.316355124381747
A6E420EA026ACEE3433BCFC0EB2AD6DFECB9EB176203BEBD73587ECA54C122A9,osmo1d2hzn2tc0tq58c7nlrjd9rujt3n8f0luql9had,genesis1d2hzn2tc0tq58c7nlrjd9rujt3n8f0lukdz302,channel-253,channel-1,0.0760317956597019,139.3093404137577
2065C9CF87CD72AB774AFEB896029EE16AB26B4E205CDEB6C503D7634D5ECAC0,osmo1px2q40q3twagt23d4jc7nwdu2kdw59dhce078d,genesis1px2q40q3twagt23d4jc7nwdu2kdw59dhwtgc42,channel-253,channel-1,0.0760317956597019,0.029431846979461242
BD585363AB105161E746EB754663C969B4DC8C7018CA35F0ABA529E767418AEA,osmo16aypymlama0lk5s8c9s30s09eacpvwnav7ewjv,genesis16aypymlama0lk5s8c9s30s09eacpvwna6v7gqt,channel-253,channel-1,0.04176314426235051,8.352628852470103
6E1954F731DCEFAACA2B8C796E6629BD8B8881B042C1EDDE41F01E3877D963D1,osmo1k75w2s26rekktazwp5l9ghv2ccp4mvtxw55xag,genesis1k75w2s26rekktazwp5l9ghv2ccp4mvtxcxnq00,channel-253,channel-1,0.006556608752121405,0.03278304376060703
2F21C6D83759A90922573E4FD8C8813BE867E11D5A6FC473CA322C7EF7EDFE4B,osmo18gzezjz0ug5kskpdh3p7hhp9tgm8y36jrpf9cg,genesis18gzezjz0ug5kskpdh3p7hhp9tgm8y36j4nwr20,channel-253,channel-1,0.07614531982880064,10.584216762583306
B168EB38053892107067F334734F0B0C94E4DBA251501E77BD0F6E632300FCC0,osmo1gjh6atlq7xypygs7ga32r75kjpey09m9nvj2jh,genesis1gjh6atlq7xypygs7ga32r75kjpey09m9974vqs,channel-253,channel-1,0.07614531982880064,0.06091625586304052
2D9D61AA365D0189D78371BB67E375888D9489FA1B08836E477117C5A2DC44AB,osmo14l883sh4nsyx30m6ek6xwz6hfts5qy8y34g9u3,genesis14l883sh4nsyx30m6ek6xwz6hfts5qy8y880rwk,channel-253,channel-1,0.03868770924568192,0.4255648017025011
B108C518D63AF76E6F6EB1B30C783FAD16EC09831FFD714E0EA4CCCBF2E270F0,osmo1v2lt6dxjcr90w638wcv4md8lgal4tmt8ngwv6m,genesis1v2lt6dxjcr90w638wcv4md8lgal4tmt896f2gu,channel-253,channel-1,0.03868770924568192,0.42555977230029424
D2A4F1FE5CAAD4B162AD906E1351D28AA7729D3C79B587F081AC71463F5805E7,osmo1wlxnqqzttv2g7sneqlvwurvrfnzzxrjxzc9xpk,genesis1wlxnqqzttv2g7sneqlvwurvrfnzzxrjx52zqn3,channel-253,channel-1,0.03868770924568192,0.42555977230029424
88CE94F0C5BA5C8246CA4EC999E44906FA105F87A67D0E893B2E2684A7AEB2D2,osmo1ym9guccydzgqhqrutyphe6g72f0as0nj6w8yaz,genesis1ym9guccydzgqhqrutyphe6g72f0as0njvuqz09,channel-253,channel-1,0.03868770924568192,78.69698069626187
09BBC935B1407101D45E71DA196B11FB8125F654FEF31B03F5FC20D24D5666B1,osmo10yu8w9p4p0szf2xwhtndmfjnp0gfk4j7j3azdm,genesis10yu8w9p4p0szf2xwhtndmfjnp0gfk4j7yr6ylu,channel-253,channel-1,0.03868770924568192,1253.0949024676374
3F89CBD8E06C0E42D16BF4EB98BD0DBC3795A94ED12526F47DFC2EBB83F67C3A,osmo1c4xg6vunxw42hne6acfuhvclmh8gqu0he3czvr,genesis1v2lt6dxjcr90w638wcv4md8lgal4tmt896f2gu,channel-253,channel-1,0.03868770924568192,0.42555977230029424
B8ECE1C25F1AC4D127DE2C2108C3D029FC0830710C8BC5E9DB57BD8360F04B83,osmo1rz5kp9hf88xch8prw8l8wcdegvuwr4h2shdtpu,genesis1rz5kp9hf88xch8prw8l8wcdegvuwr4h2x92dnm,channel-253,channel-1,0.03868770924568192,0.42555977230029424
BC87D5926E333CB8DB22B3466DCCFDE64B17B0AE8186CBC794653CCD9054293D,osmo182lpnqqq0umc07hut7xp7j23k32ss3pa9pltx0,genesis182lpnqqq0umc07hut7xp7j23k32ss3panncd5g,channel-253,channel-1,0.0748517541244494,1.3370237027851244
3A2A2564BB5757DCA708A29D0F636BFC4DD6565D4B3BE9B4E8F131FB2AE6D307,osmo19e8qthuzl5tv98p5zzv8qjnmfgrz59xh6znh4j,genesis19e8qthuzl5tv98p5zzv8qjnmfgrz59xhvs5384,channel-253,channel-1,0.0748517541244494,50.14931501054341
E7FA7842EFFA6370300F6229409A5E4D03FD225045B77C9A4A3F4B4CF70BD6CD,osmo1c2w7sxnp423935c47zwv32rgmk2zmgt8maswnx,genesis1c2w7sxnp423935c47zwv32rgmk2zmgt8d0hgpp,channel-253,channel-1,0.0748517541244494,0.0007485175412444941
68BCBE7FD914BB49B37299F2A595AF3EFE98DE45493247E0A5FD5E73136AEFEE,osmo1c2w7sxnp423935c47zwv32rgmk2zmgt8maswnx,genesis1c2w7sxnp423935c47zwv32rgmk2zmgt8d0hgpp,channel-253,channel-1,0.0748517541244494,0.0007485175412444941
A357273023AC663DBDEB8D02AE941FB0C7901D65BA4A8CE826B8B52F8ADE9A45,osmo1c2w7sxnp423935c47zwv32rgmk2zmgt8maswnx,genesis1c2w7sxnp423935c47zwv32rgmk2zmgt8d0hgpp,channel-253,channel-1,0.0748517541244494,0.0007485175412444941
F8649A25BF191754CC8927987E80CFC6B2A02530A11D71C08BF525223CCD1C21,osmo1c2w7sxnp423935c47zwv32rgmk2zmgt8maswnx,genesis1c2w7sxnp423935c47zwv32rgmk2zmgt8d0hgpp,channel-253,channel-1,0.0748517541244494,0.0007485175412444941
1F082563CCBAC6233EBEA9895312A50D3C3C3055564B00E8A0D7DBA214EBF932,osmo1c2w7sxnp423935c47zwv32rgmk2zmgt8maswnx,genesis1c2w7sxnp423935c47zwv32rgmk2zmgt8d0hgpp,channel-253,channel-1,0.0748517541244494,0.0007485175412444941
ABFDAD76BB9F0CB93B4C65037980C43A3DFF413E17527269ACA588E52284B26E,osmo1c2w7sxnp423935c47zwv32rgmk2zmgt8maswnx,genesis1c2w7sxnp423935c47zwv32rgmk2zmgt8d0hgpp,channel-253,channel-1,0.0748517541244494,0.0007485175412444941
9F33E1EDDAD262B11D431F874AABE70566354FB7AB98EC6D3A717E4F5332BC4D,osmo1x9wc7jac72h89j3k2tusa5zcejdrt422a9yng2,genesis1x9wc7jac72h89j3k2tusa5zcejdrt422thr46d,channel-253,channel-1,0.0748517541244494,0.8233595646408977
BD86892BF39C0A75DC1BBAD54DDCA82A7040C8E5E0B93077527341DBAF8CDA1E,osmo1c9mkft0d3sdjm3us883270veuww7qe3y587n8r,genesis1c9mkft0d3sdjm3us883270veuww7qe3yz4e44y,channel-253,channel-1,0.006008309239715971,0.025360587769371452
07B4C88FBEB61E77196E4A2EB09559AF73A6C72301E7391C435777DAD1489A31,osmo1c9mkft0d3sdjm3us883270veuww7qe3y587n8r,genesis1c9mkft0d3sdjm3us883270veuww7qe3yz4e44y,channel-253,channel-1,0.006008309239715971,0.025065818315578216
2A0FA6B5BBAC880C43C47A12AA16B6949A953308EC849D81A0723A763495F6AF,osmo1ux3j2h446q9yf5dvsw4mwa5fnf07ja9v7hnlwd,genesis1ux3j2h446q9yf5dvsw4mwa5fnf07ja9vg95eu2,channel-253,channel-1,0.029549516161168618,7.252228856921273
9D67D0FAD1CE1635A133919DB7FBABCB43E4DB306CEAB48876A5F80033B205C7,osmo1ux3j2h446q9yf5dvsw4mwa5fnf07ja9v7hnlwd,genesis1ux3j2h446q9yf5dvsw4mwa5fnf07ja9vg95eu2,channel-253,channel-1,0.029549516161168618,4.448553337812688
49C08EB5751674108A0D24CB2718C1AB1B29E2BFE603D791BB3822D1B9D22DBB,osmo1ux3j2h446q9yf5dvsw4mwa5fnf07ja9v7hnlwd,genesis1ux3j2h446q9yf5dvsw4mwa5fnf07ja9vg95eu2,channel-253,channel-1,0.029549516161168618,1.5961702276760426
4A12B25B02CCC46808C8A54A2D2CBF699DCE597C9819C9DB7AE84B89100B3ED0,osmo16aypymlama0lk5s8c9s30s09eacpvwnav7ewjv,genesis16aypymlama0lk5s8c9s30s09eacpvwna6v7gqt,channel-253,channel-1,0.012435024536480701,472.5309323862667
4E5BD78A39288056E36D2AF01AEC577EFB52D59AB3BEBFED4F971A6970B3C17C,osmo1ag940t2gd4sn0wey7xgfjl83x2t5v62m6629pc,genesis1ag940t2gd4sn0wey7xgfjl83x2t5v62mvgdrnl,channel-253,channel-1,0.012435024536480701,12.435024536480702
665D422D8080BF504BD3029F344638C10079D0E14ED89F53E2FB39640B2DC16E,osmo1ag940t2gd4sn0wey7xgfjl83x2t5v62m6629pc,genesis1ag940t2gd4sn0wey7xgfjl83x2t5v62mvgdrnl,channel-253,channel-1,0.012435024536480701,385.4857606309018
84C127F381E17CBFE8FB20CDBB641887850AB26EC42E82E8132DF21BF9B8846B,osmo137dyr4h5ldmhktxjtx8gqy6ajx96aw4auravmd,genesis137dyr4h5ldmhktxjtx8gqy6ajx96aw4a2362f2,channel-253,channel-1,0.06952415697686982,0.764826212762129
11ADC36891C16EFE24AA5DFAA4B23029E3E508DA11FD6592948A2E4B34783CF9,osmo159d4pl8wvwynpuhe7rl85z77pptq5xjrm33rwx,genesis159d4pl8wvwynpuhe7rl85z77pptq5xjrdrk9up,channel-253,channel-1,0.06952415697686982,0.7647566886051521
D91F06C87B7AD2091168312D4E55355F5D787849F1887E328931AA8728601D87,osmo18n33ywygvrrzqspewsh7f5c4dkp00le0mjxfr8,genesis18n33ywygvrrzqspewsh7f5c4dkp00le0dqp03q,channel-253,channel-1,0.06952415697686982,0.5838400292715095
ED6F44BB0DDEB5541DAB7319716AA670675878FAC28B6B9882214B27AFB1828F,osmo19ayrkzcfpgw8ht7cugmcmm4ca96zwp5azsgqql,genesis19ayrkzcfpgw8ht7cugmcmm4ca96zwp5a5z0xjc,channel-253,channel-1,0.06952415697686982,0.34575310155562183
7F0166331A804EC395C6A595CCBD19DBAFD792932BFF7B2AFF3DB23D80C4D681,osmo19wl9tdwaq9anpcnl29ty2rjdgj596ldxf84wm2,genesis19wl9tdwaq9anpcnl29ty2rjdgj596ldxl4jgfd,channel-253,channel-1,0.06952415697686982,0.7647566886051521
D2C5BF8A513FFA0B15F7AE79835C792C511DBDEAB4E12FF2501CF161FAD4443D,osmo1cx3rxyyql8ef8a69zrm2p6jecq00d8at88uaqg,genesis1cx3rxyyql8ef8a69zrm2p6jecq00d8at34mmj0,channel-253,channel-1,0.06952415697686982,0.6807930041047486
617C3CCAD3FBFD252A5C6F242803D4AB8FADC1A783A1055FCA1AA35176B0775B,osmo1dhz8dcfcfczdvlsjz728kt3tuwcuwkv8hnve6r,genesis1dhz8dcfcfczdvlsjz728kt3tuwcuwkv8pptlgy,channel-253,channel-1,0.06952415697686982,0.7578133110478811
402B854299F02A5547253BE35753064F501D57039C0FA468BB81B7EDBD74C2EA,osmo1k3zws465xylls24vlws20dnzqlrraepwnn2znx,genesis1k3zws465xylls24vlws20dnzqlrraepw9pdypp,channel-253,channel-1,0.06952415697686982,1.0094855012966528
E146791CC74A66EE3218417F132F73898AE1ACF1CED2C40E8173B6CCED9A103A,osmo1me3hg2l74zn5ag9y879u7re4cp4dxea9h5d45s,genesis1me3hg2l74zn5ag9y879u7re4cp4dxea9px2nxh,channel-253,channel-1,0.06952415697686982,0.07440709938793211
F92993D0847F6AD1140380807C37A065F2840A012165718D4EBF93F124D8323E,osmo1raunkhs2a8j5qec0z5rrlu38rlx4gwyhypnjhz,genesis1raunkhs2a8j5qec0z5rrlu38rlx4gwyhjn5599,channel-253,channel-1,0.06952415697686982,0.13950684799577331
1059ED44D4DF0130DB823BAB629E00E2533C280A9563AF62ECBC04D548A93E8A,osmo16aypymlama0lk5s8c9s30s09eacpvwnav7ewjv,genesis16aypymlama0lk5s8c9s30s09eacpvwna6v7gqt,channel-253,channel-1,0.006630836853221433,0.13261673706442867
E84E3F537244EE5D3A792E53539B59E5EB9529F47B61FA88CCC7311908AA418A,osmo16aypymlama0lk5s8c9s30s09eacpvwnav7ewjv,genesis1lll493y8vqpw48twllh72v8g2re5nqpvmk46dt,channel-253,channel-1,0.006501217287730433,0.7801460745276521
765B8F54015F2E5BB8718B03EF4D9E5CEB6BC422B20CBE4A99501F9871FF071E,osmo1ag940t2gd4sn0wey7xgfjl83x2t5v62m6629pc,genesis1ag940t2gd4sn0wey7xgfjl83x2t5v62mvgdrnl,channel-253,channel-1,0.06875238431253196,0.3437619215626598
EE3283E59B7502CDD78C18169C2E4BE5723008CFC7E2D32087D771CD387A1A88,osmo1tk057sckr9yf94a0ndn66ye8d9zgn860hz7hpl,genesis1f5r7dg3aad4et0vmjrktvumgkl5d8dm7pxdzfr,channel-253,channel-1,0.06875238431253196,0.7883997352188651
1F188D003E8570CBF93216B3E4D9F8BC2898DF56148FB77F947642E5D2C6B54E,osmo1jsr6hcc58ej27f2vyafwcmfsk96ylfee8fk5u3,genesis1jsr6hcc58ej27f2vyafwcmfsk96ylfee3m3jwk,channel-253,channel-1,0.06875238431253196,0.7562672896278821
272DF6D5A72E52C79E8FE089B58C03319AE759059F11FBB1563CA0405077AEBE,osmo1nll4m4rfz6f627f98pp8jwdn6g9a09ynjc87f2,genesis1nll4m4rfz6f627f98pp8jwdn6g9a09yny2qcmd,channel-253,channel-1,0.06875238431253196,0.7562672896278821
B642659189E700DC6E400B8E386D495D4C91E6C61DCE19F53CE5229F5E123C12,osmo1rsntu55zwhlhcfghh2wtzsxkr67qszupwkhvct,genesis1rsntu55zwhlhcfghh2wtzsxkr67qszupcys22v,channel-253,channel-1,0.04176314426235051,1.6774828146298515
3109B9E35CBE5A64E2DAA4A28A27F4497C94039B9A682BA65123E88FDD3A1ED1,osmo1seyua7q4tswljgraf87z3y5670uye02q752ekd,genesis1seyua7q4tswljgraf87z3y5670uye02qgxdly2,channel-253,channel-1,0.06952415697686982,0.6952415697686982
976B88FC12B487A9A8029B9DBF9795988AF518BB2D59E200480E5327472E04B4,osmo13uup3md785lsd74aws4hx2et052mferw8n6yat,genesis13uup3md785lsd74aws4hx2et052mferw3paz0v,channel-253,channel-1,0.06952415697686982,14.204537204210919
06C819F134063D176F0B17824E6477C1F620A5C327638E148FCF151346D12BBC,osmo1jnpevf3zg3wc3vyqssxu96lz899g00skk60rtg,genesis1jnpevf3zg3wc3vyqssxu96lz899g00skqgg9e0,channel-253,channel-1,0.06952415697686982,4.022596378690825
CB42F349587B9141CCE79AEDCF28029CD70A1E0B9502833644DFB17AA6C3C32B,osmo18n33ywygvrrzqspewsh7f5c4dkp00le0mjxfr8,genesis18n33ywygvrrzqspewsh7f5c4dkp00le0dqp03q,channel-253,channel-1,0.06952415697686982,0.35104637617127177
1F3D6CDAADA8CB845F9AC7DF90E7D1ECF1E76CF28EE3BD62B903EB35ADCB67F7,osmo1rgf4dznny6fx60yjwmq27xxs42vl34yl54cce0,genesis1rgf4dznny6fx60yjwmq27xxs42vl34ylz8l7tg,channel-253,channel-1,0.06952415697686982,5.999658313155431
BDF624E544AB72D33F477E7B51C53C48C24C8ADDDFF2896BA2FA7B975381A27F,osmo1d6q046wa3aah0fd87q63w3pdhp2sgg40yn9z5j,genesis1d6q046wa3aah0fd87q63w3pdhp2sgg40jpzyx4,channel-253,channel-1,0.06952415697686982,0.06952415697686982
C580A7B827F1231E69E8C5B79034279CDF4C29A71C854553E1C542F42EB02C66,osmo1q8zrfyv7muv7aflr5xzn069zfumy4xs8qjtw6e,genesis1q8zrfyv7muv7aflr5xzn069zfumy4xs8kqvgg7,channel-253,channel-1,0.06952415697686982,0.7961369802992195
B47F71596CE411362E7395373F4C4405E7EAB1581D79658F117FA1D0213A5B7E,osmo1h8uj22du0ka3ylq6rnx00cupey9y6e4jdxrpvp,genesis1h8uj22du0ka3ylq6rnx00cupey9y6e4jm5y87x,channel-253,channel-1,0.06952415697686982,1.0085184178605178
713764729F24CBCF05BF0EF7DC5A34CA21BE13044A0ACFDBCA0B2DDBA531510B,osmo1k75w2s26rekktazwp5l9ghv2ccp4mvtxw55xag,genesis1k75w2s26rekktazwp5l9ghv2ccp4mvtxcxnq00,channel-253,channel-1,0.007147237633461168,12.311363320856094
C5D094A03EA1E3927F43A3D810ADA922685B38F65ADE72C72A109A8FFABB7795,osmo1ey5aeyezjug2xzuswl9ahkhn0mycnrvzrx8trm,genesis1ey5aeyezjug2xzuswl9ahkhn0mycnrvz45qd3u,channel-253,channel-1,0.07696779222681671,74.70067787641952
C1BCC08BBB06B7C9BDC974980A8FC4382919C73C54AA117E905C4D7A732E3B98,osmo13l99wap9jchfvlghtd70seqn9pnw9aleptsps2,genesis13l99wap9jchfvlghtd70seqn9pnw9aleheh8zd,channel-253,channel-1,0.06734599232131357,0.38016589939292955
D83B965858B1482A2DF57DB9D1059CAA1739361B97D40FAFED48C6EB6EA09458,osmo14l883sh4nsyx30m6ek6xwz6hfts5qy8y34g9u3,genesis14l883sh4nsyx30m6ek6xwz6hfts5qy8y880rwk,channel-253,channel-1,0.06734599232131357,0.49857261547252124
0361DEB7FA80934DBEC8FF095B5750CF626207E56C3B067EBC0CDF61A3969971,osmo1555x98w9hn8tm2g9nj05t24j7gg9vhn0s3vgkf,genesis1555x98w9hn8tm2g9nj05t24j7gg9vhn0xrtwyw,channel-253,channel-1,0.06734599232131357,0.7407971605554389
C9B6C1FC9E114889BC7748783DDDB84A61D5BE1D3DE3F399C1DF1233A991BA78,osmo1j89p2jyvh607p96saeh28sl9uyqtdky73a9cfx,genesis1j89p2jyvh607p96saeh28sl9uyqtdky780z7mp,channel-253,channel-1,0.06734599232131357,0.7273367170701865
BA015DD13B455DEBDC17AD67C64D5E12ED45CE05D21031C1558EE84D675544DC,osmo1u0yklqs5hfy6y6dan8sf4ct4qwt3spwpkjktyq,genesis1u0yklqs5hfy6y6dan8sf4ct4qwt3spwpqq3dk8,channel-253,channel-1,0.06734599232131357,1.1934635541690999
F04B139AE3FC12ABD6EFF98A36AD3A0C1094E043D014E52932A0FB88CD42D4C8,osmo137p2qrs3qw00c28679pwu4a76md48q8zsesw3x,genesis137p2qrs3qw00c28679pwu4a76md48q8zxthgrp,channel-253,channel-1,0.07932579415694925,0.8725837357264418
9FF8FE7A24036996E8EE2205D6D7B450237554D721AA700F598507E6D00D9DE2,osmo19mc5kzqfqfn8h2fay90lpaadfchtmexvc5ga0t,genesis19mc5kzqfqfn8h2fay90lpaadfchtmexvwx0mav,channel-253,channel-1,0.07932579415694925,0.8725734233731912
34055E58AD3FE24867C5B169852B131228DE13DACB30C5A08D0246679564240A,osmo1qnlxnneluedfg3lusv8r36t5c0s4r2p0dlsn28,genesis1qnlxnneluedfg3lusv8r36t5c0s4r2p0mdh4cq,channel-253,channel-1,0.07932579415694925,0.1586515883138985
496BFE9DA58AF9CB06CE643C2DADEB11FF3F8F95560F6C7DDD9826B37EDF1F12,osmo1m9wr2ey7lh3l7h4grvfty96zfdtjvwz3yen28w,genesis1m9wr2ey7lh3l7h4grvfty96zfdtjvwz3jt5v4f,channel-253,channel-1,0.07126293583620745,0.7969806323708967
C8220A70DA52FD19E1EEC9C03184FB57D00B0064C4F2C2091E77CF455C31F063,osmo1rd40c3t4r3kqmyhwlj778aeteyqygj3uppkvuh,genesis1rd40c3t4r3kqmyhwlj778aeteyqygj3uhn32ws,channel-253,channel-1,0.07126293583620745,1.2585421560840835
7A4928928FC77B7D4846966A4F08B6E0DB9B7101412BE38D067374114B5D8EEE,osmo1aku4n0djvw3ms7x4y8qc574yr0fgct06e9v0jy,genesis1cru83slnu2scwn32dkkgp4pfu4famvx4x7nssv,channel-253,channel-1,0.07126293583620745,3.271759058404631
AB068E8E6D720E5B67351A3885657549005E7698A09873577A648E1F708AADDE,osmo18n33ywygvrrzqspewsh7f5c4dkp00le0mjxfr8,genesis18n33ywygvrrzqspewsh7f5c4dkp00le0dqp03q,channel-253,channel-1,0.07126293583620745,0.5030017771274085
6CC81B202B25AAF7F3D938DEA392566ED217FF8D4DCD6A0063C68D502501F4DA,osmo163ndtplrrpkh2faf2c0y6t9v86llx86q6spzwl,genesis163ndtplrrpkh2faf2c0y6t9v86llx86qvzxyuc,channel-253,channel-1,0.07126293583620745,0.00022902028931503149
D8DC39CAAB9EA6ECBA0545EAFCA195AB356ADAE231B68FC9F5248C46441C0077,osmo1a7zgasrrnjaqnqgj74ma6mrqx96lfhtfrp6cfw,genesis1a7zgasrrnjaqnqgj74ma6mrqx96lfhtf4na7mf,channel-253,channel-1,0.07126293583620745,4.718366970322684
6DB2B27DACB5B1A00616447476021CB551DF369343C3DA8EE7160EDFB92F7C96,osmo1uhqvz7ggpmwsctyz73va8h9ktl70c7znnqldgr,genesis1uhqvz7ggpmwsctyz73va8h9ktl70c7zn9jct6y,channel-253,channel-1,0.07126293583620745,0.7696304428493725
8EBA6DF069F3D550BD2CD75BD2B666358BDA803431F9F1CDDC72431B129FBAE9,osmo1me3hg2l74zn5ag9y879u7re4cp4dxea9h5d45s,genesis1me3hg2l74zn5ag9y879u7re4cp4dxea9px2nxh,channel-253,channel-1,0.07126293583620745,0.11778713956642275
1C4F362D0461B2EB92217D413553590F2DC4309D42889A7212276910AF3DF846,osmo12jfvctjm2jjj0xflzjyrj0gc5umqjq8jdljx64,genesis12jfvctjm2jjj0xflzjyrj0gc5umqjq8jmd4qgj,channel-253,channel-1,0.07126293583620745,1901.793968660868
0C806399F4DAABEA6EBFAD0C8E0A08317BBE0A1DA1198E7898763224D88F1D58,osmo155gzpx9kacvulen0zkf8q780v3vpvpk494kp5f,genesis155gzpx9kacvulen0zkf8q780v3vpvpk4n838xw,channel-253,channel-1,0.0723702295657129,0.7237022956571291
5944A5FBD899214AE46794FFA68E64D26DCC7B43E0B99C2ED25B6AA44AF9C6EC,osmo16jexsf558vvdwwl2cfj0mzr4x63xjpac5cs9rv,genesis16jexsf558vvdwwl2cfj0mzr4x63xjpacz2hr3t,channel-253,channel-1,0.0723702295657129,6.658061120045587
F976544DD02870400CB6F984AA96091AD0AC4BAFE4AA1962021A2424A03CBBDD,osmo1ux3j2h446q9yf5dvsw4mwa5fnf07ja9v7hnlwd,genesis1ux3j2h446q9yf5dvsw4mwa5fnf07ja9vg95eu2,channel-253,channel-1,0.0723702295657129,2.8655553422182303
FDB91BE64707A7DF86CED26A1EAD98DA74BBD0FC6A1D4E2D352B7E9B1EE2555D,osmo12ceqaxw6petugp78r2vl4qy5j2h3j0qnvw6dlw,genesis12ceqaxw6petugp78r2vl4qy5j2h3j0qn6uatdf,channel-253,channel-1,0.0723702295657129,0.7961354873225548
0AAA85377603335595AA1DCB91A38F514ED9BB75D4B354DA9350AA323473AD81,osmo1aedaw6l8emqaclg352xhuh6mt935tzcg26wgrh,genesis1aedaw6l8emqaclg352xhuh6mt935tzcgugfw3s,channel-253,channel-1,0.011662493599547385,0.2401886529767744
DE60267522EB89205C12C8C64FEB2F6849C4CCE8B6B97BE359CB967622AD6136,osmo1vll33ljh6m3nzxjzh9kuf2jf76cr569kp30mmr,genesis1vll33ljh6m3nzxjzh9kuf2jf76cr569khrgafy,channel-253,channel-1,0.06990304669558128,0.7689244262553148
7B85CDCC918FB1AEC05CB42C7777DA33E4115513885A043581151B8B50D38DD8,osmo1dxq2es0p05n69tc79ay3n9n7pcwxwuxppxrkjt,genesis1dxq2es0p05n69tc79ay3n9n7pcwxwuxph5ysqv,channel-253,channel-1,0.06256815983122126,0.6819929421603117
6E70390283C8BC1E93F04561FF10D071C69AA73412390C55EE0FC51E966AB2D4,osmo1lx7n87vw4mey25jllugr6txtv8wtfcvk7dk8rn,genesis1lx7n87vw4mey25jllugr6txtv8wtfcvkgl3p35,channel-253,channel-1,0.06256815983122126,0.6851213501518727
C20FD2158B7C7BA8C66BC02F7DB95CE0F70C62E82F8D166CFDC3C6F14F816953,osmo1rl03vh459c56v6rw72kfdac64desxnk7g92vm4,genesis1rl03vh459c56v6rw72kfdac64desxnk77hd2fj,channel-253,channel-1,0.06256815983122126,0.6882416242826478
6E4F5CEC39BAED440C060606D6B3CE6B4B3852080A12090D9D3FEEF9074DC8CD,osmo1v2z9rwxt5y98pnrs6ryhqp08ay5azzvmw92wnm,genesis1v2z9rwxt5y98pnrs6ryhqp08ay5azzvmchdgpu,channel-253,channel-1,0.06256815983122126,828.840413284188
E71B96F6A44A1D2219D543D28D1FE874E6246F43295B316AA129838300CE9DDD,osmo1x46ff45ctkak6rjqka9uqvwqt4vhdr45rpc7f3,genesis1x46ff45ctkak6rjqka9uqvwqt4vhdr454nlcmk,channel-253,channel-1,0.06256815983122126,4.426879408238536
F46AD9B8CE57BB7822589E5C4D80312E9C92E1EAA6FB1B4179C1A0F4978FBBC7,osmo1dxpjsd28qw2xhwrm20v3ltu8en2nzh6zpzaemd,genesis1dxpjsd28qw2xhwrm20v3ltu8en2nzh6zhs6lf2,channel-253,channel-1,0.01896704833736577,0.18967048337365772
48E49CF636CAC5B18A30F321B044D310D22F0B55151925CB1B73E0B54118C25A,osmo16hp7wzudkeyw6fvgvalm0fh3elp9czhf9l3k7l,genesis16hp7wzudkeyw6fvgvalm0fh3elp9czhfndksvc,channel-253,channel-1,0.040565345582092835,0.38336105062096615
941553130907E88069B22B2396C1611AFFF6D89C5B4DC693A16CC2FAEE5F6E39,osmo1j73g96rdw2vlwvkuu733tcejzyvhkp4nlsdptg,genesis1vu3w45sz03pxujzct8vc44jmhausuzy8p8qpef,channel-253,channel-1,0.010295585060367473,0.010295585060367473
1A80F1A9AA52A32F607B854C39DE71EA0BE40933906F0D9C4B702C38F9AF7B24,osmo13tqktxnz00uqvuv874p8alqczzfg6hll5098cp,genesis13tqktxnz00uqvuv874p8alqczzfg6hllzazp2x,channel-253,channel-1,0.0594688376641669,0.594688376641669
FB655627174E977123B0290D7D2886E6E3D1B8C86A605E74083A0445D23E81B7,osmo182lpnqqq0umc07hut7xp7j23k32ss3pa9pltx0,genesis182lpnqqq0umc07hut7xp7j23k32ss3panncd5g,channel-253,channel-1,0.0594688376641669,4472.103158962021
6C793D2F5A1CD4A6FEE4F042D8AD6F2CDF8C657F4C62029130B8405E607E19D6,osmo16a5k7je4afcv9dmqmz8cawd6mple2etmk96h44,genesis16a5k7je4afcv9dmqmz8cawd6mple2etmqha38j,channel-253,channel-1,0.07932579415694925,0.07932579415694925
CFFDFC9B0CAFC230EA1785A86E976A19C07D49D2F076A7524CC9505A4B244ABC,osmo1a90easejyw26a6f4wgq3n9unn038sz0yh6u87u,genesis1a90easejyw26a6f4wgq3n9unn038sz0ypgmpvm,channel-253,channel-1,0.07932579415694925,0.8725734233731912
0AD6FB8163FAD4088767252DF144E5405258A9C5452C1AA6C80F531DD7141C15,osmo1x3ltf7x3jsyu9ett0wc5c4ehe6ymxtlvu650jn,genesis1x3ltf7x3jsyu9ett0wc5c4ehe6ymxtlv2gnfq5,channel-253,channel-1,0.07932579415694925,0.038198576618784084
B95FFEA128B70FCB7F5D02E73792703F308774079091DFEDB7F63C912E99574A,osmo16mcugkhrt8m30ctrnyfwmdt7gcp0unup0ztl8z,genesis16mcugkhrt8m30ctrnyfwmdt7gcp0unupesve49,channel-253,channel-1,0.0729883609706882,0.8028529937037084
ED63B5297430993172BE8136FBBA35B43C727B4C04AA9D2926AE7B89E1B06931,osmo1rgf4dznny6fx60yjwmq27xxs42vl34yl54cce0,genesis1rgf4dznny6fx60yjwmq27xxs42vl34ylz8l7tg,channel-253,channel-1,0.0729883609706882,8.332660434410087
68A43E146BDA05F7701FDA2244AD7A2B882DEE78CA0584C7B7A3C81734D2CFAC,osmo1v2z9rwxt5y98pnrs6ryhqp08ay5azzvmw92wnm,genesis1v2z9rwxt5y98pnrs6ryhqp08ay5azzvmchdgpu,channel-253,channel-1,0.0729883609706882,2416.4256666565743
D79EB41B6367FB248D79DDF2A2602A1E8A70D8CF261E6544D5A950B430AFDBEC,osmo133wklrex6n8hd6f8rsx6qpdsxl4cdcqnnu33zw,genesis133wklrex6n8hd6f8rsx6qpdsxl4cdcqn9wkhsf,channel-253,channel-1,0.06952415697686982,0.03476207848843491
168E8D0B4AC9CD83BF2F47EA4AA26D9759AA0DD95FB99D488B3166595BBD678D,osmo163ndtplrrpkh2faf2c0y6t9v86llx86q6spzwl,genesis163ndtplrrpkh2faf2c0y6t9v86llx86qvzxyuc,channel-253,channel-1,0.06952415697686982,0.0017889655633048765
CA4B1DE4DB143FC0A9767A04644766506B10CD1460018E59C1C14C3DA8610850,osmo163ndtplrrpkh2faf2c0y6t9v86llx86q6spzwl,genesis163ndtplrrpkh2faf2c0y6t9v86llx86qvzxyuc,channel-253,channel-1,0.06952415697686982,0.5538799788096216
A23BAA1851840C84EFC2AE9EF2034A5950928BD830503A5FCC04AD1DE1999632,osmo19l9wsymdh3mp7munzrlk8rs03ttnu2uaujyktu,genesis19l9wsymdh3mp7munzrlk8rs03ttnu2ua2qrsem,channel-253,channel-1,0.06952415697686982,4.218270340101864
C782C123B688E3FE824D90EFE7828CF46942006AFBE8523A5517BA3CC5022305,osmo1ej2ex98d6g7kr9j3nrzxm0l0c9c668f0d8hssa,genesis1ej2ex98d6g7kr9j3nrzxm0l0c9c668f0m4skz6,channel-253,channel-1,0.06952415697686982,0.013904831395373966
E441557C967C6CD4EDE43A54CA3AE1F559D7E18491EDBBAE10584399AAA3CF46,osmo1gzy0f2ggfjk6mrlv96nlur6awqdm2hd5hevfzm,genesis1gzy0f2ggfjk6mrlv96nlur6awqdm2hd5ptt0su,channel-253,channel-1,0.06952415697686982,0.7647566886051521
BA459F3AEA39BD4228902AECF848F298AB314D5022BDE2B2EABEAF0DEB1BF010,osmo1jnpevf3zg3wc3vyqssxu96lz899g00skk60rtg,genesis1jnpevf3zg3wc3vyqssxu96lz899g00skqgg9e0,channel-253,channel-1,0.06952415697686982,15.586667108497934
6ABBC713A21C03FA1FD24C82B08E7E4488FB56A6640CE8AA5EDC1D1F0B0A75F0,osmo1me3hg2l74zn5ag9y879u7re4cp4dxea9h5d45s,genesis1me3hg2l74zn5ag9y879u7re4cp4dxea9px2nxh,channel-253,channel-1,0.06952415697686982,0.6950825322303854
307F5506F9E1BE73E4EFBE72BAE445A4A6928EC275BB55B7AE28A3DD28AA82E8,osmo1me3hg2l74zn5ag9y879u7re4cp4dxea9h5d45s,genesis1me3hg2l74zn5ag9y879u7re4cp4dxea9px2nxh,channel-253,channel-1,0.06952415697686982,0.07528235903624579
435C7FA92737576B88E22DAC124148E225C845E6F3EB980135A9418B761D5BB6,osmo18tnqgtzttxzf9nr8hswhwp2kgusvndn4zxv488,genesis1nas9xydhufh8vdqyy0h6l0j79m785zmurgry0u,channel-253,channel-1,0.06952415697686982,0.10073780984076837
708EE9A91F800E3C68CF57B3014C6C55903EDE28AA082E12C9A2BA28DD57AF4D,osmo1dkjcas3j43u3v6l94jhhhnjxhlnwxt3m4rg4mm,genesis1p4n3fy8wqmn4ja0fp4lenaemyzlxrp6y5ma6w5,channel-253,channel-1,0.06952415697686982,690.5935022253722
D69C6957FEFE881428A18D06921D36B44126D3787B274A26AD902EDEFCABD840,osmo1dkjcas3j43u3v6l94jhhhnjxhlnwxt3m4rg4mm,genesis1p4n3fy8wqmn4ja0fp4lenaemyzlxrp6y5ma6w5,channel-253,channel-1,0.06952415697686982,6.952415697686982
6D1D02915ED83624D87A00035DD83BE706C01D732B8F38A7890D9833DCFF25BC,osmo1p7jpnpr9kr7zns0thax5akt4e2a5c8fczwtwmc,genesis1p7jpnpr9kr7zns0thax5akt4e2a5c8fc5uvgfl,channel-253,channel-1,0.06952415697686982,7.454355180063349
9609F8E1D0ADC8E1284A977B933E58B9A24CCAD98C32A15CB555243056570110,osmo1rfpljk3k6n69alr8ksx5vdsfe7qm8d3lr7zl4c,genesis1rfpljk3k6n69alr8ksx5vdsfe7qm8d3l4v9e8l,channel-253,channel-1,0.06952415697686982,7.430705458717702
B8DCF09EEEC8294028FB1AF2B00DB406FAF155EF5BE48F533541908A4BE8E058,osmo1yht8762nseqwaklagtc372w4999puqwm9vga37,genesis1yht8762nseqwaklagtc372w4999puqwmn70mre,channel-253,channel-1,0.06952415697686982,7.421723634653719
AA0E1D1BF9DDA2A70DFC40EB96A9A026B264E412B388CBB0DD2008C8F022CD31,osmo10ewrata72ls0tj3x9yeau7lsnm8zmkdkf05zf9,genesis10ewrata72ls0tj3x9yeau7lsnm8zmkdklanymz,channel-253,channel-1,0.03507284818107155,0.38583184336970006
5F4C9185D7B4B271B2AA006564FF1AB77159F4B2966C4E8DE661D36BB256CB29,osmo10yu8w9p4p0szf2xwhtndmfjnp0gfk4j7j3azdm,genesis10yu8w9p4p0szf2xwhtndmfjnp0gfk4j7yr6ylu,channel-253,channel-1,0.03507284818107155,523.6376233433982
3030FEC79CD99E5B1192BEDF547FDD42E43B51B7FB0F70B547DBB172C03788AD,osmo12amy64kkzqdgzpv0khz7f2y9s5ep8gptmqpqcx,genesis12amy64kkzqdgzpv0khz7f2y9s5ep8gptdjxx2p,channel-253,channel-1,0.03507284818107155,0.38583184336970006
37BEB779713BFE363A0A766C2022200A16C28913FA4B5AAFB47AB967AA360762,osmo12g8t77m7p00weya8p3cmztvurft5r5nydwpj6n,genesis12g8t77m7p00weya8p3cmztvurft5r5nymux5g5,channel-253,channel-1,0.03507284818107155,0.38583184336970006
7AAB2ABC4297C4C5F7CF4D18781CAAA56D9BC8921E2998E85442CB26C3CB5E57,osmo12szrq92s6unv0hxtqvl6ffu076qv5l0dpwry7q,genesis12szrq92s6unv0hxtqvl6ffu076qv5l0dhuyzv8,channel-253,channel-1,0.03507284818107155,0.38583184336970006
F55F445B93CFD02BF5A1F26639F16F1F5FD0D957318A696F4A1032E3833A7CDF,osmo14z0st695zrvs8fafvt7a5t7928sahpxf6c7chm,genesis14z0st695zrvs8fafvt7a5t7928sahpxfv2e79u,channel-253,channel-1,0.03507284818107155,0.38583184336970006
CFDCC72596A7EA07D1B5FA1BA631283ED6F5447330A62B385ED4A8DB7303EE0A,osmo1alhj9jujcnxl7qqyqyysgjvfz4cqu5k9r5gt57,genesis1alhj9jujcnxl7qqyqyysgjvfz4cqu5k94x0dxe,channel-253,channel-1,0.03507284818107155,0.385796770521519
8AB872DF3461F1F15896343ED785D19EB4CAA19B4042785A850C3E26F0E87EAA,osmo1dc0xs05usqwdgcx9kxq2jlglfkrfwdk2dme2la,genesis1dc0xs05usqwdgcx9kxq2jlglfkrfwdk2mf7vd6,channel-253,channel-1,0.03507284818107155,0.385796770521519
C94E1BC5574F145B68BA81985A1916F6552352FE4FB9F183D2004E9A0773119C,osmo1fa59jlnx2aljljp7v2n9thc8ul9y74pwx35srk,genesis1fa59jlnx2aljljp7v2n9thc8ul9y74pwsrnk33,channel-253,channel-1,0.03507284818107155,4.633863607753573
411B276CCDBA758FA1ED2292C5A2DB3197A1240F690F862BFAE198F43FC28143,osmo1js26sj78v3xtjs5tjljktnptkufeej8567l77n,genesis1js26sj78v3xtjs5tjljktnptkufeej85vvccv5,channel-253,channel-1,0.03507284818107155,0.385796770521519
54ABBBC99A3D67AC29454744C9E65843DEFF1092E3C38297388826A1D02FE300,osmo1k0y3gz36knu25tc57svgxwvp6fypzku5s9ha9s,genesis1k0y3gz36knu25tc57svgxwvp6fypzku5xhsmhh,channel-253,channel-1,0.03507284818107155,0.385796770521519
0097B1E482D0A4DBB5DA54C3DD17C9FA841E5DAD02B6C4C3E016D9E73C297FA0,osmo1p4wp9fy4kamsd7acz99w042xkgthyz40p2hcc6,genesis1p4wp9fy4kamsd7acz99w042xkgthyz40hcs72a,channel-253,channel-1,0.03507284818107155,0.385796770521519
44A824D945DA86F9C6D6C59B57A3D03D59B18F01F144DFB77154B1183C0C8712,osmo1psnx9kds82xjak2uuctwr8emqsfwpy5ws4yynh,genesis1psnx9kds82xjak2uuctwr8emqsfwpy5wx8rzps,channel-253,channel-1,0.03507284818107155,0.385796770521519
BBFA8CA1923FCB04D37CEC95DB8E2B4BA55E9C15CB8EBB393AC93D27E3EACF78,osmo1pwndz63p9clj6zeckvu7wnkp48uyzv5kptx98q,genesis1pwndz63p9clj6zeckvu7wnkp48uyzv5khepr48,channel-253,channel-1,0.03507284818107155,0.385796770521519
3865B541B5E63A666E79C567E5ADD176C74C01389330D7379892ED4A382F8D09,osmo1px3zpahc6g0vjuve2ztcnrpx2mldnztyqsxrxk,genesis1px3zpahc6g0vjuve2ztcnrpx2mldnztykzp953,channel-253,channel-1,0.03507284818107155,0.385796770521519
2D030BE97A5E44080AAC4AC55E6212A568EA2C0ED717DE010C4A8934FAA19730,osmo1s2na45xg29ssny3al029jefu6xrj0yrrg8rugr,genesis1s2na45xg29ssny3al029jefu6xrj0yrr74y66y,channel-253,channel-1,0.03507284818107155,0.385796770521519
F7C280689EEEDC743BF37483E0736821D4647CBFC625F952E66C6161F23C8387,osmo1tctusz3svjsce6tu82gwt35ang3z74ywth9u6p,genesis1tctusz3svjsce6tu82gwt35ang3z74ywa9z6gx,channel-253,channel-1,0.03507284818107155,0.385796770521519
0DFD710A706F0F38D92D4AEA0161BC962B48717C93EEAF29791530679EE9E21D,osmo1uzjcun76q4dr0wy20ypu6ckcy3f4jdk2vhkmcv,genesis1uzjcun76q4dr0wy20ypu6ckcy3f4jdk2693a2t,channel-253,channel-1,0.03507284818107155,0.003507284818107155
3FD5BC1C9C87C79C2696989E9BF835CC1F14DB8E91AEC132270FDCB726505A54,osmo1xxd3a4z94mj6l4z48j9qe3afjdcgg49u8r863p,genesis1xxd3a4z94mj6l4z48j9qe3afjdcgg49u33qurx,channel-253,channel-1,0.03507284818107155,0.385796770521519
778310ECA0394EC5533DFCAE94A874F7974497E81CFA625E49F3051FDB1599F0,osmo1cd00477kc8yxny77rs7jpspw8uvczclmaqp3vr,genesis1cd00477kc8yxny77rs7jpspw8uvczclmtjxh7y,channel-253,channel-1,0.03057674384096797,0.06115348768193594
3F0AAC25F6923F401E2E6FF0853661D21F3CDE13F7C41BD483C7283DAB68FE7D,osmo1cd00477kc8yxny77rs7jpspw8uvczclmaqp3vr,genesis1cd00477kc8yxny77rs7jpspw8uvczclmtjxh7y,channel-253,channel-1,0.03057674384096797,0.03057674384096797
448DFE9A8874813B3C8EFF783D794A5850F1016E2525BDB35D93F367C34ACFEC,osmo1nqc9lk9tr472jxa9gxvxlamxnr67vcvp0l8mnz,genesis1nqc9lk9tr472jxa9gxvxlamxnr67vcvpedqap9,channel-253,channel-1,0.03057674384096797,0.07547782255031558
39412172078540175B8181DD100858893B219170617157A5695A60E001F7834C,osmo1uzvprlh5t4ne6zhlnz8q2kkdsh7sq8xgv38xgr,genesis1uzvprlh5t4ne6zhlnz8q2kkdsh7sq8xg6rqq6y,channel-253,channel-1,0.03057674384096797,0.3829123423563513
E2597DFC62B1C206B78E6790900E76EB58A8DDCF21ECF6C99F2525857FDF9C63,osmo148ncfd3ymxcrqu034rdehpprguz65cfwvvf3qq,genesis148ncfd3ymxcrqu034rdehpprguz65cfw67whj8,channel-253,channel-1,0.01896704833736577,0.20863753171102348
D79993CB7CA0F578E7E35B10CBD2FFDC5EEF782E72651DE5BEE0830E2E3CBEA4,osmo148ncfd3ymxcrqu034rdehpprguz65cfwvvf3qq,genesis148ncfd3ymxcrqu034rdehpprguz65cfw67whj8,channel-253,channel-1,0.01896704833736577,0.2086515673267907
FE278958245CCF05E5F837810F8D42FC1C02F52CF48C4C363B54CFBAA8169B79,osmo14cn56z5lsm5yly5x8qew5r7k94dchy6gf48upg,genesis14cn56z5lsm5yly5x8qew5r7k94dchy6gl8q6n0,channel-253,channel-1,0.01896704833736577,0.01896704833736577
9B0EBC3401BD19CFA9C3E9A0E09B9F8FD167B4E30925E5C403057F9CD47E2265,osmo14cn56z5lsm5yly5x8qew5r7k94dchy6gf48upg,genesis14cn56z5lsm5yly5x8qew5r7k94dchy6gl8q6n0,channel-253,channel-1,0.01896704833736577,3.736508522461057
B8286AB00CC10831A86564FAB6ECD6ABF68A8E87055BC2512984980177AF42F3,osmo15md4wkfqux35ak5rh2409yk3gx8l4y5syxea0j,genesis15md4wkfqux35ak5rh2409yk3gx8l4y5sj57ma4,channel-253,channel-1,0.01896704833736577,0.2086350659947372
5A4EFA1C4D4498FF2F3AD7CBF8EDD77A0E64434082425E33464512CC5F37F202,osmo18gcjmx5s7wacn07y906tjhpr6u54tqheftfgag,genesis18gcjmx5s7wacn07y906tjhpr6u54tqheleww00,channel-253,channel-1,0.01896704833736577,0.2086350659947372
1A68A8794213CE1446D77BA4273327BB70E70A129F4723BB3519788B98F49E94,osmo1an7untm0j46parl25rymd3pewmqpycvk2sn48k,genesis1an7untm0j46parl25rymd3pewmqpycvkuz5n43,channel-253,channel-1,0.01896704833736577,0.18967048337365772
E0D0CD99AACE215E132C7D817AAAEA75DED4FB073CE208CF1046031CE0E149EC,osmo1jf7u589sr24ae47stkfl93t5xkjut3sr5ml2r9,genesis1jf7u589sr24ae47stkfl93t5xkjut3srzfcv3z,channel-253,channel-1,0.01896704833736577,0.2086350659947372
877D8EA60B676C758B9B00F8F9FE8DE1A8D6FD7A731C8144E7920B4268D02690,osmo1l02m8ug9cdm5s9p4qntt82ykjgkpyuw9u260yp,genesis1l02m8ug9cdm5s9p4qntt82ykjgkpyuw92cafkx,channel-253,channel-1,0.01896704833736577,0.18967048337365772
202625CDC56B8579D6428B066DF76A7EC47A58FB889A38C3DF7CA4377902431D,osmo1lh6ruf253fhjykdesvfccy0y0vhjque4qfu5ej,genesis1lh6ruf253fhjykdesvfccy0y0vhjque4kmmjt4,channel-253,channel-1,0.01896704833736577,0.2067408268772869
CEFF19CB334A5A8B2CC185549945773CE982CF97328D9803CEA52FE0DF4CFAB3,osmo1p4e3j0n6zqachdh7zmrydxpg6ke8x6kasl5j2n,genesis1p4e3j0n6zqachdh7zmrydxpg6ke8x6kaxdn5c5,channel-253,channel-1,0.01896704833736577,0.2086350659947372
C28A4CE788E263F7EF657765A9F327FACF6362FF8EDC45BDA866EC79D6037C10,osmo1rdcu08fnxnz74gadksvq7ajyqxratcqkw9rpcq,genesis1rdcu08fnxnz74gadksvq7ajyqxratcqkchy828,channel-253,channel-1,0.01896704833736577,0.01896704833736577
0386AADDB764C37DB577C677BE9CF37A9F0F2A78AD0475969669CDB20A2F9963,osmo1sz7frgu4gx428af2ky3jkhqjn5snf4lw5e3fc3,genesis1sz7frgu4gx428af2ky3jkhqjn5snf4lwztk02k,channel-253,channel-1,0.01896704833736577,0.2086350659947372
D4146B4D6F0929FE3B478877D582F4D06C8BB149D82F9AD414FDCB71311F0A99,osmo1vjmc7sjhjx2crn8gq8tpnjp9xfzmj77gvuswq4,genesis1vjmc7sjhjx2crn8gq8tpnjp9xfzmj77g6whgjj,channel-253,channel-1,0.01896704833736577,0.2086350659947372
E7229880BAAE22E584D4761C0FE87B23805178349AFE7492397ABC6E4C9A5AA6,osmo1w9vguhuwn2pa5q74zjx5xgpndkq8efks27fam5,genesis1w9vguhuwn2pa5q74zjx5xgpndkq8efksuvwmfn,channel-253,channel-1,0.01896704833736577,0.2086350659947372
6B3F634D8ACBDEC276B0D12A9F8A95388F126CD04DE3048144E2B4EC9A501500,osmo1xc8nvj9wrkrvcye0kku48tv4tzl0nx4qapsuws,genesis1xc8nvj9wrkrvcye0kku48tv4tzl0nx4qtnh6uh,channel-253,channel-1,0.01896704833736577,0.18967048337365772
07306079177A6515B59A92A926B3FBF7832B952C07DB832C2D6D4B079433A913,osmo1xypexyphk0zspgrmdn2uc2f5elqdtj480y0cdw,genesis1xypexyphk0zspgrmdn2uc2f5elqdtj48ekg7lf,channel-253,channel-1,0.01896704833736577,0.20484412204355035
EC9DE2E9E8B0EA188B7062EEDDE54DB3B694B092368892BB936EA8EB6E5F8D8E,osmo17gl6er5798z79ckqv99kz8an2dryl5n5ak95dj,genesis17gl6er5798z79ckqv99kz8an2dryl5n5tyzjl4,channel-253,channel-1,0.0748517541244494,0.8233692953689434
EF3700788BAFDF006E0C701D74E2DD25C4648612AEA3143338DD90F876AEC229,osmo1jgcpfh7ft5y8wch47nasuwx5gkmgfkurj2ap3l,genesis1jgcpfh7ft5y8wch47nasuwx5gkmgfkuryc68rc,channel-253,channel-1,0.0748517541244494,0.8233595646408977
7F7FFA82FF1E823E0F9AB0A7A913A79BCE69F1BF251C7350B99B1ECB850ED5D0,osmo1au342rrkx42rzz32k3tj23e9h76fxqfww524u0,genesis1au342rrkx42rzz32k3tj23e9h76fxqfwcxdnwg,channel-253,channel-1,0.01896704833736577,0.009483524168682885
A3823660B7F2F6D085E28633BF9DE3FE750CA9945B791CBA489E6A15F074A5BB,osmo1gzw93kttk9nl7x9qc6d437h7c2fzv9wkkevfsl,genesis1gzw93kttk9nl7x9qc6d437h7c2fzv9wkqtt0zc,channel-253,channel-1,0.01896704833736577,0.2086350659947372
E76788D44FA2D4BDE9231ACFBCBFEBAC895EABE7F7E2ED9234BF6F4803A577E5,osmo1rsntu55zwhlhcfghh2wtzsxkr67qszupwkhvct,genesis1rsntu55zwhlhcfghh2wtzsxkr67qszupcys22v,channel-253,channel-1,0.01896704833736577,0.6259046289727663
AE63D5D41C69AF303FB05DA2518942A891CBE31230F793E1255DDF34F93B39A9,osmo16aypymlama0lk5s8c9s30s09eacpvwnav7ewjv,genesis16aypymlama0lk5s8c9s30s09eacpvwna6v7gqt,channel-253,channel-1,0.023804447096731875,161.0844927467039
3DCA9F15256FFEBB1170F347B8EC83C1D542BFC0177CF6E28C7BB1CB4532FBCB,osmo182lpnqqq0umc07hut7xp7j23k32ss3pa9pltx0,genesis182lpnqqq0umc07hut7xp7j23k32ss3panncd5g,channel-253,channel-1,0.012447499911265932,775.6286144708027
5948738F57BB577FD7FED02E821B38B2897D8A0F99A91D8BC3B255687A8A325D,osmo1cw4dgpr52nv2sc9nu9fhe9n7ytrerj53tmcgj6,genesis1cw4dgpr52nv2sc9nu9fhe9n7ytrerj53aflwqa,channel-253,channel-1,0.03245842852788775,0.8583156613575433
06AE76753E18D7BDEA563810B12C1A6B9A4E774FE6A821D313DD90839D41995A,osmo1cw4dgpr52nv2sc9nu9fhe9n7ytrerj53tmcgj6,genesis1cw4dgpr52nv2sc9nu9fhe9n7ytrerj53aflwqa,channel-253,channel-1,0.03245842852788775,0.03245842852788775
9A7390708E34F66DAD94117AE2863CC255109CF7E6AC03F46546992A8A8D97EE,osmo16aypymlama0lk5s8c9s30s09eacpvwnav7ewjv,genesis16aypymlama0lk5s8c9s30s09eacpvwna6v7gqt,channel-253,channel-1,0.022983681433838134,62.88124228924049
56220F12D0BB18737FA75105B94F1A8532CBDC4859F87F8E606DB8F481C7FF1F,osmo1qly96sy3yklkwv6cf4he5ves4qu8yn58jnqsyy,genesis1qly96sy3yklkwv6cf4he5ves4qu8yn58yp8kkr,channel-253,channel-1,0.022983681433838134,0.8211067803934536
D3C0A0E7F858F5168DCF6283B22A7F42297E7B5D1682855C94463A1599CECC7E,osmo1qly96sy3yklkwv6cf4he5ves4qu8yn58jnqsyy,genesis1qly96sy3yklkwv6cf4he5ves4qu8yn58yp8kkr,channel-253,channel-1,0.022983681433838134,2.2983681433838132
D28CE87EE684639DEE8ED0F9B020C0F56298C014AD375B7D17C479ACCAE8137A,osmo1pwndz63p9clj6zeckvu7wnkp48uyzv5kptx98q,genesis1pwndz63p9clj6zeckvu7wnkp48uyzv5khepr48,channel-253,channel-1,0.08072843721509014,0.8879918199723053
3C21C08C9FF3B206F4C3887CA261CF03F23A33F60E577A7D52015F6AF3A7A897,osmo1yp97lt0y483gv5m6f7kdu7x2arv8ka6hhlgcvt,genesis1yp97lt0y483gv5m6f7kdu7x2arv8ka6hpd077v,channel-253,channel-1,0.08072843721509014,7.222182104490802
AFCAECBC67BF66606CC688AB1F159AA01917C73E1D4BC4AFD49B76D2527D0B5B,osmo17sa6k9rescfn0mgk0cx4spye3dqy4nq7jx5y3m,genesis1g0ezv8rz38psvuguy2w5rgngpkk3cyxuhtzz6j,channel-253,channel-1,0.08122303357410036,0.8964310580392032
EC076142D2641150ED3B9BD0A2CDC32FACC6FFB3683685769A47E8BADC2D7BC5,osmo1m234dnn4huwga92r44f23xmu03qa90xm5sktyu,genesis1m234dnn4huwga92r44f23xmu03qa90xmzz3dkm,channel-253,channel-1,0.08122303357410036,8.14260911580356
1812BC2A36C594115BCEB922B993356BFD9EEEFFCBEC375BDFF34C716F2DCE0F,osmo1nznklw6xshthah6ktu9v29250agcuwjvm927nt,genesis1nznklw6xshthah6ktu9v29250agcuwjvdhdcpv,channel-253,channel-1,0.08122303357410036,1.2995685371856058
85AADA1C3F767CDE634F8A503EBB462292693AFD31D1A2F3CFFA5F3A779724EF,osmo16aypymlama0lk5s8c9s30s09eacpvwnav7ewjv,genesis1pwm4663s29cgtqkaacckdlxefcj4zuw8kka8ru,channel-253,channel-1,0.08122303357410036,8.122303357410036
A47F46CA81757EF2F4A3BCCA74D73D9A7CD7DA0D41867D7097F31EF1766CF14E,osmo16aypymlama0lk5s8c9s30s09eacpvwnav7ewjv,genesis1pwm4663s29cgtqkaacckdlxefcj4zuw8kka8ru,channel-253,channel-1,0.08122303357410036,8.93453369315104
C7253A9092CBC8DA7DCE5B495B45E0862D77B2224C9E5AE5A632CA502BE40E3D,osmo16aypymlama0lk5s8c9s30s09eacpvwnav7ewjv,genesis19me6z3zfukkp368nfd82qf60ugegrw583m4xmx,channel-253,channel-1,0.08122303357410036,9.746764028892043
A3217754EE9214D14F2B3A460A81A2199447402393F131691622794E7378E1C9,osmo1u26l6ky9nsyw8ltryd3cwq82tnfx8z62j0xgav,genesis1u26l6ky9nsyw8ltryd3cwq82tnfx8z62yapw0t,channel-253,channel-1,0.08122303357410036,0.16244606714820073
DBFC135FF9CEBBA5B71945583F79FEBF4A9EB07F85A3503334280A8237BC31C7,osmo1hv4rlv94dwwsj3z7l6muye6ndmup0hta7a4v3p,genesis1hv4rlv94dwwsj3z7l6muye6ndmup0htag0j2rx,channel-253,channel-1,0.08122303357410036,0.08122303357410036
B993BAAA105F563D65FEC099E884E81E3CAA3EC765EAB5A4CFB5A37D2DAD518C,osmo12szrq92s6unv0hxtqvl6ffu076qv5l0dpwry7q,genesis12szrq92s6unv0hxtqvl6ffu076qv5l0dhuyzv8,channel-253,channel-1,0.08122303357410036,0.44080370780371075
12F71BC9D9F047B149ED4B88E1B3F0BBB1CD2B47EF0C06621BFF3016EC2A0424,osmo1hqyr7t0shsqfl303cp7ea03fs2lfc5npavgtx7,genesis1hqyr7t0shsqfl303cp7ea03fs2lfc5npt70d5e,channel-253,channel-1,0.08122303357410036,0.0008122303357410036
D179A38ACDEEEE843F7DC7024BE2CDC13C8762134FDF40F11FB51E6AB611C50C,osmo1u26l6ky9nsyw8ltryd3cwq82tnfx8z62j0xgav,genesis1dk4803px8e6ww3w2n3xcu2g72l5fj884walv9j,channel-253,channel-1,0.08122303357410036,0.08122303357410036
205BDD3CDE95E4B2108C509546DA6B0B8971ED06D92A357E653BA99962704BD9,osmo16aypymlama0lk5s8c9s30s09eacpvwnav7ewjv,genesis1ev2xjeuf6gszl2szhq7fxefuqknqcxn90mz6r5,channel-253,channel-1,0.08122303357410036,9.746764028892043
2E3DBA23001E0FD87854B5CCAFA7AAF8B165CBED3583D089B1568BC7FEF1DE02,osmo13fa30qkwv25gqj2vkc7wystdlfavvwgapm68gh,genesis13fa30qkwv25gqj2vkc7wystdlfavvwgahfap6s,channel-253,channel-1,0.07890181951684472,0.8679886592682614
19BFC81CAC3C07DFCB51A6266816217FE7584C02DBAC1BEC783436C41FC8A059,osmo1938qljjfgdzm2pwef4v9894k6vg6ymegk3fs7z,genesis1938qljjfgdzm2pwef4v9894k6vg6ymegqrwkv9,channel-253,channel-1,0.07890181951684472,0.8679097574487445
8E8ED3965BC8540BDF724F806756B4E67F8F60F26B4FF200771A05B3F7A8857D,osmo1zlnj7v8p37ypdjph8gqxva4w4ptl95g93swhgf,genesis1zlnj7v8p37ypdjph8gqxva4w4ptl95g98zf36w,channel-253,channel-1,0.07890181951684472,1.1125423501120595
300EB1D0DDA294A86B6CA90E112E47931A57B74B8B893D4EE1FC22D45CDC1BC4,osmo17gl6er5798z79ckqv99kz8an2dryl5n5ak95dj,genesis17gl6er5798z79ckqv99kz8an2dryl5n5tyzjl4,channel-253,channel-1,0.08138466666061502,0.8952313332667652
BB773A962106DFC76ED024E84BCBF4770BDA4431D41D10824DCFE0441118F879,osmo1p59gee55s8gu5j05ejxvr56elv2pewtvl35lzt,genesis1p59gee55s8gu5j05ejxvr56elv2pewtvfrnesv,channel-253,channel-1,0.08138466666061502,16.43057578352739
2935527CF0C286D31851AE5236AF7021C038627B10A0155443FB4E809CFE1A4E,osmo17gl6er5798z79ckqv99kz8an2dryl5n5ak95dj,genesis17gl6er5798z79ckqv99kz8an2dryl5n5tyzjl4,channel-253,channel-1,0.08138466666061502,1.6276933332123003
D9C448E7ED520594504D8021BFF46A446F44DA4E44E90123DAE37949F61BA834,osmo1h5shnh6dnjtalh84cxl04taa2klvkz5fg6fjr7,genesis1h5shnh6dnjtalh84cxl04taa2klvkz5f7gw53e,channel-253,channel-1,0.08138466666061502,0.2776353531948994
3864739CCCBC44BD43FD9A88CE1823D850F65B94AF06DA781A1BFB84AA0D77F2,osmo1r0z9zlsxa8cvks808jce8gqnaf6lw7lk79khpq,genesis1r0z9zlsxa8cvks808jce8gqnaf6lw7lkgh33n8,channel-253,channel-1,0.08138466666061502,0.8138466666061501
BB93C8AEBD3956FB940DEDAFB08465C2B7FB62F88CA62919302CD9D85D9C147D,osmo16aypymlama0lk5s8c9s30s09eacpvwnav7ewjv,genesis16aypymlama0lk5s8c9s30s09eacpvwna6v7gqt,channel-253,channel-1,0.009069639011051017,181.39278022102033
B2F3AFB9CD0C5BB3615C8AFA65EA38421C70D0805DBF44FCE48EFFF9DD3F1E48,osmo163ndtplrrpkh2faf2c0y6t9v86llx86q6spzwl,genesis163ndtplrrpkh2faf2c0y6t9v86llx86qvzxyuc,channel-253,channel-1,0.034992114744508855,0.00014828610899649474
EB3B69FA33FD7B68DEA69E80A086A853FF520D7FC65816903FBC721EFBEB1B28,osmo1m0nd29mt3msh7v5afutzy5jvxuawpcdhgwuqnt,genesis1m0nd29mt3msh7v5afutzy5jvxuawpcdh7umxpv,channel-253,channel-1,0.034992114744508855,0.06514005322877325
A3487F002F7175F189EF1FED979FF5B12440BBE0C668FC5AEF811E7DA5DCCB42,osmo1vjjzavwdetp5s6g7htenuz3r0xtm6fpgfytzjw,genesis1vjjzavwdetp5s6g7htenuz3r0xtm6fpglkvyqf,channel-253,channel-1,0.034992114744508855,28.07238515808425
D92028674E788B718D40C94E734C4A594BB7883DDC8DB459ABC2434B091690D3,osmo1zlnj7v8p37ypdjph8gqxva4w4ptl95g93swhgf,genesis1zlnj7v8p37ypdjph8gqxva4w4ptl95g98zf36w,channel-253,channel-1,0.034992114744508855,15.41982548434619
D44B30D9FBD43CC948D5080E289036F325512D681ED61B1501BD533325047931,osmo16aypymlama0lk5s8c9s30s09eacpvwnav7ewjv,genesis16aypymlama0lk5s8c9s30s09eacpvwna6v7gqt,channel-253,channel-1,0.008179624477831842,261.74798329061895
3BD284A12235B703CCB0C41DA2BE760FC087B0E4FFB56038E435728127DBD442,osmo182lpnqqq0umc07hut7xp7j23k32ss3pa9pltx0,genesis182lpnqqq0umc07hut7xp7j23k32ss3panncd5g,channel-253,channel-1,0.02456222115798471,265.2719885062349
D7B87843F7195BBB55EC9D359EC034A0F4796D1648EC985BE3CD9FD84AF3D1E7,osmo16aypymlama0lk5s8c9s30s09eacpvwnav7ewjv,genesis16aypymlama0lk5s8c9s30s09eacpvwna6v7gqt,channel-253,channel-1,0.011518928889373873,46.07571555749549
76ADC21096B0061C928A5825448490B5ED1202B74D59F1958A2DBC5FFAE3C3C1,osmo13uup3md785lsd74aws4hx2et052mferw8n6yat,genesis13uup3md785lsd74aws4hx2et052mferw3paz0v,channel-253,channel-1,0.07345816640173734,15.553619207683344
3366965E5F1042EA9C418718063E6C6CAC2A95F64AE14801E73DA397470FC6B6,osmo16esf7h8h5etlac5dm22mmv39xt9wljkmn7hd5t,genesis16esf7h8h5etlac5dm22mmv39xt9wljkm9vstxv,channel-253,channel-1,0.07345816640173734,0.8080302808574691
8ECA9BA95CDEFBC2938B27AA0AA6EC3013A3A6AF0792770906F192BCAE94CFB5,osmo182xlpqjrrcw9nxd8g2chzzwygx3zuk8mg6ntw3,genesis182xlpqjrrcw9nxd8g2chzzwygx3zuk8m7g5duk,channel-253,channel-1,0.07345816640173734,0.8080302808574691
EBB4E603A47033FF1040C13640B8A92309CC40A9875573698EC72B675C73EFE7,osmo18d7jpa5q6we96gluuc767cacxzgq92xq9f66zx,genesis18d7jpa5q6we96gluuc767cacxzgq92xqnmausp,channel-253,channel-1,0.07345816640173734,0.7345816640173735
44E44966BED8BA3FA95D26F4BEFFB52AF82BC48BB22CCEF3DADB9CD11541D1B7,osmo18ur3erlv4w03x8k2lfzzuys85uq696heapc0dd,genesis18ur3erlv4w03x8k2lfzzuys85uq696hetnlfl2,channel-253,channel-1,0.07345816640173734,3.672908320086867e-13
D8B49F34FC790E52A5D29E332A7FD5B03D3B898722A6B5BDF4EEFC0E45D57984,osmo18ur3erlv4w03x8k2lfzzuys85uq696heapc0dd,genesis18ur3erlv4w03x8k2lfzzuys85uq696hetnlfl2,channel-253,channel-1,0.07345816640173734,7.345816640173734e-14
AB72A5211C5EEF05C4BEDA723C9F6A4FE8F70A452B09569B87DAE69707E1F0F7,osmo1da49eye57cvlvln7h04q0mux7pdecszjkl5cdx,genesis1da49eye57cvlvln7h04q0mux7pdecszjqdn7lp,channel-253,channel-1,0.07345816640173734,0.7086035070450535
C45E78676E4A778349676A5E50A867AE3F13760FC478A216B3EFB6D075BF6F80,osmo1g0ezv8rz38psvuguy2w5rgngpkk3cyxupe9yg4,genesis1g0ezv8rz38psvuguy2w5rgngpkk3cyxuhtzz6j,channel-253,channel-1,0.07345816640173734,96.46112897483098
33AF7C0B4F5094214F830975ACC0612B84B872D40C30DE812A6A17C5AF53CB42,osmo1h5shnh6dnjtalh84cxl04taa2klvkz5fg6fjr7,genesis1h5shnh6dnjtalh84cxl04taa2klvkz5f7gw53e,channel-253,channel-1,0.07345816640173734,0.4029470662882171
BAD0D11C8BAC98E62343F6A38018DEAF167CFAFFEB85D7FB53D3AA8AA32D0B6B,osmo1h5shnh6dnjtalh84cxl04taa2klvkz5fg6fjr7,genesis1h5shnh6dnjtalh84cxl04taa2klvkz5f7gw53e,channel-253,channel-1,0.07345816640173734,2.530555908889957
1F2ADC2C738E39D41F7C5CE93CD715FE83F6417F0C0F3FA2C603A789B45FBB19,osmo1j8jd7tp68my4sp9jjulfwfprw333ck0erd5zm3,genesis1j8jd7tp68my4sp9jjulfwfprw333ck0e4lnyfk,channel-253,channel-1,0.07345816640173734,0.8080398304191108
B78DCA98164049D2CB354CDA3D18E13B5FA451B57AE0F03457F99C9CCFDCA3EC,osmo1jnpevf3zg3wc3vyqssxu96lz899g00skk60rtg,genesis1jnpevf3zg3wc3vyqssxu96lz899g00skqgg9e0,channel-253,channel-1,0.07345816640173734,39.86635336377592
00AF0DFB4E9F41B0A98241BE64405E8C61AEF83958A1F10C569764CF588AAC50,osmo1k7tz95q7eecpyhs54u4lu4f2rfrca5mjndg4kf,genesis1k7tz95q7eecpyhs54u4lu4f2rfrca5mj9l0nyw,channel-253,channel-1,0.07345816640173734,0.8072956991934517
49416AEA8F13CAE86B2D4E0F953DE516D77D6369BADE65B66814A373D614F90C,osmo1mj7lkjsw65d6acaj739gpd0yp3x9htng5hfp6w,genesis1mj7lkjsw65d6acaj739gpd0yp3x9htngz9w8gf,channel-253,channel-1,0.07345816640173734,0.8080302808574691
9945F9270921BD9C57CE7C932F694D2F7D7DAACB382BD9DBF426F3A359B56385,osmo1rgf4dznny6fx60yjwmq27xxs42vl34yl54cce0,genesis1rgf4dznny6fx60yjwmq27xxs42vl34ylz8l7tg,channel-253,channel-1,0.07345816640173734,13.27408718269163
21CE955A83E66F37EFD963A746F4BF1CFFBB23D9E3C17579DD51087E4C84EFE7,osmo1uxthxgqhmxaqlh5u6990j48x5y0u2udf95krd5,genesis1uxthxgqhmxaqlh5u6990j48x5y0u2udfnx39ln,channel-253,channel-1,0.07345816640173734,0.5079121316824037
F5D76F0F7D16CF22EC526C5DCC471F6677B21AD3D3DADA930014B88D5D0FC137,osmo1z99qx4a3rnlka0nsw46faseepntcp5tcs7cqh7,genesis1z99qx4a3rnlka0nsw46faseepntcp5tcxvlx9e,channel-253,channel-1,0.07345816640173734,0.8080302808574691
B293D5584D6D5381157CF80A6E3382BD72A950D1D16D878E869CC8C6CC7F8D83,osmo16hp7wzudkeyw6fvgvalm0fh3elp9czhf9l3k7l,genesis16hp7wzudkeyw6fvgvalm0fh3elp9czhfndksvc,channel-253,channel-1,0.03521611231836176,0.9835224154808591
C822D79F62DD86F2BAEBBAFC07B8F3B010BB090AE33B5C8B5386461D3F3A8FC9,osmo10yu8w9p4p0szf2xwhtndmfjnp0gfk4j7j3azdm,genesis10yu8w9p4p0szf2xwhtndmfjnp0gfk4j7yr6ylu,channel-253,channel-1,0.03750167706928743,3572.6722693598053
B36B127E84B3BFBFB4C1A34A170B62794F1F63B47F93C6BACFDC15C7AC1C19BA,osmo1df6nprg53qsydl72gjzks2lj9frf6p08a36mc5,genesis1df6nprg53qsydl72gjzks2lj9frf6p08traa2n,channel-253,channel-1,0.03750167706928743,0.41250869732611883
4B60FF804D15F1D8857762AC89C25B9DEBAD2A4EBA85A32114387973AC5ECC81,osmo10yu8w9p4p0szf2xwhtndmfjnp0gfk4j7j3azdm,genesis10yu8w9p4p0szf2xwhtndmfjnp0gfk4j7yr6ylu,channel-253,channel-1,0.03750167706928743,424.1064659765715
CA75BF6E7984B2846BB786B6E7DFC67F173075F861766C98E7984841AE2768F1,osmo1y8n2dnzva2ksv4ymxg05ty5a29szwxuw69xlzs,genesis1y8n2dnzva2ksv4ymxg05ty5a29szwxuwvhpesh,channel-253,channel-1,0.03750167706928743,0.411768414220776
6145CD5B15349A6F241FB5BA8ECBF8F620327387995CE7D12E8239B1C6E0FB75,osmo1pvwussxtdv2m2cutv8atgpy40e7g947u8x444x,genesis1pvwussxtdv2m2cutv8atgpy40e7g947u35jn8p,channel-253,channel-1,0.03750167706928743,2.886830723630322
16A393E5163D10C990B22619CD9DC853DA713CC4ED69B2CD393F7B7F4D14B459,osmo19ayrkzcfpgw8ht7cugmcmm4ca96zwp5azsgqql,genesis19ayrkzcfpgw8ht7cugmcmm4ca96zwp5a5z0xjc,channel-253,channel-1,0.03750167706928743,0.40876828005523297
14C7F3837A63EDB33548AE6A5C76DAAF4EDB72F742700D367AF45E3BEBA4AC0A,osmo1ra9sccq722fakf2t2tdces9vy546tcgrwr8p5c,genesis1ra9sccq722fakf2t2tdces9vy546tcgrc3q8xl,channel-253,channel-1,0.03750167706928743,0.40876828005523297
B262EE57BE3EB215A4692911742BCFAABC977DA352915088F38366E734BF6974,osmo1haz0ttxq4v9j00e4n7rrc4yy5v9g5wspdtxddy,genesis1haz0ttxq4v9j00e4n7rrc4yy5v9g5wspmeptlr,channel-253,channel-1,0.03750167706928743,0.40876828005523297
FF96F4F33C1C606446DDBABE0EAC9E3F52958AC71F5C8FDD7CB0275434AE4FE6,osmo10yu8w9p4p0szf2xwhtndmfjnp0gfk4j7j3azdm,genesis10yu8w9p4p0szf2xwhtndmfjnp0gfk4j7yr6ylu,channel-253,channel-1,0.07209133716987663,1801.7640487706553
424EE14C22A66C955D7589817A654C10D33B9E80B3255DAB7070D07E10A92558,osmo172cnthwf79m6ey8w8l50407hrjn6pvlkpdus8x,genesis172cnthwf79m6ey8w8l50407hrjn6pvlkhlmk4p,channel-253,channel-1,0.07209133716987663,1.0070628091944924
BA2AB3EDA416A5B5A453AF165DE928FAD9B867052EC31F426F1BAD4A6F54647C,osmo1m2mm7kzvw6m3464h94ryqg8xvr6tyeyy3rj39j,genesis1m2mm7kzvw6m3464h94ryqg8xvr6tyeyy834hh4,channel-253,channel-1,0.07209133716987663,4.384308761941134
0428994DCCF29EBA5DB60C17806EC1F08F82F6DDA1F6852E8088BC1459604CAA,osmo1s7p8qqe7ucs23nmnld3p746hsk25aujt4rlmjy,genesis1s7p8qqe7ucs23nmnld3p746hsk25aujtr3caqr,channel-253,channel-1,0.07209133716987663,2.189766741540797
54E4B9900627C878774DF43AC843EE87EE9E34D45AE6CE7C9B85359CD8811B99,osmo1nzgxusarw7tn3w9pz9mtxplwu8jnwrhlgkppxv,genesis1nzgxusarw7tn3w9pz9mtxplwu8jnwrhl7yx85t,channel-253,channel-1,0.019272194986399097,0.19272194986399097
F6CD2A7CAC9CBFC99F6BB715F725342EBD1549A762E33E6D411602BC312998CA,osmo16aypymlama0lk5s8c9s30s09eacpvwnav7ewjv,genesis16aypymlama0lk5s8c9s30s09eacpvwna6v7gqt,channel-253,channel-1,0.030150742625809406,1.3869341607872328
F63F439FBECC22AA3B9E12C149A422569602B7A19668F4E11B7F404A6378FF7D,osmo16aypymlama0lk5s8c9s30s09eacpvwnav7ewjv,genesis16aypymlama0lk5s8c9s30s09eacpvwna6v7gqt,channel-253,channel-1,0.030150742625809406,3.0150742625809404
995E371934B416D6998B092CEED581B1CF123042C70AE457711E23A4A4084E2B,osmo1cddkj9qt534dgv0lpqfvcltl8fkq55rap5zkgj,genesis1cddkj9qt534dgv0lpqfvcltl8fkq55rahx9s64,channel-253,channel-1,0.030150742625809406,1.5900493465266319
A159A6738A537957279CB34FFDE98FCB218B4554D0EE13C155F3911BD6199CC0,osmo1qawq9fnx5rz7walpj5feryrhat7pjwkac3fvwd,genesis1qawq9fnx5rz7walpj5feryrhat7pjwkawrw2u2,channel-253,channel-1,0.030150742625809406,2412.0594100647522
60B0791DAA6B8C11C0F2007C83D2D7AEBA344F0E5FA81DD59741126F351495EB,osmo16aypymlama0lk5s8c9s30s09eacpvwnav7ewjv,genesis16aypymlama0lk5s8c9s30s09eacpvwna6v7gqt,channel-253,channel-1,0.04262026534679183,8.524053069358366
E522DCCF9ABB57D9CF329B3B98EAA0CBA52E8E441FC2E5FDE4A1D462DF9BC43D,osmo14fgf2djrhsx4aykvnwtl98uj6nqvzn0kucrldg,genesis12hckdk0k5wvpucxa5q77vhn7hhtnsshz6r40vx,channel-253,channel-1,0.08347869034938456,94.1292860974259
A041C82D6C058EEDA08B7D2DB737EEDB9F1ED9FA3B247AEF5FCDC3CA0F89FC6F,osmo12jfvctjm2jjj0xflzjyrj0gc5umqjq8jdljx64,genesis12jfvctjm2jjj0xflzjyrj0gc5umqjq8jmd4qgj,channel-253,channel-1,0.08347869034938456,615.9057773977592
1A861AEA3171B7E61D167EDCD53757DDF7D596CDAB13337B9B10CE954CB53DDB,osmo163ndtplrrpkh2faf2c0y6t9v86llx86q6spzwl,genesis163ndtplrrpkh2faf2c0y6t9v86llx86qvzxyuc,channel-253,channel-1,0.08347869034938456,0.00044223940401672956
BD4937221FD6DFBC9471D5285907AB7FB69240BB767DA072314C51BC68FC7CD0,osmo19l9wsymdh3mp7munzrlk8rs03ttnu2uaujyktu,genesis19l9wsymdh3mp7munzrlk8rs03ttnu2ua2qrsem,channel-253,channel-1,0.08347869034938456,0.9189142171972906
3B617F9ADE62FE3E77C19699B24C809BFD473C5CC2B32348AD46DED35B6FC3E0,osmo1nd86lwg7se890hau65eeq6ru9cxunc53wxeux0,genesis1nd86lwg7se890hau65eeq6ru9cxunc53c5765g,channel-253,channel-1,0.08347869034938456,0.04043955136578623
C31898B036BCA090E739FEE04A26F99AD118E658AF79CD1D445F7380B8B91C1A,osmo1nd86lwg7se890hau65eeq6ru9cxunc53wxeux0,genesis1nd86lwg7se890hau65eeq6ru9cxunc53c5765g,channel-253,channel-1,0.08347869034938456,0.2309761727138994
4EDCB2F226D19FE536C2BCE230533F0EFFD6975CCC5E14BDF19DCB032493DBB5,osmo1pnx4s7qtrghv06rzp05cv9u8vjp6yztl9epw4m,genesis1pnx4s7qtrghv06rzp05cv9u8vjp6yztlntxg8u,channel-253,channel-1,0.08347869034938456,0.918254741613474
6C6B5CB9D9EB162352C170FD2AD65C2AED891808C54A828B47D2F7D14A295C29,osmo1c7scnt5t5n6wl24ct5grzzm8y6q46m7ex0tk39,genesis1lunnwmyez79fqd7p3cqgx99dwjrhu8ml6ydrfv,channel-253,channel-1,0.08335338731731769,0.9168764245501326
1E304A3C9BFFE3DDAB2A6063AC829551458ACA564EC9908B967510FA9693CD5A,osmo1zjgjamn5p0nj9snuxamp4z8yn9xv8zqwajcd0l,genesis1lunnwmyez79fqd7p3cqgx99dwjrhu8ml6ydrfv,channel-253,channel-1,0.08335338731731769,0.9168764245501326
B6B1CBBAC8B60DDC0024902A7A10CD5708A7754622024D4C4494763E07DB621C,osmo1me3hg2l74zn5ag9y879u7re4cp4dxea9h5d45s,genesis1me3hg2l74zn5ag9y879u7re4cp4dxea9px2nxh,channel-253,channel-1,0.08335338731731769,0.07228800206903592
D483C7C3C0C91DF45EA5F77B90C4831976E70DA2A7DDBEB00CAC0A626BBA7715,osmo1nnf85kd8d8fx4dnccrqdpr5eq6d74vha2hfkzh,genesis1nnf85kd8d8fx4dnccrqdpr5eq6d74vhau9wsss,channel-253,channel-1,0.08335338731731769,1.5597993777585513
17B9A825B2CDDB3A89CF44AF84648D1952927508C8E27F02D192130A1C39509F,osmo1qxts5avx4cr55fm6mfz4xdtrq446wqxpgevhcx,genesis1qxts5avx4cr55fm6mfz4xdtrq446wqxp7tt32p,channel-253,channel-1,0.08335338731731769,0.023193194759436313
40BCE7E287B2E9EAA508BAF2666C18646D03C1A13AD5BEC3426D88B1FDB6F4E8,osmo19l9wsymdh3mp7munzrlk8rs03ttnu2uaujyktu,genesis19l9wsymdh3mp7munzrlk8rs03ttnu2ua2qrsem,channel-253,channel-1,0.07761298677028249,3.157322560219136
D19365073137AEFD425DBB91316B16524962BF7680841EA40AECB43DA3864E73,osmo1qnlxnneluedfg3lusv8r36t5c0s4r2p0dlsn28,genesis1qnlxnneluedfg3lusv8r36t5c0s4r2p0mdh4cq,channel-253,channel-1,0.07761298677028249,10.865818147839548
106A68D09AB461D6B83C6CE81FC2BE3DD51A058FF1FAE0A0C9D5F60D8FE09D61,osmo1vgu6mpatup4hsyt463mdkac4a6n7qh30laksq4,genesis1vgu6mpatup4hsyt463mdkac4a6n7qh30f03kjj,channel-253,channel-1,0.07761298677028249,1.5064947985378125
A217704313FE0502428C09758317B1F7E4E30CC5C888D6ECE703B83A07B2D6D5,osmo1xr6tzrpladyv5v0vrlrgmycev03jwvqxvxyy9c,genesis1xr6tzrpladyv5v0vrlrgmycev03jwvqx65rzhl,channel-253,channel-1,0.07761298677028249,0.8537327647848173
CA775A8075A12BEB217652C7F0EEDF852E2EA57777A33532A7D9E0695DD93F20,osmo16aypymlama0lk5s8c9s30s09eacpvwnav7ewjv,genesis16aypymlama0lk5s8c9s30s09eacpvwna6v7gqt,channel-253,channel-1,0.012030342906847317,300.7585726711829
21358CFE9D334851361F64059F33DD36EC4398FE9073F79F8166BC44DD070BF2,osmo16aypymlama0lk5s8c9s30s09eacpvwnav7ewjv,genesis16aypymlama0lk5s8c9s30s09eacpvwna6v7gqt,channel-253,channel-1,0.012030342906847317,180.45514360270977
7EF69A7ECE440A3972111007E017D8CC012311191B0D92AD959D61E7F7306018,osmo182lpnqqq0umc07hut7xp7j23k32ss3pa9pltx0,genesis182lpnqqq0umc07hut7xp7j23k32ss3panncd5g,channel-253,channel-1,0.012030342906847317,749.8873644125139
4BFD5BD842ED4657EA1BD8C66D695E39607EE6461193ABCB31201D050C2F5CCC,osmo182lpnqqq0umc07hut7xp7j23k32ss3pa9pltx0,genesis182lpnqqq0umc07hut7xp7j23k32ss3panncd5g,channel-253,channel-1,0.03521611231836176,211.29667391017057
A27ACF746119FB4061EA346664CF99B0366345D2EF5F2DFAEDC935BBBB44DC98,osmo1vgu6mpatup4hsyt463mdkac4a6n7qh30laksq4,genesis1vgu6mpatup4hsyt463mdkac4a6n7qh30f03kjj,channel-253,channel-1,0.03521611231836176,0.003521611231836176
C8B9DD51FBE91A7B860B7B0BAB26BF8C33E22743C7FA4950D9E34B748C376145,osmo1em7k59nxme8l0vk2hu40k6k7dn6c6w9aemmxs3,genesis1em7k59nxme8l0vk2hu40k6k7dn6c6w9a0fuqzk,channel-253,channel-1,0.06208624426545999,0.6823197532656428
C540C26C05CCE81B6DF2DAB8256C0F993DAEB059D63526FBB643208E9D7E90B3,osmo1dvunn7sznql4vwrelskkqq6r3amve8dknzlyj4,genesis1dvunn7sznql4vwrelskkqq6r3amve8dk9sczqj,channel-253,channel-1,0.06208624426545999,0.012417248853091999
4ADC03B2BFC3239D37A3AB40AF5BCDDFE9467D91A928DD7DEB5C580159E144D5,osmo1flufzghe8t6ve87c485lps9x3gz3r0ytauy7pp,genesis1flufzghe8t6ve87c485lps9x3gz3r0yttwrcnx,channel-253,channel-1,0.06208624426545999,99.33799082473598
964CC2EFEA9833A42EA75AED0A1D73D9767F872B0AFA02F8EA7D773D619E062A,osmo1efsj9hrsuhcu6lmamm544n7syfn58kd68d30k4,genesis1efsj9hrsuhcu6lmamm544n7syfn58kd63lkfyj,channel-253,channel-1,0.06391282422452163,2.470433121747442
59E9F24EA0DE448A05B6945436F52161B018779B949AE3580183998BEE4EF21F,osmo1uh4xfgt3skfwage4atulapkhkah4ck2ahf4uew,genesis1uh4xfgt3skfwage4atulapkhkah4ck2apmj6tf,channel-253,channel-1,0.06391282422452163,7.909227196632516e-05
5208003E7C7384A9AB0D55A936082E227771D8163624A5B3B06BF542D9AE4DF2,osmo1v2z9rwxt5y98pnrs6ryhqp08ay5azzvmw92wnm,genesis1v2z9rwxt5y98pnrs6ryhqp08ay5azzvmchdgpu,channel-253,channel-1,0.06391282422452163,1197.215023373739
CE06CDB0DF2D68F2B571E950A5EF736681D631E464F70F57462163EA973BD1BE,osmo17vh0ccz4x96qtg8t63dvqm43kfvalg8t07jm4v,genesis17vh0ccz4x96qtg8t63dvqm43kfvalg8tev4a8t,channel-253,channel-1,0.07219770511418873,0.36098852557094363
C50B069F26F9ED00A6EA3CBA8AB5A4848F8EF64D1C6479171FB003A8A0506D2E,osmo1evffwxfaaf5zv268p0nmrvsppamy6u7ul58zgn,genesis1evffwxfaaf5zv268p0nmrvsppamy6u7ufxqy65,channel-253,channel-1,0.07219770511418873,4.802215903321957
30FDBC7C23337951EE82748329CAE44F0446CD50D911CFB2087CCC83BE95ACDD,osmo1h64jzmldjwdkzsyqf8cyqle2tx5eltcqx5w8m8,genesis1h64jzmldjwdkzsyqf8cyqle2tx5eltcqsxfpfq,channel-253,channel-1,0.07219770511418873,0.0029266721356238875
807D043F6212A84A67B8FD0FF3EF1E90701652651CA31757F66E3D62ECD71C22,osmo1r30f27rvsdcequzh9cxnrqcqgykj58ygcgf7mp,genesis1r30f27rvsdcequzh9cxnrqcqgykj58ygw6wcfx,channel-253,channel-1,0.07219770511418873,67.47843441031367
53378DC78EE66D74B6454DB9C2107F0113328455FFC9AE6E39EEBA44056C89F2,osmo16aypymlama0lk5s8c9s30s09eacpvwnav7ewjv,genesis16aypymlama0lk5s8c9s30s09eacpvwna6v7gqt,channel-253,channel-1,0.01244489167382985,59.73548003438328
A9AD051F24A56B960F8D0390E42F7DEDFEB46A5BC61FAFAD60B40D6DB6B0F36C,osmo16aypymlama0lk5s8c9s30s09eacpvwnav7ewjv,genesis16aypymlama0lk5s8c9s30s09eacpvwna6v7gqt,channel-253,channel-1,0.01244489167382985,59.73548003438328
64D02440D9D943774759C7E06F6275B90A1CB16BD63199237D712FB4E7F15CBA,osmo182lpnqqq0umc07hut7xp7j23k32ss3pa9pltx0,genesis182lpnqqq0umc07hut7xp7j23k32ss3panncd5g,channel-253,channel-1,0.01244489167382985,772.8277729448337
9DFD405F59450644E87F6505D70CD69F26BE28B4A3ABB6BD6AEA9BCBC1A4B444,osmo1ug54mpujhgp588fyyywes74gm8p4wjgsrrarph,genesis1ug54mpujhgp588fyyywes74gm8p4wjgs4369ns,channel-253,channel-1,0.01244489167382985,10.329260089278774
9E2AFFE648F59E408CCDF1C8EC038AB7EBA445EDEF664ACF2DA10842C4893116,osmo1ug54mpujhgp588fyyywes74gm8p4wjgsrrarph,genesis1ug54mpujhgp588fyyywes74gm8p4wjgs4369ns,channel-253,channel-1,0.01244489167382985,10.372945404778868
9CA0A23BCE206EEC4CCD37184DF869674015808C826D8BBD5E4FB8E4C1BFB075,osmo1ug54mpujhgp588fyyywes74gm8p4wjgsrrarph,genesis1ug54mpujhgp588fyyywes74gm8p4wjgs4369ns,channel-253,channel-1,0.01244489167382985,1.244489167382985
CC6A05C5C333489C47E86851CAB08E1AF41CA6FDA8F541677AD95F323FDFBBC8,osmo1ug54mpujhgp588fyyywes74gm8p4wjgsrrarph,genesis1ug54mpujhgp588fyyywes74gm8p4wjgs4369ns,channel-253,channel-1,0.01244489167382985,0.1244489167382985
89652A7723B391C994965375A09C582FC4343DF748795CD7B5079C96EBA18BCB,osmo16aypymlama0lk5s8c9s30s09eacpvwnav7ewjv,genesis16aypymlama0lk5s8c9s30s09eacpvwna6v7gqt,channel-253,channel-1,0.013326612427973537,61.30241716867827
EE91B57BF01A7F656D6EF7941E2FF67546A00BE5E091316DF1C114D4AD27FB2F,osmo1043xysa0tjndt6c80ymcgc7u4ksf76w82ttwtl,genesis1043xysa0tjndt6c80ymcgc7u4ksf76w8uevgec,channel-253,channel-1,0.08143642227696739,1.1490048528793382
E4853CF800DAE24EECAA51BC5CBC25D171FCD45A8B33CDE1812DA5405DF41EBC,osmo18n33ywygvrrzqspewsh7f5c4dkp00le0mjxfr8,genesis18n33ywygvrrzqspewsh7f5c4dkp00le0dqp03q,channel-253,channel-1,0.08143642227696739,1.4489502476392366
BA59F60EDFB3BB242756A20EA9D899520F31031A464B8156E3B6D80A434E5B1A,osmo1qnlxnneluedfg3lusv8r36t5c0s4r2p0dlsn28,genesis1qnlxnneluedfg3lusv8r36t5c0s4r2p0mdh4cq,channel-253,channel-1,0.08143642227696739,1.7916012900932825
9D8826E9CB5BC7204A2FE1D4B344087CFDB0EB06AF2E85DFC6D1EE0E3DFE91E6,osmo1qnlxnneluedfg3lusv8r36t5c0s4r2p0dlsn28,genesis1qnlxnneluedfg3lusv8r36t5c0s4r2p0mdh4cq,channel-253,channel-1,0.08143642227696739,1.87303771237025
