chain_name,token_denom,token_name,token_symbol,token_display,token_exponent,coingecko_id,native_chain_name,native_denom,token_origin,last_refresh,ingestion_date,is_gov_token,source
osmosis,ibc/9089F502BAC92F544DDFE8ADB6C205DAC5541E4BA3166C89C7A0AAC30BDF86C1,LP Bow: wBTC.axl-MNTA,LP wBTC.axl-MNTA,lp-wbtc-mnta,6,,kujira,factory/kujira1vj39mdwekxznxxa97fv5gt957cghfdqhwju8fdv5ysu0x6vsyhps4zmqjl/ulp,native,2022-09-02T21:39:16Z,2024-04-15T21:20:27.885000,false,chain-registry
osmosis,ibc/D2F6AD62E486AC49EA6A3D871589051BBF0C7FA690D1122109228B4DB6F8D7C3,Neptune Receipt TIA,nTIA,nTIA,6,,injective,inj1fzquxxxam59z6fzewy2hvvreeh3m04x83zg4vv,native,2022-09-02T21:39:16Z,2024-05-29T17:48:45.249000,false,chain-registry
osmosis,ibc/CE935BFE39C10FC51EAC6D0BCC81D821F8FCC9B34CECE79A665C1A902796A5A3,LP Bow: ampMNTA-MNTA,LP ampMNTA-MNTA,lp-ampmnta-mnta,6,,kujira,factory/kujira1vj36ntsqd3msc69lxldcv9dd50jngknmael9e07rz4fpn5kyq0jsglvz2m/ulp,native,2022-09-02T21:39:16Z,2024-04-15T21:20:27.902000,false,chain-registry
osmosis,ibc/F8F64AD22A0C0A1F410802C198380445FEF8408343C28A6783D304D2DC732E06,qcAQLA,qcAQLA,qcAQLA,6,,kujira,factory/kujira1d9fmsgvu3yvvppvqech2s3dhrqdm5ukngcf82ghcl70edfpwcrlsu6yr0u/urcpt,native,2022-09-02T21:39:16Z,2024-06-14T15:55:54.192000,false,chain-registry
osmosis,ibc/04DDB3C027A5C06F499684FF02E80744CABC705ECF015460F52AE6E280006180,Lumen (XLM) pegged token,XLM,lumen,7,,cryptoorgchain,baseXLM,native,2022-09-02T21:39:16Z,2024-03-26T02:26:22.717000,false,chain-registry
osmosis,ibc/244F371FC54B43555422755D59FA35BE4C8B54F3C229DAE3C502438DE93966F4,LP Bow: wTAO.grv-MNTA,LP wTAO.grv-MNTA,lp-wtao-mnta,6,,kujira,factory/kujira1gz2kvfw7hpds9fvygwkj64znl3a9pw697g77cspcq5y4vj3ru45s7qc0rd/ulp,native,2022-09-02T21:39:16Z,2024-04-15T21:20:27.853000,false,chain-registry
osmosis,ibc/8D583CBBE5A56BF067F5F4A4435BDEF5630B719CBAEE40ED382D9857B7B4DA9F,LP Bow: PAXG.grv-MNTA,LP PAXG.grv-MNTA,lp-paxg-mnta,6,,kujira,factory/kujira1vqdyup9zxxl9gqy5hwh593vvuc84lstldj7qzt7fylf3q3e3uemqlwpg9y/ulp,native,2022-09-02T21:39:16Z,2024-04-15T21:20:27.887000,false,chain-registry
osmosis,ibc/9F2A4977DDCEBD90F0836CBED43771779303E91C775811ADE3F7BDCBFAEBBF74,LP Bow: SOL.wh-MNTA,LP SOL.wh-MNTA,lp-sol-mnta,6,,kujira,factory/kujira1eqd96322ec258w7k9n9cfqkusrlvzwv38jkph3qs720egdv0epmq70j2zl/ulp,native,2022-09-02T21:39:16Z,2024-04-15T21:20:27.844000,false,chain-registry
osmosis,ibc/D3106C9AB1815B5115EB5530A61A583C609537261E97CC296DF3499728332914,BackBone Labs Liquid Staked Injective,bINJ,bINJ,18,,injective,factory/inj1dxp690rd86xltejgfq2fa7f2nxtgmm5cer3hvu/bINJ,native,2022-09-02T21:39:16Z,2024-07-12T19:56:40.265000,false,chain-registry
osmosis,ibc/1D9AA33D07A3149FE978FD838532456AC8DD4977D0F91E4CC295D1BF8AEEC88E,LP Bow: NTRN-MNTA,LP NTRN-MNTA,lp-ntrn-mnta,6,,kujira,factory/kujira18lhugzap20ndlqr5j2p86yk4pxpe9jjuac05z0ypxuwn3mm5vjhsjh4etr/ulp,native,2022-09-02T21:39:16Z,2024-04-15T21:20:27.834000,false,chain-registry
osmosis,ibc/B1F5B3E97E0A21EAEC9E98F19F33965044350B5A21E19DD5FD6B90D715EBB30F,AQLA,AQLA,AQLA,6,aqualibre,kujira,factory/kujira1xe0awk5planmtsmjel5xtx2hzhqdw5p8z66yqd/uaqla,native,2022-09-02T21:39:16Z,2024-06-14T15:55:54.192000,false,chain-registry
osmosis,ibc/3844698176E6FF5320C00B26051889EDE556B8C5F67DF4D7B825705C67317539,LP Bow: FUZN-MNTA,LP FUZN-MNTA,lp-fuzn-mnta,6,,kujira,factory/kujira1622xuv8unv22xzazljvqh8uukcdz3yzmrp6axgerh7vxg4kum5tqcwcqmv/ulp,native,2022-09-02T21:39:16Z,2024-04-15T21:20:27.817000,false,chain-registry
osmosis,ibc/43E2B0BB9753B6090023055F150B6EB56DBC8A84338F2560E520D7A18DDBF812,Wind Token,WIND,wind,6,,juno,factory/juno1h6y8tkceau4d8zyv5aa0fwdj2pa2y0gz2hx0tq/uwind,native,2022-09-02T21:39:16Z,2024-05-01T01:36:21.737000,false,chain-registry
osmosis,ibc/F7010C91F571EB7AD7C47B4419B37335F5A6EB2A53EFB8D1860F29D561F44AA4,LP Bow: DOT.axl-MNTA,LP DOT.axl-MNTA,lp-dot-mnta,6,,kujira,factory/kujira10qyzrqaza0f593cmnl4sc3p3nhqqakn9j56d899u723pznxpn8us6cypuw/ulp,native,2022-09-02T21:39:16Z,2024-04-15T21:20:27.807000,false,chain-registry
osmosis,ibc/79DD486C76A7E3E26209CB43CD7F7D7E63B25B59A76A69F9E44398B8BDBEDA86,Neptune Receipt INJ,nINJ,nINJ,18,,injective,inj1rmzufd7h09sqfrre5dtvu5d09ta7c0t4jzkr2f,native,2022-09-02T21:39:16Z,2024-05-29T17:48:45.244000,false,chain-registry
osmosis,ibc/AE9CCAE166980A396B2FD517C67D73F9958D9E6429CAFF61C922419286E4DD97,PSTAKE staked HUAHUA,stkHUAHUA,stkhuahua,6,,persistence,stk/uhuahua,native,2022-09-02T21:39:16Z,2024-03-28T02:25:27.641000,false,chain-registry
osmosis,ibc/DB34B0EEC2BF3E9838F5E8FFCDB3168EEB3683C1F300E4E3A1F867115F5D8666,Ghost Vault USK,xUSK,xusk,6,,kujira,factory/kujira1w4yaama77v53fp0f9343t9w2f932z526vj970n2jv5055a7gt92sxgwypf/urcpt,native,2022-09-02T21:39:16Z,2024-04-15T21:20:27.803000,false,chain-registry
osmosis,ibc/2F3125519E29C31D646E821BD2DFA91E9AAA077E070CFA2D6291B320C02F9758,LP Bow: ATOM-MNTA,LP ATOM-MNTA,lp-atom-mnta,6,,kujira,factory/kujira1h9f3k54j060pzlnea8ep8qfymsmwl5yhwc5hqept5p2esqzve7tq2ghnm4/ulp,native,2022-09-02T21:39:16Z,2024-04-15T21:20:27.859000,false,chain-registry
osmosis,ibc/385A0231CE80808AEEFDB6A66DF36CB32B879B9B6D2C7A2DE9F6ABC8CEBE95CD,LP Bow: STARS-MNTA,LP STARS-MNTA,lp-stars-mnta,6,,kujira,factory/kujira1av284rnqh6s0l2lwdqgpgz8wuva3wh9lkmlsupjd9escn5v4fels6kwc7v/ulp,native,2022-09-02T21:39:16Z,2024-04-15T21:20:27.839000,false,chain-registry
osmosis,ibc/11A449407C2683D08C8FD2ADD091F1F08AF5F39AFCB5FDAA2476E2386D773C7F,LP Bow: qcMNTA-MNTA,LP qcMNTA-MNTA,lp-qcmnta-mnta,6,,kujira,factory/kujira1ul00h0a2kgcg9x2yfa86wj9qguhyv7jmpjpw6ztt24j9mn9xjw3slawyc8/ulp,native,2022-09-02T21:39:16Z,2024-04-15T21:20:27.900000,false,chain-registry
osmosis,ibc/65DBF703194F41E26A236F929E45899A3FF2EE20B411D284833DD5056FD6C165,BackBone Labs Liquid Staked KUJI,bKUJI,bKUJI,6,,kujira,factory/kujira15e8q5wzlk5k38gjxlhse3vu6vqnafysncx2ltexd6y9gx50vuj2qpt7dgv/boneKuji,native,2022-09-02T21:39:16Z,2024-03-23T02:25:26.318000,false,chain-registry
osmosis,ibc/6569248F0ADF74C0751A48AE8D19F28B40565629265956DA4BEBFBFD73F72F0A,Neptune Receipt USDT,nUSDT,nUSDT,6,,injective,inj1cy9hes20vww2yr6crvs75gxy5hpycya2hmjg9s,native,2022-09-02T21:39:16Z,2024-05-29T17:48:45.248000,false,chain-registry
osmosis,ibc/21D8071EF5B02A86D945430D859A594CBF28287D38104A264BB9FD3B22BBF5DE,Axelar Wrapped YUM,YUM.axl,yum,18,,axelar,yum-wei,"[{""type"":""bridge"",""chain_name"":""ethereum"",""base_denom"":""0xcE682c89C63d2850Cb2ca898E44D6c7c30d897a6""}]",2022-09-02T21:39:16Z,2024-07-01T18:46:33.406000,false,chain-registry
osmosis,ibc/1677258604C2F25AD5F96FACA84C6E6CFD91058D7BAB04D0037149D76945B14F,LP Bow: wFTM.axl-MNTA,LP wFTM.axl-MNTA,lp-wftm-mnta,6,,kujira,factory/kujira18mveas6xseaqu3fmukwv2ac6mp4hszk08lvyamedytjs0kxm42yqs9v89x/ulp,native,2022-09-02T21:39:16Z,2024-04-15T21:20:27.837000,false,chain-registry
osmosis,ibc/1BB0526B9AA62BA74FEB4A37882356DC3C75FCDB36DA0FE125B653F5C40692BD,LP Bow: LINK.axl-MNTA,LP LINK.axl-MNTA,lp-link-mnta,6,,kujira,factory/kujira1gnvja05kkmpeh9dnxl0c2p4sde7fpsy2r44njzyqgpsf72nqs78q3gzpzc/ulp,native,2022-09-02T21:39:16Z,2024-04-15T21:20:27.851000,false,chain-registry
osmosis,ibc/FD87C696C7C65DD83ED3E055700F7D3435F957BB955580D6D7FB1211CA39E2C5,Ghost Vault MNTA,xMNTA,xmnta,6,,kujira,factory/kujira1ya42knfcsvy6eztegsn3hz7zpjvhzn05ge85xa2dy2zrjeul9hnspp3c06/urcpt,native,2022-09-02T21:39:16Z,2024-04-15T21:20:27.805000,false,chain-registry
osmosis,ibc/40F23685A8224D36C399BC4ACE9C18BA4086C2740A0250661246B1FD56932A36,LP Bow: OSMO-MNTA,LP OSMO-MNTA,lp-osmo-mnta,6,,kujira,factory/kujira1ygperwf0dc9ng2jffj0pwnnray3rscn9el6d78qjtt25qwgqukqszmdwtv/ulp,native,2022-09-02T21:39:16Z,2024-04-15T21:20:27.891000,false,chain-registry
osmosis,ibc/8ED0F4F84A6035D7DE3E0D6B8A0258401496C7366481F7C863C0B7B738C37A2B,BackBone Labs Liquid Staked JUNO,bJUNO,bJUNO,6,backbone-labs-staked-juno,juno,cw20:juno1mvkgcr5uce2rnpzr4qrzf50hx4qreuwzlt7fzsjrhjud3xnjmttq5mkh2m,native,2022-09-02T21:39:16Z,2024-03-23T02:25:26.325000,false,chain-registry
osmosis,ibc/7D29299F83EE5EF41D31772E8855DE4A951C784FF8BD65C1A818E2A5E4155E8C,LP Bow: UNI.axl-MNTA,LP UNI.axl-MNTA,lp-uni-mnta,6,,kujira,factory/kujira1t4mr2xt4ky4mfwcy752chzlquam3hzs44mt8vwyec8mvypmzxu5s90vamt/ulp,native,2022-09-02T21:39:16Z,2024-04-15T21:20:27.881000,false,chain-registry
osmosis,ibc/8399DAC94D7384B38E7B2678319BFA83BFEE05B4E1FE478594CB8EDFDB4239D8,LP Bow: DYM-MNTA,LP DYM-MNTA,lp-dym-mnta,6,,kujira,factory/kujira1fg7wmsde7ygw3pm6hqmd29cdvp947anajmunsvk0guvjta3md25qdqk4fw/ulp,native,2022-09-02T21:39:16Z,2024-04-15T21:20:27.846000,false,chain-registry
osmosis,ibc/4E0CAF413F1CCA835513760C2954B9A9252CB8830C375F42E5B08AD9BDE54046,LP Bow: AKT-MNTA,LP AKT-MNTA,lp-akt-mnta,6,,kujira,factory/kujira1gnftck9586x0nhsqsj99k9zednl6tx4kezu9hpph0u6jtqnafpyqxha3me/ulp,native,2022-09-02T21:39:16Z,2024-04-15T21:20:27.849000,false,chain-registry
osmosis,ibc/ABD268673DB2949B3A786C02107AB813A1C2940A547EA48959EB5C4564C8CF13,LP Bow: WHALE-MNTA,LP WHALE-MNTA,lp-whale-mnta,6,,kujira,factory/kujira1jsjygyj8hwa4f0p9wwgct4yzmzzexe5x5u6l40l7ty2qzwwwsemqavhk3x/ulp,native,2022-09-02T21:39:16Z,2024-04-15T21:20:27.863000,false,chain-registry
osmosis,ibc/BD47A21BFEF3D6E605D836008FD7CB87CE8A6DE777E1CDD74C2CFC516DC17CF1,LP Bow: SOMM-MNTA,LP SOMM-MNTA,lp-somm-mnta,6,,kujira,factory/kujira17djzq5x5e5zm9q9zlp6dtxdt9p8q2zvj0qtmjs0wrxm5g9e2vf5q9d6y2t/ulp,native,2022-09-02T21:39:16Z,2024-04-15T21:20:27.830000,false,chain-registry
osmosis,ibc/ED5EE9418C10EA7AD657C2A72965B1DA9FA60BC4822E4F8D172B2F731973A3DB,LP Bow: wstETH.axl-MNTA,LP wstETH.axl-MNTA,lp-wsteth-mnta,6,,kujira,factory/kujira1qx3hcr297qmgjt5f6u9peldf4phxqufvmew8d3eey3ns29e8qp3snj6jfu/ulp,native,2022-09-02T21:39:16Z,2024-04-15T21:20:27.875000,false,chain-registry
osmosis,ibc/78EEAD391728C69DDCF8A3AC4CA61A4CE078931F0D1295AA486DDFD4E755A5C2,LP Bow: ARB-MNTA,LP ARB-MNTA,lp-arb-mnta,6,,kujira,factory/kujira1kc90tgn4ucvdv4c9xycktanwz2lna0nfel6244ylqjvhaetfntusnmyu3d/ulp,native,2022-09-02T21:39:16Z,2024-04-15T21:20:27.861000,false,chain-registry
osmosis,ibc/1A88CB5079A3D890F4D2FD7EF26B53597942E1AD69AA276D325E003946A805B9,LP Bow: TIA-MNTA,LP TIA-MNTA,lp-tia-mnta,6,,kujira,factory/kujira1cpdyhrkwdnz38u45el3zq7007at9dm6h05tc36zpxvs6vrdwzrrskt0tgg/ulp,native,2022-09-02T21:39:16Z,2024-04-15T21:20:27.842000,false,chain-registry
osmosis,ibc/8BB226CA0F40BCECBBE103727E998216F0CB760E6F25486C65AA84D40DA8218E,LP Bow: stOSMO-OSMO,LP stOSMO-OSMO,lp-stosmo-osmo,6,,kujira,factory/kujira18sek950cg92gd0kvpj67dfg6p7kee6hzw92etcf2jgufr3mttvaslt5sal/ulp,native,2022-09-02T21:39:16Z,2024-04-15T21:20:27.896000,false,chain-registry
osmosis,ibc/F7ED35989BD0A90E51600A489FCE11239E8D23D9A40871C0C8B54FA59648A037,xTalis Token,XTALIS,xTalis,6,,injective,factory/inj1maeyvxfamtn8lfyxpjca8kuvauuf2qeu6gtxm3/xTalis,native,2022-09-02T21:39:16Z,2024-06-05T02:25:33.291000,false,chain-registry
osmosis,ibc/196DA39BF8326456C777CF68FB37F2A46906C433DF13CD61B6F10DED059C5C59,LP Bow: wETH.axl-MNTA,LP wETH.axl-MNTA,lp-weth-mnta,6,,kujira,factory/kujira17x2v39aut0paj5d6wc5jxvqqxrdhy9kvca4y5xn6vsfpsxkgc6gq7n4tg0/ulp,native,2022-09-02T21:39:16Z,2024-04-15T21:20:27.832000,false,chain-registry
osmosis,ibc/705921BB3A57A18040D83B68EB11EADE8C406BD5904A31A8C511C4D8E80DFC69,LP Bow: AXL-MNTA,LP AXL-MNTA,lp-axl-mnta,6,,kujira,factory/kujira1h929g9e9vxhc5y8v7uexdrncacxdatjupr67velewafwepfyfaaq6s7l3v/ulp,native,2022-09-02T21:39:16Z,2024-04-15T21:20:27.857000,false,chain-registry
osmosis,ibc/9C3C83D6459E91A576BB1895A1CB3B193F372F991938B993A887C312C8D91180,LP Bow: yieldETH.axl-MNTA,LP yieldETH.axl-MNTA,lp-yieldeth-mnta,6,,kujira,factory/kujira1u8dluwa4a83q7anz0cgpmma605r07a06f0789ajcl8l0xjrplqss005cgn/ulp,native,2022-09-02T21:39:16Z,2024-04-15T21:20:27.883000,false,chain-registry
osmosis,ibc/A33F7AAD8AEB6BFBEAEAD6DBBAD3A88DB094FA76103F921A8893D99D9FBC9176,Banana Token,BANANA,banana,6,,juno,cw20:juno1s2dp05rspeuzzpzyzdchk262szehrtfpz847uvf98cnwh53ulx4qg20qwj,native,2022-09-02T21:39:16Z,2024-03-24T02:25:28.090000,false,chain-registry
osmosis,ibc/E18301430BFEE9CA2F42A9398B30CAD515FBB486C055C4143A398912E7596985,LP Bow: wBNB.axl-MNTA,LP wBNB.axl-MNTA,lp-wbnb-mnta,6,,kujira,factory/kujira1y24jwsv84lnuv5j78qeqz5ujjpd058qsft7wfc0nk9jvycugm32sqnq53d/ulp,native,2022-09-02T21:39:16Z,2024-04-15T21:20:27.889000,false,chain-registry
osmosis,ibc/B351F27120B734245F9F91C54B968FA3872980FC0A06AD3632789BA8E396B090,LP Bow: MNTA-KUJI,LP MNTA-KUJI,lp-mnta-kuji,6,,kujira,factory/kujira1h75predtjdm2e7u8cuvqs3usc6xs2mxlkcr20zsshvw3qap25frsr4z949/ulp,native,2022-09-02T21:39:16Z,2024-04-15T21:20:27.855000,false,chain-registry
osmosis,ibc/2682393F9FBCA80BA3BB2E2E20429E2BEF742DD4BE871A70D2CB566B3F39CD33,Neptune Receipt WETH,nWETH,nWETH,18,,injective,inj1kehk5nvreklhylx22p3x0yjydfsz9fv3fvg5xt,native,2022-09-02T21:39:16Z,2024-05-29T17:48:45.247000,false,chain-registry
osmosis,ibc/A15D9CEFBBA2FDE3A56BB8136F4A427669FF960B926E297893E1D6F379E5C32F,LP Bow: SCRT-MNTA,LP SCRT-MNTA,lp-scrt-mnta,6,,kujira,factory/kujira1p7w9ncnnme9yzzhrvzv0hnsa5u5ga06v0ckt7lq9yfap04hc5k9sn2vf6w/ulp,native,2022-09-02T21:39:16Z,2024-04-15T21:20:27.865000,false,chain-registry
osmosis,ibc/B7F48A3DD9596952B544ABD08D7EAE2E25B87975E3E57FEECADE76531BAD609B,LP Bow: wstETH.axl-wETH.axl,LP wstETH.axl-wETH.axl,lp-wsteth-weth,6,,kujira,factory/kujira1lyyeyuw4qgan6nz45thw2m0nmxa457uz7cp9dqw5d9a0h7ccek7qavkm6g/ulp,native,2022-09-02T21:39:16Z,2024-04-15T21:20:27.898000,false,chain-registry
osmosis,ibc/E10C7B82944E34252993966B817F7237E2CC79F3BBFE53139C3A5AB8ED986D92,LP Bow: wMATIC.axl-MNTA,LP wMATIC.axl-MNTA,lp-wmatic-mnta,6,,kujira,factory/kujira1smfdnww47xav4nn849xphku3gk3xp7a24fk533dce8masnsz4v8quklajx/ulp,native,2022-09-02T21:39:16Z,2024-04-15T21:20:27.878000,false,chain-registry
osmosis,ibc/5A3226160425AB4ACAA48E6DEEE36D523C827A5D3D12C260ADC73F1197C0D98A,LP Bow: DYDX-MNTA,LP DYDX-MNTA,lp-dydx-mnta,6,,kujira,factory/kujira13g2eelkf9q4md4xx52ylqvlgpccn50f2vyu05eazufd2g4jatmhq2425pq/ulp,native,2022-09-02T21:39:16Z,2024-04-15T21:20:27.811000,false,chain-registry
osmosis,ibc/44D4712AE76B6F0B7FFD947175014DA27DE362F95DF261437184298AB95CCBED,LP Bow: SHD-MNTA,LP SHD-MNTA,lp-shd-mnta,6,,kujira,factory/kujira12tpc335t72qtrjh64ccdydzsr9qtswkqn72cyvfj4d5hmtgynphsv4xjtu/ulp,native,2022-09-02T21:39:16Z,2024-04-15T21:20:27.809000,false,chain-registry
osmosis,ibc/1FAE6364F8887D5FFC70C83F9D68174416C0A20494AABC31EB8367CB64DC0ACC,LP Bow: wETH.axl-USK,LP wETH.axl-USK,lp-weth-usk,6,,kujira,factory/kujira1n648rfqqvjxm6c7zgfnfqay85rkapgg0z7da9pnmjazz5m5d7l0qxdtq90/ulp,native,2022-09-02T21:39:16Z,2024-04-15T21:20:27.904000,false,chain-registry
osmosis,ibc/AE83C5C4391268FBCE1AB853C995C8F1B3346647B4DF3A6B2719EEC808C30F93,LP Bow: wAVAX.axl-MNTA,LP wAVAX.axl-MNTA,lp-wavax-mnta,6,,kujira,factory/kujira15pk8c09vcsgsdq4xlh2qfqxtu2r8pgdy7nggkqj8p3h2phke80pqwnvtzk/ulp,native,2022-09-02T21:39:16Z,2024-04-15T21:20:27.813000,false,chain-registry
osmosis,ibc/D422CA66840D07C5A5DD380CF0D09ABBE455C30977E8AF11C55C280675DC7F2C,LP Bow: INJ-MNTA,LP INJ-MNTA,lp-inj-mnta,6,,kujira,factory/kujira1znx048dcc6arqfw6kpckl0k4ts2h7cdx20nk22wz2cxh5vle3wxqknk238/ulp,native,2022-09-02T21:39:16Z,2024-04-15T21:20:27.893000,false,chain-registry
osmosis,ibc/1F6175290F87534F4F196FA8F82B0123BED1775CB14FA3F1EDEB8984E98C60FC,Talis Token,TALIS,Talis,6,,injective,factory/inj1maeyvxfamtn8lfyxpjca8kuvauuf2qeu6gtxm3/Talis,native,2022-09-02T21:39:16Z,2024-06-06T22:35:10.147000,false,chain-registry
osmosis,ibc/04D23137EBF911EB4CCD712A30E8FD54D501DFA575633C05A55049EE3C339DF1,NAMI,NAMI,nami,6,nami-protocol,kujira,factory/kujira13x2l25mpkhwnwcwdzzd34cr8fyht9jlj7xu9g4uffe36g3fmln8qkvm3qn/unami,native,2022-09-02T21:39:16Z,2024-04-21T02:25:22.703000,false,chain-registry
osmosis,ibc/9009F443CDA935E39C716AD5F958ED22210737E51550A1E6A8C916F9594B5602,LP Bow: CHEQ-MNTA,LP CHEQ-MNTA,lp-cheq-mnta,6,,kujira,factory/kujira15w6jhxsv924mn9cfr0qg9z36hltmw4rzd68x40d9re6hzyhslumqjw9zqd/ulp,native,2022-09-02T21:39:16Z,2024-04-15T21:20:27.815000,false,chain-registry
osmosis,ibc/D794D795D87B7027F5DCD7970385AB764DD3973AAB1D7872A5DA87B4419E8D88,Neptune Receipt ATOM,nATOM,nATOM,6,,injective,inj16jf4qkcarp3lan4wl2qkrelf4kduvvujwg0780,native,2022-09-02T21:39:16Z,2024-05-29T17:48:45.246000,false,chain-registry
osmosis,ibc/24DB48F51D035B58072C5237354740B578B6648BAC78959921163AC98EAC2377,PSTAKE staked XPRT,stkXPRT,stkxprt,6,,persistence,stk/uxprt,native,2022-09-02T21:39:16Z,2024-04-18T02:26:07.477000,false,chain-registry
osmosis,ibc/3561B86D3E5B4D574B47BCD4AFDB84FC5B4DCD2E6E3F1FEF39AABE85137A365A,ampGASH,ampGASH,ampGASH,6,,migaloo,factory/migaloo1nsskhvvh0msm7d5ke2kfg24a8d4jecsnxd28s27h0uz5kf9ap60shlqmcl/ampGASH,native,2023-03-16T14:06:52Z,2024-06-12T02:26:11.336000,false,chain-registry
osmosis,ibc/698A7B8E3CFC0E7831B3DA4BF2525907AF1277FC2D1ABBC21F1114CE9751C04A,lsdSHARK,lsdSHARK,lsdSHARK,6,,migaloo,factory/migaloo1p3aj9f09d7c4jxhgue0hpdpw370j6gzc59nxxx6l8d0gc9f9rfwsdwetus/lsdSHARK,native,2023-03-16T14:06:52Z,2024-03-21T16:44:51.057000,false,chain-registry
osmosis,ibc/ADBDAED6F14E5BE1392CE79F29A59F362E53261A87D3ACF8244A88DA428A100E,GASH,GASH,gash,6,,migaloo,factory/migaloo1r9x8fz4alekzr78k42rpmr9unpa7egsldpqeynmwl2nfvzexue9sn8l5rg/gash,native,2023-03-16T14:06:52Z,2024-04-06T02:25:48.611000,false,chain-registry
osmosis,ibc/10F7891A60D0600D1A9E87EB4C9FD14078FD755FB18380B5F94C146C3C78E5E0,USDLR by Stable,USDLR,usdlr,6,,noble,uusdlr,native,2023-03-30T17:55:51Z,2024-05-17T02:25:43.825000,false,chain-registry
osmosis,ibc/E40B7DE4A2723609B4D260B2022C279C0FE389494ECB093A46970F0C711F72B3,BackBone Labs Liquid Staked HUAHUA,bHUAHUA,bHUAHUA,6,backbone-labs-staked-huahua,chihuahua,cw20:chihuahua1jz5n4aynhpxx7clf2m8hrv9dp5nz83k67fgaxhy4p9dfwl6zssrq3ymr6w,native,2023-12-11T20:53:33Z,2024-03-23T02:25:26.325000,false,chain-registry
osmosis,ibc/B8E9F6D1033BB3FD7E829360FC1179AA9C2DCA5CF92DFFFB3DE0DE536647CBCE,Burned HUAHUA,ashHUAHUA,ashHUAHUA,6,,chihuahua,factory/chihuahua1hplyuj2hzxd75q8686g9vm3uzrrny9ggvt8aza2csupgdp98vg2sp0e3h0/uhuahua.ash,native,2023-12-11T20:53:33Z,2024-05-29T17:48:45.244000,false,chain-registry
osmosis,ibc/7DE62AFCFDAD531827A9D670EB384AFD00F924FF1D9C87EDBD5E59295D1EC186,ERIS MOAR,MOAR,MOAR,6,,terra2,factory/terra1dndhtdr2v7ca8rrn67chlqw3cl3xhm3m2uxls62vghcg3fsh5tpss5xmcu/MOAR,native,2024-03-13T16:23:14Z,2024-04-19T17:03:27.502000,false,chain-registry
osmosis,ibc/F9396A79CB7F8F494EB891E4E092347F580085CD2A2CFAA094E9D0E2B4513BB4,LUNA-USDC LP Token URA,LUNA-USDC-LP,luna-usdc-lp,6,,terra2,factory/terra12jxfw2vg4cu6mxlgf39dp5ccxtuwm468w8eh9cnh2qsxc9t0sffs7ekhft/ULUN-IBC/-LP,native,2024-03-13T16:23:14Z,2024-05-24T21:30:29.800000,false,chain-registry
osmosis,ibc/2532FED31F0AEECB6B78B5F180204CD661EE92F821E2F609CFB3B1029A614619,ashLUNA,ashLUNA,ashLUNA,6,,terra2,factory/terra1f5cfm48gcezl3cx25l64ngc4yktnmx7rcpj3kggu6v273742sqqs5yn5ks/luna.ash,native,2024-03-13T16:23:14Z,2024-06-27T02:25:26.163000,false,chain-registry
osmosis,ibc/DEFCDF777CBBFC7226F370063D21E09FD90B4E4E725E428AD99E40A1BF0581B4,LADS,LADS,lads,6,,terra2,cw20:terra1eh8eq60cjy997w5dc3a6exfzanlaurupav8klx7m9u9ddfgh25mqjwl5vj,native,2024-03-13T16:23:14Z,2024-04-02T13:38:37.002000,false,chain-registry
osmosis,ibc/D6C6D0D25313C059D1C38D2DC47662B9AE3E12A0E7C39A436578F2D5F16F2E6B,LUNA-USDT LP Token URA,LUNA-USDT-LP,luna-usdt-lp,6,,terra2,factory/terra1w9spejtuac5dt0gympq576uhwde39exhh7hdxwl99rjvaphfukkq6y4cv7/ULUN-IBC/-LP,native,2024-03-13T16:23:14Z,2024-05-24T21:30:29.800000,false,chain-registry
osmosis,ibc/49435E271EC094BF8D03BDE8FABE92A48DDB5470417F57BF29DC3313CC8C4DC0,CLON,CLON,CLON,6,,terra2,cw20:terra164ssz60yvsxey0ku9mtcaegdeyxwzuwwqyrp238nvflwqve0pvxsra7fa2,native,2024-03-13T16:23:14Z,2024-04-14T02:25:46.482000,false,chain-registry
osmosis,ibc/2AFB70B63AEB2675B92600DF502F7D46AF8D36F4250C0C168B1B38E4786D8847,ATOM-LUNA LP Token URA,ATOM-LUNA-LP,atom-luna-lp,6,,terra2,factory/terra1djk2zl83dspt696ex5crhfacu8vm6934576t4zdd2592fzyahr2qma6guq/ULUN-IBC/-LP,native,2024-03-13T16:23:14Z,2024-05-24T21:30:29.800000,false,chain-registry
osmosis,ibc/A6A1B44D1234A9481D2BA8AD777804E40F42C4B57002072CF2E54462870038CA,uoprek,UOPREK,tf/nibi149m52kn7nvsg5nftvv4fh85scsavpdfxp5nr7zasz97dum89dp5qkyhy0t/uoprek,0,,nibiru,tf/nibi149m52kn7nvsg5nftvv4fh85scsavpdfxp5nr7zasz97dum89dp5qkyhy0t/uoprek,native,2024-03-25T19:14:48Z,2024-05-08T02:25:28.367000,false,chain-registry
osmosis,ibc/553D4B783DD4599E28138D5874FFED5D4648ACAF169A04ABEAFAAFE900A019CC,npp,NPP,tf/nibi1xpp7yn0tce62ffattws3gpd6v0tah0mlevef3ej3r4pnfvsehcgqk3jvxq/NPP,0,,nibiru,tf/nibi1xpp7yn0tce62ffattws3gpd6v0tah0mlevef3ej3r4pnfvsehcgqk3jvxq/NPP,native,2024-03-25T19:14:48Z,2024-05-08T02:25:28.367000,false,chain-registry
osmosis,ibc/93439CEF023602D42D8B4F2D0F483730E1A8CC52891AA668CF68DAC984A8FA26,utestate,UTESTATE,tf/nibi1lp28kx3gz0prsztl024z730ufkg3alahaq3e7a6gae22nk0dqdvsyrrgqw/utestate,0,,nibiru,tf/nibi1lp28kx3gz0prsztl024z730ufkg3alahaq3e7a6gae22nk0dqdvsyrrgqw/utestate,native,2024-03-25T19:14:48Z,2024-05-08T02:25:28.367000,false,chain-registry
osmosis,ibc/809498787C8B8ED7215ACADE0B1FE08A798F1DB0FE72CC9289D68EA230FEEBCD,Cifer,CIF,cif,6,,cifer,ucif,native,2024-03-30T17:27:28Z,2024-03-31T02:25:41.447000,true,chain-registry
osmosis,ibc/3C7FF3745FF85CCA532C46498BA14796348FF867D3ED4574CC89A436B8579100,dHealth,DHP,dhp,6,dhealth,dhealth,udhp,native,2024-04-09T19:13:29Z,2024-04-04T23:54:04.612000,false,osmosis-assetlist
osmosis,ibc/7A992B55745940B8F749627A007A9F2FF75D1B1E97079DA258A803DC57EF6688,Takumi Asano,TAKUMI,takumi,6,,neutron,factory/neutron19tynwawkm2rgefqxy7weupu4hdamyhg890zep2/TAKUMI,native,2024-04-13T16:14:58Z,2024-05-28T02:25:24.812000,false,chain-registry
osmosis,ibc/43B1E30A5CB56C6465E1D8F0E5E8CE77D51E6D7236CEE0334737DF9A48051113,Ninja Blaze Token,NBZ,NBZ,6,,neutron,factory/neutron1a6ydq8urdj0gkvjw9e9e5y9r5ce2qegm9m4xufpt96kcm60kmuass0mqq4/nbz,native,2024-04-13T16:14:58Z,2024-05-29T01:49:45.863000,false,chain-registry
osmosis,ibc/320F8D6EC17E14436D19C6D844BB9A5AE9B9A209F6D18364A2191FF08E8732A9,dHealth,DHP,dhp,6,dhealth,dhealth,udhp,native,2024-04-16T21:36:52Z,2024-04-12T02:25:49.705000,false,osmosis-assetlist
osmosis,ibc/BBE825F7D1673E1EBF05AB02000E23E6077967B79547A3733B60AE4ED62C4D32,Shido,SHIDO,SHIDO,18,shido-2,shido,shido,native,2024-04-23T02:52:21Z,2024-04-11T17:48:15.145000,false,osmosis-assetlist
osmosis,ibc/D3FAF77F5DE21C18413B164751239BA7D521A9D8EA53BFE553AADF338A721480,ConsciousDAO,CVN,cvnt,18,consciousdao,conscious,acvnt,native,2024-05-01T22:52:06Z,2024-03-31T02:25:41.447000,false,osmosis-assetlist
osmosis,ibc/4AAC4F12E50C3078782F7321B91F94D83AA5983235ABC800BC3B551026003E2E,NIM Network,NIM,nim,18,,dymension,anim,native,2024-05-02T18:20:52Z,2024-05-01T01:36:21.736000,false,osmosis-assetlist
osmosis,ibc/415797C6CE8DC6E9B4C894EE802B4CF47F74932D282C351A1D9DCB21D94B7162,dHealth,DHP,dhp,6,dhealth,dhealth,udhp,native,2024-05-02T18:20:52Z,2024-04-19T17:03:27.502000,false,osmosis-assetlist
osmosis,ibc/B8FD98E11799F3D76F184A6976CA25EDA8625AE5F05B1875ACF2D430A611DD99,ONEX,ONEX,onex,18,,onex,aonex,native,2024-05-03T16:26:59Z,2024-05-01T16:21:46.780000,true,chain-registry
osmosis,ibc/2EB516F83C9FF44AB6826F269CA98A5622608C6C955E12112E58F23A324FEE07,Pundi X Token,PUNDIX,PUNDIX,18,pundi-x-2,fxcore,eth0x0FD10b9899882a6f2fcb5c371E17e70FdEe00C38,native,2024-05-20T18:02:26Z,2024-04-02T21:28:29.308000,false,osmosis-assetlist
osmosis,ibc/01C449AE0CBD63FCC4D201AA8200E8BB7C10FD6CA53F80C9535F037B9A43C512,Self,SLF,slf,6,self-chain,self,uslf,native,2024-06-26T16:34:19Z,2024-06-27T02:25:26.163000,true,chain-registry
osmosis,ibc/0D4113BDD4043C13A751E79A9EF099C7DFB2E5EA462343B139F52DA3BDD83F9B,AUUU,AUUU,auuu,6,,pryzm,factory/pryzm1jnhcsa5ddjsjq2t97v6a82z542rduxvtw6wd9h/uauuu,native,2024-07-15T17:01:47Z,2024-05-17T22:23:58.403000,false,chain-registry
osmosis,ibc/73C91DAE5E8AAC34C95BE8B969365449FFFC2D900A5FDEF40BA339EB34CE5752,Pryzm,PRYZM,pryzm,6,,pryzm,upryzm,native,2024-07-15T17:01:47Z,2024-05-17T22:23:58.403000,true,chain-registry
osmosis,ibc/DAED51CBD967A3BE0C467687970AFD97B202AFE4A1718B36936F49178AFE0133,Neutaro,NTMPI,neutaro,6,neutaro,neutaro,uneutaro,native,2024-07-22T16:56:22Z,2024-07-11T01:34:08.487000,false,osmosis-assetlist
osmosis,ibc/8D0FFEA4EDB04E3C1738C9599B66AE49683E0540FC4C1214AC84534C200D818B,ether.fi Staked ETH,eETH.pica,eeth,18,ether-fi-staked-eth,ethereum,0x35fa164735182de50811e8e2e824cfb9b6118ac2,native,2024-07-22T16:56:22Z,2024-05-16T21:05:19.350000,false,osmosis-assetlist
osmosis,ibc/E43ABCC7E80E99E4E6E1226AE5695DDE0F83CB5C257CD04D47C36B8B90C1C839,FIRMACHAIN,FCT,fct,6,firmachain,firmachain,ufct,native,2024-07-22T16:56:22Z,2024-07-12T18:20:32.968000,false,osmosis-assetlist
osmosis,factory/osmo1z6r6qdknhgsc0zeracktgpcxf43j6sekq07nw8sxduc9lg0qjjlqfu25e3/alloyed/allBTC,Alloyed BTC,allBTC,allBTC,8,,osmosis,factory/osmo1z6r6qdknhgsc0zeracktgpcxf43j6sekq07nw8sxduc9lg0qjjlqfu25e3/alloyed/allBTC,native,2024-07-22T16:56:22Z,2024-06-19T16:16:35.593000,false,osmosis-assetlist
osmosis,factory/osmo1s6ht8qrm8x0eg8xag5x3ckx9mse9g4se248yss/BERNESE,BERNESE,BERNESE,BERNESE,6,,osmosis,factory/osmo1s6ht8qrm8x0eg8xag5x3ckx9mse9g4se248yss/BERNESE,native,2024-07-22T16:56:22Z,2024-04-19T23:58:08.877000,false,osmosis-assetlist
osmosis,ibc/04FAC73DFF7F1DD59395948F2F043B0BBF978AD4533EE37E811340F501A08FFB,RESTAKE,RSTK,rstk,6,,migaloo,factory/migaloo1d0uma9qzcts4fzt7ml39xp44aut5k6qyjfzz4asalnecppppr3rsl52vvv/rstk,native,2024-07-22T16:56:22Z,2024-04-13T02:25:44.843000,false,osmosis-assetlist
osmosis,ibc/EFC1776BEFB7842F2DC7BABD9A3050E188145C99007ECC5F3526FED45A68D5F5,Cifer,CIF,cif,6,,cifer,ucif,native,2024-07-22T16:56:22Z,2024-04-10T19:56:26.050000,false,osmosis-assetlist
osmosis,factory/osmo17fel472lgzs87ekt9dvk0zqyh5gl80sqp4sk4n/LAB,LAB,LAB,LAB,6,mad-scientists,osmosis,factory/osmo17fel472lgzs87ekt9dvk0zqyh5gl80sqp4sk4n/LAB,native,2024-07-22T16:56:22Z,2024-03-31T09:17:36.635000,false,osmosis-assetlist
osmosis,ibc/BFFE212A23384C4EB055CF6F95A1F5EC1BE0F9BD286FAA66C3748F0444E67D63,Ethena USDe,USDe.pica,usde,18,ethena-usde,ethereum,0x4c9edd5852cd905f086c759e8383e09bff1e68b3,native,2024-07-22T16:56:22Z,2024-05-16T21:05:19.349000,false,osmosis-assetlist
osmosis,ibc/9A8CBC029002DC5170E715F93FBF35011FFC9796371F59B1F3C3094AE1B453A9,Frax,FRAX.pica,frax,18,frax,ethereum,0x853d955acef822db058eb8505911ed77f175b99e,native,2024-07-22T16:56:22Z,2024-04-25T06:03:42.578000,false,osmosis-assetlist
osmosis,ibc/0D62E47FDEBBC199D4E1853C0708F0F9337AC62D95B719585C9700E466060995,Airdrop For All,AFA,cw20:juno1spjes0smg5yp40dl7gqyw0h8rn03tnmve06dd2m5acwgh6tlx86swha3xg,0,,juno,cw20:juno1spjes0smg5yp40dl7gqyw0h8rn03tnmve06dd2m5acwgh6tlx86swha3xg,native,2024-07-22T16:56:22Z,2024-05-10T18:55:14.355000,false,osmosis-assetlist
osmosis,ibc/956AEF1DA92F70584266E87978C3F30A43B91EE6ABC62F03D097E79F6B99C4D8,SEDA,SEDA,seda,18,seda-2,seda,aseda,native,2024-07-22T16:56:22Z,2024-05-04T18:48:42.304000,false,osmosis-assetlist
osmosis,factory/osmo1q77cw0mmlluxu0wr29fcdd0tdnh78gzhkvhe4n6ulal9qvrtu43qtd0nh8/bwh,BeerWifHat,BWH,bwh,6,,osmosis,factory/osmo1q77cw0mmlluxu0wr29fcdd0tdnh78gzhkvhe4n6ulal9qvrtu43qtd0nh8/bwh,native,2024-07-22T16:56:22Z,2024-05-04T02:25:27.727000,false,osmosis-assetlist
osmosis,factory/osmo1k6c8jln7ejuqwtqmay3yvzrg3kueaczl96pk067ldg8u835w0yhsw27twm/alloyed/allETH,Alloyed ETH,allETH,allETH,18,,osmosis,factory/osmo1k6c8jln7ejuqwtqmay3yvzrg3kueaczl96pk067ldg8u835w0yhsw27twm/alloyed/allETH,native,2024-07-22T16:56:22Z,2024-06-27T02:25:26.163000,false,osmosis-assetlist
osmosis,ibc/279D69A6EF8E37456C8D2DC7A7C1C50F7A566EC4758F6DE17472A9FDE36C4426,Nim Network,NIM,nim,18,,nim,anim,native,2024-07-22T16:56:22Z,2024-05-06T22:01:07.456000,false,osmosis-assetlist
osmosis,factory/osmo1svj5kd8kzj7xxtrd6ftjk0856ffpyj4egz7f9pd9dge5wr4kwansmefq07/lab.ash,Burned LAB,ashLAB,ashLAB,6,,osmosis,factory/osmo1svj5kd8kzj7xxtrd6ftjk0856ffpyj4egz7f9pd9dge5wr4kwansmefq07/lab.ash,native,2024-07-22T16:56:22Z,2024-04-12T13:36:00.684000,false,osmosis-assetlist
osmosis,ibc/64E62451C9A5682FF3047429C6E4714A02CDC0C35DE35CAB01E18D1188004CEB,Arbitrum axlETH,axlETH,arbitrum-weth,18,,axelar,arbitrum-weth-wei,native,2024-07-22T16:56:22Z,2024-07-04T03:44:56.368000,false,osmosis-assetlist
osmosis,ibc/2ED09B03AA396BC2F35B741F4CA4A82D33A24A1007BFC1973299842DD626F564,Staked Astroport Token,xASTRO,xASTRO,6,,neutron,factory/neutron1zlf3hutsa4qnmue53lz2tfxrutp8y2e3rj4nkghg3rupgl4mqy8s5jgxsn/xASTRO,native,2024-07-22T16:56:22Z,2024-04-14T02:25:46.481000,false,osmosis-assetlist
osmosis,factory/osmo1q77cw0mmlluxu0wr29fcdd0tdnh78gzhkvhe4n6ulal9qvrtu43qtd0nh8/crazyhorse,HorseShoeBar,CRAZYHORSE,CRAZYHORSE,6,,osmosis,factory/osmo1q77cw0mmlluxu0wr29fcdd0tdnh78gzhkvhe4n6ulal9qvrtu43qtd0nh8/crazyhorse,native,2024-07-22T16:56:22Z,2024-05-13T16:55:53.115000,false,osmosis-assetlist
osmosis,ibc/63551E7BB24008F0AFC1CB051A423A5104F781F035F8B1A191264B7086A0A0F6,crvUSD,crvUSD.pica,crvusd,18,crvusd,ethereum,0xf939e0a03fb07f59a73314e73794be0e57ac1b4e,native,2024-07-22T16:56:22Z,2024-05-16T21:05:19.350000,false,osmosis-assetlist
osmosis,ibc/F2D400F2728E9DA06EAE2AFAB289931A69EDDA5A661578C66A3177EDFE3C0D13,Quicksilver Liquid Staked SAGA,qSAGA,qsaga,6,,quicksilver,uqsaga,native,2024-07-22T16:56:22Z,2024-05-10T18:55:14.346000,false,osmosis-assetlist
osmosis,ibc/080CE38C1E49595F2199E88BE7281F93FAEEF3FE354EECED0640625E8311C9CF,Curve DAO,CRV.pica,crv,18,curve-dao-token,ethereum,0xd533a949740bb3306d119cc777fa900ba034cd52,native,2024-07-22T16:56:22Z,2024-05-16T21:05:19.349000,false,osmosis-assetlist
osmosis,ibc/A5CCD24BA902843B1003A7EEE5F937C632808B9CF4925601241B15C5A0A51A53,Paxos Gold (Gravity Bridge),PAXG.grv,gpaxg,18,,gravitybridge,gravity0x45804880De22913dAFE09f4980848ECE6EcbAf78,native,2024-07-22T16:56:22Z,2024-04-14T02:25:46.480000,false,osmosis-assetlist
osmosis,ibc/3A0A392E610A8D477851ABFEA74F3D828F36C015AB8E93B0FBB7566A6D13C4D6,Tinkernet,TNKR,tnkr,12,tinkernet,picasso,2125,native,2024-07-22T16:56:22Z,2024-04-03T02:25:26.306000,false,osmosis-assetlist
osmosis,ibc/38ADC6FFDDDB7D70B72AD0322CEA8844CB18FAA0A23400DBA8A99D43E18B3748,WEIRD,WEIRD,WEIRD,6,,neutron,factory/neutron133xakkrfksq39wxy575unve2nyehg5npx75nph/WEIRD,native,2024-07-22T16:56:22Z,2024-05-08T02:25:28.366000,false,osmosis-assetlist
osmosis,ibc/2CD9F8161C3FC332E78EF0C25F6E684D09379FB2F56EF9267E7EC139642EC57B,Stride Staked SAGA,stSAGA,stSAGA,6,,stride,stusaga,native,2024-07-22T16:56:22Z,2024-04-09T14:56:52.964000,false,osmosis-assetlist
osmosis,ibc/F618D130A2B8203D169811658BD0361F18DC2453085965FA0E5AEB8018DD54EE,Liquid Staking Token,LST.pica,lst,9,liquid-staking-token,solana,LSTxxxnJzKDFSLr4dUkPcmCf5VyryEqzPLz5j4bpxFp,native,2024-07-22T16:56:22Z,2024-05-29T17:48:45.242000,false,osmosis-assetlist
osmosis,factory/osmo19hdqma2mj0vnmgcxag6ytswjnr8a3y07q7e70p/wLIBRA,Wrapped Libra Coin (LibraBridge),wLIBRA,wLIBRA,6,,osmosis,factory/osmo19hdqma2mj0vnmgcxag6ytswjnr8a3y07q7e70p/wLIBRA,"[{""type"":""bridge"",""chain_name"":""0l"",""base_denom"":""microlibra""}]",2024-07-22T16:56:22Z,2024-04-30T02:25:37.436000,false,osmosis-assetlist
osmosis,factory/osmo1em6xs47hd82806f5cxgyufguxrrc7l0aqx7nzzptjuqgswczk8csavdxek/alloyed/allUSDT,Alloyed USDT,allUSDT,allUSDT,6,tether,osmosis,factory/osmo1em6xs47hd82806f5cxgyufguxrrc7l0aqx7nzzptjuqgswczk8csavdxek/alloyed/allUSDT,native,2024-07-22T16:56:22Z,2024-05-29T17:48:45.243000,false,osmosis-assetlist
osmosis,ibc/58E4261D2E21FE3A459C290A9F97F3DCD257B28F48AAE828298B38E048804829,Gaming RAC Token,GRAC,grac,6,,migaloo,factory/migaloo1eqntnl6tzcj9h86psg4y4h6hh05g2h9nj8e09l/ugrac,native,2024-07-22T16:56:22Z,2024-05-07T02:25:33.659000,false,osmosis-assetlist
osmosis,ibc/A8C568580D613F16F7E9075EA9FAD69FEBE0CC1F4AF46C60255FEC4459C166F1,WHINEcoin,WHINE,whine,6,,solana,ATeTQcUkWGs7AZ15mCiFUWCW9EUL7KpDZEHCN1Y8pump,native,2024-07-22T16:56:22Z,2024-06-05T02:25:33.290000,false,osmosis-assetlist
osmosis,factory/osmo1q77cw0mmlluxu0wr29fcdd0tdnh78gzhkvhe4n6ulal9qvrtu43qtd0nh8/coca,CosmusCartol,COCA,COCA,6,,osmosis,factory/osmo1q77cw0mmlluxu0wr29fcdd0tdnh78gzhkvhe4n6ulal9qvrtu43qtd0nh8/coca,native,2024-07-22T16:56:22Z,2024-05-18T21:00:57.044000,false,osmosis-assetlist
osmosis,ibc/E0D6A7FFAE26FA90C8F1AA3461A5A21E74DB154F183EAE56C96769F48F81FCA2,Pepe Bruce Jenner,PBJ,wormhole/AbYYFgqSQEhe7NyXfo6w75GT7fCanVd9wNg4E9Df2puP/6,6,,gateway,factory/wormhole14ejqjyq8um4p3xfqj74yld5waqljf88fz25yxnma0cngspxe3les00fpjx/AbYYFgqSQEhe7NyXfo6w75GT7fCanVd9wNg4E9Df2puP,native,2024-07-22T16:56:22Z,2024-07-12T02:25:26.023000,false,osmosis-assetlist
osmosis,ibc/62B50BB1DAEAD2A92D6C6ACAC118F4ED8CBE54265DCF5688E8D0A0A978AA46E7,Shido,SHIDO,SHIDO,18,shido-2,shido,shido,native,2024-07-22T16:56:22Z,2024-04-25T06:03:42.577000,false,osmosis-assetlist
osmosis,ibc/AC6EE43E608B5A7EEE460C960480BC1C3708010E32B2071C429DA259836E10C3,Wormhole Token,W,w,6,wormhole,gateway,factory/wormhole14ejqjyq8um4p3xfqj74yld5waqljf88fz25yxnma0cngspxe3les00fpjx/2Wb6ueMFc9WLc2eyYVha6qnwHKbwzUXdooXsg6XXVvos,native,2024-07-22T16:56:22Z,2024-04-03T11:10:32.381000,false,osmosis-assetlist
osmosis,ibc/B4E18E61E1505C2F371B621E49B09E983F6A138F251A7B5286A6BDF739FD0D54,Quicksilver Liquid Staked JUNO,qJUNO,qjuno,6,,quicksilver,uqjuno,native,2024-07-22T16:56:22Z,2024-05-10T18:55:14.346000,false,osmosis-assetlist
osmosis,factory/osmo1q77cw0mmlluxu0wr29fcdd0tdnh78gzhkvhe4n6ulal9qvrtu43qtd0nh8/pbb,Power Bottom,PBB,PBB,6,,osmosis,factory/osmo1q77cw0mmlluxu0wr29fcdd0tdnh78gzhkvhe4n6ulal9qvrtu43qtd0nh8/pbb,native,2024-07-22T16:56:22Z,2024-05-06T22:01:07.476000,false,osmosis-assetlist
osmosis,ibc/F74225B0AFD2F675AF56E9BE3F235486BCDE5C5E09AA88A97AFD2E052ABFE04C,Unstake Fi,NSTK,nstk,6,unstake-fi,kujira,factory/kujira1aaudpfr9y23lt9d45hrmskphpdfaq9ajxd3ukh/unstk,native,2024-07-22T16:56:22Z,2024-03-25T02:25:35.284000,false,osmosis-assetlist
osmosis,ibc/B8C608CEE08C4F30A15A7955306F2EDAF4A02BB191CABC4185C1A57FD978DA1B,Astroport token,ASTRO,astro,6,astroport-fi,neutron,factory/neutron1ffus553eet978k024lmssw0czsxwr97mggyv85lpcsdkft8v9ufsz3sa07/astro,native,2024-07-22T16:56:22Z,2024-04-14T02:25:46.481000,false,osmosis-assetlist
osmosis,ibc/9A83BDF4C8C5FFDDE735533BC8CD4363714A6474AED1C2C492FB003BB77C7982,Jito Staked SOL,jitoSOL.pica,jitosol,9,jito-staked-sol,solana,J1toso1uCk3RLmjorhTtrVwY9HJ7X8V9yYac6Y7kGCPn,native,2024-07-22T16:56:22Z,2024-05-29T17:48:45.243000,false,osmosis-assetlist
osmosis,ibc/245C3CA604AAB4BB9EEA5E86F23F52D59253D8722C8FC9C4E3E69F77C5CD3D2F,Stride Staked ISLM,stISLM,stISLM,18,,stride,staISLM,native,2024-07-22T16:56:22Z,2024-06-20T15:48:33.461000,false,osmosis-assetlist
osmosis,ibc/B87F0F5255CC658408F167C2F7B987A8D914622E1F73BCC267406360588F2B1E,Crowdpunk DAO,CROWDP,crowdp,18,,evmos,erc20/0xfbf4318d24a93753f11d365a6dcf8b830e98ab0f,native,2024-07-22T16:56:22Z,2024-04-06T02:25:48.611000,false,osmosis-assetlist
osmosis,ibc/F17CCB4F07948CC2D8B72952C2D0A84F2B763962F698774BB121B872AE4611B5,Frax Staked Ether,sfrxETH.pica,sfrxeth,18,staked-frax-ether,ethereum,0xac3e018457b222d93114458476f3e3416abbe38f,native,2024-07-22T16:56:22Z,2024-04-25T06:03:42.578000,false,osmosis-assetlist
osmosis,factory/osmo1kqdw6pvn0xww6tyfv2sqvkkencdz0qw406x54r/IBC,IBC,IBC,IBC,6,,osmosis,factory/osmo1kqdw6pvn0xww6tyfv2sqvkkencdz0qw406x54r/IBC,native,2024-07-22T16:56:22Z,2024-03-21T16:44:51.067000,false,osmosis-assetlist
osmosis,ibc/078AD6F581E8115CDFBD8FFA29D8C71AFE250CE952AFF80040CBC64868D44AD3,Tether (Ethereum),USDT.pica,usdt,6,tether,ethereum,0xdac17f958d2ee523a2206206994597c13d831ec7,native,2024-07-22T16:56:22Z,2024-04-25T06:03:42.578000,false,osmosis-assetlist
osmosis,ibc/044B7B28AFE93CEC769CF529ADC626DA09EA0EFA3E0E3284D540E9E00E01E24A,ConsciousDAO,CVN,cvnt,18,consciousdao,conscious,acvnt,native,2024-07-22T16:56:22Z,2024-05-02T18:49:29.821000,false,osmosis-assetlist
osmosis,ibc/D7D6DEF2A4F7ED0A6F5F0E266C1B2C9726E82F67EBBE49BBB47B3DEC289F8D7B,Base axlETH,axlETH,base-weth,18,,axelar,base-weth-wei,native,2024-07-22T16:56:22Z,2024-07-04T03:44:56.369000,false,osmosis-assetlist
osmosis,factory/osmo1q77cw0mmlluxu0wr29fcdd0tdnh78gzhkvhe4n6ulal9qvrtu43qtd0nh8/bag,Baguette,BAG,BAG,6,,osmosis,factory/osmo1q77cw0mmlluxu0wr29fcdd0tdnh78gzhkvhe4n6ulal9qvrtu43qtd0nh8/bag,native,2024-07-22T16:56:22Z,2024-06-15T14:48:43.933000,false,osmosis-assetlist
osmosis,ibc/F9EB60AC212DBF05F4C5ED0FDE03BB9F08309B0EE9899A406AD4B904CF84968E,Polygon axlETH,axlETH,polygon-weth,18,,axelar,polygon-weth-wei,native,2024-07-22T16:56:22Z,2024-07-04T03:44:56.369000,false,osmosis-assetlist
osmosis,ibc/B83F9E20B4A07FA8846880000BD9D8985D89567A090F5E9390C64E81C39B4607,Edgevana Staked SOL,edgeSOL.pica,edgesol,9,edgevana-staked-sol,solana,edge86g9cVz87xcpKpy3J77vbp4wYd9idEV562CCntt,native,2024-07-22T16:56:22Z,2024-05-29T17:48:45.242000,false,osmosis-assetlist
osmosis,ibc/0233A3F2541FD43DBCA569B27AF886E97F5C03FC0305E4A8A3FAC6AC26249C7A,Tether,solana.USDT.pica,usdt,6,tether,solana,Es9vMFrzaCERmJfrF4H2FYD4KCoNkY11McCe8BenwNYB,native,2024-07-22T16:56:22Z,2024-05-29T17:48:45.242000,false,osmosis-assetlist
osmosis,ibc/0F9E9277B61A78CB31014D541ACA5BF6AB06DFC4524C4C836490B131DAAECD78,Wrapped Solana,wSOL.pica,wsol,9,wrapped-solana,solana,So11111111111111111111111111111111111111112,native,2024-07-22T16:56:22Z,2024-05-29T17:48:45.243000,false,osmosis-assetlist
osmosis,ibc/86074B8DF625A75C25D52FA6112E3FD5446BA41FE418880C168CA99D10E22F05,SEIYAN,SEIYAN,SEIYAN,6,,sei,cw20:sei1hrndqntlvtmx2kepr0zsfgr7nzjptcc72cr4ppk4yav58vvy7v3s4er8ed,native,2024-07-22T16:56:22Z,2024-03-25T02:25:35.285000,false,osmosis-assetlist
osmosis,factory/osmo1q77cw0mmlluxu0wr29fcdd0tdnh78gzhkvhe4n6ulal9qvrtu43qtd0nh8/turd,TURDLE,TURD,TURD,6,,osmosis,factory/osmo1q77cw0mmlluxu0wr29fcdd0tdnh78gzhkvhe4n6ulal9qvrtu43qtd0nh8/turd,native,2024-07-22T16:56:22Z,2024-07-16T02:25:26.701000,false,osmosis-assetlist
osmosis,ibc/C1C106D915C8E8C59E5DC69BF30FEF64729A6F788060B184C86A315DBB762EF7,Quicksilver Liquid Staked BLD,qBLD,qbld,6,,quicksilver,uqbld,native,2024-07-22T16:56:22Z,2024-05-10T18:55:14.346000,false,osmosis-assetlist
osmosis,ibc/A23E590BA7E0D808706FB5085A449B3B9D6864AE4DDE7DAF936243CEBB2A3D43,Ethereum,ETH.pica,eth,18,ethereum,ethereum,wei,native,2024-07-22T16:56:22Z,2024-04-25T06:03:42.577000,false,osmosis-assetlist
osmosis,factory/osmo13gu58hzw3e9aqpj25h67m7snwcjuccd7v4p55w/brnz,Branez,BRNZ,factory/osmo13gu58hzw3e9aqpj25h67m7snwcjuccd7v4p55w/brnz,0,,osmosis,factory/osmo13gu58hzw3e9aqpj25h67m7snwcjuccd7v4p55w/brnz,native,2024-07-22T16:56:22Z,2024-03-28T02:25:27.642000,false,osmosis-assetlist
osmosis,ibc/FD506CCA1FC574F2A8175FB574C981E9F6351E194AA48AC219BD67FF934E2F33,dHealth,DHP,dhp,6,dhealth,dhealth,udhp,native,2024-07-22T16:56:22Z,2024-05-06T22:01:07.456000,false,osmosis-assetlist
osmosis,ibc/0E77E090EC04C476DE2BC0A7056580AC47660DAEB7B0D4701C085E3A046AC7B7,ATOM1KLFG,ATOM1KLFG,ATOM1KLFG,6,,neutron,factory/neutron13lkh47msw28yynspc5rnmty3yktk43wc3dsv0l/ATOM1KLFG,native,2024-07-22T16:56:22Z,2024-04-09T17:48:06.947000,false,osmosis-assetlist
osmosis,ibc/23104D411A6EB6031FA92FB75F227422B84989969E91DCAD56A535DD7FF0A373,Ondo US Dollar Yield,USDY,usdy,18,ondo-us-dollar-yield,noble,ausdy,native,2024-07-22T16:56:22Z,2024-07-04T03:44:56.369000,false,osmosis-assetlist
osmosis,ibc/E4C60B9F95BF54CC085A5E39F6057ABD4DF92793D330EB884A36530F7E6804DE,furya,FURY,fury,6,fanfury,furya,ufury,native,2024-07-22T16:56:22Z,2024-06-14T02:25:25.618000,false,osmosis-assetlist
osmosis,ibc/5B5BFCC8A9F0D554A4245117F7798E85BE25B6C73DBFA2D6F369BD9DD6CACC6D,Pepe,PEPE.pica,pepe,18,pepe,ethereum,0x6982508145454Ce325dDbE47a25d4ec3d2311933,native,2024-07-22T16:56:22Z,2024-05-16T21:05:19.349000,false,osmosis-assetlist
osmosis,ibc/094FB70C3006906F67F5D674073D2DAFAFB41537E7033098F5C752F211E7B6C2,Saga,SAGA,saga,6,saga-2,saga,usaga,native,2024-07-22T16:56:22Z,2024-04-09T11:18:12.151000,false,osmosis-assetlist
osmosis,ibc/D09BB89B2187EF13EF006B44510749B0F02FD0B34F8BB55C70D812A1FF6148C7,Dinero Staked ETH,pxETH.pica,pxeth,18,dinero-staked-eth,ethereum,0x04c154b66cb340f3ae24111cc767e0184ed00cc6,native,2024-07-22T16:56:22Z,2024-05-16T21:05:19.350000,false,osmosis-assetlist
osmosis,ibc/273C593E51ACE56F1F2BDB3E03A5CB81BB208B894BCAA642676A32C3454E8C27,Quicksilver Liquid Staked DYDX,qDYDX,qdydx,18,,quicksilver,aqdydx,native,2024-07-22T16:56:22Z,2024-05-10T18:55:14.346000,false,osmosis-assetlist
osmosis,factory/osmo1n3n75av8awcnw4jl62n3l48e6e4sxqmaf97w5ua6ddu4s475q5qq9udvx4/alloyed/allSOL,Alloyed SOL,allSOL,allSOL,9,,osmosis,factory/osmo1n3n75av8awcnw4jl62n3l48e6e4sxqmaf97w5ua6ddu4s475q5qq9udvx4/alloyed/allSOL,native,2024-07-22T16:56:22Z,2024-07-22T13:45:31.336000,false,osmosis-assetlist
osmosis,ibc/39AAE0F5F918B731BEF1E02E9BAED33C242805F668B0A941AC509FB569FE51CB,Renzo Restaked ETH,ezETH.pica,ezeth,18,renzo-restaked-eth,ethereum,0xbf5495efe5db9ce00f80364c8b423567e58d2110,native,2024-07-22T16:56:22Z,2024-05-16T21:05:19.349000,false,osmosis-assetlist
osmosis,ibc/B84F8CC583A54DA8173711C0B66B22FDC1954FEB1CA8DBC66C89919DAFE02000,Gelotto BEAST (Peggy),BEAST,beast,6,,injective,peggy0xA4426666addBE8c4985377d36683D17FB40c31Be,native,2024-07-22T16:56:22Z,2024-03-26T02:26:22.718000,false,osmosis-assetlist
osmosis,ibc/5435437A8C9416B650DDA49C338B63CCFC6465123B715F6BAA9B1B2071E27913,Frax Shares,FXS.pica,fxs,18,frax-share,ethereum,0x3432b6a60d23ca0dfca7761b7ab56459d9c964d0,native,2024-07-22T16:56:22Z,2024-04-25T06:03:42.577000,false,osmosis-assetlist
osmosis,ibc/688E70EF567E5D4BA1CF4C54BAD758C288BC1A6C8B0B12979F911A2AE95E27EC,Frax Ether,frxETH.pica,frxeth,18,frax-ether,ethereum,0x5e8422345238f34275888049021821e8e08caa1f,native,2024-07-22T16:56:22Z,2024-04-25T06:03:42.578000,false,osmosis-assetlist
osmosis,ibc/739D70CB432FE1C6D94AF306B68C14F4CFB0B9EDD1238D3A8718B1B0E84E8547,Mande Network,MAND,mand,18,mande-network,mande,amand,native,2024-07-22T16:56:22Z,2024-07-11T01:34:08.487000,false,osmosis-assetlist
osmosis,ibc/257FF64F160106F6EE43CEE7C761DA64C1346221895373CC810FFA1BFAC5A7CD,Ethena,ENA.pica,ena,18,ethena,ethereum,0x57e114b691db790c35207b2e685d4a43181e6061,native,2024-07-22T16:56:22Z,2024-05-16T21:05:19.349000,false,osmosis-assetlist
osmosis,ibc/37DFAFDA529FF7D513B0DB23E9728DF9BF73122D38D46824C78BB7F91E6A736B,Dai,DAI.pica,dai,18,dai,ethereum,0x6b175474e89094c44da98b954eedeac495271d0f,native,2024-07-22T16:56:22Z,2024-04-25T06:03:42.577000,false,osmosis-assetlist
osmosis,factory/osmo1q77cw0mmlluxu0wr29fcdd0tdnh78gzhkvhe4n6ulal9qvrtu43qtd0nh8/wiha,WiliHall,WIHA,WIHA,6,,osmosis,factory/osmo1q77cw0mmlluxu0wr29fcdd0tdnh78gzhkvhe4n6ulal9qvrtu43qtd0nh8/wiha,native,2024-07-22T16:56:22Z,2024-05-13T16:55:53.116000,false,osmosis-assetlist
osmosis,ibc/0EFA07F312E05258A56AE1DD600E39B9151CF7A91C8A94EEBCF4F03ECFE5DD98,Staked FRAX,sFRAX.pica,sfrax,18,staked-frax,ethereum,0xa663b02cf0a4b149d2ad41910cb81e23e1c41c32,native,2024-07-22T16:56:22Z,2024-04-25T06:03:42.578000,false,osmosis-assetlist
osmosis,factory/osmo106q2972zf2a9frprx0vkdgs49m578vp45xnam5wnw4sgx6f6fffsmja6rh/fts,Fuck The Sail,FTS,FTS,6,,osmosis,factory/osmo106q2972zf2a9frprx0vkdgs49m578vp45xnam5wnw4sgx6f6fffsmja6rh/fts,native,2024-07-23T14:47:57.653Z,2024-04-18T02:26:07.478000,false,chain-metadata
osmosis,factory/osmo13lkh47msw28yynspc5rnmty3yktk43wcaf27r2/OSMO1KLFG,factory/osmo13lkh47msw28yynspc5rnmty3yktk43wcaf27r2/OSMO1KLFG,factory/osmo13lkh47msw28yynspc5rnmty3yktk43wcaf27r2/OSMO1KLFG,factory/osmo13lkh47msw28yynspc5rnmty3yktk43wcaf27r2/OSMO1KLFG,0,,osmosis,factory/osmo13lkh47msw28yynspc5rnmty3yktk43wcaf27r2/OSMO1KLFG,native,2024-07-23T14:47:57.654Z,2024-04-10T02:25:33.087000,false,chain-metadata
osmosis,factory/osmo14qfn3y0huxauaj6fklars7yvue4mjr7t6eepgghacy4g6t3v6gqq9k0k2q/wdbrn,Woodburn,WDBRN,WDBRN,6,,osmosis,factory/osmo14qfn3y0huxauaj6fklars7yvue4mjr7t6eepgghacy4g6t3v6gqq9k0k2q/wdbrn,native,2024-07-23T14:47:57.654Z,2024-04-16T18:02:52.986000,false,chain-metadata
osmosis,factory/osmo170tpj4ppfk6ve6c7eg4jrzlx5ylsf5jz7txgwj58y0kt9sv6rpeq7auj5l/ccn,CCNDAO Token,CCN,CCN,6,,osmosis,factory/osmo170tpj4ppfk6ve6c7eg4jrzlx5ylsf5jz7txgwj58y0kt9sv6rpeq7auj5l/ccn,native,2024-07-23T14:47:57.654Z,2024-05-09T23:22:43.057000,false,chain-metadata
osmosis,factory/osmo16s3sxs5886p42kteunp6370pken2n5ukzszz0trkr39epqtawn2qk4r9l5/lsd-vault-1252,factory/osmo16s3sxs5886p42kteunp6370pken2n5ukzszz0trkr39epqtawn2qk4r9l5/lsd-vault-1252,factory/osmo16s3sxs5886p42kteunp6370pken2n5ukzszz0trkr39epqtawn2qk4r9l5/lsd-vault-1252,factory/osmo16s3sxs5886p42kteunp6370pken2n5ukzszz0trkr39epqtawn2qk4r9l5/lsd-vault-1252,0,,osmosis,factory/osmo16s3sxs5886p42kteunp6370pken2n5ukzszz0trkr39epqtawn2qk4r9l5/lsd-vault-1252,native,2024-07-23T14:47:57.654Z,2024-06-06T15:06:05.457000,false,chain-metadata
osmosis,factory/osmo13ltsydqud6wwu4sa0psscglywv9z7hx0shxqd58d2e4p5rzm4fss2pw6qj/fts,Fuck The Sail ,FTS,FTS,6,,osmosis,factory/osmo13ltsydqud6wwu4sa0psscglywv9z7hx0shxqd58d2e4p5rzm4fss2pw6qj/fts,native,2024-07-23T14:47:57.654Z,2024-04-18T02:26:07.478000,false,chain-metadata
osmosis,factory/osmo144dlvfv32sm8smnrwrvtnja8dl6ec3500mdy0zmanlq3r99prdwqe0cacd/fedora,Fedora Token,FEDORA,FEDORA,6,,osmosis,factory/osmo144dlvfv32sm8smnrwrvtnja8dl6ec3500mdy0zmanlq3r99prdwqe0cacd/fedora,native,2024-07-23T14:47:57.654Z,2024-04-01T02:25:24.958000,false,chain-metadata
osmosis,factory/osmo1772j8lexqaa6lr4wgjzrzkj4334aqqjgjdhyrdzm0y8mel6j699qmfqa07/test,test,test,test,6,,osmosis,factory/osmo1772j8lexqaa6lr4wgjzrzkj4334aqqjgjdhyrdzm0y8mel6j699qmfqa07/test,native,2024-07-23T14:47:57.654Z,2024-07-17T02:25:26.992000,false,chain-metadata
osmosis,factory/osmo16dyurjq3gkwk7umjza4auu94s4yhhcwtjas6nes5777d5lw2j0rsn8tpr5/pew,Pew die pie,PEW,PEW,6,,osmosis,factory/osmo16dyurjq3gkwk7umjza4auu94s4yhhcwtjas6nes5777d5lw2j0rsn8tpr5/pew,native,2024-07-23T14:47:57.654Z,2024-05-03T02:26:18.653000,false,chain-metadata
osmosis,factory/osmo15fqmdl8lfl9h0qflljd63ufw9j2m7xmsk3hu5vsn8xpta4hk5chqt7mddc/redemption-vault-uosmo,factory/osmo15fqmdl8lfl9h0qflljd63ufw9j2m7xmsk3hu5vsn8xpta4hk5chqt7mddc/redemption-vault-uosmo,factory/osmo15fqmdl8lfl9h0qflljd63ufw9j2m7xmsk3hu5vsn8xpta4hk5chqt7mddc/redemption-vault-uosmo,factory/osmo15fqmdl8lfl9h0qflljd63ufw9j2m7xmsk3hu5vsn8xpta4hk5chqt7mddc/redemption-vault-uosmo,0,,osmosis,factory/osmo15fqmdl8lfl9h0qflljd63ufw9j2m7xmsk3hu5vsn8xpta4hk5chqt7mddc/redemption-vault-uosmo,native,2024-07-23T14:47:57.654Z,2024-07-22T02:25:26.803000,false,chain-metadata
osmosis,factory/osmo12zk0xmacanpz9huy8huth2wee98smf9kktg4lltu9zrk3x9w58aq7k64cz/uLP,factory/osmo12zk0xmacanpz9huy8huth2wee98smf9kktg4lltu9zrk3x9w58aq7k64cz/uLP,factory/osmo12zk0xmacanpz9huy8huth2wee98smf9kktg4lltu9zrk3x9w58aq7k64cz/uLP,factory/osmo12zk0xmacanpz9huy8huth2wee98smf9kktg4lltu9zrk3x9w58aq7k64cz/uLP,0,,osmosis,factory/osmo12zk0xmacanpz9huy8huth2wee98smf9kktg4lltu9zrk3x9w58aq7k64cz/uLP,native,2024-07-23T14:47:57.654Z,2024-04-01T20:30:09.312000,false,chain-metadata
osmosis,factory/osmo13q70hxhvnhjl9tr0rxkth3sw5ca6xzmq05lv3ys8m0srsf8rtsuqu57kar/fool,FOOL the Unstable Coin,FOOL,FOOL,6,,osmosis,factory/osmo13q70hxhvnhjl9tr0rxkth3sw5ca6xzmq05lv3ys8m0srsf8rtsuqu57kar/fool,native,2024-07-23T14:47:57.654Z,2024-04-02T02:25:31.335000,false,chain-metadata
osmosis,factory/osmo159f7axyc32cyfgzx0gs9r98jwpgutj5qz4ns97xvu7nw3xzpavzsg2uxr3/locust-vault-1922,factory/osmo159f7axyc32cyfgzx0gs9r98jwpgutj5qz4ns97xvu7nw3xzpavzsg2uxr3/locust-vault-1922,factory/osmo159f7axyc32cyfgzx0gs9r98jwpgutj5qz4ns97xvu7nw3xzpavzsg2uxr3/locust-vault-1922,factory/osmo159f7axyc32cyfgzx0gs9r98jwpgutj5qz4ns97xvu7nw3xzpavzsg2uxr3/locust-vault-1922,0,,osmosis,factory/osmo159f7axyc32cyfgzx0gs9r98jwpgutj5qz4ns97xvu7nw3xzpavzsg2uxr3/locust-vault-1922,native,2024-07-23T14:47:57.654Z,2024-07-22T02:25:26.803000,false,chain-metadata
osmosis,factory/osmo14kysamffv3fr7mw96wq3nufwwe3x27celdf9frf2h9akxnpw7q0qnau63x/uLP,factory/osmo14kysamffv3fr7mw96wq3nufwwe3x27celdf9frf2h9akxnpw7q0qnau63x/uLP,factory/osmo14kysamffv3fr7mw96wq3nufwwe3x27celdf9frf2h9akxnpw7q0qnau63x/uLP,factory/osmo14kysamffv3fr7mw96wq3nufwwe3x27celdf9frf2h9akxnpw7q0qnau63x/uLP,0,,osmosis,factory/osmo14kysamffv3fr7mw96wq3nufwwe3x27celdf9frf2h9akxnpw7q0qnau63x/uLP,native,2024-07-23T14:47:57.654Z,2024-04-19T17:03:27.503000,false,chain-metadata
osmosis,factory/osmo1a7zhzeqh0y0rqeyzmkpmm8qnlrpfhcl5aywym0mugsxncpczm4gq2l2u5m/fts,Fuck The Sail ,FTS,FTS,6,,osmosis,factory/osmo1a7zhzeqh0y0rqeyzmkpmm8qnlrpfhcl5aywym0mugsxncpczm4gq2l2u5m/fts,native,2024-07-23T14:47:57.655Z,2024-04-18T02:26:07.478000,false,chain-metadata
osmosis,factory/osmo1au0pelgzu096acap743g6jqyqtnvfsw8nrwaun7vp2m6jkdclngqk85s66/fts,Fuck The Sail ,FTS,FTS,6,,osmosis,factory/osmo1au0pelgzu096acap743g6jqyqtnvfsw8nrwaun7vp2m6jkdclngqk85s66/fts,native,2024-07-23T14:47:57.655Z,2024-04-18T02:26:07.478000,false,chain-metadata
osmosis,factory/osmo19nww6572mkcrh0p6jg45wy40h05n2y03nyut2d6z70vu4el097uq985z4x/astroport/share,factory/osmo19nww6572mkcrh0p6jg45wy40h05n2y03nyut2d6z70vu4el097uq985z4x/astroport/share,factory/osmo19nww6572mkcrh0p6jg45wy40h05n2y03nyut2d6z70vu4el097uq985z4x/astroport/share,factory/osmo19nww6572mkcrh0p6jg45wy40h05n2y03nyut2d6z70vu4el097uq985z4x/astroport/share,0,,osmosis,factory/osmo19nww6572mkcrh0p6jg45wy40h05n2y03nyut2d6z70vu4el097uq985z4x/astroport/share,native,2024-07-23T14:47:57.655Z,2024-04-04T00:03:39.788000,false,chain-metadata
osmosis,factory/osmo1acqpnvg2t4wmqfdv8hq47d3petfksjs5r9t45p/1111,factory/osmo1acqpnvg2t4wmqfdv8hq47d3petfksjs5r9t45p/1111,factory/osmo1acqpnvg2t4wmqfdv8hq47d3petfksjs5r9t45p/1111,factory/osmo1acqpnvg2t4wmqfdv8hq47d3petfksjs5r9t45p/1111,0,,osmosis,factory/osmo1acqpnvg2t4wmqfdv8hq47d3petfksjs5r9t45p/1111,native,2024-07-23T14:47:57.655Z,2024-04-05T07:29:02.918000,false,chain-metadata
osmosis,factory/osmo1dwy2jnjjntvq94yfm7vtspu9ag5x7q02hmysjd/TESTTEST1,factory/osmo1dwy2jnjjntvq94yfm7vtspu9ag5x7q02hmysjd/TESTTEST1,factory/osmo1dwy2jnjjntvq94yfm7vtspu9ag5x7q02hmysjd/TESTTEST1,factory/osmo1dwy2jnjjntvq94yfm7vtspu9ag5x7q02hmysjd/TESTTEST1,0,,osmosis,factory/osmo1dwy2jnjjntvq94yfm7vtspu9ag5x7q02hmysjd/TESTTEST1,native,2024-07-23T14:47:57.655Z,2024-04-30T02:25:37.436000,false,chain-metadata
osmosis,factory/osmo17vv0g0962ch492lw4dwnrezznrwhqle46hqtpgke4nhx86wjnjqq3q7vr0/egg,E,EGG,EGG,6,,osmosis,factory/osmo17vv0g0962ch492lw4dwnrezznrwhqle46hqtpgke4nhx86wjnjqq3q7vr0/egg,native,2024-07-23T14:47:57.655Z,2024-06-10T09:33:08.802000,false,chain-metadata
osmosis,factory/osmo1es6zp5n2jqdgd63rahs9eaudxewxwlqpnym9ge/utest,factory/osmo1es6zp5n2jqdgd63rahs9eaudxewxwlqpnym9ge/utest,factory/osmo1es6zp5n2jqdgd63rahs9eaudxewxwlqpnym9ge/utest,factory/osmo1es6zp5n2jqdgd63rahs9eaudxewxwlqpnym9ge/utest,0,,osmosis,factory/osmo1es6zp5n2jqdgd63rahs9eaudxewxwlqpnym9ge/utest,native,2024-07-23T14:47:57.655Z,2024-04-04T16:14:49.910000,false,chain-metadata
osmosis,factory/osmo194r93tcjuls6dzspdrlj9lwt3xjnahgc6kwhgxnv8hlujuyu5alsllqejj/hava,HAVA,HAVA,HAVA,6,,osmosis,factory/osmo194r93tcjuls6dzspdrlj9lwt3xjnahgc6kwhgxnv8hlujuyu5alsllqejj/hava,native,2024-07-23T14:47:57.655Z,2024-04-11T02:25:28.645000,false,chain-metadata
osmosis,factory/osmo1dwy2jnjjntvq94yfm7vtspu9ag5x7q02hmysjd/ufoo,factory/osmo1dwy2jnjjntvq94yfm7vtspu9ag5x7q02hmysjd/ufoo,factory/osmo1dwy2jnjjntvq94yfm7vtspu9ag5x7q02hmysjd/ufoo,factory/osmo1dwy2jnjjntvq94yfm7vtspu9ag5x7q02hmysjd/ufoo,0,,osmosis,factory/osmo1dwy2jnjjntvq94yfm7vtspu9ag5x7q02hmysjd/ufoo,native,2024-07-23T14:47:57.655Z,2024-03-21T16:44:51.067000,false,chain-metadata
osmosis,factory/osmo1cj8tzmvun6urr0djrax7v92jyk86gnp8hsep0hacf83quvknq5lsutucjj/locust-vault-1835,factory/osmo1cj8tzmvun6urr0djrax7v92jyk86gnp8hsep0hacf83quvknq5lsutucjj/locust-vault-1835,factory/osmo1cj8tzmvun6urr0djrax7v92jyk86gnp8hsep0hacf83quvknq5lsutucjj/locust-vault-1835,factory/osmo1cj8tzmvun6urr0djrax7v92jyk86gnp8hsep0hacf83quvknq5lsutucjj/locust-vault-1835,0,,osmosis,factory/osmo1cj8tzmvun6urr0djrax7v92jyk86gnp8hsep0hacf83quvknq5lsutucjj/locust-vault-1835,native,2024-07-23T14:47:57.655Z,2024-07-16T02:25:26.701000,false,chain-metadata
osmosis,factory/osmo18vk0rsu4qwzx74g9alu2f7x5zs99sluwkuh5wp70yed2ne4pmutqf9lvdu/locust-vault-1590,factory/osmo18vk0rsu4qwzx74g9alu2f7x5zs99sluwkuh5wp70yed2ne4pmutqf9lvdu/locust-vault-1590,factory/osmo18vk0rsu4qwzx74g9alu2f7x5zs99sluwkuh5wp70yed2ne4pmutqf9lvdu/locust-vault-1590,factory/osmo18vk0rsu4qwzx74g9alu2f7x5zs99sluwkuh5wp70yed2ne4pmutqf9lvdu/locust-vault-1590,0,,osmosis,factory/osmo18vk0rsu4qwzx74g9alu2f7x5zs99sluwkuh5wp70yed2ne4pmutqf9lvdu/locust-vault-1590,native,2024-07-23T14:47:57.655Z,2024-07-22T02:25:26.803000,false,chain-metadata
osmosis,factory/osmo1d36par6pgqhlhpjyl76ahl4lswqhrlv0yw43wm/Lofi,factory/osmo1d36par6pgqhlhpjyl76ahl4lswqhrlv0yw43wm/Lofi,factory/osmo1d36par6pgqhlhpjyl76ahl4lswqhrlv0yw43wm/Lofi,factory/osmo1d36par6pgqhlhpjyl76ahl4lswqhrlv0yw43wm/Lofi,0,,osmosis,factory/osmo1d36par6pgqhlhpjyl76ahl4lswqhrlv0yw43wm/Lofi,native,2024-07-23T14:47:57.655Z,2024-07-14T00:59:33.807000,false,chain-metadata
osmosis,factory/osmo1846pf4verj80cnemts5cte7kadl3jr82s8hfth4rg8l74sckstysfk65ek/fts,Fuck The Sail ,FTS,FTS,6,,osmosis,factory/osmo1846pf4verj80cnemts5cte7kadl3jr82s8hfth4rg8l74sckstysfk65ek/fts,native,2024-07-23T14:47:57.655Z,2024-04-18T02:26:07.478000,false,chain-metadata
osmosis,factory/osmo1egctm3gfk0gr4utwk4x0s0glhp23znhkcm9gqsd20hv4j248xtvsng4wtd/astroport/share,factory/osmo1egctm3gfk0gr4utwk4x0s0glhp23znhkcm9gqsd20hv4j248xtvsng4wtd/astroport/share,factory/osmo1egctm3gfk0gr4utwk4x0s0glhp23znhkcm9gqsd20hv4j248xtvsng4wtd/astroport/share,factory/osmo1egctm3gfk0gr4utwk4x0s0glhp23znhkcm9gqsd20hv4j248xtvsng4wtd/astroport/share,0,,osmosis,factory/osmo1egctm3gfk0gr4utwk4x0s0glhp23znhkcm9gqsd20hv4j248xtvsng4wtd/astroport/share,native,2024-07-23T14:47:57.655Z,2024-04-12T16:01:00.262000,false,chain-metadata
osmosis,factory/osmo1e5894rreld5rej7ytc03hkyhc5ur6z82x4w5x63wkzwzzqgqv0rq8r7l3e/ptrumpgov,PEPE TRUMP DAO GOVERNANCE AND TRESURY ,PTRUMPGOV,PTRUMPGOV,6,,osmosis,factory/osmo1e5894rreld5rej7ytc03hkyhc5ur6z82x4w5x63wkzwzzqgqv0rq8r7l3e/ptrumpgov,native,2024-07-23T14:47:57.655Z,2024-05-01T01:36:21.745000,false,chain-metadata
osmosis,factory/osmo1e6z70myfl9wlrnkkykluhhp6at70l9g7jma6ev7j564c5vuseh6qk8c26f/stsagasaga1674clvaults,factory/osmo1e6z70myfl9wlrnkkykluhhp6at70l9g7jma6ev7j564c5vuseh6qk8c26f/stsagasaga1674clvaults,factory/osmo1e6z70myfl9wlrnkkykluhhp6at70l9g7jma6ev7j564c5vuseh6qk8c26f/stsagasaga1674clvaults,factory/osmo1e6z70myfl9wlrnkkykluhhp6at70l9g7jma6ev7j564c5vuseh6qk8c26f/stsagasaga1674clvaults,0,,osmosis,factory/osmo1e6z70myfl9wlrnkkykluhhp6at70l9g7jma6ev7j564c5vuseh6qk8c26f/stsagasaga1674clvaults,native,2024-07-23T14:47:57.655Z,2024-04-09T17:48:06.949000,false,chain-metadata
osmosis,factory/osmo1cztgw4e467vjljd0s2flz8asu3x3wg9q0ttga9t6kzmpyaauxxrs2gjshq/locust-vault-1923,factory/osmo1cztgw4e467vjljd0s2flz8asu3x3wg9q0ttga9t6kzmpyaauxxrs2gjshq/locust-vault-1923,factory/osmo1cztgw4e467vjljd0s2flz8asu3x3wg9q0ttga9t6kzmpyaauxxrs2gjshq/locust-vault-1923,factory/osmo1cztgw4e467vjljd0s2flz8asu3x3wg9q0ttga9t6kzmpyaauxxrs2gjshq/locust-vault-1923,0,,osmosis,factory/osmo1cztgw4e467vjljd0s2flz8asu3x3wg9q0ttga9t6kzmpyaauxxrs2gjshq/locust-vault-1923,native,2024-07-23T14:47:57.655Z,2024-07-22T02:25:26.804000,false,chain-metadata
osmosis,factory/osmo18hwd9kjhntwys7sq7078r4jaasr5w08hh3tglhzz5z3kk8trqm2ssw2slw/sul,Sulfer,sul,sul,6,,osmosis,factory/osmo18hwd9kjhntwys7sq7078r4jaasr5w08hh3tglhzz5z3kk8trqm2ssw2slw/sul,native,2024-07-23T14:47:57.655Z,2024-04-09T02:25:25.609000,false,chain-metadata
osmosis,factory/osmo1h5la3t4y8cljl34lsqdszklvcn053u4ryz9qr78v64rsxezyxwlsdelsdr/astroport/share,factory/osmo1h5la3t4y8cljl34lsqdszklvcn053u4ryz9qr78v64rsxezyxwlsdelsdr/astroport/share,factory/osmo1h5la3t4y8cljl34lsqdszklvcn053u4ryz9qr78v64rsxezyxwlsdelsdr/astroport/share,factory/osmo1h5la3t4y8cljl34lsqdszklvcn053u4ryz9qr78v64rsxezyxwlsdelsdr/astroport/share,0,,osmosis,factory/osmo1h5la3t4y8cljl34lsqdszklvcn053u4ryz9qr78v64rsxezyxwlsdelsdr/astroport/share,native,2024-07-23T14:47:57.656Z,2024-03-25T02:25:35.285000,false,chain-metadata
osmosis,factory/osmo1l28uw4vdlw8vpvgjsy2hqsluh0xuz5l2jtyuxec0np8w75qvcz9q7ngtu9/astroport/share,factory/osmo1l28uw4vdlw8vpvgjsy2hqsluh0xuz5l2jtyuxec0np8w75qvcz9q7ngtu9/astroport/share,factory/osmo1l28uw4vdlw8vpvgjsy2hqsluh0xuz5l2jtyuxec0np8w75qvcz9q7ngtu9/astroport/share,factory/osmo1l28uw4vdlw8vpvgjsy2hqsluh0xuz5l2jtyuxec0np8w75qvcz9q7ngtu9/astroport/share,0,,osmosis,factory/osmo1l28uw4vdlw8vpvgjsy2hqsluh0xuz5l2jtyuxec0np8w75qvcz9q7ngtu9/astroport/share,native,2024-07-23T14:47:57.656Z,2024-03-31T02:25:41.451000,false,chain-metadata
osmosis,factory/osmo1lq8g8jax6wh0dfwfjnyqm69q6zuv08dkppeemllqlwdyhfv06njquhcejr/arbOSMO,factory/osmo1lq8g8jax6wh0dfwfjnyqm69q6zuv08dkppeemllqlwdyhfv06njquhcejr/arbOSMO,factory/osmo1lq8g8jax6wh0dfwfjnyqm69q6zuv08dkppeemllqlwdyhfv06njquhcejr/arbOSMO,factory/osmo1lq8g8jax6wh0dfwfjnyqm69q6zuv08dkppeemllqlwdyhfv06njquhcejr/arbOSMO,0,,osmosis,factory/osmo1lq8g8jax6wh0dfwfjnyqm69q6zuv08dkppeemllqlwdyhfv06njquhcejr/arbOSMO,native,2024-07-23T14:47:57.656Z,2024-03-26T02:26:22.720000,false,chain-metadata
osmosis,factory/osmo1jagpwn8ax8dmhnpfk2qgyd5xhjjpxtq38md5ugqwx7emht4p3lkqv2yrjm/fts,Fuck The Sail ,FTS,FTS,6,,osmosis,factory/osmo1jagpwn8ax8dmhnpfk2qgyd5xhjjpxtq38md5ugqwx7emht4p3lkqv2yrjm/fts,native,2024-07-23T14:47:57.656Z,2024-04-18T02:26:07.478000,false,chain-metadata
osmosis,factory/osmo1hndc6a7pynplcujdtlqw6kd4exfxgpp50vve925tn8tv34u5k08sxukzml/istusdc1224clvaults,factory/osmo1hndc6a7pynplcujdtlqw6kd4exfxgpp50vve925tn8tv34u5k08sxukzml/istusdc1224clvaults,factory/osmo1hndc6a7pynplcujdtlqw6kd4exfxgpp50vve925tn8tv34u5k08sxukzml/istusdc1224clvaults,factory/osmo1hndc6a7pynplcujdtlqw6kd4exfxgpp50vve925tn8tv34u5k08sxukzml/istusdc1224clvaults,0,,osmosis,factory/osmo1hndc6a7pynplcujdtlqw6kd4exfxgpp50vve925tn8tv34u5k08sxukzml/istusdc1224clvaults,native,2024-07-23T14:47:57.656Z,2024-05-01T01:36:21.745000,false,chain-metadata
osmosis,factory/osmo1lf24vdy59e7mjduvyr9jjvdd33gnwkkm6vf2m2dp7f6872hqyrjq90e368/astroport/share,factory/osmo1lf24vdy59e7mjduvyr9jjvdd33gnwkkm6vf2m2dp7f6872hqyrjq90e368/astroport/share,factory/osmo1lf24vdy59e7mjduvyr9jjvdd33gnwkkm6vf2m2dp7f6872hqyrjq90e368/astroport/share,factory/osmo1lf24vdy59e7mjduvyr9jjvdd33gnwkkm6vf2m2dp7f6872hqyrjq90e368/astroport/share,0,,osmosis,factory/osmo1lf24vdy59e7mjduvyr9jjvdd33gnwkkm6vf2m2dp7f6872hqyrjq90e368/astroport/share,native,2024-07-23T14:47:57.656Z,2024-04-15T21:20:27.904000,false,chain-metadata
osmosis,factory/osmo1g6hyfkrgyp0cfv8j8y7zf7h8mw0l0thdvtgx7p/bhauu,factory/osmo1g6hyfkrgyp0cfv8j8y7zf7h8mw0l0thdvtgx7p/bhauu,factory/osmo1g6hyfkrgyp0cfv8j8y7zf7h8mw0l0thdvtgx7p/bhauu,factory/osmo1g6hyfkrgyp0cfv8j8y7zf7h8mw0l0thdvtgx7p/bhauu,0,,osmosis,factory/osmo1g6hyfkrgyp0cfv8j8y7zf7h8mw0l0thdvtgx7p/bhauu,native,2024-07-23T14:47:57.656Z,2024-04-03T13:47:47.752000,false,chain-metadata
osmosis,factory/osmo1gspupearl3r6qpkj6apfm6dmz5t5f6up6na427/STONK,factory/osmo1gspupearl3r6qpkj6apfm6dmz5t5f6up6na427/STONK,factory/osmo1gspupearl3r6qpkj6apfm6dmz5t5f6up6na427/STONK,factory/osmo1gspupearl3r6qpkj6apfm6dmz5t5f6up6na427/STONK,0,,osmosis,factory/osmo1gspupearl3r6qpkj6apfm6dmz5t5f6up6na427/STONK,native,2024-07-23T14:47:57.656Z,2024-05-16T21:05:19.350000,false,chain-metadata
osmosis,factory/osmo1jauptfg825dsj528cjykwwad42wf9rvyyknmyej6w7uq2mzx59rq39hwcl/fts,Fuck The Sail,FTS,FTS,6,,osmosis,factory/osmo1jauptfg825dsj528cjykwwad42wf9rvyyknmyej6w7uq2mzx59rq39hwcl/fts,native,2024-07-23T14:47:57.656Z,2024-04-18T02:26:07.478000,false,chain-metadata
osmosis,factory/osmo1q3w9kedgtc8sdh7xlcr77ydv3qu7fs2e3q6xznysp2lrdfyz9xyqv26yqv/lsd-vault-1428,factory/osmo1q3w9kedgtc8sdh7xlcr77ydv3qu7fs2e3q6xznysp2lrdfyz9xyqv26yqv/lsd-vault-1428,factory/osmo1q3w9kedgtc8sdh7xlcr77ydv3qu7fs2e3q6xznysp2lrdfyz9xyqv26yqv/lsd-vault-1428,factory/osmo1q3w9kedgtc8sdh7xlcr77ydv3qu7fs2e3q6xznysp2lrdfyz9xyqv26yqv/lsd-vault-1428,0,,osmosis,factory/osmo1q3w9kedgtc8sdh7xlcr77ydv3qu7fs2e3q6xznysp2lrdfyz9xyqv26yqv/lsd-vault-1428,native,2024-07-23T14:47:57.657Z,2024-06-25T02:25:34.132000,false,chain-metadata
osmosis,factory/osmo1q77cw0mmlluxu0wr29fcdd0tdnh78gzhkvhe4n6ulal9qvrtu43qtd0nh8/airdrop,airdrop,airdrop,factory/osmo1q77cw0mmlluxu0wr29fcdd0tdnh78gzhkvhe4n6ulal9qvrtu43qtd0nh8/airdrop,6,,osmosis,factory/osmo1q77cw0mmlluxu0wr29fcdd0tdnh78gzhkvhe4n6ulal9qvrtu43qtd0nh8/airdrop,native,2024-07-23T14:47:57.657Z,2024-06-04T15:48:22.853000,false,chain-metadata
osmosis,factory/osmo1q77cw0mmlluxu0wr29fcdd0tdnh78gzhkvhe4n6ulal9qvrtu43qtd0nh8/a1power,A1 Power,A1POWER,factory/osmo1q77cw0mmlluxu0wr29fcdd0tdnh78gzhkvhe4n6ulal9qvrtu43qtd0nh8/a1power,6,,osmosis,factory/osmo1q77cw0mmlluxu0wr29fcdd0tdnh78gzhkvhe4n6ulal9qvrtu43qtd0nh8/a1power,native,2024-07-23T14:47:57.657Z,2024-05-04T14:34:18.907000,false,chain-metadata
osmosis,factory/osmo1q77cw0mmlluxu0wr29fcdd0tdnh78gzhkvhe4n6ulal9qvrtu43qtd0nh8/allah,ALLAH,ALLAH,factory/osmo1q77cw0mmlluxu0wr29fcdd0tdnh78gzhkvhe4n6ulal9qvrtu43qtd0nh8/allah,6,,osmosis,factory/osmo1q77cw0mmlluxu0wr29fcdd0tdnh78gzhkvhe4n6ulal9qvrtu43qtd0nh8/allah,native,2024-07-23T14:47:57.657Z,2024-05-05T22:11:22.789000,false,chain-metadata
osmosis,factory/osmo1q77cw0mmlluxu0wr29fcdd0tdnh78gzhkvhe4n6ulal9qvrtu43qtd0nh8/alan,Alan the Alien,ALAN,factory/osmo1q77cw0mmlluxu0wr29fcdd0tdnh78gzhkvhe4n6ulal9qvrtu43qtd0nh8/alan,6,,osmosis,factory/osmo1q77cw0mmlluxu0wr29fcdd0tdnh78gzhkvhe4n6ulal9qvrtu43qtd0nh8/alan,native,2024-07-23T14:47:57.657Z,2024-05-06T22:01:07.473000,false,chain-metadata
osmosis,factory/osmo1q77cw0mmlluxu0wr29fcdd0tdnh78gzhkvhe4n6ulal9qvrtu43qtd0nh8/agao,Ahegao PrincX,AGAO,factory/osmo1q77cw0mmlluxu0wr29fcdd0tdnh78gzhkvhe4n6ulal9qvrtu43qtd0nh8/agao,6,,osmosis,factory/osmo1q77cw0mmlluxu0wr29fcdd0tdnh78gzhkvhe4n6ulal9qvrtu43qtd0nh8/agao,native,2024-07-23T14:47:57.657Z,2024-06-10T09:33:08.802000,false,chain-metadata
osmosis,factory/osmo1nfg9du395yzsgvh49h0ss5lrfp3tq2lx6534mz4np78wl7zpuuxqt4rfmv/lowq,lowQ,lowQ,lowQ,6,,osmosis,factory/osmo1nfg9du395yzsgvh49h0ss5lrfp3tq2lx6534mz4np78wl7zpuuxqt4rfmv/lowq,native,2024-07-23T14:47:57.657Z,2024-05-22T20:39:00.233000,false,chain-metadata
osmosis,factory/osmo1q77cw0mmlluxu0wr29fcdd0tdnh78gzhkvhe4n6ulal9qvrtu43qtd0nh8/alc,ALCHEMY,ALC,factory/osmo1q77cw0mmlluxu0wr29fcdd0tdnh78gzhkvhe4n6ulal9qvrtu43qtd0nh8/alc,6,,osmosis,factory/osmo1q77cw0mmlluxu0wr29fcdd0tdnh78gzhkvhe4n6ulal9qvrtu43qtd0nh8/alc,native,2024-07-23T14:47:57.657Z,2024-05-03T02:26:18.654000,false,chain-metadata
osmosis,factory/osmo1q77cw0mmlluxu0wr29fcdd0tdnh78gzhkvhe4n6ulal9qvrtu43qtd0nh8/agb,👶Angry Baby,AGB,factory/osmo1q77cw0mmlluxu0wr29fcdd0tdnh78gzhkvhe4n6ulal9qvrtu43qtd0nh8/agb,6,,osmosis,factory/osmo1q77cw0mmlluxu0wr29fcdd0tdnh78gzhkvhe4n6ulal9qvrtu43qtd0nh8/agb,native,2024-07-23T14:47:57.657Z,2024-05-08T15:35:16.260000,false,chain-metadata
osmosis,factory/osmo1q77cw0mmlluxu0wr29fcdd0tdnh78gzhkvhe4n6ulal9qvrtu43qtd0nh8/almst,ALLLLLLLLLLLMOST,ALMST,factory/osmo1q77cw0mmlluxu0wr29fcdd0tdnh78gzhkvhe4n6ulal9qvrtu43qtd0nh8/almst,6,,osmosis,factory/osmo1q77cw0mmlluxu0wr29fcdd0tdnh78gzhkvhe4n6ulal9qvrtu43qtd0nh8/almst,native,2024-07-23T14:47:57.657Z,2024-05-06T22:01:07.473000,false,chain-metadata
osmosis,factory/osmo1q77cw0mmlluxu0wr29fcdd0tdnh78gzhkvhe4n6ulal9qvrtu43qtd0nh8/agl,angel,AGL,factory/osmo1q77cw0mmlluxu0wr29fcdd0tdnh78gzhkvhe4n6ulal9qvrtu43qtd0nh8/agl,6,,osmosis,factory/osmo1q77cw0mmlluxu0wr29fcdd0tdnh78gzhkvhe4n6ulal9qvrtu43qtd0nh8/agl,native,2024-07-23T14:47:57.657Z,2024-05-04T02:25:27.727000,false,chain-metadata
osmosis,factory/osmo1q77cw0mmlluxu0wr29fcdd0tdnh78gzhkvhe4n6ulal9qvrtu43qtd0nh8/alert,Alert,ALERT,factory/osmo1q77cw0mmlluxu0wr29fcdd0tdnh78gzhkvhe4n6ulal9qvrtu43qtd0nh8/alert,6,,osmosis,factory/osmo1q77cw0mmlluxu0wr29fcdd0tdnh78gzhkvhe4n6ulal9qvrtu43qtd0nh8/alert,native,2024-07-23T14:47:57.657Z,2024-05-08T18:34:13,false,chain-metadata
osmosis,factory/osmo1q77cw0mmlluxu0wr29fcdd0tdnh78gzhkvhe4n6ulal9qvrtu43qtd0nh8/acf,AlexCornFlakes,ACF,factory/osmo1q77cw0mmlluxu0wr29fcdd0tdnh78gzhkvhe4n6ulal9qvrtu43qtd0nh8/acf,6,,osmosis,factory/osmo1q77cw0mmlluxu0wr29fcdd0tdnh78gzhkvhe4n6ulal9qvrtu43qtd0nh8/acf,native,2024-07-23T14:47:57.657Z,2024-05-05T22:11:22.789000,false,chain-metadata
osmosis,factory/osmo1q77cw0mmlluxu0wr29fcdd0tdnh78gzhkvhe4n6ulal9qvrtu43qtd0nh8/air,ATOM Airdrop⭐,AIR,factory/osmo1q77cw0mmlluxu0wr29fcdd0tdnh78gzhkvhe4n6ulal9qvrtu43qtd0nh8/air,6,,osmosis,factory/osmo1q77cw0mmlluxu0wr29fcdd0tdnh78gzhkvhe4n6ulal9qvrtu43qtd0nh8/air,native,2024-07-23T14:47:57.657Z,2024-06-04T15:48:22.852000,false,chain-metadata
osmosis,factory/osmo1q77cw0mmlluxu0wr29fcdd0tdnh78gzhkvhe4n6ulal9qvrtu43qtd0nh8/aipt,AI Pepe Trump,AIPT,factory/osmo1q77cw0mmlluxu0wr29fcdd0tdnh78gzhkvhe4n6ulal9qvrtu43qtd0nh8/aipt,6,,osmosis,factory/osmo1q77cw0mmlluxu0wr29fcdd0tdnh78gzhkvhe4n6ulal9qvrtu43qtd0nh8/aipt,native,2024-07-23T14:47:57.657Z,2024-05-13T16:55:53.115000,false,chain-metadata
osmosis,factory/osmo1mgwhl36nj64mz5lw49e2xup5h4peag5ehchhykge6wttrra0jzvqm7nv7z/tlf,tokem TLF FIBRA,TLF,TLF,6,,osmosis,factory/osmo1mgwhl36nj64mz5lw49e2xup5h4peag5ehchhykge6wttrra0jzvqm7nv7z/tlf,native,2024-07-23T14:47:57.657Z,2024-06-29T02:25:26.669000,false,chain-metadata
osmosis,factory/osmo1q77cw0mmlluxu0wr29fcdd0tdnh78gzhkvhe4n6ulal9qvrtu43qtd0nh8/andr,Andriano241,ANDR,factory/osmo1q77cw0mmlluxu0wr29fcdd0tdnh78gzhkvhe4n6ulal9qvrtu43qtd0nh8/andr,6,,osmosis,factory/osmo1q77cw0mmlluxu0wr29fcdd0tdnh78gzhkvhe4n6ulal9qvrtu43qtd0nh8/andr,native,2024-07-23T14:47:57.657Z,2024-05-04T02:25:27.727000,false,chain-metadata
osmosis,factory/osmo1q2qyfazslvd5wza6afufdgczdztpdznldfdqed/ulight,factory/osmo1q2qyfazslvd5wza6afufdgczdztpdznldfdqed/ulight,factory/osmo1q2qyfazslvd5wza6afufdgczdztpdznldfdqed/ulight,factory/osmo1q2qyfazslvd5wza6afufdgczdztpdznldfdqed/ulight,0,,osmosis,factory/osmo1q2qyfazslvd5wza6afufdgczdztpdznldfdqed/ulight,native,2024-07-23T14:47:57.657Z,2024-05-05T22:11:22.789000,false,chain-metadata
osmosis,factory/osmo1q77cw0mmlluxu0wr29fcdd0tdnh78gzhkvhe4n6ulal9qvrtu43qtd0nh8/abc,Test Token,ABC,factory/osmo1q77cw0mmlluxu0wr29fcdd0tdnh78gzhkvhe4n6ulal9qvrtu43qtd0nh8/abc,6,,osmosis,factory/osmo1q77cw0mmlluxu0wr29fcdd0tdnh78gzhkvhe4n6ulal9qvrtu43qtd0nh8/abc,native,2024-07-23T14:47:57.657Z,2024-05-03T02:26:18.654000,false,chain-metadata
osmosis,factory/osmo1q77cw0mmlluxu0wr29fcdd0tdnh78gzhkvhe4n6ulal9qvrtu43qtd0nh8/ado,Hadoken,ADO,factory/osmo1q77cw0mmlluxu0wr29fcdd0tdnh78gzhkvhe4n6ulal9qvrtu43qtd0nh8/ado,6,,osmosis,factory/osmo1q77cw0mmlluxu0wr29fcdd0tdnh78gzhkvhe4n6ulal9qvrtu43qtd0nh8/ado,native,2024-07-23T14:47:57.657Z,2024-05-05T22:11:22.789000,false,chain-metadata
osmosis,factory/osmo1q77cw0mmlluxu0wr29fcdd0tdnh78gzhkvhe4n6ulal9qvrtu43qtd0nh8/ana,ana,ana,factory/osmo1q77cw0mmlluxu0wr29fcdd0tdnh78gzhkvhe4n6ulal9qvrtu43qtd0nh8/ana,6,,osmosis,factory/osmo1q77cw0mmlluxu0wr29fcdd0tdnh78gzhkvhe4n6ulal9qvrtu43qtd0nh8/ana,native,2024-07-23T14:47:57.657Z,2024-05-11T02:26:02.315000,false,chain-metadata
osmosis,factory/osmo1q77cw0mmlluxu0wr29fcdd0tdnh78gzhkvhe4n6ulal9qvrtu43qtd0nh8/COOK,Cook,COOK,factory/osmo1q77cw0mmlluxu0wr29fcdd0tdnh78gzhkvhe4n6ulal9qvrtu43qtd0nh8/COOK,6,,osmosis,factory/osmo1q77cw0mmlluxu0wr29fcdd0tdnh78gzhkvhe4n6ulal9qvrtu43qtd0nh8/COOK,native,2024-07-23T14:47:57.657Z,2024-05-01T15:22:03.131000,false,chain-metadata
osmosis,factory/osmo1q77cw0mmlluxu0wr29fcdd0tdnh78gzhkvhe4n6ulal9qvrtu43qtd0nh8/anc, Anonymous Crazy,ANC,factory/osmo1q77cw0mmlluxu0wr29fcdd0tdnh78gzhkvhe4n6ulal9qvrtu43qtd0nh8/anc,6,,osmosis,factory/osmo1q77cw0mmlluxu0wr29fcdd0tdnh78gzhkvhe4n6ulal9qvrtu43qtd0nh8/anc,native,2024-07-23T14:47:57.657Z,2024-06-15T14:48:43.933000,false,chain-metadata
osmosis,factory/osmo1q77cw0mmlluxu0wr29fcdd0tdnh78gzhkvhe4n6ulal9qvrtu43qtd0nh8/ama,Affiliate Masters,AMA,factory/osmo1q77cw0mmlluxu0wr29fcdd0tdnh78gzhkvhe4n6ulal9qvrtu43qtd0nh8/ama,6,,osmosis,factory/osmo1q77cw0mmlluxu0wr29fcdd0tdnh78gzhkvhe4n6ulal9qvrtu43qtd0nh8/ama,native,2024-07-23T14:47:57.657Z,2024-05-08T08:30:57.122000,false,chain-metadata
osmosis,factory/osmo1q77cw0mmlluxu0wr29fcdd0tdnh78gzhkvhe4n6ulal9qvrtu43qtd0nh8/COOKIE,Cookie,COOKIE,factory/osmo1q77cw0mmlluxu0wr29fcdd0tdnh78gzhkvhe4n6ulal9qvrtu43qtd0nh8/COOKIE,6,,osmosis,factory/osmo1q77cw0mmlluxu0wr29fcdd0tdnh78gzhkvhe4n6ulal9qvrtu43qtd0nh8/COOKIE,native,2024-07-23T14:47:57.657Z,2024-05-01T15:22:03.131000,false,chain-metadata
osmosis,factory/osmo1q2qyfazslvd5wza6afufdgczdztpdznldfdqed/udark,factory/osmo1q2qyfazslvd5wza6afufdgczdztpdznldfdqed/udark,factory/osmo1q2qyfazslvd5wza6afufdgczdztpdznldfdqed/udark,factory/osmo1q2qyfazslvd5wza6afufdgczdztpdznldfdqed/udark,0,,osmosis,factory/osmo1q2qyfazslvd5wza6afufdgczdztpdznldfdqed/udark,native,2024-07-23T14:47:57.657Z,2024-05-05T22:11:22.789000,false,chain-metadata
osmosis,factory/osmo1q77cw0mmlluxu0wr29fcdd0tdnh78gzhkvhe4n6ulal9qvrtu43qtd0nh8/a_d,#ad,a_d,factory/osmo1q77cw0mmlluxu0wr29fcdd0tdnh78gzhkvhe4n6ulal9qvrtu43qtd0nh8/a_d,6,,osmosis,factory/osmo1q77cw0mmlluxu0wr29fcdd0tdnh78gzhkvhe4n6ulal9qvrtu43qtd0nh8/a_d,native,2024-07-23T14:47:57.657Z,2024-05-10T18:55:14.355000,false,chain-metadata
osmosis,factory/osmo1p9t4cvy8gg927dg56l2pvk7gk9ptm2jmdp9vkc2xejfzn23clxjqqzjpzl/tokn,ToknWrks,TOKN,TOKN,6,,osmosis,factory/osmo1p9t4cvy8gg927dg56l2pvk7gk9ptm2jmdp9vkc2xejfzn23clxjqqzjpzl/tokn,native,2024-07-23T14:47:57.657Z,2024-05-10T18:55:14.355000,false,chain-metadata
osmosis,factory/osmo1q77cw0mmlluxu0wr29fcdd0tdnh78gzhkvhe4n6ulal9qvrtu43qtd0nh8/andrewtate,Andrew Tate,AndrewTATE,factory/osmo1q77cw0mmlluxu0wr29fcdd0tdnh78gzhkvhe4n6ulal9qvrtu43qtd0nh8/andrewtate,6,,osmosis,factory/osmo1q77cw0mmlluxu0wr29fcdd0tdnh78gzhkvhe4n6ulal9qvrtu43qtd0nh8/andrewtate,native,2024-07-23T14:47:57.657Z,2024-06-15T14:48:43.933000,false,chain-metadata
osmosis,factory/osmo1q77cw0mmlluxu0wr29fcdd0tdnh78gzhkvhe4n6ulal9qvrtu43qtd0nh8/bboy,Bboy Coin,BBOY,factory/osmo1q77cw0mmlluxu0wr29fcdd0tdnh78gzhkvhe4n6ulal9qvrtu43qtd0nh8/bboy,6,,osmosis,factory/osmo1q77cw0mmlluxu0wr29fcdd0tdnh78gzhkvhe4n6ulal9qvrtu43qtd0nh8/bboy,native,2024-07-23T14:47:57.658Z,2024-05-04T02:25:27.727000,false,chain-metadata
osmosis,factory/osmo1q77cw0mmlluxu0wr29fcdd0tdnh78gzhkvhe4n6ulal9qvrtu43qtd0nh8/bake,Bakers,BAKE,factory/osmo1q77cw0mmlluxu0wr29fcdd0tdnh78gzhkvhe4n6ulal9qvrtu43qtd0nh8/bake,6,,osmosis,factory/osmo1q77cw0mmlluxu0wr29fcdd0tdnh78gzhkvhe4n6ulal9qvrtu43qtd0nh8/bake,native,2024-07-23T14:47:57.658Z,2024-05-29T17:48:45.254000,false,chain-metadata
osmosis,factory/osmo1q77cw0mmlluxu0wr29fcdd0tdnh78gzhkvhe4n6ulal9qvrtu43qtd0nh8/badp,Bad President,badp,factory/osmo1q77cw0mmlluxu0wr29fcdd0tdnh78gzhkvhe4n6ulal9qvrtu43qtd0nh8/badp,6,,osmosis,factory/osmo1q77cw0mmlluxu0wr29fcdd0tdnh78gzhkvhe4n6ulal9qvrtu43qtd0nh8/badp,native,2024-07-23T14:47:57.658Z,2024-05-09T02:25:29.190000,false,chain-metadata
osmosis,factory/osmo1q77cw0mmlluxu0wr29fcdd0tdnh78gzhkvhe4n6ulal9qvrtu43qtd0nh8/atmd,Atomicdog,ATMD,factory/osmo1q77cw0mmlluxu0wr29fcdd0tdnh78gzhkvhe4n6ulal9qvrtu43qtd0nh8/atmd,6,,osmosis,factory/osmo1q77cw0mmlluxu0wr29fcdd0tdnh78gzhkvhe4n6ulal9qvrtu43qtd0nh8/atmd,native,2024-07-23T14:47:57.658Z,2024-05-08T08:30:57.122000,false,chain-metadata
osmosis,factory/osmo1q77cw0mmlluxu0wr29fcdd0tdnh78gzhkvhe4n6ulal9qvrtu43qtd0nh8/babka,BABKA,BABKA,factory/osmo1q77cw0mmlluxu0wr29fcdd0tdnh78gzhkvhe4n6ulal9qvrtu43qtd0nh8/babka,6,,osmosis,factory/osmo1q77cw0mmlluxu0wr29fcdd0tdnh78gzhkvhe4n6ulal9qvrtu43qtd0nh8/babka,native,2024-07-23T14:47:57.658Z,2024-07-05T02:25:24.344000,false,chain-metadata
osmosis,factory/osmo1q77cw0mmlluxu0wr29fcdd0tdnh78gzhkvhe4n6ulal9qvrtu43qtd0nh8/barron,BarronTrump,BARRON,factory/osmo1q77cw0mmlluxu0wr29fcdd0tdnh78gzhkvhe4n6ulal9qvrtu43qtd0nh8/barron,6,,osmosis,factory/osmo1q77cw0mmlluxu0wr29fcdd0tdnh78gzhkvhe4n6ulal9qvrtu43qtd0nh8/barron,native,2024-07-23T14:47:57.658Z,2024-05-14T14:15:12.504000,false,chain-metadata
osmosis,factory/osmo1q77cw0mmlluxu0wr29fcdd0tdnh78gzhkvhe4n6ulal9qvrtu43qtd0nh8/ausd,AnonUSD,AUSD,factory/osmo1q77cw0mmlluxu0wr29fcdd0tdnh78gzhkvhe4n6ulal9qvrtu43qtd0nh8/ausd,6,,osmosis,factory/osmo1q77cw0mmlluxu0wr29fcdd0tdnh78gzhkvhe4n6ulal9qvrtu43qtd0nh8/ausd,native,2024-07-23T14:47:57.658Z,2024-05-24T02:26:14.846000,false,chain-metadata
osmosis,factory/osmo1q77cw0mmlluxu0wr29fcdd0tdnh78gzhkvhe4n6ulal9qvrtu43qtd0nh8/atf,Atomic ETF,ATF,factory/osmo1q77cw0mmlluxu0wr29fcdd0tdnh78gzhkvhe4n6ulal9qvrtu43qtd0nh8/atf,6,,osmosis,factory/osmo1q77cw0mmlluxu0wr29fcdd0tdnh78gzhkvhe4n6ulal9qvrtu43qtd0nh8/atf,native,2024-07-23T14:47:57.658Z,2024-06-10T09:33:08.802000,false,chain-metadata
osmosis,factory/osmo1q77cw0mmlluxu0wr29fcdd0tdnh78gzhkvhe4n6ulal9qvrtu43qtd0nh8/aoe,EMPIRE,AOE,factory/osmo1q77cw0mmlluxu0wr29fcdd0tdnh78gzhkvhe4n6ulal9qvrtu43qtd0nh8/aoe,6,,osmosis,factory/osmo1q77cw0mmlluxu0wr29fcdd0tdnh78gzhkvhe4n6ulal9qvrtu43qtd0nh8/aoe,native,2024-07-23T14:47:57.658Z,2024-05-05T22:11:22.789000,false,chain-metadata
osmosis,factory/osmo1q77cw0mmlluxu0wr29fcdd0tdnh78gzhkvhe4n6ulal9qvrtu43qtd0nh8/atomem,ATOM meme coin,ATOMem,factory/osmo1q77cw0mmlluxu0wr29fcdd0tdnh78gzhkvhe4n6ulal9qvrtu43qtd0nh8/atomem,6,,osmosis,factory/osmo1q77cw0mmlluxu0wr29fcdd0tdnh78gzhkvhe4n6ulal9qvrtu43qtd0nh8/atomem,native,2024-07-23T14:47:57.658Z,2024-05-05T22:11:22.789000,false,chain-metadata
osmosis,factory/osmo1q77cw0mmlluxu0wr29fcdd0tdnh78gzhkvhe4n6ulal9qvrtu43qtd0nh8/barry,barry,barry,factory/osmo1q77cw0mmlluxu0wr29fcdd0tdnh78gzhkvhe4n6ulal9qvrtu43qtd0nh8/barry,6,,osmosis,factory/osmo1q77cw0mmlluxu0wr29fcdd0tdnh78gzhkvhe4n6ulal9qvrtu43qtd0nh8/barry,native,2024-07-23T14:47:57.658Z,2024-05-11T02:26:02.315000,false,chain-metadata
osmosis,factory/osmo1q77cw0mmlluxu0wr29fcdd0tdnh78gzhkvhe4n6ulal9qvrtu43qtd0nh8/atos,ATOM Airdrop💎,ATOS,factory/osmo1q77cw0mmlluxu0wr29fcdd0tdnh78gzhkvhe4n6ulal9qvrtu43qtd0nh8/atos,6,,osmosis,factory/osmo1q77cw0mmlluxu0wr29fcdd0tdnh78gzhkvhe4n6ulal9qvrtu43qtd0nh8/atos,native,2024-07-23T14:47:57.658Z,2024-06-04T15:48:22.855000,false,chain-metadata
osmosis,factory/osmo1q77cw0mmlluxu0wr29fcdd0tdnh78gzhkvhe4n6ulal9qvrtu43qtd0nh8/atam,techAMA,ATAM,factory/osmo1q77cw0mmlluxu0wr29fcdd0tdnh78gzhkvhe4n6ulal9qvrtu43qtd0nh8/atam,6,,osmosis,factory/osmo1q77cw0mmlluxu0wr29fcdd0tdnh78gzhkvhe4n6ulal9qvrtu43qtd0nh8/atam,native,2024-07-23T14:47:57.658Z,2024-05-06T22:01:07.473000,false,chain-metadata
osmosis,factory/osmo1q77cw0mmlluxu0wr29fcdd0tdnh78gzhkvhe4n6ulal9qvrtu43qtd0nh8/bad,Bad Kids,BAD,factory/osmo1q77cw0mmlluxu0wr29fcdd0tdnh78gzhkvhe4n6ulal9qvrtu43qtd0nh8/bad,6,,osmosis,factory/osmo1q77cw0mmlluxu0wr29fcdd0tdnh78gzhkvhe4n6ulal9qvrtu43qtd0nh8/bad,native,2024-07-23T14:47:57.658Z,2024-05-15T18:03:02.271000,false,chain-metadata
osmosis,factory/osmo1q77cw0mmlluxu0wr29fcdd0tdnh78gzhkvhe4n6ulal9qvrtu43qtd0nh8/bbd,BBD,BBD,factory/osmo1q77cw0mmlluxu0wr29fcdd0tdnh78gzhkvhe4n6ulal9qvrtu43qtd0nh8/bbd,6,,osmosis,factory/osmo1q77cw0mmlluxu0wr29fcdd0tdnh78gzhkvhe4n6ulal9qvrtu43qtd0nh8/bbd,native,2024-07-23T14:47:57.658Z,2024-05-11T00:16:06.731000,false,chain-metadata
osmosis,factory/osmo1q77cw0mmlluxu0wr29fcdd0tdnh78gzhkvhe4n6ulal9qvrtu43qtd0nh8/anus,Uranus,Anus,factory/osmo1q77cw0mmlluxu0wr29fcdd0tdnh78gzhkvhe4n6ulal9qvrtu43qtd0nh8/anus,6,,osmosis,factory/osmo1q77cw0mmlluxu0wr29fcdd0tdnh78gzhkvhe4n6ulal9qvrtu43qtd0nh8/anus,native,2024-07-23T14:47:57.658Z,2024-05-24T16:01:03.381000,false,chain-metadata
osmosis,factory/osmo1q77cw0mmlluxu0wr29fcdd0tdnh78gzhkvhe4n6ulal9qvrtu43qtd0nh8/baguette,BaguettteCoin,BAGUETTE,factory/osmo1q77cw0mmlluxu0wr29fcdd0tdnh78gzhkvhe4n6ulal9qvrtu43qtd0nh8/baguette,6,,osmosis,factory/osmo1q77cw0mmlluxu0wr29fcdd0tdnh78gzhkvhe4n6ulal9qvrtu43qtd0nh8/baguette,native,2024-07-23T14:47:57.658Z,2024-05-03T02:26:18.654000,false,chain-metadata
osmosis,factory/osmo1q77cw0mmlluxu0wr29fcdd0tdnh78gzhkvhe4n6ulal9qvrtu43qtd0nh8/ank,Ashuraneko,ANK,factory/osmo1q77cw0mmlluxu0wr29fcdd0tdnh78gzhkvhe4n6ulal9qvrtu43qtd0nh8/ank,6,,osmosis,factory/osmo1q77cw0mmlluxu0wr29fcdd0tdnh78gzhkvhe4n6ulal9qvrtu43qtd0nh8/ank,native,2024-07-23T14:47:57.658Z,2024-05-12T18:10:59.911000,false,chain-metadata
osmosis,factory/osmo1q77cw0mmlluxu0wr29fcdd0tdnh78gzhkvhe4n6ulal9qvrtu43qtd0nh8/bakers,Bakers,Bakers,factory/osmo1q77cw0mmlluxu0wr29fcdd0tdnh78gzhkvhe4n6ulal9qvrtu43qtd0nh8/bakers,6,,osmosis,factory/osmo1q77cw0mmlluxu0wr29fcdd0tdnh78gzhkvhe4n6ulal9qvrtu43qtd0nh8/bakers,native,2024-07-23T14:47:57.658Z,2024-05-29T17:48:45.254000,false,chain-metadata
osmosis,factory/osmo1q77cw0mmlluxu0wr29fcdd0tdnh78gzhkvhe4n6ulal9qvrtu43qtd0nh8/bdgr,Atomic Money Badger,BDGR,factory/osmo1q77cw0mmlluxu0wr29fcdd0tdnh78gzhkvhe4n6ulal9qvrtu43qtd0nh8/bdgr,6,,osmosis,factory/osmo1q77cw0mmlluxu0wr29fcdd0tdnh78gzhkvhe4n6ulal9qvrtu43qtd0nh8/bdgr,native,2024-07-23T14:47:57.658Z,2024-06-04T15:48:22.855000,false,chain-metadata
osmosis,factory/osmo1q77cw0mmlluxu0wr29fcdd0tdnh78gzhkvhe4n6ulal9qvrtu43qtd0nh8/bdoge,bad doge,bdoge,factory/osmo1q77cw0mmlluxu0wr29fcdd0tdnh78gzhkvhe4n6ulal9qvrtu43qtd0nh8/bdoge,6,,osmosis,factory/osmo1q77cw0mmlluxu0wr29fcdd0tdnh78gzhkvhe4n6ulal9qvrtu43qtd0nh8/bdoge,native,2024-07-23T14:47:57.658Z,2024-05-05T00:50:34.060000,false,chain-metadata
osmosis,factory/osmo1q77cw0mmlluxu0wr29fcdd0tdnh78gzhkvhe4n6ulal9qvrtu43qtd0nh8/atom.,Cosmos Hub,ATOM.,factory/osmo1q77cw0mmlluxu0wr29fcdd0tdnh78gzhkvhe4n6ulal9qvrtu43qtd0nh8/atom.,6,,osmosis,factory/osmo1q77cw0mmlluxu0wr29fcdd0tdnh78gzhkvhe4n6ulal9qvrtu43qtd0nh8/atom.,native,2024-07-23T14:47:57.658Z,2024-05-04T02:25:27.727000,false,chain-metadata
osmosis,factory/osmo1q77cw0mmlluxu0wr29fcdd0tdnh78gzhkvhe4n6ulal9qvrtu43qtd0nh8/applebananachimp,AppleBananaChimp,AppleBananaChimp,factory/osmo1q77cw0mmlluxu0wr29fcdd0tdnh78gzhkvhe4n6ulal9qvrtu43qtd0nh8/applebananachimp,6,,osmosis,factory/osmo1q77cw0mmlluxu0wr29fcdd0tdnh78gzhkvhe4n6ulal9qvrtu43qtd0nh8/applebananachimp,native,2024-07-23T14:47:57.658Z,2024-05-05T00:50:34.060000,false,chain-metadata
osmosis,factory/osmo1q77cw0mmlluxu0wr29fcdd0tdnh78gzhkvhe4n6ulal9qvrtu43qtd0nh8/atoms,ATOMs,ATOMs,factory/osmo1q77cw0mmlluxu0wr29fcdd0tdnh78gzhkvhe4n6ulal9qvrtu43qtd0nh8/atoms,6,,osmosis,factory/osmo1q77cw0mmlluxu0wr29fcdd0tdnh78gzhkvhe4n6ulal9qvrtu43qtd0nh8/atoms,native,2024-07-23T14:47:57.658Z,2024-05-03T02:26:18.654000,false,chain-metadata
osmosis,factory/osmo1q77cw0mmlluxu0wr29fcdd0tdnh78gzhkvhe4n6ulal9qvrtu43qtd0nh8/ast,ASTRAL,AST,factory/osmo1q77cw0mmlluxu0wr29fcdd0tdnh78gzhkvhe4n6ulal9qvrtu43qtd0nh8/ast,6,,osmosis,factory/osmo1q77cw0mmlluxu0wr29fcdd0tdnh78gzhkvhe4n6ulal9qvrtu43qtd0nh8/ast,native,2024-07-23T14:47:57.658Z,2024-05-03T02:26:18.654000,false,chain-metadata
osmosis,factory/osmo1q77cw0mmlluxu0wr29fcdd0tdnh78gzhkvhe4n6ulal9qvrtu43qtd0nh8/babylasagna,BABYLASAGNA,BABYLASAGNA,factory/osmo1q77cw0mmlluxu0wr29fcdd0tdnh78gzhkvhe4n6ulal9qvrtu43qtd0nh8/babylasagna,6,,osmosis,factory/osmo1q77cw0mmlluxu0wr29fcdd0tdnh78gzhkvhe4n6ulal9qvrtu43qtd0nh8/babylasagna,native,2024-07-23T14:47:57.658Z,2024-05-04T02:25:27.727000,false,chain-metadata
osmosis,factory/osmo1q77cw0mmlluxu0wr29fcdd0tdnh78gzhkvhe4n6ulal9qvrtu43qtd0nh8/awif,atomwifhat,AWIF,factory/osmo1q77cw0mmlluxu0wr29fcdd0tdnh78gzhkvhe4n6ulal9qvrtu43qtd0nh8/awif,6,,osmosis,factory/osmo1q77cw0mmlluxu0wr29fcdd0tdnh78gzhkvhe4n6ulal9qvrtu43qtd0nh8/awif,native,2024-07-23T14:47:57.658Z,2024-05-04T09:11:53.938000,false,chain-metadata
osmosis,factory/osmo1q77cw0mmlluxu0wr29fcdd0tdnh78gzhkvhe4n6ulal9qvrtu43qtd0nh8/assmos,ASSMOS,assmos,factory/osmo1q77cw0mmlluxu0wr29fcdd0tdnh78gzhkvhe4n6ulal9qvrtu43qtd0nh8/assmos,6,,osmosis,factory/osmo1q77cw0mmlluxu0wr29fcdd0tdnh78gzhkvhe4n6ulal9qvrtu43qtd0nh8/assmos,native,2024-07-23T14:47:57.658Z,2024-06-20T14:57:47.728000,false,chain-metadata
osmosis,factory/osmo1q77cw0mmlluxu0wr29fcdd0tdnh78gzhkvhe4n6ulal9qvrtu43qtd0nh8/ass,Ass in a Hat ,Ass,factory/osmo1q77cw0mmlluxu0wr29fcdd0tdnh78gzhkvhe4n6ulal9qvrtu43qtd0nh8/ass,6,,osmosis,factory/osmo1q77cw0mmlluxu0wr29fcdd0tdnh78gzhkvhe4n6ulal9qvrtu43qtd0nh8/ass,native,2024-07-23T14:47:57.658Z,2024-05-02T20:56:42.736000,false,chain-metadata
osmosis,factory/osmo1q77cw0mmlluxu0wr29fcdd0tdnh78gzhkvhe4n6ulal9qvrtu43qtd0nh8/bbb,BIGBADBILF,BBB,factory/osmo1q77cw0mmlluxu0wr29fcdd0tdnh78gzhkvhe4n6ulal9qvrtu43qtd0nh8/bbb,6,,osmosis,factory/osmo1q77cw0mmlluxu0wr29fcdd0tdnh78gzhkvhe4n6ulal9qvrtu43qtd0nh8/bbb,native,2024-07-23T14:47:57.658Z,2024-05-08T18:34:13,false,chain-metadata
osmosis,factory/osmo1q77cw0mmlluxu0wr29fcdd0tdnh78gzhkvhe4n6ulal9qvrtu43qtd0nh8/bbp,BigBangPepe,BBP,factory/osmo1q77cw0mmlluxu0wr29fcdd0tdnh78gzhkvhe4n6ulal9qvrtu43qtd0nh8/bbp,6,,osmosis,factory/osmo1q77cw0mmlluxu0wr29fcdd0tdnh78gzhkvhe4n6ulal9qvrtu43qtd0nh8/bbp,native,2024-07-23T14:47:57.658Z,2024-05-20T18:53:58.537000,false,chain-metadata
osmosis,factory/osmo1q77cw0mmlluxu0wr29fcdd0tdnh78gzhkvhe4n6ulal9qvrtu43qtd0nh8/bcc,Bitconnect,BCC,factory/osmo1q77cw0mmlluxu0wr29fcdd0tdnh78gzhkvhe4n6ulal9qvrtu43qtd0nh8/bcc,6,,osmosis,factory/osmo1q77cw0mmlluxu0wr29fcdd0tdnh78gzhkvhe4n6ulal9qvrtu43qtd0nh8/bcc,native,2024-07-23T14:47:57.658Z,2024-05-05T22:11:22.789000,false,chain-metadata
osmosis,factory/osmo1q77cw0mmlluxu0wr29fcdd0tdnh78gzhkvhe4n6ulal9qvrtu43qtd0nh8/atom1,COSMOS,ATOM1,factory/osmo1q77cw0mmlluxu0wr29fcdd0tdnh78gzhkvhe4n6ulal9qvrtu43qtd0nh8/atom1,6,,osmosis,factory/osmo1q77cw0mmlluxu0wr29fcdd0tdnh78gzhkvhe4n6ulal9qvrtu43qtd0nh8/atom1,native,2024-07-23T14:47:57.658Z,2024-05-05T22:11:22.789000,false,chain-metadata
osmosis,factory/osmo1q77cw0mmlluxu0wr29fcdd0tdnh78gzhkvhe4n6ulal9qvrtu43qtd0nh8/atm,ATOM Airdrop💎,ATM,factory/osmo1q77cw0mmlluxu0wr29fcdd0tdnh78gzhkvhe4n6ulal9qvrtu43qtd0nh8/atm,6,,osmosis,factory/osmo1q77cw0mmlluxu0wr29fcdd0tdnh78gzhkvhe4n6ulal9qvrtu43qtd0nh8/atm,native,2024-07-23T14:47:57.658Z,2024-06-04T15:48:22.853000,false,chain-metadata
osmosis,factory/osmo1q77cw0mmlluxu0wr29fcdd0tdnh78gzhkvhe4n6ulal9qvrtu43qtd0nh8/bananabucks,Banana Bucks,BANANABUCKS,factory/osmo1q77cw0mmlluxu0wr29fcdd0tdnh78gzhkvhe4n6ulal9qvrtu43qtd0nh8/bananabucks,6,,osmosis,factory/osmo1q77cw0mmlluxu0wr29fcdd0tdnh78gzhkvhe4n6ulal9qvrtu43qtd0nh8/bananabucks,native,2024-07-23T14:47:57.658Z,2024-07-06T02:25:21.601000,false,chain-metadata
osmosis,factory/osmo1q77cw0mmlluxu0wr29fcdd0tdnh78gzhkvhe4n6ulal9qvrtu43qtd0nh8/baddoge,BAD DOGE,BADDOGE,factory/osmo1q77cw0mmlluxu0wr29fcdd0tdnh78gzhkvhe4n6ulal9qvrtu43qtd0nh8/baddoge,6,,osmosis,factory/osmo1q77cw0mmlluxu0wr29fcdd0tdnh78gzhkvhe4n6ulal9qvrtu43qtd0nh8/baddoge,native,2024-07-23T14:47:57.658Z,2024-05-04T02:25:27.727000,false,chain-metadata
osmosis,factory/osmo1q77cw0mmlluxu0wr29fcdd0tdnh78gzhkvhe4n6ulal9qvrtu43qtd0nh8/avo,Avocado,AVO,factory/osmo1q77cw0mmlluxu0wr29fcdd0tdnh78gzhkvhe4n6ulal9qvrtu43qtd0nh8/avo,6,,osmosis,factory/osmo1q77cw0mmlluxu0wr29fcdd0tdnh78gzhkvhe4n6ulal9qvrtu43qtd0nh8/avo,native,2024-07-23T14:47:57.658Z,2024-05-10T10:44:50.966000,false,chain-metadata
osmosis,factory/osmo1q77cw0mmlluxu0wr29fcdd0tdnh78gzhkvhe4n6ulal9qvrtu43qtd0nh8/based,Based,BASED,factory/osmo1q77cw0mmlluxu0wr29fcdd0tdnh78gzhkvhe4n6ulal9qvrtu43qtd0nh8/based,6,,osmosis,factory/osmo1q77cw0mmlluxu0wr29fcdd0tdnh78gzhkvhe4n6ulal9qvrtu43qtd0nh8/based,native,2024-07-23T14:47:57.658Z,2024-05-29T17:48:45.254000,false,chain-metadata
osmosis,factory/osmo1q77cw0mmlluxu0wr29fcdd0tdnh78gzhkvhe4n6ulal9qvrtu43qtd0nh8/badkidwifcat,Bad Kid Wif Cat,badkidWifCat,factory/osmo1q77cw0mmlluxu0wr29fcdd0tdnh78gzhkvhe4n6ulal9qvrtu43qtd0nh8/badkidwifcat,6,,osmosis,factory/osmo1q77cw0mmlluxu0wr29fcdd0tdnh78gzhkvhe4n6ulal9qvrtu43qtd0nh8/badkidwifcat,native,2024-07-23T14:47:57.658Z,2024-05-10T23:30:02.382000,false,chain-metadata
osmosis,factory/osmo1q77cw0mmlluxu0wr29fcdd0tdnh78gzhkvhe4n6ulal9qvrtu43qtd0nh8/arch,Archway,ARCH,factory/osmo1q77cw0mmlluxu0wr29fcdd0tdnh78gzhkvhe4n6ulal9qvrtu43qtd0nh8/arch,6,,osmosis,factory/osmo1q77cw0mmlluxu0wr29fcdd0tdnh78gzhkvhe4n6ulal9qvrtu43qtd0nh8/arch,native,2024-07-23T14:47:57.658Z,2024-05-08T18:34:13,false,chain-metadata
osmosis,factory/osmo1q77cw0mmlluxu0wr29fcdd0tdnh78gzhkvhe4n6ulal9qvrtu43qtd0nh8/att,AndrewTateOsmo,ATT,factory/osmo1q77cw0mmlluxu0wr29fcdd0tdnh78gzhkvhe4n6ulal9qvrtu43qtd0nh8/att,6,,osmosis,factory/osmo1q77cw0mmlluxu0wr29fcdd0tdnh78gzhkvhe4n6ulal9qvrtu43qtd0nh8/att,native,2024-07-23T14:47:57.658Z,2024-06-15T14:48:43.933000,false,chain-metadata
osmosis,factory/osmo1q77cw0mmlluxu0wr29fcdd0tdnh78gzhkvhe4n6ulal9qvrtu43qtd0nh8/bam,BAD MOOD,BAM,factory/osmo1q77cw0mmlluxu0wr29fcdd0tdnh78gzhkvhe4n6ulal9qvrtu43qtd0nh8/bam,6,,osmosis,factory/osmo1q77cw0mmlluxu0wr29fcdd0tdnh78gzhkvhe4n6ulal9qvrtu43qtd0nh8/bam,native,2024-07-23T14:47:57.658Z,2024-05-03T09:42:43.952000,false,chain-metadata
osmosis,factory/osmo1q77cw0mmlluxu0wr29fcdd0tdnh78gzhkvhe4n6ulal9qvrtu43qtd0nh8/babe,AtMeBabe,BABE,factory/osmo1q77cw0mmlluxu0wr29fcdd0tdnh78gzhkvhe4n6ulal9qvrtu43qtd0nh8/babe,6,,osmosis,factory/osmo1q77cw0mmlluxu0wr29fcdd0tdnh78gzhkvhe4n6ulal9qvrtu43qtd0nh8/babe,native,2024-07-23T14:47:57.658Z,2024-05-08T02:25:28.367000,false,chain-metadata
osmosis,factory/osmo1q77cw0mmlluxu0wr29fcdd0tdnh78gzhkvhe4n6ulal9qvrtu43qtd0nh8/ban,BANAL,BAN,factory/osmo1q77cw0mmlluxu0wr29fcdd0tdnh78gzhkvhe4n6ulal9qvrtu43qtd0nh8/ban,6,,osmosis,factory/osmo1q77cw0mmlluxu0wr29fcdd0tdnh78gzhkvhe4n6ulal9qvrtu43qtd0nh8/ban,native,2024-07-23T14:47:57.658Z,2024-05-06T22:01:07.473000,false,chain-metadata
osmosis,factory/osmo1q77cw0mmlluxu0wr29fcdd0tdnh78gzhkvhe4n6ulal9qvrtu43qtd0nh8/arh,Arhi,Arh,factory/osmo1q77cw0mmlluxu0wr29fcdd0tdnh78gzhkvhe4n6ulal9qvrtu43qtd0nh8/arh,6,,osmosis,factory/osmo1q77cw0mmlluxu0wr29fcdd0tdnh78gzhkvhe4n6ulal9qvrtu43qtd0nh8/arh,native,2024-07-23T14:47:57.658Z,2024-07-08T02:25:24.654000,false,chain-metadata
osmosis,factory/osmo1q77cw0mmlluxu0wr29fcdd0tdnh78gzhkvhe4n6ulal9qvrtu43qtd0nh8/avg,AngryVegeta,AVG,factory/osmo1q77cw0mmlluxu0wr29fcdd0tdnh78gzhkvhe4n6ulal9qvrtu43qtd0nh8/avg,6,,osmosis,factory/osmo1q77cw0mmlluxu0wr29fcdd0tdnh78gzhkvhe4n6ulal9qvrtu43qtd0nh8/avg,native,2024-07-23T14:47:57.658Z,2024-05-03T02:26:18.654000,false,chain-metadata
osmosis,factory/osmo1q77cw0mmlluxu0wr29fcdd0tdnh78gzhkvhe4n6ulal9qvrtu43qtd0nh8/arbi,Anaerobi,ARBI,factory/osmo1q77cw0mmlluxu0wr29fcdd0tdnh78gzhkvhe4n6ulal9qvrtu43qtd0nh8/arbi,6,,osmosis,factory/osmo1q77cw0mmlluxu0wr29fcdd0tdnh78gzhkvhe4n6ulal9qvrtu43qtd0nh8/arbi,native,2024-07-23T14:47:57.658Z,2024-05-22T23:46:51.108000,false,chain-metadata
osmosis,factory/osmo1q77cw0mmlluxu0wr29fcdd0tdnh78gzhkvhe4n6ulal9qvrtu43qtd0nh8/boberpl,BOBERPL,BOBERPL,factory/osmo1q77cw0mmlluxu0wr29fcdd0tdnh78gzhkvhe4n6ulal9qvrtu43qtd0nh8/boberpl,6,,osmosis,factory/osmo1q77cw0mmlluxu0wr29fcdd0tdnh78gzhkvhe4n6ulal9qvrtu43qtd0nh8/boberpl,native,2024-07-23T14:47:57.659Z,2024-05-06T22:01:07.473000,false,chain-metadata
osmosis,factory/osmo1q77cw0mmlluxu0wr29fcdd0tdnh78gzhkvhe4n6ulal9qvrtu43qtd0nh8/blob,Blob,BLOB,factory/osmo1q77cw0mmlluxu0wr29fcdd0tdnh78gzhkvhe4n6ulal9qvrtu43qtd0nh8/blob,6,,osmosis,factory/osmo1q77cw0mmlluxu0wr29fcdd0tdnh78gzhkvhe4n6ulal9qvrtu43qtd0nh8/blob,native,2024-07-23T14:47:57.659Z,2024-05-04T02:25:27.727000,false,chain-metadata
osmosis,factory/osmo1q77cw0mmlluxu0wr29fcdd0tdnh78gzhkvhe4n6ulal9qvrtu43qtd0nh8/bkl,baikal,BKL,factory/osmo1q77cw0mmlluxu0wr29fcdd0tdnh78gzhkvhe4n6ulal9qvrtu43qtd0nh8/bkl,6,,osmosis,factory/osmo1q77cw0mmlluxu0wr29fcdd0tdnh78gzhkvhe4n6ulal9qvrtu43qtd0nh8/bkl,native,2024-07-23T14:47:57.659Z,2024-05-03T04:58:12.451000,false,chain-metadata
osmosis,factory/osmo1q77cw0mmlluxu0wr29fcdd0tdnh78gzhkvhe4n6ulal9qvrtu43qtd0nh8/black,Black,BLACK,factory/osmo1q77cw0mmlluxu0wr29fcdd0tdnh78gzhkvhe4n6ulal9qvrtu43qtd0nh8/black,6,,osmosis,factory/osmo1q77cw0mmlluxu0wr29fcdd0tdnh78gzhkvhe4n6ulal9qvrtu43qtd0nh8/black,native,2024-07-23T14:47:57.659Z,2024-05-22T23:46:51.108000,false,chain-metadata
osmosis,factory/osmo1q77cw0mmlluxu0wr29fcdd0tdnh78gzhkvhe4n6ulal9qvrtu43qtd0nh8/beikun,BEIKUN,BEIKUN,factory/osmo1q77cw0mmlluxu0wr29fcdd0tdnh78gzhkvhe4n6ulal9qvrtu43qtd0nh8/beikun,6,,osmosis,factory/osmo1q77cw0mmlluxu0wr29fcdd0tdnh78gzhkvhe4n6ulal9qvrtu43qtd0nh8/beikun,native,2024-07-23T14:47:57.659Z,2024-05-03T02:26:18.654000,false,chain-metadata
osmosis,factory/osmo1q77cw0mmlluxu0wr29fcdd0tdnh78gzhkvhe4n6ulal9qvrtu43qtd0nh8/bobotv,BOBOTV,BOBOTV,factory/osmo1q77cw0mmlluxu0wr29fcdd0tdnh78gzhkvhe4n6ulal9qvrtu43qtd0nh8/bobotv,6,,osmosis,factory/osmo1q77cw0mmlluxu0wr29fcdd0tdnh78gzhkvhe4n6ulal9qvrtu43qtd0nh8/bobotv,native,2024-07-23T14:47:57.659Z,2024-05-11T10:20:55.185000,false,chain-metadata
osmosis,factory/osmo1q77cw0mmlluxu0wr29fcdd0tdnh78gzhkvhe4n6ulal9qvrtu43qtd0nh8/blbst,balancebooster,BLBST,factory/osmo1q77cw0mmlluxu0wr29fcdd0tdnh78gzhkvhe4n6ulal9qvrtu43qtd0nh8/blbst,6,,osmosis,factory/osmo1q77cw0mmlluxu0wr29fcdd0tdnh78gzhkvhe4n6ulal9qvrtu43qtd0nh8/blbst,native,2024-07-23T14:47:57.659Z,2024-05-04T18:48:42.304000,false,chain-metadata
osmosis,factory/osmo1q77cw0mmlluxu0wr29fcdd0tdnh78gzhkvhe4n6ulal9qvrtu43qtd0nh8/bk236,Bad Kid #236,BK236,factory/osmo1q77cw0mmlluxu0wr29fcdd0tdnh78gzhkvhe4n6ulal9qvrtu43qtd0nh8/bk236,6,,osmosis,factory/osmo1q77cw0mmlluxu0wr29fcdd0tdnh78gzhkvhe4n6ulal9qvrtu43qtd0nh8/bk236,native,2024-07-23T14:47:57.659Z,2024-05-04T02:25:27.727000,false,chain-metadata
osmosis,factory/osmo1q77cw0mmlluxu0wr29fcdd0tdnh78gzhkvhe4n6ulal9qvrtu43qtd0nh8/bolt,BOLT,BOLT,factory/osmo1q77cw0mmlluxu0wr29fcdd0tdnh78gzhkvhe4n6ulal9qvrtu43qtd0nh8/bolt,6,,osmosis,factory/osmo1q77cw0mmlluxu0wr29fcdd0tdnh78gzhkvhe4n6ulal9qvrtu43qtd0nh8/bolt,native,2024-07-23T14:47:57.659Z,2024-05-08T10:01:28.458000,false,chain-metadata
osmosis,factory/osmo1q77cw0mmlluxu0wr29fcdd0tdnh78gzhkvhe4n6ulal9qvrtu43qtd0nh8/bratf,BratFast,BRATF,factory/osmo1q77cw0mmlluxu0wr29fcdd0tdnh78gzhkvhe4n6ulal9qvrtu43qtd0nh8/bratf,6,,osmosis,factory/osmo1q77cw0mmlluxu0wr29fcdd0tdnh78gzhkvhe4n6ulal9qvrtu43qtd0nh8/bratf,native,2024-07-23T14:47:57.659Z,2024-06-29T02:25:26.669000,false,chain-metadata
osmosis,factory/osmo1q77cw0mmlluxu0wr29fcdd0tdnh78gzhkvhe4n6ulal9qvrtu43qtd0nh8/bec,Block Etik Chain,BEC,factory/osmo1q77cw0mmlluxu0wr29fcdd0tdnh78gzhkvhe4n6ulal9qvrtu43qtd0nh8/bec,6,,osmosis,factory/osmo1q77cw0mmlluxu0wr29fcdd0tdnh78gzhkvhe4n6ulal9qvrtu43qtd0nh8/bec,native,2024-07-23T14:47:57.659Z,2024-05-29T17:48:45.254000,false,chain-metadata
osmosis,factory/osmo1q77cw0mmlluxu0wr29fcdd0tdnh78gzhkvhe4n6ulal9qvrtu43qtd0nh8/blank,Benevolence Lights A Noble Kindness,BLANK,factory/osmo1q77cw0mmlluxu0wr29fcdd0tdnh78gzhkvhe4n6ulal9qvrtu43qtd0nh8/blank,6,,osmosis,factory/osmo1q77cw0mmlluxu0wr29fcdd0tdnh78gzhkvhe4n6ulal9qvrtu43qtd0nh8/blank,native,2024-07-23T14:47:57.659Z,2024-05-02T20:56:42.737000,false,chain-metadata
osmosis,factory/osmo1q77cw0mmlluxu0wr29fcdd0tdnh78gzhkvhe4n6ulal9qvrtu43qtd0nh8/blst,Bullsat,BLST,factory/osmo1q77cw0mmlluxu0wr29fcdd0tdnh78gzhkvhe4n6ulal9qvrtu43qtd0nh8/blst,6,,osmosis,factory/osmo1q77cw0mmlluxu0wr29fcdd0tdnh78gzhkvhe4n6ulal9qvrtu43qtd0nh8/blst,native,2024-07-23T14:47:57.659Z,2024-05-03T02:26:18.654000,false,chain-metadata
osmosis,factory/osmo1q77cw0mmlluxu0wr29fcdd0tdnh78gzhkvhe4n6ulal9qvrtu43qtd0nh8/biden,BODEN,BIDEN,factory/osmo1q77cw0mmlluxu0wr29fcdd0tdnh78gzhkvhe4n6ulal9qvrtu43qtd0nh8/biden,6,,osmosis,factory/osmo1q77cw0mmlluxu0wr29fcdd0tdnh78gzhkvhe4n6ulal9qvrtu43qtd0nh8/biden,native,2024-07-23T14:47:57.659Z,2024-06-10T09:33:08.802000,false,chain-metadata
osmosis,factory/osmo1q77cw0mmlluxu0wr29fcdd0tdnh78gzhkvhe4n6ulal9qvrtu43qtd0nh8/bepis,Bepis,BEPIS,factory/osmo1q77cw0mmlluxu0wr29fcdd0tdnh78gzhkvhe4n6ulal9qvrtu43qtd0nh8/bepis,6,,osmosis,factory/osmo1q77cw0mmlluxu0wr29fcdd0tdnh78gzhkvhe4n6ulal9qvrtu43qtd0nh8/bepis,native,2024-07-23T14:47:57.659Z,2024-05-03T09:42:43.952000,false,chain-metadata
osmosis,factory/osmo1q77cw0mmlluxu0wr29fcdd0tdnh78gzhkvhe4n6ulal9qvrtu43qtd0nh8/boo,Brand_On_Osmosis,BOO,factory/osmo1q77cw0mmlluxu0wr29fcdd0tdnh78gzhkvhe4n6ulal9qvrtu43qtd0nh8/boo,6,,osmosis,factory/osmo1q77cw0mmlluxu0wr29fcdd0tdnh78gzhkvhe4n6ulal9qvrtu43qtd0nh8/boo,native,2024-07-23T14:47:57.659Z,2024-05-10T10:44:50.966000,false,chain-metadata
osmosis,factory/osmo1q77cw0mmlluxu0wr29fcdd0tdnh78gzhkvhe4n6ulal9qvrtu43qtd0nh8/boa,Book of Atom,BOA,factory/osmo1q77cw0mmlluxu0wr29fcdd0tdnh78gzhkvhe4n6ulal9qvrtu43qtd0nh8/boa,6,,osmosis,factory/osmo1q77cw0mmlluxu0wr29fcdd0tdnh78gzhkvhe4n6ulal9qvrtu43qtd0nh8/boa,native,2024-07-23T14:47:57.659Z,2024-05-14T22:30:51.115000,false,chain-metadata
osmosis,factory/osmo1q77cw0mmlluxu0wr29fcdd0tdnh78gzhkvhe4n6ulal9qvrtu43qtd0nh8/bhat,BananaWhifHat,BHAT,factory/osmo1q77cw0mmlluxu0wr29fcdd0tdnh78gzhkvhe4n6ulal9qvrtu43qtd0nh8/bhat,6,,osmosis,factory/osmo1q77cw0mmlluxu0wr29fcdd0tdnh78gzhkvhe4n6ulal9qvrtu43qtd0nh8/bhat,native,2024-07-23T14:47:57.659Z,2024-05-29T17:48:45.254000,false,chain-metadata
osmosis,factory/osmo1q77cw0mmlluxu0wr29fcdd0tdnh78gzhkvhe4n6ulal9qvrtu43qtd0nh8/bitcoincash,BitcoinCash,BitcoinCash,factory/osmo1q77cw0mmlluxu0wr29fcdd0tdnh78gzhkvhe4n6ulal9qvrtu43qtd0nh8/bitcoincash,6,,osmosis,factory/osmo1q77cw0mmlluxu0wr29fcdd0tdnh78gzhkvhe4n6ulal9qvrtu43qtd0nh8/bitcoincash,native,2024-07-23T14:47:57.659Z,2024-05-05T23:01:30.153000,false,chain-metadata
osmosis,factory/osmo1q77cw0mmlluxu0wr29fcdd0tdnh78gzhkvhe4n6ulal9qvrtu43qtd0nh8/bgb,BIG BOOM SWIFTY,BGB,factory/osmo1q77cw0mmlluxu0wr29fcdd0tdnh78gzhkvhe4n6ulal9qvrtu43qtd0nh8/bgb,6,,osmosis,factory/osmo1q77cw0mmlluxu0wr29fcdd0tdnh78gzhkvhe4n6ulal9qvrtu43qtd0nh8/bgb,native,2024-07-23T14:47:57.659Z,2024-05-14T02:26:14.979000,false,chain-metadata
osmosis,factory/osmo1q77cw0mmlluxu0wr29fcdd0tdnh78gzhkvhe4n6ulal9qvrtu43qtd0nh8/bitch,BADBITCH,BITCH,factory/osmo1q77cw0mmlluxu0wr29fcdd0tdnh78gzhkvhe4n6ulal9qvrtu43qtd0nh8/bitch,6,,osmosis,factory/osmo1q77cw0mmlluxu0wr29fcdd0tdnh78gzhkvhe4n6ulal9qvrtu43qtd0nh8/bitch,native,2024-07-23T14:47:57.659Z,2024-05-02T20:56:42.736000,false,chain-metadata
osmosis,factory/osmo1q77cw0mmlluxu0wr29fcdd0tdnh78gzhkvhe4n6ulal9qvrtu43qtd0nh8/bear,Bear,Bear,factory/osmo1q77cw0mmlluxu0wr29fcdd0tdnh78gzhkvhe4n6ulal9qvrtu43qtd0nh8/bear,6,,osmosis,factory/osmo1q77cw0mmlluxu0wr29fcdd0tdnh78gzhkvhe4n6ulal9qvrtu43qtd0nh8/bear,native,2024-07-23T14:47:57.659Z,2024-06-17T12:04:31.191000,false,chain-metadata
osmosis,factory/osmo1q77cw0mmlluxu0wr29fcdd0tdnh78gzhkvhe4n6ulal9qvrtu43qtd0nh8/bobtb,BOB the Builder,BOBtb,factory/osmo1q77cw0mmlluxu0wr29fcdd0tdnh78gzhkvhe4n6ulal9qvrtu43qtd0nh8/bobtb,6,,osmosis,factory/osmo1q77cw0mmlluxu0wr29fcdd0tdnh78gzhkvhe4n6ulal9qvrtu43qtd0nh8/bobtb,native,2024-07-23T14:47:57.659Z,2024-06-19T10:20:38.716000,false,chain-metadata
osmosis,factory/osmo1q77cw0mmlluxu0wr29fcdd0tdnh78gzhkvhe4n6ulal9qvrtu43qtd0nh8/bober,Bober Kurwa,BOBER,factory/osmo1q77cw0mmlluxu0wr29fcdd0tdnh78gzhkvhe4n6ulal9qvrtu43qtd0nh8/bober,6,,osmosis,factory/osmo1q77cw0mmlluxu0wr29fcdd0tdnh78gzhkvhe4n6ulal9qvrtu43qtd0nh8/bober,native,2024-07-23T14:47:57.659Z,2024-05-02T18:49:29.821000,false,chain-metadata
osmosis,factory/osmo1q77cw0mmlluxu0wr29fcdd0tdnh78gzhkvhe4n6ulal9qvrtu43qtd0nh8/bluekirbyfi,Blue Kirby,bluekirbyfi,factory/osmo1q77cw0mmlluxu0wr29fcdd0tdnh78gzhkvhe4n6ulal9qvrtu43qtd0nh8/bluekirbyfi,6,,osmosis,factory/osmo1q77cw0mmlluxu0wr29fcdd0tdnh78gzhkvhe4n6ulal9qvrtu43qtd0nh8/bluekirbyfi,native,2024-07-23T14:47:57.659Z,2024-05-03T02:26:18.654000,false,chain-metadata
osmosis,factory/osmo1q77cw0mmlluxu0wr29fcdd0tdnh78gzhkvhe4n6ulal9qvrtu43qtd0nh8/blmc,BadLazyMadCat,BLMC,factory/osmo1q77cw0mmlluxu0wr29fcdd0tdnh78gzhkvhe4n6ulal9qvrtu43qtd0nh8/blmc,6,,osmosis,factory/osmo1q77cw0mmlluxu0wr29fcdd0tdnh78gzhkvhe4n6ulal9qvrtu43qtd0nh8/blmc,native,2024-07-23T14:47:57.659Z,2024-05-02T20:56:42.737000,false,chain-metadata
osmosis,factory/osmo1q77cw0mmlluxu0wr29fcdd0tdnh78gzhkvhe4n6ulal9qvrtu43qtd0nh8/bones,Bones,Bones,factory/osmo1q77cw0mmlluxu0wr29fcdd0tdnh78gzhkvhe4n6ulal9qvrtu43qtd0nh8/bones,6,,osmosis,factory/osmo1q77cw0mmlluxu0wr29fcdd0tdnh78gzhkvhe4n6ulal9qvrtu43qtd0nh8/bones,native,2024-07-23T14:47:57.659Z,2024-05-07T02:25:33.661000,false,chain-metadata
osmosis,factory/osmo1q77cw0mmlluxu0wr29fcdd0tdnh78gzhkvhe4n6ulal9qvrtu43qtd0nh8/bool,BOOLISH,BOOL,factory/osmo1q77cw0mmlluxu0wr29fcdd0tdnh78gzhkvhe4n6ulal9qvrtu43qtd0nh8/bool,6,,osmosis,factory/osmo1q77cw0mmlluxu0wr29fcdd0tdnh78gzhkvhe4n6ulal9qvrtu43qtd0nh8/bool,native,2024-07-23T14:47:57.659Z,2024-05-22T20:39:00.234000,false,chain-metadata
osmosis,factory/osmo1q77cw0mmlluxu0wr29fcdd0tdnh78gzhkvhe4n6ulal9qvrtu43qtd0nh8/boog,Booga Nooga,BOOG,factory/osmo1q77cw0mmlluxu0wr29fcdd0tdnh78gzhkvhe4n6ulal9qvrtu43qtd0nh8/boog,6,,osmosis,factory/osmo1q77cw0mmlluxu0wr29fcdd0tdnh78gzhkvhe4n6ulal9qvrtu43qtd0nh8/boog,native,2024-07-23T14:47:57.659Z,2024-06-10T09:33:08.802000,false,chain-metadata
osmosis,factory/osmo1q77cw0mmlluxu0wr29fcdd0tdnh78gzhkvhe4n6ulal9qvrtu43qtd0nh8/bong,Dirty Bong,BONG,factory/osmo1q77cw0mmlluxu0wr29fcdd0tdnh78gzhkvhe4n6ulal9qvrtu43qtd0nh8/bong,6,,osmosis,factory/osmo1q77cw0mmlluxu0wr29fcdd0tdnh78gzhkvhe4n6ulal9qvrtu43qtd0nh8/bong,native,2024-07-23T14:47:57.659Z,2024-06-19T10:20:38.716000,false,chain-metadata
osmosis,factory/osmo1q77cw0mmlluxu0wr29fcdd0tdnh78gzhkvhe4n6ulal9qvrtu43qtd0nh8/bond,ShakenNotStirred,BOND,factory/osmo1q77cw0mmlluxu0wr29fcdd0tdnh78gzhkvhe4n6ulal9qvrtu43qtd0nh8/bond,6,,osmosis,factory/osmo1q77cw0mmlluxu0wr29fcdd0tdnh78gzhkvhe4n6ulal9qvrtu43qtd0nh8/bond,native,2024-07-23T14:47:57.659Z,2024-05-08T02:25:28.367000,false,chain-metadata
osmosis,factory/osmo1q77cw0mmlluxu0wr29fcdd0tdnh78gzhkvhe4n6ulal9qvrtu43qtd0nh8/bng,Big Bang,BNG,factory/osmo1q77cw0mmlluxu0wr29fcdd0tdnh78gzhkvhe4n6ulal9qvrtu43qtd0nh8/bng,6,,osmosis,factory/osmo1q77cw0mmlluxu0wr29fcdd0tdnh78gzhkvhe4n6ulal9qvrtu43qtd0nh8/bng,native,2024-07-23T14:47:57.659Z,2024-05-02T20:56:42.737000,false,chain-metadata
osmosis,factory/osmo1q77cw0mmlluxu0wr29fcdd0tdnh78gzhkvhe4n6ulal9qvrtu43qtd0nh8/bduck,BlackDuck,BDUCK,factory/osmo1q77cw0mmlluxu0wr29fcdd0tdnh78gzhkvhe4n6ulal9qvrtu43qtd0nh8/bduck,6,,osmosis,factory/osmo1q77cw0mmlluxu0wr29fcdd0tdnh78gzhkvhe4n6ulal9qvrtu43qtd0nh8/bduck,native,2024-07-23T14:47:57.659Z,2024-05-17T14:22:45.768000,false,chain-metadata
osmosis,factory/osmo1q77cw0mmlluxu0wr29fcdd0tdnh78gzhkvhe4n6ulal9qvrtu43qtd0nh8/bonk,BONK,BONK,factory/osmo1q77cw0mmlluxu0wr29fcdd0tdnh78gzhkvhe4n6ulal9qvrtu43qtd0nh8/bonk,6,,osmosis,factory/osmo1q77cw0mmlluxu0wr29fcdd0tdnh78gzhkvhe4n6ulal9qvrtu43qtd0nh8/bonk,native,2024-07-23T14:47:57.659Z,2024-05-03T02:26:18.654000,false,chain-metadata
osmosis,factory/osmo1q77cw0mmlluxu0wr29fcdd0tdnh78gzhkvhe4n6ulal9qvrtu43qtd0nh8/bitebi,创世纪,BITEBI,factory/osmo1q77cw0mmlluxu0wr29fcdd0tdnh78gzhkvhe4n6ulal9qvrtu43qtd0nh8/bitebi,6,,osmosis,factory/osmo1q77cw0mmlluxu0wr29fcdd0tdnh78gzhkvhe4n6ulal9qvrtu43qtd0nh8/bitebi,native,2024-07-23T14:47:57.659Z,2024-05-23T11:05:49.012000,false,chain-metadata
osmosis,factory/osmo1q77cw0mmlluxu0wr29fcdd0tdnh78gzhkvhe4n6ulal9qvrtu43qtd0nh8/bef,Beef,BEF,factory/osmo1q77cw0mmlluxu0wr29fcdd0tdnh78gzhkvhe4n6ulal9qvrtu43qtd0nh8/bef,6,,osmosis,factory/osmo1q77cw0mmlluxu0wr29fcdd0tdnh78gzhkvhe4n6ulal9qvrtu43qtd0nh8/bef,native,2024-07-23T14:47:57.659Z,2024-05-04T18:14:39.209000,false,chain-metadata
osmosis,factory/osmo1q77cw0mmlluxu0wr29fcdd0tdnh78gzhkvhe4n6ulal9qvrtu43qtd0nh8/big,BIG,BIG,factory/osmo1q77cw0mmlluxu0wr29fcdd0tdnh78gzhkvhe4n6ulal9qvrtu43qtd0nh8/big,6,,osmosis,factory/osmo1q77cw0mmlluxu0wr29fcdd0tdnh78gzhkvhe4n6ulal9qvrtu43qtd0nh8/big,native,2024-07-23T14:47:57.659Z,2024-05-09T23:22:43.057000,false,chain-metadata
osmosis,factory/osmo1q77cw0mmlluxu0wr29fcdd0tdnh78gzhkvhe4n6ulal9qvrtu43qtd0nh8/bigger,BIGGER,BIGGER,factory/osmo1q77cw0mmlluxu0wr29fcdd0tdnh78gzhkvhe4n6ulal9qvrtu43qtd0nh8/bigger,6,,osmosis,factory/osmo1q77cw0mmlluxu0wr29fcdd0tdnh78gzhkvhe4n6ulal9qvrtu43qtd0nh8/bigger,native,2024-07-23T14:47:57.659Z,2024-05-11T00:16:06.731000,false,chain-metadata
osmosis,factory/osmo1q77cw0mmlluxu0wr29fcdd0tdnh78gzhkvhe4n6ulal9qvrtu43qtd0nh8/boni,BONI,BONI,factory/osmo1q77cw0mmlluxu0wr29fcdd0tdnh78gzhkvhe4n6ulal9qvrtu43qtd0nh8/boni,6,,osmosis,factory/osmo1q77cw0mmlluxu0wr29fcdd0tdnh78gzhkvhe4n6ulal9qvrtu43qtd0nh8/boni,native,2024-07-23T14:47:57.659Z,2024-05-04T14:34:18.908000,false,chain-metadata
osmosis,factory/osmo1q77cw0mmlluxu0wr29fcdd0tdnh78gzhkvhe4n6ulal9qvrtu43qtd0nh8/botted,Botted,BOTTED,factory/osmo1q77cw0mmlluxu0wr29fcdd0tdnh78gzhkvhe4n6ulal9qvrtu43qtd0nh8/botted,6,,osmosis,factory/osmo1q77cw0mmlluxu0wr29fcdd0tdnh78gzhkvhe4n6ulal9qvrtu43qtd0nh8/botted,native,2024-07-23T14:47:57.659Z,2024-05-21T21:21:24.582000,false,chain-metadata
osmosis,factory/osmo1q77cw0mmlluxu0wr29fcdd0tdnh78gzhkvhe4n6ulal9qvrtu43qtd0nh8/bobo,Bobo,Bobo,factory/osmo1q77cw0mmlluxu0wr29fcdd0tdnh78gzhkvhe4n6ulal9qvrtu43qtd0nh8/bobo,6,,osmosis,factory/osmo1q77cw0mmlluxu0wr29fcdd0tdnh78gzhkvhe4n6ulal9qvrtu43qtd0nh8/bobo,native,2024-07-23T14:47:57.659Z,2024-05-04T18:14:39.209000,false,chain-metadata
osmosis,factory/osmo1q77cw0mmlluxu0wr29fcdd0tdnh78gzhkvhe4n6ulal9qvrtu43qtd0nh8/bor,Book Of Rug,BOR,factory/osmo1q77cw0mmlluxu0wr29fcdd0tdnh78gzhkvhe4n6ulal9qvrtu43qtd0nh8/bor,6,,osmosis,factory/osmo1q77cw0mmlluxu0wr29fcdd0tdnh78gzhkvhe4n6ulal9qvrtu43qtd0nh8/bor,native,2024-07-23T14:47:57.659Z,2024-05-09T11:56:34.463000,false,chain-metadata
osmosis,factory/osmo1q77cw0mmlluxu0wr29fcdd0tdnh78gzhkvhe4n6ulal9qvrtu43qtd0nh8/brummmmmmm,BRUMMMMMMMMMMMMMMMMMMMMMMMMMMMMMMMMMMMMMMMMMMMMMMMMMMMMMMMMMMMMMMMMMMMMMMMMMMMMMMMMMMMMMMMMMMMMMMMMMMMMMMMMMMMMMMMMMMMMMMMMMMMMMMMMMMMMMMM,BRUMMMMMMM,factory/osmo1q77cw0mmlluxu0wr29fcdd0tdnh78gzhkvhe4n6ulal9qvrtu43qtd0nh8/brummmmmmm,6,,osmosis,factory/osmo1q77cw0mmlluxu0wr29fcdd0tdnh78gzhkvhe4n6ulal9qvrtu43qtd0nh8/brummmmmmm,native,2024-07-23T14:47:57.660Z,2024-05-02T12:14:56.969000,false,chain-metadata
osmosis,factory/osmo1q77cw0mmlluxu0wr29fcdd0tdnh78gzhkvhe4n6ulal9qvrtu43qtd0nh8/bver,Atomic Beaver,BVER,factory/osmo1q77cw0mmlluxu0wr29fcdd0tdnh78gzhkvhe4n6ulal9qvrtu43qtd0nh8/bver,6,,osmosis,factory/osmo1q77cw0mmlluxu0wr29fcdd0tdnh78gzhkvhe4n6ulal9qvrtu43qtd0nh8/bver,native,2024-07-23T14:47:57.660Z,2024-06-17T12:04:31.191000,false,chain-metadata
osmosis,factory/osmo1q77cw0mmlluxu0wr29fcdd0tdnh78gzhkvhe4n6ulal9qvrtu43qtd0nh8/bub,BubBob,BUB,factory/osmo1q77cw0mmlluxu0wr29fcdd0tdnh78gzhkvhe4n6ulal9qvrtu43qtd0nh8/bub,6,,osmosis,factory/osmo1q77cw0mmlluxu0wr29fcdd0tdnh78gzhkvhe4n6ulal9qvrtu43qtd0nh8/bub,native,2024-07-23T14:47:57.660Z,2024-05-11T19:15:43.238000,false,chain-metadata
osmosis,factory/osmo1q77cw0mmlluxu0wr29fcdd0tdnh78gzhkvhe4n6ulal9qvrtu43qtd0nh8/catod,Cat on the Decks,CatOD,factory/osmo1q77cw0mmlluxu0wr29fcdd0tdnh78gzhkvhe4n6ulal9qvrtu43qtd0nh8/catod,6,,osmosis,factory/osmo1q77cw0mmlluxu0wr29fcdd0tdnh78gzhkvhe4n6ulal9qvrtu43qtd0nh8/catod,native,2024-07-23T14:47:57.660Z,2024-07-01T16:45:27.148000,false,chain-metadata
osmosis,factory/osmo1q77cw0mmlluxu0wr29fcdd0tdnh78gzhkvhe4n6ulal9qvrtu43qtd0nh8/bwt,Bitcoin Whitepaper Token ,BWT,factory/osmo1q77cw0mmlluxu0wr29fcdd0tdnh78gzhkvhe4n6ulal9qvrtu43qtd0nh8/bwt,6,,osmosis,factory/osmo1q77cw0mmlluxu0wr29fcdd0tdnh78gzhkvhe4n6ulal9qvrtu43qtd0nh8/bwt,native,2024-07-23T14:47:57.660Z,2024-07-06T23:15:16.401000,false,chain-metadata
osmosis,factory/osmo1q77cw0mmlluxu0wr29fcdd0tdnh78gzhkvhe4n6ulal9qvrtu43qtd0nh8/cat,9LIVES,CAT,factory/osmo1q77cw0mmlluxu0wr29fcdd0tdnh78gzhkvhe4n6ulal9qvrtu43qtd0nh8/cat,6,,osmosis,factory/osmo1q77cw0mmlluxu0wr29fcdd0tdnh78gzhkvhe4n6ulal9qvrtu43qtd0nh8/cat,native,2024-07-23T14:47:57.660Z,2024-05-05T22:11:22.789000,false,chain-metadata
osmosis,factory/osmo1q77cw0mmlluxu0wr29fcdd0tdnh78gzhkvhe4n6ulal9qvrtu43qtd0nh8/ccit,Cute Kitties,CCIT,factory/osmo1q77cw0mmlluxu0wr29fcdd0tdnh78gzhkvhe4n6ulal9qvrtu43qtd0nh8/ccit,6,,osmosis,factory/osmo1q77cw0mmlluxu0wr29fcdd0tdnh78gzhkvhe4n6ulal9qvrtu43qtd0nh8/ccit,native,2024-07-23T14:47:57.660Z,2024-05-05T22:11:22.789000,false,chain-metadata
osmosis,factory/osmo1q77cw0mmlluxu0wr29fcdd0tdnh78gzhkvhe4n6ulal9qvrtu43qtd0nh8/cet,CryptoElite,CET,factory/osmo1q77cw0mmlluxu0wr29fcdd0tdnh78gzhkvhe4n6ulal9qvrtu43qtd0nh8/cet,6,,osmosis,factory/osmo1q77cw0mmlluxu0wr29fcdd0tdnh78gzhkvhe4n6ulal9qvrtu43qtd0nh8/cet,native,2024-07-23T14:47:57.660Z,2024-05-08T11:41:02.910000,false,chain-metadata
osmosis,factory/osmo1q77cw0mmlluxu0wr29fcdd0tdnh78gzhkvhe4n6ulal9qvrtu43qtd0nh8/cgc,Coin Goblin,CGC,factory/osmo1q77cw0mmlluxu0wr29fcdd0tdnh78gzhkvhe4n6ulal9qvrtu43qtd0nh8/cgc,6,,osmosis,factory/osmo1q77cw0mmlluxu0wr29fcdd0tdnh78gzhkvhe4n6ulal9qvrtu43qtd0nh8/cgc,native,2024-07-23T14:47:57.660Z,2024-05-02T20:56:42.737000,false,chain-metadata
osmosis,factory/osmo1q77cw0mmlluxu0wr29fcdd0tdnh78gzhkvhe4n6ulal9qvrtu43qtd0nh8/ch1,China number 1,CH1,factory/osmo1q77cw0mmlluxu0wr29fcdd0tdnh78gzhkvhe4n6ulal9qvrtu43qtd0nh8/ch1,6,,osmosis,factory/osmo1q77cw0mmlluxu0wr29fcdd0tdnh78gzhkvhe4n6ulal9qvrtu43qtd0nh8/ch1,native,2024-07-23T14:47:57.660Z,2024-05-06T22:01:07.474000,false,chain-metadata
osmosis,factory/osmo1q77cw0mmlluxu0wr29fcdd0tdnh78gzhkvhe4n6ulal9qvrtu43qtd0nh8/bsc,Big Sky City,BSC,factory/osmo1q77cw0mmlluxu0wr29fcdd0tdnh78gzhkvhe4n6ulal9qvrtu43qtd0nh8/bsc,6,,osmosis,factory/osmo1q77cw0mmlluxu0wr29fcdd0tdnh78gzhkvhe4n6ulal9qvrtu43qtd0nh8/bsc,native,2024-07-23T14:47:57.660Z,2024-05-08T11:41:02.910000,false,chain-metadata
osmosis,factory/osmo1q77cw0mmlluxu0wr29fcdd0tdnh78gzhkvhe4n6ulal9qvrtu43qtd0nh8/cde,Continuous Dev Education,CDE,factory/osmo1q77cw0mmlluxu0wr29fcdd0tdnh78gzhkvhe4n6ulal9qvrtu43qtd0nh8/cde,6,,osmosis,factory/osmo1q77cw0mmlluxu0wr29fcdd0tdnh78gzhkvhe4n6ulal9qvrtu43qtd0nh8/cde,native,2024-07-23T14:47:57.660Z,2024-05-03T09:42:43.953000,false,chain-metadata
osmosis,factory/osmo1q77cw0mmlluxu0wr29fcdd0tdnh78gzhkvhe4n6ulal9qvrtu43qtd0nh8/carlotta,The Crazy Little Otter,CARLOTTA,factory/osmo1q77cw0mmlluxu0wr29fcdd0tdnh78gzhkvhe4n6ulal9qvrtu43qtd0nh8/carlotta,6,,osmosis,factory/osmo1q77cw0mmlluxu0wr29fcdd0tdnh78gzhkvhe4n6ulal9qvrtu43qtd0nh8/carlotta,native,2024-07-23T14:47:57.660Z,2024-05-03T02:26:18.655000,false,chain-metadata
osmosis,factory/osmo1q77cw0mmlluxu0wr29fcdd0tdnh78gzhkvhe4n6ulal9qvrtu43qtd0nh8/buz,Buzinas,BUZ,factory/osmo1q77cw0mmlluxu0wr29fcdd0tdnh78gzhkvhe4n6ulal9qvrtu43qtd0nh8/buz,6,,osmosis,factory/osmo1q77cw0mmlluxu0wr29fcdd0tdnh78gzhkvhe4n6ulal9qvrtu43qtd0nh8/buz,native,2024-07-23T14:47:57.660Z,2024-05-03T09:42:43.952000,false,chain-metadata
osmosis,factory/osmo1q77cw0mmlluxu0wr29fcdd0tdnh78gzhkvhe4n6ulal9qvrtu43qtd0nh8/cake,cake,cake,factory/osmo1q77cw0mmlluxu0wr29fcdd0tdnh78gzhkvhe4n6ulal9qvrtu43qtd0nh8/cake,6,,osmosis,factory/osmo1q77cw0mmlluxu0wr29fcdd0tdnh78gzhkvhe4n6ulal9qvrtu43qtd0nh8/cake,native,2024-07-23T14:47:57.660Z,2024-05-30T11:43:30.156000,false,chain-metadata
osmosis,factory/osmo1q77cw0mmlluxu0wr29fcdd0tdnh78gzhkvhe4n6ulal9qvrtu43qtd0nh8/bvr,Beaver,BVR,factory/osmo1q77cw0mmlluxu0wr29fcdd0tdnh78gzhkvhe4n6ulal9qvrtu43qtd0nh8/bvr,6,,osmosis,factory/osmo1q77cw0mmlluxu0wr29fcdd0tdnh78gzhkvhe4n6ulal9qvrtu43qtd0nh8/bvr,native,2024-07-23T14:47:57.660Z,2024-05-03T02:26:18.655000,false,chain-metadata
osmosis,factory/osmo1q77cw0mmlluxu0wr29fcdd0tdnh78gzhkvhe4n6ulal9qvrtu43qtd0nh8/c00k,COOKIE,C00K,factory/osmo1q77cw0mmlluxu0wr29fcdd0tdnh78gzhkvhe4n6ulal9qvrtu43qtd0nh8/c00k,6,,osmosis,factory/osmo1q77cw0mmlluxu0wr29fcdd0tdnh78gzhkvhe4n6ulal9qvrtu43qtd0nh8/c00k,native,2024-07-23T14:47:57.660Z,2024-05-30T11:43:30.156000,false,chain-metadata
osmosis,factory/osmo1q77cw0mmlluxu0wr29fcdd0tdnh78gzhkvhe4n6ulal9qvrtu43qtd0nh8/bwb,BabuWifBuns,BWB,factory/osmo1q77cw0mmlluxu0wr29fcdd0tdnh78gzhkvhe4n6ulal9qvrtu43qtd0nh8/bwb,6,,osmosis,factory/osmo1q77cw0mmlluxu0wr29fcdd0tdnh78gzhkvhe4n6ulal9qvrtu43qtd0nh8/bwb,native,2024-07-23T14:47:57.660Z,2024-05-09T02:25:29.190000,false,chain-metadata
osmosis,factory/osmo1q77cw0mmlluxu0wr29fcdd0tdnh78gzhkvhe4n6ulal9qvrtu43qtd0nh8/buds,BestBuds,Buds,factory/osmo1q77cw0mmlluxu0wr29fcdd0tdnh78gzhkvhe4n6ulal9qvrtu43qtd0nh8/buds,6,,osmosis,factory/osmo1q77cw0mmlluxu0wr29fcdd0tdnh78gzhkvhe4n6ulal9qvrtu43qtd0nh8/buds,native,2024-07-23T14:47:57.660Z,2024-05-22T20:39:00.234000,false,chain-metadata
osmosis,factory/osmo1q77cw0mmlluxu0wr29fcdd0tdnh78gzhkvhe4n6ulal9qvrtu43qtd0nh8/cap,Captain Cook,Cap,factory/osmo1q77cw0mmlluxu0wr29fcdd0tdnh78gzhkvhe4n6ulal9qvrtu43qtd0nh8/cap,6,,osmosis,factory/osmo1q77cw0mmlluxu0wr29fcdd0tdnh78gzhkvhe4n6ulal9qvrtu43qtd0nh8/cap,native,2024-07-23T14:47:57.660Z,2024-05-04T02:25:27.727000,false,chain-metadata
osmosis,factory/osmo1q77cw0mmlluxu0wr29fcdd0tdnh78gzhkvhe4n6ulal9qvrtu43qtd0nh8/ccrown,Cat in a Crown,CCROWN,factory/osmo1q77cw0mmlluxu0wr29fcdd0tdnh78gzhkvhe4n6ulal9qvrtu43qtd0nh8/ccrown,6,,osmosis,factory/osmo1q77cw0mmlluxu0wr29fcdd0tdnh78gzhkvhe4n6ulal9qvrtu43qtd0nh8/ccrown,native,2024-07-23T14:47:57.660Z,2024-05-04T14:34:18.908000,false,chain-metadata
osmosis,factory/osmo1q77cw0mmlluxu0wr29fcdd0tdnh78gzhkvhe4n6ulal9qvrtu43qtd0nh8/caw,crow with knife,CAW,factory/osmo1q77cw0mmlluxu0wr29fcdd0tdnh78gzhkvhe4n6ulal9qvrtu43qtd0nh8/caw,6,,osmosis,factory/osmo1q77cw0mmlluxu0wr29fcdd0tdnh78gzhkvhe4n6ulal9qvrtu43qtd0nh8/caw,native,2024-07-23T14:47:57.660Z,2024-05-02T18:49:29.821000,false,chain-metadata
osmosis,factory/osmo1q77cw0mmlluxu0wr29fcdd0tdnh78gzhkvhe4n6ulal9qvrtu43qtd0nh8/bubu,leo,BUBU,factory/osmo1q77cw0mmlluxu0wr29fcdd0tdnh78gzhkvhe4n6ulal9qvrtu43qtd0nh8/bubu,6,,osmosis,factory/osmo1q77cw0mmlluxu0wr29fcdd0tdnh78gzhkvhe4n6ulal9qvrtu43qtd0nh8/bubu,native,2024-07-23T14:47:57.660Z,2024-05-24T16:01:03.382000,false,chain-metadata
osmosis,factory/osmo1q77cw0mmlluxu0wr29fcdd0tdnh78gzhkvhe4n6ulal9qvrtu43qtd0nh8/caps,CAPS,CAPS,factory/osmo1q77cw0mmlluxu0wr29fcdd0tdnh78gzhkvhe4n6ulal9qvrtu43qtd0nh8/caps,6,,osmosis,factory/osmo1q77cw0mmlluxu0wr29fcdd0tdnh78gzhkvhe4n6ulal9qvrtu43qtd0nh8/caps,native,2024-07-23T14:47:57.660Z,2024-05-08T02:25:28.367000,false,chain-metadata
osmosis,factory/osmo1q77cw0mmlluxu0wr29fcdd0tdnh78gzhkvhe4n6ulal9qvrtu43qtd0nh8/catwif,CatWifHat,CATWIF,factory/osmo1q77cw0mmlluxu0wr29fcdd0tdnh78gzhkvhe4n6ulal9qvrtu43qtd0nh8/catwif,6,,osmosis,factory/osmo1q77cw0mmlluxu0wr29fcdd0tdnh78gzhkvhe4n6ulal9qvrtu43qtd0nh8/catwif,native,2024-07-23T14:47:57.660Z,2024-05-03T09:42:43.953000,false,chain-metadata
osmosis,factory/osmo1q77cw0mmlluxu0wr29fcdd0tdnh78gzhkvhe4n6ulal9qvrtu43qtd0nh8/broke,Plan Broke,BroKE,factory/osmo1q77cw0mmlluxu0wr29fcdd0tdnh78gzhkvhe4n6ulal9qvrtu43qtd0nh8/broke,6,,osmosis,factory/osmo1q77cw0mmlluxu0wr29fcdd0tdnh78gzhkvhe4n6ulal9qvrtu43qtd0nh8/broke,native,2024-07-23T14:47:57.660Z,2024-05-08T18:34:13,false,chain-metadata
osmosis,factory/osmo1q77cw0mmlluxu0wr29fcdd0tdnh78gzhkvhe4n6ulal9qvrtu43qtd0nh8/bwx,BeesWax,BWX,factory/osmo1q77cw0mmlluxu0wr29fcdd0tdnh78gzhkvhe4n6ulal9qvrtu43qtd0nh8/bwx,6,,osmosis,factory/osmo1q77cw0mmlluxu0wr29fcdd0tdnh78gzhkvhe4n6ulal9qvrtu43qtd0nh8/bwx,native,2024-07-23T14:47:57.660Z,2024-05-14T02:26:14.980000,false,chain-metadata
osmosis,factory/osmo1q77cw0mmlluxu0wr29fcdd0tdnh78gzhkvhe4n6ulal9qvrtu43qtd0nh8/bully,Bully fan,Bully,factory/osmo1q77cw0mmlluxu0wr29fcdd0tdnh78gzhkvhe4n6ulal9qvrtu43qtd0nh8/bully,6,,osmosis,factory/osmo1q77cw0mmlluxu0wr29fcdd0tdnh78gzhkvhe4n6ulal9qvrtu43qtd0nh8/bully,native,2024-07-23T14:47:57.660Z,2024-07-18T02:25:27.662000,false,chain-metadata
osmosis,factory/osmo1q77cw0mmlluxu0wr29fcdd0tdnh78gzhkvhe4n6ulal9qvrtu43qtd0nh8/cca,Cosmos cartel,CCA,factory/osmo1q77cw0mmlluxu0wr29fcdd0tdnh78gzhkvhe4n6ulal9qvrtu43qtd0nh8/cca,6,,osmosis,factory/osmo1q77cw0mmlluxu0wr29fcdd0tdnh78gzhkvhe4n6ulal9qvrtu43qtd0nh8/cca,native,2024-07-23T14:47:57.660Z,2024-05-02T20:56:42.737000,false,chain-metadata
osmosis,factory/osmo1q77cw0mmlluxu0wr29fcdd0tdnh78gzhkvhe4n6ulal9qvrtu43qtd0nh8/caar,CATS AT A RAVE,CAAR,factory/osmo1q77cw0mmlluxu0wr29fcdd0tdnh78gzhkvhe4n6ulal9qvrtu43qtd0nh8/caar,6,,osmosis,factory/osmo1q77cw0mmlluxu0wr29fcdd0tdnh78gzhkvhe4n6ulal9qvrtu43qtd0nh8/caar,native,2024-07-23T14:47:57.660Z,2024-05-04T02:25:27.727000,false,chain-metadata
osmosis,factory/osmo1q77cw0mmlluxu0wr29fcdd0tdnh78gzhkvhe4n6ulal9qvrtu43qtd0nh8/butt,buttcheeks,BUTT,factory/osmo1q77cw0mmlluxu0wr29fcdd0tdnh78gzhkvhe4n6ulal9qvrtu43qtd0nh8/butt,6,,osmosis,factory/osmo1q77cw0mmlluxu0wr29fcdd0tdnh78gzhkvhe4n6ulal9qvrtu43qtd0nh8/butt,native,2024-07-23T14:47:57.660Z,2024-05-04T09:11:53.938000,false,chain-metadata
osmosis,factory/osmo1q77cw0mmlluxu0wr29fcdd0tdnh78gzhkvhe4n6ulal9qvrtu43qtd0nh8/cash,Leprechaun,Cash,factory/osmo1q77cw0mmlluxu0wr29fcdd0tdnh78gzhkvhe4n6ulal9qvrtu43qtd0nh8/cash,6,,osmosis,factory/osmo1q77cw0mmlluxu0wr29fcdd0tdnh78gzhkvhe4n6ulal9qvrtu43qtd0nh8/cash,native,2024-07-23T14:47:57.660Z,2024-05-03T02:26:18.655000,false,chain-metadata
osmosis,factory/osmo1q77cw0mmlluxu0wr29fcdd0tdnh78gzhkvhe4n6ulal9qvrtu43qtd0nh8/btcmeme,BTC meme,BTCmeme,factory/osmo1q77cw0mmlluxu0wr29fcdd0tdnh78gzhkvhe4n6ulal9qvrtu43qtd0nh8/btcmeme,6,,osmosis,factory/osmo1q77cw0mmlluxu0wr29fcdd0tdnh78gzhkvhe4n6ulal9qvrtu43qtd0nh8/btcmeme,native,2024-07-23T14:47:57.660Z,2024-05-03T02:26:18.654000,false,chain-metadata
osmosis,factory/osmo1q77cw0mmlluxu0wr29fcdd0tdnh78gzhkvhe4n6ulal9qvrtu43qtd0nh8/chaka,Kong Chaka,CHAKA,factory/osmo1q77cw0mmlluxu0wr29fcdd0tdnh78gzhkvhe4n6ulal9qvrtu43qtd0nh8/chaka,6,,osmosis,factory/osmo1q77cw0mmlluxu0wr29fcdd0tdnh78gzhkvhe4n6ulal9qvrtu43qtd0nh8/chaka,native,2024-07-23T14:47:57.660Z,2024-05-04T14:34:18.908000,false,chain-metadata
osmosis,factory/osmo1q77cw0mmlluxu0wr29fcdd0tdnh78gzhkvhe4n6ulal9qvrtu43qtd0nh8/bsec,ButtSECs,BSEC,factory/osmo1q77cw0mmlluxu0wr29fcdd0tdnh78gzhkvhe4n6ulal9qvrtu43qtd0nh8/bsec,6,,osmosis,factory/osmo1q77cw0mmlluxu0wr29fcdd0tdnh78gzhkvhe4n6ulal9qvrtu43qtd0nh8/bsec,native,2024-07-23T14:47:57.660Z,2024-05-06T22:01:07.473000,false,chain-metadata
osmosis,factory/osmo1q77cw0mmlluxu0wr29fcdd0tdnh78gzhkvhe4n6ulal9qvrtu43qtd0nh8/come,Call Of Memes,COME,factory/osmo1q77cw0mmlluxu0wr29fcdd0tdnh78gzhkvhe4n6ulal9qvrtu43qtd0nh8/come,6,,osmosis,factory/osmo1q77cw0mmlluxu0wr29fcdd0tdnh78gzhkvhe4n6ulal9qvrtu43qtd0nh8/come,native,2024-07-23T14:47:57.661Z,2024-05-06T22:01:07.474000,false,chain-metadata
osmosis,factory/osmo1q77cw0mmlluxu0wr29fcdd0tdnh78gzhkvhe4n6ulal9qvrtu43qtd0nh8/cito69,Cryptocito69,CITO69,factory/osmo1q77cw0mmlluxu0wr29fcdd0tdnh78gzhkvhe4n6ulal9qvrtu43qtd0nh8/cito69,6,,osmosis,factory/osmo1q77cw0mmlluxu0wr29fcdd0tdnh78gzhkvhe4n6ulal9qvrtu43qtd0nh8/cito69,native,2024-07-23T14:47:57.661Z,2024-05-15T13:07:26.817000,false,chain-metadata
osmosis,factory/osmo1q77cw0mmlluxu0wr29fcdd0tdnh78gzhkvhe4n6ulal9qvrtu43qtd0nh8/col,Chocolatine,COL,factory/osmo1q77cw0mmlluxu0wr29fcdd0tdnh78gzhkvhe4n6ulal9qvrtu43qtd0nh8/col,6,,osmosis,factory/osmo1q77cw0mmlluxu0wr29fcdd0tdnh78gzhkvhe4n6ulal9qvrtu43qtd0nh8/col,native,2024-07-23T14:47:57.661Z,2024-05-11T10:20:55.185000,false,chain-metadata
osmosis,factory/osmo1q77cw0mmlluxu0wr29fcdd0tdnh78gzhkvhe4n6ulal9qvrtu43qtd0nh8/cosmo,Cosmosis,COSMO,factory/osmo1q77cw0mmlluxu0wr29fcdd0tdnh78gzhkvhe4n6ulal9qvrtu43qtd0nh8/cosmo,6,,osmosis,factory/osmo1q77cw0mmlluxu0wr29fcdd0tdnh78gzhkvhe4n6ulal9qvrtu43qtd0nh8/cosmo,native,2024-07-23T14:47:57.661Z,2024-05-02T18:49:29.821000,false,chain-metadata
osmosis,factory/osmo1q77cw0mmlluxu0wr29fcdd0tdnh78gzhkvhe4n6ulal9qvrtu43qtd0nh8/cmpcat,CompCat,CMPCAT,factory/osmo1q77cw0mmlluxu0wr29fcdd0tdnh78gzhkvhe4n6ulal9qvrtu43qtd0nh8/cmpcat,6,,osmosis,factory/osmo1q77cw0mmlluxu0wr29fcdd0tdnh78gzhkvhe4n6ulal9qvrtu43qtd0nh8/cmpcat,native,2024-07-23T14:47:57.661Z,2024-05-08T18:34:13.001000,false,chain-metadata
osmosis,factory/osmo1q77cw0mmlluxu0wr29fcdd0tdnh78gzhkvhe4n6ulal9qvrtu43qtd0nh8/cjerk,CIRCLEJERK,CJERK,factory/osmo1q77cw0mmlluxu0wr29fcdd0tdnh78gzhkvhe4n6ulal9qvrtu43qtd0nh8/cjerk,6,,osmosis,factory/osmo1q77cw0mmlluxu0wr29fcdd0tdnh78gzhkvhe4n6ulal9qvrtu43qtd0nh8/cjerk,native,2024-07-23T14:47:57.661Z,2024-05-10T02:25:29.188000,false,chain-metadata
osmosis,factory/osmo1q77cw0mmlluxu0wr29fcdd0tdnh78gzhkvhe4n6ulal9qvrtu43qtd0nh8/cosmos,Skottish,Cosmos,factory/osmo1q77cw0mmlluxu0wr29fcdd0tdnh78gzhkvhe4n6ulal9qvrtu43qtd0nh8/cosmos,6,,osmosis,factory/osmo1q77cw0mmlluxu0wr29fcdd0tdnh78gzhkvhe4n6ulal9qvrtu43qtd0nh8/cosmos,native,2024-07-23T14:47:57.661Z,2024-05-03T09:42:43.953000,false,chain-metadata
osmosis,factory/osmo1q77cw0mmlluxu0wr29fcdd0tdnh78gzhkvhe4n6ulal9qvrtu43qtd0nh8/cosec,Cosmos Security,COSEC,factory/osmo1q77cw0mmlluxu0wr29fcdd0tdnh78gzhkvhe4n6ulal9qvrtu43qtd0nh8/cosec,6,,osmosis,factory/osmo1q77cw0mmlluxu0wr29fcdd0tdnh78gzhkvhe4n6ulal9qvrtu43qtd0nh8/cosec,native,2024-07-23T14:47:57.661Z,2024-05-05T07:23:24.257000,false,chain-metadata
osmosis,factory/osmo1q77cw0mmlluxu0wr29fcdd0tdnh78gzhkvhe4n6ulal9qvrtu43qtd0nh8/coc,ContentCoin,COC,factory/osmo1q77cw0mmlluxu0wr29fcdd0tdnh78gzhkvhe4n6ulal9qvrtu43qtd0nh8/coc,6,,osmosis,factory/osmo1q77cw0mmlluxu0wr29fcdd0tdnh78gzhkvhe4n6ulal9qvrtu43qtd0nh8/coc,native,2024-07-23T14:47:57.661Z,2024-07-18T02:25:27.662000,false,chain-metadata
osmosis,factory/osmo1q77cw0mmlluxu0wr29fcdd0tdnh78gzhkvhe4n6ulal9qvrtu43qtd0nh8/cosmoswifhat,Cosmos wif hat,COSMOSWIFHAT,factory/osmo1q77cw0mmlluxu0wr29fcdd0tdnh78gzhkvhe4n6ulal9qvrtu43qtd0nh8/cosmoswifhat,6,,osmosis,factory/osmo1q77cw0mmlluxu0wr29fcdd0tdnh78gzhkvhe4n6ulal9qvrtu43qtd0nh8/cosmoswifhat,native,2024-07-23T14:47:57.661Z,2024-05-04T02:25:27.727000,false,chain-metadata
osmosis,factory/osmo1q77cw0mmlluxu0wr29fcdd0tdnh78gzhkvhe4n6ulal9qvrtu43qtd0nh8/cnm,Casual Nihilism,CNM,factory/osmo1q77cw0mmlluxu0wr29fcdd0tdnh78gzhkvhe4n6ulal9qvrtu43qtd0nh8/cnm,6,,osmosis,factory/osmo1q77cw0mmlluxu0wr29fcdd0tdnh78gzhkvhe4n6ulal9qvrtu43qtd0nh8/cnm,native,2024-07-23T14:47:57.661Z,2024-05-03T02:26:18.655000,false,chain-metadata
osmosis,factory/osmo1q77cw0mmlluxu0wr29fcdd0tdnh78gzhkvhe4n6ulal9qvrtu43qtd0nh8/coke,Cocaine4Allergy,COKE,factory/osmo1q77cw0mmlluxu0wr29fcdd0tdnh78gzhkvhe4n6ulal9qvrtu43qtd0nh8/coke,6,,osmosis,factory/osmo1q77cw0mmlluxu0wr29fcdd0tdnh78gzhkvhe4n6ulal9qvrtu43qtd0nh8/coke,native,2024-07-23T14:47:57.661Z,2024-05-02T20:56:42.737000,false,chain-metadata
osmosis,factory/osmo1q77cw0mmlluxu0wr29fcdd0tdnh78gzhkvhe4n6ulal9qvrtu43qtd0nh8/coschef,Cosmic Chef,COSCHEF,factory/osmo1q77cw0mmlluxu0wr29fcdd0tdnh78gzhkvhe4n6ulal9qvrtu43qtd0nh8/coschef,6,,osmosis,factory/osmo1q77cw0mmlluxu0wr29fcdd0tdnh78gzhkvhe4n6ulal9qvrtu43qtd0nh8/coschef,native,2024-07-23T14:47:57.661Z,2024-05-04T02:25:27.727000,false,chain-metadata
osmosis,factory/osmo1q77cw0mmlluxu0wr29fcdd0tdnh78gzhkvhe4n6ulal9qvrtu43qtd0nh8/cibc,Cum in Butt Cum,cIBC,factory/osmo1q77cw0mmlluxu0wr29fcdd0tdnh78gzhkvhe4n6ulal9qvrtu43qtd0nh8/cibc,6,,osmosis,factory/osmo1q77cw0mmlluxu0wr29fcdd0tdnh78gzhkvhe4n6ulal9qvrtu43qtd0nh8/cibc,native,2024-07-23T14:47:57.661Z,2024-05-09T02:25:29.190000,false,chain-metadata
osmosis,factory/osmo1q77cw0mmlluxu0wr29fcdd0tdnh78gzhkvhe4n6ulal9qvrtu43qtd0nh8/chkn,Chicken,CHKN,factory/osmo1q77cw0mmlluxu0wr29fcdd0tdnh78gzhkvhe4n6ulal9qvrtu43qtd0nh8/chkn,6,,osmosis,factory/osmo1q77cw0mmlluxu0wr29fcdd0tdnh78gzhkvhe4n6ulal9qvrtu43qtd0nh8/chkn,native,2024-07-23T14:47:57.661Z,2024-05-04T18:14:39.209000,false,chain-metadata
osmosis,factory/osmo1q77cw0mmlluxu0wr29fcdd0tdnh78gzhkvhe4n6ulal9qvrtu43qtd0nh8/chipi,Chipi chipi chapa chapa,chipi,factory/osmo1q77cw0mmlluxu0wr29fcdd0tdnh78gzhkvhe4n6ulal9qvrtu43qtd0nh8/chipi,6,,osmosis,factory/osmo1q77cw0mmlluxu0wr29fcdd0tdnh78gzhkvhe4n6ulal9qvrtu43qtd0nh8/chipi,native,2024-07-23T14:47:57.661Z,2024-05-09T11:56:34.463000,false,chain-metadata
osmosis,factory/osmo1q77cw0mmlluxu0wr29fcdd0tdnh78gzhkvhe4n6ulal9qvrtu43qtd0nh8/comecat,ComeToCat,comecat,factory/osmo1q77cw0mmlluxu0wr29fcdd0tdnh78gzhkvhe4n6ulal9qvrtu43qtd0nh8/comecat,6,,osmosis,factory/osmo1q77cw0mmlluxu0wr29fcdd0tdnh78gzhkvhe4n6ulal9qvrtu43qtd0nh8/comecat,native,2024-07-23T14:47:57.661Z,2024-05-08T18:34:13.001000,false,chain-metadata
osmosis,factory/osmo1q77cw0mmlluxu0wr29fcdd0tdnh78gzhkvhe4n6ulal9qvrtu43qtd0nh8/chefx3,TriChefta,Chefx3,factory/osmo1q77cw0mmlluxu0wr29fcdd0tdnh78gzhkvhe4n6ulal9qvrtu43qtd0nh8/chefx3,6,,osmosis,factory/osmo1q77cw0mmlluxu0wr29fcdd0tdnh78gzhkvhe4n6ulal9qvrtu43qtd0nh8/chefx3,native,2024-07-23T14:47:57.661Z,2024-05-17T15:37:08.917000,false,chain-metadata
osmosis,factory/osmo1q77cw0mmlluxu0wr29fcdd0tdnh78gzhkvhe4n6ulal9qvrtu43qtd0nh8/cock,The official Cock Coin,COCK,factory/osmo1q77cw0mmlluxu0wr29fcdd0tdnh78gzhkvhe4n6ulal9qvrtu43qtd0nh8/cock,6,,osmosis,factory/osmo1q77cw0mmlluxu0wr29fcdd0tdnh78gzhkvhe4n6ulal9qvrtu43qtd0nh8/cock,native,2024-07-23T14:47:57.661Z,2024-05-06T22:01:07.474000,false,chain-metadata
osmosis,factory/osmo1q77cw0mmlluxu0wr29fcdd0tdnh78gzhkvhe4n6ulal9qvrtu43qtd0nh8/ckiss,Chef's kiss,CKISS,factory/osmo1q77cw0mmlluxu0wr29fcdd0tdnh78gzhkvhe4n6ulal9qvrtu43qtd0nh8/ckiss,6,,osmosis,factory/osmo1q77cw0mmlluxu0wr29fcdd0tdnh78gzhkvhe4n6ulal9qvrtu43qtd0nh8/ckiss,native,2024-07-23T14:47:57.661Z,2024-05-08T15:35:16.260000,false,chain-metadata
osmosis,factory/osmo1q77cw0mmlluxu0wr29fcdd0tdnh78gzhkvhe4n6ulal9qvrtu43qtd0nh8/cod,Codfish,COD,factory/osmo1q77cw0mmlluxu0wr29fcdd0tdnh78gzhkvhe4n6ulal9qvrtu43qtd0nh8/cod,6,,osmosis,factory/osmo1q77cw0mmlluxu0wr29fcdd0tdnh78gzhkvhe4n6ulal9qvrtu43qtd0nh8/cod,native,2024-07-23T14:47:57.661Z,2024-05-03T02:26:18.655000,false,chain-metadata
osmosis,factory/osmo1q77cw0mmlluxu0wr29fcdd0tdnh78gzhkvhe4n6ulal9qvrtu43qtd0nh8/cosmcat,ASTRO COSMIC CAT,COSMCAT,factory/osmo1q77cw0mmlluxu0wr29fcdd0tdnh78gzhkvhe4n6ulal9qvrtu43qtd0nh8/cosmcat,6,,osmosis,factory/osmo1q77cw0mmlluxu0wr29fcdd0tdnh78gzhkvhe4n6ulal9qvrtu43qtd0nh8/cosmcat,native,2024-07-23T14:47:57.661Z,2024-05-05T00:50:34.060000,false,chain-metadata
osmosis,factory/osmo1q77cw0mmlluxu0wr29fcdd0tdnh78gzhkvhe4n6ulal9qvrtu43qtd0nh8/cop,PorkWithoutFork,COP,factory/osmo1q77cw0mmlluxu0wr29fcdd0tdnh78gzhkvhe4n6ulal9qvrtu43qtd0nh8/cop,6,,osmosis,factory/osmo1q77cw0mmlluxu0wr29fcdd0tdnh78gzhkvhe4n6ulal9qvrtu43qtd0nh8/cop,native,2024-07-23T14:47:57.661Z,2024-05-04T14:34:18.908000,false,chain-metadata
osmosis,factory/osmo1q77cw0mmlluxu0wr29fcdd0tdnh78gzhkvhe4n6ulal9qvrtu43qtd0nh8/chapter2,Chapter2,Chapter2,factory/osmo1q77cw0mmlluxu0wr29fcdd0tdnh78gzhkvhe4n6ulal9qvrtu43qtd0nh8/chapter2,6,,osmosis,factory/osmo1q77cw0mmlluxu0wr29fcdd0tdnh78gzhkvhe4n6ulal9qvrtu43qtd0nh8/chapter2,native,2024-07-23T14:47:57.661Z,2024-05-04T02:25:27.727000,false,chain-metadata
osmosis,factory/osmo1q77cw0mmlluxu0wr29fcdd0tdnh78gzhkvhe4n6ulal9qvrtu43qtd0nh8/clownmos,Clownmos,Clownmos,factory/osmo1q77cw0mmlluxu0wr29fcdd0tdnh78gzhkvhe4n6ulal9qvrtu43qtd0nh8/clownmos,6,,osmosis,factory/osmo1q77cw0mmlluxu0wr29fcdd0tdnh78gzhkvhe4n6ulal9qvrtu43qtd0nh8/clownmos,native,2024-07-23T14:47:57.661Z,2024-05-07T02:25:33.661000,false,chain-metadata
osmosis,factory/osmo1q77cw0mmlluxu0wr29fcdd0tdnh78gzhkvhe4n6ulal9qvrtu43qtd0nh8/cheese,Cuck-E-Cheese Token,CHEESE,factory/osmo1q77cw0mmlluxu0wr29fcdd0tdnh78gzhkvhe4n6ulal9qvrtu43qtd0nh8/cheese,6,,osmosis,factory/osmo1q77cw0mmlluxu0wr29fcdd0tdnh78gzhkvhe4n6ulal9qvrtu43qtd0nh8/cheese,native,2024-07-23T14:47:57.661Z,2024-05-10T18:55:14.355000,false,chain-metadata
osmosis,factory/osmo1q77cw0mmlluxu0wr29fcdd0tdnh78gzhkvhe4n6ulal9qvrtu43qtd0nh8/dabong,dabong,dabong,factory/osmo1q77cw0mmlluxu0wr29fcdd0tdnh78gzhkvhe4n6ulal9qvrtu43qtd0nh8/dabong,6,,osmosis,factory/osmo1q77cw0mmlluxu0wr29fcdd0tdnh78gzhkvhe4n6ulal9qvrtu43qtd0nh8/dabong,native,2024-07-23T14:47:57.662Z,2024-05-07T02:25:33.661000,false,chain-metadata
osmosis,factory/osmo1q77cw0mmlluxu0wr29fcdd0tdnh78gzhkvhe4n6ulal9qvrtu43qtd0nh8/cwad,Catwad Fan Token,Cwad,factory/osmo1q77cw0mmlluxu0wr29fcdd0tdnh78gzhkvhe4n6ulal9qvrtu43qtd0nh8/cwad,6,,osmosis,factory/osmo1q77cw0mmlluxu0wr29fcdd0tdnh78gzhkvhe4n6ulal9qvrtu43qtd0nh8/cwad,native,2024-07-23T14:47:57.662Z,2024-05-08T18:34:13.001000,false,chain-metadata
osmosis,factory/osmo1q77cw0mmlluxu0wr29fcdd0tdnh78gzhkvhe4n6ulal9qvrtu43qtd0nh8/csa,Crowned Space Apes {👑CSA👑},CSA,factory/osmo1q77cw0mmlluxu0wr29fcdd0tdnh78gzhkvhe4n6ulal9qvrtu43qtd0nh8/csa,6,,osmosis,factory/osmo1q77cw0mmlluxu0wr29fcdd0tdnh78gzhkvhe4n6ulal9qvrtu43qtd0nh8/csa,native,2024-07-23T14:47:57.662Z,2024-07-04T02:25:15.443000,false,chain-metadata
osmosis,factory/osmo1q77cw0mmlluxu0wr29fcdd0tdnh78gzhkvhe4n6ulal9qvrtu43qtd0nh8/culture,CULTUREFI,CULTURE,factory/osmo1q77cw0mmlluxu0wr29fcdd0tdnh78gzhkvhe4n6ulal9qvrtu43qtd0nh8/culture,6,,osmosis,factory/osmo1q77cw0mmlluxu0wr29fcdd0tdnh78gzhkvhe4n6ulal9qvrtu43qtd0nh8/culture,native,2024-07-23T14:47:57.662Z,2024-06-26T02:25:30.097000,false,chain-metadata
osmosis,factory/osmo1q77cw0mmlluxu0wr29fcdd0tdnh78gzhkvhe4n6ulal9qvrtu43qtd0nh8/dassd,Dumb Ass Dev,DASSD,factory/osmo1q77cw0mmlluxu0wr29fcdd0tdnh78gzhkvhe4n6ulal9qvrtu43qtd0nh8/dassd,6,,osmosis,factory/osmo1q77cw0mmlluxu0wr29fcdd0tdnh78gzhkvhe4n6ulal9qvrtu43qtd0nh8/dassd,native,2024-07-23T14:47:57.662Z,2024-05-06T22:01:07.474000,false,chain-metadata
osmosis,factory/osmo1q77cw0mmlluxu0wr29fcdd0tdnh78gzhkvhe4n6ulal9qvrtu43qtd0nh8/cyn,Cyndicate,CYN,factory/osmo1q77cw0mmlluxu0wr29fcdd0tdnh78gzhkvhe4n6ulal9qvrtu43qtd0nh8/cyn,6,,osmosis,factory/osmo1q77cw0mmlluxu0wr29fcdd0tdnh78gzhkvhe4n6ulal9qvrtu43qtd0nh8/cyn,native,2024-07-23T14:47:57.662Z,2024-05-16T21:05:19.350000,false,chain-metadata
osmosis,factory/osmo1q77cw0mmlluxu0wr29fcdd0tdnh78gzhkvhe4n6ulal9qvrtu43qtd0nh8/det,Thommo&Beth,DET,factory/osmo1q77cw0mmlluxu0wr29fcdd0tdnh78gzhkvhe4n6ulal9qvrtu43qtd0nh8/det,6,,osmosis,factory/osmo1q77cw0mmlluxu0wr29fcdd0tdnh78gzhkvhe4n6ulal9qvrtu43qtd0nh8/det,native,2024-07-23T14:47:57.662Z,2024-05-04T14:34:18.908000,false,chain-metadata
osmosis,factory/osmo1q77cw0mmlluxu0wr29fcdd0tdnh78gzhkvhe4n6ulal9qvrtu43qtd0nh8/dboo,DEGENBOO,DBOO,factory/osmo1q77cw0mmlluxu0wr29fcdd0tdnh78gzhkvhe4n6ulal9qvrtu43qtd0nh8/dboo,6,,osmosis,factory/osmo1q77cw0mmlluxu0wr29fcdd0tdnh78gzhkvhe4n6ulal9qvrtu43qtd0nh8/dboo,native,2024-07-23T14:47:57.662Z,2024-07-15T02:25:26.760000,false,chain-metadata
osmosis,factory/osmo1q77cw0mmlluxu0wr29fcdd0tdnh78gzhkvhe4n6ulal9qvrtu43qtd0nh8/dfl,Lama,DFL,factory/osmo1q77cw0mmlluxu0wr29fcdd0tdnh78gzhkvhe4n6ulal9qvrtu43qtd0nh8/dfl,6,,osmosis,factory/osmo1q77cw0mmlluxu0wr29fcdd0tdnh78gzhkvhe4n6ulal9qvrtu43qtd0nh8/dfl,native,2024-07-23T14:47:57.662Z,2024-06-04T15:48:22.855000,false,chain-metadata
osmosis,factory/osmo1q77cw0mmlluxu0wr29fcdd0tdnh78gzhkvhe4n6ulal9qvrtu43qtd0nh8/cpbr,Capybara,CPBR,factory/osmo1q77cw0mmlluxu0wr29fcdd0tdnh78gzhkvhe4n6ulal9qvrtu43qtd0nh8/cpbr,6,,osmosis,factory/osmo1q77cw0mmlluxu0wr29fcdd0tdnh78gzhkvhe4n6ulal9qvrtu43qtd0nh8/cpbr,native,2024-07-23T14:47:57.662Z,2024-05-05T22:11:22.789000,false,chain-metadata
osmosis,factory/osmo1q77cw0mmlluxu0wr29fcdd0tdnh78gzhkvhe4n6ulal9qvrtu43qtd0nh8/devcel,DEVCEL,DEVCEL,factory/osmo1q77cw0mmlluxu0wr29fcdd0tdnh78gzhkvhe4n6ulal9qvrtu43qtd0nh8/devcel,6,,osmosis,factory/osmo1q77cw0mmlluxu0wr29fcdd0tdnh78gzhkvhe4n6ulal9qvrtu43qtd0nh8/devcel,native,2024-07-23T14:47:57.662Z,2024-05-02T20:56:42.737000,false,chain-metadata
osmosis,factory/osmo1q77cw0mmlluxu0wr29fcdd0tdnh78gzhkvhe4n6ulal9qvrtu43qtd0nh8/diddy,DIDDYDOIT,DIDDY,factory/osmo1q77cw0mmlluxu0wr29fcdd0tdnh78gzhkvhe4n6ulal9qvrtu43qtd0nh8/diddy,6,,osmosis,factory/osmo1q77cw0mmlluxu0wr29fcdd0tdnh78gzhkvhe4n6ulal9qvrtu43qtd0nh8/diddy,native,2024-07-23T14:47:57.662Z,2024-05-03T02:26:18.655000,false,chain-metadata
osmosis,factory/osmo1q77cw0mmlluxu0wr29fcdd0tdnh78gzhkvhe4n6ulal9qvrtu43qtd0nh8/crazyk,Crazy Kitchen,CrazyK,factory/osmo1q77cw0mmlluxu0wr29fcdd0tdnh78gzhkvhe4n6ulal9qvrtu43qtd0nh8/crazyk,6,,osmosis,factory/osmo1q77cw0mmlluxu0wr29fcdd0tdnh78gzhkvhe4n6ulal9qvrtu43qtd0nh8/crazyk,native,2024-07-23T14:47:57.662Z,2024-07-08T02:25:24.654000,false,chain-metadata
osmosis,factory/osmo1q77cw0mmlluxu0wr29fcdd0tdnh78gzhkvhe4n6ulal9qvrtu43qtd0nh8/cough,Coughing Cat,Cough,factory/osmo1q77cw0mmlluxu0wr29fcdd0tdnh78gzhkvhe4n6ulal9qvrtu43qtd0nh8/cough,6,,osmosis,factory/osmo1q77cw0mmlluxu0wr29fcdd0tdnh78gzhkvhe4n6ulal9qvrtu43qtd0nh8/cough,native,2024-07-23T14:47:57.662Z,2024-05-04T02:25:27.727000,false,chain-metadata
osmosis,factory/osmo1q77cw0mmlluxu0wr29fcdd0tdnh78gzhkvhe4n6ulal9qvrtu43qtd0nh8/crack,Bitcoin Cracking,CRACK,factory/osmo1q77cw0mmlluxu0wr29fcdd0tdnh78gzhkvhe4n6ulal9qvrtu43qtd0nh8/crack,6,,osmosis,factory/osmo1q77cw0mmlluxu0wr29fcdd0tdnh78gzhkvhe4n6ulal9qvrtu43qtd0nh8/crack,native,2024-07-23T14:47:57.662Z,2024-05-05T00:50:34.060000,false,chain-metadata
osmosis,factory/osmo1q77cw0mmlluxu0wr29fcdd0tdnh78gzhkvhe4n6ulal9qvrtu43qtd0nh8/cyr,Cyrano,CYR,factory/osmo1q77cw0mmlluxu0wr29fcdd0tdnh78gzhkvhe4n6ulal9qvrtu43qtd0nh8/cyr,6,,osmosis,factory/osmo1q77cw0mmlluxu0wr29fcdd0tdnh78gzhkvhe4n6ulal9qvrtu43qtd0nh8/cyr,native,2024-07-23T14:47:57.662Z,2024-05-19T15:16:03.036000,false,chain-metadata
osmosis,factory/osmo1q77cw0mmlluxu0wr29fcdd0tdnh78gzhkvhe4n6ulal9qvrtu43qtd0nh8/dbm,DontBuyMe,DBM,factory/osmo1q77cw0mmlluxu0wr29fcdd0tdnh78gzhkvhe4n6ulal9qvrtu43qtd0nh8/dbm,6,,osmosis,factory/osmo1q77cw0mmlluxu0wr29fcdd0tdnh78gzhkvhe4n6ulal9qvrtu43qtd0nh8/dbm,native,2024-07-23T14:47:57.662Z,2024-07-05T13:01:52.490000,false,chain-metadata
osmosis,factory/osmo1q77cw0mmlluxu0wr29fcdd0tdnh78gzhkvhe4n6ulal9qvrtu43qtd0nh8/d2m,DYM2MOON,D2M,factory/osmo1q77cw0mmlluxu0wr29fcdd0tdnh78gzhkvhe4n6ulal9qvrtu43qtd0nh8/d2m,6,,osmosis,factory/osmo1q77cw0mmlluxu0wr29fcdd0tdnh78gzhkvhe4n6ulal9qvrtu43qtd0nh8/d2m,native,2024-07-23T14:47:57.662Z,2024-05-06T22:01:07.474000,false,chain-metadata
osmosis,factory/osmo1q77cw0mmlluxu0wr29fcdd0tdnh78gzhkvhe4n6ulal9qvrtu43qtd0nh8/crmtn,crypto mountain,CRMTN,factory/osmo1q77cw0mmlluxu0wr29fcdd0tdnh78gzhkvhe4n6ulal9qvrtu43qtd0nh8/crmtn,6,,osmosis,factory/osmo1q77cw0mmlluxu0wr29fcdd0tdnh78gzhkvhe4n6ulal9qvrtu43qtd0nh8/crmtn,native,2024-07-23T14:47:57.662Z,2024-05-22T20:39:00.234000,false,chain-metadata
osmosis,factory/osmo1q77cw0mmlluxu0wr29fcdd0tdnh78gzhkvhe4n6ulal9qvrtu43qtd0nh8/credits,Galactic Credit Standard,CREDITS,factory/osmo1q77cw0mmlluxu0wr29fcdd0tdnh78gzhkvhe4n6ulal9qvrtu43qtd0nh8/credits,6,,osmosis,factory/osmo1q77cw0mmlluxu0wr29fcdd0tdnh78gzhkvhe4n6ulal9qvrtu43qtd0nh8/credits,native,2024-07-23T14:47:57.662Z,2024-05-04T14:34:18.908000,false,chain-metadata
osmosis,factory/osmo1q77cw0mmlluxu0wr29fcdd0tdnh78gzhkvhe4n6ulal9qvrtu43qtd0nh8/dar,DAR,DAR,factory/osmo1q77cw0mmlluxu0wr29fcdd0tdnh78gzhkvhe4n6ulal9qvrtu43qtd0nh8/dar,6,,osmosis,factory/osmo1q77cw0mmlluxu0wr29fcdd0tdnh78gzhkvhe4n6ulal9qvrtu43qtd0nh8/dar,native,2024-07-23T14:47:57.662Z,2024-05-04T14:34:18.908000,false,chain-metadata
osmosis,factory/osmo1q77cw0mmlluxu0wr29fcdd0tdnh78gzhkvhe4n6ulal9qvrtu43qtd0nh8/cove,Krypto Cove - The best airdrop tutorials,cove,factory/osmo1q77cw0mmlluxu0wr29fcdd0tdnh78gzhkvhe4n6ulal9qvrtu43qtd0nh8/cove,6,,osmosis,factory/osmo1q77cw0mmlluxu0wr29fcdd0tdnh78gzhkvhe4n6ulal9qvrtu43qtd0nh8/cove,native,2024-07-23T14:47:57.662Z,2024-05-06T22:01:07.474000,false,chain-metadata
osmosis,factory/osmo1q77cw0mmlluxu0wr29fcdd0tdnh78gzhkvhe4n6ulal9qvrtu43qtd0nh8/crit,CryptoCritters,CRIT,factory/osmo1q77cw0mmlluxu0wr29fcdd0tdnh78gzhkvhe4n6ulal9qvrtu43qtd0nh8/crit,6,,osmosis,factory/osmo1q77cw0mmlluxu0wr29fcdd0tdnh78gzhkvhe4n6ulal9qvrtu43qtd0nh8/crit,native,2024-07-23T14:47:57.662Z,2024-05-17T12:52:05.186000,false,chain-metadata
osmosis,factory/osmo1q77cw0mmlluxu0wr29fcdd0tdnh78gzhkvhe4n6ulal9qvrtu43qtd0nh8/daff,DaffyPunk,DAFF,factory/osmo1q77cw0mmlluxu0wr29fcdd0tdnh78gzhkvhe4n6ulal9qvrtu43qtd0nh8/daff,6,,osmosis,factory/osmo1q77cw0mmlluxu0wr29fcdd0tdnh78gzhkvhe4n6ulal9qvrtu43qtd0nh8/daff,native,2024-07-23T14:47:57.662Z,2024-05-06T22:01:07.474000,false,chain-metadata
osmosis,factory/osmo1q77cw0mmlluxu0wr29fcdd0tdnh78gzhkvhe4n6ulal9qvrtu43qtd0nh8/degen,Degen,DEGEN,factory/osmo1q77cw0mmlluxu0wr29fcdd0tdnh78gzhkvhe4n6ulal9qvrtu43qtd0nh8/degen,6,,osmosis,factory/osmo1q77cw0mmlluxu0wr29fcdd0tdnh78gzhkvhe4n6ulal9qvrtu43qtd0nh8/degen,native,2024-07-23T14:47:57.662Z,2024-05-10T02:25:29.188000,false,chain-metadata
osmosis,factory/osmo1q77cw0mmlluxu0wr29fcdd0tdnh78gzhkvhe4n6ulal9qvrtu43qtd0nh8/cotsc,The church of the surprised chicken ,COTSC,factory/osmo1q77cw0mmlluxu0wr29fcdd0tdnh78gzhkvhe4n6ulal9qvrtu43qtd0nh8/cotsc,6,,osmosis,factory/osmo1q77cw0mmlluxu0wr29fcdd0tdnh78gzhkvhe4n6ulal9qvrtu43qtd0nh8/cotsc,native,2024-07-23T14:47:57.662Z,2024-05-05T22:11:22.789000,false,chain-metadata
osmosis,factory/osmo1q77cw0mmlluxu0wr29fcdd0tdnh78gzhkvhe4n6ulal9qvrtu43qtd0nh8/cute,Cute Puppy,CUTE,factory/osmo1q77cw0mmlluxu0wr29fcdd0tdnh78gzhkvhe4n6ulal9qvrtu43qtd0nh8/cute,6,,osmosis,factory/osmo1q77cw0mmlluxu0wr29fcdd0tdnh78gzhkvhe4n6ulal9qvrtu43qtd0nh8/cute,native,2024-07-23T14:47:57.662Z,2024-06-04T15:48:22.855000,false,chain-metadata
osmosis,factory/osmo1q77cw0mmlluxu0wr29fcdd0tdnh78gzhkvhe4n6ulal9qvrtu43qtd0nh8/das,das,das,factory/osmo1q77cw0mmlluxu0wr29fcdd0tdnh78gzhkvhe4n6ulal9qvrtu43qtd0nh8/das,6,,osmosis,factory/osmo1q77cw0mmlluxu0wr29fcdd0tdnh78gzhkvhe4n6ulal9qvrtu43qtd0nh8/das,native,2024-07-23T14:47:57.662Z,2024-05-08T18:34:13.001000,false,chain-metadata
osmosis,factory/osmo1q77cw0mmlluxu0wr29fcdd0tdnh78gzhkvhe4n6ulal9qvrtu43qtd0nh8/dick,THE DICTATOR,DICK,factory/osmo1q77cw0mmlluxu0wr29fcdd0tdnh78gzhkvhe4n6ulal9qvrtu43qtd0nh8/dick,6,,osmosis,factory/osmo1q77cw0mmlluxu0wr29fcdd0tdnh78gzhkvhe4n6ulal9qvrtu43qtd0nh8/dick,native,2024-07-23T14:47:57.662Z,2024-05-03T02:26:18.655000,false,chain-metadata
osmosis,factory/osmo1q77cw0mmlluxu0wr29fcdd0tdnh78gzhkvhe4n6ulal9qvrtu43qtd0nh8/crunes,CosmoRunes,CRUNES,factory/osmo1q77cw0mmlluxu0wr29fcdd0tdnh78gzhkvhe4n6ulal9qvrtu43qtd0nh8/crunes,6,,osmosis,factory/osmo1q77cw0mmlluxu0wr29fcdd0tdnh78gzhkvhe4n6ulal9qvrtu43qtd0nh8/crunes,native,2024-07-23T14:47:57.662Z,2024-05-04T02:25:27.727000,false,chain-metadata
osmosis,factory/osmo1q77cw0mmlluxu0wr29fcdd0tdnh78gzhkvhe4n6ulal9qvrtu43qtd0nh8/dhz,DIMOND HANDZ,DHZ,factory/osmo1q77cw0mmlluxu0wr29fcdd0tdnh78gzhkvhe4n6ulal9qvrtu43qtd0nh8/dhz,6,,osmosis,factory/osmo1q77cw0mmlluxu0wr29fcdd0tdnh78gzhkvhe4n6ulal9qvrtu43qtd0nh8/dhz,native,2024-07-23T14:47:57.662Z,2024-06-20T14:57:47.728000,false,chain-metadata
osmosis,factory/osmo1q77cw0mmlluxu0wr29fcdd0tdnh78gzhkvhe4n6ulal9qvrtu43qtd0nh8/dilligaf,DILLIGAF,DILLIGAF,factory/osmo1q77cw0mmlluxu0wr29fcdd0tdnh78gzhkvhe4n6ulal9qvrtu43qtd0nh8/dilligaf,6,,osmosis,factory/osmo1q77cw0mmlluxu0wr29fcdd0tdnh78gzhkvhe4n6ulal9qvrtu43qtd0nh8/dilligaf,native,2024-07-23T14:47:57.662Z,2024-05-05T22:11:22.789000,false,chain-metadata
osmosis,factory/osmo1q77cw0mmlluxu0wr29fcdd0tdnh78gzhkvhe4n6ulal9qvrtu43qtd0nh8/cups,DrinkingOutOfCups,CUPS,factory/osmo1q77cw0mmlluxu0wr29fcdd0tdnh78gzhkvhe4n6ulal9qvrtu43qtd0nh8/cups,6,,osmosis,factory/osmo1q77cw0mmlluxu0wr29fcdd0tdnh78gzhkvhe4n6ulal9qvrtu43qtd0nh8/cups,native,2024-07-23T14:47:57.662Z,2024-05-03T02:26:18.655000,false,chain-metadata
osmosis,factory/osmo1q77cw0mmlluxu0wr29fcdd0tdnh78gzhkvhe4n6ulal9qvrtu43qtd0nh8/cr7,RONALDO,CR7,factory/osmo1q77cw0mmlluxu0wr29fcdd0tdnh78gzhkvhe4n6ulal9qvrtu43qtd0nh8/cr7,6,,osmosis,factory/osmo1q77cw0mmlluxu0wr29fcdd0tdnh78gzhkvhe4n6ulal9qvrtu43qtd0nh8/cr7,native,2024-07-23T14:47:57.662Z,2024-05-02T20:56:42.737000,false,chain-metadata
osmosis,factory/osmo1q77cw0mmlluxu0wr29fcdd0tdnh78gzhkvhe4n6ulal9qvrtu43qtd0nh8/coso,Cook Some Osmo,COSO,factory/osmo1q77cw0mmlluxu0wr29fcdd0tdnh78gzhkvhe4n6ulal9qvrtu43qtd0nh8/coso,6,,osmosis,factory/osmo1q77cw0mmlluxu0wr29fcdd0tdnh78gzhkvhe4n6ulal9qvrtu43qtd0nh8/coso,native,2024-07-23T14:47:57.662Z,2024-05-06T22:01:07.474000,false,chain-metadata
osmosis,factory/osmo1q77cw0mmlluxu0wr29fcdd0tdnh78gzhkvhe4n6ulal9qvrtu43qtd0nh8/csm,Crypto Samurai,CSM,factory/osmo1q77cw0mmlluxu0wr29fcdd0tdnh78gzhkvhe4n6ulal9qvrtu43qtd0nh8/csm,6,,osmosis,factory/osmo1q77cw0mmlluxu0wr29fcdd0tdnh78gzhkvhe4n6ulal9qvrtu43qtd0nh8/csm,native,2024-07-23T14:47:57.662Z,2024-07-05T19:45:36.153000,false,chain-metadata
osmosis,factory/osmo1q77cw0mmlluxu0wr29fcdd0tdnh78gzhkvhe4n6ulal9qvrtu43qtd0nh8/cpa,ChillPillsATH,CPA,factory/osmo1q77cw0mmlluxu0wr29fcdd0tdnh78gzhkvhe4n6ulal9qvrtu43qtd0nh8/cpa,6,,osmosis,factory/osmo1q77cw0mmlluxu0wr29fcdd0tdnh78gzhkvhe4n6ulal9qvrtu43qtd0nh8/cpa,native,2024-07-23T14:47:57.662Z,2024-06-10T09:33:08.802000,false,chain-metadata
osmosis,factory/osmo1q77cw0mmlluxu0wr29fcdd0tdnh78gzhkvhe4n6ulal9qvrtu43qtd0nh8/datboi,Dat Boi,DATBOI,factory/osmo1q77cw0mmlluxu0wr29fcdd0tdnh78gzhkvhe4n6ulal9qvrtu43qtd0nh8/datboi,6,,osmosis,factory/osmo1q77cw0mmlluxu0wr29fcdd0tdnh78gzhkvhe4n6ulal9qvrtu43qtd0nh8/datboi,native,2024-07-23T14:47:57.662Z,2024-05-03T02:26:18.655000,false,chain-metadata
osmosis,factory/osmo1q77cw0mmlluxu0wr29fcdd0tdnh78gzhkvhe4n6ulal9qvrtu43qtd0nh8/crn,CrazyRun,CRN,factory/osmo1q77cw0mmlluxu0wr29fcdd0tdnh78gzhkvhe4n6ulal9qvrtu43qtd0nh8/crn,6,,osmosis,factory/osmo1q77cw0mmlluxu0wr29fcdd0tdnh78gzhkvhe4n6ulal9qvrtu43qtd0nh8/crn,native,2024-07-23T14:47:57.662Z,2024-06-04T15:48:22.855000,false,chain-metadata
osmosis,factory/osmo1q77cw0mmlluxu0wr29fcdd0tdnh78gzhkvhe4n6ulal9qvrtu43qtd0nh8/cps,cryptopunkstar,CPS,factory/osmo1q77cw0mmlluxu0wr29fcdd0tdnh78gzhkvhe4n6ulal9qvrtu43qtd0nh8/cps,6,,osmosis,factory/osmo1q77cw0mmlluxu0wr29fcdd0tdnh78gzhkvhe4n6ulal9qvrtu43qtd0nh8/cps,native,2024-07-23T14:47:57.662Z,2024-05-04T02:25:27.727000,false,chain-metadata
osmosis,factory/osmo1q77cw0mmlluxu0wr29fcdd0tdnh78gzhkvhe4n6ulal9qvrtu43qtd0nh8/etrmp,ElonTrump,ETRMP,factory/osmo1q77cw0mmlluxu0wr29fcdd0tdnh78gzhkvhe4n6ulal9qvrtu43qtd0nh8/etrmp,6,,osmosis,factory/osmo1q77cw0mmlluxu0wr29fcdd0tdnh78gzhkvhe4n6ulal9qvrtu43qtd0nh8/etrmp,native,2024-07-23T14:47:57.663Z,2024-05-13T16:55:53.115000,false,chain-metadata
osmosis,factory/osmo1q77cw0mmlluxu0wr29fcdd0tdnh78gzhkvhe4n6ulal9qvrtu43qtd0nh8/dogs,DOG,DOGs,factory/osmo1q77cw0mmlluxu0wr29fcdd0tdnh78gzhkvhe4n6ulal9qvrtu43qtd0nh8/dogs,6,,osmosis,factory/osmo1q77cw0mmlluxu0wr29fcdd0tdnh78gzhkvhe4n6ulal9qvrtu43qtd0nh8/dogs,native,2024-07-23T14:47:57.663Z,2024-05-06T22:01:07.474000,false,chain-metadata
osmosis,factory/osmo1q77cw0mmlluxu0wr29fcdd0tdnh78gzhkvhe4n6ulal9qvrtu43qtd0nh8/dogec,Doge on Cosmos,DOGEC,factory/osmo1q77cw0mmlluxu0wr29fcdd0tdnh78gzhkvhe4n6ulal9qvrtu43qtd0nh8/dogec,6,,osmosis,factory/osmo1q77cw0mmlluxu0wr29fcdd0tdnh78gzhkvhe4n6ulal9qvrtu43qtd0nh8/dogec,native,2024-07-23T14:47:57.663Z,2024-05-03T02:26:18.655000,false,chain-metadata
osmosis,factory/osmo1q77cw0mmlluxu0wr29fcdd0tdnh78gzhkvhe4n6ulal9qvrtu43qtd0nh8/eve,Eve,Eve,factory/osmo1q77cw0mmlluxu0wr29fcdd0tdnh78gzhkvhe4n6ulal9qvrtu43qtd0nh8/eve,6,,osmosis,factory/osmo1q77cw0mmlluxu0wr29fcdd0tdnh78gzhkvhe4n6ulal9qvrtu43qtd0nh8/eve,native,2024-07-23T14:47:57.663Z,2024-05-07T02:25:33.661000,false,chain-metadata
osmosis,factory/osmo1q77cw0mmlluxu0wr29fcdd0tdnh78gzhkvhe4n6ulal9qvrtu43qtd0nh8/egg,EGG,EGG,factory/osmo1q77cw0mmlluxu0wr29fcdd0tdnh78gzhkvhe4n6ulal9qvrtu43qtd0nh8/egg,6,,osmosis,factory/osmo1q77cw0mmlluxu0wr29fcdd0tdnh78gzhkvhe4n6ulal9qvrtu43qtd0nh8/egg,native,2024-07-23T14:47:57.663Z,2024-05-03T04:58:12.460000,false,chain-metadata
osmosis,factory/osmo1q77cw0mmlluxu0wr29fcdd0tdnh78gzhkvhe4n6ulal9qvrtu43qtd0nh8/ens,ENZOSOCCER,ENS,factory/osmo1q77cw0mmlluxu0wr29fcdd0tdnh78gzhkvhe4n6ulal9qvrtu43qtd0nh8/ens,6,,osmosis,factory/osmo1q77cw0mmlluxu0wr29fcdd0tdnh78gzhkvhe4n6ulal9qvrtu43qtd0nh8/ens,native,2024-07-23T14:47:57.663Z,2024-05-02T20:56:42.737000,false,chain-metadata
osmosis,factory/osmo1q77cw0mmlluxu0wr29fcdd0tdnh78gzhkvhe4n6ulal9qvrtu43qtd0nh8/dirty,DirtyMike,DIRTY,factory/osmo1q77cw0mmlluxu0wr29fcdd0tdnh78gzhkvhe4n6ulal9qvrtu43qtd0nh8/dirty,6,,osmosis,factory/osmo1q77cw0mmlluxu0wr29fcdd0tdnh78gzhkvhe4n6ulal9qvrtu43qtd0nh8/dirty,native,2024-07-23T14:47:57.663Z,2024-05-04T18:48:42.304000,false,chain-metadata
osmosis,factory/osmo1q77cw0mmlluxu0wr29fcdd0tdnh78gzhkvhe4n6ulal9qvrtu43qtd0nh8/esp,España,ESP,factory/osmo1q77cw0mmlluxu0wr29fcdd0tdnh78gzhkvhe4n6ulal9qvrtu43qtd0nh8/esp,6,,osmosis,factory/osmo1q77cw0mmlluxu0wr29fcdd0tdnh78gzhkvhe4n6ulal9qvrtu43qtd0nh8/esp,native,2024-07-23T14:47:57.663Z,2024-05-21T20:09:47.122000,false,chain-metadata
osmosis,factory/osmo1q77cw0mmlluxu0wr29fcdd0tdnh78gzhkvhe4n6ulal9qvrtu43qtd0nh8/dont,OsmoBenk,DONT,factory/osmo1q77cw0mmlluxu0wr29fcdd0tdnh78gzhkvhe4n6ulal9qvrtu43qtd0nh8/dont,6,,osmosis,factory/osmo1q77cw0mmlluxu0wr29fcdd0tdnh78gzhkvhe4n6ulal9qvrtu43qtd0nh8/dont,native,2024-07-23T14:47:57.663Z,2024-07-09T02:25:17.499000,false,chain-metadata
osmosis,factory/osmo1q77cw0mmlluxu0wr29fcdd0tdnh78gzhkvhe4n6ulal9qvrtu43qtd0nh8/eusko,EUSKO,EUSKO,factory/osmo1q77cw0mmlluxu0wr29fcdd0tdnh78gzhkvhe4n6ulal9qvrtu43qtd0nh8/eusko,6,,osmosis,factory/osmo1q77cw0mmlluxu0wr29fcdd0tdnh78gzhkvhe4n6ulal9qvrtu43qtd0nh8/eusko,native,2024-07-23T14:47:57.663Z,2024-06-10T09:33:08.802000,false,chain-metadata
osmosis,factory/osmo1q77cw0mmlluxu0wr29fcdd0tdnh78gzhkvhe4n6ulal9qvrtu43qtd0nh8/f1t,F1 Token,F1T,factory/osmo1q77cw0mmlluxu0wr29fcdd0tdnh78gzhkvhe4n6ulal9qvrtu43qtd0nh8/f1t,6,,osmosis,factory/osmo1q77cw0mmlluxu0wr29fcdd0tdnh78gzhkvhe4n6ulal9qvrtu43qtd0nh8/f1t,native,2024-07-23T14:47:57.663Z,2024-05-06T22:01:07.474000,false,chain-metadata
osmosis,factory/osmo1q77cw0mmlluxu0wr29fcdd0tdnh78gzhkvhe4n6ulal9qvrtu43qtd0nh8/eigey,EIGEYLAYER,EIGEY,factory/osmo1q77cw0mmlluxu0wr29fcdd0tdnh78gzhkvhe4n6ulal9qvrtu43qtd0nh8/eigey,6,,osmosis,factory/osmo1q77cw0mmlluxu0wr29fcdd0tdnh78gzhkvhe4n6ulal9qvrtu43qtd0nh8/eigey,native,2024-07-23T14:47:57.663Z,2024-05-05T22:11:22.789000,false,chain-metadata
osmosis,factory/osmo1q77cw0mmlluxu0wr29fcdd0tdnh78gzhkvhe4n6ulal9qvrtu43qtd0nh8/erica,ERICA THE SLOTH,ERICA,factory/osmo1q77cw0mmlluxu0wr29fcdd0tdnh78gzhkvhe4n6ulal9qvrtu43qtd0nh8/erica,6,,osmosis,factory/osmo1q77cw0mmlluxu0wr29fcdd0tdnh78gzhkvhe4n6ulal9qvrtu43qtd0nh8/erica,native,2024-07-23T14:47:57.663Z,2024-05-12T02:25:42.253000,false,chain-metadata
osmosis,factory/osmo1q77cw0mmlluxu0wr29fcdd0tdnh78gzhkvhe4n6ulal9qvrtu43qtd0nh8/dloop,Death Loop Coin,DLOOP,factory/osmo1q77cw0mmlluxu0wr29fcdd0tdnh78gzhkvhe4n6ulal9qvrtu43qtd0nh8/dloop,6,,osmosis,factory/osmo1q77cw0mmlluxu0wr29fcdd0tdnh78gzhkvhe4n6ulal9qvrtu43qtd0nh8/dloop,native,2024-07-23T14:47:57.663Z,2024-05-16T21:05:19.350000,false,chain-metadata
osmosis,factory/osmo1q77cw0mmlluxu0wr29fcdd0tdnh78gzhkvhe4n6ulal9qvrtu43qtd0nh8/emoticon,Emoticoin,EMOTICON,factory/osmo1q77cw0mmlluxu0wr29fcdd0tdnh78gzhkvhe4n6ulal9qvrtu43qtd0nh8/emoticon,6,,osmosis,factory/osmo1q77cw0mmlluxu0wr29fcdd0tdnh78gzhkvhe4n6ulal9qvrtu43qtd0nh8/emoticon,native,2024-07-23T14:47:57.663Z,2024-05-07T02:25:33.661000,false,chain-metadata
osmosis,factory/osmo1q77cw0mmlluxu0wr29fcdd0tdnh78gzhkvhe4n6ulal9qvrtu43qtd0nh8/eva,Evolution,EVA,factory/osmo1q77cw0mmlluxu0wr29fcdd0tdnh78gzhkvhe4n6ulal9qvrtu43qtd0nh8/eva,6,,osmosis,factory/osmo1q77cw0mmlluxu0wr29fcdd0tdnh78gzhkvhe4n6ulal9qvrtu43qtd0nh8/eva,native,2024-07-23T14:47:57.663Z,2024-05-15T13:07:26.818000,false,chain-metadata
osmosis,factory/osmo1q77cw0mmlluxu0wr29fcdd0tdnh78gzhkvhe4n6ulal9qvrtu43qtd0nh8/dmd,DiamondHands,DMD,factory/osmo1q77cw0mmlluxu0wr29fcdd0tdnh78gzhkvhe4n6ulal9qvrtu43qtd0nh8/dmd,6,,osmosis,factory/osmo1q77cw0mmlluxu0wr29fcdd0tdnh78gzhkvhe4n6ulal9qvrtu43qtd0nh8/dmd,native,2024-07-23T14:47:57.663Z,2024-06-04T15:48:22.855000,false,chain-metadata
osmosis,factory/osmo1q77cw0mmlluxu0wr29fcdd0tdnh78gzhkvhe4n6ulal9qvrtu43qtd0nh8/dogwoof,anon,DogWoof,factory/osmo1q77cw0mmlluxu0wr29fcdd0tdnh78gzhkvhe4n6ulal9qvrtu43qtd0nh8/dogwoof,6,,osmosis,factory/osmo1q77cw0mmlluxu0wr29fcdd0tdnh78gzhkvhe4n6ulal9qvrtu43qtd0nh8/dogwoof,native,2024-07-23T14:47:57.663Z,2024-06-04T15:48:22.855000,false,chain-metadata
osmosis,factory/osmo1q77cw0mmlluxu0wr29fcdd0tdnh78gzhkvhe4n6ulal9qvrtu43qtd0nh8/ear,Eardrop Trump,EAR,factory/osmo1q77cw0mmlluxu0wr29fcdd0tdnh78gzhkvhe4n6ulal9qvrtu43qtd0nh8/ear,6,,osmosis,factory/osmo1q77cw0mmlluxu0wr29fcdd0tdnh78gzhkvhe4n6ulal9qvrtu43qtd0nh8/ear,native,2024-07-23T14:47:57.663Z,2024-07-17T12:01:55.974000,false,chain-metadata
osmosis,factory/osmo1q77cw0mmlluxu0wr29fcdd0tdnh78gzhkvhe4n6ulal9qvrtu43qtd0nh8/dntrmp,Donald Triumph,DNTRMP,factory/osmo1q77cw0mmlluxu0wr29fcdd0tdnh78gzhkvhe4n6ulal9qvrtu43qtd0nh8/dntrmp,6,,osmosis,factory/osmo1q77cw0mmlluxu0wr29fcdd0tdnh78gzhkvhe4n6ulal9qvrtu43qtd0nh8/dntrmp,native,2024-07-23T14:47:57.663Z,2024-05-19T20:42:26.278000,false,chain-metadata
osmosis,factory/osmo1q77cw0mmlluxu0wr29fcdd0tdnh78gzhkvhe4n6ulal9qvrtu43qtd0nh8/etm,ESCAPE THE MATRIX,ETM,factory/osmo1q77cw0mmlluxu0wr29fcdd0tdnh78gzhkvhe4n6ulal9qvrtu43qtd0nh8/etm,6,,osmosis,factory/osmo1q77cw0mmlluxu0wr29fcdd0tdnh78gzhkvhe4n6ulal9qvrtu43qtd0nh8/etm,native,2024-07-23T14:47:57.663Z,2024-05-09T07:21:38.038000,false,chain-metadata
osmosis,factory/osmo1q77cw0mmlluxu0wr29fcdd0tdnh78gzhkvhe4n6ulal9qvrtu43qtd0nh8/enl,BuyHighSellLow,ENL,factory/osmo1q77cw0mmlluxu0wr29fcdd0tdnh78gzhkvhe4n6ulal9qvrtu43qtd0nh8/enl,6,,osmosis,factory/osmo1q77cw0mmlluxu0wr29fcdd0tdnh78gzhkvhe4n6ulal9qvrtu43qtd0nh8/enl,native,2024-07-23T14:47:57.663Z,2024-05-03T09:42:43.953000,false,chain-metadata
osmosis,factory/osmo1q77cw0mmlluxu0wr29fcdd0tdnh78gzhkvhe4n6ulal9qvrtu43qtd0nh8/elo,Elon,Elo,factory/osmo1q77cw0mmlluxu0wr29fcdd0tdnh78gzhkvhe4n6ulal9qvrtu43qtd0nh8/elo,6,,osmosis,factory/osmo1q77cw0mmlluxu0wr29fcdd0tdnh78gzhkvhe4n6ulal9qvrtu43qtd0nh8/elo,native,2024-07-23T14:47:57.663Z,2024-05-30T11:43:30.156000,false,chain-metadata
osmosis,factory/osmo1q77cw0mmlluxu0wr29fcdd0tdnh78gzhkvhe4n6ulal9qvrtu43qtd0nh8/dogemosis,DOGEMOSIS,DOGEMOSIS,factory/osmo1q77cw0mmlluxu0wr29fcdd0tdnh78gzhkvhe4n6ulal9qvrtu43qtd0nh8/dogemosis,6,,osmosis,factory/osmo1q77cw0mmlluxu0wr29fcdd0tdnh78gzhkvhe4n6ulal9qvrtu43qtd0nh8/dogemosis,native,2024-07-23T14:47:57.663Z,2024-05-08T02:25:28.367000,false,chain-metadata
osmosis,factory/osmo1q77cw0mmlluxu0wr29fcdd0tdnh78gzhkvhe4n6ulal9qvrtu43qtd0nh8/emsw,Elon Musk Smoking Weed ,EMSW,factory/osmo1q77cw0mmlluxu0wr29fcdd0tdnh78gzhkvhe4n6ulal9qvrtu43qtd0nh8/emsw,6,,osmosis,factory/osmo1q77cw0mmlluxu0wr29fcdd0tdnh78gzhkvhe4n6ulal9qvrtu43qtd0nh8/emsw,native,2024-07-23T14:47:57.663Z,2024-05-08T18:34:13.001000,false,chain-metadata
osmosis,factory/osmo1q77cw0mmlluxu0wr29fcdd0tdnh78gzhkvhe4n6ulal9qvrtu43qtd0nh8/drai,DDORAI,DRAI,factory/osmo1q77cw0mmlluxu0wr29fcdd0tdnh78gzhkvhe4n6ulal9qvrtu43qtd0nh8/drai,6,,osmosis,factory/osmo1q77cw0mmlluxu0wr29fcdd0tdnh78gzhkvhe4n6ulal9qvrtu43qtd0nh8/drai,native,2024-07-23T14:47:57.663Z,2024-05-03T02:26:18.655000,false,chain-metadata
osmosis,factory/osmo1q77cw0mmlluxu0wr29fcdd0tdnh78gzhkvhe4n6ulal9qvrtu43qtd0nh8/dontbuy,dontbuy,dontbuy,factory/osmo1q77cw0mmlluxu0wr29fcdd0tdnh78gzhkvhe4n6ulal9qvrtu43qtd0nh8/dontbuy,6,,osmosis,factory/osmo1q77cw0mmlluxu0wr29fcdd0tdnh78gzhkvhe4n6ulal9qvrtu43qtd0nh8/dontbuy,native,2024-07-23T14:47:57.663Z,2024-05-24T02:26:14.846000,false,chain-metadata
osmosis,factory/osmo1q77cw0mmlluxu0wr29fcdd0tdnh78gzhkvhe4n6ulal9qvrtu43qtd0nh8/djjtga,DJJOEYTGA,DJJTGA,factory/osmo1q77cw0mmlluxu0wr29fcdd0tdnh78gzhkvhe4n6ulal9qvrtu43qtd0nh8/djjtga,6,,osmosis,factory/osmo1q77cw0mmlluxu0wr29fcdd0tdnh78gzhkvhe4n6ulal9qvrtu43qtd0nh8/djjtga,native,2024-07-23T14:47:57.663Z,2024-05-02T20:56:42.737000,false,chain-metadata
osmosis,factory/osmo1q77cw0mmlluxu0wr29fcdd0tdnh78gzhkvhe4n6ulal9qvrtu43qtd0nh8/djt,Ultra Right,DJT,factory/osmo1q77cw0mmlluxu0wr29fcdd0tdnh78gzhkvhe4n6ulal9qvrtu43qtd0nh8/djt,6,,osmosis,factory/osmo1q77cw0mmlluxu0wr29fcdd0tdnh78gzhkvhe4n6ulal9qvrtu43qtd0nh8/djt,native,2024-07-23T14:47:57.663Z,2024-05-03T04:58:12.451000,false,chain-metadata
osmosis,factory/osmo1q77cw0mmlluxu0wr29fcdd0tdnh78gzhkvhe4n6ulal9qvrtu43qtd0nh8/evilg,Evil Garry,EvilG,factory/osmo1q77cw0mmlluxu0wr29fcdd0tdnh78gzhkvhe4n6ulal9qvrtu43qtd0nh8/evilg,6,,osmosis,factory/osmo1q77cw0mmlluxu0wr29fcdd0tdnh78gzhkvhe4n6ulal9qvrtu43qtd0nh8/evilg,native,2024-07-23T14:47:57.663Z,2024-05-22T02:25:42.076000,false,chain-metadata
osmosis,factory/osmo1q77cw0mmlluxu0wr29fcdd0tdnh78gzhkvhe4n6ulal9qvrtu43qtd0nh8/donold,DONULD TRIMP,DONOLD,factory/osmo1q77cw0mmlluxu0wr29fcdd0tdnh78gzhkvhe4n6ulal9qvrtu43qtd0nh8/donold,6,,osmosis,factory/osmo1q77cw0mmlluxu0wr29fcdd0tdnh78gzhkvhe4n6ulal9qvrtu43qtd0nh8/donold,native,2024-07-23T14:47:57.663Z,2024-05-02T20:56:42.737000,false,chain-metadata
osmosis,factory/osmo1q77cw0mmlluxu0wr29fcdd0tdnh78gzhkvhe4n6ulal9qvrtu43qtd0nh8/dodo,DoDoTwins,DODO,factory/osmo1q77cw0mmlluxu0wr29fcdd0tdnh78gzhkvhe4n6ulal9qvrtu43qtd0nh8/dodo,6,,osmosis,factory/osmo1q77cw0mmlluxu0wr29fcdd0tdnh78gzhkvhe4n6ulal9qvrtu43qtd0nh8/dodo,native,2024-07-23T14:47:57.663Z,2024-05-10T10:44:50.966000,false,chain-metadata
osmosis,factory/osmo1q77cw0mmlluxu0wr29fcdd0tdnh78gzhkvhe4n6ulal9qvrtu43qtd0nh8/ethvgary,ETHVANECKETF,ETHVGARY,factory/osmo1q77cw0mmlluxu0wr29fcdd0tdnh78gzhkvhe4n6ulal9qvrtu43qtd0nh8/ethvgary,6,,osmosis,factory/osmo1q77cw0mmlluxu0wr29fcdd0tdnh78gzhkvhe4n6ulal9qvrtu43qtd0nh8/ethvgary,native,2024-07-23T14:47:57.663Z,2024-05-22T02:25:42.076000,false,chain-metadata
osmosis,factory/osmo1q77cw0mmlluxu0wr29fcdd0tdnh78gzhkvhe4n6ulal9qvrtu43qtd0nh8/dor,DOR,DOR,factory/osmo1q77cw0mmlluxu0wr29fcdd0tdnh78gzhkvhe4n6ulal9qvrtu43qtd0nh8/dor,6,,osmosis,factory/osmo1q77cw0mmlluxu0wr29fcdd0tdnh78gzhkvhe4n6ulal9qvrtu43qtd0nh8/dor,native,2024-07-23T14:47:57.663Z,2024-05-03T02:26:18.655000,false,chain-metadata
osmosis,factory/osmo1q77cw0mmlluxu0wr29fcdd0tdnh78gzhkvhe4n6ulal9qvrtu43qtd0nh8/doh,Dohnuts,Doh,factory/osmo1q77cw0mmlluxu0wr29fcdd0tdnh78gzhkvhe4n6ulal9qvrtu43qtd0nh8/doh,6,,osmosis,factory/osmo1q77cw0mmlluxu0wr29fcdd0tdnh78gzhkvhe4n6ulal9qvrtu43qtd0nh8/doh,native,2024-07-23T14:47:57.663Z,2024-05-10T23:09:07.593000,false,chain-metadata
osmosis,factory/osmo1q77cw0mmlluxu0wr29fcdd0tdnh78gzhkvhe4n6ulal9qvrtu43qtd0nh8/ext,EXORCIST ,EXT,factory/osmo1q77cw0mmlluxu0wr29fcdd0tdnh78gzhkvhe4n6ulal9qvrtu43qtd0nh8/ext,6,,osmosis,factory/osmo1q77cw0mmlluxu0wr29fcdd0tdnh78gzhkvhe4n6ulal9qvrtu43qtd0nh8/ext,native,2024-07-23T14:47:57.663Z,2024-05-13T06:50:23.721000,false,chain-metadata
osmosis,factory/osmo1q77cw0mmlluxu0wr29fcdd0tdnh78gzhkvhe4n6ulal9qvrtu43qtd0nh8/elonwifhat,Elonwifhat,Elonwifhat,factory/osmo1q77cw0mmlluxu0wr29fcdd0tdnh78gzhkvhe4n6ulal9qvrtu43qtd0nh8/elonwifhat,6,,osmosis,factory/osmo1q77cw0mmlluxu0wr29fcdd0tdnh78gzhkvhe4n6ulal9qvrtu43qtd0nh8/elonwifhat,native,2024-07-23T14:47:57.663Z,2024-05-12T18:10:59.911000,false,chain-metadata
osmosis,factory/osmo1q77cw0mmlluxu0wr29fcdd0tdnh78gzhkvhe4n6ulal9qvrtu43qtd0nh8/down,Clownmos: the internet of downchains and hyperclownflation,Down,factory/osmo1q77cw0mmlluxu0wr29fcdd0tdnh78gzhkvhe4n6ulal9qvrtu43qtd0nh8/down,6,,osmosis,factory/osmo1q77cw0mmlluxu0wr29fcdd0tdnh78gzhkvhe4n6ulal9qvrtu43qtd0nh8/down,native,2024-07-23T14:47:57.663Z,2024-05-07T02:25:33.661000,false,chain-metadata
osmosis,factory/osmo1q77cw0mmlluxu0wr29fcdd0tdnh78gzhkvhe4n6ulal9qvrtu43qtd0nh8/foodie,Food aid world,Foodie,factory/osmo1q77cw0mmlluxu0wr29fcdd0tdnh78gzhkvhe4n6ulal9qvrtu43qtd0nh8/foodie,6,,osmosis,factory/osmo1q77cw0mmlluxu0wr29fcdd0tdnh78gzhkvhe4n6ulal9qvrtu43qtd0nh8/foodie,native,2024-07-23T14:47:57.664Z,2024-06-10T09:33:08.802000,false,chain-metadata
osmosis,factory/osmo1q77cw0mmlluxu0wr29fcdd0tdnh78gzhkvhe4n6ulal9qvrtu43qtd0nh8/fms,Flat Mars Society,FMS,factory/osmo1q77cw0mmlluxu0wr29fcdd0tdnh78gzhkvhe4n6ulal9qvrtu43qtd0nh8/fms,6,,osmosis,factory/osmo1q77cw0mmlluxu0wr29fcdd0tdnh78gzhkvhe4n6ulal9qvrtu43qtd0nh8/fms,native,2024-07-23T14:47:57.664Z,2024-05-15T13:07:26.818000,false,chain-metadata
osmosis,factory/osmo1q77cw0mmlluxu0wr29fcdd0tdnh78gzhkvhe4n6ulal9qvrtu43qtd0nh8/frb,FrauBelz,FRB,factory/osmo1q77cw0mmlluxu0wr29fcdd0tdnh78gzhkvhe4n6ulal9qvrtu43qtd0nh8/frb,6,,osmosis,factory/osmo1q77cw0mmlluxu0wr29fcdd0tdnh78gzhkvhe4n6ulal9qvrtu43qtd0nh8/frb,native,2024-07-23T14:47:57.664Z,2024-05-06T22:01:07.475000,false,chain-metadata
osmosis,factory/osmo1q77cw0mmlluxu0wr29fcdd0tdnh78gzhkvhe4n6ulal9qvrtu43qtd0nh8/fourtwenty,TheJefe420Token,FOURTWENTY,factory/osmo1q77cw0mmlluxu0wr29fcdd0tdnh78gzhkvhe4n6ulal9qvrtu43qtd0nh8/fourtwenty,6,,osmosis,factory/osmo1q77cw0mmlluxu0wr29fcdd0tdnh78gzhkvhe4n6ulal9qvrtu43qtd0nh8/fourtwenty,native,2024-07-23T14:47:57.664Z,2024-06-24T02:25:57.871000,false,chain-metadata
osmosis,factory/osmo1q77cw0mmlluxu0wr29fcdd0tdnh78gzhkvhe4n6ulal9qvrtu43qtd0nh8/fed,FedralBnk,Fed,factory/osmo1q77cw0mmlluxu0wr29fcdd0tdnh78gzhkvhe4n6ulal9qvrtu43qtd0nh8/fed,6,,osmosis,factory/osmo1q77cw0mmlluxu0wr29fcdd0tdnh78gzhkvhe4n6ulal9qvrtu43qtd0nh8/fed,native,2024-07-23T14:47:57.664Z,2024-05-17T14:22:45.768000,false,chain-metadata
osmosis,factory/osmo1q77cw0mmlluxu0wr29fcdd0tdnh78gzhkvhe4n6ulal9qvrtu43qtd0nh8/gdf,Gandalf,GDF,factory/osmo1q77cw0mmlluxu0wr29fcdd0tdnh78gzhkvhe4n6ulal9qvrtu43qtd0nh8/gdf,6,,osmosis,factory/osmo1q77cw0mmlluxu0wr29fcdd0tdnh78gzhkvhe4n6ulal9qvrtu43qtd0nh8/gdf,native,2024-07-23T14:47:57.664Z,2024-05-09T02:25:29.190000,false,chain-metadata
osmosis,factory/osmo1q77cw0mmlluxu0wr29fcdd0tdnh78gzhkvhe4n6ulal9qvrtu43qtd0nh8/fls,Flixers,FLS,factory/osmo1q77cw0mmlluxu0wr29fcdd0tdnh78gzhkvhe4n6ulal9qvrtu43qtd0nh8/fls,6,,osmosis,factory/osmo1q77cw0mmlluxu0wr29fcdd0tdnh78gzhkvhe4n6ulal9qvrtu43qtd0nh8/fls,native,2024-07-23T14:47:57.664Z,2024-05-04T09:11:53.938000,false,chain-metadata
osmosis,factory/osmo1q77cw0mmlluxu0wr29fcdd0tdnh78gzhkvhe4n6ulal9qvrtu43qtd0nh8/gin,Gin Enjoyer,GIN,factory/osmo1q77cw0mmlluxu0wr29fcdd0tdnh78gzhkvhe4n6ulal9qvrtu43qtd0nh8/gin,6,,osmosis,factory/osmo1q77cw0mmlluxu0wr29fcdd0tdnh78gzhkvhe4n6ulal9qvrtu43qtd0nh8/gin,native,2024-07-23T14:47:57.664Z,2024-05-03T09:42:43.953000,false,chain-metadata
osmosis,factory/osmo1q77cw0mmlluxu0wr29fcdd0tdnh78gzhkvhe4n6ulal9qvrtu43qtd0nh8/fcat,No Mouth Cat,FCAT,factory/osmo1q77cw0mmlluxu0wr29fcdd0tdnh78gzhkvhe4n6ulal9qvrtu43qtd0nh8/fcat,6,,osmosis,factory/osmo1q77cw0mmlluxu0wr29fcdd0tdnh78gzhkvhe4n6ulal9qvrtu43qtd0nh8/fcat,native,2024-07-23T14:47:57.664Z,2024-05-06T22:01:07.474000,false,chain-metadata
osmosis,factory/osmo1q77cw0mmlluxu0wr29fcdd0tdnh78gzhkvhe4n6ulal9qvrtu43qtd0nh8/gme,Gamestonk,GME,factory/osmo1q77cw0mmlluxu0wr29fcdd0tdnh78gzhkvhe4n6ulal9qvrtu43qtd0nh8/gme,6,,osmosis,factory/osmo1q77cw0mmlluxu0wr29fcdd0tdnh78gzhkvhe4n6ulal9qvrtu43qtd0nh8/gme,native,2024-07-23T14:47:57.664Z,2024-05-14T14:15:12.504000,false,chain-metadata
osmosis,factory/osmo1q77cw0mmlluxu0wr29fcdd0tdnh78gzhkvhe4n6ulal9qvrtu43qtd0nh8/floxy,FLOXY,FLOXY,factory/osmo1q77cw0mmlluxu0wr29fcdd0tdnh78gzhkvhe4n6ulal9qvrtu43qtd0nh8/floxy,6,,osmosis,factory/osmo1q77cw0mmlluxu0wr29fcdd0tdnh78gzhkvhe4n6ulal9qvrtu43qtd0nh8/floxy,native,2024-07-23T14:47:57.664Z,2024-05-11T19:15:43.238000,false,chain-metadata
osmosis,factory/osmo1q77cw0mmlluxu0wr29fcdd0tdnh78gzhkvhe4n6ulal9qvrtu43qtd0nh8/fmeme,FUCK YOUR MEMECOINS,FMEME,factory/osmo1q77cw0mmlluxu0wr29fcdd0tdnh78gzhkvhe4n6ulal9qvrtu43qtd0nh8/fmeme,6,,osmosis,factory/osmo1q77cw0mmlluxu0wr29fcdd0tdnh78gzhkvhe4n6ulal9qvrtu43qtd0nh8/fmeme,native,2024-07-23T14:47:57.664Z,2024-05-03T02:26:18.656000,false,chain-metadata
osmosis,factory/osmo1q77cw0mmlluxu0wr29fcdd0tdnh78gzhkvhe4n6ulal9qvrtu43qtd0nh8/geisha,geisha,geisha,factory/osmo1q77cw0mmlluxu0wr29fcdd0tdnh78gzhkvhe4n6ulal9qvrtu43qtd0nh8/geisha,6,,osmosis,factory/osmo1q77cw0mmlluxu0wr29fcdd0tdnh78gzhkvhe4n6ulal9qvrtu43qtd0nh8/geisha,native,2024-07-23T14:47:57.664Z,2024-05-03T02:26:18.656000,false,chain-metadata
osmosis,factory/osmo1q77cw0mmlluxu0wr29fcdd0tdnh78gzhkvhe4n6ulal9qvrtu43qtd0nh8/gary,garyhoney,gary,factory/osmo1q77cw0mmlluxu0wr29fcdd0tdnh78gzhkvhe4n6ulal9qvrtu43qtd0nh8/gary,6,,osmosis,factory/osmo1q77cw0mmlluxu0wr29fcdd0tdnh78gzhkvhe4n6ulal9qvrtu43qtd0nh8/gary,native,2024-07-23T14:47:57.664Z,2024-05-22T23:46:51.108000,false,chain-metadata
osmosis,factory/osmo1q77cw0mmlluxu0wr29fcdd0tdnh78gzhkvhe4n6ulal9qvrtu43qtd0nh8/fatso,You So Fat,FATSO,factory/osmo1q77cw0mmlluxu0wr29fcdd0tdnh78gzhkvhe4n6ulal9qvrtu43qtd0nh8/fatso,6,,osmosis,factory/osmo1q77cw0mmlluxu0wr29fcdd0tdnh78gzhkvhe4n6ulal9qvrtu43qtd0nh8/fatso,native,2024-07-23T14:47:57.664Z,2024-05-06T22:01:07.474000,false,chain-metadata
osmosis,factory/osmo1q77cw0mmlluxu0wr29fcdd0tdnh78gzhkvhe4n6ulal9qvrtu43qtd0nh8/flr,Follaro,FLR,factory/osmo1q77cw0mmlluxu0wr29fcdd0tdnh78gzhkvhe4n6ulal9qvrtu43qtd0nh8/flr,6,,osmosis,factory/osmo1q77cw0mmlluxu0wr29fcdd0tdnh78gzhkvhe4n6ulal9qvrtu43qtd0nh8/flr,native,2024-07-23T14:47:57.664Z,2024-05-06T22:01:07.474000,false,chain-metadata
osmosis,factory/osmo1q77cw0mmlluxu0wr29fcdd0tdnh78gzhkvhe4n6ulal9qvrtu43qtd0nh8/gog,Gogeta,GOG,factory/osmo1q77cw0mmlluxu0wr29fcdd0tdnh78gzhkvhe4n6ulal9qvrtu43qtd0nh8/gog,6,,osmosis,factory/osmo1q77cw0mmlluxu0wr29fcdd0tdnh78gzhkvhe4n6ulal9qvrtu43qtd0nh8/gog,native,2024-07-23T14:47:57.664Z,2024-05-03T02:26:18.656000,false,chain-metadata
osmosis,factory/osmo1q77cw0mmlluxu0wr29fcdd0tdnh78gzhkvhe4n6ulal9qvrtu43qtd0nh8/gai,Gizem.ai Coin,GAI,factory/osmo1q77cw0mmlluxu0wr29fcdd0tdnh78gzhkvhe4n6ulal9qvrtu43qtd0nh8/gai,6,,osmosis,factory/osmo1q77cw0mmlluxu0wr29fcdd0tdnh78gzhkvhe4n6ulal9qvrtu43qtd0nh8/gai,native,2024-07-23T14:47:57.664Z,2024-05-05T00:50:34.060000,false,chain-metadata
osmosis,factory/osmo1q77cw0mmlluxu0wr29fcdd0tdnh78gzhkvhe4n6ulal9qvrtu43qtd0nh8/floki,FLOKI,FLOKI,factory/osmo1q77cw0mmlluxu0wr29fcdd0tdnh78gzhkvhe4n6ulal9qvrtu43qtd0nh8/floki,6,,osmosis,factory/osmo1q77cw0mmlluxu0wr29fcdd0tdnh78gzhkvhe4n6ulal9qvrtu43qtd0nh8/floki,native,2024-07-23T14:47:57.664Z,2024-05-03T02:26:18.655000,false,chain-metadata
osmosis,factory/osmo1q77cw0mmlluxu0wr29fcdd0tdnh78gzhkvhe4n6ulal9qvrtu43qtd0nh8/fig,Figs,FIG,factory/osmo1q77cw0mmlluxu0wr29fcdd0tdnh78gzhkvhe4n6ulal9qvrtu43qtd0nh8/fig,6,,osmosis,factory/osmo1q77cw0mmlluxu0wr29fcdd0tdnh78gzhkvhe4n6ulal9qvrtu43qtd0nh8/fig,native,2024-07-23T14:47:57.664Z,2024-05-03T02:26:18.655000,false,chain-metadata
osmosis,factory/osmo1q77cw0mmlluxu0wr29fcdd0tdnh78gzhkvhe4n6ulal9qvrtu43qtd0nh8/ghvn,Gardenhaven,GHVN,factory/osmo1q77cw0mmlluxu0wr29fcdd0tdnh78gzhkvhe4n6ulal9qvrtu43qtd0nh8/ghvn,6,,osmosis,factory/osmo1q77cw0mmlluxu0wr29fcdd0tdnh78gzhkvhe4n6ulal9qvrtu43qtd0nh8/ghvn,native,2024-07-23T14:47:57.664Z,2024-05-02T20:56:42.737000,false,chain-metadata
osmosis,factory/osmo1q77cw0mmlluxu0wr29fcdd0tdnh78gzhkvhe4n6ulal9qvrtu43qtd0nh8/flex,FLEX,FLEX,factory/osmo1q77cw0mmlluxu0wr29fcdd0tdnh78gzhkvhe4n6ulal9qvrtu43qtd0nh8/flex,6,,osmosis,factory/osmo1q77cw0mmlluxu0wr29fcdd0tdnh78gzhkvhe4n6ulal9qvrtu43qtd0nh8/flex,native,2024-07-23T14:47:57.664Z,2024-05-05T22:11:22.789000,false,chain-metadata
osmosis,factory/osmo1q77cw0mmlluxu0wr29fcdd0tdnh78gzhkvhe4n6ulal9qvrtu43qtd0nh8/fish,Fish,FISH,factory/osmo1q77cw0mmlluxu0wr29fcdd0tdnh78gzhkvhe4n6ulal9qvrtu43qtd0nh8/fish,6,,osmosis,factory/osmo1q77cw0mmlluxu0wr29fcdd0tdnh78gzhkvhe4n6ulal9qvrtu43qtd0nh8/fish,native,2024-07-23T14:47:57.664Z,2024-05-22T20:39:00.234000,false,chain-metadata
osmosis,factory/osmo1q77cw0mmlluxu0wr29fcdd0tdnh78gzhkvhe4n6ulal9qvrtu43qtd0nh8/ffbttm,LowkyFFbttm,FFbttm,factory/osmo1q77cw0mmlluxu0wr29fcdd0tdnh78gzhkvhe4n6ulal9qvrtu43qtd0nh8/ffbttm,6,,osmosis,factory/osmo1q77cw0mmlluxu0wr29fcdd0tdnh78gzhkvhe4n6ulal9qvrtu43qtd0nh8/ffbttm,native,2024-07-23T14:47:57.664Z,2024-07-08T17:51:11.945000,false,chain-metadata
osmosis,factory/osmo1q77cw0mmlluxu0wr29fcdd0tdnh78gzhkvhe4n6ulal9qvrtu43qtd0nh8/gdl,ToTheMoon,GDL,factory/osmo1q77cw0mmlluxu0wr29fcdd0tdnh78gzhkvhe4n6ulal9qvrtu43qtd0nh8/gdl,6,,osmosis,factory/osmo1q77cw0mmlluxu0wr29fcdd0tdnh78gzhkvhe4n6ulal9qvrtu43qtd0nh8/gdl,native,2024-07-23T14:47:57.664Z,2024-05-20T10:18:55.738000,false,chain-metadata
osmosis,factory/osmo1q77cw0mmlluxu0wr29fcdd0tdnh78gzhkvhe4n6ulal9qvrtu43qtd0nh8/fcker,FOOCKER,FCKER,factory/osmo1q77cw0mmlluxu0wr29fcdd0tdnh78gzhkvhe4n6ulal9qvrtu43qtd0nh8/fcker,6,,osmosis,factory/osmo1q77cw0mmlluxu0wr29fcdd0tdnh78gzhkvhe4n6ulal9qvrtu43qtd0nh8/fcker,native,2024-07-23T14:47:57.664Z,2024-05-02T20:56:42.737000,false,chain-metadata
osmosis,factory/osmo1q77cw0mmlluxu0wr29fcdd0tdnh78gzhkvhe4n6ulal9qvrtu43qtd0nh8/fire,Fireworks,FIRE,factory/osmo1q77cw0mmlluxu0wr29fcdd0tdnh78gzhkvhe4n6ulal9qvrtu43qtd0nh8/fire,6,,osmosis,factory/osmo1q77cw0mmlluxu0wr29fcdd0tdnh78gzhkvhe4n6ulal9qvrtu43qtd0nh8/fire,native,2024-07-23T14:47:57.664Z,2024-06-10T09:57:59.581000,false,chain-metadata
osmosis,factory/osmo1q77cw0mmlluxu0wr29fcdd0tdnh78gzhkvhe4n6ulal9qvrtu43qtd0nh8/flai,FLY FLY,FLAI,factory/osmo1q77cw0mmlluxu0wr29fcdd0tdnh78gzhkvhe4n6ulal9qvrtu43qtd0nh8/flai,6,,osmosis,factory/osmo1q77cw0mmlluxu0wr29fcdd0tdnh78gzhkvhe4n6ulal9qvrtu43qtd0nh8/flai,native,2024-07-23T14:47:57.664Z,2024-05-05T07:23:24.258000,false,chain-metadata
osmosis,factory/osmo1q77cw0mmlluxu0wr29fcdd0tdnh78gzhkvhe4n6ulal9qvrtu43qtd0nh8/goc,GoatCoin,GOC,factory/osmo1q77cw0mmlluxu0wr29fcdd0tdnh78gzhkvhe4n6ulal9qvrtu43qtd0nh8/goc,6,,osmosis,factory/osmo1q77cw0mmlluxu0wr29fcdd0tdnh78gzhkvhe4n6ulal9qvrtu43qtd0nh8/goc,native,2024-07-23T14:47:57.664Z,2024-05-06T22:01:07.475000,false,chain-metadata
osmosis,factory/osmo1q77cw0mmlluxu0wr29fcdd0tdnh78gzhkvhe4n6ulal9qvrtu43qtd0nh8/fork,Fostering Oddball Kitchen Moments,FORK,factory/osmo1q77cw0mmlluxu0wr29fcdd0tdnh78gzhkvhe4n6ulal9qvrtu43qtd0nh8/fork,6,,osmosis,factory/osmo1q77cw0mmlluxu0wr29fcdd0tdnh78gzhkvhe4n6ulal9qvrtu43qtd0nh8/fork,native,2024-07-23T14:47:57.664Z,2024-05-06T22:01:07.475000,false,chain-metadata
osmosis,factory/osmo1q77cw0mmlluxu0wr29fcdd0tdnh78gzhkvhe4n6ulal9qvrtu43qtd0nh8/girl,The Girl of the Cosmos ,GIRL,factory/osmo1q77cw0mmlluxu0wr29fcdd0tdnh78gzhkvhe4n6ulal9qvrtu43qtd0nh8/girl,6,,osmosis,factory/osmo1q77cw0mmlluxu0wr29fcdd0tdnh78gzhkvhe4n6ulal9qvrtu43qtd0nh8/girl,native,2024-07-23T14:47:57.664Z,2024-06-26T02:25:30.097000,false,chain-metadata
osmosis,factory/osmo1q77cw0mmlluxu0wr29fcdd0tdnh78gzhkvhe4n6ulal9qvrtu43qtd0nh8/glaum,Glaum,GLAUM,factory/osmo1q77cw0mmlluxu0wr29fcdd0tdnh78gzhkvhe4n6ulal9qvrtu43qtd0nh8/glaum,6,,osmosis,factory/osmo1q77cw0mmlluxu0wr29fcdd0tdnh78gzhkvhe4n6ulal9qvrtu43qtd0nh8/glaum,native,2024-07-23T14:47:57.664Z,2024-05-16T21:05:19.350000,false,chain-metadata
osmosis,factory/osmo1q77cw0mmlluxu0wr29fcdd0tdnh78gzhkvhe4n6ulal9qvrtu43qtd0nh8/gaz,Gauza,Gaz,factory/osmo1q77cw0mmlluxu0wr29fcdd0tdnh78gzhkvhe4n6ulal9qvrtu43qtd0nh8/gaz,6,,osmosis,factory/osmo1q77cw0mmlluxu0wr29fcdd0tdnh78gzhkvhe4n6ulal9qvrtu43qtd0nh8/gaz,native,2024-07-23T14:47:57.664Z,2024-05-02T20:56:42.737000,false,chain-metadata
osmosis,factory/osmo1q77cw0mmlluxu0wr29fcdd0tdnh78gzhkvhe4n6ulal9qvrtu43qtd0nh8/frgm,Frogztrik meme,FRGM,factory/osmo1q77cw0mmlluxu0wr29fcdd0tdnh78gzhkvhe4n6ulal9qvrtu43qtd0nh8/frgm,6,,osmosis,factory/osmo1q77cw0mmlluxu0wr29fcdd0tdnh78gzhkvhe4n6ulal9qvrtu43qtd0nh8/frgm,native,2024-07-23T14:47:57.664Z,2024-06-10T09:33:08.802000,false,chain-metadata
osmosis,factory/osmo1q77cw0mmlluxu0wr29fcdd0tdnh78gzhkvhe4n6ulal9qvrtu43qtd0nh8/gnug,Gold Nugget,GNUG,factory/osmo1q77cw0mmlluxu0wr29fcdd0tdnh78gzhkvhe4n6ulal9qvrtu43qtd0nh8/gnug,6,,osmosis,factory/osmo1q77cw0mmlluxu0wr29fcdd0tdnh78gzhkvhe4n6ulal9qvrtu43qtd0nh8/gnug,native,2024-07-23T14:47:57.664Z,2024-05-05T00:50:34.060000,false,chain-metadata
osmosis,factory/osmo1q77cw0mmlluxu0wr29fcdd0tdnh78gzhkvhe4n6ulal9qvrtu43qtd0nh8/fazl,FAZ O L,FAZL,factory/osmo1q77cw0mmlluxu0wr29fcdd0tdnh78gzhkvhe4n6ulal9qvrtu43qtd0nh8/fazl,6,,osmosis,factory/osmo1q77cw0mmlluxu0wr29fcdd0tdnh78gzhkvhe4n6ulal9qvrtu43qtd0nh8/fazl,native,2024-07-23T14:47:57.664Z,2024-05-08T15:35:16.260000,false,chain-metadata
osmosis,factory/osmo1q77cw0mmlluxu0wr29fcdd0tdnh78gzhkvhe4n6ulal9qvrtu43qtd0nh8/glam,GlamVerseSlaySphere,GLAM,factory/osmo1q77cw0mmlluxu0wr29fcdd0tdnh78gzhkvhe4n6ulal9qvrtu43qtd0nh8/glam,6,,osmosis,factory/osmo1q77cw0mmlluxu0wr29fcdd0tdnh78gzhkvhe4n6ulal9qvrtu43qtd0nh8/glam,native,2024-07-23T14:47:57.664Z,2024-05-06T22:01:07.475000,false,chain-metadata
osmosis,factory/osmo1q77cw0mmlluxu0wr29fcdd0tdnh78gzhkvhe4n6ulal9qvrtu43qtd0nh8/fyy,future yin and yang,FYY,factory/osmo1q77cw0mmlluxu0wr29fcdd0tdnh78gzhkvhe4n6ulal9qvrtu43qtd0nh8/fyy,6,,osmosis,factory/osmo1q77cw0mmlluxu0wr29fcdd0tdnh78gzhkvhe4n6ulal9qvrtu43qtd0nh8/fyy,native,2024-07-23T14:47:57.664Z,2024-05-08T02:25:28.368000,false,chain-metadata
osmosis,factory/osmo1q77cw0mmlluxu0wr29fcdd0tdnh78gzhkvhe4n6ulal9qvrtu43qtd0nh8/hushhhh,hushmos,hushhhh,factory/osmo1q77cw0mmlluxu0wr29fcdd0tdnh78gzhkvhe4n6ulal9qvrtu43qtd0nh8/hushhhh,6,,osmosis,factory/osmo1q77cw0mmlluxu0wr29fcdd0tdnh78gzhkvhe4n6ulal9qvrtu43qtd0nh8/hushhhh,native,2024-07-23T14:47:57.665Z,2024-05-11T10:20:55.186000,false,chain-metadata
osmosis,factory/osmo1q77cw0mmlluxu0wr29fcdd0tdnh78gzhkvhe4n6ulal9qvrtu43qtd0nh8/honda,HondaCivicRacoon2009Crack,HONDA,factory/osmo1q77cw0mmlluxu0wr29fcdd0tdnh78gzhkvhe4n6ulal9qvrtu43qtd0nh8/honda,6,,osmosis,factory/osmo1q77cw0mmlluxu0wr29fcdd0tdnh78gzhkvhe4n6ulal9qvrtu43qtd0nh8/honda,native,2024-07-23T14:47:57.665Z,2024-05-02T20:56:42.738000,false,chain-metadata
osmosis,factory/osmo1q77cw0mmlluxu0wr29fcdd0tdnh78gzhkvhe4n6ulal9qvrtu43qtd0nh8/grft,GriffinToken,Grft,factory/osmo1q77cw0mmlluxu0wr29fcdd0tdnh78gzhkvhe4n6ulal9qvrtu43qtd0nh8/grft,6,,osmosis,factory/osmo1q77cw0mmlluxu0wr29fcdd0tdnh78gzhkvhe4n6ulal9qvrtu43qtd0nh8/grft,native,2024-07-23T14:47:57.665Z,2024-05-03T09:42:43.953000,false,chain-metadata
osmosis,factory/osmo1q77cw0mmlluxu0wr29fcdd0tdnh78gzhkvhe4n6ulal9qvrtu43qtd0nh8/goon,GoonVana,GOON,factory/osmo1q77cw0mmlluxu0wr29fcdd0tdnh78gzhkvhe4n6ulal9qvrtu43qtd0nh8/goon,6,,osmosis,factory/osmo1q77cw0mmlluxu0wr29fcdd0tdnh78gzhkvhe4n6ulal9qvrtu43qtd0nh8/goon,native,2024-07-23T14:47:57.665Z,2024-05-30T11:43:30.156000,false,chain-metadata
osmosis,factory/osmo1q77cw0mmlluxu0wr29fcdd0tdnh78gzhkvhe4n6ulal9qvrtu43qtd0nh8/hgh,420high,hgh,factory/osmo1q77cw0mmlluxu0wr29fcdd0tdnh78gzhkvhe4n6ulal9qvrtu43qtd0nh8/hgh,6,,osmosis,factory/osmo1q77cw0mmlluxu0wr29fcdd0tdnh78gzhkvhe4n6ulal9qvrtu43qtd0nh8/hgh,native,2024-07-23T14:47:57.665Z,2024-05-18T21:00:57.044000,false,chain-metadata
osmosis,factory/osmo1q77cw0mmlluxu0wr29fcdd0tdnh78gzhkvhe4n6ulal9qvrtu43qtd0nh8/incest,Island Incest,INCEST,factory/osmo1q77cw0mmlluxu0wr29fcdd0tdnh78gzhkvhe4n6ulal9qvrtu43qtd0nh8/incest,6,,osmosis,factory/osmo1q77cw0mmlluxu0wr29fcdd0tdnh78gzhkvhe4n6ulal9qvrtu43qtd0nh8/incest,native,2024-07-23T14:47:57.665Z,2024-05-11T19:15:43.239000,false,chain-metadata
osmosis,factory/osmo1q77cw0mmlluxu0wr29fcdd0tdnh78gzhkvhe4n6ulal9qvrtu43qtd0nh8/houst,DODGE KWON,hoUST,factory/osmo1q77cw0mmlluxu0wr29fcdd0tdnh78gzhkvhe4n6ulal9qvrtu43qtd0nh8/houst,6,,osmosis,factory/osmo1q77cw0mmlluxu0wr29fcdd0tdnh78gzhkvhe4n6ulal9qvrtu43qtd0nh8/houst,native,2024-07-23T14:47:57.665Z,2024-05-17T14:22:45.768000,false,chain-metadata
osmosis,factory/osmo1q77cw0mmlluxu0wr29fcdd0tdnh78gzhkvhe4n6ulal9qvrtu43qtd0nh8/idp,Independence,IDP,factory/osmo1q77cw0mmlluxu0wr29fcdd0tdnh78gzhkvhe4n6ulal9qvrtu43qtd0nh8/idp,6,,osmosis,factory/osmo1q77cw0mmlluxu0wr29fcdd0tdnh78gzhkvhe4n6ulal9qvrtu43qtd0nh8/idp,native,2024-07-23T14:47:57.665Z,2024-05-08T10:01:28.458000,false,chain-metadata
osmosis,factory/osmo1q77cw0mmlluxu0wr29fcdd0tdnh78gzhkvhe4n6ulal9qvrtu43qtd0nh8/gotyou,CAUGHT YOU IN 4K,GOTYOU,factory/osmo1q77cw0mmlluxu0wr29fcdd0tdnh78gzhkvhe4n6ulal9qvrtu43qtd0nh8/gotyou,6,,osmosis,factory/osmo1q77cw0mmlluxu0wr29fcdd0tdnh78gzhkvhe4n6ulal9qvrtu43qtd0nh8/gotyou,native,2024-07-23T14:47:57.665Z,2024-05-03T04:58:12.461000,false,chain-metadata
osmosis,factory/osmo1q77cw0mmlluxu0wr29fcdd0tdnh78gzhkvhe4n6ulal9qvrtu43qtd0nh8/hfb,HandyFloatyButterfly,HFB,factory/osmo1q77cw0mmlluxu0wr29fcdd0tdnh78gzhkvhe4n6ulal9qvrtu43qtd0nh8/hfb,6,,osmosis,factory/osmo1q77cw0mmlluxu0wr29fcdd0tdnh78gzhkvhe4n6ulal9qvrtu43qtd0nh8/hfb,native,2024-07-23T14:47:57.665Z,2024-05-23T11:05:49.012000,false,chain-metadata
osmosis,factory/osmo1q77cw0mmlluxu0wr29fcdd0tdnh78gzhkvhe4n6ulal9qvrtu43qtd0nh8/gyat,GYAT,GYAT,factory/osmo1q77cw0mmlluxu0wr29fcdd0tdnh78gzhkvhe4n6ulal9qvrtu43qtd0nh8/gyat,6,,osmosis,factory/osmo1q77cw0mmlluxu0wr29fcdd0tdnh78gzhkvhe4n6ulal9qvrtu43qtd0nh8/gyat,native,2024-07-23T14:47:57.665Z,2024-05-16T21:05:19.350000,false,chain-metadata
osmosis,factory/osmo1q77cw0mmlluxu0wr29fcdd0tdnh78gzhkvhe4n6ulal9qvrtu43qtd0nh8/gpl,gas station,GPL,factory/osmo1q77cw0mmlluxu0wr29fcdd0tdnh78gzhkvhe4n6ulal9qvrtu43qtd0nh8/gpl,6,,osmosis,factory/osmo1q77cw0mmlluxu0wr29fcdd0tdnh78gzhkvhe4n6ulal9qvrtu43qtd0nh8/gpl,native,2024-07-23T14:47:57.665Z,2024-05-17T22:23:58.403000,false,chain-metadata
osmosis,factory/osmo1q77cw0mmlluxu0wr29fcdd0tdnh78gzhkvhe4n6ulal9qvrtu43qtd0nh8/hamburg,Hamburg,Hamburg,factory/osmo1q77cw0mmlluxu0wr29fcdd0tdnh78gzhkvhe4n6ulal9qvrtu43qtd0nh8/hamburg,6,,osmosis,factory/osmo1q77cw0mmlluxu0wr29fcdd0tdnh78gzhkvhe4n6ulal9qvrtu43qtd0nh8/hamburg,native,2024-07-23T14:47:57.665Z,2024-05-11T19:15:43.238000,false,chain-metadata
osmosis,factory/osmo1q77cw0mmlluxu0wr29fcdd0tdnh78gzhkvhe4n6ulal9qvrtu43qtd0nh8/gpants,GrandmaPants,GPANTS,factory/osmo1q77cw0mmlluxu0wr29fcdd0tdnh78gzhkvhe4n6ulal9qvrtu43qtd0nh8/gpants,6,,osmosis,factory/osmo1q77cw0mmlluxu0wr29fcdd0tdnh78gzhkvhe4n6ulal9qvrtu43qtd0nh8/gpants,native,2024-07-23T14:47:57.665Z,2024-05-04T09:11:53.938000,false,chain-metadata
osmosis,factory/osmo1q77cw0mmlluxu0wr29fcdd0tdnh78gzhkvhe4n6ulal9qvrtu43qtd0nh8/helped,help people ,helped,factory/osmo1q77cw0mmlluxu0wr29fcdd0tdnh78gzhkvhe4n6ulal9qvrtu43qtd0nh8/helped,6,,osmosis,factory/osmo1q77cw0mmlluxu0wr29fcdd0tdnh78gzhkvhe4n6ulal9qvrtu43qtd0nh8/helped,native,2024-07-23T14:47:57.665Z,2024-07-22T13:45:31.336000,false,chain-metadata
osmosis,factory/osmo1q77cw0mmlluxu0wr29fcdd0tdnh78gzhkvhe4n6ulal9qvrtu43qtd0nh8/hia,HamsterIA,HIA,factory/osmo1q77cw0mmlluxu0wr29fcdd0tdnh78gzhkvhe4n6ulal9qvrtu43qtd0nh8/hia,6,,osmosis,factory/osmo1q77cw0mmlluxu0wr29fcdd0tdnh78gzhkvhe4n6ulal9qvrtu43qtd0nh8/hia,native,2024-07-23T14:47:57.665Z,2024-06-10T09:33:08.802000,false,chain-metadata
osmosis,factory/osmo1q77cw0mmlluxu0wr29fcdd0tdnh78gzhkvhe4n6ulal9qvrtu43qtd0nh8/hushmos,hushmos,hushmos,factory/osmo1q77cw0mmlluxu0wr29fcdd0tdnh78gzhkvhe4n6ulal9qvrtu43qtd0nh8/hushmos,6,,osmosis,factory/osmo1q77cw0mmlluxu0wr29fcdd0tdnh78gzhkvhe4n6ulal9qvrtu43qtd0nh8/hushmos,native,2024-07-23T14:47:57.665Z,2024-05-11T10:20:55.186000,false,chain-metadata
osmosis,factory/osmo1q77cw0mmlluxu0wr29fcdd0tdnh78gzhkvhe4n6ulal9qvrtu43qtd0nh8/himh,hentai in my heart,HIMH,factory/osmo1q77cw0mmlluxu0wr29fcdd0tdnh78gzhkvhe4n6ulal9qvrtu43qtd0nh8/himh,6,,osmosis,factory/osmo1q77cw0mmlluxu0wr29fcdd0tdnh78gzhkvhe4n6ulal9qvrtu43qtd0nh8/himh,native,2024-07-23T14:47:57.665Z,2024-05-03T02:26:18.656000,false,chain-metadata
osmosis,factory/osmo1q77cw0mmlluxu0wr29fcdd0tdnh78gzhkvhe4n6ulal9qvrtu43qtd0nh8/haha,haha,haha,factory/osmo1q77cw0mmlluxu0wr29fcdd0tdnh78gzhkvhe4n6ulal9qvrtu43qtd0nh8/haha,6,,osmosis,factory/osmo1q77cw0mmlluxu0wr29fcdd0tdnh78gzhkvhe4n6ulal9qvrtu43qtd0nh8/haha,native,2024-07-23T14:47:57.665Z,2024-05-30T11:43:30.156000,false,chain-metadata
osmosis,factory/osmo1q77cw0mmlluxu0wr29fcdd0tdnh78gzhkvhe4n6ulal9qvrtu43qtd0nh8/homos,Homosapien,HOMOS,factory/osmo1q77cw0mmlluxu0wr29fcdd0tdnh78gzhkvhe4n6ulal9qvrtu43qtd0nh8/homos,6,,osmosis,factory/osmo1q77cw0mmlluxu0wr29fcdd0tdnh78gzhkvhe4n6ulal9qvrtu43qtd0nh8/homos,native,2024-07-23T14:47:57.665Z,2024-05-06T22:01:07.475000,false,chain-metadata
osmosis,factory/osmo1q77cw0mmlluxu0wr29fcdd0tdnh78gzhkvhe4n6ulal9qvrtu43qtd0nh8/hkr,Hackerville,HKR,factory/osmo1q77cw0mmlluxu0wr29fcdd0tdnh78gzhkvhe4n6ulal9qvrtu43qtd0nh8/hkr,6,,osmosis,factory/osmo1q77cw0mmlluxu0wr29fcdd0tdnh78gzhkvhe4n6ulal9qvrtu43qtd0nh8/hkr,native,2024-07-23T14:47:57.665Z,2024-05-06T22:01:07.475000,false,chain-metadata
osmosis,factory/osmo1q77cw0mmlluxu0wr29fcdd0tdnh78gzhkvhe4n6ulal9qvrtu43qtd0nh8/huge,Huge. It's gonna be huge...,HUGE,factory/osmo1q77cw0mmlluxu0wr29fcdd0tdnh78gzhkvhe4n6ulal9qvrtu43qtd0nh8/huge,6,,osmosis,factory/osmo1q77cw0mmlluxu0wr29fcdd0tdnh78gzhkvhe4n6ulal9qvrtu43qtd0nh8/huge,native,2024-07-23T14:47:57.665Z,2024-05-05T05:45:50.177000,false,chain-metadata
osmosis,factory/osmo1q77cw0mmlluxu0wr29fcdd0tdnh78gzhkvhe4n6ulal9qvrtu43qtd0nh8/gricia,Gricia,GRICIA,factory/osmo1q77cw0mmlluxu0wr29fcdd0tdnh78gzhkvhe4n6ulal9qvrtu43qtd0nh8/gricia,6,,osmosis,factory/osmo1q77cw0mmlluxu0wr29fcdd0tdnh78gzhkvhe4n6ulal9qvrtu43qtd0nh8/gricia,native,2024-07-23T14:47:57.665Z,2024-05-12T18:10:59.911000,false,chain-metadata
osmosis,factory/osmo1q77cw0mmlluxu0wr29fcdd0tdnh78gzhkvhe4n6ulal9qvrtu43qtd0nh8/hwf,HODLWOLF,HWF,factory/osmo1q77cw0mmlluxu0wr29fcdd0tdnh78gzhkvhe4n6ulal9qvrtu43qtd0nh8/hwf,6,,osmosis,factory/osmo1q77cw0mmlluxu0wr29fcdd0tdnh78gzhkvhe4n6ulal9qvrtu43qtd0nh8/hwf,native,2024-07-23T14:47:57.665Z,2024-06-10T09:33:08.802000,false,chain-metadata
osmosis,factory/osmo1q77cw0mmlluxu0wr29fcdd0tdnh78gzhkvhe4n6ulal9qvrtu43qtd0nh8/hmtr,HampterFi,HMTR,factory/osmo1q77cw0mmlluxu0wr29fcdd0tdnh78gzhkvhe4n6ulal9qvrtu43qtd0nh8/hmtr,6,,osmosis,factory/osmo1q77cw0mmlluxu0wr29fcdd0tdnh78gzhkvhe4n6ulal9qvrtu43qtd0nh8/hmtr,native,2024-07-23T14:47:57.665Z,2024-07-23T02:25:27.910000,false,chain-metadata
osmosis,factory/osmo1q77cw0mmlluxu0wr29fcdd0tdnh78gzhkvhe4n6ulal9qvrtu43qtd0nh8/grr,Grr-nasher,Grr,factory/osmo1q77cw0mmlluxu0wr29fcdd0tdnh78gzhkvhe4n6ulal9qvrtu43qtd0nh8/grr,6,,osmosis,factory/osmo1q77cw0mmlluxu0wr29fcdd0tdnh78gzhkvhe4n6ulal9qvrtu43qtd0nh8/grr,native,2024-07-23T14:47:57.665Z,2024-05-30T11:43:30.156000,false,chain-metadata
osmosis,factory/osmo1q77cw0mmlluxu0wr29fcdd0tdnh78gzhkvhe4n6ulal9qvrtu43qtd0nh8/hpdk,0xHumperdinck,HPDK,factory/osmo1q77cw0mmlluxu0wr29fcdd0tdnh78gzhkvhe4n6ulal9qvrtu43qtd0nh8/hpdk,6,,osmosis,factory/osmo1q77cw0mmlluxu0wr29fcdd0tdnh78gzhkvhe4n6ulal9qvrtu43qtd0nh8/hpdk,native,2024-07-23T14:47:57.665Z,2024-05-07T02:25:33.661000,false,chain-metadata
osmosis,factory/osmo1q77cw0mmlluxu0wr29fcdd0tdnh78gzhkvhe4n6ulal9qvrtu43qtd0nh8/hmst,SadHamster,HMST,factory/osmo1q77cw0mmlluxu0wr29fcdd0tdnh78gzhkvhe4n6ulal9qvrtu43qtd0nh8/hmst,6,,osmosis,factory/osmo1q77cw0mmlluxu0wr29fcdd0tdnh78gzhkvhe4n6ulal9qvrtu43qtd0nh8/hmst,native,2024-07-23T14:47:57.665Z,2024-05-09T13:37:54.230000,false,chain-metadata
osmosis,factory/osmo1q77cw0mmlluxu0wr29fcdd0tdnh78gzhkvhe4n6ulal9qvrtu43qtd0nh8/gom,BEBE,GOM,factory/osmo1q77cw0mmlluxu0wr29fcdd0tdnh78gzhkvhe4n6ulal9qvrtu43qtd0nh8/gom,6,,osmosis,factory/osmo1q77cw0mmlluxu0wr29fcdd0tdnh78gzhkvhe4n6ulal9qvrtu43qtd0nh8/gom,native,2024-07-23T14:47:57.665Z,2024-05-03T04:58:12.460000,false,chain-metadata
osmosis,factory/osmo1q77cw0mmlluxu0wr29fcdd0tdnh78gzhkvhe4n6ulal9qvrtu43qtd0nh8/gold,GOLD,GOLD,factory/osmo1q77cw0mmlluxu0wr29fcdd0tdnh78gzhkvhe4n6ulal9qvrtu43qtd0nh8/gold,6,,osmosis,factory/osmo1q77cw0mmlluxu0wr29fcdd0tdnh78gzhkvhe4n6ulal9qvrtu43qtd0nh8/gold,native,2024-07-23T14:47:57.665Z,2024-05-22T20:39:00.234000,false,chain-metadata
osmosis,factory/osmo1q77cw0mmlluxu0wr29fcdd0tdnh78gzhkvhe4n6ulal9qvrtu43qtd0nh8/hawktuah,Hawk Tuah,HAWKTUAH,factory/osmo1q77cw0mmlluxu0wr29fcdd0tdnh78gzhkvhe4n6ulal9qvrtu43qtd0nh8/hawktuah,6,,osmosis,factory/osmo1q77cw0mmlluxu0wr29fcdd0tdnh78gzhkvhe4n6ulal9qvrtu43qtd0nh8/hawktuah,native,2024-07-23T14:47:57.665Z,2024-06-25T02:25:34.132000,false,chain-metadata
osmosis,factory/osmo1q77cw0mmlluxu0wr29fcdd0tdnh78gzhkvhe4n6ulal9qvrtu43qtd0nh8/green,GREEN BALL,GREEN,factory/osmo1q77cw0mmlluxu0wr29fcdd0tdnh78gzhkvhe4n6ulal9qvrtu43qtd0nh8/green,6,,osmosis,factory/osmo1q77cw0mmlluxu0wr29fcdd0tdnh78gzhkvhe4n6ulal9qvrtu43qtd0nh8/green,native,2024-07-23T14:47:57.665Z,2024-05-03T02:26:18.656000,false,chain-metadata
osmosis,factory/osmo1q77cw0mmlluxu0wr29fcdd0tdnh78gzhkvhe4n6ulal9qvrtu43qtd0nh8/hch,HalaChi,HCH,factory/osmo1q77cw0mmlluxu0wr29fcdd0tdnh78gzhkvhe4n6ulal9qvrtu43qtd0nh8/hch,6,,osmosis,factory/osmo1q77cw0mmlluxu0wr29fcdd0tdnh78gzhkvhe4n6ulal9qvrtu43qtd0nh8/hch,native,2024-07-23T14:47:57.665Z,2024-05-12T18:10:59.911000,false,chain-metadata
osmosis,factory/osmo1q77cw0mmlluxu0wr29fcdd0tdnh78gzhkvhe4n6ulal9qvrtu43qtd0nh8/ike,DarksideofEisenhower,IKE,factory/osmo1q77cw0mmlluxu0wr29fcdd0tdnh78gzhkvhe4n6ulal9qvrtu43qtd0nh8/ike,6,,osmosis,factory/osmo1q77cw0mmlluxu0wr29fcdd0tdnh78gzhkvhe4n6ulal9qvrtu43qtd0nh8/ike,native,2024-07-23T14:47:57.665Z,2024-05-10T18:55:14.355000,false,chain-metadata
osmosis,factory/osmo1q77cw0mmlluxu0wr29fcdd0tdnh78gzhkvhe4n6ulal9qvrtu43qtd0nh8/gyb,GYMBRO,GYB,factory/osmo1q77cw0mmlluxu0wr29fcdd0tdnh78gzhkvhe4n6ulal9qvrtu43qtd0nh8/gyb,6,,osmosis,factory/osmo1q77cw0mmlluxu0wr29fcdd0tdnh78gzhkvhe4n6ulal9qvrtu43qtd0nh8/gyb,native,2024-07-23T14:47:57.665Z,2024-05-03T09:42:43.953000,false,chain-metadata
osmosis,factory/osmo1q77cw0mmlluxu0wr29fcdd0tdnh78gzhkvhe4n6ulal9qvrtu43qtd0nh8/hwtm,waitforitbarneystinson,hwtm,factory/osmo1q77cw0mmlluxu0wr29fcdd0tdnh78gzhkvhe4n6ulal9qvrtu43qtd0nh8/hwtm,6,,osmosis,factory/osmo1q77cw0mmlluxu0wr29fcdd0tdnh78gzhkvhe4n6ulal9qvrtu43qtd0nh8/hwtm,native,2024-07-23T14:47:57.665Z,2024-05-10T10:44:50.966000,false,chain-metadata
osmosis,factory/osmo1q77cw0mmlluxu0wr29fcdd0tdnh78gzhkvhe4n6ulal9qvrtu43qtd0nh8/gozer,Gozer,GOZER,factory/osmo1q77cw0mmlluxu0wr29fcdd0tdnh78gzhkvhe4n6ulal9qvrtu43qtd0nh8/gozer,6,,osmosis,factory/osmo1q77cw0mmlluxu0wr29fcdd0tdnh78gzhkvhe4n6ulal9qvrtu43qtd0nh8/gozer,native,2024-07-23T14:47:57.665Z,2024-05-03T02:26:18.656000,false,chain-metadata
osmosis,factory/osmo1q77cw0mmlluxu0wr29fcdd0tdnh78gzhkvhe4n6ulal9qvrtu43qtd0nh8/ipu,InuPunk,IPU,factory/osmo1q77cw0mmlluxu0wr29fcdd0tdnh78gzhkvhe4n6ulal9qvrtu43qtd0nh8/ipu,6,,osmosis,factory/osmo1q77cw0mmlluxu0wr29fcdd0tdnh78gzhkvhe4n6ulal9qvrtu43qtd0nh8/ipu,native,2024-07-23T14:47:57.666Z,2024-05-23T14:53:13.337000,false,chain-metadata
osmosis,factory/osmo1q77cw0mmlluxu0wr29fcdd0tdnh78gzhkvhe4n6ulal9qvrtu43qtd0nh8/jrs,Juno Russel,JRS,factory/osmo1q77cw0mmlluxu0wr29fcdd0tdnh78gzhkvhe4n6ulal9qvrtu43qtd0nh8/jrs,6,,osmosis,factory/osmo1q77cw0mmlluxu0wr29fcdd0tdnh78gzhkvhe4n6ulal9qvrtu43qtd0nh8/jrs,native,2024-07-23T14:47:57.666Z,2024-05-08T15:35:16.260000,false,chain-metadata
osmosis,factory/osmo1q77cw0mmlluxu0wr29fcdd0tdnh78gzhkvhe4n6ulal9qvrtu43qtd0nh8/johnwick,John Wick,JOHNWICK,factory/osmo1q77cw0mmlluxu0wr29fcdd0tdnh78gzhkvhe4n6ulal9qvrtu43qtd0nh8/johnwick,6,,osmosis,factory/osmo1q77cw0mmlluxu0wr29fcdd0tdnh78gzhkvhe4n6ulal9qvrtu43qtd0nh8/johnwick,native,2024-07-23T14:47:57.666Z,2024-05-08T02:25:28.368000,false,chain-metadata
osmosis,factory/osmo1q77cw0mmlluxu0wr29fcdd0tdnh78gzhkvhe4n6ulal9qvrtu43qtd0nh8/invisible,‎ ‎ ,INVISIBLE,factory/osmo1q77cw0mmlluxu0wr29fcdd0tdnh78gzhkvhe4n6ulal9qvrtu43qtd0nh8/invisible,6,,osmosis,factory/osmo1q77cw0mmlluxu0wr29fcdd0tdnh78gzhkvhe4n6ulal9qvrtu43qtd0nh8/invisible,native,2024-07-23T14:47:57.666Z,2024-05-08T18:34:13.001000,false,chain-metadata
osmosis,factory/osmo1q77cw0mmlluxu0wr29fcdd0tdnh78gzhkvhe4n6ulal9qvrtu43qtd0nh8/inf,INFLUENCER,INF,factory/osmo1q77cw0mmlluxu0wr29fcdd0tdnh78gzhkvhe4n6ulal9qvrtu43qtd0nh8/inf,6,,osmosis,factory/osmo1q77cw0mmlluxu0wr29fcdd0tdnh78gzhkvhe4n6ulal9qvrtu43qtd0nh8/inf,native,2024-07-23T14:47:57.666Z,2024-05-07T02:25:33.661000,false,chain-metadata
osmosis,factory/osmo1q77cw0mmlluxu0wr29fcdd0tdnh78gzhkvhe4n6ulal9qvrtu43qtd0nh8/inj,Injective,INJ,factory/osmo1q77cw0mmlluxu0wr29fcdd0tdnh78gzhkvhe4n6ulal9qvrtu43qtd0nh8/inj,6,,osmosis,factory/osmo1q77cw0mmlluxu0wr29fcdd0tdnh78gzhkvhe4n6ulal9qvrtu43qtd0nh8/inj,native,2024-07-23T14:47:57.666Z,2024-05-08T18:34:13.001000,false,chain-metadata
osmosis,factory/osmo1q77cw0mmlluxu0wr29fcdd0tdnh78gzhkvhe4n6ulal9qvrtu43qtd0nh8/jkwon,Joe Kwon,JKWON,factory/osmo1q77cw0mmlluxu0wr29fcdd0tdnh78gzhkvhe4n6ulal9qvrtu43qtd0nh8/jkwon,6,,osmosis,factory/osmo1q77cw0mmlluxu0wr29fcdd0tdnh78gzhkvhe4n6ulal9qvrtu43qtd0nh8/jkwon,native,2024-07-23T14:47:57.666Z,2024-05-16T21:05:19.350000,false,chain-metadata
osmosis,factory/osmo1q77cw0mmlluxu0wr29fcdd0tdnh78gzhkvhe4n6ulal9qvrtu43qtd0nh8/jcb,Jacob Gadikian,JCB,factory/osmo1q77cw0mmlluxu0wr29fcdd0tdnh78gzhkvhe4n6ulal9qvrtu43qtd0nh8/jcb,6,,osmosis,factory/osmo1q77cw0mmlluxu0wr29fcdd0tdnh78gzhkvhe4n6ulal9qvrtu43qtd0nh8/jcb,native,2024-07-23T14:47:57.666Z,2024-05-14T11:12:55.321000,false,chain-metadata
osmosis,factory/osmo1q77cw0mmlluxu0wr29fcdd0tdnh78gzhkvhe4n6ulal9qvrtu43qtd0nh8/jako,LADANIVA,Jako,factory/osmo1q77cw0mmlluxu0wr29fcdd0tdnh78gzhkvhe4n6ulal9qvrtu43qtd0nh8/jako,6,,osmosis,factory/osmo1q77cw0mmlluxu0wr29fcdd0tdnh78gzhkvhe4n6ulal9qvrtu43qtd0nh8/jako,native,2024-07-23T14:47:57.666Z,2024-05-04T09:11:53.938000,false,chain-metadata
osmosis,factory/osmo1q77cw0mmlluxu0wr29fcdd0tdnh78gzhkvhe4n6ulal9qvrtu43qtd0nh8/israel,ISRAEL,ISRAEL,factory/osmo1q77cw0mmlluxu0wr29fcdd0tdnh78gzhkvhe4n6ulal9qvrtu43qtd0nh8/israel,6,,osmosis,factory/osmo1q77cw0mmlluxu0wr29fcdd0tdnh78gzhkvhe4n6ulal9qvrtu43qtd0nh8/israel,native,2024-07-23T14:47:57.666Z,2024-05-03T02:26:18.656000,false,chain-metadata
osmosis,factory/osmo1q77cw0mmlluxu0wr29fcdd0tdnh78gzhkvhe4n6ulal9qvrtu43qtd0nh8/jae,Jae Kwon,JAE,factory/osmo1q77cw0mmlluxu0wr29fcdd0tdnh78gzhkvhe4n6ulal9qvrtu43qtd0nh8/jae,6,,osmosis,factory/osmo1q77cw0mmlluxu0wr29fcdd0tdnh78gzhkvhe4n6ulal9qvrtu43qtd0nh8/jae,native,2024-07-23T14:47:57.666Z,2024-05-06T22:01:07.475000,false,chain-metadata
osmosis,factory/osmo1q77cw0mmlluxu0wr29fcdd0tdnh78gzhkvhe4n6ulal9qvrtu43qtd0nh8/jbz,JBelz,JBZ,factory/osmo1q77cw0mmlluxu0wr29fcdd0tdnh78gzhkvhe4n6ulal9qvrtu43qtd0nh8/jbz,6,,osmosis,factory/osmo1q77cw0mmlluxu0wr29fcdd0tdnh78gzhkvhe4n6ulal9qvrtu43qtd0nh8/jbz,native,2024-07-23T14:47:57.666Z,2024-05-06T22:01:07.475000,false,chain-metadata
osmosis,factory/osmo1q77cw0mmlluxu0wr29fcdd0tdnh78gzhkvhe4n6ulal9qvrtu43qtd0nh8/kingken,KingKenWillBeForcedToApe,KINGKEN,factory/osmo1q77cw0mmlluxu0wr29fcdd0tdnh78gzhkvhe4n6ulal9qvrtu43qtd0nh8/kingken,6,,osmosis,factory/osmo1q77cw0mmlluxu0wr29fcdd0tdnh78gzhkvhe4n6ulal9qvrtu43qtd0nh8/kingken,native,2024-07-23T14:47:57.666Z,2024-05-07T02:25:33.661000,false,chain-metadata
osmosis,factory/osmo1q77cw0mmlluxu0wr29fcdd0tdnh78gzhkvhe4n6ulal9qvrtu43qtd0nh8/joe,ROGAN,JOE,factory/osmo1q77cw0mmlluxu0wr29fcdd0tdnh78gzhkvhe4n6ulal9qvrtu43qtd0nh8/joe,6,,osmosis,factory/osmo1q77cw0mmlluxu0wr29fcdd0tdnh78gzhkvhe4n6ulal9qvrtu43qtd0nh8/joe,native,2024-07-23T14:47:57.666Z,2024-05-02T20:56:42.738000,false,chain-metadata
osmosis,factory/osmo1q77cw0mmlluxu0wr29fcdd0tdnh78gzhkvhe4n6ulal9qvrtu43qtd0nh8/intern,INTERN,INTERN,factory/osmo1q77cw0mmlluxu0wr29fcdd0tdnh78gzhkvhe4n6ulal9qvrtu43qtd0nh8/intern,6,,osmosis,factory/osmo1q77cw0mmlluxu0wr29fcdd0tdnh78gzhkvhe4n6ulal9qvrtu43qtd0nh8/intern,native,2024-07-23T14:47:57.666Z,2024-05-06T22:01:07.475000,false,chain-metadata
osmosis,factory/osmo1q77cw0mmlluxu0wr29fcdd0tdnh78gzhkvhe4n6ulal9qvrtu43qtd0nh8/jigga,ZLIAA,jiggA,factory/osmo1q77cw0mmlluxu0wr29fcdd0tdnh78gzhkvhe4n6ulal9qvrtu43qtd0nh8/jigga,6,,osmosis,factory/osmo1q77cw0mmlluxu0wr29fcdd0tdnh78gzhkvhe4n6ulal9qvrtu43qtd0nh8/jigga,native,2024-07-23T14:47:57.666Z,2024-06-30T22:31:53.271000,false,chain-metadata
osmosis,factory/osmo1q77cw0mmlluxu0wr29fcdd0tdnh78gzhkvhe4n6ulal9qvrtu43qtd0nh8/jones,Osmosis Jones,JONES,factory/osmo1q77cw0mmlluxu0wr29fcdd0tdnh78gzhkvhe4n6ulal9qvrtu43qtd0nh8/jones,6,,osmosis,factory/osmo1q77cw0mmlluxu0wr29fcdd0tdnh78gzhkvhe4n6ulal9qvrtu43qtd0nh8/jones,native,2024-07-23T14:47:57.666Z,2024-05-24T02:26:14.846000,false,chain-metadata
osmosis,factory/osmo1q77cw0mmlluxu0wr29fcdd0tdnh78gzhkvhe4n6ulal9qvrtu43qtd0nh8/kits,BAD KITS,KITS,factory/osmo1q77cw0mmlluxu0wr29fcdd0tdnh78gzhkvhe4n6ulal9qvrtu43qtd0nh8/kits,6,,osmosis,factory/osmo1q77cw0mmlluxu0wr29fcdd0tdnh78gzhkvhe4n6ulal9qvrtu43qtd0nh8/kits,native,2024-07-23T14:47:57.666Z,2024-05-19T15:16:03.036000,false,chain-metadata
osmosis,factory/osmo1q77cw0mmlluxu0wr29fcdd0tdnh78gzhkvhe4n6ulal9qvrtu43qtd0nh8/jomo,JOMO,JOMO,factory/osmo1q77cw0mmlluxu0wr29fcdd0tdnh78gzhkvhe4n6ulal9qvrtu43qtd0nh8/jomo,6,,osmosis,factory/osmo1q77cw0mmlluxu0wr29fcdd0tdnh78gzhkvhe4n6ulal9qvrtu43qtd0nh8/jomo,native,2024-07-23T14:47:57.666Z,2024-05-02T20:56:42.738000,false,chain-metadata
osmosis,factory/osmo1q77cw0mmlluxu0wr29fcdd0tdnh78gzhkvhe4n6ulal9qvrtu43qtd0nh8/jfk,JFK,JFK,factory/osmo1q77cw0mmlluxu0wr29fcdd0tdnh78gzhkvhe4n6ulal9qvrtu43qtd0nh8/jfk,6,,osmosis,factory/osmo1q77cw0mmlluxu0wr29fcdd0tdnh78gzhkvhe4n6ulal9qvrtu43qtd0nh8/jfk,native,2024-07-23T14:47:57.666Z,2024-07-05T10:45:49.749000,false,chain-metadata
osmosis,factory/osmo1q77cw0mmlluxu0wr29fcdd0tdnh78gzhkvhe4n6ulal9qvrtu43qtd0nh8/kekw,Risitas,KEKW,factory/osmo1q77cw0mmlluxu0wr29fcdd0tdnh78gzhkvhe4n6ulal9qvrtu43qtd0nh8/kekw,6,,osmosis,factory/osmo1q77cw0mmlluxu0wr29fcdd0tdnh78gzhkvhe4n6ulal9qvrtu43qtd0nh8/kekw,native,2024-07-23T14:47:57.666Z,2024-05-03T02:26:18.656000,false,chain-metadata
osmosis,factory/osmo1q77cw0mmlluxu0wr29fcdd0tdnh78gzhkvhe4n6ulal9qvrtu43qtd0nh8/juno,JUNO,JUNO,factory/osmo1q77cw0mmlluxu0wr29fcdd0tdnh78gzhkvhe4n6ulal9qvrtu43qtd0nh8/juno,6,,osmosis,factory/osmo1q77cw0mmlluxu0wr29fcdd0tdnh78gzhkvhe4n6ulal9qvrtu43qtd0nh8/juno,native,2024-07-23T14:47:57.666Z,2024-05-08T18:34:13.001000,false,chain-metadata
osmosis,factory/osmo1q77cw0mmlluxu0wr29fcdd0tdnh78gzhkvhe4n6ulal9qvrtu43qtd0nh8/jpo,Jerome Powell,JPO,factory/osmo1q77cw0mmlluxu0wr29fcdd0tdnh78gzhkvhe4n6ulal9qvrtu43qtd0nh8/jpo,6,,osmosis,factory/osmo1q77cw0mmlluxu0wr29fcdd0tdnh78gzhkvhe4n6ulal9qvrtu43qtd0nh8/jpo,native,2024-07-23T14:47:57.666Z,2024-05-15T20:09:42.726000,false,chain-metadata
osmosis,factory/osmo1q77cw0mmlluxu0wr29fcdd0tdnh78gzhkvhe4n6ulal9qvrtu43qtd0nh8/jeetin,JeetinTrudeau,JEETIN,factory/osmo1q77cw0mmlluxu0wr29fcdd0tdnh78gzhkvhe4n6ulal9qvrtu43qtd0nh8/jeetin,6,,osmosis,factory/osmo1q77cw0mmlluxu0wr29fcdd0tdnh78gzhkvhe4n6ulal9qvrtu43qtd0nh8/jeetin,native,2024-07-23T14:47:57.666Z,2024-05-08T02:25:28.368000,false,chain-metadata
osmosis,factory/osmo1q77cw0mmlluxu0wr29fcdd0tdnh78gzhkvhe4n6ulal9qvrtu43qtd0nh8/jkl,JACKAL,JKL,factory/osmo1q77cw0mmlluxu0wr29fcdd0tdnh78gzhkvhe4n6ulal9qvrtu43qtd0nh8/jkl,6,,osmosis,factory/osmo1q77cw0mmlluxu0wr29fcdd0tdnh78gzhkvhe4n6ulal9qvrtu43qtd0nh8/jkl,native,2024-07-23T14:47:57.666Z,2024-05-08T18:34:13.001000,false,chain-metadata
osmosis,factory/osmo1q77cw0mmlluxu0wr29fcdd0tdnh78gzhkvhe4n6ulal9qvrtu43qtd0nh8/kev,Kevin 10x,KEV,factory/osmo1q77cw0mmlluxu0wr29fcdd0tdnh78gzhkvhe4n6ulal9qvrtu43qtd0nh8/kev,6,,osmosis,factory/osmo1q77cw0mmlluxu0wr29fcdd0tdnh78gzhkvhe4n6ulal9qvrtu43qtd0nh8/kev,native,2024-07-23T14:47:57.666Z,2024-05-21T08:57:16.190000,false,chain-metadata
osmosis,factory/osmo1q77cw0mmlluxu0wr29fcdd0tdnh78gzhkvhe4n6ulal9qvrtu43qtd0nh8/kit,INVESTKIT,KIT,factory/osmo1q77cw0mmlluxu0wr29fcdd0tdnh78gzhkvhe4n6ulal9qvrtu43qtd0nh8/kit,6,,osmosis,factory/osmo1q77cw0mmlluxu0wr29fcdd0tdnh78gzhkvhe4n6ulal9qvrtu43qtd0nh8/kit,native,2024-07-23T14:47:57.666Z,2024-05-13T16:55:53.115000,false,chain-metadata
osmosis,factory/osmo1q77cw0mmlluxu0wr29fcdd0tdnh78gzhkvhe4n6ulal9qvrtu43qtd0nh8/init,Interchain,INIT,factory/osmo1q77cw0mmlluxu0wr29fcdd0tdnh78gzhkvhe4n6ulal9qvrtu43qtd0nh8/init,6,,osmosis,factory/osmo1q77cw0mmlluxu0wr29fcdd0tdnh78gzhkvhe4n6ulal9qvrtu43qtd0nh8/init,native,2024-07-23T14:47:57.666Z,2024-06-17T12:04:31.191000,false,chain-metadata
osmosis,factory/osmo1q77cw0mmlluxu0wr29fcdd0tdnh78gzhkvhe4n6ulal9qvrtu43qtd0nh8/khi,KappaHi,KHI,factory/osmo1q77cw0mmlluxu0wr29fcdd0tdnh78gzhkvhe4n6ulal9qvrtu43qtd0nh8/khi,6,,osmosis,factory/osmo1q77cw0mmlluxu0wr29fcdd0tdnh78gzhkvhe4n6ulal9qvrtu43qtd0nh8/khi,native,2024-07-23T14:47:57.666Z,2024-05-12T02:25:42.253000,false,chain-metadata
osmosis,factory/osmo1q77cw0mmlluxu0wr29fcdd0tdnh78gzhkvhe4n6ulal9qvrtu43qtd0nh8/jeanine,Stifler's mom,Jeanine,factory/osmo1q77cw0mmlluxu0wr29fcdd0tdnh78gzhkvhe4n6ulal9qvrtu43qtd0nh8/jeanine,6,,osmosis,factory/osmo1q77cw0mmlluxu0wr29fcdd0tdnh78gzhkvhe4n6ulal9qvrtu43qtd0nh8/jeanine,native,2024-07-23T14:47:57.666Z,2024-05-06T22:01:07.475000,false,chain-metadata
osmosis,factory/osmo1q77cw0mmlluxu0wr29fcdd0tdnh78gzhkvhe4n6ulal9qvrtu43qtd0nh8/jwc,JewishCoin,JWC,factory/osmo1q77cw0mmlluxu0wr29fcdd0tdnh78gzhkvhe4n6ulal9qvrtu43qtd0nh8/jwc,6,,osmosis,factory/osmo1q77cw0mmlluxu0wr29fcdd0tdnh78gzhkvhe4n6ulal9qvrtu43qtd0nh8/jwc,native,2024-07-23T14:47:57.666Z,2024-05-09T02:25:29.190000,false,chain-metadata
osmosis,factory/osmo1q77cw0mmlluxu0wr29fcdd0tdnh78gzhkvhe4n6ulal9qvrtu43qtd0nh8/jizz,ETHAN JIZZUS,JIZZ,factory/osmo1q77cw0mmlluxu0wr29fcdd0tdnh78gzhkvhe4n6ulal9qvrtu43qtd0nh8/jizz,6,,osmosis,factory/osmo1q77cw0mmlluxu0wr29fcdd0tdnh78gzhkvhe4n6ulal9qvrtu43qtd0nh8/jizz,native,2024-07-23T14:47:57.666Z,2024-05-08T08:30:57.122000,false,chain-metadata
osmosis,factory/osmo1q77cw0mmlluxu0wr29fcdd0tdnh78gzhkvhe4n6ulal9qvrtu43qtd0nh8/kcp,KIMCHI PREMIUM,KCP,factory/osmo1q77cw0mmlluxu0wr29fcdd0tdnh78gzhkvhe4n6ulal9qvrtu43qtd0nh8/kcp,6,,osmosis,factory/osmo1q77cw0mmlluxu0wr29fcdd0tdnh78gzhkvhe4n6ulal9qvrtu43qtd0nh8/kcp,native,2024-07-23T14:47:57.666Z,2024-05-03T02:26:18.656000,false,chain-metadata
osmosis,factory/osmo1q77cw0mmlluxu0wr29fcdd0tdnh78gzhkvhe4n6ulal9qvrtu43qtd0nh8/jota,LA JOSETTE,JOTA,factory/osmo1q77cw0mmlluxu0wr29fcdd0tdnh78gzhkvhe4n6ulal9qvrtu43qtd0nh8/jota,6,,osmosis,factory/osmo1q77cw0mmlluxu0wr29fcdd0tdnh78gzhkvhe4n6ulal9qvrtu43qtd0nh8/jota,native,2024-07-23T14:47:57.666Z,2024-05-13T16:55:53.115000,false,chain-metadata
osmosis,factory/osmo1q77cw0mmlluxu0wr29fcdd0tdnh78gzhkvhe4n6ulal9qvrtu43qtd0nh8/jbo,JoeyBravo,JBO,factory/osmo1q77cw0mmlluxu0wr29fcdd0tdnh78gzhkvhe4n6ulal9qvrtu43qtd0nh8/jbo,6,,osmosis,factory/osmo1q77cw0mmlluxu0wr29fcdd0tdnh78gzhkvhe4n6ulal9qvrtu43qtd0nh8/jbo,native,2024-07-23T14:47:57.666Z,2024-05-02T20:56:42.738000,false,chain-metadata
osmosis,factory/osmo1q77cw0mmlluxu0wr29fcdd0tdnh78gzhkvhe4n6ulal9qvrtu43qtd0nh8/jizzus,JIZZUS CHRIST,JIZZUS,factory/osmo1q77cw0mmlluxu0wr29fcdd0tdnh78gzhkvhe4n6ulal9qvrtu43qtd0nh8/jizzus,6,,osmosis,factory/osmo1q77cw0mmlluxu0wr29fcdd0tdnh78gzhkvhe4n6ulal9qvrtu43qtd0nh8/jizzus,native,2024-07-23T14:47:57.666Z,2024-05-02T18:49:29.822000,false,chain-metadata
osmosis,factory/osmo1q77cw0mmlluxu0wr29fcdd0tdnh78gzhkvhe4n6ulal9qvrtu43qtd0nh8/jeets,The Greatest Jeet,JEETS,factory/osmo1q77cw0mmlluxu0wr29fcdd0tdnh78gzhkvhe4n6ulal9qvrtu43qtd0nh8/jeets,6,,osmosis,factory/osmo1q77cw0mmlluxu0wr29fcdd0tdnh78gzhkvhe4n6ulal9qvrtu43qtd0nh8/jeets,native,2024-07-23T14:47:57.666Z,2024-05-04T09:11:53.938000,false,chain-metadata
osmosis,factory/osmo1q77cw0mmlluxu0wr29fcdd0tdnh78gzhkvhe4n6ulal9qvrtu43qtd0nh8/kitties,BAD KITTIES,KITTIES,factory/osmo1q77cw0mmlluxu0wr29fcdd0tdnh78gzhkvhe4n6ulal9qvrtu43qtd0nh8/kitties,6,,osmosis,factory/osmo1q77cw0mmlluxu0wr29fcdd0tdnh78gzhkvhe4n6ulal9qvrtu43qtd0nh8/kitties,native,2024-07-23T14:47:57.668Z,2024-05-19T15:16:03.036000,false,chain-metadata
osmosis,factory/osmo1q77cw0mmlluxu0wr29fcdd0tdnh78gzhkvhe4n6ulal9qvrtu43qtd0nh8/kitty,BTCMaxiKitty,KITTY,factory/osmo1q77cw0mmlluxu0wr29fcdd0tdnh78gzhkvhe4n6ulal9qvrtu43qtd0nh8/kitty,6,,osmosis,factory/osmo1q77cw0mmlluxu0wr29fcdd0tdnh78gzhkvhe4n6ulal9qvrtu43qtd0nh8/kitty,native,2024-07-23T14:47:57.668Z,2024-05-09T02:25:29.190000,false,chain-metadata
osmosis,factory/osmo1q77cw0mmlluxu0wr29fcdd0tdnh78gzhkvhe4n6ulal9qvrtu43qtd0nh8/kmlt,Kaamelott,KMLT,factory/osmo1q77cw0mmlluxu0wr29fcdd0tdnh78gzhkvhe4n6ulal9qvrtu43qtd0nh8/kmlt,6,,osmosis,factory/osmo1q77cw0mmlluxu0wr29fcdd0tdnh78gzhkvhe4n6ulal9qvrtu43qtd0nh8/kmlt,native,2024-07-23T14:47:57.668Z,2024-05-03T09:42:43.953000,false,chain-metadata
osmosis,factory/osmo1q77cw0mmlluxu0wr29fcdd0tdnh78gzhkvhe4n6ulal9qvrtu43qtd0nh8/kls,Klisiu,KLS,factory/osmo1q77cw0mmlluxu0wr29fcdd0tdnh78gzhkvhe4n6ulal9qvrtu43qtd0nh8/kls,6,,osmosis,factory/osmo1q77cw0mmlluxu0wr29fcdd0tdnh78gzhkvhe4n6ulal9qvrtu43qtd0nh8/kls,native,2024-07-23T14:47:57.668Z,2024-05-02T20:56:42.738000,false,chain-metadata
osmosis,factory/osmo1q77cw0mmlluxu0wr29fcdd0tdnh78gzhkvhe4n6ulal9qvrtu43qtd0nh8/knja,KINJA,KNJA,factory/osmo1q77cw0mmlluxu0wr29fcdd0tdnh78gzhkvhe4n6ulal9qvrtu43qtd0nh8/knja,6,,osmosis,factory/osmo1q77cw0mmlluxu0wr29fcdd0tdnh78gzhkvhe4n6ulal9qvrtu43qtd0nh8/knja,native,2024-07-23T14:47:57.668Z,2024-05-22T20:39:00.234000,false,chain-metadata
osmosis,factory/osmo1q77cw0mmlluxu0wr29fcdd0tdnh78gzhkvhe4n6ulal9qvrtu43qtd0nh8/lpepe,PEPE LOVE,LPEPE,factory/osmo1q77cw0mmlluxu0wr29fcdd0tdnh78gzhkvhe4n6ulal9qvrtu43qtd0nh8/lpepe,6,,osmosis,factory/osmo1q77cw0mmlluxu0wr29fcdd0tdnh78gzhkvhe4n6ulal9qvrtu43qtd0nh8/lpepe,native,2024-07-23T14:47:57.669Z,2024-05-21T11:08:50.991000,false,chain-metadata
osmosis,factory/osmo1q77cw0mmlluxu0wr29fcdd0tdnh78gzhkvhe4n6ulal9qvrtu43qtd0nh8/lam,LAMMA,LAM,factory/osmo1q77cw0mmlluxu0wr29fcdd0tdnh78gzhkvhe4n6ulal9qvrtu43qtd0nh8/lam,6,,osmosis,factory/osmo1q77cw0mmlluxu0wr29fcdd0tdnh78gzhkvhe4n6ulal9qvrtu43qtd0nh8/lam,native,2024-07-23T14:47:57.669Z,2024-07-17T05:20:11.679000,false,chain-metadata
osmosis,factory/osmo1q77cw0mmlluxu0wr29fcdd0tdnh78gzhkvhe4n6ulal9qvrtu43qtd0nh8/livemom,Live with mom,LIVEMOM,factory/osmo1q77cw0mmlluxu0wr29fcdd0tdnh78gzhkvhe4n6ulal9qvrtu43qtd0nh8/livemom,6,,osmosis,factory/osmo1q77cw0mmlluxu0wr29fcdd0tdnh78gzhkvhe4n6ulal9qvrtu43qtd0nh8/livemom,native,2024-07-23T14:47:57.669Z,2024-05-02T20:56:42.738000,false,chain-metadata
osmosis,factory/osmo1q77cw0mmlluxu0wr29fcdd0tdnh78gzhkvhe4n6ulal9qvrtu43qtd0nh8/kpit,Klavdiia Petrivna,KPIT,factory/osmo1q77cw0mmlluxu0wr29fcdd0tdnh78gzhkvhe4n6ulal9qvrtu43qtd0nh8/kpit,6,,osmosis,factory/osmo1q77cw0mmlluxu0wr29fcdd0tdnh78gzhkvhe4n6ulal9qvrtu43qtd0nh8/kpit,native,2024-07-23T14:47:57.669Z,2024-05-03T02:26:18.656000,false,chain-metadata
osmosis,factory/osmo1q77cw0mmlluxu0wr29fcdd0tdnh78gzhkvhe4n6ulal9qvrtu43qtd0nh8/lmao,LMAO,LMAO,factory/osmo1q77cw0mmlluxu0wr29fcdd0tdnh78gzhkvhe4n6ulal9qvrtu43qtd0nh8/lmao,6,,osmosis,factory/osmo1q77cw0mmlluxu0wr29fcdd0tdnh78gzhkvhe4n6ulal9qvrtu43qtd0nh8/lmao,native,2024-07-23T14:47:57.669Z,2024-05-03T09:42:43.953000,false,chain-metadata
osmosis,factory/osmo1q77cw0mmlluxu0wr29fcdd0tdnh78gzhkvhe4n6ulal9qvrtu43qtd0nh8/l.h.o.o.q.2.0.,L.H.O.O.Q.2.0.,L.H.O.O.Q.2.0.,factory/osmo1q77cw0mmlluxu0wr29fcdd0tdnh78gzhkvhe4n6ulal9qvrtu43qtd0nh8/l.h.o.o.q.2.0.,6,,osmosis,factory/osmo1q77cw0mmlluxu0wr29fcdd0tdnh78gzhkvhe4n6ulal9qvrtu43qtd0nh8/l.h.o.o.q.2.0.,native,2024-07-23T14:47:57.669Z,2024-05-19T15:16:03.036000,false,chain-metadata
osmosis,factory/osmo1q77cw0mmlluxu0wr29fcdd0tdnh78gzhkvhe4n6ulal9qvrtu43qtd0nh8/mana,ManaPotion ,MANA,factory/osmo1q77cw0mmlluxu0wr29fcdd0tdnh78gzhkvhe4n6ulal9qvrtu43qtd0nh8/mana,6,,osmosis,factory/osmo1q77cw0mmlluxu0wr29fcdd0tdnh78gzhkvhe4n6ulal9qvrtu43qtd0nh8/mana,native,2024-07-23T14:47:57.669Z,2024-05-02T20:56:42.738000,false,chain-metadata
osmosis,factory/osmo1q77cw0mmlluxu0wr29fcdd0tdnh78gzhkvhe4n6ulal9qvrtu43qtd0nh8/lumgirl,Lum Girl,LUMGIRL,factory/osmo1q77cw0mmlluxu0wr29fcdd0tdnh78gzhkvhe4n6ulal9qvrtu43qtd0nh8/lumgirl,6,,osmosis,factory/osmo1q77cw0mmlluxu0wr29fcdd0tdnh78gzhkvhe4n6ulal9qvrtu43qtd0nh8/lumgirl,native,2024-07-23T14:47:57.669Z,2024-05-04T18:14:39.209000,false,chain-metadata
osmosis,factory/osmo1q77cw0mmlluxu0wr29fcdd0tdnh78gzhkvhe4n6ulal9qvrtu43qtd0nh8/kookie,kookiemonster,kookie,factory/osmo1q77cw0mmlluxu0wr29fcdd0tdnh78gzhkvhe4n6ulal9qvrtu43qtd0nh8/kookie,6,,osmosis,factory/osmo1q77cw0mmlluxu0wr29fcdd0tdnh78gzhkvhe4n6ulal9qvrtu43qtd0nh8/kookie,native,2024-07-23T14:47:57.669Z,2024-06-17T12:04:31.191000,false,chain-metadata
osmosis,factory/osmo1q77cw0mmlluxu0wr29fcdd0tdnh78gzhkvhe4n6ulal9qvrtu43qtd0nh8/ktkkn,KutKakken,KTKKn,factory/osmo1q77cw0mmlluxu0wr29fcdd0tdnh78gzhkvhe4n6ulal9qvrtu43qtd0nh8/ktkkn,6,,osmosis,factory/osmo1q77cw0mmlluxu0wr29fcdd0tdnh78gzhkvhe4n6ulal9qvrtu43qtd0nh8/ktkkn,native,2024-07-23T14:47:57.669Z,2024-05-18T21:00:57.044000,false,chain-metadata
osmosis,factory/osmo1q77cw0mmlluxu0wr29fcdd0tdnh78gzhkvhe4n6ulal9qvrtu43qtd0nh8/man1,Mannen,man1,factory/osmo1q77cw0mmlluxu0wr29fcdd0tdnh78gzhkvhe4n6ulal9qvrtu43qtd0nh8/man1,6,,osmosis,factory/osmo1q77cw0mmlluxu0wr29fcdd0tdnh78gzhkvhe4n6ulal9qvrtu43qtd0nh8/man1,native,2024-07-23T14:47:57.669Z,2024-05-08T02:25:28.368000,false,chain-metadata
osmosis,factory/osmo1q77cw0mmlluxu0wr29fcdd0tdnh78gzhkvhe4n6ulal9qvrtu43qtd0nh8/maga-phil,BASED PHIL MAGA,MAGA-PHIL,factory/osmo1q77cw0mmlluxu0wr29fcdd0tdnh78gzhkvhe4n6ulal9qvrtu43qtd0nh8/maga-phil,6,,osmosis,factory/osmo1q77cw0mmlluxu0wr29fcdd0tdnh78gzhkvhe4n6ulal9qvrtu43qtd0nh8/maga-phil,native,2024-07-23T14:47:57.669Z,2024-06-19T10:20:38.716000,false,chain-metadata
osmosis,factory/osmo1q77cw0mmlluxu0wr29fcdd0tdnh78gzhkvhe4n6ulal9qvrtu43qtd0nh8/longcat,LONGCAT,LONGCAT,factory/osmo1q77cw0mmlluxu0wr29fcdd0tdnh78gzhkvhe4n6ulal9qvrtu43qtd0nh8/longcat,6,,osmosis,factory/osmo1q77cw0mmlluxu0wr29fcdd0tdnh78gzhkvhe4n6ulal9qvrtu43qtd0nh8/longcat,native,2024-07-23T14:47:57.669Z,2024-05-03T02:26:18.656000,false,chain-metadata
osmosis,factory/osmo1q77cw0mmlluxu0wr29fcdd0tdnh78gzhkvhe4n6ulal9qvrtu43qtd0nh8/lng,Lannister Gold,LNG,factory/osmo1q77cw0mmlluxu0wr29fcdd0tdnh78gzhkvhe4n6ulal9qvrtu43qtd0nh8/lng,6,,osmosis,factory/osmo1q77cw0mmlluxu0wr29fcdd0tdnh78gzhkvhe4n6ulal9qvrtu43qtd0nh8/lng,native,2024-07-23T14:47:57.669Z,2024-06-17T12:04:31.191000,false,chain-metadata
osmosis,factory/osmo1q77cw0mmlluxu0wr29fcdd0tdnh78gzhkvhe4n6ulal9qvrtu43qtd0nh8/mab,MarineBardella ,MAB,factory/osmo1q77cw0mmlluxu0wr29fcdd0tdnh78gzhkvhe4n6ulal9qvrtu43qtd0nh8/mab,6,,osmosis,factory/osmo1q77cw0mmlluxu0wr29fcdd0tdnh78gzhkvhe4n6ulal9qvrtu43qtd0nh8/mab,native,2024-07-23T14:47:57.669Z,2024-07-08T02:25:24.654000,false,chain-metadata
osmosis,factory/osmo1q77cw0mmlluxu0wr29fcdd0tdnh78gzhkvhe4n6ulal9qvrtu43qtd0nh8/krm,Kurumi Tokisaki,KRM,factory/osmo1q77cw0mmlluxu0wr29fcdd0tdnh78gzhkvhe4n6ulal9qvrtu43qtd0nh8/krm,6,,osmosis,factory/osmo1q77cw0mmlluxu0wr29fcdd0tdnh78gzhkvhe4n6ulal9qvrtu43qtd0nh8/krm,native,2024-07-23T14:47:57.669Z,2024-05-12T18:10:59.911000,false,chain-metadata
osmosis,factory/osmo1q77cw0mmlluxu0wr29fcdd0tdnh78gzhkvhe4n6ulal9qvrtu43qtd0nh8/lly,LonelyCoin,LLY,factory/osmo1q77cw0mmlluxu0wr29fcdd0tdnh78gzhkvhe4n6ulal9qvrtu43qtd0nh8/lly,6,,osmosis,factory/osmo1q77cw0mmlluxu0wr29fcdd0tdnh78gzhkvhe4n6ulal9qvrtu43qtd0nh8/lly,native,2024-07-23T14:47:57.669Z,2024-06-23T02:25:46.142000,false,chain-metadata
osmosis,factory/osmo1q77cw0mmlluxu0wr29fcdd0tdnh78gzhkvhe4n6ulal9qvrtu43qtd0nh8/ktkk,KutKak,KTKK,factory/osmo1q77cw0mmlluxu0wr29fcdd0tdnh78gzhkvhe4n6ulal9qvrtu43qtd0nh8/ktkk,6,,osmosis,factory/osmo1q77cw0mmlluxu0wr29fcdd0tdnh78gzhkvhe4n6ulal9qvrtu43qtd0nh8/ktkk,native,2024-07-23T14:47:57.669Z,2024-05-20T10:18:55.739000,false,chain-metadata
osmosis,factory/osmo1q77cw0mmlluxu0wr29fcdd0tdnh78gzhkvhe4n6ulal9qvrtu43qtd0nh8/kpat,SPONGEBOB,KPAT,factory/osmo1q77cw0mmlluxu0wr29fcdd0tdnh78gzhkvhe4n6ulal9qvrtu43qtd0nh8/kpat,6,,osmosis,factory/osmo1q77cw0mmlluxu0wr29fcdd0tdnh78gzhkvhe4n6ulal9qvrtu43qtd0nh8/kpat,native,2024-07-23T14:47:57.669Z,2024-05-02T20:56:42.738000,false,chain-metadata
osmosis,factory/osmo1q77cw0mmlluxu0wr29fcdd0tdnh78gzhkvhe4n6ulal9qvrtu43qtd0nh8/lja,Lajka,LJA,factory/osmo1q77cw0mmlluxu0wr29fcdd0tdnh78gzhkvhe4n6ulal9qvrtu43qtd0nh8/lja,6,,osmosis,factory/osmo1q77cw0mmlluxu0wr29fcdd0tdnh78gzhkvhe4n6ulal9qvrtu43qtd0nh8/lja,native,2024-07-23T14:47:57.669Z,2024-05-09T11:56:34.463000,false,chain-metadata
osmosis,factory/osmo1q77cw0mmlluxu0wr29fcdd0tdnh78gzhkvhe4n6ulal9qvrtu43qtd0nh8/m88,Miha88,M88,factory/osmo1q77cw0mmlluxu0wr29fcdd0tdnh78gzhkvhe4n6ulal9qvrtu43qtd0nh8/m88,6,,osmosis,factory/osmo1q77cw0mmlluxu0wr29fcdd0tdnh78gzhkvhe4n6ulal9qvrtu43qtd0nh8/m88,native,2024-07-23T14:47:57.669Z,2024-06-27T02:25:26.163000,false,chain-metadata
osmosis,factory/osmo1q77cw0mmlluxu0wr29fcdd0tdnh78gzhkvhe4n6ulal9qvrtu43qtd0nh8/kook,Kooked,KOOK,factory/osmo1q77cw0mmlluxu0wr29fcdd0tdnh78gzhkvhe4n6ulal9qvrtu43qtd0nh8/kook,6,,osmosis,factory/osmo1q77cw0mmlluxu0wr29fcdd0tdnh78gzhkvhe4n6ulal9qvrtu43qtd0nh8/kook,native,2024-07-23T14:47:57.669Z,2024-05-04T14:34:18.908000,false,chain-metadata
osmosis,factory/osmo1q77cw0mmlluxu0wr29fcdd0tdnh78gzhkvhe4n6ulal9qvrtu43qtd0nh8/kyp,KYP,KYP,factory/osmo1q77cw0mmlluxu0wr29fcdd0tdnh78gzhkvhe4n6ulal9qvrtu43qtd0nh8/kyp,6,,osmosis,factory/osmo1q77cw0mmlluxu0wr29fcdd0tdnh78gzhkvhe4n6ulal9qvrtu43qtd0nh8/kyp,native,2024-07-23T14:47:57.669Z,2024-05-22T20:39:00.234000,false,chain-metadata
osmosis,factory/osmo1q77cw0mmlluxu0wr29fcdd0tdnh78gzhkvhe4n6ulal9qvrtu43qtd0nh8/kyimg,KYIMG,KYIMG,factory/osmo1q77cw0mmlluxu0wr29fcdd0tdnh78gzhkvhe4n6ulal9qvrtu43qtd0nh8/kyimg,6,,osmosis,factory/osmo1q77cw0mmlluxu0wr29fcdd0tdnh78gzhkvhe4n6ulal9qvrtu43qtd0nh8/kyimg,native,2024-07-23T14:47:57.669Z,2024-05-08T02:25:28.368000,false,chain-metadata
osmosis,factory/osmo1q77cw0mmlluxu0wr29fcdd0tdnh78gzhkvhe4n6ulal9qvrtu43qtd0nh8/krick,KID RICK,KRICK,factory/osmo1q77cw0mmlluxu0wr29fcdd0tdnh78gzhkvhe4n6ulal9qvrtu43qtd0nh8/krick,6,,osmosis,factory/osmo1q77cw0mmlluxu0wr29fcdd0tdnh78gzhkvhe4n6ulal9qvrtu43qtd0nh8/krick,native,2024-07-23T14:47:57.669Z,2024-05-03T02:26:18.656000,false,chain-metadata
osmosis,factory/osmo1q77cw0mmlluxu0wr29fcdd0tdnh78gzhkvhe4n6ulal9qvrtu43qtd0nh8/lobo,Hubertus von Heyden ,LOBO,factory/osmo1q77cw0mmlluxu0wr29fcdd0tdnh78gzhkvhe4n6ulal9qvrtu43qtd0nh8/lobo,6,,osmosis,factory/osmo1q77cw0mmlluxu0wr29fcdd0tdnh78gzhkvhe4n6ulal9qvrtu43qtd0nh8/lobo,native,2024-07-23T14:47:57.669Z,2024-05-04T14:34:18.908000,false,chain-metadata
osmosis,factory/osmo1q77cw0mmlluxu0wr29fcdd0tdnh78gzhkvhe4n6ulal9qvrtu43qtd0nh8/mage,$mage,mage,factory/osmo1q77cw0mmlluxu0wr29fcdd0tdnh78gzhkvhe4n6ulal9qvrtu43qtd0nh8/mage,6,,osmosis,factory/osmo1q77cw0mmlluxu0wr29fcdd0tdnh78gzhkvhe4n6ulal9qvrtu43qtd0nh8/mage,native,2024-07-23T14:47:57.669Z,2024-05-10T18:55:14.355000,false,chain-metadata
osmosis,factory/osmo1q77cw0mmlluxu0wr29fcdd0tdnh78gzhkvhe4n6ulal9qvrtu43qtd0nh8/kroppa,Kroppa,KROPPA,factory/osmo1q77cw0mmlluxu0wr29fcdd0tdnh78gzhkvhe4n6ulal9qvrtu43qtd0nh8/kroppa,6,,osmosis,factory/osmo1q77cw0mmlluxu0wr29fcdd0tdnh78gzhkvhe4n6ulal9qvrtu43qtd0nh8/kroppa,native,2024-07-23T14:47:57.669Z,2024-05-15T13:07:26.818000,false,chain-metadata
osmosis,factory/osmo1q77cw0mmlluxu0wr29fcdd0tdnh78gzhkvhe4n6ulal9qvrtu43qtd0nh8/l30,037,L30,factory/osmo1q77cw0mmlluxu0wr29fcdd0tdnh78gzhkvhe4n6ulal9qvrtu43qtd0nh8/l30,6,,osmosis,factory/osmo1q77cw0mmlluxu0wr29fcdd0tdnh78gzhkvhe4n6ulal9qvrtu43qtd0nh8/l30,native,2024-07-23T14:47:57.669Z,2024-05-04T09:11:53.938000,false,chain-metadata
osmosis,factory/osmo1q77cw0mmlluxu0wr29fcdd0tdnh78gzhkvhe4n6ulal9qvrtu43qtd0nh8/love,Yoimsogladtobeherewithyou,LOVE,factory/osmo1q77cw0mmlluxu0wr29fcdd0tdnh78gzhkvhe4n6ulal9qvrtu43qtd0nh8/love,6,,osmosis,factory/osmo1q77cw0mmlluxu0wr29fcdd0tdnh78gzhkvhe4n6ulal9qvrtu43qtd0nh8/love,native,2024-07-23T14:47:57.669Z,2024-07-08T17:51:11.945000,false,chain-metadata
osmosis,factory/osmo1q77cw0mmlluxu0wr29fcdd0tdnh78gzhkvhe4n6ulal9qvrtu43qtd0nh8/lsc,LeoSamu,LSC,factory/osmo1q77cw0mmlluxu0wr29fcdd0tdnh78gzhkvhe4n6ulal9qvrtu43qtd0nh8/lsc,6,,osmosis,factory/osmo1q77cw0mmlluxu0wr29fcdd0tdnh78gzhkvhe4n6ulal9qvrtu43qtd0nh8/lsc,native,2024-07-23T14:47:57.669Z,2024-05-03T09:42:43.953000,false,chain-metadata
osmosis,factory/osmo1q77cw0mmlluxu0wr29fcdd0tdnh78gzhkvhe4n6ulal9qvrtu43qtd0nh8/maga,MAGA,MAGA,factory/osmo1q77cw0mmlluxu0wr29fcdd0tdnh78gzhkvhe4n6ulal9qvrtu43qtd0nh8/maga,6,,osmosis,factory/osmo1q77cw0mmlluxu0wr29fcdd0tdnh78gzhkvhe4n6ulal9qvrtu43qtd0nh8/maga,native,2024-07-23T14:47:57.669Z,2024-05-11T10:20:55.186000,false,chain-metadata
osmosis,factory/osmo1q77cw0mmlluxu0wr29fcdd0tdnh78gzhkvhe4n6ulal9qvrtu43qtd0nh8/mgt,mugitya,MGT,factory/osmo1q77cw0mmlluxu0wr29fcdd0tdnh78gzhkvhe4n6ulal9qvrtu43qtd0nh8/mgt,6,,osmosis,factory/osmo1q77cw0mmlluxu0wr29fcdd0tdnh78gzhkvhe4n6ulal9qvrtu43qtd0nh8/mgt,native,2024-07-23T14:47:57.670Z,2024-05-17T12:52:05.186000,false,chain-metadata
osmosis,factory/osmo1q77cw0mmlluxu0wr29fcdd0tdnh78gzhkvhe4n6ulal9qvrtu43qtd0nh8/mota,ATOM backwards,MOTA,factory/osmo1q77cw0mmlluxu0wr29fcdd0tdnh78gzhkvhe4n6ulal9qvrtu43qtd0nh8/mota,6,,osmosis,factory/osmo1q77cw0mmlluxu0wr29fcdd0tdnh78gzhkvhe4n6ulal9qvrtu43qtd0nh8/mota,native,2024-07-23T14:47:57.670Z,2024-05-20T02:26:05.787000,false,chain-metadata
osmosis,factory/osmo1q77cw0mmlluxu0wr29fcdd0tdnh78gzhkvhe4n6ulal9qvrtu43qtd0nh8/mpro,MAXXIPRO,MPRO,factory/osmo1q77cw0mmlluxu0wr29fcdd0tdnh78gzhkvhe4n6ulal9qvrtu43qtd0nh8/mpro,6,,osmosis,factory/osmo1q77cw0mmlluxu0wr29fcdd0tdnh78gzhkvhe4n6ulal9qvrtu43qtd0nh8/mpro,native,2024-07-23T14:47:57.670Z,2024-05-17T12:52:05.186000,false,chain-metadata
osmosis,factory/osmo1q77cw0mmlluxu0wr29fcdd0tdnh78gzhkvhe4n6ulal9qvrtu43qtd0nh8/mtl,The Real Heavy Metal Token,MTL,factory/osmo1q77cw0mmlluxu0wr29fcdd0tdnh78gzhkvhe4n6ulal9qvrtu43qtd0nh8/mtl,6,,osmosis,factory/osmo1q77cw0mmlluxu0wr29fcdd0tdnh78gzhkvhe4n6ulal9qvrtu43qtd0nh8/mtl,native,2024-07-23T14:47:57.670Z,2024-05-18T06:47:53.746000,false,chain-metadata
osmosis,factory/osmo1q77cw0mmlluxu0wr29fcdd0tdnh78gzhkvhe4n6ulal9qvrtu43qtd0nh8/mjane,Mary Jane,MJANE,factory/osmo1q77cw0mmlluxu0wr29fcdd0tdnh78gzhkvhe4n6ulal9qvrtu43qtd0nh8/mjane,6,,osmosis,factory/osmo1q77cw0mmlluxu0wr29fcdd0tdnh78gzhkvhe4n6ulal9qvrtu43qtd0nh8/mjane,native,2024-07-23T14:47:57.670Z,2024-05-02T20:56:42.738000,false,chain-metadata
osmosis,factory/osmo1q77cw0mmlluxu0wr29fcdd0tdnh78gzhkvhe4n6ulal9qvrtu43qtd0nh8/memesht,MEMESH*T,MEMESHT,factory/osmo1q77cw0mmlluxu0wr29fcdd0tdnh78gzhkvhe4n6ulal9qvrtu43qtd0nh8/memesht,6,,osmosis,factory/osmo1q77cw0mmlluxu0wr29fcdd0tdnh78gzhkvhe4n6ulal9qvrtu43qtd0nh8/memesht,native,2024-07-23T14:47:57.670Z,2024-05-13T02:26:09.650000,false,chain-metadata
osmosis,factory/osmo1q77cw0mmlluxu0wr29fcdd0tdnh78gzhkvhe4n6ulal9qvrtu43qtd0nh8/mik,Miky,mik,factory/osmo1q77cw0mmlluxu0wr29fcdd0tdnh78gzhkvhe4n6ulal9qvrtu43qtd0nh8/mik,6,,osmosis,factory/osmo1q77cw0mmlluxu0wr29fcdd0tdnh78gzhkvhe4n6ulal9qvrtu43qtd0nh8/mik,native,2024-07-23T14:47:57.670Z,2024-06-19T10:20:38.716000,false,chain-metadata
osmosis,factory/osmo1q77cw0mmlluxu0wr29fcdd0tdnh78gzhkvhe4n6ulal9qvrtu43qtd0nh8/miata,Miata,MIATA,factory/osmo1q77cw0mmlluxu0wr29fcdd0tdnh78gzhkvhe4n6ulal9qvrtu43qtd0nh8/miata,6,,osmosis,factory/osmo1q77cw0mmlluxu0wr29fcdd0tdnh78gzhkvhe4n6ulal9qvrtu43qtd0nh8/miata,native,2024-07-23T14:47:57.670Z,2024-05-19T15:16:03.036000,false,chain-metadata
osmosis,factory/osmo1q77cw0mmlluxu0wr29fcdd0tdnh78gzhkvhe4n6ulal9qvrtu43qtd0nh8/mewk,electwic mewk,mewk,factory/osmo1q77cw0mmlluxu0wr29fcdd0tdnh78gzhkvhe4n6ulal9qvrtu43qtd0nh8/mewk,6,,osmosis,factory/osmo1q77cw0mmlluxu0wr29fcdd0tdnh78gzhkvhe4n6ulal9qvrtu43qtd0nh8/mewk,native,2024-07-23T14:47:57.670Z,2024-05-09T02:25:29.190000,false,chain-metadata
osmosis,factory/osmo1q77cw0mmlluxu0wr29fcdd0tdnh78gzhkvhe4n6ulal9qvrtu43qtd0nh8/meow,Meow,MEOW,factory/osmo1q77cw0mmlluxu0wr29fcdd0tdnh78gzhkvhe4n6ulal9qvrtu43qtd0nh8/meow,6,,osmosis,factory/osmo1q77cw0mmlluxu0wr29fcdd0tdnh78gzhkvhe4n6ulal9qvrtu43qtd0nh8/meow,native,2024-07-23T14:47:57.670Z,2024-05-03T09:42:43.953000,false,chain-metadata
osmosis,factory/osmo1q77cw0mmlluxu0wr29fcdd0tdnh78gzhkvhe4n6ulal9qvrtu43qtd0nh8/mls,MadLabs,MLS,factory/osmo1q77cw0mmlluxu0wr29fcdd0tdnh78gzhkvhe4n6ulal9qvrtu43qtd0nh8/mls,6,,osmosis,factory/osmo1q77cw0mmlluxu0wr29fcdd0tdnh78gzhkvhe4n6ulal9qvrtu43qtd0nh8/mls,native,2024-07-23T14:47:57.670Z,2024-05-12T18:10:59.911000,false,chain-metadata
osmosis,factory/osmo1q77cw0mmlluxu0wr29fcdd0tdnh78gzhkvhe4n6ulal9qvrtu43qtd0nh8/nanerz,Naner Parrot,NANERZ,factory/osmo1q77cw0mmlluxu0wr29fcdd0tdnh78gzhkvhe4n6ulal9qvrtu43qtd0nh8/nanerz,6,,osmosis,factory/osmo1q77cw0mmlluxu0wr29fcdd0tdnh78gzhkvhe4n6ulal9qvrtu43qtd0nh8/nanerz,native,2024-07-23T14:47:57.670Z,2024-06-24T02:25:57.872000,false,chain-metadata
osmosis,factory/osmo1q77cw0mmlluxu0wr29fcdd0tdnh78gzhkvhe4n6ulal9qvrtu43qtd0nh8/mnc,Minchia,MNC,factory/osmo1q77cw0mmlluxu0wr29fcdd0tdnh78gzhkvhe4n6ulal9qvrtu43qtd0nh8/mnc,6,,osmosis,factory/osmo1q77cw0mmlluxu0wr29fcdd0tdnh78gzhkvhe4n6ulal9qvrtu43qtd0nh8/mnc,native,2024-07-23T14:47:57.670Z,2024-05-10T10:44:50.966000,false,chain-metadata
osmosis,factory/osmo1q77cw0mmlluxu0wr29fcdd0tdnh78gzhkvhe4n6ulal9qvrtu43qtd0nh8/moon,Wen Moon?,MOON,factory/osmo1q77cw0mmlluxu0wr29fcdd0tdnh78gzhkvhe4n6ulal9qvrtu43qtd0nh8/moon,6,,osmosis,factory/osmo1q77cw0mmlluxu0wr29fcdd0tdnh78gzhkvhe4n6ulal9qvrtu43qtd0nh8/moon,native,2024-07-23T14:47:57.670Z,2024-05-08T02:25:28.368000,false,chain-metadata
osmosis,factory/osmo1q77cw0mmlluxu0wr29fcdd0tdnh78gzhkvhe4n6ulal9qvrtu43qtd0nh8/mtr,MinoTauR,MTR,factory/osmo1q77cw0mmlluxu0wr29fcdd0tdnh78gzhkvhe4n6ulal9qvrtu43qtd0nh8/mtr,6,,osmosis,factory/osmo1q77cw0mmlluxu0wr29fcdd0tdnh78gzhkvhe4n6ulal9qvrtu43qtd0nh8/mtr,native,2024-07-23T14:47:57.670Z,2024-05-18T21:00:57.044000,false,chain-metadata
osmosis,factory/osmo1q77cw0mmlluxu0wr29fcdd0tdnh78gzhkvhe4n6ulal9qvrtu43qtd0nh8/mld,Memelandia,MLD,factory/osmo1q77cw0mmlluxu0wr29fcdd0tdnh78gzhkvhe4n6ulal9qvrtu43qtd0nh8/mld,6,,osmosis,factory/osmo1q77cw0mmlluxu0wr29fcdd0tdnh78gzhkvhe4n6ulal9qvrtu43qtd0nh8/mld,native,2024-07-23T14:47:57.670Z,2024-05-02T20:56:42.738000,false,chain-metadata
osmosis,factory/osmo1q77cw0mmlluxu0wr29fcdd0tdnh78gzhkvhe4n6ulal9qvrtu43qtd0nh8/msks,Meeseeks,MSKS,factory/osmo1q77cw0mmlluxu0wr29fcdd0tdnh78gzhkvhe4n6ulal9qvrtu43qtd0nh8/msks,6,,osmosis,factory/osmo1q77cw0mmlluxu0wr29fcdd0tdnh78gzhkvhe4n6ulal9qvrtu43qtd0nh8/msks,native,2024-07-23T14:47:57.670Z,2024-05-04T14:34:18.908000,false,chain-metadata
osmosis,factory/osmo1q77cw0mmlluxu0wr29fcdd0tdnh78gzhkvhe4n6ulal9qvrtu43qtd0nh8/mwt,Meowth,MWT,factory/osmo1q77cw0mmlluxu0wr29fcdd0tdnh78gzhkvhe4n6ulal9qvrtu43qtd0nh8/mwt,6,,osmosis,factory/osmo1q77cw0mmlluxu0wr29fcdd0tdnh78gzhkvhe4n6ulal9qvrtu43qtd0nh8/mwt,native,2024-07-23T14:47:57.670Z,2024-05-06T22:01:07.476000,false,chain-metadata
osmosis,factory/osmo1q77cw0mmlluxu0wr29fcdd0tdnh78gzhkvhe4n6ulal9qvrtu43qtd0nh8/mon2,Monkey Jones,MON2,factory/osmo1q77cw0mmlluxu0wr29fcdd0tdnh78gzhkvhe4n6ulal9qvrtu43qtd0nh8/mon2,6,,osmosis,factory/osmo1q77cw0mmlluxu0wr29fcdd0tdnh78gzhkvhe4n6ulal9qvrtu43qtd0nh8/mon2,native,2024-07-23T14:47:57.670Z,2024-05-17T12:52:05.186000,false,chain-metadata
osmosis,factory/osmo1q77cw0mmlluxu0wr29fcdd0tdnh78gzhkvhe4n6ulal9qvrtu43qtd0nh8/memecat,MEME CAT,MEMECAT,factory/osmo1q77cw0mmlluxu0wr29fcdd0tdnh78gzhkvhe4n6ulal9qvrtu43qtd0nh8/memecat,6,,osmosis,factory/osmo1q77cw0mmlluxu0wr29fcdd0tdnh78gzhkvhe4n6ulal9qvrtu43qtd0nh8/memecat,native,2024-07-23T14:47:57.670Z,2024-05-04T09:11:53.938000,false,chain-metadata
osmosis,factory/osmo1q77cw0mmlluxu0wr29fcdd0tdnh78gzhkvhe4n6ulal9qvrtu43qtd0nh8/moss,Mossmos,Moss,factory/osmo1q77cw0mmlluxu0wr29fcdd0tdnh78gzhkvhe4n6ulal9qvrtu43qtd0nh8/moss,6,,osmosis,factory/osmo1q77cw0mmlluxu0wr29fcdd0tdnh78gzhkvhe4n6ulal9qvrtu43qtd0nh8/moss,native,2024-07-23T14:47:57.670Z,2024-05-14T02:26:14.980000,false,chain-metadata
osmosis,factory/osmo1q77cw0mmlluxu0wr29fcdd0tdnh78gzhkvhe4n6ulal9qvrtu43qtd0nh8/narnia,NARNIA,NARNIA,factory/osmo1q77cw0mmlluxu0wr29fcdd0tdnh78gzhkvhe4n6ulal9qvrtu43qtd0nh8/narnia,6,,osmosis,factory/osmo1q77cw0mmlluxu0wr29fcdd0tdnh78gzhkvhe4n6ulal9qvrtu43qtd0nh8/narnia,native,2024-07-23T14:47:57.670Z,2024-05-08T02:25:28.368000,false,chain-metadata
osmosis,factory/osmo1q77cw0mmlluxu0wr29fcdd0tdnh78gzhkvhe4n6ulal9qvrtu43qtd0nh8/moan,Moanalisa,MOAN,factory/osmo1q77cw0mmlluxu0wr29fcdd0tdnh78gzhkvhe4n6ulal9qvrtu43qtd0nh8/moan,6,,osmosis,factory/osmo1q77cw0mmlluxu0wr29fcdd0tdnh78gzhkvhe4n6ulal9qvrtu43qtd0nh8/moan,native,2024-07-23T14:47:57.670Z,2024-05-09T11:56:34.463000,false,chain-metadata
osmosis,factory/osmo1q77cw0mmlluxu0wr29fcdd0tdnh78gzhkvhe4n6ulal9qvrtu43qtd0nh8/maxi,CosmosMaxi,MAXI,factory/osmo1q77cw0mmlluxu0wr29fcdd0tdnh78gzhkvhe4n6ulal9qvrtu43qtd0nh8/maxi,6,,osmosis,factory/osmo1q77cw0mmlluxu0wr29fcdd0tdnh78gzhkvhe4n6ulal9qvrtu43qtd0nh8/maxi,native,2024-07-23T14:47:57.670Z,2024-05-03T02:26:18.656000,false,chain-metadata
osmosis,factory/osmo1q77cw0mmlluxu0wr29fcdd0tdnh78gzhkvhe4n6ulal9qvrtu43qtd0nh8/murica,HODLmyBEER,MURICA,factory/osmo1q77cw0mmlluxu0wr29fcdd0tdnh78gzhkvhe4n6ulal9qvrtu43qtd0nh8/murica,6,,osmosis,factory/osmo1q77cw0mmlluxu0wr29fcdd0tdnh78gzhkvhe4n6ulal9qvrtu43qtd0nh8/murica,native,2024-07-23T14:47:57.670Z,2024-05-23T02:25:42.080000,false,chain-metadata
osmosis,factory/osmo1q77cw0mmlluxu0wr29fcdd0tdnh78gzhkvhe4n6ulal9qvrtu43qtd0nh8/mch,Muchi,MCH,factory/osmo1q77cw0mmlluxu0wr29fcdd0tdnh78gzhkvhe4n6ulal9qvrtu43qtd0nh8/mch,6,,osmosis,factory/osmo1q77cw0mmlluxu0wr29fcdd0tdnh78gzhkvhe4n6ulal9qvrtu43qtd0nh8/mch,native,2024-07-23T14:47:57.670Z,2024-05-21T20:09:47.122000,false,chain-metadata
osmosis,factory/osmo1q77cw0mmlluxu0wr29fcdd0tdnh78gzhkvhe4n6ulal9qvrtu43qtd0nh8/mtg,Mortgage,MTG,factory/osmo1q77cw0mmlluxu0wr29fcdd0tdnh78gzhkvhe4n6ulal9qvrtu43qtd0nh8/mtg,6,,osmosis,factory/osmo1q77cw0mmlluxu0wr29fcdd0tdnh78gzhkvhe4n6ulal9qvrtu43qtd0nh8/mtg,native,2024-07-23T14:47:57.670Z,2024-05-14T02:26:14.980000,false,chain-metadata
osmosis,factory/osmo1q77cw0mmlluxu0wr29fcdd0tdnh78gzhkvhe4n6ulal9qvrtu43qtd0nh8/mwo,Magic World,MWo,factory/osmo1q77cw0mmlluxu0wr29fcdd0tdnh78gzhkvhe4n6ulal9qvrtu43qtd0nh8/mwo,6,,osmosis,factory/osmo1q77cw0mmlluxu0wr29fcdd0tdnh78gzhkvhe4n6ulal9qvrtu43qtd0nh8/mwo,native,2024-07-23T14:47:57.670Z,2024-05-06T22:01:07.476000,false,chain-metadata
osmosis,factory/osmo1q77cw0mmlluxu0wr29fcdd0tdnh78gzhkvhe4n6ulal9qvrtu43qtd0nh8/mthr,Mother,MTHR,factory/osmo1q77cw0mmlluxu0wr29fcdd0tdnh78gzhkvhe4n6ulal9qvrtu43qtd0nh8/mthr,6,,osmosis,factory/osmo1q77cw0mmlluxu0wr29fcdd0tdnh78gzhkvhe4n6ulal9qvrtu43qtd0nh8/mthr,native,2024-07-23T14:47:57.670Z,2024-05-30T11:43:30.156000,false,chain-metadata
osmosis,factory/osmo1q77cw0mmlluxu0wr29fcdd0tdnh78gzhkvhe4n6ulal9qvrtu43qtd0nh8/michison,MichiSon,MichiSon,factory/osmo1q77cw0mmlluxu0wr29fcdd0tdnh78gzhkvhe4n6ulal9qvrtu43qtd0nh8/michison,6,,osmosis,factory/osmo1q77cw0mmlluxu0wr29fcdd0tdnh78gzhkvhe4n6ulal9qvrtu43qtd0nh8/michison,native,2024-07-23T14:47:57.670Z,2024-06-29T08:18:32.462000,false,chain-metadata
osmosis,factory/osmo1q77cw0mmlluxu0wr29fcdd0tdnh78gzhkvhe4n6ulal9qvrtu43qtd0nh8/mutt,MOST UTTERLY USELESS TRADING TOKEN,MUTT,factory/osmo1q77cw0mmlluxu0wr29fcdd0tdnh78gzhkvhe4n6ulal9qvrtu43qtd0nh8/mutt,6,,osmosis,factory/osmo1q77cw0mmlluxu0wr29fcdd0tdnh78gzhkvhe4n6ulal9qvrtu43qtd0nh8/mutt,native,2024-07-23T14:47:57.670Z,2024-05-07T02:25:33.661000,false,chain-metadata
osmosis,factory/osmo1q77cw0mmlluxu0wr29fcdd0tdnh78gzhkvhe4n6ulal9qvrtu43qtd0nh8/mve,MarVinElle,MVE,factory/osmo1q77cw0mmlluxu0wr29fcdd0tdnh78gzhkvhe4n6ulal9qvrtu43qtd0nh8/mve,6,,osmosis,factory/osmo1q77cw0mmlluxu0wr29fcdd0tdnh78gzhkvhe4n6ulal9qvrtu43qtd0nh8/mve,native,2024-07-23T14:47:57.670Z,2024-05-03T09:42:43.953000,false,chain-metadata
osmosis,factory/osmo1q77cw0mmlluxu0wr29fcdd0tdnh78gzhkvhe4n6ulal9qvrtu43qtd0nh8/mdj,MDJ,MDJ,factory/osmo1q77cw0mmlluxu0wr29fcdd0tdnh78gzhkvhe4n6ulal9qvrtu43qtd0nh8/mdj,6,,osmosis,factory/osmo1q77cw0mmlluxu0wr29fcdd0tdnh78gzhkvhe4n6ulal9qvrtu43qtd0nh8/mdj,native,2024-07-23T14:47:57.670Z,2024-05-01T15:22:03.132000,false,chain-metadata
osmosis,factory/osmo1q77cw0mmlluxu0wr29fcdd0tdnh78gzhkvhe4n6ulal9qvrtu43qtd0nh8/mewn,mewn,mewn,factory/osmo1q77cw0mmlluxu0wr29fcdd0tdnh78gzhkvhe4n6ulal9qvrtu43qtd0nh8/mewn,6,,osmosis,factory/osmo1q77cw0mmlluxu0wr29fcdd0tdnh78gzhkvhe4n6ulal9qvrtu43qtd0nh8/mewn,native,2024-07-23T14:47:57.670Z,2024-05-08T11:41:02.910000,false,chain-metadata
osmosis,factory/osmo1q77cw0mmlluxu0wr29fcdd0tdnh78gzhkvhe4n6ulal9qvrtu43qtd0nh8/maybe,maybe,maybe,factory/osmo1q77cw0mmlluxu0wr29fcdd0tdnh78gzhkvhe4n6ulal9qvrtu43qtd0nh8/maybe,6,,osmosis,factory/osmo1q77cw0mmlluxu0wr29fcdd0tdnh78gzhkvhe4n6ulal9qvrtu43qtd0nh8/maybe,native,2024-07-23T14:47:57.670Z,2024-05-13T16:55:53.115000,false,chain-metadata
osmosis,factory/osmo1q77cw0mmlluxu0wr29fcdd0tdnh78gzhkvhe4n6ulal9qvrtu43qtd0nh8/nap,NAPOLI,NAP,factory/osmo1q77cw0mmlluxu0wr29fcdd0tdnh78gzhkvhe4n6ulal9qvrtu43qtd0nh8/nap,6,,osmosis,factory/osmo1q77cw0mmlluxu0wr29fcdd0tdnh78gzhkvhe4n6ulal9qvrtu43qtd0nh8/nap,native,2024-07-23T14:47:57.670Z,2024-05-04T18:14:39.209000,false,chain-metadata
osmosis,factory/osmo1q77cw0mmlluxu0wr29fcdd0tdnh78gzhkvhe4n6ulal9qvrtu43qtd0nh8/mind,Mastermind,MIND,factory/osmo1q77cw0mmlluxu0wr29fcdd0tdnh78gzhkvhe4n6ulal9qvrtu43qtd0nh8/mind,6,,osmosis,factory/osmo1q77cw0mmlluxu0wr29fcdd0tdnh78gzhkvhe4n6ulal9qvrtu43qtd0nh8/mind,native,2024-07-23T14:47:57.670Z,2024-05-04T09:11:53.938000,false,chain-metadata
osmosis,factory/osmo1q77cw0mmlluxu0wr29fcdd0tdnh78gzhkvhe4n6ulal9qvrtu43qtd0nh8/osmopepe,OSMOSIS PEPE,OSMOPEPE,factory/osmo1q77cw0mmlluxu0wr29fcdd0tdnh78gzhkvhe4n6ulal9qvrtu43qtd0nh8/osmopepe,6,,osmosis,factory/osmo1q77cw0mmlluxu0wr29fcdd0tdnh78gzhkvhe4n6ulal9qvrtu43qtd0nh8/osmopepe,native,2024-07-23T14:47:57.671Z,2024-05-03T04:58:12.461000,false,chain-metadata
osmosis,factory/osmo1q77cw0mmlluxu0wr29fcdd0tdnh78gzhkvhe4n6ulal9qvrtu43qtd0nh8/neil,Neil-deGrasse-Tysonic,NEIL,factory/osmo1q77cw0mmlluxu0wr29fcdd0tdnh78gzhkvhe4n6ulal9qvrtu43qtd0nh8/neil,6,,osmosis,factory/osmo1q77cw0mmlluxu0wr29fcdd0tdnh78gzhkvhe4n6ulal9qvrtu43qtd0nh8/neil,native,2024-07-23T14:47:57.671Z,2024-05-02T20:56:42.738000,false,chain-metadata
osmosis,factory/osmo1q77cw0mmlluxu0wr29fcdd0tdnh78gzhkvhe4n6ulal9qvrtu43qtd0nh8/nicetoad,Nice Toads,niceToad,factory/osmo1q77cw0mmlluxu0wr29fcdd0tdnh78gzhkvhe4n6ulal9qvrtu43qtd0nh8/nicetoad,6,,osmosis,factory/osmo1q77cw0mmlluxu0wr29fcdd0tdnh78gzhkvhe4n6ulal9qvrtu43qtd0nh8/nicetoad,native,2024-07-23T14:47:57.671Z,2024-05-06T22:01:07.476000,false,chain-metadata
osmosis,factory/osmo1q77cw0mmlluxu0wr29fcdd0tdnh78gzhkvhe4n6ulal9qvrtu43qtd0nh8/ohmomma,Bravo Coin,OHMOMMA,factory/osmo1q77cw0mmlluxu0wr29fcdd0tdnh78gzhkvhe4n6ulal9qvrtu43qtd0nh8/ohmomma,6,,osmosis,factory/osmo1q77cw0mmlluxu0wr29fcdd0tdnh78gzhkvhe4n6ulal9qvrtu43qtd0nh8/ohmomma,native,2024-07-23T14:47:57.671Z,2024-05-29T17:48:45.256000,false,chain-metadata
osmosis,factory/osmo1q77cw0mmlluxu0wr29fcdd0tdnh78gzhkvhe4n6ulal9qvrtu43qtd0nh8/notdoge,DogeCoin't,NOTDOGE,factory/osmo1q77cw0mmlluxu0wr29fcdd0tdnh78gzhkvhe4n6ulal9qvrtu43qtd0nh8/notdoge,6,,osmosis,factory/osmo1q77cw0mmlluxu0wr29fcdd0tdnh78gzhkvhe4n6ulal9qvrtu43qtd0nh8/notdoge,native,2024-07-23T14:47:57.671Z,2024-05-13T16:55:53.116000,false,chain-metadata
osmosis,factory/osmo1q77cw0mmlluxu0wr29fcdd0tdnh78gzhkvhe4n6ulal9qvrtu43qtd0nh8/onaut,Osmonauts,Onaut,factory/osmo1q77cw0mmlluxu0wr29fcdd0tdnh78gzhkvhe4n6ulal9qvrtu43qtd0nh8/onaut,6,,osmosis,factory/osmo1q77cw0mmlluxu0wr29fcdd0tdnh78gzhkvhe4n6ulal9qvrtu43qtd0nh8/onaut,native,2024-07-23T14:47:57.671Z,2024-05-08T02:25:28.368000,false,chain-metadata
osmosis,factory/osmo1q77cw0mmlluxu0wr29fcdd0tdnh78gzhkvhe4n6ulal9qvrtu43qtd0nh8/nbl,CosmoNibblesKlubToken,NBL,factory/osmo1q77cw0mmlluxu0wr29fcdd0tdnh78gzhkvhe4n6ulal9qvrtu43qtd0nh8/nbl,6,,osmosis,factory/osmo1q77cw0mmlluxu0wr29fcdd0tdnh78gzhkvhe4n6ulal9qvrtu43qtd0nh8/nbl,native,2024-07-23T14:47:57.671Z,2024-05-08T15:35:16.260000,false,chain-metadata
osmosis,factory/osmo1q77cw0mmlluxu0wr29fcdd0tdnh78gzhkvhe4n6ulal9qvrtu43qtd0nh8/newt,NEWT,NEWT,factory/osmo1q77cw0mmlluxu0wr29fcdd0tdnh78gzhkvhe4n6ulal9qvrtu43qtd0nh8/newt,6,,osmosis,factory/osmo1q77cw0mmlluxu0wr29fcdd0tdnh78gzhkvhe4n6ulal9qvrtu43qtd0nh8/newt,native,2024-07-23T14:47:57.671Z,2024-05-11T10:20:55.186000,false,chain-metadata
osmosis,factory/osmo1q77cw0mmlluxu0wr29fcdd0tdnh78gzhkvhe4n6ulal9qvrtu43qtd0nh8/oreo,Oreo,OREO,factory/osmo1q77cw0mmlluxu0wr29fcdd0tdnh78gzhkvhe4n6ulal9qvrtu43qtd0nh8/oreo,6,,osmosis,factory/osmo1q77cw0mmlluxu0wr29fcdd0tdnh78gzhkvhe4n6ulal9qvrtu43qtd0nh8/oreo,native,2024-07-23T14:47:57.671Z,2024-05-03T04:58:12.461000,false,chain-metadata
osmosis,factory/osmo1q77cw0mmlluxu0wr29fcdd0tdnh78gzhkvhe4n6ulal9qvrtu43qtd0nh8/osmomeme,OSMOMEME,OSMOmeme,factory/osmo1q77cw0mmlluxu0wr29fcdd0tdnh78gzhkvhe4n6ulal9qvrtu43qtd0nh8/osmomeme,6,,osmosis,factory/osmo1q77cw0mmlluxu0wr29fcdd0tdnh78gzhkvhe4n6ulal9qvrtu43qtd0nh8/osmomeme,native,2024-07-23T14:47:57.671Z,2024-05-03T02:26:18.657000,false,chain-metadata
osmosis,factory/osmo1q77cw0mmlluxu0wr29fcdd0tdnh78gzhkvhe4n6ulal9qvrtu43qtd0nh8/obct,Glizzy,OBCT,factory/osmo1q77cw0mmlluxu0wr29fcdd0tdnh78gzhkvhe4n6ulal9qvrtu43qtd0nh8/obct,6,,osmosis,factory/osmo1q77cw0mmlluxu0wr29fcdd0tdnh78gzhkvhe4n6ulal9qvrtu43qtd0nh8/obct,native,2024-07-23T14:47:57.671Z,2024-05-02T18:49:29.822000,false,chain-metadata
osmosis,factory/osmo1q77cw0mmlluxu0wr29fcdd0tdnh78gzhkvhe4n6ulal9qvrtu43qtd0nh8/olv,Little Angel Lovely,OLV,factory/osmo1q77cw0mmlluxu0wr29fcdd0tdnh78gzhkvhe4n6ulal9qvrtu43qtd0nh8/olv,6,,osmosis,factory/osmo1q77cw0mmlluxu0wr29fcdd0tdnh78gzhkvhe4n6ulal9qvrtu43qtd0nh8/olv,native,2024-07-23T14:47:57.671Z,2024-07-22T02:25:26.804000,false,chain-metadata
osmosis,factory/osmo1q77cw0mmlluxu0wr29fcdd0tdnh78gzhkvhe4n6ulal9qvrtu43qtd0nh8/osmon,OSMONCOIN,OSMON,factory/osmo1q77cw0mmlluxu0wr29fcdd0tdnh78gzhkvhe4n6ulal9qvrtu43qtd0nh8/osmon,6,,osmosis,factory/osmo1q77cw0mmlluxu0wr29fcdd0tdnh78gzhkvhe4n6ulal9qvrtu43qtd0nh8/osmon,native,2024-07-23T14:47:57.671Z,2024-05-17T13:41:03.317000,false,chain-metadata
osmosis,factory/osmo1q77cw0mmlluxu0wr29fcdd0tdnh78gzhkvhe4n6ulal9qvrtu43qtd0nh8/not,Nothing Coin,NOT,factory/osmo1q77cw0mmlluxu0wr29fcdd0tdnh78gzhkvhe4n6ulal9qvrtu43qtd0nh8/not,6,,osmosis,factory/osmo1q77cw0mmlluxu0wr29fcdd0tdnh78gzhkvhe4n6ulal9qvrtu43qtd0nh8/not,native,2024-07-23T14:47:57.671Z,2024-05-06T22:01:07.476000,false,chain-metadata
osmosis,factory/osmo1q77cw0mmlluxu0wr29fcdd0tdnh78gzhkvhe4n6ulal9qvrtu43qtd0nh8/orb,Orboros,ORB,factory/osmo1q77cw0mmlluxu0wr29fcdd0tdnh78gzhkvhe4n6ulal9qvrtu43qtd0nh8/orb,6,,osmosis,factory/osmo1q77cw0mmlluxu0wr29fcdd0tdnh78gzhkvhe4n6ulal9qvrtu43qtd0nh8/orb,native,2024-07-23T14:47:57.671Z,2024-05-02T20:56:42.738000,false,chain-metadata
osmosis,factory/osmo1q77cw0mmlluxu0wr29fcdd0tdnh78gzhkvhe4n6ulal9qvrtu43qtd0nh8/ocat,Osmo Cat,OCAT,factory/osmo1q77cw0mmlluxu0wr29fcdd0tdnh78gzhkvhe4n6ulal9qvrtu43qtd0nh8/ocat,6,,osmosis,factory/osmo1q77cw0mmlluxu0wr29fcdd0tdnh78gzhkvhe4n6ulal9qvrtu43qtd0nh8/ocat,native,2024-07-23T14:47:57.671Z,2024-05-10T23:09:07.593000,false,chain-metadata
osmosis,factory/osmo1q77cw0mmlluxu0wr29fcdd0tdnh78gzhkvhe4n6ulal9qvrtu43qtd0nh8/orx,ORIAX,ORX,factory/osmo1q77cw0mmlluxu0wr29fcdd0tdnh78gzhkvhe4n6ulal9qvrtu43qtd0nh8/orx,6,,osmosis,factory/osmo1q77cw0mmlluxu0wr29fcdd0tdnh78gzhkvhe4n6ulal9qvrtu43qtd0nh8/orx,native,2024-07-23T14:47:57.671Z,2024-05-06T22:01:07.476000,false,chain-metadata
osmosis,factory/osmo1q77cw0mmlluxu0wr29fcdd0tdnh78gzhkvhe4n6ulal9qvrtu43qtd0nh8/nkc,NukaCola,NKC,factory/osmo1q77cw0mmlluxu0wr29fcdd0tdnh78gzhkvhe4n6ulal9qvrtu43qtd0nh8/nkc,6,,osmosis,factory/osmo1q77cw0mmlluxu0wr29fcdd0tdnh78gzhkvhe4n6ulal9qvrtu43qtd0nh8/nkc,native,2024-07-23T14:47:57.671Z,2024-05-12T18:10:59.911000,false,chain-metadata
osmosis,factory/osmo1q77cw0mmlluxu0wr29fcdd0tdnh78gzhkvhe4n6ulal9qvrtu43qtd0nh8/ope,OnePiece,OPe,factory/osmo1q77cw0mmlluxu0wr29fcdd0tdnh78gzhkvhe4n6ulal9qvrtu43qtd0nh8/ope,6,,osmosis,factory/osmo1q77cw0mmlluxu0wr29fcdd0tdnh78gzhkvhe4n6ulal9qvrtu43qtd0nh8/ope,native,2024-07-23T14:47:57.671Z,2024-05-11T10:20:55.186000,false,chain-metadata
osmosis,factory/osmo1q77cw0mmlluxu0wr29fcdd0tdnh78gzhkvhe4n6ulal9qvrtu43qtd0nh8/opepe,Osmo pepe,OPepe,factory/osmo1q77cw0mmlluxu0wr29fcdd0tdnh78gzhkvhe4n6ulal9qvrtu43qtd0nh8/opepe,6,,osmosis,factory/osmo1q77cw0mmlluxu0wr29fcdd0tdnh78gzhkvhe4n6ulal9qvrtu43qtd0nh8/opepe,native,2024-07-23T14:47:57.671Z,2024-06-17T12:04:31.191000,false,chain-metadata
osmosis,factory/osmo1q77cw0mmlluxu0wr29fcdd0tdnh78gzhkvhe4n6ulal9qvrtu43qtd0nh8/noo, Noob Cooker,NOO,factory/osmo1q77cw0mmlluxu0wr29fcdd0tdnh78gzhkvhe4n6ulal9qvrtu43qtd0nh8/noo,6,,osmosis,factory/osmo1q77cw0mmlluxu0wr29fcdd0tdnh78gzhkvhe4n6ulal9qvrtu43qtd0nh8/noo,native,2024-07-23T14:47:57.671Z,2024-05-06T22:01:07.476000,false,chain-metadata
osmosis,factory/osmo1q77cw0mmlluxu0wr29fcdd0tdnh78gzhkvhe4n6ulal9qvrtu43qtd0nh8/nokia,Nokia,NOKIA,factory/osmo1q77cw0mmlluxu0wr29fcdd0tdnh78gzhkvhe4n6ulal9qvrtu43qtd0nh8/nokia,6,,osmosis,factory/osmo1q77cw0mmlluxu0wr29fcdd0tdnh78gzhkvhe4n6ulal9qvrtu43qtd0nh8/nokia,native,2024-07-23T14:47:57.671Z,2024-05-14T14:15:12.504000,false,chain-metadata
osmosis,factory/osmo1q77cw0mmlluxu0wr29fcdd0tdnh78gzhkvhe4n6ulal9qvrtu43qtd0nh8/notnot,NOTNOTCOIN,NOTNOT,factory/osmo1q77cw0mmlluxu0wr29fcdd0tdnh78gzhkvhe4n6ulal9qvrtu43qtd0nh8/notnot,6,,osmosis,factory/osmo1q77cw0mmlluxu0wr29fcdd0tdnh78gzhkvhe4n6ulal9qvrtu43qtd0nh8/notnot,native,2024-07-23T14:47:57.671Z,2024-05-03T02:26:18.657000,false,chain-metadata
osmosis,factory/osmo1q77cw0mmlluxu0wr29fcdd0tdnh78gzhkvhe4n6ulal9qvrtu43qtd0nh8/nika,NIKA,NIKA,factory/osmo1q77cw0mmlluxu0wr29fcdd0tdnh78gzhkvhe4n6ulal9qvrtu43qtd0nh8/nika,6,,osmosis,factory/osmo1q77cw0mmlluxu0wr29fcdd0tdnh78gzhkvhe4n6ulal9qvrtu43qtd0nh8/nika,native,2024-07-23T14:47:57.671Z,2024-05-11T19:15:43.239000,false,chain-metadata
osmosis,factory/osmo1q77cw0mmlluxu0wr29fcdd0tdnh78gzhkvhe4n6ulal9qvrtu43qtd0nh8/obi,OBSIDIAN,OBI,factory/osmo1q77cw0mmlluxu0wr29fcdd0tdnh78gzhkvhe4n6ulal9qvrtu43qtd0nh8/obi,6,,osmosis,factory/osmo1q77cw0mmlluxu0wr29fcdd0tdnh78gzhkvhe4n6ulal9qvrtu43qtd0nh8/obi,native,2024-07-23T14:47:57.671Z,2024-05-06T22:01:07.476000,false,chain-metadata
osmosis,factory/osmo1q77cw0mmlluxu0wr29fcdd0tdnh78gzhkvhe4n6ulal9qvrtu43qtd0nh8/nut,Nutz,NUT,factory/osmo1q77cw0mmlluxu0wr29fcdd0tdnh78gzhkvhe4n6ulal9qvrtu43qtd0nh8/nut,6,,osmosis,factory/osmo1q77cw0mmlluxu0wr29fcdd0tdnh78gzhkvhe4n6ulal9qvrtu43qtd0nh8/nut,native,2024-07-23T14:47:57.671Z,2024-05-04T14:34:18.908000,false,chain-metadata
osmosis,factory/osmo1q77cw0mmlluxu0wr29fcdd0tdnh78gzhkvhe4n6ulal9qvrtu43qtd0nh8/neet,NEETpepe,NEET,factory/osmo1q77cw0mmlluxu0wr29fcdd0tdnh78gzhkvhe4n6ulal9qvrtu43qtd0nh8/neet,6,,osmosis,factory/osmo1q77cw0mmlluxu0wr29fcdd0tdnh78gzhkvhe4n6ulal9qvrtu43qtd0nh8/neet,native,2024-07-23T14:47:57.671Z,2024-05-03T02:26:18.657000,false,chain-metadata
osmosis,factory/osmo1q77cw0mmlluxu0wr29fcdd0tdnh78gzhkvhe4n6ulal9qvrtu43qtd0nh8/osmowif,Osmowifhat,OSMOWIF,factory/osmo1q77cw0mmlluxu0wr29fcdd0tdnh78gzhkvhe4n6ulal9qvrtu43qtd0nh8/osmowif,6,,osmosis,factory/osmo1q77cw0mmlluxu0wr29fcdd0tdnh78gzhkvhe4n6ulal9qvrtu43qtd0nh8/osmowif,native,2024-07-23T14:47:57.671Z,2024-05-06T22:01:07.476000,false,chain-metadata
osmosis,factory/osmo1q77cw0mmlluxu0wr29fcdd0tdnh78gzhkvhe4n6ulal9qvrtu43qtd0nh8/okd,OkiDoki,OKD,factory/osmo1q77cw0mmlluxu0wr29fcdd0tdnh78gzhkvhe4n6ulal9qvrtu43qtd0nh8/okd,6,,osmosis,factory/osmo1q77cw0mmlluxu0wr29fcdd0tdnh78gzhkvhe4n6ulal9qvrtu43qtd0nh8/okd,native,2024-07-23T14:47:57.671Z,2024-05-03T02:26:18.657000,false,chain-metadata
osmosis,factory/osmo1q77cw0mmlluxu0wr29fcdd0tdnh78gzhkvhe4n6ulal9qvrtu43qtd0nh8/omc,Omni Man Cat,OMC,factory/osmo1q77cw0mmlluxu0wr29fcdd0tdnh78gzhkvhe4n6ulal9qvrtu43qtd0nh8/omc,6,,osmosis,factory/osmo1q77cw0mmlluxu0wr29fcdd0tdnh78gzhkvhe4n6ulal9qvrtu43qtd0nh8/omc,native,2024-07-23T14:47:57.671Z,2024-05-23T11:05:49.012000,false,chain-metadata
osmosis,factory/osmo1q77cw0mmlluxu0wr29fcdd0tdnh78gzhkvhe4n6ulal9qvrtu43qtd0nh8/omni,Omnimon,OMNI,factory/osmo1q77cw0mmlluxu0wr29fcdd0tdnh78gzhkvhe4n6ulal9qvrtu43qtd0nh8/omni,6,,osmosis,factory/osmo1q77cw0mmlluxu0wr29fcdd0tdnh78gzhkvhe4n6ulal9qvrtu43qtd0nh8/omni,native,2024-07-23T14:47:57.671Z,2024-05-09T11:56:34.463000,false,chain-metadata
osmosis,factory/osmo1q77cw0mmlluxu0wr29fcdd0tdnh78gzhkvhe4n6ulal9qvrtu43qtd0nh8/oottm,MoonDream,OOTTM,factory/osmo1q77cw0mmlluxu0wr29fcdd0tdnh78gzhkvhe4n6ulal9qvrtu43qtd0nh8/oottm,6,,osmosis,factory/osmo1q77cw0mmlluxu0wr29fcdd0tdnh78gzhkvhe4n6ulal9qvrtu43qtd0nh8/oottm,native,2024-07-23T14:47:57.671Z,2024-05-12T18:10:59.911000,false,chain-metadata
osmosis,factory/osmo1q77cw0mmlluxu0wr29fcdd0tdnh78gzhkvhe4n6ulal9qvrtu43qtd0nh8/obtc,BTC,oBTC,factory/osmo1q77cw0mmlluxu0wr29fcdd0tdnh78gzhkvhe4n6ulal9qvrtu43qtd0nh8/obtc,6,,osmosis,factory/osmo1q77cw0mmlluxu0wr29fcdd0tdnh78gzhkvhe4n6ulal9qvrtu43qtd0nh8/obtc,native,2024-07-23T14:47:57.671Z,2024-05-21T20:09:47.122000,false,chain-metadata
osmosis,factory/osmo1q77cw0mmlluxu0wr29fcdd0tdnh78gzhkvhe4n6ulal9qvrtu43qtd0nh8/obma,Obamna,OBMA,factory/osmo1q77cw0mmlluxu0wr29fcdd0tdnh78gzhkvhe4n6ulal9qvrtu43qtd0nh8/obma,6,,osmosis,factory/osmo1q77cw0mmlluxu0wr29fcdd0tdnh78gzhkvhe4n6ulal9qvrtu43qtd0nh8/obma,native,2024-07-23T14:47:57.671Z,2024-05-02T20:56:42.738000,false,chain-metadata
osmosis,factory/osmo1q77cw0mmlluxu0wr29fcdd0tdnh78gzhkvhe4n6ulal9qvrtu43qtd0nh8/ophir,OPHIR,OPHIR,factory/osmo1q77cw0mmlluxu0wr29fcdd0tdnh78gzhkvhe4n6ulal9qvrtu43qtd0nh8/ophir,6,,osmosis,factory/osmo1q77cw0mmlluxu0wr29fcdd0tdnh78gzhkvhe4n6ulal9qvrtu43qtd0nh8/ophir,native,2024-07-23T14:47:57.671Z,2024-05-03T02:26:18.657000,false,chain-metadata
osmosis,factory/osmo1q77cw0mmlluxu0wr29fcdd0tdnh78gzhkvhe4n6ulal9qvrtu43qtd0nh8/nfa,NFADOTZONE,NFA,factory/osmo1q77cw0mmlluxu0wr29fcdd0tdnh78gzhkvhe4n6ulal9qvrtu43qtd0nh8/nfa,6,,osmosis,factory/osmo1q77cw0mmlluxu0wr29fcdd0tdnh78gzhkvhe4n6ulal9qvrtu43qtd0nh8/nfa,native,2024-07-23T14:47:57.671Z,2024-05-06T22:01:07.476000,false,chain-metadata
osmosis,factory/osmo1q77cw0mmlluxu0wr29fcdd0tdnh78gzhkvhe4n6ulal9qvrtu43qtd0nh8/onbrd,$OnBrd,OnBrd,factory/osmo1q77cw0mmlluxu0wr29fcdd0tdnh78gzhkvhe4n6ulal9qvrtu43qtd0nh8/onbrd,6,,osmosis,factory/osmo1q77cw0mmlluxu0wr29fcdd0tdnh78gzhkvhe4n6ulal9qvrtu43qtd0nh8/onbrd,native,2024-07-23T14:47:57.671Z,2024-05-20T18:53:58.537000,false,chain-metadata
osmosis,factory/osmo1q77cw0mmlluxu0wr29fcdd0tdnh78gzhkvhe4n6ulal9qvrtu43qtd0nh8/paris,LinkParis.com,PARIS,factory/osmo1q77cw0mmlluxu0wr29fcdd0tdnh78gzhkvhe4n6ulal9qvrtu43qtd0nh8/paris,6,,osmosis,factory/osmo1q77cw0mmlluxu0wr29fcdd0tdnh78gzhkvhe4n6ulal9qvrtu43qtd0nh8/paris,native,2024-07-23T14:47:57.672Z,2024-05-06T22:01:07.476000,false,chain-metadata
osmosis,factory/osmo1q77cw0mmlluxu0wr29fcdd0tdnh78gzhkvhe4n6ulal9qvrtu43qtd0nh8/palestine,Palestine,Palestine,factory/osmo1q77cw0mmlluxu0wr29fcdd0tdnh78gzhkvhe4n6ulal9qvrtu43qtd0nh8/palestine,6,,osmosis,factory/osmo1q77cw0mmlluxu0wr29fcdd0tdnh78gzhkvhe4n6ulal9qvrtu43qtd0nh8/palestine,native,2024-07-23T14:47:57.672Z,2024-05-29T17:48:45.256000,false,chain-metadata
osmosis,factory/osmo1q77cw0mmlluxu0wr29fcdd0tdnh78gzhkvhe4n6ulal9qvrtu43qtd0nh8/ottr,OtterCoin,OTTR,factory/osmo1q77cw0mmlluxu0wr29fcdd0tdnh78gzhkvhe4n6ulal9qvrtu43qtd0nh8/ottr,6,,osmosis,factory/osmo1q77cw0mmlluxu0wr29fcdd0tdnh78gzhkvhe4n6ulal9qvrtu43qtd0nh8/ottr,native,2024-07-23T14:47:57.672Z,2024-05-23T11:05:49.012000,false,chain-metadata
osmosis,factory/osmo1q77cw0mmlluxu0wr29fcdd0tdnh78gzhkvhe4n6ulal9qvrtu43qtd0nh8/pmzn,POMAZANIE,PMZN,factory/osmo1q77cw0mmlluxu0wr29fcdd0tdnh78gzhkvhe4n6ulal9qvrtu43qtd0nh8/pmzn,6,,osmosis,factory/osmo1q77cw0mmlluxu0wr29fcdd0tdnh78gzhkvhe4n6ulal9qvrtu43qtd0nh8/pmzn,native,2024-07-23T14:47:57.672Z,2024-05-08T11:41:02.911000,false,chain-metadata
osmosis,factory/osmo1q77cw0mmlluxu0wr29fcdd0tdnh78gzhkvhe4n6ulal9qvrtu43qtd0nh8/pepe2,PEPE2,PEPE2,factory/osmo1q77cw0mmlluxu0wr29fcdd0tdnh78gzhkvhe4n6ulal9qvrtu43qtd0nh8/pepe2,6,,osmosis,factory/osmo1q77cw0mmlluxu0wr29fcdd0tdnh78gzhkvhe4n6ulal9qvrtu43qtd0nh8/pepe2,native,2024-07-23T14:47:57.672Z,2024-05-11T10:20:55.186000,false,chain-metadata
osmosis,factory/osmo1q77cw0mmlluxu0wr29fcdd0tdnh78gzhkvhe4n6ulal9qvrtu43qtd0nh8/pdro,Pedro,PDRO,factory/osmo1q77cw0mmlluxu0wr29fcdd0tdnh78gzhkvhe4n6ulal9qvrtu43qtd0nh8/pdro,6,,osmosis,factory/osmo1q77cw0mmlluxu0wr29fcdd0tdnh78gzhkvhe4n6ulal9qvrtu43qtd0nh8/pdro,native,2024-07-23T14:47:57.672Z,2024-06-30T02:25:25.953000,false,chain-metadata
osmosis,factory/osmo1q77cw0mmlluxu0wr29fcdd0tdnh78gzhkvhe4n6ulal9qvrtu43qtd0nh8/pbs,PishnahadeBehtar,PBS,factory/osmo1q77cw0mmlluxu0wr29fcdd0tdnh78gzhkvhe4n6ulal9qvrtu43qtd0nh8/pbs,6,,osmosis,factory/osmo1q77cw0mmlluxu0wr29fcdd0tdnh78gzhkvhe4n6ulal9qvrtu43qtd0nh8/pbs,native,2024-07-23T14:47:57.672Z,2024-07-11T01:34:08.487000,false,chain-metadata
osmosis,factory/osmo1q77cw0mmlluxu0wr29fcdd0tdnh78gzhkvhe4n6ulal9qvrtu43qtd0nh8/pai,PlatoAi,PAI,factory/osmo1q77cw0mmlluxu0wr29fcdd0tdnh78gzhkvhe4n6ulal9qvrtu43qtd0nh8/pai,6,,osmosis,factory/osmo1q77cw0mmlluxu0wr29fcdd0tdnh78gzhkvhe4n6ulal9qvrtu43qtd0nh8/pai,native,2024-07-23T14:47:57.672Z,2024-05-18T21:00:57.045000,false,chain-metadata
osmosis,factory/osmo1q77cw0mmlluxu0wr29fcdd0tdnh78gzhkvhe4n6ulal9qvrtu43qtd0nh8/pog,Pog,POG,factory/osmo1q77cw0mmlluxu0wr29fcdd0tdnh78gzhkvhe4n6ulal9qvrtu43qtd0nh8/pog,6,,osmosis,factory/osmo1q77cw0mmlluxu0wr29fcdd0tdnh78gzhkvhe4n6ulal9qvrtu43qtd0nh8/pog,native,2024-07-23T14:47:57.672Z,2024-05-17T12:52:05.186000,false,chain-metadata
osmosis,factory/osmo1q77cw0mmlluxu0wr29fcdd0tdnh78gzhkvhe4n6ulal9qvrtu43qtd0nh8/pepo,Pepe In Osmosis,PEPO,factory/osmo1q77cw0mmlluxu0wr29fcdd0tdnh78gzhkvhe4n6ulal9qvrtu43qtd0nh8/pepo,6,,osmosis,factory/osmo1q77cw0mmlluxu0wr29fcdd0tdnh78gzhkvhe4n6ulal9qvrtu43qtd0nh8/pepo,native,2024-07-23T14:47:57.672Z,2024-05-06T22:01:07.477000,false,chain-metadata
osmosis,factory/osmo1q77cw0mmlluxu0wr29fcdd0tdnh78gzhkvhe4n6ulal9qvrtu43qtd0nh8/pepeosmo,PepeOsmo,PepeOsmo,factory/osmo1q77cw0mmlluxu0wr29fcdd0tdnh78gzhkvhe4n6ulal9qvrtu43qtd0nh8/pepeosmo,6,,osmosis,factory/osmo1q77cw0mmlluxu0wr29fcdd0tdnh78gzhkvhe4n6ulal9qvrtu43qtd0nh8/pepeosmo,native,2024-07-23T14:47:57.672Z,2024-05-06T22:01:07.477000,false,chain-metadata
osmosis,factory/osmo1q77cw0mmlluxu0wr29fcdd0tdnh78gzhkvhe4n6ulal9qvrtu43qtd0nh8/popcoin,Popcoin,Popcoin,factory/osmo1q77cw0mmlluxu0wr29fcdd0tdnh78gzhkvhe4n6ulal9qvrtu43qtd0nh8/popcoin,6,,osmosis,factory/osmo1q77cw0mmlluxu0wr29fcdd0tdnh78gzhkvhe4n6ulal9qvrtu43qtd0nh8/popcoin,native,2024-07-23T14:47:57.672Z,2024-05-05T05:45:50.177000,false,chain-metadata
osmosis,factory/osmo1q77cw0mmlluxu0wr29fcdd0tdnh78gzhkvhe4n6ulal9qvrtu43qtd0nh8/pepeito,Pepeito,Pepeito,factory/osmo1q77cw0mmlluxu0wr29fcdd0tdnh78gzhkvhe4n6ulal9qvrtu43qtd0nh8/pepeito,6,,osmosis,factory/osmo1q77cw0mmlluxu0wr29fcdd0tdnh78gzhkvhe4n6ulal9qvrtu43qtd0nh8/pepeito,native,2024-07-23T14:47:57.672Z,2024-05-19T06:39:34.532000,false,chain-metadata
osmosis,factory/osmo1q77cw0mmlluxu0wr29fcdd0tdnh78gzhkvhe4n6ulal9qvrtu43qtd0nh8/phmn,Posthuman,PHMN,factory/osmo1q77cw0mmlluxu0wr29fcdd0tdnh78gzhkvhe4n6ulal9qvrtu43qtd0nh8/phmn,6,,osmosis,factory/osmo1q77cw0mmlluxu0wr29fcdd0tdnh78gzhkvhe4n6ulal9qvrtu43qtd0nh8/phmn,native,2024-07-23T14:47:57.672Z,2024-05-03T02:26:18.657000,false,chain-metadata
osmosis,factory/osmo1q77cw0mmlluxu0wr29fcdd0tdnh78gzhkvhe4n6ulal9qvrtu43qtd0nh8/pnz,Ponzi,PNZ,factory/osmo1q77cw0mmlluxu0wr29fcdd0tdnh78gzhkvhe4n6ulal9qvrtu43qtd0nh8/pnz,6,,osmosis,factory/osmo1q77cw0mmlluxu0wr29fcdd0tdnh78gzhkvhe4n6ulal9qvrtu43qtd0nh8/pnz,native,2024-07-23T14:47:57.672Z,2024-05-06T22:01:07.477000,false,chain-metadata
osmosis,factory/osmo1q77cw0mmlluxu0wr29fcdd0tdnh78gzhkvhe4n6ulal9qvrtu43qtd0nh8/pornhub,PORNHUB,PORNHUB,factory/osmo1q77cw0mmlluxu0wr29fcdd0tdnh78gzhkvhe4n6ulal9qvrtu43qtd0nh8/pornhub,6,,osmosis,factory/osmo1q77cw0mmlluxu0wr29fcdd0tdnh78gzhkvhe4n6ulal9qvrtu43qtd0nh8/pornhub,native,2024-07-23T14:47:57.672Z,2024-05-04T18:14:39.210000,false,chain-metadata
osmosis,factory/osmo1q77cw0mmlluxu0wr29fcdd0tdnh78gzhkvhe4n6ulal9qvrtu43qtd0nh8/picklerick,PICKLE RIIIICK!!,PICKLERICK,factory/osmo1q77cw0mmlluxu0wr29fcdd0tdnh78gzhkvhe4n6ulal9qvrtu43qtd0nh8/picklerick,6,,osmosis,factory/osmo1q77cw0mmlluxu0wr29fcdd0tdnh78gzhkvhe4n6ulal9qvrtu43qtd0nh8/picklerick,native,2024-07-23T14:47:57.672Z,2024-05-04T18:14:39.209000,false,chain-metadata
osmosis,factory/osmo1q77cw0mmlluxu0wr29fcdd0tdnh78gzhkvhe4n6ulal9qvrtu43qtd0nh8/panda,SillyPanda,PANDA,factory/osmo1q77cw0mmlluxu0wr29fcdd0tdnh78gzhkvhe4n6ulal9qvrtu43qtd0nh8/panda,6,,osmosis,factory/osmo1q77cw0mmlluxu0wr29fcdd0tdnh78gzhkvhe4n6ulal9qvrtu43qtd0nh8/panda,native,2024-07-23T14:47:57.672Z,2024-05-04T18:14:39.209000,false,chain-metadata
osmosis,factory/osmo1q77cw0mmlluxu0wr29fcdd0tdnh78gzhkvhe4n6ulal9qvrtu43qtd0nh8/pda,Perydusa,PDA,factory/osmo1q77cw0mmlluxu0wr29fcdd0tdnh78gzhkvhe4n6ulal9qvrtu43qtd0nh8/pda,6,,osmosis,factory/osmo1q77cw0mmlluxu0wr29fcdd0tdnh78gzhkvhe4n6ulal9qvrtu43qtd0nh8/pda,native,2024-07-23T14:47:57.672Z,2024-05-03T02:26:18.657000,false,chain-metadata
osmosis,factory/osmo1q77cw0mmlluxu0wr29fcdd0tdnh78gzhkvhe4n6ulal9qvrtu43qtd0nh8/oue,Mouse,OUE,factory/osmo1q77cw0mmlluxu0wr29fcdd0tdnh78gzhkvhe4n6ulal9qvrtu43qtd0nh8/oue,6,,osmosis,factory/osmo1q77cw0mmlluxu0wr29fcdd0tdnh78gzhkvhe4n6ulal9qvrtu43qtd0nh8/oue,native,2024-07-23T14:47:57.672Z,2024-05-03T02:26:18.657000,false,chain-metadata
osmosis,factory/osmo1q77cw0mmlluxu0wr29fcdd0tdnh78gzhkvhe4n6ulal9qvrtu43qtd0nh8/pir,PIRATE,PIR,factory/osmo1q77cw0mmlluxu0wr29fcdd0tdnh78gzhkvhe4n6ulal9qvrtu43qtd0nh8/pir,6,,osmosis,factory/osmo1q77cw0mmlluxu0wr29fcdd0tdnh78gzhkvhe4n6ulal9qvrtu43qtd0nh8/pir,native,2024-07-23T14:47:57.672Z,2024-05-09T02:25:29.190000,false,chain-metadata
osmosis,factory/osmo1q77cw0mmlluxu0wr29fcdd0tdnh78gzhkvhe4n6ulal9qvrtu43qtd0nh8/pfp,POOPFARTPEE,PFP,factory/osmo1q77cw0mmlluxu0wr29fcdd0tdnh78gzhkvhe4n6ulal9qvrtu43qtd0nh8/pfp,6,,osmosis,factory/osmo1q77cw0mmlluxu0wr29fcdd0tdnh78gzhkvhe4n6ulal9qvrtu43qtd0nh8/pfp,native,2024-07-23T14:47:57.672Z,2024-05-10T23:09:07.593000,false,chain-metadata
osmosis,factory/osmo1q77cw0mmlluxu0wr29fcdd0tdnh78gzhkvhe4n6ulal9qvrtu43qtd0nh8/poop,Smilin' Poop,POOP,factory/osmo1q77cw0mmlluxu0wr29fcdd0tdnh78gzhkvhe4n6ulal9qvrtu43qtd0nh8/poop,6,,osmosis,factory/osmo1q77cw0mmlluxu0wr29fcdd0tdnh78gzhkvhe4n6ulal9qvrtu43qtd0nh8/poop,native,2024-07-23T14:47:57.672Z,2024-05-04T18:14:39.209000,false,chain-metadata
osmosis,factory/osmo1q77cw0mmlluxu0wr29fcdd0tdnh78gzhkvhe4n6ulal9qvrtu43qtd0nh8/pac,Pain au chocolat,PAC,factory/osmo1q77cw0mmlluxu0wr29fcdd0tdnh78gzhkvhe4n6ulal9qvrtu43qtd0nh8/pac,6,,osmosis,factory/osmo1q77cw0mmlluxu0wr29fcdd0tdnh78gzhkvhe4n6ulal9qvrtu43qtd0nh8/pac,native,2024-07-23T14:47:57.672Z,2024-05-11T10:20:55.186000,false,chain-metadata
osmosis,factory/osmo1q77cw0mmlluxu0wr29fcdd0tdnh78gzhkvhe4n6ulal9qvrtu43qtd0nh8/pepec,PEPE cooked,PEPEC,factory/osmo1q77cw0mmlluxu0wr29fcdd0tdnh78gzhkvhe4n6ulal9qvrtu43qtd0nh8/pepec,6,,osmosis,factory/osmo1q77cw0mmlluxu0wr29fcdd0tdnh78gzhkvhe4n6ulal9qvrtu43qtd0nh8/pepec,native,2024-07-23T14:47:57.672Z,2024-05-03T02:26:18.657000,false,chain-metadata
osmosis,factory/osmo1q77cw0mmlluxu0wr29fcdd0tdnh78gzhkvhe4n6ulal9qvrtu43qtd0nh8/pedro,Pedro The Raccoon,Pedro,factory/osmo1q77cw0mmlluxu0wr29fcdd0tdnh78gzhkvhe4n6ulal9qvrtu43qtd0nh8/pedro,6,,osmosis,factory/osmo1q77cw0mmlluxu0wr29fcdd0tdnh78gzhkvhe4n6ulal9qvrtu43qtd0nh8/pedro,native,2024-07-23T14:47:57.672Z,2024-05-03T09:42:43.953000,false,chain-metadata
osmosis,factory/osmo1q77cw0mmlluxu0wr29fcdd0tdnh78gzhkvhe4n6ulal9qvrtu43qtd0nh8/pool,Community Pool,POOL,factory/osmo1q77cw0mmlluxu0wr29fcdd0tdnh78gzhkvhe4n6ulal9qvrtu43qtd0nh8/pool,6,,osmosis,factory/osmo1q77cw0mmlluxu0wr29fcdd0tdnh78gzhkvhe4n6ulal9qvrtu43qtd0nh8/pool,native,2024-07-23T14:47:57.672Z,2024-05-15T13:07:26.818000,false,chain-metadata
osmosis,factory/osmo1q77cw0mmlluxu0wr29fcdd0tdnh78gzhkvhe4n6ulal9qvrtu43qtd0nh8/pcat,pussycat,PCAT,factory/osmo1q77cw0mmlluxu0wr29fcdd0tdnh78gzhkvhe4n6ulal9qvrtu43qtd0nh8/pcat,6,,osmosis,factory/osmo1q77cw0mmlluxu0wr29fcdd0tdnh78gzhkvhe4n6ulal9qvrtu43qtd0nh8/pcat,native,2024-07-23T14:47:57.672Z,2024-05-30T11:43:30.156000,false,chain-metadata
osmosis,factory/osmo1q77cw0mmlluxu0wr29fcdd0tdnh78gzhkvhe4n6ulal9qvrtu43qtd0nh8/pills,Magic Pills,PILLS,factory/osmo1q77cw0mmlluxu0wr29fcdd0tdnh78gzhkvhe4n6ulal9qvrtu43qtd0nh8/pills,6,,osmosis,factory/osmo1q77cw0mmlluxu0wr29fcdd0tdnh78gzhkvhe4n6ulal9qvrtu43qtd0nh8/pills,native,2024-07-23T14:47:57.672Z,2024-05-03T02:26:18.657000,false,chain-metadata
osmosis,factory/osmo1q77cw0mmlluxu0wr29fcdd0tdnh78gzhkvhe4n6ulal9qvrtu43qtd0nh8/pip,Pizza Prosto,PiP,factory/osmo1q77cw0mmlluxu0wr29fcdd0tdnh78gzhkvhe4n6ulal9qvrtu43qtd0nh8/pip,6,,osmosis,factory/osmo1q77cw0mmlluxu0wr29fcdd0tdnh78gzhkvhe4n6ulal9qvrtu43qtd0nh8/pip,native,2024-07-23T14:47:57.672Z,2024-05-03T02:26:18.657000,false,chain-metadata
osmosis,factory/osmo1q77cw0mmlluxu0wr29fcdd0tdnh78gzhkvhe4n6ulal9qvrtu43qtd0nh8/pheel,PheelGoodFriday,Pheel,factory/osmo1q77cw0mmlluxu0wr29fcdd0tdnh78gzhkvhe4n6ulal9qvrtu43qtd0nh8/pheel,6,,osmosis,factory/osmo1q77cw0mmlluxu0wr29fcdd0tdnh78gzhkvhe4n6ulal9qvrtu43qtd0nh8/pheel,native,2024-07-23T14:47:57.672Z,2024-05-23T11:05:49.012000,false,chain-metadata
osmosis,factory/osmo1q77cw0mmlluxu0wr29fcdd0tdnh78gzhkvhe4n6ulal9qvrtu43qtd0nh8/pickle,wolf47,pickle,factory/osmo1q77cw0mmlluxu0wr29fcdd0tdnh78gzhkvhe4n6ulal9qvrtu43qtd0nh8/pickle,6,,osmosis,factory/osmo1q77cw0mmlluxu0wr29fcdd0tdnh78gzhkvhe4n6ulal9qvrtu43qtd0nh8/pickle,native,2024-07-23T14:47:57.672Z,2024-05-03T02:26:18.657000,false,chain-metadata
osmosis,factory/osmo1q77cw0mmlluxu0wr29fcdd0tdnh78gzhkvhe4n6ulal9qvrtu43qtd0nh8/pdr,Pedro,PDR,factory/osmo1q77cw0mmlluxu0wr29fcdd0tdnh78gzhkvhe4n6ulal9qvrtu43qtd0nh8/pdr,6,,osmosis,factory/osmo1q77cw0mmlluxu0wr29fcdd0tdnh78gzhkvhe4n6ulal9qvrtu43qtd0nh8/pdr,native,2024-07-23T14:47:57.672Z,2024-05-06T22:01:07.477000,false,chain-metadata
osmosis,factory/osmo1q77cw0mmlluxu0wr29fcdd0tdnh78gzhkvhe4n6ulal9qvrtu43qtd0nh8/pau,Santa Pau,PAU,factory/osmo1q77cw0mmlluxu0wr29fcdd0tdnh78gzhkvhe4n6ulal9qvrtu43qtd0nh8/pau,6,,osmosis,factory/osmo1q77cw0mmlluxu0wr29fcdd0tdnh78gzhkvhe4n6ulal9qvrtu43qtd0nh8/pau,native,2024-07-23T14:47:57.672Z,2024-05-04T14:34:18.908000,false,chain-metadata
osmosis,factory/osmo1q77cw0mmlluxu0wr29fcdd0tdnh78gzhkvhe4n6ulal9qvrtu43qtd0nh8/piwin,PI WIN,PIWIN,factory/osmo1q77cw0mmlluxu0wr29fcdd0tdnh78gzhkvhe4n6ulal9qvrtu43qtd0nh8/piwin,6,,osmosis,factory/osmo1q77cw0mmlluxu0wr29fcdd0tdnh78gzhkvhe4n6ulal9qvrtu43qtd0nh8/piwin,native,2024-07-23T14:47:57.672Z,2024-05-06T22:01:07.477000,false,chain-metadata
osmosis,factory/osmo1q77cw0mmlluxu0wr29fcdd0tdnh78gzhkvhe4n6ulal9qvrtu43qtd0nh8/poo,poocoin,poo,factory/osmo1q77cw0mmlluxu0wr29fcdd0tdnh78gzhkvhe4n6ulal9qvrtu43qtd0nh8/poo,6,,osmosis,factory/osmo1q77cw0mmlluxu0wr29fcdd0tdnh78gzhkvhe4n6ulal9qvrtu43qtd0nh8/poo,native,2024-07-23T14:47:57.672Z,2024-05-22T23:46:51.108000,false,chain-metadata
osmosis,factory/osmo1q77cw0mmlluxu0wr29fcdd0tdnh78gzhkvhe4n6ulal9qvrtu43qtd0nh8/pdg,Precious D Gold,PDG,factory/osmo1q77cw0mmlluxu0wr29fcdd0tdnh78gzhkvhe4n6ulal9qvrtu43qtd0nh8/pdg,6,,osmosis,factory/osmo1q77cw0mmlluxu0wr29fcdd0tdnh78gzhkvhe4n6ulal9qvrtu43qtd0nh8/pdg,native,2024-07-23T14:47:57.672Z,2024-05-06T22:01:07.477000,false,chain-metadata
osmosis,factory/osmo1q77cw0mmlluxu0wr29fcdd0tdnh78gzhkvhe4n6ulal9qvrtu43qtd0nh8/planb,Plan B - Bitcoin stock-to-flow (S2F) model,planb,factory/osmo1q77cw0mmlluxu0wr29fcdd0tdnh78gzhkvhe4n6ulal9qvrtu43qtd0nh8/planb,6,,osmosis,factory/osmo1q77cw0mmlluxu0wr29fcdd0tdnh78gzhkvhe4n6ulal9qvrtu43qtd0nh8/planb,native,2024-07-23T14:47:57.672Z,2024-05-06T22:01:07.477000,false,chain-metadata
osmosis,factory/osmo1q77cw0mmlluxu0wr29fcdd0tdnh78gzhkvhe4n6ulal9qvrtu43qtd0nh8/reman,SalaryMan,REMAN,factory/osmo1q77cw0mmlluxu0wr29fcdd0tdnh78gzhkvhe4n6ulal9qvrtu43qtd0nh8/reman,6,,osmosis,factory/osmo1q77cw0mmlluxu0wr29fcdd0tdnh78gzhkvhe4n6ulal9qvrtu43qtd0nh8/reman,native,2024-07-23T14:47:57.673Z,2024-05-12T02:25:42.253000,false,chain-metadata
osmosis,factory/osmo1q77cw0mmlluxu0wr29fcdd0tdnh78gzhkvhe4n6ulal9qvrtu43qtd0nh8/rfnd,RareFind,RFND,factory/osmo1q77cw0mmlluxu0wr29fcdd0tdnh78gzhkvhe4n6ulal9qvrtu43qtd0nh8/rfnd,6,,osmosis,factory/osmo1q77cw0mmlluxu0wr29fcdd0tdnh78gzhkvhe4n6ulal9qvrtu43qtd0nh8/rfnd,native,2024-07-23T14:47:57.673Z,2024-05-05T22:11:22.791000,false,chain-metadata
osmosis,factory/osmo1q77cw0mmlluxu0wr29fcdd0tdnh78gzhkvhe4n6ulal9qvrtu43qtd0nh8/pyo,MadSonicWorker,PYO,factory/osmo1q77cw0mmlluxu0wr29fcdd0tdnh78gzhkvhe4n6ulal9qvrtu43qtd0nh8/pyo,6,,osmosis,factory/osmo1q77cw0mmlluxu0wr29fcdd0tdnh78gzhkvhe4n6ulal9qvrtu43qtd0nh8/pyo,native,2024-07-23T14:47:57.673Z,2024-05-17T22:23:58.403000,false,chain-metadata
osmosis,factory/osmo1q77cw0mmlluxu0wr29fcdd0tdnh78gzhkvhe4n6ulal9qvrtu43qtd0nh8/robin,Robin Hood,ROBIN,factory/osmo1q77cw0mmlluxu0wr29fcdd0tdnh78gzhkvhe4n6ulal9qvrtu43qtd0nh8/robin,6,,osmosis,factory/osmo1q77cw0mmlluxu0wr29fcdd0tdnh78gzhkvhe4n6ulal9qvrtu43qtd0nh8/robin,native,2024-07-23T14:47:57.673Z,2024-05-10T18:55:14.355000,false,chain-metadata
osmosis,factory/osmo1q77cw0mmlluxu0wr29fcdd0tdnh78gzhkvhe4n6ulal9qvrtu43qtd0nh8/reg,Regulus,REG,factory/osmo1q77cw0mmlluxu0wr29fcdd0tdnh78gzhkvhe4n6ulal9qvrtu43qtd0nh8/reg,6,,osmosis,factory/osmo1q77cw0mmlluxu0wr29fcdd0tdnh78gzhkvhe4n6ulal9qvrtu43qtd0nh8/reg,native,2024-07-23T14:47:57.673Z,2024-05-29T17:48:45.256000,false,chain-metadata
osmosis,factory/osmo1q77cw0mmlluxu0wr29fcdd0tdnh78gzhkvhe4n6ulal9qvrtu43qtd0nh8/purr,Purr,purr,factory/osmo1q77cw0mmlluxu0wr29fcdd0tdnh78gzhkvhe4n6ulal9qvrtu43qtd0nh8/purr,6,,osmosis,factory/osmo1q77cw0mmlluxu0wr29fcdd0tdnh78gzhkvhe4n6ulal9qvrtu43qtd0nh8/purr,native,2024-07-23T14:47:57.673Z,2024-05-19T15:16:03.037000,false,chain-metadata
osmosis,factory/osmo1q77cw0mmlluxu0wr29fcdd0tdnh78gzhkvhe4n6ulal9qvrtu43qtd0nh8/pztm,Pizza Time,PZTM,factory/osmo1q77cw0mmlluxu0wr29fcdd0tdnh78gzhkvhe4n6ulal9qvrtu43qtd0nh8/pztm,6,,osmosis,factory/osmo1q77cw0mmlluxu0wr29fcdd0tdnh78gzhkvhe4n6ulal9qvrtu43qtd0nh8/pztm,native,2024-07-23T14:47:57.673Z,2024-05-15T13:07:26.818000,false,chain-metadata
osmosis,factory/osmo1q77cw0mmlluxu0wr29fcdd0tdnh78gzhkvhe4n6ulal9qvrtu43qtd0nh8/rockeet,Rockeet,ROCKEET,factory/osmo1q77cw0mmlluxu0wr29fcdd0tdnh78gzhkvhe4n6ulal9qvrtu43qtd0nh8/rockeet,6,,osmosis,factory/osmo1q77cw0mmlluxu0wr29fcdd0tdnh78gzhkvhe4n6ulal9qvrtu43qtd0nh8/rockeet,native,2024-07-23T14:47:57.673Z,2024-05-17T12:52:05.186000,false,chain-metadata
osmosis,factory/osmo1q77cw0mmlluxu0wr29fcdd0tdnh78gzhkvhe4n6ulal9qvrtu43qtd0nh8/roar,Roaring Kitty,ROAR,factory/osmo1q77cw0mmlluxu0wr29fcdd0tdnh78gzhkvhe4n6ulal9qvrtu43qtd0nh8/roar,6,,osmosis,factory/osmo1q77cw0mmlluxu0wr29fcdd0tdnh78gzhkvhe4n6ulal9qvrtu43qtd0nh8/roar,native,2024-07-23T14:47:57.673Z,2024-06-21T02:25:41.853000,false,chain-metadata
osmosis,factory/osmo1q77cw0mmlluxu0wr29fcdd0tdnh78gzhkvhe4n6ulal9qvrtu43qtd0nh8/pumpg,PUMPING GAS,PUMPG,factory/osmo1q77cw0mmlluxu0wr29fcdd0tdnh78gzhkvhe4n6ulal9qvrtu43qtd0nh8/pumpg,6,,osmosis,factory/osmo1q77cw0mmlluxu0wr29fcdd0tdnh78gzhkvhe4n6ulal9qvrtu43qtd0nh8/pumpg,native,2024-07-23T14:47:57.673Z,2024-06-24T02:25:57.872000,false,chain-metadata
osmosis,factory/osmo1q77cw0mmlluxu0wr29fcdd0tdnh78gzhkvhe4n6ulal9qvrtu43qtd0nh8/pumpmos,PUMPMOS,PUMPMOS,factory/osmo1q77cw0mmlluxu0wr29fcdd0tdnh78gzhkvhe4n6ulal9qvrtu43qtd0nh8/pumpmos,6,,osmosis,factory/osmo1q77cw0mmlluxu0wr29fcdd0tdnh78gzhkvhe4n6ulal9qvrtu43qtd0nh8/pumpmos,native,2024-07-23T14:47:57.673Z,2024-05-05T02:25:44.650000,false,chain-metadata
osmosis,factory/osmo1q77cw0mmlluxu0wr29fcdd0tdnh78gzhkvhe4n6ulal9qvrtu43qtd0nh8/pzz,Pizza love,Pzz,factory/osmo1q77cw0mmlluxu0wr29fcdd0tdnh78gzhkvhe4n6ulal9qvrtu43qtd0nh8/pzz,6,,osmosis,factory/osmo1q77cw0mmlluxu0wr29fcdd0tdnh78gzhkvhe4n6ulal9qvrtu43qtd0nh8/pzz,native,2024-07-23T14:47:57.673Z,2024-05-12T02:25:42.253000,false,chain-metadata
osmosis,factory/osmo1q77cw0mmlluxu0wr29fcdd0tdnh78gzhkvhe4n6ulal9qvrtu43qtd0nh8/pwp,PaperWall,PWP,factory/osmo1q77cw0mmlluxu0wr29fcdd0tdnh78gzhkvhe4n6ulal9qvrtu43qtd0nh8/pwp,6,,osmosis,factory/osmo1q77cw0mmlluxu0wr29fcdd0tdnh78gzhkvhe4n6ulal9qvrtu43qtd0nh8/pwp,native,2024-07-23T14:47:57.673Z,2024-07-10T02:25:24.629000,false,chain-metadata
osmosis,factory/osmo1q77cw0mmlluxu0wr29fcdd0tdnh78gzhkvhe4n6ulal9qvrtu43qtd0nh8/rpe,Pedroguense ,RPE,factory/osmo1q77cw0mmlluxu0wr29fcdd0tdnh78gzhkvhe4n6ulal9qvrtu43qtd0nh8/rpe,6,,osmosis,factory/osmo1q77cw0mmlluxu0wr29fcdd0tdnh78gzhkvhe4n6ulal9qvrtu43qtd0nh8/rpe,native,2024-07-23T14:47:57.673Z,2024-05-02T18:49:29.822000,false,chain-metadata
osmosis,factory/osmo1q77cw0mmlluxu0wr29fcdd0tdnh78gzhkvhe4n6ulal9qvrtu43qtd0nh8/rats,Rats,RATS,factory/osmo1q77cw0mmlluxu0wr29fcdd0tdnh78gzhkvhe4n6ulal9qvrtu43qtd0nh8/rats,6,,osmosis,factory/osmo1q77cw0mmlluxu0wr29fcdd0tdnh78gzhkvhe4n6ulal9qvrtu43qtd0nh8/rats,native,2024-07-23T14:47:57.673Z,2024-05-05T05:45:50.177000,false,chain-metadata
osmosis,factory/osmo1q77cw0mmlluxu0wr29fcdd0tdnh78gzhkvhe4n6ulal9qvrtu43qtd0nh8/qfs,Queef Stroganoff,QFS,factory/osmo1q77cw0mmlluxu0wr29fcdd0tdnh78gzhkvhe4n6ulal9qvrtu43qtd0nh8/qfs,6,,osmosis,factory/osmo1q77cw0mmlluxu0wr29fcdd0tdnh78gzhkvhe4n6ulal9qvrtu43qtd0nh8/qfs,native,2024-07-23T14:47:57.673Z,2024-05-05T22:11:22.791000,false,chain-metadata
osmosis,factory/osmo1q77cw0mmlluxu0wr29fcdd0tdnh78gzhkvhe4n6ulal9qvrtu43qtd0nh8/rowun,sifchAIn (e)ROWAN,ROWUN,factory/osmo1q77cw0mmlluxu0wr29fcdd0tdnh78gzhkvhe4n6ulal9qvrtu43qtd0nh8/rowun,6,,osmosis,factory/osmo1q77cw0mmlluxu0wr29fcdd0tdnh78gzhkvhe4n6ulal9qvrtu43qtd0nh8/rowun,native,2024-07-23T14:47:57.673Z,2024-05-06T22:01:07.477000,false,chain-metadata
osmosis,factory/osmo1q77cw0mmlluxu0wr29fcdd0tdnh78gzhkvhe4n6ulal9qvrtu43qtd0nh8/rbl,RBL,RBL,factory/osmo1q77cw0mmlluxu0wr29fcdd0tdnh78gzhkvhe4n6ulal9qvrtu43qtd0nh8/rbl,6,,osmosis,factory/osmo1q77cw0mmlluxu0wr29fcdd0tdnh78gzhkvhe4n6ulal9qvrtu43qtd0nh8/rbl,native,2024-07-23T14:47:57.673Z,2024-05-23T02:25:42.080000,false,chain-metadata
osmosis,factory/osmo1q77cw0mmlluxu0wr29fcdd0tdnh78gzhkvhe4n6ulal9qvrtu43qtd0nh8/purga,PURGA,PURGA,factory/osmo1q77cw0mmlluxu0wr29fcdd0tdnh78gzhkvhe4n6ulal9qvrtu43qtd0nh8/purga,6,,osmosis,factory/osmo1q77cw0mmlluxu0wr29fcdd0tdnh78gzhkvhe4n6ulal9qvrtu43qtd0nh8/purga,native,2024-07-23T14:47:57.673Z,2024-05-03T09:42:43.953000,false,chain-metadata
osmosis,factory/osmo1q77cw0mmlluxu0wr29fcdd0tdnh78gzhkvhe4n6ulal9qvrtu43qtd0nh8/rare,RARE,RARE,factory/osmo1q77cw0mmlluxu0wr29fcdd0tdnh78gzhkvhe4n6ulal9qvrtu43qtd0nh8/rare,6,,osmosis,factory/osmo1q77cw0mmlluxu0wr29fcdd0tdnh78gzhkvhe4n6ulal9qvrtu43qtd0nh8/rare,native,2024-07-23T14:47:57.673Z,2024-05-05T22:11:22.791000,false,chain-metadata
osmosis,factory/osmo1q77cw0mmlluxu0wr29fcdd0tdnh78gzhkvhe4n6ulal9qvrtu43qtd0nh8/ramoon,rocket 'moonish' racoon,ramoon,factory/osmo1q77cw0mmlluxu0wr29fcdd0tdnh78gzhkvhe4n6ulal9qvrtu43qtd0nh8/ramoon,6,,osmosis,factory/osmo1q77cw0mmlluxu0wr29fcdd0tdnh78gzhkvhe4n6ulal9qvrtu43qtd0nh8/ramoon,native,2024-07-23T14:47:57.673Z,2024-05-13T06:50:23.722000,false,chain-metadata
osmosis,factory/osmo1q77cw0mmlluxu0wr29fcdd0tdnh78gzhkvhe4n6ulal9qvrtu43qtd0nh8/prl,Portal,PRL,factory/osmo1q77cw0mmlluxu0wr29fcdd0tdnh78gzhkvhe4n6ulal9qvrtu43qtd0nh8/prl,6,,osmosis,factory/osmo1q77cw0mmlluxu0wr29fcdd0tdnh78gzhkvhe4n6ulal9qvrtu43qtd0nh8/prl,native,2024-07-23T14:47:57.673Z,2024-05-20T10:18:55.739000,false,chain-metadata
osmosis,factory/osmo1q77cw0mmlluxu0wr29fcdd0tdnh78gzhkvhe4n6ulal9qvrtu43qtd0nh8/rimtimtagidim,Baby Lasagna,RimTimTagiDim,factory/osmo1q77cw0mmlluxu0wr29fcdd0tdnh78gzhkvhe4n6ulal9qvrtu43qtd0nh8/rimtimtagidim,6,,osmosis,factory/osmo1q77cw0mmlluxu0wr29fcdd0tdnh78gzhkvhe4n6ulal9qvrtu43qtd0nh8/rimtimtagidim,native,2024-07-23T14:47:57.673Z,2024-05-04T09:11:53.938000,false,chain-metadata
osmosis,factory/osmo1q77cw0mmlluxu0wr29fcdd0tdnh78gzhkvhe4n6ulal9qvrtu43qtd0nh8/rem,RemRem,REM,factory/osmo1q77cw0mmlluxu0wr29fcdd0tdnh78gzhkvhe4n6ulal9qvrtu43qtd0nh8/rem,6,,osmosis,factory/osmo1q77cw0mmlluxu0wr29fcdd0tdnh78gzhkvhe4n6ulal9qvrtu43qtd0nh8/rem,native,2024-07-23T14:47:57.673Z,2024-07-06T23:15:16.401000,false,chain-metadata
osmosis,factory/osmo1q77cw0mmlluxu0wr29fcdd0tdnh78gzhkvhe4n6ulal9qvrtu43qtd0nh8/roi,Rats Of Interchain,ROI,factory/osmo1q77cw0mmlluxu0wr29fcdd0tdnh78gzhkvhe4n6ulal9qvrtu43qtd0nh8/roi,6,,osmosis,factory/osmo1q77cw0mmlluxu0wr29fcdd0tdnh78gzhkvhe4n6ulal9qvrtu43qtd0nh8/roi,native,2024-07-23T14:47:57.673Z,2024-05-05T00:50:34.060000,false,chain-metadata
osmosis,factory/osmo1q77cw0mmlluxu0wr29fcdd0tdnh78gzhkvhe4n6ulal9qvrtu43qtd0nh8/qween,Qween,QWEEN,factory/osmo1q77cw0mmlluxu0wr29fcdd0tdnh78gzhkvhe4n6ulal9qvrtu43qtd0nh8/qween,6,,osmosis,factory/osmo1q77cw0mmlluxu0wr29fcdd0tdnh78gzhkvhe4n6ulal9qvrtu43qtd0nh8/qween,native,2024-07-23T14:47:57.673Z,2024-05-20T18:53:58.537000,false,chain-metadata
osmosis,factory/osmo1q77cw0mmlluxu0wr29fcdd0tdnh78gzhkvhe4n6ulal9qvrtu43qtd0nh8/rex,REX,REX,factory/osmo1q77cw0mmlluxu0wr29fcdd0tdnh78gzhkvhe4n6ulal9qvrtu43qtd0nh8/rex,6,,osmosis,factory/osmo1q77cw0mmlluxu0wr29fcdd0tdnh78gzhkvhe4n6ulal9qvrtu43qtd0nh8/rex,native,2024-07-23T14:47:57.673Z,2024-05-08T11:41:02.911000,false,chain-metadata
osmosis,factory/osmo1q77cw0mmlluxu0wr29fcdd0tdnh78gzhkvhe4n6ulal9qvrtu43qtd0nh8/reu,ReUnion,REU,factory/osmo1q77cw0mmlluxu0wr29fcdd0tdnh78gzhkvhe4n6ulal9qvrtu43qtd0nh8/reu,6,,osmosis,factory/osmo1q77cw0mmlluxu0wr29fcdd0tdnh78gzhkvhe4n6ulal9qvrtu43qtd0nh8/reu,native,2024-07-23T14:47:57.673Z,2024-05-03T04:58:12.461000,false,chain-metadata
osmosis,factory/osmo1q77cw0mmlluxu0wr29fcdd0tdnh78gzhkvhe4n6ulal9qvrtu43qtd0nh8/pump,WoJak,PUMP,factory/osmo1q77cw0mmlluxu0wr29fcdd0tdnh78gzhkvhe4n6ulal9qvrtu43qtd0nh8/pump,6,,osmosis,factory/osmo1q77cw0mmlluxu0wr29fcdd0tdnh78gzhkvhe4n6ulal9qvrtu43qtd0nh8/pump,native,2024-07-23T14:47:57.673Z,2024-06-10T09:33:08.803000,false,chain-metadata
osmosis,factory/osmo1q77cw0mmlluxu0wr29fcdd0tdnh78gzhkvhe4n6ulal9qvrtu43qtd0nh8/psychopepex,Dj PsychoPepeX,PsychopepeX,factory/osmo1q77cw0mmlluxu0wr29fcdd0tdnh78gzhkvhe4n6ulal9qvrtu43qtd0nh8/psychopepex,6,,osmosis,factory/osmo1q77cw0mmlluxu0wr29fcdd0tdnh78gzhkvhe4n6ulal9qvrtu43qtd0nh8/psychopepex,native,2024-07-23T14:47:57.673Z,2024-05-29T17:48:45.256000,false,chain-metadata
osmosis,factory/osmo1q77cw0mmlluxu0wr29fcdd0tdnh78gzhkvhe4n6ulal9qvrtu43qtd0nh8/rrc,RonyRustic,RRC,factory/osmo1q77cw0mmlluxu0wr29fcdd0tdnh78gzhkvhe4n6ulal9qvrtu43qtd0nh8/rrc,6,,osmosis,factory/osmo1q77cw0mmlluxu0wr29fcdd0tdnh78gzhkvhe4n6ulal9qvrtu43qtd0nh8/rrc,native,2024-07-23T14:47:57.673Z,2024-05-03T04:58:12.461000,false,chain-metadata
osmosis,factory/osmo1q77cw0mmlluxu0wr29fcdd0tdnh78gzhkvhe4n6ulal9qvrtu43qtd0nh8/power,Max Power,POWER,factory/osmo1q77cw0mmlluxu0wr29fcdd0tdnh78gzhkvhe4n6ulal9qvrtu43qtd0nh8/power,6,,osmosis,factory/osmo1q77cw0mmlluxu0wr29fcdd0tdnh78gzhkvhe4n6ulal9qvrtu43qtd0nh8/power,native,2024-07-23T14:47:57.673Z,2024-05-06T22:01:07.477000,false,chain-metadata
osmosis,factory/osmo1q77cw0mmlluxu0wr29fcdd0tdnh78gzhkvhe4n6ulal9qvrtu43qtd0nh8/siberia,Osmosis Siberia,SIBERIA,factory/osmo1q77cw0mmlluxu0wr29fcdd0tdnh78gzhkvhe4n6ulal9qvrtu43qtd0nh8/siberia,6,,osmosis,factory/osmo1q77cw0mmlluxu0wr29fcdd0tdnh78gzhkvhe4n6ulal9qvrtu43qtd0nh8/siberia,native,2024-07-23T14:47:57.674Z,2024-05-03T02:26:18.658000,false,chain-metadata
osmosis,factory/osmo1q77cw0mmlluxu0wr29fcdd0tdnh78gzhkvhe4n6ulal9qvrtu43qtd0nh8/sistabanger,ItsOktoBangYoSista,SistaBanger,factory/osmo1q77cw0mmlluxu0wr29fcdd0tdnh78gzhkvhe4n6ulal9qvrtu43qtd0nh8/sistabanger,6,,osmosis,factory/osmo1q77cw0mmlluxu0wr29fcdd0tdnh78gzhkvhe4n6ulal9qvrtu43qtd0nh8/sistabanger,native,2024-07-23T14:47:57.674Z,2024-05-04T02:25:27.731000,false,chain-metadata
osmosis,factory/osmo1q77cw0mmlluxu0wr29fcdd0tdnh78gzhkvhe4n6ulal9qvrtu43qtd0nh8/sch,SCH,SCH,factory/osmo1q77cw0mmlluxu0wr29fcdd0tdnh78gzhkvhe4n6ulal9qvrtu43qtd0nh8/sch,6,,osmosis,factory/osmo1q77cw0mmlluxu0wr29fcdd0tdnh78gzhkvhe4n6ulal9qvrtu43qtd0nh8/sch,native,2024-07-23T14:47:57.674Z,2024-05-16T21:05:19.351000,false,chain-metadata
osmosis,factory/osmo1q77cw0mmlluxu0wr29fcdd0tdnh78gzhkvhe4n6ulal9qvrtu43qtd0nh8/skibidiohiosigmarizz,SkibidiOhioSigmaRizz,SkibidiOhioSigmaRizz,factory/osmo1q77cw0mmlluxu0wr29fcdd0tdnh78gzhkvhe4n6ulal9qvrtu43qtd0nh8/skibidiohiosigmarizz,6,,osmosis,factory/osmo1q77cw0mmlluxu0wr29fcdd0tdnh78gzhkvhe4n6ulal9qvrtu43qtd0nh8/skibidiohiosigmarizz,native,2024-07-23T14:47:57.674Z,2024-05-05T22:11:22.791000,false,chain-metadata
osmosis,factory/osmo1q77cw0mmlluxu0wr29fcdd0tdnh78gzhkvhe4n6ulal9qvrtu43qtd0nh8/skf,SKUF,SKF,factory/osmo1q77cw0mmlluxu0wr29fcdd0tdnh78gzhkvhe4n6ulal9qvrtu43qtd0nh8/skf,6,,osmosis,factory/osmo1q77cw0mmlluxu0wr29fcdd0tdnh78gzhkvhe4n6ulal9qvrtu43qtd0nh8/skf,native,2024-07-23T14:47:57.674Z,2024-05-04T02:25:27.731000,false,chain-metadata
osmosis,factory/osmo1q77cw0mmlluxu0wr29fcdd0tdnh78gzhkvhe4n6ulal9qvrtu43qtd0nh8/salt,SALT,SALT,factory/osmo1q77cw0mmlluxu0wr29fcdd0tdnh78gzhkvhe4n6ulal9qvrtu43qtd0nh8/salt,6,,osmosis,factory/osmo1q77cw0mmlluxu0wr29fcdd0tdnh78gzhkvhe4n6ulal9qvrtu43qtd0nh8/salt,native,2024-07-23T14:47:57.674Z,2024-05-03T09:42:43.954000,false,chain-metadata
osmosis,factory/osmo1q77cw0mmlluxu0wr29fcdd0tdnh78gzhkvhe4n6ulal9qvrtu43qtd0nh8/silvio,BERLUSCONI,SILVIO,factory/osmo1q77cw0mmlluxu0wr29fcdd0tdnh78gzhkvhe4n6ulal9qvrtu43qtd0nh8/silvio,6,,osmosis,factory/osmo1q77cw0mmlluxu0wr29fcdd0tdnh78gzhkvhe4n6ulal9qvrtu43qtd0nh8/silvio,native,2024-07-23T14:47:57.674Z,2024-05-08T02:25:28.368000,false,chain-metadata
osmosis,factory/osmo1q77cw0mmlluxu0wr29fcdd0tdnh78gzhkvhe4n6ulal9qvrtu43qtd0nh8/shiba,SHIBA,SHIBA,factory/osmo1q77cw0mmlluxu0wr29fcdd0tdnh78gzhkvhe4n6ulal9qvrtu43qtd0nh8/shiba,6,,osmosis,factory/osmo1q77cw0mmlluxu0wr29fcdd0tdnh78gzhkvhe4n6ulal9qvrtu43qtd0nh8/shiba,native,2024-07-23T14:47:57.674Z,2024-05-03T02:26:18.657000,false,chain-metadata
osmosis,factory/osmo1q77cw0mmlluxu0wr29fcdd0tdnh78gzhkvhe4n6ulal9qvrtu43qtd0nh8/rxy,RoboRoxy,RXY,factory/osmo1q77cw0mmlluxu0wr29fcdd0tdnh78gzhkvhe4n6ulal9qvrtu43qtd0nh8/rxy,6,,osmosis,factory/osmo1q77cw0mmlluxu0wr29fcdd0tdnh78gzhkvhe4n6ulal9qvrtu43qtd0nh8/rxy,native,2024-07-23T14:47:57.674Z,2024-05-24T02:26:14.849000,false,chain-metadata
osmosis,factory/osmo1q77cw0mmlluxu0wr29fcdd0tdnh78gzhkvhe4n6ulal9qvrtu43qtd0nh8/scoke,SnortCokeBull,SCOKE,factory/osmo1q77cw0mmlluxu0wr29fcdd0tdnh78gzhkvhe4n6ulal9qvrtu43qtd0nh8/scoke,6,,osmosis,factory/osmo1q77cw0mmlluxu0wr29fcdd0tdnh78gzhkvhe4n6ulal9qvrtu43qtd0nh8/scoke,native,2024-07-23T14:47:57.674Z,2024-07-05T19:45:36.153000,false,chain-metadata
osmosis,factory/osmo1q77cw0mmlluxu0wr29fcdd0tdnh78gzhkvhe4n6ulal9qvrtu43qtd0nh8/s2s,seed2sower,s2s,factory/osmo1q77cw0mmlluxu0wr29fcdd0tdnh78gzhkvhe4n6ulal9qvrtu43qtd0nh8/s2s,6,,osmosis,factory/osmo1q77cw0mmlluxu0wr29fcdd0tdnh78gzhkvhe4n6ulal9qvrtu43qtd0nh8/s2s,native,2024-07-23T14:47:57.674Z,2024-05-04T14:34:18.914000,false,chain-metadata
osmosis,factory/osmo1q77cw0mmlluxu0wr29fcdd0tdnh78gzhkvhe4n6ulal9qvrtu43qtd0nh8/samu,Samurai,SAMU,factory/osmo1q77cw0mmlluxu0wr29fcdd0tdnh78gzhkvhe4n6ulal9qvrtu43qtd0nh8/samu,6,,osmosis,factory/osmo1q77cw0mmlluxu0wr29fcdd0tdnh78gzhkvhe4n6ulal9qvrtu43qtd0nh8/samu,native,2024-07-23T14:47:57.674Z,2024-05-20T18:53:58.537000,false,chain-metadata
osmosis,factory/osmo1q77cw0mmlluxu0wr29fcdd0tdnh78gzhkvhe4n6ulal9qvrtu43qtd0nh8/shrt,Shartcoin,SHRT,factory/osmo1q77cw0mmlluxu0wr29fcdd0tdnh78gzhkvhe4n6ulal9qvrtu43qtd0nh8/shrt,6,,osmosis,factory/osmo1q77cw0mmlluxu0wr29fcdd0tdnh78gzhkvhe4n6ulal9qvrtu43qtd0nh8/shrt,native,2024-07-23T14:47:57.674Z,2024-05-04T14:34:18.915000,false,chain-metadata
osmosis,factory/osmo1q77cw0mmlluxu0wr29fcdd0tdnh78gzhkvhe4n6ulal9qvrtu43qtd0nh8/saved,Saved!,SAVED,factory/osmo1q77cw0mmlluxu0wr29fcdd0tdnh78gzhkvhe4n6ulal9qvrtu43qtd0nh8/saved,6,,osmosis,factory/osmo1q77cw0mmlluxu0wr29fcdd0tdnh78gzhkvhe4n6ulal9qvrtu43qtd0nh8/saved,native,2024-07-23T14:47:57.674Z,2024-05-04T09:11:53.938000,false,chain-metadata
osmosis,factory/osmo1q77cw0mmlluxu0wr29fcdd0tdnh78gzhkvhe4n6ulal9qvrtu43qtd0nh8/shrewm,Shrewm,SHREWM,factory/osmo1q77cw0mmlluxu0wr29fcdd0tdnh78gzhkvhe4n6ulal9qvrtu43qtd0nh8/shrewm,6,,osmosis,factory/osmo1q77cw0mmlluxu0wr29fcdd0tdnh78gzhkvhe4n6ulal9qvrtu43qtd0nh8/shrewm,native,2024-07-23T14:47:57.674Z,2024-05-04T09:11:53.938000,false,chain-metadata
osmosis,factory/osmo1q77cw0mmlluxu0wr29fcdd0tdnh78gzhkvhe4n6ulal9qvrtu43qtd0nh8/shid,ShittyDollar,SHID,factory/osmo1q77cw0mmlluxu0wr29fcdd0tdnh78gzhkvhe4n6ulal9qvrtu43qtd0nh8/shid,6,,osmosis,factory/osmo1q77cw0mmlluxu0wr29fcdd0tdnh78gzhkvhe4n6ulal9qvrtu43qtd0nh8/shid,native,2024-07-23T14:47:57.674Z,2024-05-03T09:42:43.954000,false,chain-metadata
osmosis,factory/osmo1q77cw0mmlluxu0wr29fcdd0tdnh78gzhkvhe4n6ulal9qvrtu43qtd0nh8/sardines,Sardines on carbon,SARDINES,factory/osmo1q77cw0mmlluxu0wr29fcdd0tdnh78gzhkvhe4n6ulal9qvrtu43qtd0nh8/sardines,6,,osmosis,factory/osmo1q77cw0mmlluxu0wr29fcdd0tdnh78gzhkvhe4n6ulal9qvrtu43qtd0nh8/sardines,native,2024-07-23T14:47:57.674Z,2024-05-03T02:26:18.657000,false,chain-metadata
osmosis,factory/osmo1q77cw0mmlluxu0wr29fcdd0tdnh78gzhkvhe4n6ulal9qvrtu43qtd0nh8/sif,Sifchain Reloaded,SIF,factory/osmo1q77cw0mmlluxu0wr29fcdd0tdnh78gzhkvhe4n6ulal9qvrtu43qtd0nh8/sif,6,,osmosis,factory/osmo1q77cw0mmlluxu0wr29fcdd0tdnh78gzhkvhe4n6ulal9qvrtu43qtd0nh8/sif,native,2024-07-23T14:47:57.674Z,2024-05-05T00:50:34.061000,false,chain-metadata
osmosis,factory/osmo1q77cw0mmlluxu0wr29fcdd0tdnh78gzhkvhe4n6ulal9qvrtu43qtd0nh8/sg1,Star Trek,SG1,factory/osmo1q77cw0mmlluxu0wr29fcdd0tdnh78gzhkvhe4n6ulal9qvrtu43qtd0nh8/sg1,6,,osmosis,factory/osmo1q77cw0mmlluxu0wr29fcdd0tdnh78gzhkvhe4n6ulal9qvrtu43qtd0nh8/sg1,native,2024-07-23T14:47:57.674Z,2024-06-23T02:25:46.142000,false,chain-metadata
osmosis,factory/osmo1q77cw0mmlluxu0wr29fcdd0tdnh78gzhkvhe4n6ulal9qvrtu43qtd0nh8/sex,SEX,SEX,factory/osmo1q77cw0mmlluxu0wr29fcdd0tdnh78gzhkvhe4n6ulal9qvrtu43qtd0nh8/sex,6,,osmosis,factory/osmo1q77cw0mmlluxu0wr29fcdd0tdnh78gzhkvhe4n6ulal9qvrtu43qtd0nh8/sex,native,2024-07-23T14:47:57.674Z,2024-05-29T17:48:45.256000,false,chain-metadata
osmosis,factory/osmo1q77cw0mmlluxu0wr29fcdd0tdnh78gzhkvhe4n6ulal9qvrtu43qtd0nh8/sal,Salamander,SAL,factory/osmo1q77cw0mmlluxu0wr29fcdd0tdnh78gzhkvhe4n6ulal9qvrtu43qtd0nh8/sal,6,,osmosis,factory/osmo1q77cw0mmlluxu0wr29fcdd0tdnh78gzhkvhe4n6ulal9qvrtu43qtd0nh8/sal,native,2024-07-23T14:47:57.674Z,2024-05-08T08:30:57.122000,false,chain-metadata
osmosis,factory/osmo1q77cw0mmlluxu0wr29fcdd0tdnh78gzhkvhe4n6ulal9qvrtu43qtd0nh8/sdc,SharkDarkCoin,SDC,factory/osmo1q77cw0mmlluxu0wr29fcdd0tdnh78gzhkvhe4n6ulal9qvrtu43qtd0nh8/sdc,6,,osmosis,factory/osmo1q77cw0mmlluxu0wr29fcdd0tdnh78gzhkvhe4n6ulal9qvrtu43qtd0nh8/sdc,native,2024-07-23T14:47:57.674Z,2024-05-10T18:55:14.355000,false,chain-metadata
osmosis,factory/osmo1q77cw0mmlluxu0wr29fcdd0tdnh78gzhkvhe4n6ulal9qvrtu43qtd0nh8/rwa.go.to.the.moon,RWA.GO.TO.THE.MOON,RWA.GO.TO.THE.MOON,factory/osmo1q77cw0mmlluxu0wr29fcdd0tdnh78gzhkvhe4n6ulal9qvrtu43qtd0nh8/rwa.go.to.the.moon,6,,osmosis,factory/osmo1q77cw0mmlluxu0wr29fcdd0tdnh78gzhkvhe4n6ulal9qvrtu43qtd0nh8/rwa.go.to.the.moon,native,2024-07-23T14:47:57.674Z,2024-05-19T20:42:26.278000,false,chain-metadata
osmosis,factory/osmo1q77cw0mmlluxu0wr29fcdd0tdnh78gzhkvhe4n6ulal9qvrtu43qtd0nh8/shib,Shiba Inu,SHIB,factory/osmo1q77cw0mmlluxu0wr29fcdd0tdnh78gzhkvhe4n6ulal9qvrtu43qtd0nh8/shib,6,,osmosis,factory/osmo1q77cw0mmlluxu0wr29fcdd0tdnh78gzhkvhe4n6ulal9qvrtu43qtd0nh8/shib,native,2024-07-23T14:47:57.674Z,2024-05-10T18:55:14.355000,false,chain-metadata
osmosis,factory/osmo1q77cw0mmlluxu0wr29fcdd0tdnh78gzhkvhe4n6ulal9qvrtu43qtd0nh8/rvosmo,Reverse Osmosis,rvOSMO,factory/osmo1q77cw0mmlluxu0wr29fcdd0tdnh78gzhkvhe4n6ulal9qvrtu43qtd0nh8/rvosmo,6,,osmosis,factory/osmo1q77cw0mmlluxu0wr29fcdd0tdnh78gzhkvhe4n6ulal9qvrtu43qtd0nh8/rvosmo,native,2024-07-23T14:47:57.674Z,2024-05-05T00:50:34.060000,false,chain-metadata
osmosis,factory/osmo1q77cw0mmlluxu0wr29fcdd0tdnh78gzhkvhe4n6ulal9qvrtu43qtd0nh8/scum,ScUmmed,SCUM,factory/osmo1q77cw0mmlluxu0wr29fcdd0tdnh78gzhkvhe4n6ulal9qvrtu43qtd0nh8/scum,6,,osmosis,factory/osmo1q77cw0mmlluxu0wr29fcdd0tdnh78gzhkvhe4n6ulal9qvrtu43qtd0nh8/scum,native,2024-07-23T14:47:57.674Z,2024-05-29T17:48:45.256000,false,chain-metadata
osmosis,factory/osmo1q77cw0mmlluxu0wr29fcdd0tdnh78gzhkvhe4n6ulal9qvrtu43qtd0nh8/skulls,Skulls,SKULLS,factory/osmo1q77cw0mmlluxu0wr29fcdd0tdnh78gzhkvhe4n6ulal9qvrtu43qtd0nh8/skulls,6,,osmosis,factory/osmo1q77cw0mmlluxu0wr29fcdd0tdnh78gzhkvhe4n6ulal9qvrtu43qtd0nh8/skulls,native,2024-07-23T14:47:57.674Z,2024-05-15T18:03:02.271000,false,chain-metadata
osmosis,factory/osmo1q77cw0mmlluxu0wr29fcdd0tdnh78gzhkvhe4n6ulal9qvrtu43qtd0nh8/sac,SantiagoAbascal,SAC,factory/osmo1q77cw0mmlluxu0wr29fcdd0tdnh78gzhkvhe4n6ulal9qvrtu43qtd0nh8/sac,6,,osmosis,factory/osmo1q77cw0mmlluxu0wr29fcdd0tdnh78gzhkvhe4n6ulal9qvrtu43qtd0nh8/sac,native,2024-07-23T14:47:57.674Z,2024-05-03T09:42:43.953000,false,chain-metadata
osmosis,factory/osmo1q77cw0mmlluxu0wr29fcdd0tdnh78gzhkvhe4n6ulal9qvrtu43qtd0nh8/scat,Sleep Cat,SCAT,factory/osmo1q77cw0mmlluxu0wr29fcdd0tdnh78gzhkvhe4n6ulal9qvrtu43qtd0nh8/scat,6,,osmosis,factory/osmo1q77cw0mmlluxu0wr29fcdd0tdnh78gzhkvhe4n6ulal9qvrtu43qtd0nh8/scat,native,2024-07-23T14:47:57.674Z,2024-05-12T18:10:59.911000,false,chain-metadata
osmosis,factory/osmo1q77cw0mmlluxu0wr29fcdd0tdnh78gzhkvhe4n6ulal9qvrtu43qtd0nh8/rtrd,Harry,RTRD,factory/osmo1q77cw0mmlluxu0wr29fcdd0tdnh78gzhkvhe4n6ulal9qvrtu43qtd0nh8/rtrd,6,,osmosis,factory/osmo1q77cw0mmlluxu0wr29fcdd0tdnh78gzhkvhe4n6ulal9qvrtu43qtd0nh8/rtrd,native,2024-07-23T14:47:57.674Z,2024-05-16T21:05:19.351000,false,chain-metadata
osmosis,factory/osmo1q77cw0mmlluxu0wr29fcdd0tdnh78gzhkvhe4n6ulal9qvrtu43qtd0nh8/slo,SlothLazyCoin,SLO,factory/osmo1q77cw0mmlluxu0wr29fcdd0tdnh78gzhkvhe4n6ulal9qvrtu43qtd0nh8/slo,6,,osmosis,factory/osmo1q77cw0mmlluxu0wr29fcdd0tdnh78gzhkvhe4n6ulal9qvrtu43qtd0nh8/slo,native,2024-07-23T14:47:57.674Z,2024-05-06T22:01:07.477000,false,chain-metadata
osmosis,factory/osmo1q77cw0mmlluxu0wr29fcdd0tdnh78gzhkvhe4n6ulal9qvrtu43qtd0nh8/shrms,shroooms,shrms,factory/osmo1q77cw0mmlluxu0wr29fcdd0tdnh78gzhkvhe4n6ulal9qvrtu43qtd0nh8/shrms,6,,osmosis,factory/osmo1q77cw0mmlluxu0wr29fcdd0tdnh78gzhkvhe4n6ulal9qvrtu43qtd0nh8/shrms,native,2024-07-23T14:47:57.674Z,2024-05-02T20:56:42.738000,false,chain-metadata
osmosis,factory/osmo1q77cw0mmlluxu0wr29fcdd0tdnh78gzhkvhe4n6ulal9qvrtu43qtd0nh8/scott,Scott,SCOTT,factory/osmo1q77cw0mmlluxu0wr29fcdd0tdnh78gzhkvhe4n6ulal9qvrtu43qtd0nh8/scott,6,,osmosis,factory/osmo1q77cw0mmlluxu0wr29fcdd0tdnh78gzhkvhe4n6ulal9qvrtu43qtd0nh8/scott,native,2024-07-23T14:47:57.674Z,2024-05-08T18:34:13.001000,false,chain-metadata
osmosis,factory/osmo1q77cw0mmlluxu0wr29fcdd0tdnh78gzhkvhe4n6ulal9qvrtu43qtd0nh8/slb,Sleep Bot,SLB,factory/osmo1q77cw0mmlluxu0wr29fcdd0tdnh78gzhkvhe4n6ulal9qvrtu43qtd0nh8/slb,6,,osmosis,factory/osmo1q77cw0mmlluxu0wr29fcdd0tdnh78gzhkvhe4n6ulal9qvrtu43qtd0nh8/slb,native,2024-07-23T14:47:57.674Z,2024-05-08T15:35:16.260000,false,chain-metadata
osmosis,factory/osmo1q77cw0mmlluxu0wr29fcdd0tdnh78gzhkvhe4n6ulal9qvrtu43qtd0nh8/scientist,Rekt Scientist,Scientist,factory/osmo1q77cw0mmlluxu0wr29fcdd0tdnh78gzhkvhe4n6ulal9qvrtu43qtd0nh8/scientist,6,,osmosis,factory/osmo1q77cw0mmlluxu0wr29fcdd0tdnh78gzhkvhe4n6ulal9qvrtu43qtd0nh8/scientist,native,2024-07-23T14:47:57.674Z,2024-05-04T14:34:18.914000,false,chain-metadata
osmosis,factory/osmo1q77cw0mmlluxu0wr29fcdd0tdnh78gzhkvhe4n6ulal9qvrtu43qtd0nh8/slmr,Slimer,SLMR,factory/osmo1q77cw0mmlluxu0wr29fcdd0tdnh78gzhkvhe4n6ulal9qvrtu43qtd0nh8/slmr,6,,osmosis,factory/osmo1q77cw0mmlluxu0wr29fcdd0tdnh78gzhkvhe4n6ulal9qvrtu43qtd0nh8/slmr,native,2024-07-23T14:47:57.674Z,2024-05-17T12:52:05.186000,false,chain-metadata
osmosis,factory/osmo1q77cw0mmlluxu0wr29fcdd0tdnh78gzhkvhe4n6ulal9qvrtu43qtd0nh8/scn9a,SCN9A,SCN9A,factory/osmo1q77cw0mmlluxu0wr29fcdd0tdnh78gzhkvhe4n6ulal9qvrtu43qtd0nh8/scn9a,6,,osmosis,factory/osmo1q77cw0mmlluxu0wr29fcdd0tdnh78gzhkvhe4n6ulal9qvrtu43qtd0nh8/scn9a,native,2024-07-23T14:47:57.674Z,2024-05-05T00:50:34.061000,false,chain-metadata
osmosis,factory/osmo1q77cw0mmlluxu0wr29fcdd0tdnh78gzhkvhe4n6ulal9qvrtu43qtd0nh8/rug,i Will RUG,RUG,factory/osmo1q77cw0mmlluxu0wr29fcdd0tdnh78gzhkvhe4n6ulal9qvrtu43qtd0nh8/rug,6,,osmosis,factory/osmo1q77cw0mmlluxu0wr29fcdd0tdnh78gzhkvhe4n6ulal9qvrtu43qtd0nh8/rug,native,2024-07-23T14:47:57.674Z,2024-05-08T15:35:16.260000,false,chain-metadata
osmosis,factory/osmo1q77cw0mmlluxu0wr29fcdd0tdnh78gzhkvhe4n6ulal9qvrtu43qtd0nh8/sh44,SH44,SH44,factory/osmo1q77cw0mmlluxu0wr29fcdd0tdnh78gzhkvhe4n6ulal9qvrtu43qtd0nh8/sh44,6,,osmosis,factory/osmo1q77cw0mmlluxu0wr29fcdd0tdnh78gzhkvhe4n6ulal9qvrtu43qtd0nh8/sh44,native,2024-07-23T14:47:57.674Z,2024-05-02T20:56:42.738000,false,chain-metadata
osmosis,factory/osmo1q77cw0mmlluxu0wr29fcdd0tdnh78gzhkvhe4n6ulal9qvrtu43qtd0nh8/satbar,SATBAR,SATBAR,factory/osmo1q77cw0mmlluxu0wr29fcdd0tdnh78gzhkvhe4n6ulal9qvrtu43qtd0nh8/satbar,6,,osmosis,factory/osmo1q77cw0mmlluxu0wr29fcdd0tdnh78gzhkvhe4n6ulal9qvrtu43qtd0nh8/satbar,native,2024-07-23T14:47:57.674Z,2024-05-04T18:14:39.210000,false,chain-metadata
osmosis,factory/osmo1q77cw0mmlluxu0wr29fcdd0tdnh78gzhkvhe4n6ulal9qvrtu43qtd0nh8/sht,ShitAirdrops,SHT,factory/osmo1q77cw0mmlluxu0wr29fcdd0tdnh78gzhkvhe4n6ulal9qvrtu43qtd0nh8/sht,6,,osmosis,factory/osmo1q77cw0mmlluxu0wr29fcdd0tdnh78gzhkvhe4n6ulal9qvrtu43qtd0nh8/sht,native,2024-07-23T14:47:57.674Z,2024-05-14T11:12:55.322000,false,chain-metadata
osmosis,factory/osmo1q77cw0mmlluxu0wr29fcdd0tdnh78gzhkvhe4n6ulal9qvrtu43qtd0nh8/sanji,SanjiCrew,SANJI,factory/osmo1q77cw0mmlluxu0wr29fcdd0tdnh78gzhkvhe4n6ulal9qvrtu43qtd0nh8/sanji,6,,osmosis,factory/osmo1q77cw0mmlluxu0wr29fcdd0tdnh78gzhkvhe4n6ulal9qvrtu43qtd0nh8/sanji,native,2024-07-23T14:47:57.674Z,2024-05-13T16:55:53.116000,false,chain-metadata
osmosis,factory/osmo1q77cw0mmlluxu0wr29fcdd0tdnh78gzhkvhe4n6ulal9qvrtu43qtd0nh8/scam,scamface,Scam,factory/osmo1q77cw0mmlluxu0wr29fcdd0tdnh78gzhkvhe4n6ulal9qvrtu43qtd0nh8/scam,6,,osmosis,factory/osmo1q77cw0mmlluxu0wr29fcdd0tdnh78gzhkvhe4n6ulal9qvrtu43qtd0nh8/scam,native,2024-07-23T14:47:57.674Z,2024-05-06T02:26:22.003000,false,chain-metadata
osmosis,factory/osmo1q77cw0mmlluxu0wr29fcdd0tdnh78gzhkvhe4n6ulal9qvrtu43qtd0nh8/rtw,Ruegenwalder Teewurst,RTW,factory/osmo1q77cw0mmlluxu0wr29fcdd0tdnh78gzhkvhe4n6ulal9qvrtu43qtd0nh8/rtw,6,,osmosis,factory/osmo1q77cw0mmlluxu0wr29fcdd0tdnh78gzhkvhe4n6ulal9qvrtu43qtd0nh8/rtw,native,2024-07-23T14:47:57.674Z,2024-05-15T21:41:33.047000,false,chain-metadata
osmosis,factory/osmo1q77cw0mmlluxu0wr29fcdd0tdnh78gzhkvhe4n6ulal9qvrtu43qtd0nh8/t1a,Celestianium,T1A,factory/osmo1q77cw0mmlluxu0wr29fcdd0tdnh78gzhkvhe4n6ulal9qvrtu43qtd0nh8/t1a,6,,osmosis,factory/osmo1q77cw0mmlluxu0wr29fcdd0tdnh78gzhkvhe4n6ulal9qvrtu43qtd0nh8/t1a,native,2024-07-23T14:47:57.675Z,2024-05-05T22:11:22.791000,false,chain-metadata
osmosis,factory/osmo1q77cw0mmlluxu0wr29fcdd0tdnh78gzhkvhe4n6ulal9qvrtu43qtd0nh8/sweep,SWEEP🧹🏴‍☠️,SWEEP,factory/osmo1q77cw0mmlluxu0wr29fcdd0tdnh78gzhkvhe4n6ulal9qvrtu43qtd0nh8/sweep,6,,osmosis,factory/osmo1q77cw0mmlluxu0wr29fcdd0tdnh78gzhkvhe4n6ulal9qvrtu43qtd0nh8/sweep,native,2024-07-23T14:47:57.675Z,2024-05-03T02:26:18.658000,false,chain-metadata
osmosis,factory/osmo1q77cw0mmlluxu0wr29fcdd0tdnh78gzhkvhe4n6ulal9qvrtu43qtd0nh8/swt,Swifty,SWT,factory/osmo1q77cw0mmlluxu0wr29fcdd0tdnh78gzhkvhe4n6ulal9qvrtu43qtd0nh8/swt,6,,osmosis,factory/osmo1q77cw0mmlluxu0wr29fcdd0tdnh78gzhkvhe4n6ulal9qvrtu43qtd0nh8/swt,native,2024-07-23T14:47:57.675Z,2024-05-03T02:26:18.658000,false,chain-metadata
osmosis,factory/osmo1q77cw0mmlluxu0wr29fcdd0tdnh78gzhkvhe4n6ulal9qvrtu43qtd0nh8/spdr,Spooder,SPDR,factory/osmo1q77cw0mmlluxu0wr29fcdd0tdnh78gzhkvhe4n6ulal9qvrtu43qtd0nh8/spdr,6,,osmosis,factory/osmo1q77cw0mmlluxu0wr29fcdd0tdnh78gzhkvhe4n6ulal9qvrtu43qtd0nh8/spdr,native,2024-07-23T14:47:57.675Z,2024-05-15T18:03:02.271000,false,chain-metadata
osmosis,factory/osmo1q77cw0mmlluxu0wr29fcdd0tdnh78gzhkvhe4n6ulal9qvrtu43qtd0nh8/supi,Superman,SUPI,factory/osmo1q77cw0mmlluxu0wr29fcdd0tdnh78gzhkvhe4n6ulal9qvrtu43qtd0nh8/supi,6,,osmosis,factory/osmo1q77cw0mmlluxu0wr29fcdd0tdnh78gzhkvhe4n6ulal9qvrtu43qtd0nh8/supi,native,2024-07-23T14:47:57.675Z,2024-05-27T02:25:24.289000,false,chain-metadata
osmosis,factory/osmo1q77cw0mmlluxu0wr29fcdd0tdnh78gzhkvhe4n6ulal9qvrtu43qtd0nh8/soo,Shiba Osmo,SOO,factory/osmo1q77cw0mmlluxu0wr29fcdd0tdnh78gzhkvhe4n6ulal9qvrtu43qtd0nh8/soo,6,,osmosis,factory/osmo1q77cw0mmlluxu0wr29fcdd0tdnh78gzhkvhe4n6ulal9qvrtu43qtd0nh8/soo,native,2024-07-23T14:47:57.675Z,2024-05-15T13:07:26.818000,false,chain-metadata
osmosis,factory/osmo1q77cw0mmlluxu0wr29fcdd0tdnh78gzhkvhe4n6ulal9qvrtu43qtd0nh8/snn,SOOOOON by nomic,SnN,factory/osmo1q77cw0mmlluxu0wr29fcdd0tdnh78gzhkvhe4n6ulal9qvrtu43qtd0nh8/snn,6,,osmosis,factory/osmo1q77cw0mmlluxu0wr29fcdd0tdnh78gzhkvhe4n6ulal9qvrtu43qtd0nh8/snn,native,2024-07-23T14:47:57.675Z,2024-05-10T10:44:50.966000,false,chain-metadata
osmosis,factory/osmo1q77cw0mmlluxu0wr29fcdd0tdnh78gzhkvhe4n6ulal9qvrtu43qtd0nh8/snack,SNACK - The CraveToken for Cosmos!,SNACK,factory/osmo1q77cw0mmlluxu0wr29fcdd0tdnh78gzhkvhe4n6ulal9qvrtu43qtd0nh8/snack,6,,osmosis,factory/osmo1q77cw0mmlluxu0wr29fcdd0tdnh78gzhkvhe4n6ulal9qvrtu43qtd0nh8/snack,native,2024-07-23T14:47:57.675Z,2024-05-05T22:11:22.791000,false,chain-metadata
osmosis,factory/osmo1q77cw0mmlluxu0wr29fcdd0tdnh78gzhkvhe4n6ulal9qvrtu43qtd0nh8/synth,Synthetic Sanctuary,SYNTH,factory/osmo1q77cw0mmlluxu0wr29fcdd0tdnh78gzhkvhe4n6ulal9qvrtu43qtd0nh8/synth,6,,osmosis,factory/osmo1q77cw0mmlluxu0wr29fcdd0tdnh78gzhkvhe4n6ulal9qvrtu43qtd0nh8/synth,native,2024-07-23T14:47:57.675Z,2024-05-05T22:11:22.791000,false,chain-metadata
osmosis,factory/osmo1q77cw0mmlluxu0wr29fcdd0tdnh78gzhkvhe4n6ulal9qvrtu43qtd0nh8/ssj,Sausage Jockey,SSJ,factory/osmo1q77cw0mmlluxu0wr29fcdd0tdnh78gzhkvhe4n6ulal9qvrtu43qtd0nh8/ssj,6,,osmosis,factory/osmo1q77cw0mmlluxu0wr29fcdd0tdnh78gzhkvhe4n6ulal9qvrtu43qtd0nh8/ssj,native,2024-07-23T14:47:57.675Z,2024-05-21T21:21:24.582000,false,chain-metadata
osmosis,factory/osmo1q77cw0mmlluxu0wr29fcdd0tdnh78gzhkvhe4n6ulal9qvrtu43qtd0nh8/syb,sybilooor,SYB,factory/osmo1q77cw0mmlluxu0wr29fcdd0tdnh78gzhkvhe4n6ulal9qvrtu43qtd0nh8/syb,6,,osmosis,factory/osmo1q77cw0mmlluxu0wr29fcdd0tdnh78gzhkvhe4n6ulal9qvrtu43qtd0nh8/syb,native,2024-07-23T14:47:57.675Z,2024-05-06T22:01:07.477000,false,chain-metadata
osmosis,factory/osmo1q77cw0mmlluxu0wr29fcdd0tdnh78gzhkvhe4n6ulal9qvrtu43qtd0nh8/spm,sperma,SPM,factory/osmo1q77cw0mmlluxu0wr29fcdd0tdnh78gzhkvhe4n6ulal9qvrtu43qtd0nh8/spm,6,,osmosis,factory/osmo1q77cw0mmlluxu0wr29fcdd0tdnh78gzhkvhe4n6ulal9qvrtu43qtd0nh8/spm,native,2024-07-23T14:47:57.675Z,2024-05-09T11:56:34.463000,false,chain-metadata
osmosis,factory/osmo1q77cw0mmlluxu0wr29fcdd0tdnh78gzhkvhe4n6ulal9qvrtu43qtd0nh8/spng,Spongebob,SPNG,factory/osmo1q77cw0mmlluxu0wr29fcdd0tdnh78gzhkvhe4n6ulal9qvrtu43qtd0nh8/spng,6,,osmosis,factory/osmo1q77cw0mmlluxu0wr29fcdd0tdnh78gzhkvhe4n6ulal9qvrtu43qtd0nh8/spng,native,2024-07-23T14:47:57.675Z,2024-05-01T21:38:08.789000,false,chain-metadata
osmosis,factory/osmo1q77cw0mmlluxu0wr29fcdd0tdnh78gzhkvhe4n6ulal9qvrtu43qtd0nh8/tate,TATE,TATE,factory/osmo1q77cw0mmlluxu0wr29fcdd0tdnh78gzhkvhe4n6ulal9qvrtu43qtd0nh8/tate,6,,osmosis,factory/osmo1q77cw0mmlluxu0wr29fcdd0tdnh78gzhkvhe4n6ulal9qvrtu43qtd0nh8/tate,native,2024-07-23T14:47:57.675Z,2024-05-24T16:01:03.382000,false,chain-metadata
osmosis,factory/osmo1q77cw0mmlluxu0wr29fcdd0tdnh78gzhkvhe4n6ulal9qvrtu43qtd0nh8/solamos,Solamos,SOLAMOS,factory/osmo1q77cw0mmlluxu0wr29fcdd0tdnh78gzhkvhe4n6ulal9qvrtu43qtd0nh8/solamos,6,,osmosis,factory/osmo1q77cw0mmlluxu0wr29fcdd0tdnh78gzhkvhe4n6ulal9qvrtu43qtd0nh8/solamos,native,2024-07-23T14:47:57.675Z,2024-05-12T18:10:59.911000,false,chain-metadata
osmosis,factory/osmo1q77cw0mmlluxu0wr29fcdd0tdnh78gzhkvhe4n6ulal9qvrtu43qtd0nh8/sos,SaintSunny,SOS,factory/osmo1q77cw0mmlluxu0wr29fcdd0tdnh78gzhkvhe4n6ulal9qvrtu43qtd0nh8/sos,6,,osmosis,factory/osmo1q77cw0mmlluxu0wr29fcdd0tdnh78gzhkvhe4n6ulal9qvrtu43qtd0nh8/sos,native,2024-07-23T14:47:57.675Z,2024-05-02T20:56:42.738000,false,chain-metadata
osmosis,factory/osmo1q77cw0mmlluxu0wr29fcdd0tdnh78gzhkvhe4n6ulal9qvrtu43qtd0nh8/str8,Str8dgen,STR8,factory/osmo1q77cw0mmlluxu0wr29fcdd0tdnh78gzhkvhe4n6ulal9qvrtu43qtd0nh8/str8,6,,osmosis,factory/osmo1q77cw0mmlluxu0wr29fcdd0tdnh78gzhkvhe4n6ulal9qvrtu43qtd0nh8/str8,native,2024-07-23T14:47:57.675Z,2024-05-05T05:45:50.177000,false,chain-metadata
osmosis,factory/osmo1q77cw0mmlluxu0wr29fcdd0tdnh78gzhkvhe4n6ulal9qvrtu43qtd0nh8/stonk,STONK,STONK,factory/osmo1q77cw0mmlluxu0wr29fcdd0tdnh78gzhkvhe4n6ulal9qvrtu43qtd0nh8/stonk,6,,osmosis,factory/osmo1q77cw0mmlluxu0wr29fcdd0tdnh78gzhkvhe4n6ulal9qvrtu43qtd0nh8/stonk,native,2024-07-23T14:47:57.675Z,2024-05-13T16:55:53.116000,false,chain-metadata
osmosis,factory/osmo1q77cw0mmlluxu0wr29fcdd0tdnh78gzhkvhe4n6ulal9qvrtu43qtd0nh8/stars,STARS,STARS,factory/osmo1q77cw0mmlluxu0wr29fcdd0tdnh78gzhkvhe4n6ulal9qvrtu43qtd0nh8/stars,6,,osmosis,factory/osmo1q77cw0mmlluxu0wr29fcdd0tdnh78gzhkvhe4n6ulal9qvrtu43qtd0nh8/stars,native,2024-07-23T14:47:57.675Z,2024-05-04T18:14:39.210000,false,chain-metadata
osmosis,factory/osmo1q77cw0mmlluxu0wr29fcdd0tdnh78gzhkvhe4n6ulal9qvrtu43qtd0nh8/tama,Tama,TAMA,factory/osmo1q77cw0mmlluxu0wr29fcdd0tdnh78gzhkvhe4n6ulal9qvrtu43qtd0nh8/tama,6,,osmosis,factory/osmo1q77cw0mmlluxu0wr29fcdd0tdnh78gzhkvhe4n6ulal9qvrtu43qtd0nh8/tama,native,2024-07-23T14:47:57.675Z,2024-05-06T22:01:07.478000,false,chain-metadata
osmosis,factory/osmo1q77cw0mmlluxu0wr29fcdd0tdnh78gzhkvhe4n6ulal9qvrtu43qtd0nh8/t3ge,Tortle 3 Golden Eggs,T3GE,factory/osmo1q77cw0mmlluxu0wr29fcdd0tdnh78gzhkvhe4n6ulal9qvrtu43qtd0nh8/t3ge,6,,osmosis,factory/osmo1q77cw0mmlluxu0wr29fcdd0tdnh78gzhkvhe4n6ulal9qvrtu43qtd0nh8/t3ge,native,2024-07-23T14:47:57.675Z,2024-05-04T14:34:18.915000,false,chain-metadata
osmosis,factory/osmo1q77cw0mmlluxu0wr29fcdd0tdnh78gzhkvhe4n6ulal9qvrtu43qtd0nh8/sup,supertrend,sup,factory/osmo1q77cw0mmlluxu0wr29fcdd0tdnh78gzhkvhe4n6ulal9qvrtu43qtd0nh8/sup,6,,osmosis,factory/osmo1q77cw0mmlluxu0wr29fcdd0tdnh78gzhkvhe4n6ulal9qvrtu43qtd0nh8/sup,native,2024-07-23T14:47:57.675Z,2024-06-17T12:04:31.191000,false,chain-metadata
osmosis,factory/osmo1q77cw0mmlluxu0wr29fcdd0tdnh78gzhkvhe4n6ulal9qvrtu43qtd0nh8/spat,Spatula,SPAT,factory/osmo1q77cw0mmlluxu0wr29fcdd0tdnh78gzhkvhe4n6ulal9qvrtu43qtd0nh8/spat,6,,osmosis,factory/osmo1q77cw0mmlluxu0wr29fcdd0tdnh78gzhkvhe4n6ulal9qvrtu43qtd0nh8/spat,native,2024-07-23T14:47:57.675Z,2024-05-05T22:11:22.791000,false,chain-metadata
osmosis,factory/osmo1q77cw0mmlluxu0wr29fcdd0tdnh78gzhkvhe4n6ulal9qvrtu43qtd0nh8/smy,Smarmy,SMY,factory/osmo1q77cw0mmlluxu0wr29fcdd0tdnh78gzhkvhe4n6ulal9qvrtu43qtd0nh8/smy,6,,osmosis,factory/osmo1q77cw0mmlluxu0wr29fcdd0tdnh78gzhkvhe4n6ulal9qvrtu43qtd0nh8/smy,native,2024-07-23T14:47:57.675Z,2024-05-07T02:25:33.661000,false,chain-metadata
osmosis,factory/osmo1q77cw0mmlluxu0wr29fcdd0tdnh78gzhkvhe4n6ulal9qvrtu43qtd0nh8/slushy,Lemon Lime Slushy,SLUSHY,factory/osmo1q77cw0mmlluxu0wr29fcdd0tdnh78gzhkvhe4n6ulal9qvrtu43qtd0nh8/slushy,6,,osmosis,factory/osmo1q77cw0mmlluxu0wr29fcdd0tdnh78gzhkvhe4n6ulal9qvrtu43qtd0nh8/slushy,native,2024-07-23T14:47:57.675Z,2024-06-10T09:33:08.803000,false,chain-metadata
osmosis,factory/osmo1q77cw0mmlluxu0wr29fcdd0tdnh78gzhkvhe4n6ulal9qvrtu43qtd0nh8/stbits,StellarBits,STBITS,factory/osmo1q77cw0mmlluxu0wr29fcdd0tdnh78gzhkvhe4n6ulal9qvrtu43qtd0nh8/stbits,6,,osmosis,factory/osmo1q77cw0mmlluxu0wr29fcdd0tdnh78gzhkvhe4n6ulal9qvrtu43qtd0nh8/stbits,native,2024-07-23T14:47:57.675Z,2024-05-03T02:26:18.658000,false,chain-metadata
osmosis,factory/osmo1q77cw0mmlluxu0wr29fcdd0tdnh78gzhkvhe4n6ulal9qvrtu43qtd0nh8/stwr,Star Wars,STWR,factory/osmo1q77cw0mmlluxu0wr29fcdd0tdnh78gzhkvhe4n6ulal9qvrtu43qtd0nh8/stwr,6,,osmosis,factory/osmo1q77cw0mmlluxu0wr29fcdd0tdnh78gzhkvhe4n6ulal9qvrtu43qtd0nh8/stwr,native,2024-07-23T14:47:57.675Z,2024-05-02T20:56:42.738000,false,chain-metadata
osmosis,factory/osmo1q77cw0mmlluxu0wr29fcdd0tdnh78gzhkvhe4n6ulal9qvrtu43qtd0nh8/snta,SantaDoge,SNTA,factory/osmo1q77cw0mmlluxu0wr29fcdd0tdnh78gzhkvhe4n6ulal9qvrtu43qtd0nh8/snta,6,,osmosis,factory/osmo1q77cw0mmlluxu0wr29fcdd0tdnh78gzhkvhe4n6ulal9qvrtu43qtd0nh8/snta,native,2024-07-23T14:47:57.675Z,2024-05-04T02:25:27.731000,false,chain-metadata
osmosis,factory/osmo1q77cw0mmlluxu0wr29fcdd0tdnh78gzhkvhe4n6ulal9qvrtu43qtd0nh8/swanderers,Santiago Wanderers,SWanderers,factory/osmo1q77cw0mmlluxu0wr29fcdd0tdnh78gzhkvhe4n6ulal9qvrtu43qtd0nh8/swanderers,6,,osmosis,factory/osmo1q77cw0mmlluxu0wr29fcdd0tdnh78gzhkvhe4n6ulal9qvrtu43qtd0nh8/swanderers,native,2024-07-23T14:47:57.675Z,2024-05-04T18:14:39.210000,false,chain-metadata
osmosis,factory/osmo1q77cw0mmlluxu0wr29fcdd0tdnh78gzhkvhe4n6ulal9qvrtu43qtd0nh8/straw,Luffy,Straw,factory/osmo1q77cw0mmlluxu0wr29fcdd0tdnh78gzhkvhe4n6ulal9qvrtu43qtd0nh8/straw,6,,osmosis,factory/osmo1q77cw0mmlluxu0wr29fcdd0tdnh78gzhkvhe4n6ulal9qvrtu43qtd0nh8/straw,native,2024-07-23T14:47:57.675Z,2024-05-03T02:26:18.658000,false,chain-metadata
osmosis,factory/osmo1q77cw0mmlluxu0wr29fcdd0tdnh78gzhkvhe4n6ulal9qvrtu43qtd0nh8/swig,SwiggitySwooty,SWIG,factory/osmo1q77cw0mmlluxu0wr29fcdd0tdnh78gzhkvhe4n6ulal9qvrtu43qtd0nh8/swig,6,,osmosis,factory/osmo1q77cw0mmlluxu0wr29fcdd0tdnh78gzhkvhe4n6ulal9qvrtu43qtd0nh8/swig,native,2024-07-23T14:47:57.675Z,2024-05-27T02:25:24.289000,false,chain-metadata
osmosis,factory/osmo1q77cw0mmlluxu0wr29fcdd0tdnh78gzhkvhe4n6ulal9qvrtu43qtd0nh8/sloth,Sloth,Sloth,factory/osmo1q77cw0mmlluxu0wr29fcdd0tdnh78gzhkvhe4n6ulal9qvrtu43qtd0nh8/sloth,6,,osmosis,factory/osmo1q77cw0mmlluxu0wr29fcdd0tdnh78gzhkvhe4n6ulal9qvrtu43qtd0nh8/sloth,native,2024-07-23T14:47:57.675Z,2024-05-03T04:58:12.461000,false,chain-metadata
osmosis,factory/osmo1q77cw0mmlluxu0wr29fcdd0tdnh78gzhkvhe4n6ulal9qvrtu43qtd0nh8/smm,The 14-Year-Old Savior,SMM,factory/osmo1q77cw0mmlluxu0wr29fcdd0tdnh78gzhkvhe4n6ulal9qvrtu43qtd0nh8/smm,6,,osmosis,factory/osmo1q77cw0mmlluxu0wr29fcdd0tdnh78gzhkvhe4n6ulal9qvrtu43qtd0nh8/smm,native,2024-07-23T14:47:57.675Z,2024-05-06T22:01:07.477000,false,chain-metadata
osmosis,factory/osmo1q77cw0mmlluxu0wr29fcdd0tdnh78gzhkvhe4n6ulal9qvrtu43qtd0nh8/sore,SeanORiley effect,SORe,factory/osmo1q77cw0mmlluxu0wr29fcdd0tdnh78gzhkvhe4n6ulal9qvrtu43qtd0nh8/sore,6,,osmosis,factory/osmo1q77cw0mmlluxu0wr29fcdd0tdnh78gzhkvhe4n6ulal9qvrtu43qtd0nh8/sore,native,2024-07-23T14:47:57.675Z,2024-07-18T02:25:27.662000,false,chain-metadata
osmosis,factory/osmo1q77cw0mmlluxu0wr29fcdd0tdnh78gzhkvhe4n6ulal9qvrtu43qtd0nh8/sumo,SUMO 🉐,SUMO,factory/osmo1q77cw0mmlluxu0wr29fcdd0tdnh78gzhkvhe4n6ulal9qvrtu43qtd0nh8/sumo,6,,osmosis,factory/osmo1q77cw0mmlluxu0wr29fcdd0tdnh78gzhkvhe4n6ulal9qvrtu43qtd0nh8/sumo,native,2024-07-23T14:47:57.675Z,2024-05-10T10:44:50.966000,false,chain-metadata
osmosis,factory/osmo1q77cw0mmlluxu0wr29fcdd0tdnh78gzhkvhe4n6ulal9qvrtu43qtd0nh8/stgme,GameStop,stGME,factory/osmo1q77cw0mmlluxu0wr29fcdd0tdnh78gzhkvhe4n6ulal9qvrtu43qtd0nh8/stgme,6,,osmosis,factory/osmo1q77cw0mmlluxu0wr29fcdd0tdnh78gzhkvhe4n6ulal9qvrtu43qtd0nh8/stgme,native,2024-07-23T14:47:57.675Z,2024-05-14T22:30:51.115000,false,chain-metadata
osmosis,factory/osmo1q77cw0mmlluxu0wr29fcdd0tdnh78gzhkvhe4n6ulal9qvrtu43qtd0nh8/strm,Stormy Daniels,STRM,factory/osmo1q77cw0mmlluxu0wr29fcdd0tdnh78gzhkvhe4n6ulal9qvrtu43qtd0nh8/strm,6,,osmosis,factory/osmo1q77cw0mmlluxu0wr29fcdd0tdnh78gzhkvhe4n6ulal9qvrtu43qtd0nh8/strm,native,2024-07-23T14:47:57.675Z,2024-05-09T07:21:38.038000,false,chain-metadata
osmosis,factory/osmo1q77cw0mmlluxu0wr29fcdd0tdnh78gzhkvhe4n6ulal9qvrtu43qtd0nh8/sunny,Sunnitoshi Aggaroto,SUNNY,factory/osmo1q77cw0mmlluxu0wr29fcdd0tdnh78gzhkvhe4n6ulal9qvrtu43qtd0nh8/sunny,6,,osmosis,factory/osmo1q77cw0mmlluxu0wr29fcdd0tdnh78gzhkvhe4n6ulal9qvrtu43qtd0nh8/sunny,native,2024-07-23T14:47:57.675Z,2024-05-02T20:56:42.739000,false,chain-metadata
osmosis,factory/osmo1q77cw0mmlluxu0wr29fcdd0tdnh78gzhkvhe4n6ulal9qvrtu43qtd0nh8/ttm,To The Moon,TTM,factory/osmo1q77cw0mmlluxu0wr29fcdd0tdnh78gzhkvhe4n6ulal9qvrtu43qtd0nh8/ttm,6,,osmosis,factory/osmo1q77cw0mmlluxu0wr29fcdd0tdnh78gzhkvhe4n6ulal9qvrtu43qtd0nh8/ttm,native,2024-07-23T14:47:57.676Z,2024-05-06T22:01:07.478000,false,chain-metadata
osmosis,factory/osmo1q77cw0mmlluxu0wr29fcdd0tdnh78gzhkvhe4n6ulal9qvrtu43qtd0nh8/tomp,Tomp,Tomp,factory/osmo1q77cw0mmlluxu0wr29fcdd0tdnh78gzhkvhe4n6ulal9qvrtu43qtd0nh8/tomp,6,,osmosis,factory/osmo1q77cw0mmlluxu0wr29fcdd0tdnh78gzhkvhe4n6ulal9qvrtu43qtd0nh8/tomp,native,2024-07-23T14:47:57.676Z,2024-06-29T02:25:26.669000,false,chain-metadata
osmosis,factory/osmo1q77cw0mmlluxu0wr29fcdd0tdnh78gzhkvhe4n6ulal9qvrtu43qtd0nh8/teleport,Teleporter INU,TELEPORT,factory/osmo1q77cw0mmlluxu0wr29fcdd0tdnh78gzhkvhe4n6ulal9qvrtu43qtd0nh8/teleport,6,,osmosis,factory/osmo1q77cw0mmlluxu0wr29fcdd0tdnh78gzhkvhe4n6ulal9qvrtu43qtd0nh8/teleport,native,2024-07-23T14:47:57.676Z,2024-05-04T14:34:18.915000,false,chain-metadata
osmosis,factory/osmo1q77cw0mmlluxu0wr29fcdd0tdnh78gzhkvhe4n6ulal9qvrtu43qtd0nh8/twr,The White Rabbit,TWR,factory/osmo1q77cw0mmlluxu0wr29fcdd0tdnh78gzhkvhe4n6ulal9qvrtu43qtd0nh8/twr,6,,osmosis,factory/osmo1q77cw0mmlluxu0wr29fcdd0tdnh78gzhkvhe4n6ulal9qvrtu43qtd0nh8/twr,native,2024-07-23T14:47:57.676Z,2024-07-06T23:15:16.401000,false,chain-metadata
osmosis,factory/osmo1q77cw0mmlluxu0wr29fcdd0tdnh78gzhkvhe4n6ulal9qvrtu43qtd0nh8/unrmeme,Unicorn Meme,UNRMEME,factory/osmo1q77cw0mmlluxu0wr29fcdd0tdnh78gzhkvhe4n6ulal9qvrtu43qtd0nh8/unrmeme,6,,osmosis,factory/osmo1q77cw0mmlluxu0wr29fcdd0tdnh78gzhkvhe4n6ulal9qvrtu43qtd0nh8/unrmeme,native,2024-07-23T14:47:57.676Z,2024-07-05T19:45:36.153000,false,chain-metadata
osmosis,factory/osmo1q77cw0mmlluxu0wr29fcdd0tdnh78gzhkvhe4n6ulal9qvrtu43qtd0nh8/tin,Lomantin,TIN,factory/osmo1q77cw0mmlluxu0wr29fcdd0tdnh78gzhkvhe4n6ulal9qvrtu43qtd0nh8/tin,6,,osmosis,factory/osmo1q77cw0mmlluxu0wr29fcdd0tdnh78gzhkvhe4n6ulal9qvrtu43qtd0nh8/tin,native,2024-07-23T14:47:57.676Z,2024-05-03T04:58:12.461000,false,chain-metadata
osmosis,factory/osmo1q77cw0mmlluxu0wr29fcdd0tdnh78gzhkvhe4n6ulal9qvrtu43qtd0nh8/twerk,twerking dog,twerk,factory/osmo1q77cw0mmlluxu0wr29fcdd0tdnh78gzhkvhe4n6ulal9qvrtu43qtd0nh8/twerk,6,,osmosis,factory/osmo1q77cw0mmlluxu0wr29fcdd0tdnh78gzhkvhe4n6ulal9qvrtu43qtd0nh8/twerk,native,2024-07-23T14:47:57.676Z,2024-05-06T22:01:07.478000,false,chain-metadata
osmosis,factory/osmo1q77cw0mmlluxu0wr29fcdd0tdnh78gzhkvhe4n6ulal9qvrtu43qtd0nh8/trosmo,Totally Real OSMO,TROSMO,factory/osmo1q77cw0mmlluxu0wr29fcdd0tdnh78gzhkvhe4n6ulal9qvrtu43qtd0nh8/trosmo,6,,osmosis,factory/osmo1q77cw0mmlluxu0wr29fcdd0tdnh78gzhkvhe4n6ulal9qvrtu43qtd0nh8/trosmo,native,2024-07-23T14:47:57.676Z,2024-05-04T02:25:27.731000,false,chain-metadata
osmosis,factory/osmo1q77cw0mmlluxu0wr29fcdd0tdnh78gzhkvhe4n6ulal9qvrtu43qtd0nh8/tru,TRUMP,TRU,factory/osmo1q77cw0mmlluxu0wr29fcdd0tdnh78gzhkvhe4n6ulal9qvrtu43qtd0nh8/tru,6,,osmosis,factory/osmo1q77cw0mmlluxu0wr29fcdd0tdnh78gzhkvhe4n6ulal9qvrtu43qtd0nh8/tru,native,2024-07-23T14:47:57.676Z,2024-05-12T21:52:42.713000,false,chain-metadata
osmosis,factory/osmo1q77cw0mmlluxu0wr29fcdd0tdnh78gzhkvhe4n6ulal9qvrtu43qtd0nh8/trump,Donald Trump,TRUMP,factory/osmo1q77cw0mmlluxu0wr29fcdd0tdnh78gzhkvhe4n6ulal9qvrtu43qtd0nh8/trump,6,,osmosis,factory/osmo1q77cw0mmlluxu0wr29fcdd0tdnh78gzhkvhe4n6ulal9qvrtu43qtd0nh8/trump,native,2024-07-23T14:47:57.676Z,2024-05-05T22:11:22.791000,false,chain-metadata
osmosis,factory/osmo1q77cw0mmlluxu0wr29fcdd0tdnh78gzhkvhe4n6ulal9qvrtu43qtd0nh8/tmg,TMG,TMG,factory/osmo1q77cw0mmlluxu0wr29fcdd0tdnh78gzhkvhe4n6ulal9qvrtu43qtd0nh8/tmg,6,,osmosis,factory/osmo1q77cw0mmlluxu0wr29fcdd0tdnh78gzhkvhe4n6ulal9qvrtu43qtd0nh8/tmg,native,2024-07-23T14:47:57.676Z,2024-06-22T02:25:50.662000,false,chain-metadata
osmosis,factory/osmo1q77cw0mmlluxu0wr29fcdd0tdnh78gzhkvhe4n6ulal9qvrtu43qtd0nh8/ufr,UnframedArt,UFR,factory/osmo1q77cw0mmlluxu0wr29fcdd0tdnh78gzhkvhe4n6ulal9qvrtu43qtd0nh8/ufr,6,,osmosis,factory/osmo1q77cw0mmlluxu0wr29fcdd0tdnh78gzhkvhe4n6ulal9qvrtu43qtd0nh8/ufr,native,2024-07-23T14:47:57.676Z,2024-05-04T14:34:18.915000,false,chain-metadata
osmosis,factory/osmo1q77cw0mmlluxu0wr29fcdd0tdnh78gzhkvhe4n6ulal9qvrtu43qtd0nh8/un1,Universe1,UN1,factory/osmo1q77cw0mmlluxu0wr29fcdd0tdnh78gzhkvhe4n6ulal9qvrtu43qtd0nh8/un1,6,,osmosis,factory/osmo1q77cw0mmlluxu0wr29fcdd0tdnh78gzhkvhe4n6ulal9qvrtu43qtd0nh8/un1,native,2024-07-23T14:47:57.676Z,2024-05-04T18:14:39.210000,false,chain-metadata
osmosis,factory/osmo1q77cw0mmlluxu0wr29fcdd0tdnh78gzhkvhe4n6ulal9qvrtu43qtd0nh8/trp,TRUMP,TRP,factory/osmo1q77cw0mmlluxu0wr29fcdd0tdnh78gzhkvhe4n6ulal9qvrtu43qtd0nh8/trp,6,,osmosis,factory/osmo1q77cw0mmlluxu0wr29fcdd0tdnh78gzhkvhe4n6ulal9qvrtu43qtd0nh8/trp,native,2024-07-23T14:47:57.676Z,2024-05-06T22:01:07.478000,false,chain-metadata
osmosis,factory/osmo1q77cw0mmlluxu0wr29fcdd0tdnh78gzhkvhe4n6ulal9qvrtu43qtd0nh8/tst,Taste,TST,factory/osmo1q77cw0mmlluxu0wr29fcdd0tdnh78gzhkvhe4n6ulal9qvrtu43qtd0nh8/tst,6,,osmosis,factory/osmo1q77cw0mmlluxu0wr29fcdd0tdnh78gzhkvhe4n6ulal9qvrtu43qtd0nh8/tst,native,2024-07-23T14:47:57.676Z,2024-05-03T09:42:43.954000,false,chain-metadata
osmosis,factory/osmo1q77cw0mmlluxu0wr29fcdd0tdnh78gzhkvhe4n6ulal9qvrtu43qtd0nh8/test8877,test887,test8877,factory/osmo1q77cw0mmlluxu0wr29fcdd0tdnh78gzhkvhe4n6ulal9qvrtu43qtd0nh8/test8877,6,,osmosis,factory/osmo1q77cw0mmlluxu0wr29fcdd0tdnh78gzhkvhe4n6ulal9qvrtu43qtd0nh8/test8877,native,2024-07-23T14:47:57.676Z,2024-05-27T02:25:24.289000,false,chain-metadata
osmosis,factory/osmo1q77cw0mmlluxu0wr29fcdd0tdnh78gzhkvhe4n6ulal9qvrtu43qtd0nh8/trumpro,trumpprotocol,trumpro,factory/osmo1q77cw0mmlluxu0wr29fcdd0tdnh78gzhkvhe4n6ulal9qvrtu43qtd0nh8/trumpro,6,,osmosis,factory/osmo1q77cw0mmlluxu0wr29fcdd0tdnh78gzhkvhe4n6ulal9qvrtu43qtd0nh8/trumpro,native,2024-07-23T14:47:57.676Z,2024-05-10T23:09:07.593000,false,chain-metadata
osmosis,factory/osmo1q77cw0mmlluxu0wr29fcdd0tdnh78gzhkvhe4n6ulal9qvrtu43qtd0nh8/tbc,Trump is a Bullet Counter,TBC,factory/osmo1q77cw0mmlluxu0wr29fcdd0tdnh78gzhkvhe4n6ulal9qvrtu43qtd0nh8/tbc,6,,osmosis,factory/osmo1q77cw0mmlluxu0wr29fcdd0tdnh78gzhkvhe4n6ulal9qvrtu43qtd0nh8/tbc,native,2024-07-23T14:47:57.676Z,2024-07-14T12:18:50.552000,false,chain-metadata
osmosis,factory/osmo1q77cw0mmlluxu0wr29fcdd0tdnh78gzhkvhe4n6ulal9qvrtu43qtd0nh8/tek,Tekno,Tek,factory/osmo1q77cw0mmlluxu0wr29fcdd0tdnh78gzhkvhe4n6ulal9qvrtu43qtd0nh8/tek,6,,osmosis,factory/osmo1q77cw0mmlluxu0wr29fcdd0tdnh78gzhkvhe4n6ulal9qvrtu43qtd0nh8/tek,native,2024-07-23T14:47:57.676Z,2024-05-23T11:05:49.012000,false,chain-metadata
osmosis,factory/osmo1q77cw0mmlluxu0wr29fcdd0tdnh78gzhkvhe4n6ulal9qvrtu43qtd0nh8/tfg,TunaFishandGritts,TFG,factory/osmo1q77cw0mmlluxu0wr29fcdd0tdnh78gzhkvhe4n6ulal9qvrtu43qtd0nh8/tfg,6,,osmosis,factory/osmo1q77cw0mmlluxu0wr29fcdd0tdnh78gzhkvhe4n6ulal9qvrtu43qtd0nh8/tfg,native,2024-07-23T14:47:57.676Z,2024-05-24T02:26:14.849000,false,chain-metadata
osmosis,factory/osmo1q77cw0mmlluxu0wr29fcdd0tdnh78gzhkvhe4n6ulal9qvrtu43qtd0nh8/test,Test,TEST,factory/osmo1q77cw0mmlluxu0wr29fcdd0tdnh78gzhkvhe4n6ulal9qvrtu43qtd0nh8/test,6,,osmosis,factory/osmo1q77cw0mmlluxu0wr29fcdd0tdnh78gzhkvhe4n6ulal9qvrtu43qtd0nh8/test,native,2024-07-23T14:47:57.676Z,2024-05-02T12:14:56.969000,false,chain-metadata
osmosis,factory/osmo1q77cw0mmlluxu0wr29fcdd0tdnh78gzhkvhe4n6ulal9qvrtu43qtd0nh8/trt,turtles du peuple,trt,factory/osmo1q77cw0mmlluxu0wr29fcdd0tdnh78gzhkvhe4n6ulal9qvrtu43qtd0nh8/trt,6,,osmosis,factory/osmo1q77cw0mmlluxu0wr29fcdd0tdnh78gzhkvhe4n6ulal9qvrtu43qtd0nh8/trt,native,2024-07-23T14:47:57.676Z,2024-05-29T17:48:45.256000,false,chain-metadata
osmosis,factory/osmo1q77cw0mmlluxu0wr29fcdd0tdnh78gzhkvhe4n6ulal9qvrtu43qtd0nh8/unicorn,UniCorn,unicorn,factory/osmo1q77cw0mmlluxu0wr29fcdd0tdnh78gzhkvhe4n6ulal9qvrtu43qtd0nh8/unicorn,6,,osmosis,factory/osmo1q77cw0mmlluxu0wr29fcdd0tdnh78gzhkvhe4n6ulal9qvrtu43qtd0nh8/unicorn,native,2024-07-23T14:47:57.676Z,2024-05-29T17:48:45.256000,false,chain-metadata
osmosis,factory/osmo1q77cw0mmlluxu0wr29fcdd0tdnh78gzhkvhe4n6ulal9qvrtu43qtd0nh8/trh,Tredhat,TRH,factory/osmo1q77cw0mmlluxu0wr29fcdd0tdnh78gzhkvhe4n6ulal9qvrtu43qtd0nh8/trh,6,,osmosis,factory/osmo1q77cw0mmlluxu0wr29fcdd0tdnh78gzhkvhe4n6ulal9qvrtu43qtd0nh8/trh,native,2024-07-23T14:47:57.676Z,2024-07-17T12:01:55.974000,false,chain-metadata
osmosis,factory/osmo1q77cw0mmlluxu0wr29fcdd0tdnh78gzhkvhe4n6ulal9qvrtu43qtd0nh8/tits,Anime Tiddies,TITS,factory/osmo1q77cw0mmlluxu0wr29fcdd0tdnh78gzhkvhe4n6ulal9qvrtu43qtd0nh8/tits,6,,osmosis,factory/osmo1q77cw0mmlluxu0wr29fcdd0tdnh78gzhkvhe4n6ulal9qvrtu43qtd0nh8/tits,native,2024-07-23T14:47:57.676Z,2024-05-05T22:11:22.791000,false,chain-metadata
osmosis,factory/osmo1q77cw0mmlluxu0wr29fcdd0tdnh78gzhkvhe4n6ulal9qvrtu43qtd0nh8/thc,Thomas Cook Traveller Cheque,THC,factory/osmo1q77cw0mmlluxu0wr29fcdd0tdnh78gzhkvhe4n6ulal9qvrtu43qtd0nh8/thc,6,,osmosis,factory/osmo1q77cw0mmlluxu0wr29fcdd0tdnh78gzhkvhe4n6ulal9qvrtu43qtd0nh8/thc,native,2024-07-23T14:47:57.676Z,2024-05-21T02:26:01.790000,false,chain-metadata
osmosis,factory/osmo1q77cw0mmlluxu0wr29fcdd0tdnh78gzhkvhe4n6ulal9qvrtu43qtd0nh8/tsas,The Space Ape Society✨🔭🦍,TSAS,factory/osmo1q77cw0mmlluxu0wr29fcdd0tdnh78gzhkvhe4n6ulal9qvrtu43qtd0nh8/tsas,6,,osmosis,factory/osmo1q77cw0mmlluxu0wr29fcdd0tdnh78gzhkvhe4n6ulal9qvrtu43qtd0nh8/tsas,native,2024-07-23T14:47:57.676Z,2024-07-04T02:25:15.443000,false,chain-metadata
osmosis,factory/osmo1q77cw0mmlluxu0wr29fcdd0tdnh78gzhkvhe4n6ulal9qvrtu43qtd0nh8/ukr,Slava Ukraini,UKR,factory/osmo1q77cw0mmlluxu0wr29fcdd0tdnh78gzhkvhe4n6ulal9qvrtu43qtd0nh8/ukr,6,,osmosis,factory/osmo1q77cw0mmlluxu0wr29fcdd0tdnh78gzhkvhe4n6ulal9qvrtu43qtd0nh8/ukr,native,2024-07-23T14:47:57.676Z,2024-05-04T02:25:27.731000,false,chain-metadata
osmosis,factory/osmo1q77cw0mmlluxu0wr29fcdd0tdnh78gzhkvhe4n6ulal9qvrtu43qtd0nh8/tdo,TOTALDEGENOSMO,TDO,factory/osmo1q77cw0mmlluxu0wr29fcdd0tdnh78gzhkvhe4n6ulal9qvrtu43qtd0nh8/tdo,6,,osmosis,factory/osmo1q77cw0mmlluxu0wr29fcdd0tdnh78gzhkvhe4n6ulal9qvrtu43qtd0nh8/tdo,native,2024-07-23T14:47:57.676Z,2024-05-05T22:11:22.791000,false,chain-metadata
osmosis,factory/osmo1q77cw0mmlluxu0wr29fcdd0tdnh78gzhkvhe4n6ulal9qvrtu43qtd0nh8/tramp,tramp2024,tramp,factory/osmo1q77cw0mmlluxu0wr29fcdd0tdnh78gzhkvhe4n6ulal9qvrtu43qtd0nh8/tramp,6,,osmosis,factory/osmo1q77cw0mmlluxu0wr29fcdd0tdnh78gzhkvhe4n6ulal9qvrtu43qtd0nh8/tramp,native,2024-07-23T14:47:57.676Z,2024-05-05T22:11:22.791000,false,chain-metadata
osmosis,factory/osmo1q77cw0mmlluxu0wr29fcdd0tdnh78gzhkvhe4n6ulal9qvrtu43qtd0nh8/tolkien,is a tolkien,tolkien,factory/osmo1q77cw0mmlluxu0wr29fcdd0tdnh78gzhkvhe4n6ulal9qvrtu43qtd0nh8/tolkien,6,,osmosis,factory/osmo1q77cw0mmlluxu0wr29fcdd0tdnh78gzhkvhe4n6ulal9qvrtu43qtd0nh8/tolkien,native,2024-07-23T14:47:57.676Z,2024-05-06T22:01:07.478000,false,chain-metadata
osmosis,factory/osmo1q77cw0mmlluxu0wr29fcdd0tdnh78gzhkvhe4n6ulal9qvrtu43qtd0nh8/thang,Hawk Tuah,Thang,factory/osmo1q77cw0mmlluxu0wr29fcdd0tdnh78gzhkvhe4n6ulal9qvrtu43qtd0nh8/thang,6,,osmosis,factory/osmo1q77cw0mmlluxu0wr29fcdd0tdnh78gzhkvhe4n6ulal9qvrtu43qtd0nh8/thang,native,2024-07-23T14:47:57.676Z,2024-06-23T02:25:46.142000,false,chain-metadata
osmosis,factory/osmo1q77cw0mmlluxu0wr29fcdd0tdnh78gzhkvhe4n6ulal9qvrtu43qtd0nh8/thugpuppies,Thug Puppies,THUGPUPPIES,factory/osmo1q77cw0mmlluxu0wr29fcdd0tdnh78gzhkvhe4n6ulal9qvrtu43qtd0nh8/thugpuppies,6,,osmosis,factory/osmo1q77cw0mmlluxu0wr29fcdd0tdnh78gzhkvhe4n6ulal9qvrtu43qtd0nh8/thugpuppies,native,2024-07-23T14:47:57.676Z,2024-05-19T20:42:26.278000,false,chain-metadata
osmosis,factory/osmo1q77cw0mmlluxu0wr29fcdd0tdnh78gzhkvhe4n6ulal9qvrtu43qtd0nh8/tmp,TREMP,TMP,factory/osmo1q77cw0mmlluxu0wr29fcdd0tdnh78gzhkvhe4n6ulal9qvrtu43qtd0nh8/tmp,6,,osmosis,factory/osmo1q77cw0mmlluxu0wr29fcdd0tdnh78gzhkvhe4n6ulal9qvrtu43qtd0nh8/tmp,native,2024-07-23T14:47:57.676Z,2024-05-29T17:48:45.256000,false,chain-metadata
osmosis,factory/osmo1q77cw0mmlluxu0wr29fcdd0tdnh78gzhkvhe4n6ulal9qvrtu43qtd0nh8/ttmm,totomomo,ttmm,factory/osmo1q77cw0mmlluxu0wr29fcdd0tdnh78gzhkvhe4n6ulal9qvrtu43qtd0nh8/ttmm,6,,osmosis,factory/osmo1q77cw0mmlluxu0wr29fcdd0tdnh78gzhkvhe4n6ulal9qvrtu43qtd0nh8/ttmm,native,2024-07-23T14:47:57.676Z,2024-05-05T00:50:34.061000,false,chain-metadata
osmosis,factory/osmo1q77cw0mmlluxu0wr29fcdd0tdnh78gzhkvhe4n6ulal9qvrtu43qtd0nh8/trumps,Trumponstero,TRUMPS,factory/osmo1q77cw0mmlluxu0wr29fcdd0tdnh78gzhkvhe4n6ulal9qvrtu43qtd0nh8/trumps,6,,osmosis,factory/osmo1q77cw0mmlluxu0wr29fcdd0tdnh78gzhkvhe4n6ulal9qvrtu43qtd0nh8/trumps,native,2024-07-23T14:47:57.676Z,2024-05-29T17:48:45.256000,false,chain-metadata
osmosis,factory/osmo1q77cw0mmlluxu0wr29fcdd0tdnh78gzhkvhe4n6ulal9qvrtu43qtd0nh8/then,Then,THEN,factory/osmo1q77cw0mmlluxu0wr29fcdd0tdnh78gzhkvhe4n6ulal9qvrtu43qtd0nh8/then,6,,osmosis,factory/osmo1q77cw0mmlluxu0wr29fcdd0tdnh78gzhkvhe4n6ulal9qvrtu43qtd0nh8/then,native,2024-07-23T14:47:57.676Z,2024-06-22T02:25:50.661000,false,chain-metadata
osmosis,factory/osmo1q77cw0mmlluxu0wr29fcdd0tdnh78gzhkvhe4n6ulal9qvrtu43qtd0nh8/tmto,Tomato,TMTO,factory/osmo1q77cw0mmlluxu0wr29fcdd0tdnh78gzhkvhe4n6ulal9qvrtu43qtd0nh8/tmto,6,,osmosis,factory/osmo1q77cw0mmlluxu0wr29fcdd0tdnh78gzhkvhe4n6ulal9qvrtu43qtd0nh8/tmto,native,2024-07-23T14:47:57.676Z,2024-05-06T22:01:07.478000,false,chain-metadata
osmosis,factory/osmo1q77cw0mmlluxu0wr29fcdd0tdnh78gzhkvhe4n6ulal9qvrtu43qtd0nh8/thy,Thyger,THY,factory/osmo1q77cw0mmlluxu0wr29fcdd0tdnh78gzhkvhe4n6ulal9qvrtu43qtd0nh8/thy,6,,osmosis,factory/osmo1q77cw0mmlluxu0wr29fcdd0tdnh78gzhkvhe4n6ulal9qvrtu43qtd0nh8/thy,native,2024-07-23T14:47:57.676Z,2024-05-02T20:56:42.739000,false,chain-metadata
osmosis,factory/osmo1q77cw0mmlluxu0wr29fcdd0tdnh78gzhkvhe4n6ulal9qvrtu43qtd0nh8/trun,Trump and Elon,TRUN,factory/osmo1q77cw0mmlluxu0wr29fcdd0tdnh78gzhkvhe4n6ulal9qvrtu43qtd0nh8/trun,6,,osmosis,factory/osmo1q77cw0mmlluxu0wr29fcdd0tdnh78gzhkvhe4n6ulal9qvrtu43qtd0nh8/trun,native,2024-07-23T14:47:57.676Z,2024-05-10T02:25:29.188000,false,chain-metadata
osmosis,factory/osmo1q77cw0mmlluxu0wr29fcdd0tdnh78gzhkvhe4n6ulal9qvrtu43qtd0nh8/teng,TENGE,TENG,factory/osmo1q77cw0mmlluxu0wr29fcdd0tdnh78gzhkvhe4n6ulal9qvrtu43qtd0nh8/teng,6,,osmosis,factory/osmo1q77cw0mmlluxu0wr29fcdd0tdnh78gzhkvhe4n6ulal9qvrtu43qtd0nh8/teng,native,2024-07-23T14:47:57.676Z,2024-05-08T15:35:16.260000,false,chain-metadata
osmosis,factory/osmo1q77cw0mmlluxu0wr29fcdd0tdnh78gzhkvhe4n6ulal9qvrtu43qtd0nh8/titties,Titties,Titties,factory/osmo1q77cw0mmlluxu0wr29fcdd0tdnh78gzhkvhe4n6ulal9qvrtu43qtd0nh8/titties,6,,osmosis,factory/osmo1q77cw0mmlluxu0wr29fcdd0tdnh78gzhkvhe4n6ulal9qvrtu43qtd0nh8/titties,native,2024-07-23T14:47:57.676Z,2024-05-04T18:14:39.210000,false,chain-metadata
osmosis,factory/osmo1q77cw0mmlluxu0wr29fcdd0tdnh78gzhkvhe4n6ulal9qvrtu43qtd0nh8/tvb,Trump vs Biden,TVB,factory/osmo1q77cw0mmlluxu0wr29fcdd0tdnh78gzhkvhe4n6ulal9qvrtu43qtd0nh8/tvb,6,,osmosis,factory/osmo1q77cw0mmlluxu0wr29fcdd0tdnh78gzhkvhe4n6ulal9qvrtu43qtd0nh8/tvb,native,2024-07-23T14:47:57.676Z,2024-05-29T17:48:45.256000,false,chain-metadata
osmosis,factory/osmo1q77cw0mmlluxu0wr29fcdd0tdnh78gzhkvhe4n6ulal9qvrtu43qtd0nh8/tbk,TSUBAKI,TBK,factory/osmo1q77cw0mmlluxu0wr29fcdd0tdnh78gzhkvhe4n6ulal9qvrtu43qtd0nh8/tbk,6,,osmosis,factory/osmo1q77cw0mmlluxu0wr29fcdd0tdnh78gzhkvhe4n6ulal9qvrtu43qtd0nh8/tbk,native,2024-07-23T14:47:57.676Z,2024-05-04T02:25:27.731000,false,chain-metadata
osmosis,factory/osmo1q77cw0mmlluxu0wr29fcdd0tdnh78gzhkvhe4n6ulal9qvrtu43qtd0nh8/thug,Thug Puppies,THUG,factory/osmo1q77cw0mmlluxu0wr29fcdd0tdnh78gzhkvhe4n6ulal9qvrtu43qtd0nh8/thug,6,,osmosis,factory/osmo1q77cw0mmlluxu0wr29fcdd0tdnh78gzhkvhe4n6ulal9qvrtu43qtd0nh8/thug,native,2024-07-23T14:47:57.676Z,2024-05-19T20:42:26.278000,false,chain-metadata
osmosis,factory/osmo1q77cw0mmlluxu0wr29fcdd0tdnh78gzhkvhe4n6ulal9qvrtu43qtd0nh8/thr,ThatsRite,THR,factory/osmo1q77cw0mmlluxu0wr29fcdd0tdnh78gzhkvhe4n6ulal9qvrtu43qtd0nh8/thr,6,,osmosis,factory/osmo1q77cw0mmlluxu0wr29fcdd0tdnh78gzhkvhe4n6ulal9qvrtu43qtd0nh8/thr,native,2024-07-23T14:47:57.676Z,2024-05-04T02:25:27.731000,false,chain-metadata
osmosis,factory/osmo1q77cw0mmlluxu0wr29fcdd0tdnh78gzhkvhe4n6ulal9qvrtu43qtd0nh8/udx,underxax,udx,factory/osmo1q77cw0mmlluxu0wr29fcdd0tdnh78gzhkvhe4n6ulal9qvrtu43qtd0nh8/udx,6,,osmosis,factory/osmo1q77cw0mmlluxu0wr29fcdd0tdnh78gzhkvhe4n6ulal9qvrtu43qtd0nh8/udx,native,2024-07-23T14:47:57.676Z,2024-05-04T02:25:27.731000,false,chain-metadata
osmosis,factory/osmo1q77cw0mmlluxu0wr29fcdd0tdnh78gzhkvhe4n6ulal9qvrtu43qtd0nh8/weird,WEIRD,WEIRD,factory/osmo1q77cw0mmlluxu0wr29fcdd0tdnh78gzhkvhe4n6ulal9qvrtu43qtd0nh8/weird,6,,osmosis,factory/osmo1q77cw0mmlluxu0wr29fcdd0tdnh78gzhkvhe4n6ulal9qvrtu43qtd0nh8/weird,native,2024-07-23T14:47:57.677Z,2024-05-11T10:20:55.186000,false,chain-metadata
osmosis,factory/osmo1q77cw0mmlluxu0wr29fcdd0tdnh78gzhkvhe4n6ulal9qvrtu43qtd0nh8/wsb,Wall$treetBet$,WSB,factory/osmo1q77cw0mmlluxu0wr29fcdd0tdnh78gzhkvhe4n6ulal9qvrtu43qtd0nh8/wsb,6,,osmosis,factory/osmo1q77cw0mmlluxu0wr29fcdd0tdnh78gzhkvhe4n6ulal9qvrtu43qtd0nh8/wsb,native,2024-07-23T14:47:57.677Z,2024-05-12T18:10:59.911000,false,chain-metadata
osmosis,factory/osmo1q77cw0mmlluxu0wr29fcdd0tdnh78gzhkvhe4n6ulal9qvrtu43qtd0nh8/vic,Victory Coin,VIC,factory/osmo1q77cw0mmlluxu0wr29fcdd0tdnh78gzhkvhe4n6ulal9qvrtu43qtd0nh8/vic,6,,osmosis,factory/osmo1q77cw0mmlluxu0wr29fcdd0tdnh78gzhkvhe4n6ulal9qvrtu43qtd0nh8/vic,native,2024-07-23T14:47:57.677Z,2024-05-04T09:11:53.938000,false,chain-metadata
osmosis,factory/osmo1q77cw0mmlluxu0wr29fcdd0tdnh78gzhkvhe4n6ulal9qvrtu43qtd0nh8/ydi,ydinvestor,YDI,factory/osmo1q77cw0mmlluxu0wr29fcdd0tdnh78gzhkvhe4n6ulal9qvrtu43qtd0nh8/ydi,6,,osmosis,factory/osmo1q77cw0mmlluxu0wr29fcdd0tdnh78gzhkvhe4n6ulal9qvrtu43qtd0nh8/ydi,native,2024-07-23T14:47:57.677Z,2024-05-02T20:56:42.739000,false,chain-metadata
osmosis,factory/osmo1q77cw0mmlluxu0wr29fcdd0tdnh78gzhkvhe4n6ulal9qvrtu43qtd0nh8/xlc,XaoLon,XLC,factory/osmo1q77cw0mmlluxu0wr29fcdd0tdnh78gzhkvhe4n6ulal9qvrtu43qtd0nh8/xlc,6,,osmosis,factory/osmo1q77cw0mmlluxu0wr29fcdd0tdnh78gzhkvhe4n6ulal9qvrtu43qtd0nh8/xlc,native,2024-07-23T14:47:57.677Z,2024-05-03T04:58:12.461000,false,chain-metadata
osmosis,factory/osmo1q77cw0mmlluxu0wr29fcdd0tdnh78gzhkvhe4n6ulal9qvrtu43qtd0nh8/wad,WenAirDrop,WAD,factory/osmo1q77cw0mmlluxu0wr29fcdd0tdnh78gzhkvhe4n6ulal9qvrtu43qtd0nh8/wad,6,,osmosis,factory/osmo1q77cw0mmlluxu0wr29fcdd0tdnh78gzhkvhe4n6ulal9qvrtu43qtd0nh8/wad,native,2024-07-23T14:47:57.677Z,2024-05-12T02:25:42.253000,false,chain-metadata
osmosis,factory/osmo1q77cw0mmlluxu0wr29fcdd0tdnh78gzhkvhe4n6ulal9qvrtu43qtd0nh8/weed,BLAZEIT,WEED,factory/osmo1q77cw0mmlluxu0wr29fcdd0tdnh78gzhkvhe4n6ulal9qvrtu43qtd0nh8/weed,6,,osmosis,factory/osmo1q77cw0mmlluxu0wr29fcdd0tdnh78gzhkvhe4n6ulal9qvrtu43qtd0nh8/weed,native,2024-07-23T14:47:57.677Z,2024-05-03T02:26:18.658000,false,chain-metadata
osmosis,factory/osmo1q77cw0mmlluxu0wr29fcdd0tdnh78gzhkvhe4n6ulal9qvrtu43qtd0nh8/wtp,Trees and People Thinking of the Earth,wtp,factory/osmo1q77cw0mmlluxu0wr29fcdd0tdnh78gzhkvhe4n6ulal9qvrtu43qtd0nh8/wtp,6,,osmosis,factory/osmo1q77cw0mmlluxu0wr29fcdd0tdnh78gzhkvhe4n6ulal9qvrtu43qtd0nh8/wtp,native,2024-07-23T14:47:57.677Z,2024-05-18T02:25:39.455000,false,chain-metadata
osmosis,factory/osmo1q77cw0mmlluxu0wr29fcdd0tdnh78gzhkvhe4n6ulal9qvrtu43qtd0nh8/wolf,Wolves,WOLF,factory/osmo1q77cw0mmlluxu0wr29fcdd0tdnh78gzhkvhe4n6ulal9qvrtu43qtd0nh8/wolf,6,,osmosis,factory/osmo1q77cw0mmlluxu0wr29fcdd0tdnh78gzhkvhe4n6ulal9qvrtu43qtd0nh8/wolf,native,2024-07-23T14:47:57.677Z,2024-05-06T22:01:07.478000,false,chain-metadata
osmosis,factory/osmo1q77cw0mmlluxu0wr29fcdd0tdnh78gzhkvhe4n6ulal9qvrtu43qtd0nh8/wawcac,WorkASSWifCAC,WAWCAC,factory/osmo1q77cw0mmlluxu0wr29fcdd0tdnh78gzhkvhe4n6ulal9qvrtu43qtd0nh8/wawcac,6,,osmosis,factory/osmo1q77cw0mmlluxu0wr29fcdd0tdnh78gzhkvhe4n6ulal9qvrtu43qtd0nh8/wawcac,native,2024-07-23T14:47:57.677Z,2024-05-05T02:25:44.650000,false,chain-metadata
osmosis,factory/osmo1q77cw0mmlluxu0wr29fcdd0tdnh78gzhkvhe4n6ulal9qvrtu43qtd0nh8/weighty,Weighty,WEIGHTY,factory/osmo1q77cw0mmlluxu0wr29fcdd0tdnh78gzhkvhe4n6ulal9qvrtu43qtd0nh8/weighty,6,,osmosis,factory/osmo1q77cw0mmlluxu0wr29fcdd0tdnh78gzhkvhe4n6ulal9qvrtu43qtd0nh8/weighty,native,2024-07-23T14:47:57.677Z,2024-05-27T10:58:32.685000,false,chain-metadata
osmosis,factory/osmo1q77cw0mmlluxu0wr29fcdd0tdnh78gzhkvhe4n6ulal9qvrtu43qtd0nh8/xlto,XOLITO,XLTO,factory/osmo1q77cw0mmlluxu0wr29fcdd0tdnh78gzhkvhe4n6ulal9qvrtu43qtd0nh8/xlto,6,,osmosis,factory/osmo1q77cw0mmlluxu0wr29fcdd0tdnh78gzhkvhe4n6ulal9qvrtu43qtd0nh8/xlto,native,2024-07-23T14:47:57.677Z,2024-05-17T22:23:58.403000,false,chain-metadata
osmosis,factory/osmo1q77cw0mmlluxu0wr29fcdd0tdnh78gzhkvhe4n6ulal9qvrtu43qtd0nh8/wgt,WG Token ,WGT,factory/osmo1q77cw0mmlluxu0wr29fcdd0tdnh78gzhkvhe4n6ulal9qvrtu43qtd0nh8/wgt,6,,osmosis,factory/osmo1q77cw0mmlluxu0wr29fcdd0tdnh78gzhkvhe4n6ulal9qvrtu43qtd0nh8/wgt,native,2024-07-23T14:47:57.677Z,2024-06-24T02:25:57.872000,false,chain-metadata
osmosis,factory/osmo1q77cw0mmlluxu0wr29fcdd0tdnh78gzhkvhe4n6ulal9qvrtu43qtd0nh8/ust,UST,UST,factory/osmo1q77cw0mmlluxu0wr29fcdd0tdnh78gzhkvhe4n6ulal9qvrtu43qtd0nh8/ust,6,,osmosis,factory/osmo1q77cw0mmlluxu0wr29fcdd0tdnh78gzhkvhe4n6ulal9qvrtu43qtd0nh8/ust,native,2024-07-23T14:47:57.677Z,2024-05-07T02:25:33.661000,false,chain-metadata
osmosis,factory/osmo1q77cw0mmlluxu0wr29fcdd0tdnh78gzhkvhe4n6ulal9qvrtu43qtd0nh8/vikk,VIKKI,VIKK,factory/osmo1q77cw0mmlluxu0wr29fcdd0tdnh78gzhkvhe4n6ulal9qvrtu43qtd0nh8/vikk,6,,osmosis,factory/osmo1q77cw0mmlluxu0wr29fcdd0tdnh78gzhkvhe4n6ulal9qvrtu43qtd0nh8/vikk,native,2024-07-23T14:47:57.677Z,2024-05-27T02:25:24.289000,false,chain-metadata
osmosis,factory/osmo1q77cw0mmlluxu0wr29fcdd0tdnh78gzhkvhe4n6ulal9qvrtu43qtd0nh8/xav,xavier,XAV,factory/osmo1q77cw0mmlluxu0wr29fcdd0tdnh78gzhkvhe4n6ulal9qvrtu43qtd0nh8/xav,6,,osmosis,factory/osmo1q77cw0mmlluxu0wr29fcdd0tdnh78gzhkvhe4n6ulal9qvrtu43qtd0nh8/xav,native,2024-07-23T14:47:57.677Z,2024-05-12T02:25:42.253000,false,chain-metadata
osmosis,factory/osmo1q77cw0mmlluxu0wr29fcdd0tdnh78gzhkvhe4n6ulal9qvrtu43qtd0nh8/wif,DogWifHat,WIF,factory/osmo1q77cw0mmlluxu0wr29fcdd0tdnh78gzhkvhe4n6ulal9qvrtu43qtd0nh8/wif,6,,osmosis,factory/osmo1q77cw0mmlluxu0wr29fcdd0tdnh78gzhkvhe4n6ulal9qvrtu43qtd0nh8/wif,native,2024-07-23T14:47:57.677Z,2024-05-03T02:26:18.658000,false,chain-metadata
osmosis,factory/osmo1q77cw0mmlluxu0wr29fcdd0tdnh78gzhkvhe4n6ulal9qvrtu43qtd0nh8/usug,USELLUGAY,USUG,factory/osmo1q77cw0mmlluxu0wr29fcdd0tdnh78gzhkvhe4n6ulal9qvrtu43qtd0nh8/usug,6,,osmosis,factory/osmo1q77cw0mmlluxu0wr29fcdd0tdnh78gzhkvhe4n6ulal9qvrtu43qtd0nh8/usug,native,2024-07-23T14:47:57.677Z,2024-05-06T22:01:07.478000,false,chain-metadata
osmosis,factory/osmo1q77cw0mmlluxu0wr29fcdd0tdnh78gzhkvhe4n6ulal9qvrtu43qtd0nh8/yodl,Yodl,YODL,factory/osmo1q77cw0mmlluxu0wr29fcdd0tdnh78gzhkvhe4n6ulal9qvrtu43qtd0nh8/yodl,6,,osmosis,factory/osmo1q77cw0mmlluxu0wr29fcdd0tdnh78gzhkvhe4n6ulal9qvrtu43qtd0nh8/yodl,native,2024-07-23T14:47:57.677Z,2024-05-07T02:25:33.661000,false,chain-metadata
osmosis,factory/osmo1q77cw0mmlluxu0wr29fcdd0tdnh78gzhkvhe4n6ulal9qvrtu43qtd0nh8/wood,Vitalik's WOOD,WOOD,factory/osmo1q77cw0mmlluxu0wr29fcdd0tdnh78gzhkvhe4n6ulal9qvrtu43qtd0nh8/wood,6,,osmosis,factory/osmo1q77cw0mmlluxu0wr29fcdd0tdnh78gzhkvhe4n6ulal9qvrtu43qtd0nh8/wood,native,2024-07-23T14:47:57.677Z,2024-05-04T14:34:18.915000,false,chain-metadata
osmosis,factory/osmo1q77cw0mmlluxu0wr29fcdd0tdnh78gzhkvhe4n6ulal9qvrtu43qtd0nh8/zatan,ZATAN,ZATAN,factory/osmo1q77cw0mmlluxu0wr29fcdd0tdnh78gzhkvhe4n6ulal9qvrtu43qtd0nh8/zatan,6,,osmosis,factory/osmo1q77cw0mmlluxu0wr29fcdd0tdnh78gzhkvhe4n6ulal9qvrtu43qtd0nh8/zatan,native,2024-07-23T14:47:57.677Z,2024-05-06T02:26:22.003000,false,chain-metadata
osmosis,factory/osmo1q77cw0mmlluxu0wr29fcdd0tdnh78gzhkvhe4n6ulal9qvrtu43qtd0nh8/wtf,WeTheFringe,WTF,factory/osmo1q77cw0mmlluxu0wr29fcdd0tdnh78gzhkvhe4n6ulal9qvrtu43qtd0nh8/wtf,6,,osmosis,factory/osmo1q77cw0mmlluxu0wr29fcdd0tdnh78gzhkvhe4n6ulal9qvrtu43qtd0nh8/wtf,native,2024-07-23T14:47:57.677Z,2024-05-04T18:14:39.210000,false,chain-metadata
osmosis,factory/osmo1q77cw0mmlluxu0wr29fcdd0tdnh78gzhkvhe4n6ulal9qvrtu43qtd0nh8/xpr,Proton?,XPR,factory/osmo1q77cw0mmlluxu0wr29fcdd0tdnh78gzhkvhe4n6ulal9qvrtu43qtd0nh8/xpr,6,,osmosis,factory/osmo1q77cw0mmlluxu0wr29fcdd0tdnh78gzhkvhe4n6ulal9qvrtu43qtd0nh8/xpr,native,2024-07-23T14:47:57.677Z,2024-05-18T06:47:53.746000,false,chain-metadata
osmosis,factory/osmo1q77cw0mmlluxu0wr29fcdd0tdnh78gzhkvhe4n6ulal9qvrtu43qtd0nh8/xyj,TOKENXYJ,XYJ,factory/osmo1q77cw0mmlluxu0wr29fcdd0tdnh78gzhkvhe4n6ulal9qvrtu43qtd0nh8/xyj,6,,osmosis,factory/osmo1q77cw0mmlluxu0wr29fcdd0tdnh78gzhkvhe4n6ulal9qvrtu43qtd0nh8/xyj,native,2024-07-23T14:47:57.677Z,2024-05-02T20:56:42.739000,false,chain-metadata
osmosis,factory/osmo1q77cw0mmlluxu0wr29fcdd0tdnh78gzhkvhe4n6ulal9qvrtu43qtd0nh8/wosmo,WOSMONGTON,WOSMO,factory/osmo1q77cw0mmlluxu0wr29fcdd0tdnh78gzhkvhe4n6ulal9qvrtu43qtd0nh8/wosmo,6,,osmosis,factory/osmo1q77cw0mmlluxu0wr29fcdd0tdnh78gzhkvhe4n6ulal9qvrtu43qtd0nh8/wosmo,native,2024-07-23T14:47:57.677Z,2024-05-08T02:25:28.368000,false,chain-metadata
osmosis,factory/osmo1q77cw0mmlluxu0wr29fcdd0tdnh78gzhkvhe4n6ulal9qvrtu43qtd0nh8/uvdl,Ursula von der Leytler,UVDL,factory/osmo1q77cw0mmlluxu0wr29fcdd0tdnh78gzhkvhe4n6ulal9qvrtu43qtd0nh8/uvdl,6,,osmosis,factory/osmo1q77cw0mmlluxu0wr29fcdd0tdnh78gzhkvhe4n6ulal9qvrtu43qtd0nh8/uvdl,native,2024-07-23T14:47:57.677Z,2024-05-10T23:09:07.593000,false,chain-metadata
osmosis,factory/osmo1q77cw0mmlluxu0wr29fcdd0tdnh78gzhkvhe4n6ulal9qvrtu43qtd0nh8/yomama,Yo Mama,Yomama,factory/osmo1q77cw0mmlluxu0wr29fcdd0tdnh78gzhkvhe4n6ulal9qvrtu43qtd0nh8/yomama,6,,osmosis,factory/osmo1q77cw0mmlluxu0wr29fcdd0tdnh78gzhkvhe4n6ulal9qvrtu43qtd0nh8/yomama,native,2024-07-23T14:47:57.677Z,2024-05-08T18:34:13.001000,false,chain-metadata
osmosis,factory/osmo1q77cw0mmlluxu0wr29fcdd0tdnh78gzhkvhe4n6ulal9qvrtu43qtd0nh8/xcock,Crossing Cockadoodle Doo,XCOCK,factory/osmo1q77cw0mmlluxu0wr29fcdd0tdnh78gzhkvhe4n6ulal9qvrtu43qtd0nh8/xcock,6,,osmosis,factory/osmo1q77cw0mmlluxu0wr29fcdd0tdnh78gzhkvhe4n6ulal9qvrtu43qtd0nh8/xcock,native,2024-07-23T14:47:57.677Z,2024-05-05T00:50:34.061000,false,chain-metadata
osmosis,factory/osmo1q77cw0mmlluxu0wr29fcdd0tdnh78gzhkvhe4n6ulal9qvrtu43qtd0nh8/wless,Worthless,WLESS,factory/osmo1q77cw0mmlluxu0wr29fcdd0tdnh78gzhkvhe4n6ulal9qvrtu43qtd0nh8/wless,6,,osmosis,factory/osmo1q77cw0mmlluxu0wr29fcdd0tdnh78gzhkvhe4n6ulal9qvrtu43qtd0nh8/wless,native,2024-07-23T14:47:57.677Z,2024-05-06T22:01:07.478000,false,chain-metadata
osmosis,factory/osmo1q77cw0mmlluxu0wr29fcdd0tdnh78gzhkvhe4n6ulal9qvrtu43qtd0nh8/xxl,BIG MIKE XXL,XXL,factory/osmo1q77cw0mmlluxu0wr29fcdd0tdnh78gzhkvhe4n6ulal9qvrtu43qtd0nh8/xxl,6,,osmosis,factory/osmo1q77cw0mmlluxu0wr29fcdd0tdnh78gzhkvhe4n6ulal9qvrtu43qtd0nh8/xxl,native,2024-07-23T14:47:57.677Z,2024-05-22T23:46:51.108000,false,chain-metadata
osmosis,factory/osmo1q77cw0mmlluxu0wr29fcdd0tdnh78gzhkvhe4n6ulal9qvrtu43qtd0nh8/vegeta,Over9000,VEGETA,factory/osmo1q77cw0mmlluxu0wr29fcdd0tdnh78gzhkvhe4n6ulal9qvrtu43qtd0nh8/vegeta,6,,osmosis,factory/osmo1q77cw0mmlluxu0wr29fcdd0tdnh78gzhkvhe4n6ulal9qvrtu43qtd0nh8/vegeta,native,2024-07-23T14:47:57.677Z,2024-05-27T02:25:24.289000,false,chain-metadata
osmosis,factory/osmo1q77cw0mmlluxu0wr29fcdd0tdnh78gzhkvhe4n6ulal9qvrtu43qtd0nh8/vamp,VAMPIRE COIN,VAMP,factory/osmo1q77cw0mmlluxu0wr29fcdd0tdnh78gzhkvhe4n6ulal9qvrtu43qtd0nh8/vamp,6,,osmosis,factory/osmo1q77cw0mmlluxu0wr29fcdd0tdnh78gzhkvhe4n6ulal9qvrtu43qtd0nh8/vamp,native,2024-07-23T14:47:57.677Z,2024-05-06T22:01:07.478000,false,chain-metadata
osmosis,factory/osmo1q77cw0mmlluxu0wr29fcdd0tdnh78gzhkvhe4n6ulal9qvrtu43qtd0nh8/vmeme,MemeVibe,VMEME,factory/osmo1q77cw0mmlluxu0wr29fcdd0tdnh78gzhkvhe4n6ulal9qvrtu43qtd0nh8/vmeme,6,,osmosis,factory/osmo1q77cw0mmlluxu0wr29fcdd0tdnh78gzhkvhe4n6ulal9qvrtu43qtd0nh8/vmeme,native,2024-07-23T14:47:57.677Z,2024-06-24T02:25:57.872000,false,chain-metadata
osmosis,factory/osmo1q77cw0mmlluxu0wr29fcdd0tdnh78gzhkvhe4n6ulal9qvrtu43qtd0nh8/vive,FAVELA,VIVE,factory/osmo1q77cw0mmlluxu0wr29fcdd0tdnh78gzhkvhe4n6ulal9qvrtu43qtd0nh8/vive,6,,osmosis,factory/osmo1q77cw0mmlluxu0wr29fcdd0tdnh78gzhkvhe4n6ulal9qvrtu43qtd0nh8/vive,native,2024-07-23T14:47:57.677Z,2024-05-05T22:11:22.791000,false,chain-metadata
osmosis,factory/osmo1q77cw0mmlluxu0wr29fcdd0tdnh78gzhkvhe4n6ulal9qvrtu43qtd0nh8/x_o,XO_Terra,X_O,factory/osmo1q77cw0mmlluxu0wr29fcdd0tdnh78gzhkvhe4n6ulal9qvrtu43qtd0nh8/x_o,6,,osmosis,factory/osmo1q77cw0mmlluxu0wr29fcdd0tdnh78gzhkvhe4n6ulal9qvrtu43qtd0nh8/x_o,native,2024-07-23T14:47:57.677Z,2024-05-24T05:08:47.817000,false,chain-metadata
osmosis,factory/osmo1q77cw0mmlluxu0wr29fcdd0tdnh78gzhkvhe4n6ulal9qvrtu43qtd0nh8/work,work,work,factory/osmo1q77cw0mmlluxu0wr29fcdd0tdnh78gzhkvhe4n6ulal9qvrtu43qtd0nh8/work,6,,osmosis,factory/osmo1q77cw0mmlluxu0wr29fcdd0tdnh78gzhkvhe4n6ulal9qvrtu43qtd0nh8/work,native,2024-07-23T14:47:57.677Z,2024-05-04T09:11:53.938000,false,chain-metadata
osmosis,factory/osmo1q77cw0mmlluxu0wr29fcdd0tdnh78gzhkvhe4n6ulal9qvrtu43qtd0nh8/vid,VideoConversion,VID,factory/osmo1q77cw0mmlluxu0wr29fcdd0tdnh78gzhkvhe4n6ulal9qvrtu43qtd0nh8/vid,6,,osmosis,factory/osmo1q77cw0mmlluxu0wr29fcdd0tdnh78gzhkvhe4n6ulal9qvrtu43qtd0nh8/vid,native,2024-07-23T14:47:57.677Z,2024-07-03T02:25:07.066000,false,chain-metadata
osmosis,factory/osmo1q77cw0mmlluxu0wr29fcdd0tdnh78gzhkvhe4n6ulal9qvrtu43qtd0nh8/usaa,USAAA,USAA,factory/osmo1q77cw0mmlluxu0wr29fcdd0tdnh78gzhkvhe4n6ulal9qvrtu43qtd0nh8/usaa,6,,osmosis,factory/osmo1q77cw0mmlluxu0wr29fcdd0tdnh78gzhkvhe4n6ulal9qvrtu43qtd0nh8/usaa,native,2024-07-23T14:47:57.677Z,2024-05-06T22:01:07.478000,false,chain-metadata
osmosis,factory/osmo1q77cw0mmlluxu0wr29fcdd0tdnh78gzhkvhe4n6ulal9qvrtu43qtd0nh8/woof,HUA,Woof,factory/osmo1q77cw0mmlluxu0wr29fcdd0tdnh78gzhkvhe4n6ulal9qvrtu43qtd0nh8/woof,6,,osmosis,factory/osmo1q77cw0mmlluxu0wr29fcdd0tdnh78gzhkvhe4n6ulal9qvrtu43qtd0nh8/woof,native,2024-07-23T14:47:57.677Z,2024-05-08T18:34:13.001000,false,chain-metadata
osmosis,factory/osmo1q77cw0mmlluxu0wr29fcdd0tdnh78gzhkvhe4n6ulal9qvrtu43qtd0nh8/yougo,YouGo,Yougo,factory/osmo1q77cw0mmlluxu0wr29fcdd0tdnh78gzhkvhe4n6ulal9qvrtu43qtd0nh8/yougo,6,,osmosis,factory/osmo1q77cw0mmlluxu0wr29fcdd0tdnh78gzhkvhe4n6ulal9qvrtu43qtd0nh8/yougo,native,2024-07-23T14:47:57.677Z,2024-05-27T02:25:24.289000,false,chain-metadata
osmosis,factory/osmo1q77cw0mmlluxu0wr29fcdd0tdnh78gzhkvhe4n6ulal9qvrtu43qtd0nh8/uns,UNStablecoin,UNS,factory/osmo1q77cw0mmlluxu0wr29fcdd0tdnh78gzhkvhe4n6ulal9qvrtu43qtd0nh8/uns,6,,osmosis,factory/osmo1q77cw0mmlluxu0wr29fcdd0tdnh78gzhkvhe4n6ulal9qvrtu43qtd0nh8/uns,native,2024-07-23T14:47:57.677Z,2024-05-05T22:11:22.791000,false,chain-metadata
osmosis,factory/osmo1q77cw0mmlluxu0wr29fcdd0tdnh78gzhkvhe4n6ulal9qvrtu43qtd0nh8/zcoin,Zulu,Zcoin,factory/osmo1q77cw0mmlluxu0wr29fcdd0tdnh78gzhkvhe4n6ulal9qvrtu43qtd0nh8/zcoin,6,,osmosis,factory/osmo1q77cw0mmlluxu0wr29fcdd0tdnh78gzhkvhe4n6ulal9qvrtu43qtd0nh8/zcoin,native,2024-07-23T14:47:57.677Z,2024-07-05T13:01:52.490000,false,chain-metadata
osmosis,factory/osmo1q77cw0mmlluxu0wr29fcdd0tdnh78gzhkvhe4n6ulal9qvrtu43qtd0nh8/xvanta,XVantaBlack,XVanta,factory/osmo1q77cw0mmlluxu0wr29fcdd0tdnh78gzhkvhe4n6ulal9qvrtu43qtd0nh8/xvanta,6,,osmosis,factory/osmo1q77cw0mmlluxu0wr29fcdd0tdnh78gzhkvhe4n6ulal9qvrtu43qtd0nh8/xvanta,native,2024-07-23T14:47:57.677Z,2024-05-22T02:25:42.076000,false,chain-metadata
osmosis,factory/osmo1q77cw0mmlluxu0wr29fcdd0tdnh78gzhkvhe4n6ulal9qvrtu43qtd0nh8/xgr8,Xceptional Great,XGR8,factory/osmo1q77cw0mmlluxu0wr29fcdd0tdnh78gzhkvhe4n6ulal9qvrtu43qtd0nh8/xgr8,6,,osmosis,factory/osmo1q77cw0mmlluxu0wr29fcdd0tdnh78gzhkvhe4n6ulal9qvrtu43qtd0nh8/xgr8,native,2024-07-23T14:47:57.677Z,2024-05-05T23:01:30.153000,false,chain-metadata
osmosis,factory/osmo1qw0seay47y8m96l774zm4x4k77v2ewr5rmgp86/wosmo,factory/osmo1qw0seay47y8m96l774zm4x4k77v2ewr5rmgp86/wosmo,factory/osmo1qw0seay47y8m96l774zm4x4k77v2ewr5rmgp86/wosmo,factory/osmo1qw0seay47y8m96l774zm4x4k77v2ewr5rmgp86/wosmo,0,,osmosis,factory/osmo1qw0seay47y8m96l774zm4x4k77v2ewr5rmgp86/wosmo,native,2024-07-23T14:47:57.678Z,2024-03-22T02:25:33.185000,false,chain-metadata
osmosis,factory/osmo1rqc7x8l8jlxzerzdzezx2g24z3qxze62hk3uja/uvdl,factory/osmo1rqc7x8l8jlxzerzdzezx2g24z3qxze62hk3uja/uvdl,factory/osmo1rqc7x8l8jlxzerzdzezx2g24z3qxze62hk3uja/uvdl,factory/osmo1rqc7x8l8jlxzerzdzezx2g24z3qxze62hk3uja/uvdl,0,,osmosis,factory/osmo1rqc7x8l8jlxzerzdzezx2g24z3qxze62hk3uja/uvdl,native,2024-07-23T14:47:57.678Z,2024-05-16T21:05:19.351000,false,chain-metadata
osmosis,factory/osmo1q77cw0mmlluxu0wr29fcdd0tdnh78gzhkvhe4n6ulal9qvrtu43qtd0nh8/zoro,ZoroCrew,Zoro,factory/osmo1q77cw0mmlluxu0wr29fcdd0tdnh78gzhkvhe4n6ulal9qvrtu43qtd0nh8/zoro,6,,osmosis,factory/osmo1q77cw0mmlluxu0wr29fcdd0tdnh78gzhkvhe4n6ulal9qvrtu43qtd0nh8/zoro,native,2024-07-23T14:47:57.678Z,2024-05-13T16:55:53.116000,false,chain-metadata
osmosis,factory/osmo1w9dpdt5n77lug52u7690d4m826rrhgqkgc5mjhmp8xsvqpwkdn3qn9dx0t/fts,Fuck The Sail ,FTS,FTS,6,,osmosis,factory/osmo1w9dpdt5n77lug52u7690d4m826rrhgqkgc5mjhmp8xsvqpwkdn3qn9dx0t/fts,native,2024-07-23T14:47:57.678Z,2024-04-18T02:26:07.479000,false,chain-metadata
osmosis,factory/osmo1tmc9sc6fvc6023u78dw9nvjz7ex559ynak8ylh349jmmwhc0ganqa597vd/istusdc1224clvaults,factory/osmo1tmc9sc6fvc6023u78dw9nvjz7ex559ynak8ylh349jmmwhc0ganqa597vd/istusdc1224clvaults,factory/osmo1tmc9sc6fvc6023u78dw9nvjz7ex559ynak8ylh349jmmwhc0ganqa597vd/istusdc1224clvaults,factory/osmo1tmc9sc6fvc6023u78dw9nvjz7ex559ynak8ylh349jmmwhc0ganqa597vd/istusdc1224clvaults,0,,osmosis,factory/osmo1tmc9sc6fvc6023u78dw9nvjz7ex559ynak8ylh349jmmwhc0ganqa597vd/istusdc1224clvaults,native,2024-07-23T14:47:57.678Z,2024-05-01T01:36:21.745000,false,chain-metadata
osmosis,factory/osmo1svj5kd8kzj7xxtrd6ftjk0856ffpyj4egz7f9pd9dge5wr4kwansmefq07/osmo.ash,factory/osmo1svj5kd8kzj7xxtrd6ftjk0856ffpyj4egz7f9pd9dge5wr4kwansmefq07/osmo.ash,factory/osmo1svj5kd8kzj7xxtrd6ftjk0856ffpyj4egz7f9pd9dge5wr4kwansmefq07/osmo.ash,factory/osmo1svj5kd8kzj7xxtrd6ftjk0856ffpyj4egz7f9pd9dge5wr4kwansmefq07/osmo.ash,0,,osmosis,factory/osmo1svj5kd8kzj7xxtrd6ftjk0856ffpyj4egz7f9pd9dge5wr4kwansmefq07/osmo.ash,native,2024-07-23T14:47:57.678Z,2024-06-28T02:25:30.538000,false,chain-metadata
osmosis,factory/osmo1reutemjul47dd953cruu6nq6euepx93elpwqlrvm7ec5halsc5xqwqyus8/atomwifhat,atomwifhat,atomwifhat,atomwifhat,6,,osmosis,factory/osmo1reutemjul47dd953cruu6nq6euepx93elpwqlrvm7ec5halsc5xqwqyus8/atomwifhat,native,2024-07-23T14:47:57.678Z,2024-04-04T00:03:39.788000,false,chain-metadata
osmosis,factory/osmo1vffl0v9j2r4wkfezxl0h9fafj9mv8qqtpdr2jyy60euwegnsfntqexac87/wdbrn,Woodburn,WDBRN,WDBRN,6,,osmosis,factory/osmo1vffl0v9j2r4wkfezxl0h9fafj9mv8qqtpdr2jyy60euwegnsfntqexac87/wdbrn,native,2024-07-23T14:47:57.678Z,2024-04-16T18:02:52.986000,false,chain-metadata
osmosis,factory/osmo1svj5kd8kzj7xxtrd6ftjk0856ffpyj4egz7f9pd9dge5wr4kwansmefq07/IBC.ash,factory/osmo1svj5kd8kzj7xxtrd6ftjk0856ffpyj4egz7f9pd9dge5wr4kwansmefq07/IBC.ash,factory/osmo1svj5kd8kzj7xxtrd6ftjk0856ffpyj4egz7f9pd9dge5wr4kwansmefq07/IBC.ash,factory/osmo1svj5kd8kzj7xxtrd6ftjk0856ffpyj4egz7f9pd9dge5wr4kwansmefq07/IBC.ash,0,,osmosis,factory/osmo1svj5kd8kzj7xxtrd6ftjk0856ffpyj4egz7f9pd9dge5wr4kwansmefq07/IBC.ash,native,2024-07-23T14:47:57.678Z,2024-07-04T18:29:24.476000,false,chain-metadata
osmosis,factory/osmo1ua9rmqtmlyv49yety86ys8uqx3hawfkyjr0g7t/Cosmo,factory/osmo1ua9rmqtmlyv49yety86ys8uqx3hawfkyjr0g7t/Cosmo,factory/osmo1ua9rmqtmlyv49yety86ys8uqx3hawfkyjr0g7t/Cosmo,factory/osmo1ua9rmqtmlyv49yety86ys8uqx3hawfkyjr0g7t/Cosmo,0,,osmosis,factory/osmo1ua9rmqtmlyv49yety86ys8uqx3hawfkyjr0g7t/Cosmo,native,2024-07-23T14:47:57.678Z,2024-04-03T11:37:06.823000,false,chain-metadata
osmosis,factory/osmo1svj5kd8kzj7xxtrd6ftjk0856ffpyj4egz7f9pd9dge5wr4kwansmefq07/wosmo.ash,factory/osmo1svj5kd8kzj7xxtrd6ftjk0856ffpyj4egz7f9pd9dge5wr4kwansmefq07/wosmo.ash,factory/osmo1svj5kd8kzj7xxtrd6ftjk0856ffpyj4egz7f9pd9dge5wr4kwansmefq07/wosmo.ash,factory/osmo1svj5kd8kzj7xxtrd6ftjk0856ffpyj4egz7f9pd9dge5wr4kwansmefq07/wosmo.ash,0,,osmosis,factory/osmo1svj5kd8kzj7xxtrd6ftjk0856ffpyj4egz7f9pd9dge5wr4kwansmefq07/wosmo.ash,native,2024-07-23T14:47:57.678Z,2024-07-04T18:29:24.476000,false,chain-metadata
osmosis,factory/osmo1svj5kd8kzj7xxtrd6ftjk0856ffpyj4egz7f9pd9dge5wr4kwansmefq07/BADKID.ash,factory/osmo1svj5kd8kzj7xxtrd6ftjk0856ffpyj4egz7f9pd9dge5wr4kwansmefq07/BADKID.ash,factory/osmo1svj5kd8kzj7xxtrd6ftjk0856ffpyj4egz7f9pd9dge5wr4kwansmefq07/BADKID.ash,factory/osmo1svj5kd8kzj7xxtrd6ftjk0856ffpyj4egz7f9pd9dge5wr4kwansmefq07/BADKID.ash,0,,osmosis,factory/osmo1svj5kd8kzj7xxtrd6ftjk0856ffpyj4egz7f9pd9dge5wr4kwansmefq07/BADKID.ash,native,2024-07-23T14:47:57.678Z,2024-07-04T18:29:24.476000,false,chain-metadata
osmosis,factory/osmo1w754akfaeppu57j2rka76e49grctfpnyh6pd8h/DEV,factory/osmo1w754akfaeppu57j2rka76e49grctfpnyh6pd8h/DEV,factory/osmo1w754akfaeppu57j2rka76e49grctfpnyh6pd8h/DEV,factory/osmo1w754akfaeppu57j2rka76e49grctfpnyh6pd8h/DEV,0,,osmosis,factory/osmo1w754akfaeppu57j2rka76e49grctfpnyh6pd8h/DEV,native,2024-07-23T14:47:57.678Z,2024-03-26T02:26:22.720000,false,chain-metadata
osmosis,factory/osmo1rkwgn9qr6ne2f4j6vyc78nsnt4a08nvfvg0u4gs3h0d59u6fdt3sxqtvcq/astroport/share,factory/osmo1rkwgn9qr6ne2f4j6vyc78nsnt4a08nvfvg0u4gs3h0d59u6fdt3sxqtvcq/astroport/share,factory/osmo1rkwgn9qr6ne2f4j6vyc78nsnt4a08nvfvg0u4gs3h0d59u6fdt3sxqtvcq/astroport/share,factory/osmo1rkwgn9qr6ne2f4j6vyc78nsnt4a08nvfvg0u4gs3h0d59u6fdt3sxqtvcq/astroport/share,0,,osmosis,factory/osmo1rkwgn9qr6ne2f4j6vyc78nsnt4a08nvfvg0u4gs3h0d59u6fdt3sxqtvcq/astroport/share,native,2024-07-23T14:47:57.678Z,2024-03-25T02:25:35.285000,false,chain-metadata
osmosis,factory/osmo1qngwlgzt0r3fdg6zgln5wa6mr5c7t6fek3qqgxesujjak5ds747sy6qu2f/lsd-vault-1223,factory/osmo1qngwlgzt0r3fdg6zgln5wa6mr5c7t6fek3qqgxesujjak5ds747sy6qu2f/lsd-vault-1223,factory/osmo1qngwlgzt0r3fdg6zgln5wa6mr5c7t6fek3qqgxesujjak5ds747sy6qu2f/lsd-vault-1223,factory/osmo1qngwlgzt0r3fdg6zgln5wa6mr5c7t6fek3qqgxesujjak5ds747sy6qu2f/lsd-vault-1223,0,,osmosis,factory/osmo1qngwlgzt0r3fdg6zgln5wa6mr5c7t6fek3qqgxesujjak5ds747sy6qu2f/lsd-vault-1223,native,2024-07-23T14:47:57.678Z,2024-07-04T02:25:15.443000,false,chain-metadata
osmosis,factory/osmo1q77cw0mmlluxu0wr29fcdd0tdnh78gzhkvhe4n6ulal9qvrtu43qtd0nh8/zero,ZERO,ZERO,factory/osmo1q77cw0mmlluxu0wr29fcdd0tdnh78gzhkvhe4n6ulal9qvrtu43qtd0nh8/zero,6,,osmosis,factory/osmo1q77cw0mmlluxu0wr29fcdd0tdnh78gzhkvhe4n6ulal9qvrtu43qtd0nh8/zero,native,2024-07-23T14:47:57.678Z,2024-05-02T18:49:29.822000,false,chain-metadata
osmosis,factory/osmo1q77cw0mmlluxu0wr29fcdd0tdnh78gzhkvhe4n6ulal9qvrtu43qtd0nh8/zigar,ZombieCigars,ZIGAR,factory/osmo1q77cw0mmlluxu0wr29fcdd0tdnh78gzhkvhe4n6ulal9qvrtu43qtd0nh8/zigar,6,,osmosis,factory/osmo1q77cw0mmlluxu0wr29fcdd0tdnh78gzhkvhe4n6ulal9qvrtu43qtd0nh8/zigar,native,2024-07-23T14:47:57.678Z,2024-05-17T12:52:05.186000,false,chain-metadata
osmosis,factory/osmo1q77cw0mmlluxu0wr29fcdd0tdnh78gzhkvhe4n6ulal9qvrtu43qtd0nh8/zephr,Zephyr,ZEPHR,factory/osmo1q77cw0mmlluxu0wr29fcdd0tdnh78gzhkvhe4n6ulal9qvrtu43qtd0nh8/zephr,6,,osmosis,factory/osmo1q77cw0mmlluxu0wr29fcdd0tdnh78gzhkvhe4n6ulal9qvrtu43qtd0nh8/zephr,native,2024-07-23T14:47:57.678Z,2024-05-05T00:50:34.061000,false,chain-metadata
osmosis,factory/osmo1r333dt4yel2tf5hpfam80mflahkyz200u9ra8dzyt6m2ndq5u8lqhxv6p7/lsd-vault-1252,factory/osmo1r333dt4yel2tf5hpfam80mflahkyz200u9ra8dzyt6m2ndq5u8lqhxv6p7/lsd-vault-1252,factory/osmo1r333dt4yel2tf5hpfam80mflahkyz200u9ra8dzyt6m2ndq5u8lqhxv6p7/lsd-vault-1252,factory/osmo1r333dt4yel2tf5hpfam80mflahkyz200u9ra8dzyt6m2ndq5u8lqhxv6p7/lsd-vault-1252,0,,osmosis,factory/osmo1r333dt4yel2tf5hpfam80mflahkyz200u9ra8dzyt6m2ndq5u8lqhxv6p7/lsd-vault-1252,native,2024-07-23T14:47:57.678Z,2024-05-29T17:48:45.256000,false,chain-metadata
osmosis,factory/osmo1svj5kd8kzj7xxtrd6ftjk0856ffpyj4egz7f9pd9dge5wr4kwansmefq07/BERNESE.ash,factory/osmo1svj5kd8kzj7xxtrd6ftjk0856ffpyj4egz7f9pd9dge5wr4kwansmefq07/BERNESE.ash,factory/osmo1svj5kd8kzj7xxtrd6ftjk0856ffpyj4egz7f9pd9dge5wr4kwansmefq07/BERNESE.ash,factory/osmo1svj5kd8kzj7xxtrd6ftjk0856ffpyj4egz7f9pd9dge5wr4kwansmefq07/BERNESE.ash,0,,osmosis,factory/osmo1svj5kd8kzj7xxtrd6ftjk0856ffpyj4egz7f9pd9dge5wr4kwansmefq07/BERNESE.ash,native,2024-07-23T14:47:57.678Z,2024-07-04T18:29:24.476000,false,chain-metadata
osmosis,factory/osmo1svj5kd8kzj7xxtrd6ftjk0856ffpyj4egz7f9pd9dge5wr4kwansmefq07/levana.ash,factory/osmo1svj5kd8kzj7xxtrd6ftjk0856ffpyj4egz7f9pd9dge5wr4kwansmefq07/levana.ash,factory/osmo1svj5kd8kzj7xxtrd6ftjk0856ffpyj4egz7f9pd9dge5wr4kwansmefq07/levana.ash,factory/osmo1svj5kd8kzj7xxtrd6ftjk0856ffpyj4egz7f9pd9dge5wr4kwansmefq07/levana.ash,0,,osmosis,factory/osmo1svj5kd8kzj7xxtrd6ftjk0856ffpyj4egz7f9pd9dge5wr4kwansmefq07/levana.ash,native,2024-07-23T14:47:57.678Z,2024-07-04T18:29:24.476000,false,chain-metadata
osmosis,factory/osmo1st52glkuvm2dymc5xzuynkfcvy907zfsn0p8p6/uyawp,factory/osmo1st52glkuvm2dymc5xzuynkfcvy907zfsn0p8p6/uyawp,factory/osmo1st52glkuvm2dymc5xzuynkfcvy907zfsn0p8p6/uyawp,factory/osmo1st52glkuvm2dymc5xzuynkfcvy907zfsn0p8p6/uyawp,0,,osmosis,factory/osmo1st52glkuvm2dymc5xzuynkfcvy907zfsn0p8p6/uyawp,native,2024-07-23T14:47:57.678Z,2024-04-03T11:10:32.382000,false,chain-metadata
osmosis,factory/osmo1svj5kd8kzj7xxtrd6ftjk0856ffpyj4egz7f9pd9dge5wr4kwansmefq07/toro.ash,factory/osmo1svj5kd8kzj7xxtrd6ftjk0856ffpyj4egz7f9pd9dge5wr4kwansmefq07/toro.ash,factory/osmo1svj5kd8kzj7xxtrd6ftjk0856ffpyj4egz7f9pd9dge5wr4kwansmefq07/toro.ash,factory/osmo1svj5kd8kzj7xxtrd6ftjk0856ffpyj4egz7f9pd9dge5wr4kwansmefq07/toro.ash,0,,osmosis,factory/osmo1svj5kd8kzj7xxtrd6ftjk0856ffpyj4egz7f9pd9dge5wr4kwansmefq07/toro.ash,native,2024-07-23T14:47:57.678Z,2024-07-04T18:29:24.476000,false,chain-metadata
osmosis,factory/osmo1svj5kd8kzj7xxtrd6ftjk0856ffpyj4egz7f9pd9dge5wr4kwansmefq07/sail.ash,factory/osmo1svj5kd8kzj7xxtrd6ftjk0856ffpyj4egz7f9pd9dge5wr4kwansmefq07/sail.ash,factory/osmo1svj5kd8kzj7xxtrd6ftjk0856ffpyj4egz7f9pd9dge5wr4kwansmefq07/sail.ash,factory/osmo1svj5kd8kzj7xxtrd6ftjk0856ffpyj4egz7f9pd9dge5wr4kwansmefq07/sail.ash,0,,osmosis,factory/osmo1svj5kd8kzj7xxtrd6ftjk0856ffpyj4egz7f9pd9dge5wr4kwansmefq07/sail.ash,native,2024-07-23T14:47:57.678Z,2024-06-28T02:25:30.538000,false,chain-metadata
osmosis,factory/osmo1u5lq60rs4t87t6nlcjsfmmlrl8zjp95an79jjz/lowQ,factory/osmo1u5lq60rs4t87t6nlcjsfmmlrl8zjp95an79jjz/lowQ,factory/osmo1u5lq60rs4t87t6nlcjsfmmlrl8zjp95an79jjz/lowQ,factory/osmo1u5lq60rs4t87t6nlcjsfmmlrl8zjp95an79jjz/lowQ,0,,osmosis,factory/osmo1u5lq60rs4t87t6nlcjsfmmlrl8zjp95an79jjz/lowQ,native,2024-07-23T14:47:57.678Z,2024-05-22T02:25:42.076000,false,chain-metadata
osmosis,factory/osmo1q77cw0mmlluxu0wr29fcdd0tdnh78gzhkvhe4n6ulal9qvrtu43qtd0nh8/zec,Zcash,ZEC,factory/osmo1q77cw0mmlluxu0wr29fcdd0tdnh78gzhkvhe4n6ulal9qvrtu43qtd0nh8/zec,6,,osmosis,factory/osmo1q77cw0mmlluxu0wr29fcdd0tdnh78gzhkvhe4n6ulal9qvrtu43qtd0nh8/zec,native,2024-07-23T14:47:57.678Z,2024-05-05T00:50:34.061000,false,chain-metadata
osmosis,factory/osmo1wwdsaqk6aksksctanjqwf6d6nr0upxvnlvgcl8fsqzlwj9nkq9uqaj3qpf/fts,Fuck The Sail,FTS,FTS,6,,osmosis,factory/osmo1wwdsaqk6aksksctanjqwf6d6nr0upxvnlvgcl8fsqzlwj9nkq9uqaj3qpf/fts,native,2024-07-23T14:47:57.679Z,2024-04-18T02:26:07.479000,false,chain-metadata
osmosis,factory/osmo1yym7kv8wdyxwd7kvdr6ywhhtna0dtvyf3fc68zh20n6dcqy84als5mv9h7/isg,Interchain Support Group DAO token,ISG,ISG,6,,osmosis,factory/osmo1yym7kv8wdyxwd7kvdr6ywhhtna0dtvyf3fc68zh20n6dcqy84als5mv9h7/isg,native,2024-07-23T14:47:57.679Z,2024-04-04T02:25:15.771000,false,chain-metadata
osmosis,factory/osmo1xx64sgt3wxeud99yn6f748pvljq5ljkzg3jw24/usunny,factory/osmo1xx64sgt3wxeud99yn6f748pvljq5ljkzg3jw24/usunny,factory/osmo1xx64sgt3wxeud99yn6f748pvljq5ljkzg3jw24/usunny,factory/osmo1xx64sgt3wxeud99yn6f748pvljq5ljkzg3jw24/usunny,0,,osmosis,factory/osmo1xx64sgt3wxeud99yn6f748pvljq5ljkzg3jw24/usunny,native,2024-07-23T14:47:57.679Z,2024-03-21T16:44:51.069000,false,chain-metadata
osmosis,factory/osmo1xfk8ud76kwhu3z4z07whfmuqvges5vs0ze8z2m/EGT,factory/osmo1xfk8ud76kwhu3z4z07whfmuqvges5vs0ze8z2m/EGT,factory/osmo1xfk8ud76kwhu3z4z07whfmuqvges5vs0ze8z2m/EGT,factory/osmo1xfk8ud76kwhu3z4z07whfmuqvges5vs0ze8z2m/EGT,0,,osmosis,factory/osmo1xfk8ud76kwhu3z4z07whfmuqvges5vs0ze8z2m/EGT,native,2024-07-23T14:47:57.679Z,2024-06-24T02:25:57.872000,false,chain-metadata
osmosis,factory/osmo1yypm00amndmwwessp3pxzafupzed53ae0rpp68jv8s8j9rs92uvqgk5ks9/fts,Fuck The Sail,FTS,FTS,6,,osmosis,factory/osmo1yypm00amndmwwessp3pxzafupzed53ae0rpp68jv8s8j9rs92uvqgk5ks9/fts,native,2024-07-23T14:47:57.679Z,2024-04-18T02:26:07.479000,false,chain-metadata
osmosis,factory/osmo1ycg9k5dj3pd0szt4f7ladzam8u6rvs472z6ckx4p82u00cetdnzqxw4vwm/uLP,factory/osmo1ycg9k5dj3pd0szt4f7ladzam8u6rvs472z6ckx4p82u00cetdnzqxw4vwm/uLP,factory/osmo1ycg9k5dj3pd0szt4f7ladzam8u6rvs472z6ckx4p82u00cetdnzqxw4vwm/uLP,factory/osmo1ycg9k5dj3pd0szt4f7ladzam8u6rvs472z6ckx4p82u00cetdnzqxw4vwm/uLP,0,,osmosis,factory/osmo1ycg9k5dj3pd0szt4f7ladzam8u6rvs472z6ckx4p82u00cetdnzqxw4vwm/uLP,native,2024-07-23T14:47:57.679Z,2024-03-21T16:44:51.070000,false,chain-metadata
osmosis,factory/osmo1z90s7tdyta8zxgatzrm7avzcnfkqtyqr5pjqy8/ROIDS,Asteroids,ROIDS ,factory/osmo1z90s7tdyta8zxgatzrm7avzcnfkqtyqr5pjqy8/ROIDS,0,,osmosis,factory/osmo1z90s7tdyta8zxgatzrm7avzcnfkqtyqr5pjqy8/ROIDS,native,2024-07-23T14:47:57.679Z,2024-05-01T01:36:21.745000,false,chain-metadata
osmosis,factory/osmo1wvpqyj0fjhj0sqc4lcnadkp8uuyhct9met4pmt/Ruggeroni,factory/osmo1wvpqyj0fjhj0sqc4lcnadkp8uuyhct9met4pmt/Ruggeroni,factory/osmo1wvpqyj0fjhj0sqc4lcnadkp8uuyhct9met4pmt/Ruggeroni,factory/osmo1wvpqyj0fjhj0sqc4lcnadkp8uuyhct9met4pmt/Ruggeroni,0,,osmosis,factory/osmo1wvpqyj0fjhj0sqc4lcnadkp8uuyhct9met4pmt/Ruggeroni,native,2024-07-23T14:47:57.679Z,2024-04-12T16:01:00.262000,false,chain-metadata
osmosis,factory/osmo1zkaars59qfz9w4kmwm5js8xteftga5kwftxvqy390kmj79cwksxqscuxwf/fts,Fuck The Sail ,FTS,FTS,6,,osmosis,factory/osmo1zkaars59qfz9w4kmwm5js8xteftga5kwftxvqy390kmj79cwksxqscuxwf/fts,native,2024-07-23T14:47:57.679Z,2024-04-18T02:26:07.479000,false,chain-metadata
osmosis,gamm/pool/1615,,,GAMM-1615,18,,osmosis,gamm/pool/1615,native,2024-07-23T14:47:57.685Z,2024-03-25T02:25:35.285000,false,chain-metadata
osmosis,gamm/pool/1612,,,GAMM-1612,18,,osmosis,gamm/pool/1612,native,2024-07-23T14:47:57.685Z,2024-03-25T02:25:35.285000,false,chain-metadata
osmosis,gamm/pool/1611,,,GAMM-1611,18,,osmosis,gamm/pool/1611,native,2024-07-23T14:47:57.685Z,2024-03-25T02:25:35.285000,false,chain-metadata
osmosis,gamm/pool/1602,,,GAMM-1602,18,,osmosis,gamm/pool/1602,native,2024-07-23T14:47:57.685Z,2024-03-24T02:25:28.090000,false,chain-metadata
osmosis,gamm/pool/1618,,,GAMM-1618,18,,osmosis,gamm/pool/1618,native,2024-07-23T14:47:57.685Z,2024-03-25T02:25:35.285000,false,chain-metadata
osmosis,gamm/pool/1613,,,GAMM-1613,18,,osmosis,gamm/pool/1613,native,2024-07-23T14:47:57.685Z,2024-03-25T02:25:35.285000,false,chain-metadata
osmosis,gamm/pool/1622,,,GAMM-1622,18,,osmosis,gamm/pool/1622,native,2024-07-23T14:47:57.685Z,2024-03-27T02:25:43.958000,false,chain-metadata
osmosis,gamm/pool/1627,,,GAMM-1627,18,,osmosis,gamm/pool/1627,native,2024-07-23T14:47:57.685Z,2024-03-28T02:25:27.642000,false,chain-metadata
osmosis,gamm/pool/1632,,,GAMM-1632,18,,osmosis,gamm/pool/1632,native,2024-07-23T14:47:57.685Z,2024-03-29T11:17:53.393000,false,chain-metadata
osmosis,gamm/pool/1606,,,GAMM-1606,18,,osmosis,gamm/pool/1606,native,2024-07-23T14:47:57.685Z,2024-03-25T02:25:35.285000,false,chain-metadata
osmosis,gamm/pool/1608,,,GAMM-1608,18,,osmosis,gamm/pool/1608,native,2024-07-23T14:47:57.685Z,2024-03-25T02:25:35.285000,false,chain-metadata
osmosis,gamm/pool/1638,,,GAMM-1638,18,,osmosis,gamm/pool/1638,native,2024-07-23T14:47:57.685Z,2024-03-31T20:48:26.590000,false,chain-metadata
osmosis,gamm/pool/1596,,,GAMM-1596,18,,osmosis,gamm/pool/1596,native,2024-07-23T14:47:57.685Z,2024-03-21T16:44:51.067000,false,chain-metadata
osmosis,gamm/pool/1640,,,GAMM-1640,18,,osmosis,gamm/pool/1640,native,2024-07-23T14:47:57.685Z,2024-04-01T01:35:22.325000,false,chain-metadata
osmosis,gamm/pool/1607,,,GAMM-1607,18,,osmosis,gamm/pool/1607,native,2024-07-23T14:47:57.685Z,2024-03-25T02:25:35.285000,false,chain-metadata
osmosis,gamm/pool/1595,,,GAMM-1595,18,,osmosis,gamm/pool/1595,native,2024-07-23T14:47:57.685Z,2024-03-21T16:44:51.067000,false,chain-metadata
osmosis,gamm/pool/1628,,,GAMM-1628,18,,osmosis,gamm/pool/1628,native,2024-07-23T14:47:57.685Z,2024-03-28T15:25:38.429000,false,chain-metadata
osmosis,gamm/pool/1639,,,GAMM-1639,18,,osmosis,gamm/pool/1639,native,2024-07-23T14:47:57.685Z,2024-03-31T21:45:16.209000,false,chain-metadata
osmosis,gamm/pool/1629,,,GAMM-1629,18,,osmosis,gamm/pool/1629,native,2024-07-23T14:47:57.685Z,2024-03-28T15:25:38.429000,false,chain-metadata
osmosis,gamm/pool/1631,,,GAMM-1631,18,,osmosis,gamm/pool/1631,native,2024-07-23T14:47:57.685Z,2024-03-29T03:26:59.683000,false,chain-metadata
osmosis,gamm/pool/1614,,,GAMM-1614,18,,osmosis,gamm/pool/1614,native,2024-07-23T14:47:57.685Z,2024-03-25T02:25:35.285000,false,chain-metadata
osmosis,gamm/pool/1630,,,GAMM-1630,18,,osmosis,gamm/pool/1630,native,2024-07-23T14:47:57.685Z,2024-03-28T20:28:27.265000,false,chain-metadata
osmosis,gamm/pool/1599,,,GAMM-1599,18,,osmosis,gamm/pool/1599,native,2024-07-23T14:47:57.685Z,2024-03-24T02:25:28.090000,false,chain-metadata
osmosis,gamm/pool/1603,,,GAMM-1603,18,,osmosis,gamm/pool/1603,native,2024-07-23T14:47:57.685Z,2024-03-24T02:25:28.090000,false,chain-metadata
osmosis,gamm/pool/1625,,,GAMM-1625,18,,osmosis,gamm/pool/1625,native,2024-07-23T14:47:57.685Z,2024-03-27T02:25:43.959000,false,chain-metadata
osmosis,gamm/pool/1624,,,GAMM-1624,18,,osmosis,gamm/pool/1624,native,2024-07-23T14:47:57.685Z,2024-03-27T02:25:43.958000,false,chain-metadata
osmosis,gamm/pool/1601,,,GAMM-1601,18,,osmosis,gamm/pool/1601,native,2024-07-23T14:47:57.685Z,2024-03-24T02:25:28.090000,false,chain-metadata
osmosis,gamm/pool/1626,,,GAMM-1626,18,,osmosis,gamm/pool/1626,native,2024-07-23T14:47:57.685Z,2024-03-28T02:25:27.642000,false,chain-metadata
osmosis,gamm/pool/1669,,,GAMM-1669,18,,osmosis,gamm/pool/1669,native,2024-07-23T14:47:57.686Z,2024-04-08T15:08:52.101000,false,chain-metadata
osmosis,gamm/pool/1658,,,GAMM-1658,18,,osmosis,gamm/pool/1658,native,2024-07-23T14:47:57.686Z,2024-04-04T23:54:04.620000,false,chain-metadata
osmosis,gamm/pool/1660,,,GAMM-1660,18,,osmosis,gamm/pool/1660,native,2024-07-23T14:47:57.686Z,2024-04-05T09:07:53.087000,false,chain-metadata
osmosis,gamm/pool/1667,,,GAMM-1667,18,,osmosis,gamm/pool/1667,native,2024-07-23T14:47:57.686Z,2024-04-06T14:40:32.998000,false,chain-metadata
osmosis,gamm/pool/1665,,,GAMM-1665,18,,osmosis,gamm/pool/1665,native,2024-07-23T14:47:57.686Z,2024-04-06T09:21:46.811000,false,chain-metadata
osmosis,gamm/pool/1663,,,GAMM-1663,18,,osmosis,gamm/pool/1663,native,2024-07-23T14:47:57.686Z,2024-04-05T13:27:23.362000,false,chain-metadata
osmosis,gamm/pool/1666,,,GAMM-1666,18,,osmosis,gamm/pool/1666,native,2024-07-23T14:47:57.686Z,2024-04-06T14:14:17.811000,false,chain-metadata
osmosis,gamm/pool/1659,,,GAMM-1659,18,,osmosis,gamm/pool/1659,native,2024-07-23T14:47:57.686Z,2024-04-05T07:29:02.919000,false,chain-metadata
osmosis,gamm/pool/1649,,,GAMM-1649,18,,osmosis,gamm/pool/1649,native,2024-07-23T14:47:57.686Z,2024-04-03T12:20:06.775000,false,chain-metadata
osmosis,gamm/pool/1668,,,GAMM-1668,18,,osmosis,gamm/pool/1668,native,2024-07-23T14:47:57.686Z,2024-04-08T15:00:43.966000,false,chain-metadata
osmosis,gamm/pool/1662,,,GAMM-1662,18,,osmosis,gamm/pool/1662,native,2024-07-23T14:47:57.686Z,2024-04-05T09:54:15.111000,false,chain-metadata
osmosis,gamm/pool/1681,,,GAMM-1681,18,,osmosis,gamm/pool/1681,native,2024-07-23T14:47:57.688Z,2024-04-12T12:37:16.506000,false,chain-metadata
osmosis,gamm/pool/1676,,,GAMM-1676,18,,osmosis,gamm/pool/1676,native,2024-07-23T14:47:57.688Z,2024-04-09T18:40:06.882000,false,chain-metadata
osmosis,gamm/pool/1677,,,GAMM-1677,18,,osmosis,gamm/pool/1677,native,2024-07-23T14:47:57.688Z,2024-04-10T19:56:26.057000,false,chain-metadata
osmosis,gamm/pool/1690,,,GAMM-1690,18,,osmosis,gamm/pool/1690,native,2024-07-23T14:47:57.688Z,2024-04-15T14:18:40.049000,false,chain-metadata
osmosis,gamm/pool/1673,,,GAMM-1673,18,,osmosis,gamm/pool/1673,native,2024-07-23T14:47:57.688Z,2024-04-09T14:56:52.964000,false,chain-metadata
osmosis,gamm/pool/1688,,,GAMM-1688,18,,osmosis,gamm/pool/1688,native,2024-07-23T14:47:57.688Z,2024-04-14T02:25:46.482000,false,chain-metadata
osmosis,gamm/pool/1682,,,GAMM-1682,18,,osmosis,gamm/pool/1682,native,2024-07-23T14:47:57.688Z,2024-04-12T12:37:16.506000,false,chain-metadata
osmosis,gamm/pool/1695,,,GAMM-1695,18,,osmosis,gamm/pool/1695,native,2024-07-23T14:47:57.688Z,2024-04-17T06:48:21.836000,false,chain-metadata
osmosis,gamm/pool/1693,,,GAMM-1693,18,,osmosis,gamm/pool/1693,native,2024-07-23T14:47:57.688Z,2024-04-16T18:02:52.986000,false,chain-metadata
osmosis,gamm/pool/1687,,,GAMM-1687,18,,osmosis,gamm/pool/1687,native,2024-07-23T14:47:57.688Z,2024-04-12T18:27:21.607000,false,chain-metadata
osmosis,gamm/pool/1689,,,GAMM-1689,18,,osmosis,gamm/pool/1689,native,2024-07-23T14:47:57.688Z,2024-04-14T21:35:56.088000,false,chain-metadata
osmosis,gamm/pool/1691,,,GAMM-1691,18,,osmosis,gamm/pool/1691,native,2024-07-23T14:47:57.688Z,2024-04-15T14:44:50.206000,false,chain-metadata
osmosis,gamm/pool/1680,,,GAMM-1680,18,,osmosis,gamm/pool/1680,native,2024-07-23T14:47:57.688Z,2024-04-11T10:23:59.386000,false,chain-metadata
osmosis,gamm/pool/1683,,,GAMM-1683,18,,osmosis,gamm/pool/1683,native,2024-07-23T14:47:57.688Z,2024-04-12T12:37:16.506000,false,chain-metadata
osmosis,gamm/pool/1678,,,GAMM-1678,18,,osmosis,gamm/pool/1678,native,2024-07-23T14:47:57.688Z,2024-04-10T19:56:26.057000,false,chain-metadata
osmosis,gamm/pool/1694,,,GAMM-1694,18,,osmosis,gamm/pool/1694,native,2024-07-23T14:47:57.688Z,2024-04-16T20:40:37.530000,false,chain-metadata
osmosis,gamm/pool/1748,,,GAMM-1748,18,,osmosis,gamm/pool/1748,native,2024-07-23T14:47:57.689Z,2024-05-09T11:56:34.463000,false,chain-metadata
osmosis,gamm/pool/1709,,,GAMM-1709,18,,osmosis,gamm/pool/1709,native,2024-07-23T14:47:57.689Z,2024-04-25T06:03:42.578000,false,chain-metadata
osmosis,gamm/pool/1775,,,GAMM-1775,18,,osmosis,gamm/pool/1775,native,2024-07-23T14:47:57.689Z,2024-05-15T20:09:42.726000,false,chain-metadata
osmosis,gamm/pool/1703,,,GAMM-1703,18,,osmosis,gamm/pool/1703,native,2024-07-23T14:47:57.689Z,2024-04-21T12:29:09.626000,false,chain-metadata
osmosis,gamm/pool/1746,,,GAMM-1746,18,,osmosis,gamm/pool/1746,native,2024-07-23T14:47:57.689Z,2024-05-09T07:21:38.038000,false,chain-metadata
osmosis,gamm/pool/1714,,,GAMM-1714,18,,osmosis,gamm/pool/1714,native,2024-07-23T14:47:57.689Z,2024-04-28T21:34:42.779000,false,chain-metadata
osmosis,gamm/pool/1769,,,GAMM-1769,18,,osmosis,gamm/pool/1769,native,2024-07-23T14:47:57.689Z,2024-05-14T14:15:12.504000,false,chain-metadata
osmosis,gamm/pool/1776,,,GAMM-1776,18,,osmosis,gamm/pool/1776,native,2024-07-23T14:47:57.689Z,2024-05-15T21:41:33.047000,false,chain-metadata
osmosis,gamm/pool/1738,,,GAMM-1738,18,,osmosis,gamm/pool/1738,native,2024-07-23T14:47:57.689Z,2024-05-05T23:01:30.153000,false,chain-metadata
osmosis,gamm/pool/1712,,,GAMM-1712,18,,osmosis,gamm/pool/1712,native,2024-07-23T14:47:57.689Z,2024-04-28T09:31:56.647000,false,chain-metadata
osmosis,gamm/pool/1700,,,GAMM-1700,18,,osmosis,gamm/pool/1700,native,2024-07-23T14:47:57.689Z,2024-04-19T23:58:08.877000,false,chain-metadata
osmosis,gamm/pool/1744,,,GAMM-1744,18,,osmosis,gamm/pool/1744,native,2024-07-23T14:47:57.689Z,2024-05-08T15:35:16.261000,false,chain-metadata
osmosis,gamm/pool/1747,,,GAMM-1747,18,,osmosis,gamm/pool/1747,native,2024-07-23T14:47:57.689Z,2024-05-09T07:42:22.504000,false,chain-metadata
osmosis,gamm/pool/1745,,,GAMM-1745,18,,osmosis,gamm/pool/1745,native,2024-07-23T14:47:57.689Z,2024-05-08T18:34:13.001000,false,chain-metadata
osmosis,gamm/pool/1708,,,GAMM-1708,18,,osmosis,gamm/pool/1708,native,2024-07-23T14:47:57.689Z,2024-04-24T15:47:05.113000,false,chain-metadata
osmosis,gamm/pool/1758,,,GAMM-1758,18,,osmosis,gamm/pool/1758,native,2024-07-23T14:47:57.689Z,2024-05-11T20:38:48.237000,false,chain-metadata
osmosis,gamm/pool/1710,,,GAMM-1710,18,,osmosis,gamm/pool/1710,native,2024-07-23T14:47:57.689Z,2024-04-25T10:55:22.520000,false,chain-metadata
osmosis,gamm/pool/1755,,,GAMM-1755,18,,osmosis,gamm/pool/1755,native,2024-07-23T14:47:57.689Z,2024-05-11T10:20:55.186000,false,chain-metadata
osmosis,gamm/pool/1732,,,GAMM-1732,18,,osmosis,gamm/pool/1732,native,2024-07-23T14:47:57.689Z,2024-05-04T18:14:39.210000,false,chain-metadata
osmosis,gamm/pool/1774,,,GAMM-1774,18,,osmosis,gamm/pool/1774,native,2024-07-23T14:47:57.689Z,2024-05-15T18:03:02.271000,false,chain-metadata
osmosis,gamm/pool/1706,,,GAMM-1706,18,,osmosis,gamm/pool/1706,native,2024-07-23T14:47:57.689Z,2024-04-23T08:13:38.515000,false,chain-metadata
osmosis,gamm/pool/1719,,,GAMM-1719,18,,osmosis,gamm/pool/1719,native,2024-07-23T14:47:57.689Z,2024-05-01T16:21:46.782000,false,chain-metadata
osmosis,gamm/pool/1701,,,GAMM-1701,18,,osmosis,gamm/pool/1701,native,2024-07-23T14:47:57.689Z,2024-04-20T20:44:54.571000,false,chain-metadata
osmosis,gamm/pool/1751,,,GAMM-1751,18,,osmosis,gamm/pool/1751,native,2024-07-23T14:47:57.689Z,2024-05-10T18:55:14.355000,false,chain-metadata
osmosis,gamm/pool/1720,,,GAMM-1720,18,,osmosis,gamm/pool/1720,native,2024-07-23T14:47:57.689Z,2024-05-01T17:03:48.383000,false,chain-metadata
osmosis,gamm/pool/1756,,,GAMM-1756,18,,osmosis,gamm/pool/1756,native,2024-07-23T14:47:57.689Z,2024-05-11T19:15:43.239000,false,chain-metadata
osmosis,gamm/pool/1734,,,GAMM-1734,18,,osmosis,gamm/pool/1734,native,2024-07-23T14:47:57.689Z,2024-05-05T05:45:50.177000,false,chain-metadata
osmosis,gamm/pool/1715,,,GAMM-1715,18,,osmosis,gamm/pool/1715,native,2024-07-23T14:47:57.689Z,2024-04-28T21:34:42.779000,false,chain-metadata
osmosis,gamm/pool/1741,,,GAMM-1741,18,,osmosis,gamm/pool/1741,native,2024-07-23T14:47:57.689Z,2024-05-08T10:01:28.458000,false,chain-metadata
osmosis,gamm/pool/1749,,,GAMM-1749,18,,osmosis,gamm/pool/1749,native,2024-07-23T14:47:57.689Z,2024-05-09T23:22:43.059000,false,chain-metadata
osmosis,gamm/pool/1757,,,GAMM-1757,18,,osmosis,gamm/pool/1757,native,2024-07-23T14:47:57.689Z,2024-05-11T19:43:29.541000,false,chain-metadata
osmosis,gamm/pool/1707,,,GAMM-1707,18,,osmosis,gamm/pool/1707,native,2024-07-23T14:47:57.689Z,2024-04-23T18:10:29.535000,false,chain-metadata
osmosis,gamm/pool/1739,,,GAMM-1739,18,,osmosis,gamm/pool/1739,native,2024-07-23T14:47:57.689Z,2024-05-06T22:01:07.478000,false,chain-metadata
osmosis,gamm/pool/1702,,,GAMM-1702,18,,osmosis,gamm/pool/1702,native,2024-07-23T14:47:57.689Z,2024-04-20T20:44:54.571000,false,chain-metadata
osmosis,gamm/pool/1724,,,GAMM-1724,18,,osmosis,gamm/pool/1724,native,2024-07-23T14:47:57.689Z,2024-05-02T17:43:17.627000,false,chain-metadata
osmosis,gamm/pool/1717,,,GAMM-1717,18,,osmosis,gamm/pool/1717,native,2024-07-23T14:47:57.689Z,2024-05-01T10:19:39.285000,false,chain-metadata
osmosis,gamm/pool/1727,,,GAMM-1727,18,,osmosis,gamm/pool/1727,native,2024-07-23T14:47:57.689Z,2024-05-03T04:58:12.461000,false,chain-metadata
osmosis,gamm/pool/1730,,,GAMM-1730,18,,osmosis,gamm/pool/1730,native,2024-07-23T14:47:57.689Z,2024-05-04T14:34:18.915000,false,chain-metadata
osmosis,gamm/pool/1737,,,GAMM-1737,18,,osmosis,gamm/pool/1737,native,2024-07-23T14:47:57.689Z,2024-05-05T22:11:22.791000,false,chain-metadata
osmosis,gamm/pool/1726,,,GAMM-1726,18,,osmosis,gamm/pool/1726,native,2024-07-23T14:47:57.689Z,2024-05-02T20:56:42.739000,false,chain-metadata
osmosis,gamm/pool/1759,,,GAMM-1759,18,,osmosis,gamm/pool/1759,native,2024-07-23T14:47:57.689Z,2024-05-12T18:10:59.911000,false,chain-metadata
osmosis,gamm/pool/1771,,,GAMM-1771,18,,osmosis,gamm/pool/1771,native,2024-07-23T14:47:57.689Z,2024-05-14T22:30:51.115000,false,chain-metadata
osmosis,gamm/pool/1761,,,GAMM-1761,18,,osmosis,gamm/pool/1761,native,2024-07-23T14:47:57.689Z,2024-05-13T06:50:23.722000,false,chain-metadata
osmosis,gamm/pool/1778,,,GAMM-1778,18,,osmosis,gamm/pool/1778,native,2024-07-23T14:47:57.689Z,2024-05-15T22:46:59.500000,false,chain-metadata
osmosis,gamm/pool/1698,,,GAMM-1698,18,,osmosis,gamm/pool/1698,native,2024-07-23T14:47:57.689Z,2024-04-18T18:32:58.793000,false,chain-metadata
osmosis,gamm/pool/1731,,,GAMM-1731,18,,osmosis,gamm/pool/1731,native,2024-07-23T14:47:57.689Z,2024-05-04T18:14:39.210000,false,chain-metadata
osmosis,gamm/pool/1760,,,GAMM-1760,18,,osmosis,gamm/pool/1760,native,2024-07-23T14:47:57.689Z,2024-05-12T22:53:35.790000,false,chain-metadata
osmosis,gamm/pool/1735,,,GAMM-1735,18,,osmosis,gamm/pool/1735,native,2024-07-23T14:47:57.689Z,2024-05-05T05:51:55.876000,false,chain-metadata
osmosis,gamm/pool/1725,,,GAMM-1725,18,,osmosis,gamm/pool/1725,native,2024-07-23T14:47:57.689Z,2024-05-02T18:49:29.822000,false,chain-metadata
osmosis,gamm/pool/1777,,,GAMM-1777,18,,osmosis,gamm/pool/1777,native,2024-07-23T14:47:57.689Z,2024-05-15T22:41:20.146000,false,chain-metadata
osmosis,gamm/pool/1713,,,GAMM-1713,18,,osmosis,gamm/pool/1713,native,2024-07-23T14:47:57.689Z,2024-04-28T09:38:32.213000,false,chain-metadata
osmosis,gamm/pool/1788,,,GAMM-1788,18,,osmosis,gamm/pool/1788,native,2024-07-23T14:47:57.690Z,2024-05-19T06:39:34.532000,false,chain-metadata
osmosis,gamm/pool/1865,,,GAMM-1865,18,,osmosis,gamm/pool/1865,native,2024-07-23T14:47:57.690Z,2024-06-19T10:20:38.716000,false,chain-metadata
osmosis,gamm/pool/1812,,,GAMM-1812,18,,osmosis,gamm/pool/1812,native,2024-07-23T14:47:57.690Z,2024-05-29T17:48:45.256000,false,chain-metadata
osmosis,gamm/pool/1804,,,GAMM-1804,18,,osmosis,gamm/pool/1804,native,2024-07-23T14:47:57.690Z,2024-05-22T23:46:51.108000,false,chain-metadata
osmosis,gamm/pool/1844,,,GAMM-1844,18,,osmosis,gamm/pool/1844,native,2024-07-23T14:47:57.690Z,2024-06-10T09:33:08.803000,false,chain-metadata
osmosis,gamm/pool/1870,,,GAMM-1870,18,,osmosis,gamm/pool/1870,native,2024-07-23T14:47:57.690Z,2024-06-19T18:21:37.188000,false,chain-metadata
osmosis,gamm/pool/1811,,,GAMM-1811,18,,osmosis,gamm/pool/1811,native,2024-07-23T14:47:57.690Z,2024-05-27T10:58:32.686000,false,chain-metadata
osmosis,gamm/pool/1824,,,GAMM-1824,18,,osmosis,gamm/pool/1824,native,2024-07-23T14:47:57.690Z,2024-06-04T15:48:22.857000,false,chain-metadata
osmosis,gamm/pool/1820,,,GAMM-1820,18,,osmosis,gamm/pool/1820,native,2024-07-23T14:47:57.690Z,2024-05-30T11:43:30.156000,false,chain-metadata
osmosis,gamm/pool/1791,,,GAMM-1791,18,,osmosis,gamm/pool/1791,native,2024-07-23T14:47:57.690Z,2024-05-20T10:18:55.739000,false,chain-metadata
osmosis,gamm/pool/1787,,,GAMM-1787,18,,osmosis,gamm/pool/1787,native,2024-07-23T14:47:57.690Z,2024-05-18T21:00:57.045000,false,chain-metadata
osmosis,gamm/pool/1793,,,GAMM-1793,18,,osmosis,gamm/pool/1793,native,2024-07-23T14:47:57.690Z,2024-05-21T08:57:16.190000,false,chain-metadata
osmosis,gamm/pool/1840,,,GAMM-1840,18,,osmosis,gamm/pool/1840,native,2024-07-23T14:47:57.690Z,2024-06-10T09:33:08.803000,false,chain-metadata
osmosis,gamm/pool/1784,,,GAMM-1784,18,,osmosis,gamm/pool/1784,native,2024-07-23T14:47:57.690Z,2024-05-17T15:37:08.917000,false,chain-metadata
osmosis,gamm/pool/1799,,,GAMM-1799,18,,osmosis,gamm/pool/1799,native,2024-07-23T14:47:57.690Z,2024-05-21T20:20:18.754000,false,chain-metadata
osmosis,gamm/pool/1810,,,GAMM-1810,18,,osmosis,gamm/pool/1810,native,2024-07-23T14:47:57.690Z,2024-05-27T10:58:32.686000,false,chain-metadata
osmosis,gamm/pool/1831,,,GAMM-1831,18,,osmosis,gamm/pool/1831,native,2024-07-23T14:47:57.690Z,2024-06-04T15:48:22.857000,false,chain-metadata
osmosis,gamm/pool/1798,,,GAMM-1798,18,,osmosis,gamm/pool/1798,native,2024-07-23T14:47:57.690Z,2024-05-21T20:09:47.122000,false,chain-metadata
osmosis,gamm/pool/1832,,,GAMM-1832,18,,osmosis,gamm/pool/1832,native,2024-07-23T14:47:57.690Z,2024-06-04T15:48:22.857000,false,chain-metadata
osmosis,gamm/pool/1841,,,GAMM-1841,18,,osmosis,gamm/pool/1841,native,2024-07-23T14:47:57.690Z,2024-06-10T09:33:08.803000,false,chain-metadata
osmosis,gamm/pool/1829,,,GAMM-1829,18,,osmosis,gamm/pool/1829,native,2024-07-23T14:47:57.690Z,2024-06-04T15:48:22.857000,false,chain-metadata
osmosis,gamm/pool/1819,,,GAMM-1819,18,,osmosis,gamm/pool/1819,native,2024-07-23T14:47:57.690Z,2024-05-30T11:43:30.156000,false,chain-metadata
osmosis,gamm/pool/1792,,,GAMM-1792,18,,osmosis,gamm/pool/1792,native,2024-07-23T14:47:57.690Z,2024-05-20T18:53:58.537000,false,chain-metadata
osmosis,gamm/pool/1869,,,GAMM-1869,18,,osmosis,gamm/pool/1869,native,2024-07-23T14:47:57.690Z,2024-06-19T18:21:37.188000,false,chain-metadata
osmosis,gamm/pool/1823,,,GAMM-1823,18,,osmosis,gamm/pool/1823,native,2024-07-23T14:47:57.690Z,2024-06-04T15:48:22.857000,false,chain-metadata
osmosis,gamm/pool/1822,,,GAMM-1822,18,,osmosis,gamm/pool/1822,native,2024-07-23T14:47:57.690Z,2024-06-04T15:48:22.857000,false,chain-metadata
osmosis,gamm/pool/1866,,,GAMM-1866,18,,osmosis,gamm/pool/1866,native,2024-07-23T14:47:57.690Z,2024-06-19T10:20:38.716000,false,chain-metadata
osmosis,gamm/pool/1827,,,GAMM-1827,18,,osmosis,gamm/pool/1827,native,2024-07-23T14:47:57.690Z,2024-06-04T15:48:22.857000,false,chain-metadata
osmosis,gamm/pool/1830,,,GAMM-1830,18,,osmosis,gamm/pool/1830,native,2024-07-23T14:47:57.690Z,2024-06-04T15:48:22.857000,false,chain-metadata
osmosis,gamm/pool/1826,,,GAMM-1826,18,,osmosis,gamm/pool/1826,native,2024-07-23T14:47:57.690Z,2024-06-04T15:48:22.857000,false,chain-metadata
osmosis,gamm/pool/1807,,,GAMM-1807,18,,osmosis,gamm/pool/1807,native,2024-07-23T14:47:57.690Z,2024-05-23T14:11:25.120000,false,chain-metadata
osmosis,gamm/pool/1843,,,GAMM-1843,18,,osmosis,gamm/pool/1843,native,2024-07-23T14:47:57.690Z,2024-06-10T09:33:08.803000,false,chain-metadata
osmosis,gamm/pool/1867,,,GAMM-1867,18,,osmosis,gamm/pool/1867,native,2024-07-23T14:47:57.690Z,2024-06-19T10:20:38.716000,false,chain-metadata
osmosis,gamm/pool/1783,,,GAMM-1783,18,,osmosis,gamm/pool/1783,native,2024-07-23T14:47:57.690Z,2024-05-17T14:22:45.768000,false,chain-metadata
osmosis,gamm/pool/1836,,,GAMM-1836,18,,osmosis,gamm/pool/1836,native,2024-07-23T14:47:57.690Z,2024-06-10T09:33:08.803000,false,chain-metadata
osmosis,gamm/pool/1814,,,GAMM-1814,18,,osmosis,gamm/pool/1814,native,2024-07-23T14:47:57.690Z,2024-05-29T17:48:45.256000,false,chain-metadata
osmosis,gamm/pool/1790,,,GAMM-1790,18,,osmosis,gamm/pool/1790,native,2024-07-23T14:47:57.690Z,2024-05-19T20:42:26.278000,false,chain-metadata
osmosis,gamm/pool/1789,,,GAMM-1789,18,,osmosis,gamm/pool/1789,native,2024-07-23T14:47:57.690Z,2024-05-19T15:16:03.037000,false,chain-metadata
osmosis,gamm/pool/1828,,,GAMM-1828,18,,osmosis,gamm/pool/1828,native,2024-07-23T14:47:57.690Z,2024-06-04T15:48:22.857000,false,chain-metadata
osmosis,gamm/pool/1785,,,GAMM-1785,18,,osmosis,gamm/pool/1785,native,2024-07-23T14:47:57.690Z,2024-05-17T22:23:58.403000,false,chain-metadata
osmosis,gamm/pool/1825,,,GAMM-1825,18,,osmosis,gamm/pool/1825,native,2024-07-23T14:47:57.690Z,2024-06-04T15:48:22.857000,false,chain-metadata
osmosis,gamm/pool/1818,,,GAMM-1818,18,,osmosis,gamm/pool/1818,native,2024-07-23T14:47:57.690Z,2024-05-29T17:48:45.257000,false,chain-metadata
osmosis,gamm/pool/1805,,,GAMM-1805,18,,osmosis,gamm/pool/1805,native,2024-07-23T14:47:57.690Z,2024-05-23T11:05:49.012000,false,chain-metadata
osmosis,gamm/pool/1815,,,GAMM-1815,18,,osmosis,gamm/pool/1815,native,2024-07-23T14:47:57.690Z,2024-05-29T17:48:45.257000,false,chain-metadata
osmosis,gamm/pool/1821,,,GAMM-1821,18,,osmosis,gamm/pool/1821,native,2024-07-23T14:47:57.690Z,2024-06-04T15:48:22.857000,false,chain-metadata
osmosis,gamm/pool/1813,,,GAMM-1813,18,,osmosis,gamm/pool/1813,native,2024-07-23T14:47:57.690Z,2024-05-29T17:48:45.256000,false,chain-metadata
osmosis,gamm/pool/1802,,,GAMM-1802,18,,osmosis,gamm/pool/1802,native,2024-07-23T14:47:57.690Z,2024-05-22T20:39:00.234000,false,chain-metadata
osmosis,gamm/pool/1782,,,GAMM-1782,18,,osmosis,gamm/pool/1782,native,2024-07-23T14:47:57.690Z,2024-05-17T13:41:03.317000,false,chain-metadata
osmosis,gamm/pool/1803,,,GAMM-1803,18,,osmosis,gamm/pool/1803,native,2024-07-23T14:47:57.690Z,2024-05-22T20:46:46.714000,false,chain-metadata
osmosis,gamm/pool/1817,,,GAMM-1817,18,,osmosis,gamm/pool/1817,native,2024-07-23T14:47:57.690Z,2024-05-29T17:48:45.257000,false,chain-metadata
osmosis,gamm/pool/1864,,,GAMM-1864,18,,osmosis,gamm/pool/1864,native,2024-07-23T14:47:57.690Z,2024-06-17T12:04:31.191000,false,chain-metadata
osmosis,gamm/pool/1809,,,GAMM-1809,18,,osmosis,gamm/pool/1809,native,2024-07-23T14:47:57.690Z,2024-05-27T02:25:24.289000,false,chain-metadata
osmosis,gamm/pool/1806,,,GAMM-1806,18,,osmosis,gamm/pool/1806,native,2024-07-23T14:47:57.690Z,2024-05-23T14:11:25.120000,false,chain-metadata
osmosis,gamm/pool/1917,,,GAMM-1917,18,,osmosis,gamm/pool/1917,native,2024-07-23T14:47:57.691Z,2024-07-17T05:20:11.679000,false,chain-metadata
osmosis,gamm/pool/1889,,,GAMM-1889,18,,osmosis,gamm/pool/1889,native,2024-07-23T14:47:57.691Z,2024-07-04T03:44:56.369000,false,chain-metadata
osmosis,gamm/pool/1911,,,GAMM-1911,18,,osmosis,gamm/pool/1911,native,2024-07-23T14:47:57.691Z,2024-07-14T21:52:36.121000,false,chain-metadata
osmosis,gamm/pool/1909,,,GAMM-1909,18,,osmosis,gamm/pool/1909,native,2024-07-23T14:47:57.691Z,2024-07-14T00:59:33.807000,false,chain-metadata
osmosis,gamm/pool/1883,,,GAMM-1883,18,,osmosis,gamm/pool/1883,native,2024-07-23T14:47:57.691Z,2024-07-01T02:25:24.457000,false,chain-metadata
osmosis,gamm/pool/1871,,,GAMM-1871,18,,osmosis,gamm/pool/1871,native,2024-07-23T14:47:57.691Z,2024-06-20T08:11:43.849000,false,chain-metadata
osmosis,gamm/pool/1907,,,GAMM-1907,18,,osmosis,gamm/pool/1907,native,2024-07-23T14:47:57.691Z,2024-07-12T18:20:32.969000,false,chain-metadata
osmosis,gamm/pool/1885,,,GAMM-1885,18,,osmosis,gamm/pool/1885,native,2024-07-23T14:47:57.691Z,2024-07-01T16:45:27.148000,false,chain-metadata
osmosis,gamm/pool/1892,,,GAMM-1892,18,,osmosis,gamm/pool/1892,native,2024-07-23T14:47:57.691Z,2024-07-08T13:27:27.398000,false,chain-metadata
osmosis,gamm/pool/1927,,,GAMM-1927,18,,osmosis,gamm/pool/1927,native,2024-07-23T14:47:57.691Z,2024-07-22T15:07:51.566000,false,chain-metadata
osmosis,gamm/pool/1894,,,GAMM-1894,18,,osmosis,gamm/pool/1894,native,2024-07-23T14:47:57.691Z,2024-07-09T09:14:48.918000,false,chain-metadata
osmosis,gamm/pool/1893,,,GAMM-1893,18,,osmosis,gamm/pool/1893,native,2024-07-23T14:47:57.691Z,2024-07-08T17:51:11.945000,false,chain-metadata
osmosis,gamm/pool/1890,,,GAMM-1890,18,,osmosis,gamm/pool/1890,native,2024-07-23T14:47:57.691Z,2024-07-04T06:26:38.393000,false,chain-metadata
osmosis,gamm/pool/1908,,,GAMM-1908,18,,osmosis,gamm/pool/1908,native,2024-07-23T14:47:57.691Z,2024-07-12T19:56:40.265000,false,chain-metadata
osmosis,gamm/pool/1899,,,GAMM-1899,18,,osmosis,gamm/pool/1899,native,2024-07-23T14:47:57.691Z,2024-07-09T21:19:39.193000,false,chain-metadata
osmosis,gamm/pool/1901,,,GAMM-1901,18,,osmosis,gamm/pool/1901,native,2024-07-23T14:47:57.691Z,2024-07-10T12:26:32.718000,false,chain-metadata
osmosis,gamm/pool/1879,,,GAMM-1879,18,,osmosis,gamm/pool/1879,native,2024-07-23T14:47:57.691Z,2024-06-27T02:25:26.163000,false,chain-metadata
osmosis,gamm/pool/1872,,,GAMM-1872,18,,osmosis,gamm/pool/1872,native,2024-07-23T14:47:57.691Z,2024-06-20T08:11:43.849000,false,chain-metadata
osmosis,gamm/pool/1919,,,GAMM-1919,18,,osmosis,gamm/pool/1919,native,2024-07-23T14:47:57.691Z,2024-07-18T10:24:40.386000,false,chain-metadata
osmosis,gamm/pool/1916,,,GAMM-1916,18,,osmosis,gamm/pool/1916,native,2024-07-23T14:47:57.691Z,2024-07-17T05:20:11.679000,false,chain-metadata
osmosis,gamm/pool/1920,,,GAMM-1920,18,,osmosis,gamm/pool/1920,native,2024-07-23T14:47:57.691Z,2024-07-19T02:25:28.395000,false,chain-metadata
osmosis,gamm/pool/1882,,,GAMM-1882,18,,osmosis,gamm/pool/1882,native,2024-07-23T14:47:57.691Z,2024-06-30T22:31:53.271000,false,chain-metadata
osmosis,gamm/pool/1884,,,GAMM-1884,18,,osmosis,gamm/pool/1884,native,2024-07-23T14:47:57.691Z,2024-07-01T16:45:27.148000,false,chain-metadata
osmosis,gamm/pool/1873,,,GAMM-1873,18,,osmosis,gamm/pool/1873,native,2024-07-23T14:47:57.691Z,2024-06-21T10:46:22.155000,false,chain-metadata
osmosis,gamm/pool/1906,,,GAMM-1906,18,,osmosis,gamm/pool/1906,native,2024-07-23T14:47:57.691Z,2024-07-11T01:34:08.487000,false,chain-metadata
osmosis,gamm/pool/1881,,,GAMM-1881,18,,osmosis,gamm/pool/1881,native,2024-07-23T14:47:57.691Z,2024-06-30T08:27:44.411000,false,chain-metadata
osmosis,gamm/pool/1877,,,GAMM-1877,18,,osmosis,gamm/pool/1877,native,2024-07-23T14:47:57.691Z,2024-06-25T02:25:34.132000,false,chain-metadata
osmosis,gamm/pool/1902,,,GAMM-1902,18,,osmosis,gamm/pool/1902,native,2024-07-23T14:47:57.691Z,2024-07-10T12:26:32.718000,false,chain-metadata
osmosis,gamm/pool/1921,,,GAMM-1921,18,,osmosis,gamm/pool/1921,native,2024-07-23T14:47:57.691Z,2024-07-19T07:11:35.097000,false,chain-metadata
osmosis,gamm/pool/1900,,,GAMM-1900,18,,osmosis,gamm/pool/1900,native,2024-07-23T14:47:57.691Z,2024-07-10T07:43:42.482000,false,chain-metadata
osmosis,gamm/pool/1924,,,GAMM-1924,18,,osmosis,gamm/pool/1924,native,2024-07-23T14:47:57.691Z,2024-07-21T07:22:34.855000,false,chain-metadata
osmosis,gamm/pool/1886,,,GAMM-1886,18,,osmosis,gamm/pool/1886,native,2024-07-23T14:47:57.691Z,2024-07-01T18:46:33.406000,false,chain-metadata
osmosis,gamm/pool/1915,,,GAMM-1915,18,,osmosis,gamm/pool/1915,native,2024-07-23T14:47:57.691Z,2024-07-17T02:25:35.864000,false,chain-metadata
osmosis,gamm/pool/1888,,,GAMM-1888,18,,osmosis,gamm/pool/1888,native,2024-07-23T14:47:57.691Z,2024-07-03T02:25:07.066000,false,chain-metadata
osmosis,gamm/pool/1914,,,GAMM-1914,18,,osmosis,gamm/pool/1914,native,2024-07-23T14:47:57.691Z,2024-07-17T02:25:26.992000,false,chain-metadata
osmosis,factory/osmo1q77cw0mmlluxu0wr29fcdd0tdnh78gzhkvhe4n6ulal9qvrtu43qtd0nh8/alz,Ratalz,Alz,factory/osmo1q77cw0mmlluxu0wr29fcdd0tdnh78gzhkvhe4n6ulal9qvrtu43qtd0nh8/alz,6,,osmosis,factory/osmo1q77cw0mmlluxu0wr29fcdd0tdnh78gzhkvhe4n6ulal9qvrtu43qtd0nh8/alz,native,2024-07-23T14:47:57.657Z,2024-05-27T02:25:24.288000,false,chain-metadata
osmosis,factory/osmo1q77cw0mmlluxu0wr29fcdd0tdnh78gzhkvhe4n6ulal9qvrtu43qtd0nh8/bdsm,bull doesn't shit money,BDSM,factory/osmo1q77cw0mmlluxu0wr29fcdd0tdnh78gzhkvhe4n6ulal9qvrtu43qtd0nh8/bdsm,6,,osmosis,factory/osmo1q77cw0mmlluxu0wr29fcdd0tdnh78gzhkvhe4n6ulal9qvrtu43qtd0nh8/bdsm,native,2024-07-23T14:47:57.658Z,2024-05-27T02:25:24.288000,false,chain-metadata
osmosis,factory/osmo1q77cw0mmlluxu0wr29fcdd0tdnh78gzhkvhe4n6ulal9qvrtu43qtd0nh8/berry,Berry,Berry,factory/osmo1q77cw0mmlluxu0wr29fcdd0tdnh78gzhkvhe4n6ulal9qvrtu43qtd0nh8/berry,6,,osmosis,factory/osmo1q77cw0mmlluxu0wr29fcdd0tdnh78gzhkvhe4n6ulal9qvrtu43qtd0nh8/berry,native,2024-07-23T14:47:57.659Z,2024-05-27T02:25:24.288000,false,chain-metadata
osmosis,factory/osmo1q77cw0mmlluxu0wr29fcdd0tdnh78gzhkvhe4n6ulal9qvrtu43qtd0nh8/cart,Cart Fox ,CART,factory/osmo1q77cw0mmlluxu0wr29fcdd0tdnh78gzhkvhe4n6ulal9qvrtu43qtd0nh8/cart,6,,osmosis,factory/osmo1q77cw0mmlluxu0wr29fcdd0tdnh78gzhkvhe4n6ulal9qvrtu43qtd0nh8/cart,native,2024-07-23T14:47:57.660Z,2024-05-27T02:25:24.288000,false,chain-metadata
osmosis,factory/osmo1q77cw0mmlluxu0wr29fcdd0tdnh78gzhkvhe4n6ulal9qvrtu43qtd0nh8/bust,WindItBack,BUST,factory/osmo1q77cw0mmlluxu0wr29fcdd0tdnh78gzhkvhe4n6ulal9qvrtu43qtd0nh8/bust,6,,osmosis,factory/osmo1q77cw0mmlluxu0wr29fcdd0tdnh78gzhkvhe4n6ulal9qvrtu43qtd0nh8/bust,native,2024-07-23T14:47:57.660Z,2024-05-27T02:25:24.288000,false,chain-metadata
osmosis,factory/osmo1q77cw0mmlluxu0wr29fcdd0tdnh78gzhkvhe4n6ulal9qvrtu43qtd0nh8/dkt,Dakaton,DKT,factory/osmo1q77cw0mmlluxu0wr29fcdd0tdnh78gzhkvhe4n6ulal9qvrtu43qtd0nh8/dkt,6,,osmosis,factory/osmo1q77cw0mmlluxu0wr29fcdd0tdnh78gzhkvhe4n6ulal9qvrtu43qtd0nh8/dkt,native,2024-07-23T14:47:57.663Z,2024-05-27T02:25:24.288000,false,chain-metadata
osmosis,factory/osmo1q77cw0mmlluxu0wr29fcdd0tdnh78gzhkvhe4n6ulal9qvrtu43qtd0nh8/dude,DudePerfect,DUDE,factory/osmo1q77cw0mmlluxu0wr29fcdd0tdnh78gzhkvhe4n6ulal9qvrtu43qtd0nh8/dude,6,,osmosis,factory/osmo1q77cw0mmlluxu0wr29fcdd0tdnh78gzhkvhe4n6ulal9qvrtu43qtd0nh8/dude,native,2024-07-23T14:47:57.663Z,2024-05-27T02:25:24.288000,false,chain-metadata
osmosis,factory/osmo1q77cw0mmlluxu0wr29fcdd0tdnh78gzhkvhe4n6ulal9qvrtu43qtd0nh8/fluffy,SexyFluffyRiskFinance,FLUFFY,factory/osmo1q77cw0mmlluxu0wr29fcdd0tdnh78gzhkvhe4n6ulal9qvrtu43qtd0nh8/fluffy,6,,osmosis,factory/osmo1q77cw0mmlluxu0wr29fcdd0tdnh78gzhkvhe4n6ulal9qvrtu43qtd0nh8/fluffy,native,2024-07-23T14:47:57.664Z,2024-05-27T02:25:24.288000,false,chain-metadata
osmosis,factory/osmo1q77cw0mmlluxu0wr29fcdd0tdnh78gzhkvhe4n6ulal9qvrtu43qtd0nh8/fdr,fashion designer,FDR,factory/osmo1q77cw0mmlluxu0wr29fcdd0tdnh78gzhkvhe4n6ulal9qvrtu43qtd0nh8/fdr,6,,osmosis,factory/osmo1q77cw0mmlluxu0wr29fcdd0tdnh78gzhkvhe4n6ulal9qvrtu43qtd0nh8/fdr,native,2024-07-23T14:47:57.664Z,2024-05-27T02:25:24.288000,false,chain-metadata
osmosis,factory/osmo1q77cw0mmlluxu0wr29fcdd0tdnh78gzhkvhe4n6ulal9qvrtu43qtd0nh8/htwins,Hodgetwins Token,HTWINS,factory/osmo1q77cw0mmlluxu0wr29fcdd0tdnh78gzhkvhe4n6ulal9qvrtu43qtd0nh8/htwins,6,,osmosis,factory/osmo1q77cw0mmlluxu0wr29fcdd0tdnh78gzhkvhe4n6ulal9qvrtu43qtd0nh8/htwins,native,2024-07-23T14:47:57.665Z,2024-05-27T02:25:24.288000,false,chain-metadata
osmosis,factory/osmo1q77cw0mmlluxu0wr29fcdd0tdnh78gzhkvhe4n6ulal9qvrtu43qtd0nh8/hpe,HairyPotterEco+,HPE,factory/osmo1q77cw0mmlluxu0wr29fcdd0tdnh78gzhkvhe4n6ulal9qvrtu43qtd0nh8/hpe,6,,osmosis,factory/osmo1q77cw0mmlluxu0wr29fcdd0tdnh78gzhkvhe4n6ulal9qvrtu43qtd0nh8/hpe,native,2024-07-23T14:47:57.665Z,2024-05-27T02:25:24.288000,false,chain-metadata
osmosis,factory/osmo1q77cw0mmlluxu0wr29fcdd0tdnh78gzhkvhe4n6ulal9qvrtu43qtd0nh8/harambe,HARAMBE,HARAMBE,factory/osmo1q77cw0mmlluxu0wr29fcdd0tdnh78gzhkvhe4n6ulal9qvrtu43qtd0nh8/harambe,6,,osmosis,factory/osmo1q77cw0mmlluxu0wr29fcdd0tdnh78gzhkvhe4n6ulal9qvrtu43qtd0nh8/harambe,native,2024-07-23T14:47:57.665Z,2024-05-27T02:25:24.288000,false,chain-metadata
osmosis,factory/osmo1q77cw0mmlluxu0wr29fcdd0tdnh78gzhkvhe4n6ulal9qvrtu43qtd0nh8/keke,KEKE,keke,factory/osmo1q77cw0mmlluxu0wr29fcdd0tdnh78gzhkvhe4n6ulal9qvrtu43qtd0nh8/keke,6,,osmosis,factory/osmo1q77cw0mmlluxu0wr29fcdd0tdnh78gzhkvhe4n6ulal9qvrtu43qtd0nh8/keke,native,2024-07-23T14:47:57.666Z,2024-05-27T02:25:24.288000,false,chain-metadata
osmosis,factory/osmo1q77cw0mmlluxu0wr29fcdd0tdnh78gzhkvhe4n6ulal9qvrtu43qtd0nh8/luna,Luna,luna,factory/osmo1q77cw0mmlluxu0wr29fcdd0tdnh78gzhkvhe4n6ulal9qvrtu43qtd0nh8/luna,6,,osmosis,factory/osmo1q77cw0mmlluxu0wr29fcdd0tdnh78gzhkvhe4n6ulal9qvrtu43qtd0nh8/luna,native,2024-07-23T14:47:57.669Z,2024-05-27T02:25:24.288000,false,chain-metadata
osmosis,factory/osmo1q77cw0mmlluxu0wr29fcdd0tdnh78gzhkvhe4n6ulal9qvrtu43qtd0nh8/mha,Melodhia,MHA,factory/osmo1q77cw0mmlluxu0wr29fcdd0tdnh78gzhkvhe4n6ulal9qvrtu43qtd0nh8/mha,6,,osmosis,factory/osmo1q77cw0mmlluxu0wr29fcdd0tdnh78gzhkvhe4n6ulal9qvrtu43qtd0nh8/mha,native,2024-07-23T14:47:57.670Z,2024-05-27T02:25:24.288000,false,chain-metadata
osmosis,factory/osmo1q77cw0mmlluxu0wr29fcdd0tdnh78gzhkvhe4n6ulal9qvrtu43qtd0nh8/nutwif,Micronuts Wif Plastic,NUTWIF,factory/osmo1q77cw0mmlluxu0wr29fcdd0tdnh78gzhkvhe4n6ulal9qvrtu43qtd0nh8/nutwif,6,,osmosis,factory/osmo1q77cw0mmlluxu0wr29fcdd0tdnh78gzhkvhe4n6ulal9qvrtu43qtd0nh8/nutwif,native,2024-07-23T14:47:57.671Z,2024-05-27T02:25:24.288000,false,chain-metadata
osmosis,factory/osmo1q77cw0mmlluxu0wr29fcdd0tdnh78gzhkvhe4n6ulal9qvrtu43qtd0nh8/ons,ONASSIS,ONS,factory/osmo1q77cw0mmlluxu0wr29fcdd0tdnh78gzhkvhe4n6ulal9qvrtu43qtd0nh8/ons,6,,osmosis,factory/osmo1q77cw0mmlluxu0wr29fcdd0tdnh78gzhkvhe4n6ulal9qvrtu43qtd0nh8/ons,native,2024-07-23T14:47:57.671Z,2024-05-27T02:25:24.288000,false,chain-metadata
osmosis,factory/osmo1q77cw0mmlluxu0wr29fcdd0tdnh78gzhkvhe4n6ulal9qvrtu43qtd0nh8/pedrop,Pedrop,Pedrop,factory/osmo1q77cw0mmlluxu0wr29fcdd0tdnh78gzhkvhe4n6ulal9qvrtu43qtd0nh8/pedrop,6,,osmosis,factory/osmo1q77cw0mmlluxu0wr29fcdd0tdnh78gzhkvhe4n6ulal9qvrtu43qtd0nh8/pedrop,native,2024-07-23T14:47:57.672Z,2024-05-27T02:25:24.288000,false,chain-metadata
osmosis,factory/osmo1q77cw0mmlluxu0wr29fcdd0tdnh78gzhkvhe4n6ulal9qvrtu43qtd0nh8/pba,pizzabera,pba,factory/osmo1q77cw0mmlluxu0wr29fcdd0tdnh78gzhkvhe4n6ulal9qvrtu43qtd0nh8/pba,6,,osmosis,factory/osmo1q77cw0mmlluxu0wr29fcdd0tdnh78gzhkvhe4n6ulal9qvrtu43qtd0nh8/pba,native,2024-07-23T14:47:57.672Z,2024-05-27T02:25:24.288000,false,chain-metadata
osmosis,factory/osmo1q77cw0mmlluxu0wr29fcdd0tdnh78gzhkvhe4n6ulal9qvrtu43qtd0nh8/ptr,PetRock,PTR,factory/osmo1q77cw0mmlluxu0wr29fcdd0tdnh78gzhkvhe4n6ulal9qvrtu43qtd0nh8/ptr,6,,osmosis,factory/osmo1q77cw0mmlluxu0wr29fcdd0tdnh78gzhkvhe4n6ulal9qvrtu43qtd0nh8/ptr,native,2024-07-23T14:47:57.673Z,2024-05-27T02:25:24.288000,false,chain-metadata
osmosis,factory/osmo1q77cw0mmlluxu0wr29fcdd0tdnh78gzhkvhe4n6ulal9qvrtu43qtd0nh8/seven,The 7 Green Shade Token ,SEVEN,factory/osmo1q77cw0mmlluxu0wr29fcdd0tdnh78gzhkvhe4n6ulal9qvrtu43qtd0nh8/seven,6,,osmosis,factory/osmo1q77cw0mmlluxu0wr29fcdd0tdnh78gzhkvhe4n6ulal9qvrtu43qtd0nh8/seven,native,2024-07-23T14:47:57.674Z,2024-05-27T02:25:24.288000,false,chain-metadata
osmosis,factory/osmo1q77cw0mmlluxu0wr29fcdd0tdnh78gzhkvhe4n6ulal9qvrtu43qtd0nh8/send,DegenSend,SEND,factory/osmo1q77cw0mmlluxu0wr29fcdd0tdnh78gzhkvhe4n6ulal9qvrtu43qtd0nh8/send,6,,osmosis,factory/osmo1q77cw0mmlluxu0wr29fcdd0tdnh78gzhkvhe4n6ulal9qvrtu43qtd0nh8/send,native,2024-07-23T14:47:57.674Z,2024-05-27T02:25:24.288000,false,chain-metadata
osmosis,factory/osmo1q77cw0mmlluxu0wr29fcdd0tdnh78gzhkvhe4n6ulal9qvrtu43qtd0nh8/ss.,Schutzstaffel,SS.,factory/osmo1q77cw0mmlluxu0wr29fcdd0tdnh78gzhkvhe4n6ulal9qvrtu43qtd0nh8/ss.,6,,osmosis,factory/osmo1q77cw0mmlluxu0wr29fcdd0tdnh78gzhkvhe4n6ulal9qvrtu43qtd0nh8/ss.,native,2024-07-23T14:47:57.675Z,2024-05-27T02:25:24.288000,false,chain-metadata
osmosis,factory/osmo1q77cw0mmlluxu0wr29fcdd0tdnh78gzhkvhe4n6ulal9qvrtu43qtd0nh8/cbr,CrazyBaldr,CBr,factory/osmo1q77cw0mmlluxu0wr29fcdd0tdnh78gzhkvhe4n6ulal9qvrtu43qtd0nh8/cbr,6,,osmosis,factory/osmo1q77cw0mmlluxu0wr29fcdd0tdnh78gzhkvhe4n6ulal9qvrtu43qtd0nh8/cbr,native,2024-07-23T14:47:57.660Z,2024-05-29T17:48:45.255000,false,chain-metadata
osmosis,factory/osmo1q77cw0mmlluxu0wr29fcdd0tdnh78gzhkvhe4n6ulal9qvrtu43qtd0nh8/cdog,CosmosDog,CDOG,factory/osmo1q77cw0mmlluxu0wr29fcdd0tdnh78gzhkvhe4n6ulal9qvrtu43qtd0nh8/cdog,6,,osmosis,factory/osmo1q77cw0mmlluxu0wr29fcdd0tdnh78gzhkvhe4n6ulal9qvrtu43qtd0nh8/cdog,native,2024-07-23T14:47:57.660Z,2024-05-29T17:48:45.255000,false,chain-metadata
osmosis,factory/osmo1q77cw0mmlluxu0wr29fcdd0tdnh78gzhkvhe4n6ulal9qvrtu43qtd0nh8/bullbear,BullVsBear,BULLBEAR,factory/osmo1q77cw0mmlluxu0wr29fcdd0tdnh78gzhkvhe4n6ulal9qvrtu43qtd0nh8/bullbear,6,,osmosis,factory/osmo1q77cw0mmlluxu0wr29fcdd0tdnh78gzhkvhe4n6ulal9qvrtu43qtd0nh8/bullbear,native,2024-07-23T14:47:57.660Z,2024-05-29T17:48:45.255000,false,chain-metadata
osmosis,factory/osmo1q77cw0mmlluxu0wr29fcdd0tdnh78gzhkvhe4n6ulal9qvrtu43qtd0nh8/brh,BeersHercoles,brh,factory/osmo1q77cw0mmlluxu0wr29fcdd0tdnh78gzhkvhe4n6ulal9qvrtu43qtd0nh8/brh,6,,osmosis,factory/osmo1q77cw0mmlluxu0wr29fcdd0tdnh78gzhkvhe4n6ulal9qvrtu43qtd0nh8/brh,native,2024-07-23T14:47:57.660Z,2024-05-29T17:48:45.255000,false,chain-metadata
osmosis,factory/osmo1q77cw0mmlluxu0wr29fcdd0tdnh78gzhkvhe4n6ulal9qvrtu43qtd0nh8/cai,CookAI,Cai,factory/osmo1q77cw0mmlluxu0wr29fcdd0tdnh78gzhkvhe4n6ulal9qvrtu43qtd0nh8/cai,6,,osmosis,factory/osmo1q77cw0mmlluxu0wr29fcdd0tdnh78gzhkvhe4n6ulal9qvrtu43qtd0nh8/cai,native,2024-07-23T14:47:57.660Z,2024-05-29T17:48:45.255000,false,chain-metadata
osmosis,factory/osmo1q77cw0mmlluxu0wr29fcdd0tdnh78gzhkvhe4n6ulal9qvrtu43qtd0nh8/cnb,Cannabis,CNB,factory/osmo1q77cw0mmlluxu0wr29fcdd0tdnh78gzhkvhe4n6ulal9qvrtu43qtd0nh8/cnb,6,,osmosis,factory/osmo1q77cw0mmlluxu0wr29fcdd0tdnh78gzhkvhe4n6ulal9qvrtu43qtd0nh8/cnb,native,2024-07-23T14:47:57.661Z,2024-05-29T17:48:45.255000,false,chain-metadata
osmosis,factory/osmo1q77cw0mmlluxu0wr29fcdd0tdnh78gzhkvhe4n6ulal9qvrtu43qtd0nh8/dbz,Dragon ball z,DBZ,factory/osmo1q77cw0mmlluxu0wr29fcdd0tdnh78gzhkvhe4n6ulal9qvrtu43qtd0nh8/dbz,6,,osmosis,factory/osmo1q77cw0mmlluxu0wr29fcdd0tdnh78gzhkvhe4n6ulal9qvrtu43qtd0nh8/dbz,native,2024-07-23T14:47:57.662Z,2024-05-29T17:48:45.255000,false,chain-metadata
osmosis,factory/osmo1q77cw0mmlluxu0wr29fcdd0tdnh78gzhkvhe4n6ulal9qvrtu43qtd0nh8/d0p,D0P4M1NE,D0P,factory/osmo1q77cw0mmlluxu0wr29fcdd0tdnh78gzhkvhe4n6ulal9qvrtu43qtd0nh8/d0p,6,,osmosis,factory/osmo1q77cw0mmlluxu0wr29fcdd0tdnh78gzhkvhe4n6ulal9qvrtu43qtd0nh8/d0p,native,2024-07-23T14:47:57.662Z,2024-05-29T17:48:45.255000,false,chain-metadata
osmosis,factory/osmo1q77cw0mmlluxu0wr29fcdd0tdnh78gzhkvhe4n6ulal9qvrtu43qtd0nh8/ddv,Dudina,DDV,factory/osmo1q77cw0mmlluxu0wr29fcdd0tdnh78gzhkvhe4n6ulal9qvrtu43qtd0nh8/ddv,6,,osmosis,factory/osmo1q77cw0mmlluxu0wr29fcdd0tdnh78gzhkvhe4n6ulal9qvrtu43qtd0nh8/ddv,native,2024-07-23T14:47:57.662Z,2024-05-29T17:48:45.255000,false,chain-metadata
osmosis,factory/osmo1q77cw0mmlluxu0wr29fcdd0tdnh78gzhkvhe4n6ulal9qvrtu43qtd0nh8/dojo,Bad Dojo,DOJO,factory/osmo1q77cw0mmlluxu0wr29fcdd0tdnh78gzhkvhe4n6ulal9qvrtu43qtd0nh8/dojo,6,,osmosis,factory/osmo1q77cw0mmlluxu0wr29fcdd0tdnh78gzhkvhe4n6ulal9qvrtu43qtd0nh8/dojo,native,2024-07-23T14:47:57.663Z,2024-05-29T17:48:45.255000,false,chain-metadata
osmosis,factory/osmo1q77cw0mmlluxu0wr29fcdd0tdnh78gzhkvhe4n6ulal9qvrtu43qtd0nh8/dud,DudToken,Dud,factory/osmo1q77cw0mmlluxu0wr29fcdd0tdnh78gzhkvhe4n6ulal9qvrtu43qtd0nh8/dud,6,,osmosis,factory/osmo1q77cw0mmlluxu0wr29fcdd0tdnh78gzhkvhe4n6ulal9qvrtu43qtd0nh8/dud,native,2024-07-23T14:47:57.663Z,2024-05-29T17:48:45.255000,false,chain-metadata
osmosis,factory/osmo1q77cw0mmlluxu0wr29fcdd0tdnh78gzhkvhe4n6ulal9qvrtu43qtd0nh8/drix,DRIX,DRIX,factory/osmo1q77cw0mmlluxu0wr29fcdd0tdnh78gzhkvhe4n6ulal9qvrtu43qtd0nh8/drix,6,,osmosis,factory/osmo1q77cw0mmlluxu0wr29fcdd0tdnh78gzhkvhe4n6ulal9qvrtu43qtd0nh8/drix,native,2024-07-23T14:47:57.663Z,2024-05-29T17:48:45.255000,false,chain-metadata
osmosis,factory/osmo1q77cw0mmlluxu0wr29fcdd0tdnh78gzhkvhe4n6ulal9qvrtu43qtd0nh8/fcrow,Ferrell Crow,FCROW,factory/osmo1q77cw0mmlluxu0wr29fcdd0tdnh78gzhkvhe4n6ulal9qvrtu43qtd0nh8/fcrow,6,,osmosis,factory/osmo1q77cw0mmlluxu0wr29fcdd0tdnh78gzhkvhe4n6ulal9qvrtu43qtd0nh8/fcrow,native,2024-07-23T14:47:57.664Z,2024-05-29T17:48:45.255000,false,chain-metadata
osmosis,factory/osmo1q77cw0mmlluxu0wr29fcdd0tdnh78gzhkvhe4n6ulal9qvrtu43qtd0nh8/magat,TRUMP,MAGAT,factory/osmo1q77cw0mmlluxu0wr29fcdd0tdnh78gzhkvhe4n6ulal9qvrtu43qtd0nh8/magat,6,,osmosis,factory/osmo1q77cw0mmlluxu0wr29fcdd0tdnh78gzhkvhe4n6ulal9qvrtu43qtd0nh8/magat,native,2024-07-23T14:47:57.669Z,2024-05-29T17:48:45.255000,false,chain-metadata
osmosis,factory/osmo1q77cw0mmlluxu0wr29fcdd0tdnh78gzhkvhe4n6ulal9qvrtu43qtd0nh8/mcl,McLovin,MCL,factory/osmo1q77cw0mmlluxu0wr29fcdd0tdnh78gzhkvhe4n6ulal9qvrtu43qtd0nh8/mcl,6,,osmosis,factory/osmo1q77cw0mmlluxu0wr29fcdd0tdnh78gzhkvhe4n6ulal9qvrtu43qtd0nh8/mcl,native,2024-07-23T14:47:57.670Z,2024-05-29T17:48:45.255000,false,chain-metadata
osmosis,factory/osmo1q77cw0mmlluxu0wr29fcdd0tdnh78gzhkvhe4n6ulal9qvrtu43qtd0nh8/mnm,MaxIsNotMad,MNM,factory/osmo1q77cw0mmlluxu0wr29fcdd0tdnh78gzhkvhe4n6ulal9qvrtu43qtd0nh8/mnm,6,,osmosis,factory/osmo1q77cw0mmlluxu0wr29fcdd0tdnh78gzhkvhe4n6ulal9qvrtu43qtd0nh8/mnm,native,2024-07-23T14:47:57.670Z,2024-05-29T17:48:45.255000,false,chain-metadata
osmosis,factory/osmo1q77cw0mmlluxu0wr29fcdd0tdnh78gzhkvhe4n6ulal9qvrtu43qtd0nh8/nba,shaqkobemagicjordan,NBA,factory/osmo1q77cw0mmlluxu0wr29fcdd0tdnh78gzhkvhe4n6ulal9qvrtu43qtd0nh8/nba,6,,osmosis,factory/osmo1q77cw0mmlluxu0wr29fcdd0tdnh78gzhkvhe4n6ulal9qvrtu43qtd0nh8/nba,native,2024-07-23T14:47:57.670Z,2024-05-29T17:48:45.255000,false,chain-metadata
osmosis,factory/osmo1q77cw0mmlluxu0wr29fcdd0tdnh78gzhkvhe4n6ulal9qvrtu43qtd0nh8/nohorn,NoHorny,nohorn,factory/osmo1q77cw0mmlluxu0wr29fcdd0tdnh78gzhkvhe4n6ulal9qvrtu43qtd0nh8/nohorn,6,,osmosis,factory/osmo1q77cw0mmlluxu0wr29fcdd0tdnh78gzhkvhe4n6ulal9qvrtu43qtd0nh8/nohorn,native,2024-07-23T14:47:57.671Z,2024-05-29T17:48:45.255000,false,chain-metadata
osmosis,ibc/239A507997222805E441956EBE8087D7E2D05D6535C6D4C75EF8DCF83B3DE1A1,FONTI Fantoken,FONTI,fonti,6,,bitsong,ft56664FC98A2CF5F4FBAC3566D1A11D891AD88305,native,2022-09-02T21:39:16Z,2024-03-18T22:43:15.451634,false,chain-registry
osmosis,ibc/25878D392C6D3E35F3C8E7B1D4686E134228CD277179DA5603EC657DAF59DB00,qcKUJI,qcKUJI,qcKUJI,6,,kujira,factory/kujira1m96ucsfpt2yy72w09z2rxjdj38y5qd8lqx5jtggnejmdua2ynpnsxyvjex/urcpt,native,2022-09-02T21:39:16Z,2024-03-18T22:43:15.451634,false,chain-registry
osmosis,ibc/0362302C7F45A97E304A087F05553DCECF0EAED24A17BC3D5B1BCC5E5B787E4C,OccamFi,OCC,gocc,18,,gravitybridge,gravity0x2F109021aFe75B949429fe30523Ee7C0D5B27207,"[{""type"":""bridge"",""chain_name"":""ethereum"",""base_denom"":""0x2F109021aFe75B949429fe30523Ee7C0D5B27207""}]",2022-09-02T21:39:16Z,2024-03-18T22:43:15.451634,false,chain-registry
osmosis,ibc/737BA149DE0967CA64C7A6FFCF5026EC7C6210F4BA1A3B1429E4FEBDEB4940F2,e-Money DKK,EDKK,dkk,6,,emoney,edkk,native,2022-09-02T21:39:16Z,2024-03-18T22:43:15.451634,false,chain-registry
osmosis,ibc/1733402CBEA1D9D9D13DEA1EF1A76A116B51F5FF252A4DBBE6240DBFF8758EFC,e-Money NOK,ENOK,nok,6,,emoney,enok,native,2022-09-02T21:39:16Z,2024-03-18T22:43:15.451634,false,chain-registry
osmosis,ibc/06E7F44709AA82545D317E925310969F74A0923719CDBB32EFF6A47F4C0FD9AF,EMPWR,EMPWR,empwr,6,,juno,cw20:juno12etxwkxvms0uy9ak8g3pyq6a53myukufdnx82pakzmjmpm77a0ksr9gs5v,native,2022-09-02T21:39:16Z,2024-03-18T22:43:15.451634,false,chain-registry
osmosis,ibc/E7F2113AFAE9EFA752E5587BA3B29384D47F154DEA1EF9573B3D4D533D74E688,ampKUJI,ampKUJI,ampKUJI,6,,kujira,factory/kujira1n3fr5f56r2ce0s37wdvwrk98yhhq3unnxgcqus8nzsfxvllk0yxquurqty/ampKUJI,native,2022-09-02T21:39:16Z,2024-03-18T22:43:15.451634,false,chain-registry
osmosis,ibc/69628D9E55DE019D28262C2A5F2229E043FF2D46CCAD1802BBDEEAD338367A4E,Judo,JUDO,JUDO,6,,injective,inj16ukv8g2jcmml7gykxn5ws8ykhxjkugl4zhft5h,native,2022-09-02T21:39:16Z,2024-03-18T22:43:15.451634,false,chain-registry
osmosis,ibc/D29CE169AD7EDB6E9DFC3B42179D54B7EC756C9EB1790E9CAD888A203C17E102,HERA,HERA,hera,6,,juno,cw20:juno1dtd45vxvv080v9x7hffysnmvrqm6ysecjdnvafqul28646hm04xs9gheh0,native,2022-09-02T21:39:16Z,2024-03-18T22:43:15.451634,false,chain-registry
osmosis,ibc/FB57581C2E698C45AE811B2C31697EB3D3C34CD55F8996DDE1B9447D6E879ACD,BurgerNEO,bNEO,bneo,8,,carbon,bneo.1.14.e2e5f6,"[{""type"":""bridge"",""chain_name"":""neo"",""base_denom"":""0x48c40d4666f93408be1bef038b6722404d9a4c2a""}]",2022-09-02T21:39:16Z,2024-03-18T22:43:15.451634,false,chain-registry
osmosis,ibc/686B4FE801A81ED9B46CC2E24FF3A7EA2E6A1E1A2A4D73BD7F2BC2866007AB0A,e-Money SEK,ESEK,sek,6,,emoney,esek,native,2022-09-02T21:39:16Z,2024-03-18T22:43:15.451634,false,chain-registry
osmosis,ibc/05458E0F3E1A0C8E34B9F5A291B4D306B230F4BA0EF32B86411F95081A0B5DA0,Red,RED,red,6,,juno,cw20:juno1g647t78y2ulqlm3lss8rs3d0spzd0teuwhdvnqn92tr79yltk9dq2h24za,native,2022-09-02T21:39:16Z,2024-03-18T22:43:15.451634,false,chain-registry
osmosis,ibc/6018AD9F3E8AEF59DBD127F9D81C4F2B69CF1DD5680DBD4D72F0FE1F87E7397D,BUSD (BEP-20),BUSD,busd,18,,carbon,busd.1.6.754a80,"[{""type"":""bridge"",""chain_name"":""binancesmartchain"",""base_denom"":""0xe9e7CEA3DedcA5984780Bafc599bD69ADd087D56""}]",2022-09-02T21:39:16Z,2024-03-18T22:43:15.451634,false,chain-registry
osmosis,ibc/37544C63D9B42019F6C8EF2A1702CF780A4C7F8C0D4F5BE8980F475D6E610500,Arena Token,ARENA,arena,6,,juno,factory/juno1vwmnqk0vyxc96qgffrure4nqxupjrql0zut8s02hadgp0n79r8xq5xdsxy/ARENA,native,2022-09-02T21:39:16Z,2024-03-18T22:43:15.451634,false,chain-registry
osmosis,ibc/423967B46B1A51D78619085105B04FCFA14F7CBC0BE7539A316B2DCDFC7D8C07,Nicola Fasano Fantoken,FASANO,fasano,6,,bitsong,ft25B30C386CDDEBD1413D5AE1180956AE9EB3B9F7,native,2022-09-02T21:39:16Z,2024-03-18T22:43:15.451634,false,chain-registry
osmosis,ibc/969F8AF96694B3588F7E8B210F986991408360888BC40DB169E6E9F751830229,POIL,POIL,poil,6,,juno,cw20:juno13epyeat7ef0k7q6kllmyvc8zpfd9xm7cqjrgtk0qkgrk7n5mjfmq8979jw,native,2022-09-02T21:39:16Z,2024-03-18T22:43:15.451634,false,chain-registry
osmosis,ibc/129F401C84FCD5B0183472ED83745193B0B3A69855635A56B9056EEF8D3C241C,Lido Staked Ether,stETH,steth,18,,axelar,steth-wei,"[{""type"":""bridge"",""chain_name"":""ethereum"",""base_denom"":""0xae7ab96520de3a18e5e111b5eaab095312d7fe84""}]",2022-09-02T21:39:16Z,2024-03-18T22:43:15.451634,false,chain-registry
osmosis,ibc/2162193E48EAF241C7CB28CE1096DC999C81907ACE0457FF91BF4CC3DC2DE1BF,Fuzion Yield,yFUZN,yfuzn,6,,kujira,factory/kujira1sc6a0347cc5q3k890jj0pf3ylx2s38rh4sza4t/uyfuzn,native,2022-09-02T21:39:16Z,2024-03-18T22:43:15.451634,false,chain-registry
osmosis,ibc/1430C4E214AEDDF2DDA6A41E4FA33A51A60E1E0012293F0DCB1E2B66935E5994,Living Tree,TREE,tree,6,,juno,cw20:juno1uu3rxu7w7fpfj4sl4xpxppgymk57mzdzn6kg7492jdxh5dwk7d2qq9429e,native,2022-09-02T21:39:16Z,2024-03-18T22:43:15.451634,false,chain-registry
osmosis,ibc/999964F543B253A5CC2B707D648D61895A51194533FE29A5D630F186DD040730,PSTAKE staked STARS,stkSTARS,stkstars,6,,persistence,stk/ustars,native,2022-09-02T21:39:16Z,2024-03-18T22:43:15.451634,false,chain-registry
osmosis,ibc/1DE9A32D603EE05E9B8619DF24D90FD518C932AE0B5B3209A986B7262DBADE2A,Delta 9 Fantoken,D9X,d9x,6,,bitsong,ft575B10B0CEE2C164D9ED6A96313496F164A9607C,native,2022-09-02T21:39:16Z,2024-03-18T22:43:15.451634,false,chain-registry
osmosis,ibc/FF1EB215DC22B8D383105710E17DAF0584FEB7C15DDA2FADC7D44F5B77DFFBF4,Carbon Wrapped GLP,CGLP,cglp,18,,carbon,cglp.1.19.1698d3,native,2022-09-02T21:39:16Z,2024-03-18T22:43:15.451634,false,chain-registry
osmosis,ibc/EBFD05900EF1A7EE934D4A8E754E49EF7B4EA339287FD671B0737CB059771087,Middle,MIDDLE,middle,6,,juno,cw20:juno1525fuspletvzykpgr2atxpymu9le4mghd7qq4a4u23uwqzc2f3fq7fmafd,native,2022-09-02T21:39:16Z,2024-03-18T22:43:15.451634,false,chain-registry
osmosis,ibc/0E30775281643124D79B8670ACD3F478AC5FAB2B1CA1E32903D0775D8A8BB064,Palantin,PLTN,pltn,6,,juno,cw20:juno15au4k2jgwd0jnchy0fkg3lm00fpt7jt0j2duuzradn2q7sega2dszyn5pp,native,2022-09-02T21:39:16Z,2024-03-18T22:43:15.451634,false,chain-registry
osmosis,ibc/051A38BBEF92B9D8293AFBE1FA293E704359E9CB28297A0FD5DBA3E9CCEE9AB1,Enmoda Fantoken,ENMODA,enmoda,6,,bitsong,ft85AE1716C5E39EA6D64BBD7898C3899A7B500626,native,2022-09-02T21:39:16Z,2024-03-18T22:43:15.451634,false,chain-registry
osmosis,ibc/8C7FE32AAE8D227D403EA7721CE0534CAA0E29DD584A732BC3FC5C0443173AAF,LOCAL,LOCAL,local,6,,kujira,factory/kujira1swkuyt08z74n5jl7zr6hx0ru5sa2yev5v896p6/local,native,2022-09-02T21:39:16Z,2024-03-18T22:43:15.451634,false,chain-registry
osmosis,ibc/8A07D4BD40E0F44ECFDF360F7EA7008B288926FB87C54489FE54DB81A5340E0C,Vibranium Fantoken,VIBRA,vibra,6,,bitsong,ft7020C2A8E984EEBCBB383E91CD6FBB067BB2272B,native,2022-09-02T21:39:16Z,2024-03-18T22:43:15.451634,false,chain-registry
osmosis,ibc/61365041DAC5A57B92D60A3EBEB5143E209F86CECDBDD7326A6E7F8351352119,Bonded Crescent,bCRE,bcre,6,liquid-staking-crescent,crescent,ubcre,native,2022-09-02T21:39:16Z,2024-03-18T22:43:15.451634,false,chain-registry
osmosis,ibc/36FBE58A4C388A53F3A19CA0AD8A7955C2AFC19C14E56767732ADE5CFA75BEC7,Howl,HOWL,howl,6,,juno,cw20:juno1g0wuyu2f49ncf94r65278puxzclf5arse9f3kvffxyv4se4vgdmsk4dvqz,native,2022-09-02T21:39:16Z,2024-03-18T22:43:15.451634,false,chain-registry
osmosis,ibc/D547E4A49B10339061E0BB6B35A939C5C6609595B520447FA0CAA6FBD63CEDC2,Sunset,SUNSET,sunset,6,,juno,cw20:juno17703kcxtsg37hryxnestejyyycuv5yyvnghp2e7w0kqvafnnyetsgzq62w,native,2022-09-02T21:39:16Z,2024-03-18T22:43:15.451634,false,chain-registry
osmosis,ibc/AE2719773D6FCDD05AC17B1ED63F672F5F9D84144A61965F348C86C2A83AD161,Uniswap,UNI,uni,18,,axelar,uni-wei,"[{""type"":""bridge"",""chain_name"":""ethereum"",""base_denom"":""0x1f9840a85d5af5bf1d1762f925bdaddc4201f984""}]",2022-09-02T21:39:16Z,2024-03-18T22:43:15.451634,false,chain-registry
osmosis,ibc/0BAB91A2EFF98CFE98803D4777ECAA19801E3F8FF5B2D78278915610BFA4242A,Ethereum (Arbitrum),ETH,eth,18,,carbon,eth.1.19.c3b805,"[{""type"":""bridge"",""chain_name"":""arbitrum"",""base_denom"":""0x82aF49447D8a07e3bd95BD0d56f35241523fBab1""}]",2022-09-02T21:39:16Z,2024-03-18T22:43:15.451634,false,chain-registry
osmosis,ibc/2AE297399A20F5CCC7F943901CB050AE40EC4E8804D73050ADC5BB2B8128DD4C,NEXX GEN AI,NEXX,nexx,6,,juno,factory/juno1qly4zcmzr2gyxtze5yt9chv2srczwwunppxjfh/NEXX,native,2022-09-02T21:39:16Z,2024-03-18T22:43:15.451634,false,chain-registry
osmosis,ibc/758A759BD24DD768B66FE3C8087AEF21B337B45FB7B359D2E9624B21507C1B82,Catom,CATOM,catom,6,,juno,cw20:juno12wxyvtqe76x2a5jj6ckp2hfq8v32m6rvyyxwwufl2tksqvkt7whqczv6pa,native,2022-09-02T21:39:16Z,2024-03-18T22:43:15.451634,false,chain-registry
osmosis,ibc/8D8F96DFFD16F5D079EED73C5110E937B37FBDA817F3E5680DB69E51FFBB4B7D,Loop Finance,LOOP,loop,6,loop,juno,cw20:juno1qsrercqegvs4ye0yqg93knv73ye5dc3prqwd6jcdcuj8ggp6w0us66deup,native,2022-09-02T21:39:16Z,2024-03-18T22:43:15.451634,false,chain-registry
osmosis,ibc/0824A92510C1CE67BF02944854A5D7C7F392DF111045B4551ADDF7EFFEA05A32,Ethereum (ERC20),ETH,eth,18,,carbon,eth.1.2.942d87,"[{""type"":""bridge"",""chain_name"":""ethereum"",""base_denom"":""wei""}]",2022-09-02T21:39:16Z,2024-03-18T22:43:15.451634,false,chain-registry
osmosis,ibc/5A7C2B075BC6989C9F327746A984AD6C6666BBDE40931F024C54114861E76F68,ERIS Amplified MNTA,ampMNTA,ampMNTA,6,,kujira,factory/kujira175yatpvkpgw07w0chhzuks3zrrae9z9g2y6r7u5pzqesyau4x9eqqyv0rr/ampMNTA,native,2022-09-02T21:39:16Z,2024-03-18T22:43:15.451634,false,chain-registry
osmosis,ibc/00BC6883C29D45EAA021A55CFDD5884CA8EFF9D39F698A9FEF79E13819FF94F8,Osmo Pepe,PEPE,pepe,6,,juno,cw20:juno1zqrj3ta4u7ylv0wqzd8t8q3jrr9rdmn43zuzp9zemeunecnhy8fss778g7,native,2022-09-02T21:39:16Z,2024-03-18T22:43:15.451634,false,chain-registry
osmosis,ibc/A14A79305A1168CF7C8071EA40B5BC647E3D3FEBBD427E38F05FE07F0B317E0A,USD Coin (BEP-20),USDC,usdc,18,,carbon,usdc.1.6.53ff75,"[{""type"":""bridge"",""chain_name"":""binancesmartchain"",""base_denom"":""0x8AC76a51cc950d9822D68b83fE1Ad97B32Cd580d""}]",2022-09-02T21:39:16Z,2024-03-18T22:43:15.451634,false,chain-registry
osmosis,ibc/BD34998D398D927B04616A3FFC6A513A10AF203A80E0B0DAD5F01CEA9E050C20,ATEN,ATEN,aten,6,,juno,cw20:juno1elpg96tju8a32vzn25u6asvscajjm4000589z0zthhvks28ajypqzurl7r,native,2022-09-02T21:39:16Z,2024-03-18T22:43:15.451634,false,chain-registry
osmosis,ibc/3F517AB4EC381A9288A449EC7D99D75B4DEE3DE9560140344893A15A3D630DB7,Zilliqa,ZIL,zil,12,,carbon,zil.1.18.1a4a06,"[{""type"":""bridge"",""chain_name"":""zilliqa"",""base_denom"":""wei""}]",2022-09-02T21:39:16Z,2024-03-18T22:43:15.451634,false,chain-registry
osmosis,ibc/D53609853919635406B7F9B83BADE77BF480F7030215B49E932A1EF0A193E49A,IBC HNS (Handshake),HNS,hns,6,,juno,cw20:juno1ur4jx0sxchdevahep7fwq28yk4tqsrhshdtylz46yka3uf6kky5qllqp4k,native,2022-09-02T21:39:16Z,2024-03-18T22:43:15.451634,false,chain-registry
osmosis,ibc/A3BB1A990606CE78C55AA5E945C0C25D05B558F61C37E662AE6D359EE7EC826A,WINK,WINK,wink,6,,kujira,factory/kujira12cjjeytrqcj25uv349thltcygnp9k0kukpct0e/uwink,native,2022-09-02T21:39:16Z,2024-03-18T22:43:15.451634,false,chain-registry
osmosis,ibc/6A6174468758D207DD2D880363BF699C6568A29E87651337AEDAFD9E69EA7E58,Karina Fantoken,KARINA,karina,6,,bitsong,ft2DD67F5D99E9A141142B48474FA7B6B3FF00A3FE,native,2022-09-02T21:39:16Z,2024-03-18T22:43:15.451634,false,chain-registry
osmosis,ibc/B3FB7128CE957DE1ADB687A919AA0786C77C62FB1280C07CDD78AEA032D56853,BlackJack Fantoken,BJKS,bjks,6,,bitsong,ft52EEB0EE509AC546ED92EAC8591F731F213DDD16,native,2022-09-02T21:39:16Z,2024-03-18T22:43:15.451634,false,chain-registry
osmosis,ibc/500F3E928AB5F2E9ACB113F4F879A44BDB42CCDCDC51254222D742A240A526F8,Digital Land Acquisition DAO,DLA,dla,6,,juno,cw20:juno1sfwye65qxcfsc837gu5qcprcz7w49gkv3wnat04764ld76hy3arqs779tr,native,2022-09-02T21:39:16Z,2024-03-18T22:43:15.451634,false,chain-registry
osmosis,ibc/61DE6748CA641D2422C6D07C53F6C7215EEF7AE8BC61439B83A0DEA061B487E1,Open Exchange Token,OX,ox,18,,axelar,ox-wei,"[{""type"":""bridge"",""chain_name"":""ethereum"",""base_denom"":""0x78a0A62Fba6Fb21A83FE8a3433d44C73a4017A6f""}]",2022-09-02T21:39:16Z,2024-03-18T22:43:15.451634,false,chain-registry
osmosis,ibc/7295195818D9208637DE141D3E559E9D6FBBCA5E4009CA42BCC949DF5CC0051E,Ninpo,NINPO,NINPO,6,,injective,inj1sudjgsyhufqu95yp7rqad3g78ws8g6htf32h88,native,2022-09-02T21:39:16Z,2024-03-18T22:43:15.451634,false,chain-registry
osmosis,ibc/54CB460BC2DB59641ECCCFE170C543C3FD661969C4ADD5D181F34139E30335FE,Y-Foundry DAO,YFD,yfd,6,,juno,cw20:juno12mcwmd6wqhledkjsurlfqtc8j0pedvxlcxw3gs4kh2qf808ehehsen8nmw,native,2022-09-02T21:39:16Z,2024-03-18T22:43:15.451634,false,chain-registry
osmosis,ibc/9BC783D73D46226BC948F34BC9136C081B89144E646DB5E4C1E8A6A4E777DC1B,e-Money CHF,ECHF,chf,6,,emoney,echf,native,2022-09-02T21:39:16Z,2024-03-18T22:43:15.451634,false,chain-registry
osmosis,ibc/1F0CFBE9934E06C089589EE9AE81C841BD5B1ED802E70914F1A9A13F309878A5,Blue,BLUE,blue,6,,juno,cw20:juno14q8kk464fafql2fwmlsgvgcdl6h2csqpzv4hr025fmcvgjahpess32k0j7,native,2022-09-02T21:39:16Z,2024-03-18T22:43:15.451634,false,chain-registry
osmosis,ibc/EF9E75F44C52D139A6C98A0E37183E1C32ED6F00BDCFA0020550D78C31A62C0E,LUNO,LUNO,luno,6,,juno,cw20:juno13c57ssxvlzefsj4v5spdz4m9r6c6s2far5npvmc9en7nz02xqjyqne40gk,native,2022-09-02T21:39:16Z,2024-03-18T22:43:15.451634,false,chain-registry
osmosis,ibc/73C2C269DCA7914B90E227D315C339836FDC6F2D570E5C5438D6C288472A665B,Carbon Grouped USD,USD,usd,18,,carbon,cgt/1,native,2022-09-02T21:39:16Z,2024-03-18T22:43:15.451634,false,chain-registry
osmosis,ibc/BE95D1E09F5A44FC5409F4E0F52750DF2A868D865BC91F3C3EE3C83235789D18,[Redacted] Fantoken (ft3...A00),LDON,ft347B1612A2B7659913679CF6CD45B8B130C50A00/6,6,,bitsong,ft347B1612A2B7659913679CF6CD45B8B130C50A00,native,2022-09-02T21:39:16Z,2024-03-18T22:43:15.451634,false,chain-registry
osmosis,ibc/E4767181FEC2D11BEBC10C590CC766F5BEAEB44AB0AA17D94E5A4839B3556158,BITS,BITS,bits,8,,juno,cw20:juno14fz92ehqt37e096xr95kmy8nc0kz803uezxtg4fwx7agjjma86sqm8mg3h,native,2022-09-02T21:39:16Z,2024-03-18T22:43:15.451634,false,chain-registry
osmosis,ibc/2CDA7CA33077911B2BF5E5D3423B6CC76E1093A7F8A6D876943C2AF69CBC9875,ERIS Amplified INJ,ampINJ,ampINJ,6,,injective,factory/inj1cdwt8g7nxgtg2k4fn8sj363mh9ahkw2qt0vrnc/ampINJ,native,2022-09-02T21:39:16Z,2024-03-18T22:43:15.451634,false,chain-registry
osmosis,ibc/C6A6EB496465BB37EBA5F294D321AB464F255D46BF7613E51DB1FE36C2D8C0AF,ERIS Amplified JUNO,ampJUNO,ampJUNO,6,,juno,cw20:juno1a0khag6cfzu5lrwazmyndjgvlsuk7g4vn9jd8ceym8f4jf6v2l9q6d348a,native,2022-09-02T21:39:16Z,2024-03-18T22:43:15.451634,false,chain-registry
osmosis,ibc/C1CEF00F016FE89EA6E5B07DA895AACD91B0AAD69A991033D846B988AD4FB69D,Carolina Marquez Fantoken,CMQZ,cmqz,6,,bitsong,ftD4B6290EDEE1EC7B97AB5A1DC6C177EFD08ADCC3,native,2022-09-02T21:39:16Z,2024-03-18T22:43:15.451634,false,chain-registry
osmosis,ibc/022A879A5301CBCACF96216C967805F15C33C615B74DC7236027C1BA1BF664FF,Luca Testa Fantoken,TESTA,testa,6,,bitsong,ft4B030260D99E3ABE2B604EA2B33BAF3C085CDA12,native,2022-09-02T21:39:16Z,2024-03-18T22:43:15.451634,false,chain-registry
osmosis,ibc/09B40B4315A4A188A84E0C5F2A11013604B3F8D8542970A1F767481B6560E66B,Binance Coin,BNB,bnb,18,,carbon,bnb.1.6.773edb,"[{""type"":""bridge"",""chain_name"":""binancesmartchain"",""base_denom"":""wei""}]",2022-09-02T21:39:16Z,2024-03-18T22:43:15.451634,false,chain-registry
osmosis,ibc/6C0CB8653012DC2BC1820FD0B6B3AFF8A07D18630BDAEE066FEFB2D92F477C24,Axie Infinity Shard,AXS,axs,18,,axelar,axs-wei,"[{""type"":""bridge"",""chain_name"":""ethereum"",""base_denom"":""0xbb0e17ef65f82ab018d8edd776e8dd940327b28b""}]",2022-09-02T21:39:16Z,2024-03-18T22:43:15.451634,false,chain-registry
osmosis,ibc/F34D42847687859FCF47D20C575E201F25595319E5FACC9C94940A0E74656ABD,Fuzion Receipt,rFUZN,rfuzn,6,,kujira,factory/kujira1sc6a0347cc5q3k890jj0pf3ylx2s38rh4sza4t/urfuzn,native,2022-09-02T21:39:16Z,2024-03-18T22:43:15.451634,false,chain-registry
osmosis,ibc/56C276FC136E239449DCE664292DBEEF5795C4EF4B5B35DB98BD1C0948274867,Rawanne Fantoken,RWNE,rwne,6,,bitsong,ftE4903ECC861CA45F2C2BC7EAB8255D2E6E87A33A,native,2022-09-02T21:39:16Z,2024-03-18T22:43:15.451634,false,chain-registry
osmosis,ibc/1DCC282ACE088614FFE6473309255D2EEFDCE9BE50CA402F8362EC0206296F25,WGMI,WGMI,WGMI,6,,injective,factory/inj1rmjzj9fn47kdmfk4f3z39qr6czexxe0yjyc546/WGMI,native,2022-09-02T21:39:16Z,2024-03-18T22:43:15.451634,false,chain-registry
osmosis,ibc/B39116ED5DA87C0DD8E959A9D0DFF5B4E38608669528A20DEFF29D7447B6087B,Circle USD,USDC,usdc,6,,carbon,usdc.1.2.343151,"[{""type"":""bridge"",""chain_name"":""ethereum"",""base_denom"":""0xa0b86991c6218b36c1d19d4a2e9eb0ce3606eb48""}]",2022-09-02T21:39:16Z,2024-03-18T22:43:15.451634,false,chain-registry
osmosis,ibc/F04A87E82B85B396E433A6C1FCB115230DD5D33F6BEFFBC702E37280BA6B1B1E,BLEND,BLEND,blend,6,,kujira,factory/kujira1slueerjz7mx9jp45u3y0rjwtvhcf8a68wf2mjt/ublend,native,2022-09-02T21:39:16Z,2024-03-18T22:43:15.451634,false,chain-registry
osmosis,ibc/F64D67581D50AE3F641A344F31FE7CF9DC5A2C8C8C455A6967E36DEA09D563E6,Carbon USD Coin,USC,dusc,8,carbon-usd,carbon,usc,native,2022-09-02T21:39:16Z,2024-03-18T22:43:15.451634,false,chain-registry
osmosis,ibc/CD20AC50CE57F1CF2EA680D7D47733DA9213641D2D116C5806A880F508609A7A,MOBIX,MOBX,mobx,9,,fetchhub,nanomobx,native,2022-09-02T21:39:16Z,2024-03-18T22:43:15.451634,false,chain-registry
osmosis,ibc/F43A2168395EB35D645492737CC4FC3E5BB6F4FA870CDF35736B123B5D736267,qcMNTA,qcMNTA,qcMNTA,6,,kujira,factory/kujira1qzu3up50auxhqyzfq56znuj8n38q2ra7daaf9ef7vg8gu66jh4fqd2wd2y/urcpt,native,2022-09-02T21:39:16Z,2024-03-18T22:43:15.451634,false,chain-registry
osmosis,ibc/DEF166E774800DECC0B1EC138498AB181E6AC86AF5DEC6A0E5112D6F4C235C7F,Fuzion,FUZN,fuzn,6,fuzion,kujira,factory/kujira1sc6a0347cc5q3k890jj0pf3ylx2s38rh4sza4t/ufuzn,native,2022-09-02T21:39:16Z,2024-03-18T22:43:15.451634,false,chain-registry
osmosis,ibc/B901BEC1B71D0573E6EE874FEC39E2DF4C2BDB1DB74CB3DA0A9CACC4A435B0EC,Chain,XCN,xcn,18,,axelar,xcn-wei,"[{""type"":""bridge"",""chain_name"":""ethereum"",""base_denom"":""0xa2cd3d43c775978a96bdbf12d733d5a1ed94fb18""}]",2022-09-02T21:39:16Z,2024-03-18T22:43:15.451634,false,chain-registry
osmosis,ibc/3E238F3331F14C339DA1C25A8ED66E1F395990678DC235976959ED5640C696B5,qcFUZN,qcFUZN,qcFUZN,6,,kujira,factory/kujira1l04ged98c7a7s9tllu62ld09ztylwf442qgm4thfgmadrvngeumsz4zrh2/urcpt,native,2022-09-02T21:39:16Z,2024-03-18T22:43:15.451634,false,chain-registry
osmosis,ibc/723134C962D78FC0E35610DB6D6A19B5B791D04FE8F4154E4AAB7BDAB28DBB45,Savings Dai,sDAI,gsdai,18,,gravitybridge,gravity0x83F20F44975D03b1b09e64809B757c47f942BEeA,"[{""type"":""bridge"",""chain_name"":""ethereum"",""base_denom"":""0x83F20F44975D03b1b09e64809B757c47f942BEeA""}]",2022-09-02T21:39:16Z,2024-03-18T22:43:15.451634,false,chain-registry
osmosis,ibc/DA9C0CDF1EF84D668BF7131DBB2D287C54D14B467A1BE74FA824E0366C60B63C,Banana Token,BANANA,banana,6,,juno,juno1s2dp05rspeuzzpzyzdchk262szehrtfpz847uvf98cnwh53ulx4qg20qwj,native,2022-09-02T21:39:16Z,2024-03-18T22:43:15.451634,false,chain-registry
osmosis,ibc/FB547203A42DDC4925CD62F57618868E577B0F9E11FB5A5F30F521543DB342E0,milkTIA,milkTIA,milkTIA,6,milkyway-staked-tia,carbon,ibc/16065EE5282C5217685C8F084FC44864C25C706AC37356B0D62811D50B96920F,native,2022-09-02T21:39:16Z,2024-03-18T22:43:15.451634,false,chain-registry
osmosis,ibc/A9A73A9FEAF97112CC70F5D5E96D598398F2D015D4BD7DFE8804CE7AE8794D9D,BlackHole,HOLE,hole,6,,juno,cw20:juno1t46z6hg8vvsena7sue0vg6w85ljar3cundplkre9sz0skeqkap9sxyyy6m,native,2022-09-02T21:39:16Z,2024-03-18T22:43:15.451634,false,chain-registry
osmosis,ibc/C9864D1B9623F703C75BBF72B7FF8A7317E1535C96538D21467A4311246DC3B5,Puro Lobo Fantoken,LOBO,lobo,6,,bitsong,ft24C9FA4F10B0F235F4A815B15FC774E046A2B2EB,native,2022-09-02T21:39:16Z,2024-03-18T22:43:15.451634,false,chain-registry
osmosis,ibc/9E1F8DBB64753CAB022F2BDEA0D2C3B53522F372140DDF494AEE94C3078925E8,MINERVA,MRVA,minerva,6,,juno,cw20:juno1h86ut5aevlxuuxrra6wy3dfq6e39zkzzv9eelz678jr6amxlc4gsx46j82,native,2022-09-02T21:39:16Z,2024-03-18T22:43:15.451634,false,chain-registry
osmosis,ibc/1D9EAAB186DBFC1FF7A42053CEE692E16992D05B42CF36502340CEB113B55A37,PSTAKE staked DYDX,stkDYDX,stkdydx,18,,persistence,stk/adydx,native,2022-09-02T21:39:16Z,2024-03-18T22:43:15.451634,false,chain-registry
osmosis,ibc/965618EEF4000B9766C08D1BE3F142D744DF6E485131F646220BD984BC8ECB37,Plankton,PLNK,PLNK,6,,kujira,factory/kujira166ysf07ze5suazfzj0r05tv8amk2yn8zvsfuu7/uplnk,native,2022-09-02T21:39:16Z,2024-03-18T22:43:15.451634,false,chain-registry
osmosis,ibc/CB10783FD6E5CB6155E6CA0B1558061874EEE85291DD4306D1C0B2724E361EC5,Stride Staked CMDX,stCMDX,stcmdx,6,,stride,stucmdx,native,2022-09-06T13:51:24Z,2024-03-18T22:43:15.451634,false,chain-registry
osmosis,ibc/77BEE176F08CCC5AFBDFCCB9C63EBDF95D773FE3A0D3A85AC667AD633CE030A7,Shill,SHILL,shill,6,,secretnetwork,cw20:secret197dvnt9yjxwn8sjdlx05f7zuk27lsdxtfnwxse,native,2022-11-10T21:08:02Z,2024-03-18T22:43:15.451634,false,chain-registry
osmosis,ibc/1F3AB31A66CC0FBE149859D55D0D2D7167B851A113786438EA6E201033600C8E,Shareledger,SHR,shr,9,shareledger,shareledger,nshr,native,2023-03-01T23:33:46Z,2024-03-18T22:43:15.451634,true,chain-registry
osmosis,ibc/3AF2E322D4B54BB97EEE24760ED25B725842A9B62C759402AB8AADD75915FD14,OPHIR,OPHIR,OPHIR,6,,migaloo,factory/migaloo1t862qdu9mj5hr3j727247acypym3ej47axu22rrapm4tqlcpuseqltxwq5/ophir,native,2023-03-16T14:06:52Z,2024-03-18T22:43:15.451634,false,chain-registry
osmosis,ibc/834D0AEF380E2A490E4209DFF2785B8DBB7703118C144AC373699525C65B4223,ampWHALE,ampWHALE,ampWHALE,6,,migaloo,factory/migaloo1436kxs0w2es6xlqpp9rd35e3d0cjnw4sv8j3a7483sgks29jqwgshqdky4/ampWHALE,native,2023-03-16T14:06:52Z,2024-03-18T22:43:15.451634,false,chain-registry
osmosis,ibc/A37859A04007157B7FE3DC60BA32B7AC9CE7921988D32C087A52DFC98DF74C21,FABLE,FABLE,fable,6,,migaloo,factory/migaloo18a9m9stu3dyvewwcq9qmp85euxqcvln5mefync/fable,native,2023-03-16T14:06:52Z,2024-03-18T22:43:15.451634,false,chain-registry
osmosis,ibc/917C4B1E92EE2F959FC11ECFC435C4048F97E8B00F9444592706F4604F24BF25,BackBone Labs Liquid Staked WHALE,bWHALE,bWHALE,6,backbone-labs-staked-whale,migaloo,factory/migaloo1mf6ptkssddfmxvhdx0ech0k03ktp6kf9yk59renau2gvht3nq2gqdhts4u/boneWhale,native,2023-03-16T14:06:52Z,2024-03-18T22:43:15.451634,false,chain-registry
osmosis,ibc/B36FA1449007D770F373A0806EC5A907CC2D7DC11AE73FA8AFF76C5903A4F9B0,Stake,STAKE,stake,6,,noble,ustake,native,2023-03-30T17:55:51Z,2024-03-18T22:43:15.451634,true,chain-registry
osmosis,ibc/6A71FD886C62ECADA07ECFD24542C5E87C316A590737F5CE6FC37E3D258CD106,G4,G4,g4,6,,bluzelle,ug4,native,2023-04-27T20:17:28Z,2024-03-18T22:43:15.451634,false,chain-registry
osmosis,ibc/FDFCC8A906432FA7EFBA430062DA860883F5DDC77B8D64AFA2EE6CD5DC54B6A2,ELT,ELT,elt,6,,bluzelle,uelt,native,2023-04-27T20:17:28Z,2024-03-18T22:43:15.451634,false,chain-registry
osmosis,ibc/F82E97B58F45D32AE2199AE8AD9979FFD35CDC823BB3EB34C36349E374A8EFE3,Realio Security Token,RST,rst,18,,realio,arst,native,2023-07-03T03:27:51Z,2024-03-18T22:43:15.451634,false,chain-registry
osmosis,ibc/52D2C9570CC0756B189A56E08FF8255ED496CD5126569CB05F07875B317F24E8,Oozaru,OOZARU,oozaru,6,,sei,sei1wlf9j5uv50rcg0u5j6xk00px5tflptzprj39keck27eg8g7qd7hqq6kvda,native,2023-08-15T19:48:38Z,2024-03-18T22:43:15.451634,false,chain-registry
osmosis,ibc/AA6D5410E9D8D0A6C4671B8B7C13C46538EAFFB080A12A1E9516D04B09F25DDB,Popeye,POPEYE,popeye,6,,sei,factory/sei1fl8pg59wfsgw2wp4aruk38zqccfnc2g8ptrm24/popeye,native,2023-08-15T19:48:38Z,2024-03-18T22:43:15.451634,false,chain-registry
osmosis,ibc/8E65448D403DDD152CE62B462F44C947EFEDB1DC740C5FC506B9D50F8E155F09,Sensei Dog,SENSEI,sensei,6,,sei,factory/sei1ta5rkr6y2qlkj7px8w2cvear7m2822q4f4ea0m/sensei,native,2023-08-15T19:48:38Z,2024-03-18T22:43:15.451634,false,chain-registry
osmosis,ibc/B38908D9639A8DAEB43FF12143D60B1C2C6B109041D5A53790777909D778B1B5,ERIS Amplified SEI,ampSEI,ampSEI,6,,sei,factory/sei1x2fgaaqecvk8kwuqkjqcj27clw5p5g99uawdzy9sc4rku8avumcq3cky4k/ampSEI,native,2023-08-15T19:48:38Z,2024-03-18T22:43:15.451634,false,chain-registry
osmosis,ibc/48BC9DB84957B3190E6D2172B83E54DA1E16F3276E3BA01E42BFD788889324DC,Worm,WORM,worm,6,,gateway,uworm,native,2023-08-30T16:41:37Z,2024-03-18T22:43:15.451634,false,chain-registry
osmosis,ibc/BF75AE1500CB7EC458E91A11731F1B6AC1F1FE1FA937A88564955ED6A83CA2FB,Wrapped liquid staked Ether 2.0 (Wormhole),wstETH,wormhole/5TSQTEhJ5Q6r1YqCmCxTRSPiV2pGx5rZUQf6g2XH4e1b/8,8,,gateway,factory/wormhole14ejqjyq8um4p3xfqj74yld5waqljf88fz25yxnma0cngspxe3les00fpjx/5TSQTEhJ5Q6r1YqCmCxTRSPiV2pGx5rZUQf6g2XH4e1b,"[{""type"":""bridge"",""chain_name"":""ethereum"",""base_denom"":""0x7f39c581f595b53c5cb19bd0b3f8da6c935e2ca0""}]",2023-08-30T16:41:37Z,2024-03-18T22:43:15.451634,false,chain-registry
osmosis,ibc/898ACF6F5DEBF535103BBD52E3E5B70A311AD097B198A152483F69290B4210C0,Dai Stablecoin (Wormhole),DAI,wormhole/EKiMEqDnPKokFGcSXDvGMk6Gt1BJ6BC7BDZzTmEpWLH1/8,8,,gateway,factory/wormhole14ejqjyq8um4p3xfqj74yld5waqljf88fz25yxnma0cngspxe3les00fpjx/EKiMEqDnPKokFGcSXDvGMk6Gt1BJ6BC7BDZzTmEpWLH1,"[{""type"":""bridge"",""chain_name"":""ethereum"",""base_denom"":""0x6b175474e89094c44da98b954eedeac495271d0f""}]",2023-08-30T16:41:37Z,2024-03-18T22:43:15.451634,false,chain-registry
osmosis,ibc/6207D35D2C08F2162575C3C4BFD524226E50639121A273045F1B393AF67DCEB3,tBTC v2 (Wormhole),tBTC,wormhole/BhqTYfQogyt7jX7cx7x8uHEQP1x9fdtdBZtK4Swghgpw/8,8,,gateway,factory/wormhole14ejqjyq8um4p3xfqj74yld5waqljf88fz25yxnma0cngspxe3les00fpjx/BhqTYfQogyt7jX7cx7x8uHEQP1x9fdtdBZtK4Swghgpw,"[{""type"":""bridge"",""chain_name"":""ethereum"",""base_denom"":""0x18084fba666a33d37592fa2633fd49a74dd93a88""}]",2023-08-30T16:41:37Z,2024-03-18T22:43:15.451634,false,chain-registry
osmosis,ibc/2FE9F7929F8F170BE4BAAB9575913EF5727559C47FFDF925CAE171312A175EF5,Test,TEST,test,6,,gateway,utest,native,2023-08-30T16:41:37Z,2024-03-18T22:43:15.451634,true,chain-registry
osmosis,ibc/E4CD61E1FA3EB04EF1BF924D676AB9FD55E84A0DCF4E78C11CCA0E14E5B42672,Wrapped BTC (Wormhole),WBTC,wormhole/BGkuAcga2WArUghF8L6kt6uCAhAzrxmn1QcbQqi5r5bd/8,8,,gateway,factory/wormhole14ejqjyq8um4p3xfqj74yld5waqljf88fz25yxnma0cngspxe3les00fpjx/BGkuAcga2WArUghF8L6kt6uCAhAzrxmn1QcbQqi5r5bd,"[{""type"":""bridge"",""chain_name"":""ethereum"",""base_denom"":""0x2260fac5e5542a773aa44fbcfedf7c193bc2c599""}]",2023-08-30T16:41:37Z,2024-03-18T22:43:15.451634,false,chain-registry
osmosis,ibc/FD07CD381DAC06EB5159318F5069BADEB0C7C9692CB8AEDCB955130B20B92F62,rHUAHUA,rHUAHUA,rhuahua,6,,stafihub,urhuahua,native,2023-09-21T16:46:24Z,2024-03-18T22:43:15.451634,false,chain-registry
osmosis,ibc/764F53CE03456AE392B5DA23935497E6428C33DC60A4B05FC03E10B635DB67E8,rIRIS,rIRIS,riris,6,,stafihub,uriris,native,2023-09-21T16:46:24Z,2024-03-18T22:43:15.451634,false,chain-registry
osmosis,ibc/3A1B6C687105F68F2F91964E9C2376BDC79F5C3DEC33F9F1F9166C18F1D6536F,rSWTH,rSWTH,rswth,8,,stafihub,urswth,native,2023-09-21T16:46:24Z,2024-03-18T22:43:15.451634,false,chain-registry
osmosis,ibc/E4673C5CDB56B4225AB1625F3B478740AE9F11E1A6BEBC1B30F8A5080D6AFBD6,Aura,AURA,aura,6,aura-network,aura,uaura,native,2023-12-11T18:00:10Z,2024-03-18T22:43:15.451634,true,chain-registry
osmosis,ibc/3A0557388E2F2DB666E5D0C093E0376E154CF08BCB33C8DC5F01D1F9F928FA1B,WEED,WEED,WEED,6,,chihuahua,factory/chihuahua13jawsn574rf3f0u5rhu7e8n6sayx5gkw3eddhp/uweed,native,2023-12-11T20:53:33Z,2024-03-18T22:43:15.451634,false,chain-registry
osmosis,ibc/7A70A4681F85E891C9482E33DAA996489E278BB978054DC37245951BA69E5C4D,TACOS,TACOS,TACOS,6,,chihuahua,factory/chihuahua13jawsn574rf3f0u5rhu7e8n6sayx5gkw3eddhp/utacos,native,2023-12-11T20:53:33Z,2024-03-18T22:43:15.451634,false,chain-registry
osmosis,ibc/4E24E7E9294AA42CC37555F5582A7511774BB525DB504E8C5F50B84B0D5F1E04,CORSO,CORSO,CORSO,6,,chihuahua,factory/chihuahua13jawsn574rf3f0u5rhu7e8n6sayx5gkw3eddhp/ucorso,native,2023-12-11T20:53:33Z,2024-03-18T22:43:15.451634,false,chain-registry
osmosis,ibc/C14D27EC66201E77505B4B29D0AB50B534BD96AAF82F563B57FE5AE15371257E,BDOG,BDOG,BDOG,6,,chihuahua,factory/chihuahua13jawsn574rf3f0u5rhu7e8n6sayx5gkw3eddhp/ubdog,native,2023-12-11T20:53:33Z,2024-03-18T22:43:15.451634,false,chain-registry
osmosis,ibc/D59DB4C0B161B04CFD4B83E583AB557752EC7C56D4A170FF75A6D1CF1946F603,GAS,GAS,gas,0,,scorum,gas,native,2024-02-27T00:09:35Z,2024-03-18T22:43:15.451634,false,chain-registry
osmosis,ibc/261BCDCE26F35F787EEB32C09966E52B2F57DB4A207A9A26E601B92F35BBAA12,Scorum Power,SP,sp,9,,scorum,nsp,native,2024-02-27T00:09:35Z,2024-03-18T22:43:15.451634,false,chain-registry
osmosis,ibc/747E15E4A659084E3B2E44D0B22EC7E50CBB0E2B9D436B94F3D1936B63D97534,Cifer,CIF,cif,6,,cifer,ucif,native,2024-03-11T21:58:05Z,2024-03-18T22:43:15.451634,true,chain-registry
osmosis,ibc/B9CBF51BD026FDB9F6D0623130E5242512CCE6147978C90A3B00C57F797AF752,MYRK,MYRK,myrk,6,,odin,umyrk,native,2024-03-11T23:50:12Z,2024-03-18T22:43:15.451634,false,chain-registry
osmosis,ibc/EFCE7CFD2922A2DF44019A9AE4AD434594E09B48C7434867EDB4C40F0DAFD4AF,Sailing The SeaS DAO,SEAS,seas,6,,terra2,cw20:terra1rc6ssp5rym7a0hg29xpj4cc9e67tl56kg5jyzgl9qrhfxxc2ugvsnrkala,native,2024-03-13T16:23:14Z,2024-03-18T22:43:15.451634,false,chain-registry
osmosis,ibc/0A7AA85A4656BD626F8BD12274B24801ED684A67562D205A15B09AF0C7FD687B,seul,SEUL,seul,6,,terra2,cw20:terra13s5pxw5j2p4ssvzwvxd8l7h30vke8vjgtng75vqgv6p9vddfk3hskfka0l,native,2024-03-13T16:23:14Z,2024-03-18T22:43:15.451634,false,chain-registry
osmosis,ibc/77E312EB2745B8347FC83DD303B6B11858A553F35F293F15EFA656DBC7F29126,GEM DAO,GEM,gem,6,,terra2,cw20:terra1ynvsz80w9xmhdxucv96gkwpxlwvjgsq75xh2f3pf825c4wfmkfxskq6pqv,native,2024-03-13T16:23:14Z,2024-03-18T22:43:15.451634,false,chain-registry
osmosis,ibc/607C7F3AA03E3589DBCA65E422CB41C066ABFE82A96E04669BEB7462153EC5D3,escudo,ESCUDOS,Escudos,6,,terra2,cw20:terra1qj5hs3e86qn4vm9dvtgtlkdp550r0rayk9wpay44mfw3gn3tr8nq5jw3dg,native,2024-03-13T16:23:14Z,2024-03-18T22:43:15.451634,false,chain-registry
osmosis,ibc/A74BFA9137AB8150F832A34F6F8229784A07ACDD066CE04AB9ADD22B3D97BD03,GUGU,GUGU,GUGU,6,,terra2,cw20:terra19nu4q2y0xe3vza6ve5ymup33uzm049pnrqq5ddeuulmrg279t57qstcces,native,2024-03-13T16:23:14Z,2024-03-18T22:43:15.451634,false,chain-registry
osmosis,ibc/58C12A46739E2FF67E57F559E08B264C2B2E347C4DE432BEFC2ADA47D49DFB69,DROGO,DROGO,DROGO,6,,terra2,cw20:terra1cl273523kmr2uwjhhznq54je69mted2u3ljffm8kp2ap4z3drdksftwqun,native,2024-03-13T16:23:14Z,2024-03-18T22:43:15.451634,false,chain-registry
osmosis,ibc/F2018719EAFC0E383F235150C2D198D0FB486E305614A35E534B7E0114B12302,real,REIS,Reis,6,,terra2,cw20:terra1sdglum2dt4f3fmq7jrt2phf2tegmnudc7qqqqujkpqcm9ujuxxkqakv5u8,native,2024-03-13T16:23:14Z,2024-03-18T22:43:15.451634,false,chain-registry
osmosis,ibc/C54CF801135D6DD41A237CCBF0183A8EB151D1FC92329DD5179242821EDB87A1,ARMANI,ARMANI,ARMANI,6,,terra2,cw20:terra1aa7stl3fytvave9xtcexgv0kne4k7ks068dcljkrfj37hy8q270sjadav8,native,2024-03-13T16:23:14Z,2024-03-18T22:43:15.451634,false,chain-registry
osmosis,ibc/4B22F05152349C82E40782E11057DAD39CEBF388FE905D0959ACE1B7ACF61A52,BackBone Labs Liquid Staked LUNA,bLUNA,bLUNA,6,backbone-labs-staked-luna,terra2,cw20:terra17aj4ty4sz4yhgm08na8drc0v03v2jwr3waxcqrwhajj729zhl7zqnpc0ml,native,2024-03-13T16:23:14Z,2024-03-18T22:43:15.451634,false,chain-registry
osmosis,ibc/A4C1C4193DC638B585D59E70EA64CCCFED6F46826B845E597187BD9B687A6622,ERIS Alliance Staked boneWHALE,boneWHALEt,boneWHALEt,6,,terra2,factory/terra10j3zrymfrkta2pxe0gklc79gu06tqyuy8c3kh6tqdsrrprsjqkrqzfl4df/boneWHALEt,native,2024-03-13T16:23:14Z,2024-03-18T22:43:15.451634,false,chain-registry
osmosis,ibc/B6663AC8DC3A5A4FF99D6CD1EAB040C176D10FCE7718CD9DB2C227BCA59BCCD7,ERIS Alliance Staked ampWHALE,ampWHALEt,ampWHALEt,6,,terra2,factory/terra1j35ta0llaxcf55auv2cjqau5a7aee6g8fz7md7my7005cvh23jfsaw83dy/ampWHALEt,native,2024-03-13T16:23:14Z,2024-03-18T22:43:15.451634,false,chain-registry
osmosis,ibc/39022E4564385ACDADF43F912BCF8F69CC27A9EFB1C53A5CFC231FE45A1779E3,BitzDAO,BITZ,bitz,6,,terra2,cw20:terra18vp5s0r7keezm35hdxsgw8zgfnyn8wejdkk893ag2kqncgpqxhjqwjpc0v,native,2024-03-13T16:23:14Z,2024-03-18T22:43:15.451634,false,chain-registry
osmosis,ibc/5B4813A36C5F46BB6F55E906D47674D652F4F9DA6A5514D1B20A22F67C728D40,ERIS Amplified ROAR,ampROAR,ampROAR,6,,terra2,factory/terra1vklefn7n6cchn0u962w3gaszr4vf52wjvd4y95t2sydwpmpdtszsqvk9wy/ampROAR,native,2024-03-13T16:23:14Z,2024-03-18T22:43:15.451634,false,chain-registry
osmosis,ibc/7D45B538A0594E5F76F0E9D87B7C132D6B704D690654944D5337B1CD166987EE,ADO,ADO,ADO,6,,terra2,cw20:terra1w8xk6rtu40st6lvl3yv7ynw5urm2n686u9cchvrzltmnktzwdesqcwy0nu,native,2024-03-13T16:23:14Z,2024-03-18T22:43:15.451634,false,chain-registry
osmosis,ibc/88DEA24E2EA4F12FFD02E9AFD1A5A58AB4D9BD467BC9C6203BD50505242FF909,DNA,DNA,DNA,6,,terra2,cw20:terra1epka8wevu90rxlvt6g5x9veevd800a760vtuftc5kqdfmrh47qds9f0m8h,native,2024-03-13T16:23:14Z,2024-03-18T22:43:15.451634,false,chain-registry
osmosis,ibc/E3860FB20CCEA643F83E623D5478C01D93EF743EE2BC1A82DB97E38C61E9D41B,nico,NICO,nico,18,,terra2,cw20:terra1e0efrrrj8d55pflme3dmtyuj7klzcef5cfmz6r2jyqz77kk2jz3qa6drg3,native,2024-03-13T16:23:14Z,2024-03-18T22:43:15.451634,false,chain-registry
osmosis,ibc/4B987FB66760863E77EB12EBE6A1F1BE4B15A8E5FD2DE5A196963AEA22646357,xseul,xSEUL,xseul,6,,terra2,cw20:terra1q328gl40az3cf9x67cgudn8e8w2az9vsmhtkwsgdu7a43rhy5caqc82yr5,native,2024-03-13T16:23:14Z,2024-03-18T22:43:15.451634,false,chain-registry
osmosis,ibc/E1101C38518F46A11BBEEC31D3CCB7190BAEDA08E8E4D0C8EA6F0889CDF6A5B8,ito,ITO,ito,6,,terra2,cw20:terra1c77xqv746m7ghxayrge79dxr4kcezev8g6cnrfled4f3n4ufj0vs5gz28s,native,2024-03-13T16:23:14Z,2024-03-18T22:43:15.451634,false,chain-registry
osmosis,ibc/3CB43B244957F7CB0A8C0C7F81ADEA524A2AC57E48716B6F8F781286D96830D2,ERIS Amplified LUNA,ampLUNA,ampluna,6,eris-amplified-luna,terra2,cw20:terra1ecgazyd0waaj3g7l9cmy5gulhxkps2gmxu9ghducvuypjq68mq2s5lvsct,native,2024-03-13T16:23:14Z,2024-03-18T22:43:15.451634,false,chain-registry
osmosis,ibc/51B421EE76194F73ADDE93F650AB59E4FC1023371322EAD3EE521A2BD945CA87,alentejo.money,ALEM,Alem,6,,terra2,cw20:terra1cmf8ytutcwrjrv08zskj9phuh46a3w3nkjax7en4hxezsrdr58lqvzy05q,native,2024-03-13T16:23:14Z,2024-03-18T22:43:15.451634,false,chain-registry
osmosis,ibc/33BFA12220EBE89D36010FCDA9DF3FFBCFA1A67853FB737CB70C978A1D08F60E,TheOnlyOne,xxx,xxx,10,,terra2,cw20:terra10se906awphtccf4vd83m0ulpmpt9v4msuakmpy0pwvmtxmup3kdq25rayn,native,2024-03-13T16:23:14Z,2024-03-18T22:43:15.451634,false,chain-registry
osmosis,ibc/3539A415D8197276671E6BDA8B90C4476A6A464AEF4B31F271547EFEBE43E563,dinheiro,DINHEIROS,cw20:terra1spkm49wd9dqkranhrks4cupecl3rtgeqqljq3qrvrrts2ev2gw6sy5vz3k,0,,terra2,cw20:terra1spkm49wd9dqkranhrks4cupecl3rtgeqqljq3qrvrrts2ev2gw6sy5vz3k,native,2024-03-13T16:23:14Z,2024-03-18T22:43:15.451634,false,chain-registry
osmosis,ibc/B61F272C20D301DD6D0C036BDCDF8CD83A95EE594FBDD9977910AE69F58936D3,SEIYAN,SEIYAN,SEIYAN,6,,sei,sei1hrndqntlvtmx2kepr0zsfgr7nzjptcc72cr4ppk4yav58vvy7v3s4er8ed,native,2024-03-21T20:16:52Z,2024-03-18T22:43:15.451634,false,osmosis-assetlist
osmosis,ibc/690EB0A0CA0DA2DC1E9CF62FB23C935AE5C7E9F57919CF89690521D5D70948A7,Unstake Fi,NSTK,nstk,6,unstake-fi,kujira,factory/kujira1aaudpfr9y23lt9d45hrmskphpdfaq9ajxd3ukh/unstk,native,2024-03-21T20:16:52Z,2024-03-18T22:43:15.451634,false,osmosis-assetlist
osmosis,ibc/78574544C39A06D7B5920535188967E05FB94E9CDAC425FFFC21F6B031D2E811,cartel,CARTEL,cartel,6,,neutron,factory/neutron1w0pz4mjw7n96kkragj8etgfgakg5vw9lzg77wq/cartel,native,2024-04-13T16:14:58Z,2024-03-18T22:43:15.451634,false,chain-registry
osmosis,ibc/0FC38457AF15A8BD1962BB97DDF1AB5EF4C74C5BFDAEF00289A9C405CBD609B0,AstroPepe,ASTROPEPE,ASTROPEPE,6,,neutron,factory/neutron14henrqx9y328fjrdvz6l6d92r0t7g5hk86q5nd/uastropepe,native,2024-04-13T16:14:58Z,2024-03-18T22:43:15.451634,false,chain-registry
osmosis,ibc/40370BD36E498B562FFC5E557ACD6C984557234EC60D69B0BD60481E5B2D5B1C,jimmy,JIMMY,jimmy,6,,neutron,factory/neutron108x7vp9zv22d6wxrs9as8dshd3pd5vsga463yd/JIMMY,native,2024-04-13T16:14:58Z,2024-03-18T22:43:15.451634,false,chain-registry
osmosis,ibc/B56EC23632BE54840D80CDF108B4C76F6BB6CB489F332932FCD27DD925C04204,Baby Corgi,CORGI,corgi,6,,neutron,factory/neutron1tklm6cvr2wxg8k65t8gh5ewslnzdfd5fsk0w3f/corgi,native,2024-04-13T16:14:58Z,2024-03-18T22:43:15.451634,false,chain-registry
osmosis,ibc/9DF7390F2A2115F7FFF8D8EB5C18A95644FD030DB57EBA9177B3FA86A7BCBC69,Newtroll,NTRL,newtroll,6,,neutron,factory/neutron1ume2n42r5j0660gegrr28fzdze7aqf7r5cd9y6/newtroll,native,2024-04-13T16:14:58Z,2024-03-18T22:43:15.451634,false,chain-registry
osmosis,ibc/16F22B50357BBB091932B5B9FB2BF1C87192A725D4DCD5BC1B10241771E36C3C,wtf,WTF,wtf,6,,neutron,neutron12h09p8hq5y4xpsmcuxxzsn9juef4f6jvekp8yefc6xnlwm6uumnsdk29wf,native,2024-04-13T16:14:58Z,2024-03-18T22:43:15.451634,false,chain-registry
osmosis,ibc/167C2D49610CB3DF511D7EE0B488AE7EB024878EB75407760A7F287477DA9792,Goddard,GODDARD,goddard,6,,neutron,factory/neutron1yqj9vcc0y73xfxjzegaj4v8q0zefevnlpuh4rj/GODDARD,native,2024-04-13T16:14:58Z,2024-03-18T22:43:15.451634,false,chain-registry
osmosis,ibc/4CAD11BA3FC5ABFD94B84FAEA13B61EC0DBAA8C9A7722D40F264B64D206786DA,Goddard,GODRD,goddard,6,,neutron,factory/neutron1t5qrjtyryh8gzt800qr5vylhh2f8cmx4wmz9mc/ugoddard,native,2024-04-13T16:14:58Z,2024-03-18T22:43:15.451634,false,chain-registry
osmosis,ibc/CACB03CF37B27F6C0ED81DC3762A33B6939EB137CBD12C70ACD6B721F2BF1FA4,Retro,RETRO,retro,6,,neutron,factory/neutron1t24nc7whl77relnu3taxyg3p66pjyuk82png2y/uretro,native,2024-04-13T16:14:58Z,2024-03-18T22:43:15.451634,false,chain-registry
osmosis,ibc/A3AE3AE4706A07D5621269D4F07DA732EE09DD49D05237FBB54DCBBEF3C49801,boy,BOY,boy,6,,neutron,neutron1uqvse8fdrd9tam47f2jhy9m6al6xxtqpc83f9pdnz5gdle4swc0spfnctv,native,2024-04-13T16:14:58Z,2024-03-18T22:43:15.451634,false,chain-registry
osmosis,ibc/637E59EBF7B5DA40A727E59411B6A0698752241E5CBB1621328FF8F892266757,Bitcosmos,BTC,bitcosmos,6,,neutron,neutron1fjzg7fmv770hsvahqm0nwnu6grs3rjnd2wa6fvm9unv6vedkzekqpw44qj,native,2024-04-13T16:14:58Z,2024-03-18T22:43:15.451634,false,chain-registry
osmosis,ibc/890DEC838146A50D89B98787483E6417118AF1F86E04CF36030DCB478EBBB16D,ohhVAULT ohh,OHH,OHH,6,,stargaze,factory/stars16da2uus9zrsy83h23ur42v3lglg5rmyrpqnju4/uOHH,native,2024-04-15T18:10:32Z,2024-03-18T22:43:15.451634,false,chain-registry
osmosis,ibc/53B651EDCF2C113AAE9E4CFDA6C440D6A97C6CCDB9C0AC22C52DCDC88B4984FD,Gaze GAZE,GAZE,GAZE,6,,stargaze,factory/stars16da2uus9zrsy83h23ur42v3lglg5rmyrpqnju4/mGAZE,native,2024-04-15T18:10:32Z,2024-03-18T22:43:15.451634,false,chain-registry
osmosis,ibc/42D0FBF9DDC72D7359D309A93A6DF9F6FDEE3987EA1C5B3CDE95C06FCE183F12,furya,FURY,fury,6,fanfury,furya,ufury,native,2024-06-10T22:31:05Z,2024-03-18T22:43:15.451634,false,osmosis-assetlist
osmosis,ibc/227794C5A63E0A61F49839817288C6582E0BB3D9A082D261542F56684DC6F47D,TerraClassicSEK,SETC,set,6,,terra,usek,native,2024-06-27T21:02:05Z,2024-03-18T22:43:15.451634,false,chain-registry
osmosis,ibc/0863B7BFD46942F07AA55B3C7138C50F26D9A8168A47767897B04DBF41B7DF37,TerraClassicCHF,CHTC,cht,6,,terra,uchf,native,2024-06-27T21:02:05Z,2024-03-18T22:43:15.451634,false,chain-registry
osmosis,ibc/92BF104008D75F9E9A602F948C824E75271A62EAB940D381AF7B1A6D95BF6021,TerraClassicSDR,SDTC,sdt,6,,terra,usdr,native,2024-06-27T21:02:05Z,2024-03-18T22:43:15.451634,false,chain-registry
osmosis,ibc/93B9AA28AF48E1601399BA808B09A3EE59299B48D70A1E1BCD04D9DB84E246F3,TerraClassicTWD,TWTC,twt,6,,terra,utwd,native,2024-06-27T21:02:05Z,2024-03-18T22:43:15.451634,false,chain-registry
osmosis,ibc/0AA77B8ECAAD61A09437BA40B9EAEA3A80D9CF3EF1933309895BF3C2FC699DA6,TerraClassicMNT,MNTC,mnt,6,,terra,umnt,native,2024-06-27T21:02:05Z,2024-03-18T22:43:15.451634,false,chain-registry
osmosis,ibc/1370B7C0100924E0310D7A9F71701109F86CF2A7E13B86A1D3B425E618167DBF,TerraClassicTHB,THTC,tht,6,,terra,uthb,native,2024-06-27T21:02:05Z,2024-03-18T22:43:15.451634,false,chain-registry
osmosis,ibc/BF55329AEA7E79B0AAB320C41A76AC8B9E4E9E07EEED8643AB57440C0978F402,TerraClassicIDR,IDTC,idt,6,,terra,uidr,native,2024-06-27T21:02:05Z,2024-03-18T22:43:15.451634,false,chain-registry
osmosis,ibc/AF5CF6B225B1C03E7F9C2A1AE80CB3BED4E2E7D7F79D5B85679EC2E6925C7289,TerraClassicAUD,AUTC,aut,6,,terra,uaud,native,2024-06-27T21:02:05Z,2024-03-18T22:43:15.451634,false,chain-registry
osmosis,ibc/95608E3B5D8E5C31EE272E09A04AB8E6638A858F564E5B8F5A5C05CEFC33B434,TerraClassicHKD,HKTC,hkt,6,,terra,uhkd,native,2024-06-27T21:02:05Z,2024-03-18T22:43:15.451634,false,chain-registry
osmosis,ibc/2E4ECFFBCDD77D42E6A1DD2D866C11FECCD4EB65B695253A610F2882B654731F,TerraClassicNOK,NOTC,not,6,,terra,unok,native,2024-06-27T21:02:05Z,2024-03-18T22:43:15.451634,false,chain-registry
osmosis,ibc/4D4C6199EDADACC046B17FCC39C9060EBA1CDF71B4692BE309AE71BA992F792B,TerraClassicCAD,CATC,cat,6,,terra,ucad,native,2024-06-27T21:02:05Z,2024-03-18T22:43:15.451634,false,chain-registry
osmosis,ibc/559B4D308D13DFD4CF535B417C97740E99516B6EF4E0C66AD54CCAD2F46C55E5,TerraClassicPHP,PHTC,pht,6,,terra,uphp,native,2024-06-27T21:02:05Z,2024-03-18T22:43:15.451634,false,chain-registry
osmosis,ibc/E33EB14BFC9274B7A9C349BB519A78B33C782DA682708EC91A85359FFAA6357A,TerraClassicJPY,JPTC,jpt,6,,terra,ujpy,native,2024-06-27T21:02:05Z,2024-03-18T22:43:15.451634,false,chain-registry
osmosis,ibc/52013CBC332B65408E0E8D30AA364612FC56820315926B33E2295275BC12A9B7,TerraClassicDKK,DKTC,dkt,6,,terra,udkk,native,2024-06-27T21:02:05Z,2024-03-18T22:43:15.451634,false,chain-registry
osmosis,ibc/C4A85672EAF4C51D865A76483AB8CEFD7BC37C3B6F1A1610721D97A1734F382D,TerraClassicCNY,CNTC,cnt,6,,terra,ucny,native,2024-06-27T21:02:05Z,2024-03-18T22:43:15.451634,false,chain-registry
osmosis,ibc/5035A2B603841B19A40A060B9F6693F09C8F1E038C2A42589F781929A253148E,TerraClassicEUR,EUTC,eut,6,,terra,ueur,native,2024-06-27T21:02:05Z,2024-03-18T22:43:15.451634,false,chain-registry
osmosis,ibc/2A5C04E2BBB24046A98162896D6237CE56ACE8C3CD907F8070E8348A30A6376E,TerraClassicGBP,GBTC,gbt,6,,terra,ugbp,native,2024-06-27T21:02:05Z,2024-03-18T22:43:15.451634,false,chain-registry
osmosis,ibc/2FB96E4667FBBE51C86E534017E6787F5B15377AF16815955DC97692CB237208,TerraClassicSGD,SGTC,sgt,6,,terra,usgd,native,2024-06-27T21:02:05Z,2024-03-18T22:43:15.451634,false,chain-registry
osmosis,ibc/C9B27B2F497CD3A3C7EE07556FA40AE234EE346A1EC269E7DE59C9CB52A0A0A6,TerraClassicINR,INTC,int,6,,terra,uinr,native,2024-06-27T21:02:05Z,2024-03-18T22:43:15.451634,false,chain-registry
osmosis,ibc/12FEFB6E8AD852D23474DB1664D6F1B1C965506492B85E34F3496A9AF7B3F6C8,TerraClassicMYR,MYTC,myt,6,,terra,umyr,native,2024-06-27T21:02:05Z,2024-03-18T22:43:15.451634,false,chain-registry
osmosis,ibc/DD3938D8131F41994C1F01F4EB5233DEE9A0A5B787545B9A07A321925655BF38,EmpowerChain,MPWR,mpwr,6,,empowerchain,umpwr,native,2024-07-22T16:56:22Z,2024-03-18T22:43:15.451634,false,osmosis-assetlist
osmosis,ibc/884EBC228DFCE8F1304D917A712AA9611427A6C1ECC3179B2E91D7468FB091A2,Hava Coin,HAVA,hava,6,hava-coin,injective,factory/inj1h0ypsdtjfcjynqu3m75z2zwwz5mmrj8rtk2g52/uhava,native,2024-07-22T16:56:22Z,2024-03-18T22:43:15.451634,false,osmosis-assetlist
osmosis,ibc/CBA34207E969623D95D057D9B11B0C8B32B89A71F170577D982FDDE623813FFC,AssetMantle,MNTL,mntl,6,assetmantle,assetmantle,umntl,native,2024-07-22T16:56:22Z,2024-03-18T22:43:15.451634,false,osmosis-assetlist
osmosis,ibc/52C57FCA7D6854AA178E7A183DDBE4EF322B904B1D719FC485F6FFBC1F72A19E,Gelotto,GLTO,glto,6,,juno,cw20:juno1j0a9ymgngasfn3l5me8qpd53l5zlm9wurfdk7r65s5mg6tkxal3qpgf5se,native,2024-07-22T16:56:22Z,2024-03-18T22:43:15.451634,false,osmosis-assetlist
osmosis,ibc/7C781B4C2082CD62129A972D47486D78EC17155C299270E3C89348EA026BEAF8,GKey,GKEY,gkey,6,,juno,cw20:juno1gz8cf86zr4vw9cjcyyv432vgdaecvr9n254d3uwwkx9rermekddsxzageh,native,2024-07-22T16:56:22Z,2024-03-18T22:43:15.451634,false,osmosis-assetlist
osmosis,ibc/5F5B7DA5ECC80F6C7A8702D525BB0B74279B1F7B8EFAE36E423D68788F7F39FF,Kleomedes,KLEO,kleo,6,,juno,cw20:juno10gthz5ufgrpuk5cscve2f0hjp56wgp90psqxcrqlg4m9mcu9dh8q4864xy,native,2024-07-22T16:56:22Z,2024-03-18T22:43:15.451634,false,osmosis-assetlist
osmosis,ibc/655BCEF3CDEBE32863FF281DBBE3B06160339E9897DC9C9C9821932A5F8BA6F8,Microtick,TICK,tick,6,microtick,microtick,utick,native,2024-07-22T16:56:22Z,2024-03-18T22:43:15.451634,false,osmosis-assetlist
osmosis,ibc/C3FC4DED273E7D1DD2E7BAA3317EC9A53CD3252B577AA33DC00D9DF2BDF3ED5C,Solarbank DAO,SOLAR,solar,6,,juno,cw20:juno159q8t5g02744lxq8lfmcn6f78qqulq9wn3y9w7lxjgkz4e0a6kvsfvapse,native,2024-07-22T16:56:22Z,2024-03-18T22:43:15.451634,false,osmosis-assetlist
osmosis,ibc/CE5BFF1D9BADA03BB5CCA5F56939392A761B53A10FBD03B37506669C3218D3B2,Provenance,HASH,hash,9,provenance-blockchain,provenance,nhash,native,2024-07-22T16:56:22Z,2024-03-18T22:43:15.451634,false,osmosis-assetlist
osmosis,ibc/09FAF1E04435E14C68DE7AB0D03C521C92975C792DB12B2EA390BAA2E06B3F3D,Qwoyn,QWOYN,qwoyn,6,qwoyn,qwoyn,uqwoyn,native,2024-07-22T16:56:22Z,2024-03-18T22:43:15.451634,false,osmosis-assetlist
osmosis,ibc/183C0BB962D2F57C957E0B134CFA0AC9D6F755C02DE9DC2A59089BA23009DEC3,Dog wif nunchucks,NINJA,NINJA,6,dog-wif-nuchucks,injective,factory/inj1xtel2knkt8hmc9dnzpjz6kdmacgcfmlv5f308w/ninja,native,2024-07-22T16:56:22Z,2024-03-18T22:43:15.451634,false,osmosis-assetlist
osmosis,uion,Ion DAO,ION,ion,6,ion,osmosis,uion,native,2024-07-22T16:56:22Z,2024-03-18T22:43:15.451634,false,osmosis-assetlist
osmosis,ibc/A1AC7F9EE2F643A68E3A35BCEB22040120BEA4059773BB56985C76BDFEBC71D9,Rebus,REBUS,rebus,18,rebus,rebus,arebus,native,2024-07-22T16:56:22Z,2024-03-18T22:43:15.451634,false,osmosis-assetlist
osmosis,ibc/BCDB35B7390806F35E716D275E1E017999F8281A81B6F128F087EF34D1DFA761,Bostrom Tocyb,TOCYB,ibc/BCDB35B7390806F35E716D275E1E017999F8281A81B6F128F087EF34D1DFA761,0,,bostrom,tocyb,native,2024-07-22T16:56:22Z,2024-03-18T22:43:15.451634,false,osmosis-assetlist
osmosis,ibc/F867AE2112EFE646EC71A25CD2DFABB8927126AC1E19F1BBF0FF693A4ECA05DE,Band Protocol,BAND,band,6,band-protocol,bandchain,uband,native,2024-07-22T16:56:22Z,2024-03-18T22:43:15.451634,false,osmosis-assetlist
osmosis,ibc/F6B691D5F7126579DDC87357B09D653B47FDCE0A3383FF33C8D8B544FE29A8A6,Marble,MARBLE,marble,3,,juno,cw20:juno1g2g7ucurum66d42g8k5twk34yegdq8c82858gz0tq2fc75zy7khssgnhjl,native,2024-07-22T16:56:22Z,2024-03-18T22:43:15.451634,false,osmosis-assetlist
osmosis,ibc/8FEFAE6AECF6E2A255585617F781F35A8D5709A545A804482A261C0C9548A9D3,Carbon,SWTH,dswth,8,switcheo,carbon,swth,native,2024-07-22T16:56:22Z,2024-03-18T22:43:15.451634,false,osmosis-assetlist
osmosis,ibc/0E43EDE2E2A3AFA36D0CD38BDDC0B49FECA64FA426A82E102F304E430ECF46EE,Frax,FRAX,frax,18,frax,axelar,frax-wei,native,2024-07-22T16:56:22Z,2024-03-18T22:43:15.451634,false,osmosis-assetlist
osmosis,ibc/AABCB14ACAFD53A5C455BAC01EA0CA5AE18714895846681A52BFF1E3B960B44E,WATR,WATR,watr,6,,juno,cw20:juno1m4h8q4p305wgy7vkux0w6e5ylhqll3s6pmadhxkhqtuwd5wlxhxs8xklsw,native,2024-07-22T16:56:22Z,2024-03-18T22:43:15.451634,false,osmosis-assetlist
osmosis,ibc/79A676508A2ECA1021EDDC7BB9CF70CEEC9514C478DA526A5A8B3E78506C2206,Quicksilver Liquid Staked Regen,qREGEN,qregen,6,,quicksilver,uqregen,native,2024-07-22T16:56:22Z,2024-03-18T22:43:15.451634,false,osmosis-assetlist
osmosis,ibc/C9B0D48FD2C5B91135F118FF2484551888966590D7BDC20F6A87308DBA670796,Wrapped Bitcoin (Gravity Bridge),WBTC.grv,gwbtc,8,,gravitybridge,gravity0x2260FAC5E5542a773Aa44fBCfeDf7C193bc2C599,native,2024-07-22T16:56:22Z,2024-03-18T22:43:15.451634,false,osmosis-assetlist
osmosis,ibc/C2DF5C3949CA835B221C575625991F09BAB4E48FB9C11A4EE357194F736111E3,StakeEasy bJUNO,BJUNO,bjuno,6,,juno,cw20:juno1wwnhkagvcd3tjz6f8vsdsw5plqnw8qy2aj3rrhqr2axvktzv9q2qz8jxn3,native,2024-07-22T16:56:22Z,2024-03-18T22:43:15.451634,false,osmosis-assetlist
osmosis,ibc/F3166F4D31D6BA1EC6C9F5536F5DDDD4CC93DBA430F7419E7CDC41C497944A65,Coreum,COREUM,core,6,coreum,coreum,ucore,native,2024-07-22T16:56:22Z,2024-03-18T22:43:15.451634,false,osmosis-assetlist
osmosis,ibc/346786EA82F41FE55FAD14BF69AD8BA9B36985406E43F3CB23E6C45A285A9593,Konstellation,DARC,darc,6,darcmatter-coin,konstellation,udarc,native,2024-07-22T16:56:22Z,2024-03-18T22:43:15.451634,false,osmosis-assetlist
osmosis,ibc/E09ED39F390EC51FA9F3F69BEA08B5BBE6A48B3057B2B1C3467FAAE9E58B021B,Cudos,CUDOS,cudos,18,cudos,cudos,acudos,native,2024-07-22T16:56:22Z,2024-03-18T22:43:15.451634,false,osmosis-assetlist
osmosis,ibc/6B982170CE024689E8DD0E7555B129B488005130D4EDA426733D552D10B36D8F,MuseDAO,MUSE,muse,6,,juno,cw20:juno1p8x807f6h222ur0vssqy3qk6mcpa40gw2pchquz5atl935t7kvyq894ne3,native,2024-07-22T16:56:22Z,2024-03-18T22:43:15.451634,false,osmosis-assetlist
osmosis,factory/osmo1dv8wz09tckslr2wy5z86r46dxvegylhpt97r9yd6qc3kyc6tv42qa89dr9/ampOSMO,ERIS Amplified OSMO,ampOSMO,ampOSMO,6,,osmosis,factory/osmo1dv8wz09tckslr2wy5z86r46dxvegylhpt97r9yd6qc3kyc6tv42qa89dr9/ampOSMO,native,2024-07-22T16:56:22Z,2024-03-18T22:43:15.451634,false,osmosis-assetlist
osmosis,ibc/47EE224A9B33CF0ABEAC82106E52F0F6E8D8CEC5BA80B9D9A6F55172CBB0177D,Echelon,ECH,echelon,18,,echelon,aechelon,native,2024-07-22T16:56:22Z,2024-03-18T22:43:15.451634,false,osmosis-assetlist
osmosis,ibc/EA3E1640F9B1532AB129A571203A0B9F789A7F14BB66E350DCBFA18E1A1931F0,Comdex,CMDX,cmdx,6,comdex,comdex,ucmdx,native,2024-07-22T16:56:22Z,2024-03-18T22:43:15.451634,false,osmosis-assetlist
osmosis,ibc/608EF5C0CE64FEA097500DB39657BDD36CA708CC5DCC2E250A024B6981DD36BC,Unification,FUND,FUND,9,unification,unification,nund,native,2024-07-22T16:56:22Z,2024-03-18T22:43:15.451634,false,osmosis-assetlist
osmosis,ibc/5D1F516200EE8C6B2354102143B78A2DEDA25EDE771AC0F8DC3C1837C8FD4447,Fetch.ai,FET,fet,18,fetch-ai,fetchhub,afet,native,2024-07-22T16:56:22Z,2024-03-18T22:43:15.451634,false,osmosis-assetlist
osmosis,ibc/E42006ED917C769EDE1B474650EEA6BFE3F97958912B9206DD7010A28D01D9D5,Pyth Network,PYTH,wormhole/B8ohBnfisop27exk2gtNABJyYjLwQA7ogrp5uNzvZCoy/6,6,pyth-network,gateway,factory/wormhole14ejqjyq8um4p3xfqj74yld5waqljf88fz25yxnma0cngspxe3les00fpjx/B8ohBnfisop27exk2gtNABJyYjLwQA7ogrp5uNzvZCoy,native,2024-07-22T16:56:22Z,2024-03-18T22:43:15.451634,false,osmosis-assetlist
osmosis,ibc/D6C28E07F7343360AC41E15DDD44D79701DDCA2E0C2C41279739C8D4AE5264BC,Kava Hard,HARD,HARD,6,kava-lend,kava,hard,native,2024-07-22T16:56:22Z,2024-03-18T22:43:15.451634,false,osmosis-assetlist
osmosis,ibc/7A08C6F11EF0F59EB841B9F788A87EC9F2361C7D9703157EC13D940DC53031FA,Cheqd,CHEQ,cheq,9,cheqd-network,cheqd,ncheq,native,2024-07-22T16:56:22Z,2024-03-18T22:43:15.451634,false,osmosis-assetlist
osmosis,ibc/AD4DEA52408EA07C0C9E19444EC8DA84A274A70AD2687A710EFDDEB28BB2986A,Harbor,HARBOR,harbor,6,harbor-2,comdex,uharbor,native,2024-07-22T16:56:22Z,2024-03-18T22:43:15.451634,false,osmosis-assetlist
osmosis,ibc/B1C1806A540B3E165A2D42222C59946FB85BA325596FC85662D7047649F419F3,Gitopia,LORE,LORE,6,gitopia,gitopia,ulore,native,2024-07-22T16:56:22Z,2024-03-18T22:43:15.451634,false,osmosis-assetlist
osmosis,ibc/F3FF7A84A73B62921538642F9797C423D2B4C4ACB3C7FCFFCE7F12AA69909C4B,Impacts Hub,IXO,ixo,6,ixo,impacthub,uixo,native,2024-07-22T16:56:22Z,2024-03-18T22:43:15.451634,false,osmosis-assetlist
osmosis,ibc/C491E7582E94AE921F6A029790083CDE1106C28F3F6C4AD7F1340544C13EC372,Stride Staked LUNA,stLUNA,stluna,6,stride-staked-luna,stride,stuluna,native,2024-07-22T16:56:22Z,2024-03-18T22:43:15.451634,false,osmosis-assetlist
osmosis,ibc/0CB9DB3441D0D50F35699DEE22B9C965487E83FB2D9F483D1CC5CA34E856C484,JoeDAO,JOE,joe,6,,juno,cw20:juno1n7n7d5088qlzlj37e9mgmkhx6dfgtvt02hqxq66lcap4dxnzdhwqfmgng3,native,2024-07-22T16:56:22Z,2024-03-18T22:43:15.451634,false,osmosis-assetlist
osmosis,ibc/072E5B3D6F278B3E6A9C51D7EAD1A737148609512C5EBE8CBCB5663264A0DDB7,Gelotto (Injective),injective.GLTO,glto,6,,injective,peggy0xd73175f9eb15eee81745d367ae59309Ca2ceb5e2,native,2024-07-22T16:56:22Z,2024-03-18T22:43:15.451634,false,osmosis-assetlist
osmosis,ibc/EAF76AD1EEF7B16D167D87711FB26ABE881AC7D9F7E6D0CF313D5FA530417208,Quicksilver Liquid Staked SOMM,qSOMM,qsomm,6,,quicksilver,uqsomm,native,2024-07-22T16:56:22Z,2024-03-18T22:43:15.451634,false,osmosis-assetlist
osmosis,factory/osmo1s794h9rxggytja3a4pmwul53u98k06zy2qtrdvjnfuxruh7s8yjs6cyxgd/umbrn,Membrane,MBRN,mbrn,6,membrane,osmosis,factory/osmo1s794h9rxggytja3a4pmwul53u98k06zy2qtrdvjnfuxruh7s8yjs6cyxgd/umbrn,native,2024-07-22T16:56:22Z,2024-03-18T22:43:15.451634,false,osmosis-assetlist
osmosis,ibc/84502A75BCA4A5F68D464C00B3F610CE2585847D59B52E5FFB7C3C9D2DDCD3FE,Stride Staked JUNO,stJUNO,stjuno,6,stride-staked-juno,stride,stujuno,native,2024-07-22T16:56:22Z,2024-03-18T22:43:15.451634,false,osmosis-assetlist
osmosis,ibc/1480B8FD20AD5FCAE81EA87584D269547DD4D436843C1D20F15E00EB64743EF4,Akash,AKT,akt,6,akash-network,akash,uakt,native,2024-07-22T16:56:22Z,2024-03-18T22:43:15.451634,false,osmosis-assetlist
osmosis,factory/osmo1z0qrq605sjgcqpylfl4aa6s90x738j7m58wyatt0tdzflg2ha26q67k743/wbtc,Wrapped Bitcoin,WBTC,wbtc,8,wrapped-bitcoin,osmosis,factory/osmo1z0qrq605sjgcqpylfl4aa6s90x738j7m58wyatt0tdzflg2ha26q67k743/wbtc,"[{""type"":""bridge"",""chain_name"":""bitcoin"",""base_denom"":""sat""}]",2024-07-22T16:56:22Z,2024-03-18T22:43:15.451634,false,osmosis-assetlist
osmosis,ibc/6928AFA9EA721938FED13B051F9DBF1272B16393D20C49EA5E4901BB76D94A90,Nois,NOIS,nois,6,,nois,unois,native,2024-07-22T16:56:22Z,2024-03-18T22:43:15.451634,false,osmosis-assetlist
osmosis,ibc/3DB1721541C94AD19D7735FECED74C227E13F925BDB814392980B40A19C1ED54,Invaders,INVDRS,invdrs,6,,juno,cw20:juno1jwdy7v4egw36pd84aeks3ww6n8k7zhsumd4ac8q5lts83ppxueus4626e8,native,2024-07-22T16:56:22Z,2024-03-18T22:43:15.451634,false,osmosis-assetlist
osmosis,ibc/5DD1F95ED336014D00CE2520977EC71566D282F9749170ADC83A392E0EA7426A,Stride Staked STARS,stSTARS,ststars,6,stride-staked-stars,stride,stustars,native,2024-07-22T16:56:22Z,2024-03-18T22:43:15.451634,false,osmosis-assetlist
osmosis,ibc/DC0D3303BBE739E073224D0314385B88B247F56D71D726A91414CCA244FFFE7E,Mini Punks,MNPU,mnpu,6,,juno,cw20:juno166heaxlyntd33a5euh4rrz26svhean4klzw594esmd02l4atan6sazy2my,native,2024-07-22T16:56:22Z,2024-03-18T22:43:15.451634,false,osmosis-assetlist
osmosis,ibc/7D389F0ABF1E4D45BE6D7BBE36A2C50EA0559C01E076B02F8E381E685EC1F942,Bitmos,BMOS,bitmos,6,,terra2,cw20:terra1sxe8u2hjczlekwfkcq0rs28egt38pg3wqzfx4zcrese4fnvzzupsk9gjkq,native,2024-07-22T16:56:22Z,2024-03-18T22:43:15.451634,false,osmosis-assetlist
osmosis,ibc/8E697BDABE97ACE8773C6DF7402B2D1D5104DD1EEABE12608E3469B7F64C15BA,Jackal,JKL,jkl,6,jackal-protocol,jackal,ujkl,native,2024-07-22T16:56:22Z,2024-03-18T22:43:15.451634,false,osmosis-assetlist
osmosis,ibc/9DDF52A334F92BC57A9E0D59DFF9984EAC61D2A14E5162605DF601AA58FDFC6D,Autism,AUTISM,autism,6,autism,injective,factory/inj14lf8xm6fcvlggpa7guxzjqwjmtr24gnvf56hvz/autism,native,2024-07-22T16:56:22Z,2024-03-18T22:43:15.451634,false,osmosis-assetlist
osmosis,ibc/62F82550D0B96522361C89B0DA1119DE262FBDFB25E5502BC5101B5C0D0DBAAC,Wrapped Ether (Wormhole),wETH.wh,wormhole/5BWqpR48Lubd55szM5i62zK7TFkddckhbT48yy6mNbDp/8,8,,gateway,factory/wormhole14ejqjyq8um4p3xfqj74yld5waqljf88fz25yxnma0cngspxe3les00fpjx/5BWqpR48Lubd55szM5i62zK7TFkddckhbT48yy6mNbDp,native,2024-07-22T16:56:22Z,2024-03-18T22:43:15.451634,false,osmosis-assetlist
osmosis,ibc/D53E785DC9C5C2CA50CADB1EFE4DE5D0C30418BE0E9C6F2AF9F092A247E8BC22,Stride Staked DYM,stDYM,stDYM,18,,stride,stadym,native,2024-07-22T16:56:22Z,2024-03-18T22:43:15.451634,false,osmosis-assetlist
osmosis,ibc/E27CD305D33F150369AB526AEB6646A76EC3FFB1A6CA58A663B5DE657A89D55D,Dyson Protocol,DYS,ibc/E27CD305D33F150369AB526AEB6646A76EC3FFB1A6CA58A663B5DE657A89D55D,0,,dyson,dys,native,2024-07-22T16:56:22Z,2024-03-18T22:43:15.451634,false,osmosis-assetlist
osmosis,ibc/6AE98883D4D5D5FF9E50D7130F1305DA2FFA0C652D1DD9C123657C6B4EB2DF8A,Evmos,EVMOS,evmos,18,evmos,evmos,aevmos,native,2024-07-22T16:56:22Z,2024-03-18T22:43:15.451634,false,osmosis-assetlist
osmosis,ibc/6F62F01D913E3FFE472A38C78235B8F021B511BC6596ADFF02615C8F83D3B373,Avalanche,AVAX,avax,18,avalanche-2,axelar,wavax-wei,native,2024-07-22T16:56:22Z,2024-03-18T22:43:15.451634,false,osmosis-assetlist
osmosis,ibc/903A61A498756EA560B85A85132D3AEE21B5DEDD41213725D22ABF276EA6945E,Axelar,AXL,axl,6,axelar,axelar,uaxl,native,2024-07-22T16:56:22Z,2024-03-18T22:43:15.451634,false,osmosis-assetlist
osmosis,ibc/0F91EE8B98AAE3CF393D94CD7F89A10F8D7758C5EC707E721899DFE65C164C28,Arkhadian,ARKH,ARKH,6,,arkh,arkh,native,2024-07-22T16:56:22Z,2024-03-18T22:43:15.451634,false,osmosis-assetlist
osmosis,ibc/9A8A93D04917A149C8AC7C16D3DA8F470D59E8D867499C4DA97450E1D7363213,SIENNA,SIENNA,sienna,18,sienna,secretnetwork,cw20:secret1rgm2m5t530tdzyd99775n6vzumxa5luxcllml4,native,2024-07-22T16:56:22Z,2024-03-18T22:43:15.451634,false,osmosis-assetlist
osmosis,ibc/2716E3F2E146664BEFA9217F1A03BFCEDBCD5178B3C71CACB1A0D7584451D219,Rizon,ATOLO,atolo,6,rizon,rizon,uatolo,native,2024-07-22T16:56:22Z,2024-03-18T22:43:15.451634,false,osmosis-assetlist
osmosis,ibc/613BF0BF2F2146AE9941E923725745E931676B2C14E9768CD609FA0849B2AE13,KYVE,KYVE,kyve,6,kyve-network,kyve,ukyve,native,2024-07-22T16:56:22Z,2024-03-18T22:43:15.451634,false,osmosis-assetlist
osmosis,ibc/8A025A1E70101E39DE0C0F153E582A30806D3DA16795F6D868A3AA247D2DEDF7,Silk,SILK,silk,6,silk-bcec1136-561c-4706-a42c-8b67d0d7f7d2,secretnetwork,cw20:secret1fl449muk5yq8dlad7a22nje4p5d2pnsgymhjfd,native,2024-07-22T16:56:22Z,2024-03-18T22:43:15.451634,false,osmosis-assetlist
osmosis,ibc/19305E20681911F14D1FB275E538CDE524C3BF88CF9AE5D5F78F4D4DA05E85B2,Shiba Inu,SHIB,shib,18,shiba-inu,axelar,shib-wei,native,2024-07-22T16:56:22Z,2024-03-18T22:43:15.451634,false,osmosis-assetlist
osmosis,ibc/42D24879D4569CE6477B7E88206ADBFE47C222C6CAD51A54083E4A72594269FC,Quicksilver Liquid Staked OSMO,qOSMO,qosmo,6,,quicksilver,uqosmo,native,2024-07-22T16:56:22Z,2024-03-18T22:43:15.451634,false,osmosis-assetlist
osmosis,ibc/2FBAC4BF296D7844796844B35978E5899984BA5A6314B2DD8F83C215550010B3,Wynd DAO Governance Token,WYND,wynd,6,wynd,juno,cw20:juno1mkw83sv6c7sjdvsaplrzc8yaes9l42p4mhy0ssuxjnyzl87c9eps7ce3m9,native,2024-07-22T16:56:22Z,2024-03-18T22:43:15.451634,false,osmosis-assetlist
osmosis,ibc/62118FB4D5FEDD5D2B18DC93648A745CD5E5B01D420E9B7A5FED5381CB13A7E8,C4E,C4E,c4e,6,chain4energy,chain4energy,uc4e,native,2024-07-22T16:56:22Z,2024-03-18T22:43:15.451634,false,osmosis-assetlist
osmosis,ibc/2F5C084037D951B24D100F15CC013A131DF786DCE1B1DBDC48F018A9B9A138DE,Casa,CASA,casa,6,,juno,cw20:juno1ju8k8sqwsqu5k6umrypmtyqu2wqcpnrkf4w4mntvl0javt4nma7s8lzgss,native,2024-07-22T16:56:22Z,2024-03-18T22:43:15.451634,false,osmosis-assetlist
osmosis,ibc/E97634A40119F1898989C2A23224ED83FDD0A57EA46B3A094E287288D1672B44,Gravity Bridge,GRAV,graviton,6,graviton,gravitybridge,ugraviton,native,2024-07-22T16:56:22Z,2024-03-18T22:43:15.451634,false,osmosis-assetlist
osmosis,ibc/D69F6D787EC649F4E998161A9F0646F4C2DCC64748A2AB982F14CAFBA7CC0EC9,Licorice,DGL,dgl,6,,juno,factory/juno1u805lv20qc6jy7c3ttre7nct6uyl20pfky5r7e/DGL,native,2024-07-22T16:56:22Z,2024-03-18T22:43:15.451634,false,osmosis-assetlist
osmosis,ibc/0B3D528E74E3DEAADF8A68F393887AC7E06028904D02173561B0D27F6E751D0A,Shade,SHD,shd,8,shade-protocol,secretnetwork,cw20:secret153wu605vvp934xhd4k9dtd640zsep5jkesstdm,native,2024-07-22T16:56:22Z,2024-03-18T22:43:15.451634,false,osmosis-assetlist
osmosis,ibc/E47F4E97C534C95B942729E1B25DBDE111EA791411CFF100515050BEA0AC0C6B,Pepe,PEPE,pepe,18,pepe,axelar,pepe-wei,native,2024-07-22T16:56:22Z,2024-03-18T22:43:15.451634,false,osmosis-assetlist
osmosis,ibc/35CECC330D11DD00FACB555D07687631E0BC7D226260CC5F015F6D7980819533,Humans.ai,HEART,heart,18,humans-ai,humans,aheart,native,2024-07-22T16:56:22Z,2024-03-18T22:43:15.451634,false,osmosis-assetlist
osmosis,ibc/8061A06D3BD4D52C4A28FFECF7150D370393AF0BA661C3776C54FF32836C3961,pSTAKE Finance,PSTAKE,pstake,18,pstake-finance,gravitybridge,gravity0xfB5c6815cA3AC72Ce9F5006869AE67f18bF77006,native,2024-07-22T16:56:22Z,2024-03-18T22:43:15.451634,false,osmosis-assetlist
osmosis,ibc/D176154B0C63D1F9C6DCFB4F70349EBF2E2B5A87A05902F57A6AE92B863E9AEC,Stride Staked OSMO,stOSMO,stosmo,6,stride-staked-osmo,stride,stuosmo,native,2024-07-22T16:56:22Z,2024-03-18T22:43:15.451634,false,osmosis-assetlist
osmosis,ibc/5A7C219BA5F7582B99629BA3B2A01A61BFDA0F6FD1FE95B5366F7334C4BC0580,Crescent,CRE,cre,6,crescent-network,crescent,ucre,native,2024-07-22T16:56:22Z,2024-03-18T22:43:15.451634,false,osmosis-assetlist
osmosis,factory/osmo1rckme96ptawr4zwexxj5g5gej9s2dmud8r2t9j0k0prn5mch5g4snzzwjv/sail,Sail,SAIL,sail,6,sail-dao,osmosis,factory/osmo1rckme96ptawr4zwexxj5g5gej9s2dmud8r2t9j0k0prn5mch5g4snzzwjv/sail,native,2024-07-22T16:56:22Z,2024-03-18T22:43:15.451634,false,osmosis-assetlist
osmosis,ibc/52B1AA623B34EB78FD767CEA69E8D7FA6C9CFE1FBF49C5406268FD325E2CC2AC,Starname,IOV,iov,6,starname,starname,uiov,native,2024-07-22T16:56:22Z,2024-03-18T22:43:15.451634,false,osmosis-assetlist
osmosis,ibc/70CF1A54E23EA4E480DEDA9E12082D3FD5684C3483CBDCE190C5C807227688C5,Kava Swap,SWP,SWP,6,kava-swap,kava,swp,native,2024-07-22T16:56:22Z,2024-03-18T22:43:15.451634,false,osmosis-assetlist
osmosis,ibc/C00B17F74C94449A62935B4C886E6F0F643249A270DEF269D53CE6741ECCDB93,Pepec,PEPEC,pepec,6,,juno,cw20:juno1epxnvge53c4hkcmqzlxryw5fp7eae2utyk6ehjcfpwajwp48km3sgxsh9k,native,2024-07-22T16:56:22Z,2024-03-18T22:43:15.451634,false,osmosis-assetlist
osmosis,factory/osmo1f5vfcph2dvfeqcqkhetwv75fda69z7e5c2dldm3kvgj23crkv6wqcn47a0/umilkTIA,milkTIA,milkTIA,milkTIA,6,milkyway-staked-tia,osmosis,factory/osmo1f5vfcph2dvfeqcqkhetwv75fda69z7e5c2dldm3kvgj23crkv6wqcn47a0/umilkTIA,native,2024-07-22T16:56:22Z,2024-03-18T22:43:15.451634,false,osmosis-assetlist
osmosis,ibc/3FF92D26B407FD61AE95D975712A7C319CDE28DE4D80BDC9978D935932B991D7,Wrapped Polkadot (Axelar),moonbeam.DOT.axl,dot,10,,axelar,dot-planck,native,2024-07-22T16:56:22Z,2024-03-18T22:43:15.451634,false,osmosis-assetlist
osmosis,ibc/7CE5F388D661D82A0774E47B5129DA51CC7129BD1A70B5FA6BCEBB5B0A2FAEAF,FURY.legacy,FURY.legacy,fury,6,,juno,cw20:juno1cltgm8v842gu54srmejewghnd6uqa26lzkpa635wzra9m9xuudkqa2gtcz,native,2024-07-22T16:56:22Z,2024-03-18T22:43:15.451634,false,osmosis-assetlist
osmosis,ibc/980A2748F37C938AD129B92A51E2ABA8CFFC6862ADD61EC1B291125535DBE30B,Manna,MANNA,manna,6,,juno,cw20:juno13ca2g36ng6etcfhr9qxx352uw2n5e92np54thfkm3w3nzlhsgvwsjaqlyq,native,2024-07-22T16:56:22Z,2024-03-18T22:43:15.451634,false,osmosis-assetlist
osmosis,ibc/67C89B8B0A70C08F093C909A4DD996DD10E0494C87E28FD9A551697BF173D4CA,MEME,MEME,meme,6,meme-network,meme,umeme,native,2024-07-22T16:56:22Z,2024-03-18T22:43:15.451634,false,osmosis-assetlist
osmosis,ibc/9BBA9A1C257E971E38C1422780CE6F0B0686F0A3085E2D61118D904BFE0F5F5E,Sommelier,SOMM,somm,6,sommelier,sommelier,usomm,native,2024-07-22T16:56:22Z,2024-03-18T22:43:15.451634,false,osmosis-assetlist
osmosis,ibc/52E12CF5CA2BB903D84F5298B4BFD725D66CAB95E09AA4FC75B2904CA5485FEB,DHK,DHK,dhk,0,,juno,cw20:juno1tdjwrqmnztn2j3sj2ln9xnyps5hs48q3ddwjrz7jpv6mskappjys5czd49,native,2024-07-22T16:56:22Z,2024-03-18T22:43:15.451634,false,osmosis-assetlist
osmosis,ibc/46B44899322F3CD854D2D46DEEF881958467CDD4B3B10086DA49296BBED94BED,Juno,JUNO,juno,6,juno-network,juno,ujuno,native,2024-07-22T16:56:22Z,2024-03-18T22:43:15.451634,false,osmosis-assetlist
osmosis,ibc/C25A2303FE24B922DAFFDCE377AC5A42E5EF746806D32E2ED4B610DE85C203F7,Astroport CW20 Token,ASTRO.cw20,astro.cw20,6,,terra2,cw20:terra1nsuqsk6kh58ulczatwev87ttq2z6r3pusulg9r24mfj2fvtzd4uq3exn26,native,2024-07-22T16:56:22Z,2024-03-18T22:43:15.451634,false,osmosis-assetlist
osmosis,ibc/593F820ECE676A3E0890C734EC4F3A8DE16EC10A54EEDFA8BDFEB40EEA903960,Void,VOID,void,6,,juno,cw20:juno1lpvx3mv2a6ddzfjc7zzz2v2cm5gqgqf0hx67hc5p5qwn7hz4cdjsnznhu8,native,2024-07-22T16:56:22Z,2024-03-18T22:43:15.451634,false,osmosis-assetlist
osmosis,factory/osmo1s794h9rxggytja3a4pmwul53u98k06zy2qtrdvjnfuxruh7s8yjs6cyxgd/ucdt,CDT Stablecoin,CDT,cdt,6,collateralized-debt-token,osmosis,factory/osmo1s794h9rxggytja3a4pmwul53u98k06zy2qtrdvjnfuxruh7s8yjs6cyxgd/ucdt,native,2024-07-22T16:56:22Z,2024-03-18T22:43:15.451634,false,osmosis-assetlist
osmosis,ibc/CDD1E59BD5034C1B2597DD199782204EB397DB93200AA2E99C0AF3A66B2915FA,Basket,BSKT,wormhole/bqqqpqsxzelp2hdfd4cgmxr6ekpatlj8yt2eghk52vst/5,5,basket,gateway,factory/wormhole14ejqjyq8um4p3xfqj74yld5waqljf88fz25yxnma0cngspxe3les00fpjx/bqqqpqsxzelp2hdfd4cgmxr6ekpatlj8yt2eghk52vst,native,2024-07-22T16:56:22Z,2024-03-18T22:43:15.451634,false,osmosis-assetlist
osmosis,ibc/56B988C4D934FB7503F5EA9B440C75D489C8AD5D193715B477BEC4F84B8BBA2A,Summit,SUMMIT,summit,6,,juno,cw20:juno1j4ux0f6gt7e82z7jdpm25v4g2gts880ap64rdwa49989wzhd0dfqed6vqm,native,2024-07-22T16:56:22Z,2024-03-18T22:43:15.451634,false,osmosis-assetlist
osmosis,ibc/BB936517F7E5D77A63E0ADB05217A6608B0C4CF8FBA7EA2F4BAE4107A7238F06,Acrechain,ACRE,acre,18,arable-protocol,acrechain,aacre,native,2024-07-22T16:56:22Z,2024-03-18T22:43:15.451634,false,osmosis-assetlist
osmosis,factory/osmo14klwqgkmackvx2tqa0trtg69dmy0nrg4ntq4gjgw2za4734r5seqjqm4gm/uibcx,IBC Index,IBCX,ibcx,6,ibc-index,osmosis,factory/osmo14klwqgkmackvx2tqa0trtg69dmy0nrg4ntq4gjgw2za4734r5seqjqm4gm/uibcx,native,2024-07-22T16:56:22Z,2024-03-18T22:43:15.451634,false,osmosis-assetlist
osmosis,uosmo,Osmosis,OSMO,osmo,6,osmosis,osmosis,uosmo,native,2024-07-22T16:56:22Z,2024-03-18T22:43:15.451634,true,osmosis-assetlist
osmosis,ibc/46C83BB054E12E189882B5284542DB605D94C99827E367C9192CF0579CD5BC83,Quicksilver Liquid Staked STARS,qSTARS,qstars,6,,quicksilver,uqstars,native,2024-07-22T16:56:22Z,2024-03-18T22:43:15.451634,false,osmosis-assetlist
osmosis,ibc/02F196DA6FD0917DD5FEA249EE61880F4D941EE9059E7964C5C9B50AF103800F,Stride Staked UMEE,stUMEE,stumee,6,stride-staked-umee,stride,stuumee,native,2024-07-22T16:56:22Z,2024-03-18T22:43:15.451634,false,osmosis-assetlist
osmosis,ibc/B797E4F42CD33C50511B341E50C5CC0E8EF0D93B1E1247ABAA071583B8619202,404Deep Records Fantoken,404DR,404dr,6,,bitsong,ft99091610CCC66F4277C66D14AF2BC4C5EE52E27A,native,2024-07-22T16:56:22Z,2024-03-18T22:43:15.451634,false,osmosis-assetlist
osmosis,ibc/442A08C33AE9875DF90792FFA73B5728E1CAECE87AB4F26AE9B422F1E682ED23,Badcoin,BAD,bad,6,,neutron,factory/neutron143wp6g8paqasnuuey6zyapucknwy9rhnld8hkr/bad,native,2024-07-22T16:56:22Z,2024-03-18T22:43:15.451634,false,osmosis-assetlist
osmosis,ibc/D9AFCECDD361D38302AA66EB3BAC23B95234832C51D12489DC451FA2B7C72782,Nolus,NLS,nls,6,nolus,nolus,unls,native,2024-07-22T16:56:22Z,2024-03-18T22:43:15.451634,false,osmosis-assetlist
osmosis,ibc/DB9755CB6FE55192948AE074D18FA815E1429D3D374D5BDA8D89623C6CF235C3,Block,BLOCK,block,6,,juno,cw20:juno1y9rf7ql6ffwkv02hsgd4yruz23pn4w97p75e2slsnkm0mnamhzysvqnxaq,native,2024-07-22T16:56:22Z,2024-03-18T22:43:15.451634,false,osmosis-assetlist
osmosis,ibc/1DC495FCEFDA068A3820F903EDBD78B942FBD204D7E93D3BA2B432E9669D1A59,e-Money,NGM,ngm,6,e-money,emoney,ungm,native,2024-07-22T16:56:22Z,2024-03-18T22:43:15.451634,false,osmosis-assetlist
osmosis,ibc/B9606D347599F0F2FDF82BA3EE339000673B7D274EA50F59494DC51EFCD42163,Onomy,NOM,nom,18,onomy-protocol,onomy,anom,native,2024-07-22T16:56:22Z,2024-03-18T22:43:15.451634,false,osmosis-assetlist
osmosis,ibc/9F9B07EF9AD291167CF5700628145DE1DEB777C2CFC7907553B24446515F6D0E,USDC (Gravity Bridge),USDC.grv,gusdc,6,gravity-bridge-usdc,gravitybridge,gravity0xA0b86991c6218b36c1d19D4a2e9Eb0cE3606eB48,native,2024-07-22T16:56:22Z,2024-03-18T22:43:15.451634,false,osmosis-assetlist
osmosis,ibc/161D7D62BAB3B9C39003334F1671208F43C06B643CC9EDBBE82B64793C857F1D,Oraichain,ORAI,ORAI,6,oraichain-token,oraichain,orai,native,2024-07-22T16:56:22Z,2024-03-18T22:43:15.451634,false,osmosis-assetlist
osmosis,ibc/9A76CDF0CBCEF37923F32518FA15E5DC92B9F56128292BC4D63C4AEA76CBB110,Dymension Hub,DYM,dym,18,dymension,dymension,adym,native,2024-07-22T16:56:22Z,2024-03-18T22:43:15.451634,false,osmosis-assetlist
osmosis,ibc/573FCD90FACEE750F55A8864EF7D38265F07E5A9273FA0E8DAFD39951332B580,Mars Hub,MARS,mars,6,mars-protocol-a7fcbcfb-fd61-4017-92f0-7ee9f9cc6da3,mars,umars,native,2024-07-22T16:56:22Z,2024-03-18T22:43:15.451634,false,osmosis-assetlist
osmosis,ibc/D79E7D83AB399BFFF93433E54FAA480C191248FC556924A2A8351AE2638B3877,Celestia,TIA,tia,6,celestia,celestia,utia,native,2024-07-22T16:56:22Z,2024-03-18T22:43:15.451634,false,osmosis-assetlist
osmosis,ibc/CFF40564FDA3E958D9904B8B479124987901168494655D9CC6B7C0EC0416020B,Stardust STRDST,STRDST,strdst,6,,stargaze,factory/stars16da2uus9zrsy83h23ur42v3lglg5rmyrpqnju4/dust,native,2024-07-22T16:56:22Z,2024-03-18T22:43:15.451634,false,osmosis-assetlist
osmosis,ibc/44492EAB24B72E3FB59B9FA619A22337FB74F95D8808FE6BC78CC0E6C18DC2EC,USK,USK,usk,6,usk,kujira,factory/kujira1qk00h5atutpsv900x202pxx42npjr9thg58dnqpa72f2p7m2luase444a7/uusk,native,2024-07-22T16:56:22Z,2024-03-18T22:43:15.451634,false,osmosis-assetlist
osmosis,ibc/63CDD51098FD99E04E5F5610A3882CBE7614C441607BA6FCD7F3A3C1CD5325F8,Bluzelle,BLZ,bnt,6,bluzelle,bluzelle,ubnt,native,2024-07-22T16:56:22Z,2024-03-18T22:43:15.451634,false,osmosis-assetlist
osmosis,ibc/5973C068568365FFF40DEDCF1A1CB7582B6116B731CD31A12231AE25E20B871F,e-Money EUR,EEUR,eur,6,e-money-eur,emoney,eeur,native,2024-07-22T16:56:22Z,2024-03-18T22:43:15.451634,false,osmosis-assetlist
osmosis,ibc/F4A07138CAEF0BFB4889E03C44C57956A48631061F1C8AB80421C1F229C1B835,Catmos,CATMOS,catmos,6,,juno,cw20:juno1f5datjdse3mdgrapwuzs3prl7pvxxht48ns6calnn0t77v2s9l8s0qu488,native,2024-07-22T16:56:22Z,2024-03-18T22:43:15.451634,false,osmosis-assetlist
osmosis,ibc/18A1B70E3205A48DE8590C0D11030E7146CDBF1048789261D53FFFD7527F8B55,Amber,AMBER,amber,6,,secretnetwork,cw20:secret1s09x2xvfd2lp2skgzm29w2xtena7s8fq98v852,native,2024-07-22T16:56:22Z,2024-03-18T22:43:15.451634,false,osmosis-assetlist
osmosis,ibc/1CDF9C7D073DD59ED06F15DB08CC0901F2A24759BE70463570E8896F9A444ADF,Realio Network,RIO,rio,18,realio-network,realio,ario,native,2024-07-22T16:56:22Z,2024-03-18T22:43:15.451634,false,osmosis-assetlist
osmosis,ibc/37CB3078432510EE57B9AFA8DBE028B33AE3280A144826FEAC5F2334CF2C5539,NYM,NYM,nym,6,nym,nyx,unym,native,2024-07-22T16:56:22Z,2024-03-18T22:43:15.451634,false,osmosis-assetlist
osmosis,ibc/4F3B0EC2FE2D370D10C3671A1B7B06D2A964C721470C305CBB846ED60E6CAA20,Bostrom Hydrogen,HYDROGEN,ibc/4F3B0EC2FE2D370D10C3671A1B7B06D2A964C721470C305CBB846ED60E6CAA20,0,,bostrom,hydrogen,native,2024-07-22T16:56:22Z,2024-03-18T22:43:15.451634,false,osmosis-assetlist
osmosis,ibc/C5579A9595790017C600DD726276D978B9BF314CF82406CE342720A9C7911A01,Stride Staked EVMOS,stEVMOS,stevmos,18,stride-staked-evmos,stride,staevmos,native,2024-07-22T16:56:22Z,2024-03-18T22:43:15.451634,false,osmosis-assetlist
osmosis,ibc/1E43D59E565D41FB4E54CA639B838FFD5BCFC20003D330A56CB1396231AA1CBA,Solana,SOL,wormhole/8sYgCzLRJC3J7qPn2bNbx6PiGcarhyx8rBhVaNnfvHCA/8,8,solana,gateway,factory/wormhole14ejqjyq8um4p3xfqj74yld5waqljf88fz25yxnma0cngspxe3les00fpjx/8sYgCzLRJC3J7qPn2bNbx6PiGcarhyx8rBhVaNnfvHCA,native,2024-07-22T16:56:22Z,2024-03-18T22:43:15.451634,false,osmosis-assetlist
osmosis,ibc/B66CE615C600ED0A8B5AF425ECFE0D57BE2377587F66C45934A76886F34DC9B7,rATOM,rATOM,ratom,6,,stafihub,uratom,native,2024-07-22T16:56:22Z,2024-03-18T22:43:15.451634,false,osmosis-assetlist
osmosis,ibc/8318FD63C42203D16DDCAF49FE10E8590669B3219A3E87676AC9DA50722687FB,Sifchain,ROWAN,ROWAN,18,sifchain,sifchain,rowan,native,2024-07-22T16:56:22Z,2024-03-18T22:43:15.451634,false,osmosis-assetlist
osmosis,ibc/176DD560277BB0BD676260BE02EBAB697725CA85144D8A2BF286C6B5323DB5FE,Junø Apes,JAPE,jape,6,,juno,cw20:juno1zkwveux7y6fmsr88atf3cyffx96p0c96qr8tgcsj7vfnhx7sal3s3zu3ps,native,2024-07-22T16:56:22Z,2024-03-18T22:43:15.451634,false,osmosis-assetlist
osmosis,ibc/56D7C03B8F6A07AD322EEE1BEF3AE996E09D1C1E34C27CF37E0D4A0AC5972516,Picasso,PICA,pica,12,picasso,composable,ppica,native,2024-07-22T16:56:22Z,2024-03-18T22:43:15.451634,false,osmosis-assetlist
osmosis,ibc/C360EF34A86D334F625E4CBB7DA3223AEA97174B61F35BB3758081A8160F7D9B,Odin Protocol,ODIN,odin,6,odin-protocol,odin,loki,native,2024-07-22T16:56:22Z,2024-03-18T22:43:15.451634,false,osmosis-assetlist
osmosis,ibc/A1830DECC0B742F0B2044FF74BE727B5CF92C9A28A9235C3BACE4D24A23504FA,SGE,SGE,sge,6,six-sigma,sge,usge,native,2024-07-22T16:56:22Z,2024-03-18T22:43:15.451634,false,osmosis-assetlist
osmosis,ibc/6B99DB46AA9FF47162148C1726866919E44A6A5E0274B90912FD17E19A337695,USD Coin (Wormhole),USDC.wh,wormhole/GGh9Ufn1SeDGrhzEkMyRKt5568VbbxZK2yvWNsd6PbXt/6,6,,gateway,factory/wormhole14ejqjyq8um4p3xfqj74yld5waqljf88fz25yxnma0cngspxe3les00fpjx/GGh9Ufn1SeDGrhzEkMyRKt5568VbbxZK2yvWNsd6PbXt,native,2024-07-22T16:56:22Z,2024-03-18T22:43:15.451634,false,osmosis-assetlist
osmosis,ibc/71055835C7639739EAE03AACD1324FE162DBA41D09F197CB72D966D014225B1C,Shade (old),SHD(old),shd,8,,secretnetwork,cw20:secret1qfql357amn448duf5gvp9gr48sxx9tsnhupu3d,native,2024-07-22T16:56:22Z,2024-03-18T22:43:15.451634,false,osmosis-assetlist
osmosis,ibc/71DAA4CAFA4FE2F9803ABA0696BA5FC0EFC14305A2EA8B4E01880DB851B1EC02,Branch,BRNCH,BRNCH,6,,stargaze,factory/stars16da2uus9zrsy83h23ur42v3lglg5rmyrpqnju4/uBRNCH,native,2024-07-22T16:56:22Z,2024-03-18T22:43:15.451634,false,osmosis-assetlist
osmosis,ibc/71B441E27F1BBB44DD0891BCD370C2794D404D60A4FFE5AECCD9B1E28BC89805,Tether USD (Gravity Bridge),USDT.grv,gusdt,6,,gravitybridge,gravity0xdAC17F958D2ee523a2206206994597C13D831ec7,native,2024-07-22T16:56:22Z,2024-03-18T22:43:15.451634,false,osmosis-assetlist
osmosis,ibc/0B3C3D06228578334B66B57FBFBA4033216CEB8119B27ACDEE18D92DA5B28D43,Wormhole USDC(Avalanche),avalanche.USDC.wh,avalanche-usdc,6,,gateway,factory/wormhole14ejqjyq8um4p3xfqj74yld5waqljf88fz25yxnma0cngspxe3les00fpjx/5ZLmAZpcbaP4EGyihSmpfwryzDr84h51tboV392BCjW4,native,2024-07-22T16:56:22Z,2024-03-18T22:43:15.451634,false,osmosis-assetlist
osmosis,ibc/AB589511ED0DD5FA56171A39978AFBF1371DB986EC1C3526CE138A16377E39BB,Polygon,MATIC,wmatic,18,matic-network,axelar,wmatic-wei,native,2024-07-22T16:56:22Z,2024-03-18T22:43:15.451634,false,osmosis-assetlist
osmosis,ibc/75345531D87BD90BF108BE7240BD721CB2CB0A1F16D4EBA71B09EC3C43E15C8F,Nomic Bitcoin,nBTC,nbtc,14,,nomic,usat,native,2024-07-22T16:56:22Z,2024-03-18T22:43:15.451634,false,osmosis-assetlist
osmosis,ibc/FBB3FEF80ED2344D821D4F95C31DBFD33E4E31D5324CAD94EF756E67B749F668,Real Yield ETH,YieldETH,YieldETH,18,yieldeth-sommelier,axelar,yieldeth-wei,native,2024-07-22T16:56:22Z,2024-03-18T22:43:15.451634,false,osmosis-assetlist
osmosis,ibc/6FD2938076A4C1BB3A324A676E76B0150A4443DAE0E002FB62AC0E6B604B1519,PURSE Token (Function X),PURSE,PURSE,18,pundi-x-purse,pundix,bsc0x29a63F4B209C29B4DC47f06FFA896F32667DAD2C,native,2024-07-22T16:56:22Z,2024-03-18T22:43:15.451634,false,osmosis-assetlist
osmosis,ibc/64BA6E31FE887D66C6F8F31C7B1A80C7CA179239677B4088BB55F5EA07DBE273,Injective,INJ,INJ,18,injective-protocol,injective,inj,native,2024-07-22T16:56:22Z,2024-03-18T22:43:15.451634,false,osmosis-assetlist
osmosis,ibc/E4FFAACCDB7D55CE2D257DF637C00158CB841F11D0013B2D03E31FF7800A2C58,N43 FanToken,N43,n43,6,,bitsong,ft387C1C279D962ED80C09C1D592A92C4275FD7C5D,native,2024-07-22T16:56:22Z,2024-03-18T22:43:15.451634,false,osmosis-assetlist
osmosis,ibc/F49DE040EBA5AB2FAD5F660C2A1DDF98A68470FAE82229818BE775EBF3EE79F2,Galaxy,GLX,glx,6,,galaxy,uglx,native,2024-07-22T16:56:22Z,2024-03-18T22:43:15.451634,false,osmosis-assetlist
osmosis,ibc/1DCC8A6CB5689018431323953344A9F6CC4D0BFB261E88C9F7777372C10CD076,Regen,REGEN,regen,6,regen,regen,uregen,native,2024-07-22T16:56:22Z,2024-03-18T22:43:15.451634,false,osmosis-assetlist
osmosis,ibc/51D893F870B7675E507E91DA8DB0B22EA66333207E4F5C0708757F08EE059B0B,MantaDAO,MNTA,mnta,6,mantadao,kujira,factory/kujira1643jxg8wasy5cfcn7xm8rd742yeazcksqlg4d7/umnta,native,2024-07-22T16:56:22Z,2024-03-18T22:43:15.451634,false,osmosis-assetlist
osmosis,ibc/2BF9656CAB0384A31167DB9B0254F0FB1CB4346A229BD7E5CBDCBB911C3740F7,Teledisko DAO - Legacy,BERLIN-legacy,berlin,18,,evmos,erc20/0x1cFc8f1FE8D5668BAFF2724547EcDbd6f013a280,native,2024-07-22T16:56:22Z,2024-03-18T22:43:15.451634,false,osmosis-assetlist
osmosis,ibc/3BCCC93AD5DF58D11A6F8A05FA8BC801CBA0BA61A981F57E91B8B598BF8061CB,Medibloc,MED,med,6,medibloc,panacea,umed,native,2024-07-22T16:56:22Z,2024-03-18T22:43:15.451634,false,osmosis-assetlist
osmosis,ibc/D38BB3DD46864694F009AF01DA5A815B3A875F8CC52FF5679BFFCC35DC7451D5,Ciento Token,CNTO,cnto,18,,acrechain,erc20/0xAE6D3334989a22A65228732446731438672418F2,native,2024-07-22T16:56:22Z,2024-03-18T22:43:15.451634,false,osmosis-assetlist
osmosis,ibc/0CD3A0285E1341859B5E86B6AB7682F023D03E97607CCC1DC95706411D866DF7,Dai Stablecoin,DAI,dai,18,dai,axelar,dai-wei,native,2024-07-22T16:56:22Z,2024-03-18T22:43:15.451634,false,osmosis-assetlist
osmosis,factory/osmo1mlng7pz4pnyxtpq0akfwall37czyk9lukaucsrn30ameplhhshtqdvfm5c/ulvn,Levana,LVN,lvn,6,levana-protocol,osmosis,factory/osmo1mlng7pz4pnyxtpq0akfwall37czyk9lukaucsrn30ameplhhshtqdvfm5c/ulvn,native,2024-07-22T16:56:22Z,2024-03-18T22:43:15.451634,false,osmosis-assetlist
osmosis,ibc/4976049456D261659D0EC499CC9C2391D3C7D1128A0B9FB0BBF2842D1B2BC7BC,ASH,ASH,ASH,6,,migaloo,factory/migaloo1erul6xyq0gk6ws98ncj7lnq9l4jn4gnnu9we73gdz78yyl2lr7qqrvcgup/ash,native,2024-07-22T16:56:22Z,2024-03-18T22:43:15.451634,false,osmosis-assetlist
osmosis,ibc/C2A2E9CA95DDD4828B75124B5E27B8401C7D8493BC48353D418CBFC04565899B,Hope Galaxy,HOPE,hope,6,,juno,cw20:juno1re3x67ppxap48ygndmrc7har2cnc7tcxtm9nplcas4v0gc3wnmvs3s807z,native,2024-07-22T16:56:22Z,2024-03-18T22:43:15.451634,false,osmosis-assetlist
osmosis,ibc/B2BD584CD2A0A9CE53D4449667E26160C7D44A9C41AF50F602C201E5B3CCA46C,Wrapped Lido Staked Ether (Axelar),wstETH.axl,wsteth,18,,axelar,wsteth-wei,native,2024-07-22T16:56:22Z,2024-03-18T22:43:15.451634,false,osmosis-assetlist
osmosis,ibc/ECBE78BF7677320A93E7BA1761D144BCBF0CBC247C290C049655E106FE5DC68E,PSTAKE staked OSMO,stkOSMO,stkosmo,6,pstake-staked-osmo,persistence,stk/uosmo,native,2024-07-22T16:56:22Z,2024-03-18T22:43:15.451634,false,osmosis-assetlist
osmosis,ibc/C04DFC9BCD893E57F2BEFE40F63EFD18D2768514DBD5F63ABD2FF7F48FC01D36,Stride Staked INJ,stINJ,stINJ,18,,stride,stinj,native,2024-07-22T16:56:22Z,2024-03-18T22:43:15.451634,false,osmosis-assetlist
osmosis,ibc/635CB83EF1DFE598B10A3E90485306FD0D47D34217A4BE5FD9977FA010A5367D,Quicksilver,QCK,qck,6,quicksilver,quicksilver,uqck,native,2024-07-22T16:56:22Z,2024-03-18T22:43:15.451634,false,osmosis-assetlist
osmosis,ibc/98B3DBF1FA79C4C14CC5F08F62ACD5498560FCB515F677526FD200D54EA048B6,OIN STORE OF VALUE,OIN,oin,6,,sei,factory/sei1thgp6wamxwqt7rthfkeehktmq0ujh5kspluw6w/OIN,native,2024-07-22T16:56:22Z,2024-03-18T22:43:15.451634,false,osmosis-assetlist
osmosis,ibc/672406ADE4EDFD8C5EA7A0D0DD0C37E431DA7BD8393A15CD2CFDE3364917EB2A,Dora Vota,DORA,DORA,18,,doravota,peaka,native,2024-07-22T16:56:22Z,2024-03-18T22:43:15.451634,false,osmosis-assetlist
osmosis,ibc/4ABBEF4C8926DDDB320AE5188CFD63267ABBCEFC0583E4AE05D6E5AA2401DDAB,Tether USD,USDT,usdt,6,tether,kava,erc20/tether/usdt,native,2024-07-22T16:56:22Z,2024-03-18T22:43:15.451634,false,osmosis-assetlist
osmosis,ibc/65381C5F3FD21442283D56925E62EA524DED8B6927F0FF94E21E0020954C40B5,Ether (Gravity Bridge),WETH.grv,gweth,18,,gravitybridge,gravity0xC02aaA39b223FE8D0A0e5C4F27eAD9083C756Cc2,native,2024-07-22T16:56:22Z,2024-03-18T22:43:15.451634,false,osmosis-assetlist
osmosis,ibc/B547DC9B897E7C3AA5B824696110B8E3D2C31E3ED3F02FF363DCBAD82457E07E,Ki,XKI,xki,6,ki,kichain,uxki,native,2024-07-22T16:56:22Z,2024-03-18T22:43:15.451634,false,osmosis-assetlist
osmosis,ibc/231FD77ECCB2DB916D314019DA30FE013202833386B1908A191D16989AD80B5A,USD Coin (Polygon),polygon.USDC.axl,polygon-usdc,6,,axelar,polygon-uusdc,native,2024-07-22T16:56:22Z,2024-03-18T22:43:15.451634,false,osmosis-assetlist
osmosis,ibc/297C64CC42B5A8D8F82FE2EBE208A6FE8F94B86037FA28C4529A23701C228F7A,Neta,NETA,neta,6,neta,juno,cw20:juno168ctmpyppk90d34p3jjy658zf5a5l3w8wk35wht6ccqj4mr0yv8s4j5awr,native,2024-07-22T16:56:22Z,2024-03-18T22:43:15.451634,false,osmosis-assetlist
osmosis,ibc/E750D31033DC1CF4A044C3AA0A8117401316DC918FBEBC4E3D34F91B09D5F54C,nRide Token,NRIDE,nride,6,,juno,cw20:juno1qmlchtmjpvu0cr7u0tad2pq8838h6farrrjzp39eqa9xswg7teussrswlq,native,2024-07-22T16:56:22Z,2024-03-18T22:43:15.451634,false,osmosis-assetlist
osmosis,ibc/4D7A6F2A7744B1534C984A21F9EDFFF8809FC71A9E9243FFB702073E7FCA513A,Coinbase Wrapped Staked ETH,cbETH,cbeth,18,coinbase-wrapped-staked-eth,axelar,cbeth-wei,native,2024-07-22T16:56:22Z,2024-03-18T22:43:15.451634,false,osmosis-assetlist
osmosis,ibc/987C17B11ABC2B20019178ACE62929FE9840202CE79498E29FE8E5CB02B7C0A4,Stargaze,STARS,stars,6,stargaze,stargaze,ustars,native,2024-07-22T16:56:22Z,2024-03-18T22:43:15.451634,false,osmosis-assetlist
osmosis,ibc/D1542AA8762DB13087D8364F3EA6509FD6F009A34F00426AF9E4F9FA85CBBF1F,Wrapped Bitcoin (Axelar),WBTC.axl,wbtc,8,axlwbtc,axelar,wbtc-satoshi,native,2024-07-22T16:56:22Z,2024-03-18T22:43:15.451634,false,osmosis-assetlist
osmosis,ibc/9B8EC667B6DF55387DC0F3ACC4F187DA6921B0806ED35DE6B04DE96F5AB81F53,WOOF,WOOF,WOOF,6,,chihuahua,factory/chihuahua13jawsn574rf3f0u5rhu7e8n6sayx5gkw3eddhp/uwoof,native,2024-07-22T16:56:22Z,2024-03-18T22:43:15.451634,false,osmosis-assetlist
osmosis,ibc/92B223EBFA74DB99BEA92B23DEAA6050734FEEAABB84689CB8E1AE8F9C9F9AF4,Imversed,IMV,imv,18,imv,imversed,aimv,native,2024-07-22T16:56:22Z,2024-03-18T22:43:15.451634,false,osmosis-assetlist
osmosis,ibc/BD796662F8825327D41C96355DF62045A5BA225BAE31C0A86289B9D88ED3F44E,Rai Reflex Index,RAI,rai,18,rai,axelar,rai-wei,native,2024-07-22T16:56:22Z,2024-03-18T22:43:15.451634,false,osmosis-assetlist
osmosis,ibc/8C8F6349F656C943543C6B040377BE44123D01F712277815C3C13098BB98818C,AtomEconomicZone69JaeKwonInu,CIRCUS,circus,6,,neutron,factory/neutron170v88vrtnedesyfytuku257cggxc79rd7lwt7q/ucircus,native,2024-07-22T16:56:22Z,2024-03-18T22:43:15.451634,false,osmosis-assetlist
osmosis,factory/osmo1g8qypve6l95xmhgc0fddaecerffymsl7kn9muw/squosmo,OSMO Squared,sqOSMO,sqosmo,6,,osmosis,factory/osmo1g8qypve6l95xmhgc0fddaecerffymsl7kn9muw/squosmo,native,2024-07-22T16:56:22Z,2024-03-18T22:43:15.451634,false,osmosis-assetlist
osmosis,ibc/7ED954CFFFC06EE8419387F3FC688837FF64EF264DE14219935F724EEEDBF8D3,Shentu,CTK,ctk,6,certik,shentu,uctk,native,2024-07-22T16:56:22Z,2024-03-18T22:43:15.451634,false,osmosis-assetlist
osmosis,ibc/DDF1CD4CDC14AE2D6A3060193624605FF12DEE71CF1F8C19EEF35E9447653493,RAC,RAC,RAC,6,,migaloo,factory/migaloo1eqntnl6tzcj9h86psg4y4h6hh05g2h9nj8e09l/urac,native,2024-07-22T16:56:22Z,2024-03-18T22:43:15.451634,false,osmosis-assetlist
osmosis,ibc/6727B2F071643B3841BD535ECDD4ED9CAE52ABDD0DCD07C3630811A7A37B215C,Kusama,KSM,ksm,12,kusama,picasso,4,native,2024-07-22T16:56:22Z,2024-03-18T22:43:15.451634,false,osmosis-assetlist
osmosis,ibc/1A611E8A3E4248106A1A5A80A64BFA812739435E8B9888EB3F652A21F029F317,Nym,NYX,nyx,6,,nyx,unyx,native,2024-07-22T16:56:22Z,2024-03-18T22:43:15.451634,false,osmosis-assetlist
osmosis,ibc/7A496DB7C2277D4B74EC4428DDB5AC8A62816FBD0DEBE1CFE094935D746BE19C,Spacer,SPACER,spacer,6,,juno,cw20:juno1dyyf7pxeassxvftf570krv7fdf5r8e4r04mp99h0mllsqzp3rs4q7y8yqg,native,2024-07-22T16:56:22Z,2024-03-18T22:43:15.451634,false,osmosis-assetlist
osmosis,ibc/80825E8F04B12D914ABEADB1F4D39C04755B12C8402F6876EE3168450C0A90BB,Lambda,LAMB,lamb,18,lambda,lambda,ulamb,native,2024-07-22T16:56:22Z,2024-03-18T22:43:15.451634,false,osmosis-assetlist
osmosis,ibc/E7B35499CFBEB0FF5778127ABA4FB2C4B79A6B8D3D831D4379C4048C238796BD,Vidulum,VDL,vdl,6,vidulum,vidulum,uvdl,native,2024-07-22T16:56:22Z,2024-03-18T22:43:15.451634,false,osmosis-assetlist
osmosis,ibc/BE1BB42D4BE3C30D50B68D7C41DB4DFCE9678E8EF8C539F6E6A9345048894FCC,TerraClassicUSD,USTC,ust,6,terrausd,terra,uusd,native,2024-07-22T16:56:22Z,2024-03-18T22:43:15.451634,false,osmosis-assetlist
osmosis,ibc/2F21E6D4271DE3F561F20A02CD541DAF7405B1E9CB3B9B07E3C2AC7D8A4338A5,Wrapped Lido Staked Ether,wstETH,wstETH,18,wrapped-steth,neutron,factory/neutron1ug740qrkquxzrk2hh29qrlx3sktkfml3je7juusc2te7xmvsscns0n2wry/wstETH,native,2024-07-22T16:56:22Z,2024-03-18T22:43:15.451634,false,osmosis-assetlist
osmosis,ibc/A76EB6ECF4E3E2D4A23C526FD1B48FDD42F171B206C9D2758EF778A7826ADD68,Nature Carbon Ton,NCT,nct,6,toucan-protocol-nature-carbon-tonne,regen,eco.uC.NCT,native,2024-07-22T16:56:22Z,2024-03-18T22:43:15.451634,false,osmosis-assetlist
osmosis,ibc/307E5C96C8F60D1CBEE269A9A86C0834E1DB06F2B3788AE4F716EDB97A48B97D,Dig Chain,DIG,dig,6,dig-chain,dig,udig,native,2024-07-22T16:56:22Z,2024-03-18T22:43:15.451634,false,osmosis-assetlist
osmosis,ibc/57AA1A70A4BC9769C525EBF6386F7A21536E04A79D62E1981EFCEF9428EBB205,Kava,KAVA,kava,6,kava,kava,ukava,native,2024-07-22T16:56:22Z,2024-03-18T22:43:15.451634,false,osmosis-assetlist
osmosis,ibc/C6B6BFCB6EE49A7CAB1A7E7B021DE35B99D525AC660844952F0F6C78DCB2A57B,StakeEasy seJUNO,SEJUNO,sejuno,6,,juno,cw20:juno1dd0k0um5rqncfueza62w9sentdfh3ec4nw4aq4lk5hkjl63vljqscth9gv,native,2024-07-22T16:56:22Z,2024-03-18T22:43:15.451634,false,osmosis-assetlist
osmosis,ibc/46AC07DBFF1352EC94AF5BD4D23740D92D9803A6B41F6E213E77F3A1143FB963,Puppy,PUPPY,puppy,6,,chihuahua,cw20:chihuahua1yl8z39ugle8s02fpwkhh293509q5xcpalmdzc4amvchz8nkexrmsy95gef,native,2024-07-22T16:56:22Z,2024-03-18T22:43:15.451634,false,osmosis-assetlist
osmosis,ibc/CA3733CB0071F480FAE8EF0D9C3D47A49C6589144620A642BBE0D59A293D110E,Bonk,BONK,wormhole/95mnwzvJZJ3fKz77xfGN2nR5to9pZmH8YNvaxgLgw5AR/5,5,bonk,gateway,factory/wormhole14ejqjyq8um4p3xfqj74yld5waqljf88fz25yxnma0cngspxe3les00fpjx/95mnwzvJZJ3fKz77xfGN2nR5to9pZmH8YNvaxgLgw5AR,native,2024-07-22T16:56:22Z,2024-03-18T22:43:15.451634,false,osmosis-assetlist
osmosis,ibc/01E94A5FF29B8DDEFC86F412CC3927F7330E9B523CC63A6194B1108F5276025C,Medas Digital Network,MEDAS,medas,6,,medasdigital,umedas,native,2024-07-22T16:56:22Z,2024-03-18T22:43:15.451634,false,osmosis-assetlist
osmosis,ibc/D3327A763C23F01EC43D1F0DB3CEFEC390C362569B6FD191F40A5192F8960049,Chainlink,LINK,link,18,chainlink,axelar,link-wei,native,2024-07-22T16:56:22Z,2024-03-18T22:43:15.451634,false,osmosis-assetlist
osmosis,ibc/698350B8A61D575025F3ED13E9AC9C0F45C89DEFE92F76D5838F1D3C1A7FF7C9,Stride Staked TIA,stTIA,stTIA,6,,stride,stutia,native,2024-07-22T16:56:22Z,2024-03-18T22:43:15.451634,false,osmosis-assetlist
osmosis,factory/osmo10n8rv8npx870l69248hnp6djy6pll2yuzzn9x8/BADKID,BADKID,BADKID,BADKID,6,,osmosis,factory/osmo10n8rv8npx870l69248hnp6djy6pll2yuzzn9x8/BADKID,native,2024-07-22T16:56:22Z,2024-03-18T22:43:15.451634,false,osmosis-assetlist
osmosis,ibc/D3B574938631B0A1BA704879020C696E514CFADAA7643CDE4BD5EB010BDE327B,POSTHUMAN,PHMN,phmn,6,posthuman,juno,cw20:juno1rws84uz7969aaa7pej303udhlkt3j9ca0l3egpcae98jwak9quzq8szn2l,native,2024-07-22T16:56:22Z,2024-03-18T22:43:15.451634,false,osmosis-assetlist
osmosis,ibc/8AEEA9B9304392070F72611076C0E328CE3F2DECA1E18557E36F9DB4F09C0156,Osmosis Doge,OSDOGE,osdoge,6,,juno,cw20:juno1ytymtllllsp3hfmndvcp802p2xmy5s8m59ufel8xv9ahyxyfs4hs4kd4je,native,2024-07-22T16:56:22Z,2024-03-18T22:43:15.451634,false,osmosis-assetlist
osmosis,ibc/23AB778D694C1ECFC59B91D8C399C115CC53B0BD1C61020D8E19519F002BDD85,Archway,ARCH,arch,18,archway,archway,aarch,native,2024-07-22T16:56:22Z,2024-03-18T22:43:15.451634,false,osmosis-assetlist
osmosis,ibc/C78F65E1648A3DFE0BAEB6C4CDA69CC2A75437F1793C0E6386DFDA26393790AE,Kava USDX,USDX,USDX,6,usdx,kava,usdx,native,2024-07-22T16:56:22Z,2024-03-18T22:43:15.451634,false,osmosis-assetlist
osmosis,ibc/FFA652599C77E853F017193E36B5AB2D4D9AFC4B54721A74904F80C9236BF3B7,LumenX,LUMEN,lumen,6,,lumenx,ulumen,native,2024-07-22T16:56:22Z,2024-03-18T22:43:15.451634,false,osmosis-assetlist
osmosis,ibc/00B6E60AD3D65CBEF5579AC8AF609527C0B57535B6E32D96C80A735344FD9DCC,JunoSwap,RAW,raw,6,,juno,cw20:juno15u3dt79t6sxxa3x3kpkhzsy56edaa5a66wvt3kxmukqjz2sx0hes5sn38g,native,2024-07-22T16:56:22Z,2024-03-18T22:43:15.451634,false,osmosis-assetlist
osmosis,ibc/92BE0717F4678905E53F4E45B2DED18BC0CB97BF1F8B6A25AFEDF3D5A879B4D5,Inter Stable Token,IST,ist,6,inter-stable-token,agoric,uist,native,2024-07-22T16:56:22Z,2024-03-18T22:43:15.451634,false,osmosis-assetlist
osmosis,ibc/2FFE07C4B4EFC0DDA099A16C6AF3C9CCA653CC56077E87217A585D48794B0BC7,Chihuahuawifhat,BADDOG,achihuahuawifhat,6,,chihuahua,factory/chihuahua1x4q2vkrz4dfgd9hcw0p5m2f2nuv2uqmt9xr8k2/achihuahuawifhat,native,2024-07-22T16:56:22Z,2024-03-18T22:43:15.451634,false,osmosis-assetlist
osmosis,ibc/2B30802A0B03F91E4E16D6175C9B70F2911377C1CAE9E50FF011C821465463F9,f(x)Core,FX,WFX,18,fx-coin,fxcore,FX,native,2024-07-22T16:56:22Z,2024-03-18T22:43:15.451634,false,osmosis-assetlist
osmosis,ibc/BAC9C6998F1F5C316D3353622EAEDAF8BD00FAABEB374FECDF8C9BC475172CFA,Guardian,GRDN,grdn,6,,juno,cw20:juno1xekkh27punj0uxruv3gvuydyt856fax0nu750xns99t2qcxp7xmsqwhfma,native,2024-07-22T16:56:22Z,2024-03-18T22:43:15.451634,false,osmosis-assetlist
osmosis,ibc/8BE73A810E22F80E5E850531A688600D63AE7392E7C2770AE758CAA4FD921B7F,8ball,EBL,ebl,6,,8ball,uebl,native,2024-07-22T16:56:22Z,2024-03-18T22:43:15.451634,false,osmosis-assetlist
osmosis,ibc/5164ECF584AD7DC27DA9E6A89E75DAB0F7C4FCB0A624B69215B8BC6A2C40CD07,Silica,SLCA,silica,6,,juno,cw20:juno10vgf2u03ufcf25tspgn05l7j3tfg0j63ljgpffy98t697m5r5hmqaw95ux,native,2024-07-22T16:56:22Z,2024-03-18T22:43:15.451634,false,osmosis-assetlist
osmosis,ibc/5E2DFDF1734137302129EA1C1BA21A580F96F778D4F021815EA4F6DB378DA1A4,Fantom,FTM,ftm,18,fantom,axelar,wftm-wei,native,2024-07-22T16:56:22Z,2024-03-18T22:43:15.451634,false,osmosis-assetlist
osmosis,ibc/69110FF673D70B39904FF056CFDFD58A90BEC3194303F45C32CB91B8B0A738EA,Haqq Network,ISLM,ISLM,18,islamic-coin,haqq,aISLM,native,2024-07-22T16:56:22Z,2024-03-18T22:43:15.451634,false,osmosis-assetlist
osmosis,ibc/94ED1F172BC633DFC56D7E26551D8B101ADCCC69052AC44FED89F97FF658138F,Sneaky Productions,SNEAKY,sneaky,6,,stargaze,factory/stars1xx5976njvxpl9n4v8huvff6cudhx7yuu8e7rt4/usneaky,native,2024-07-22T16:56:22Z,2024-03-18T22:43:15.451634,false,osmosis-assetlist
osmosis,ibc/BB6BCDB515050BAE97516111873CCD7BCF1FD0CCB723CC12F3C4F704D6C646CE,Kujira,KUJI,kuji,6,kujira,kujira,ukuji,native,2024-07-22T16:56:22Z,2024-03-18T22:43:15.451634,false,osmosis-assetlist
osmosis,ibc/1FBA9E763B8679BEF7BAAAF2D16BCA78C3B297D226C3F31312C769D7B8F992D8,Button,BUTT,butt,6,,secretnetwork,cw20:secret1yxcexylwyxlq58umhgsjgstgcg2a0ytfy4d9lt,native,2024-07-22T16:56:22Z,2024-03-18T22:43:15.451634,false,osmosis-assetlist
osmosis,ibc/4F24D904BAB5FFBD3524F2DE3EC3C7A9E687A2408D9A985E57B356D9FA9201C6,Juno Fox,FOX,fox,6,,juno,cw20:juno1u8cr3hcjvfkzxcaacv9q75uw9hwjmn8pucc93pmy6yvkzz79kh3qncca8x,native,2024-07-22T16:56:22Z,2024-03-18T22:43:15.451634,false,osmosis-assetlist
osmosis,ibc/F49DFB3BC8105C57EE7F17EC2402438825B31212CFDD81681EB87911E934F32C,Nomic,nomic.NOM,nom,6,,nomic,unom,native,2024-07-22T16:56:22Z,2024-03-18T22:43:15.451634,false,osmosis-assetlist
osmosis,ibc/0CD46223FEABD2AEAAAF1F057D01E63BCA79B7D4BD6B68F1EB973A987344695D,O9W,O9W,O9W,6,,odin,mO9W,native,2024-07-22T16:56:22Z,2024-03-18T22:43:15.451634,false,osmosis-assetlist
osmosis,factory/osmo1279xudevmf5cw83vkhglct7jededp86k90k2le/RAPTR,RAPTR,RAPTR,RAPTR,6,,osmosis,factory/osmo1279xudevmf5cw83vkhglct7jededp86k90k2le/RAPTR,native,2024-07-22T16:56:22Z,2024-03-18T22:43:15.451634,false,osmosis-assetlist
osmosis,ibc/71F11BC0AF8E526B80E44172EBA9D3F0A8E03950BB882325435691EBC9450B1D,Sei,SEI,sei,6,sei-network,sei,usei,native,2024-07-22T16:56:22Z,2024-03-18T22:43:15.451634,false,osmosis-assetlist
osmosis,ibc/C97473CD237EBA2F94FDFA6ABA5EC0E22FA140655D73D2A2754F03A347BBA40B,Source Token,SRCX,srcx,9,source-protocol,planq,erc20/0x091F9A57A3F58d758b6572E9d41675918EAC7F09,native,2024-07-22T16:56:22Z,2024-03-18T22:43:15.451634,false,osmosis-assetlist
osmosis,ibc/CEE970BB3D26F4B907097B6B660489F13F3B0DA765B83CC7D9A0BC0CE220FA6F,OmniFlix,FLIX,flix,6,omniflix-network,omniflixhub,uflix,native,2024-07-22T16:56:22Z,2024-03-18T22:43:15.451634,false,osmosis-assetlist
osmosis,ibc/D27DDDF34BB47E5D5A570742CC667DE53277867116CCCA341F27785E899A70F3,Maker,MKR,mkr,18,maker,axelar,mkr-wei,native,2024-07-22T16:56:22Z,2024-03-18T22:43:15.451634,false,osmosis-assetlist
osmosis,ibc/6BDB4C8CCD45033F9604E4B93ED395008A753E01EECD6992E7D1EA23D9D3B788,Racoon,juno.RAC,rac,6,racoon,juno,cw20:juno1r4pzw8f9z0sypct5l9j906d47z998ulwvhvqe5xdwgy8wf84583sxwh0pa,native,2024-07-22T16:56:22Z,2024-03-18T22:43:15.451634,false,osmosis-assetlist
osmosis,ibc/18FB5C09D9D2371F659D4846A956FA56225E377EE3C3652A2BF3542BF809159D,Filecoin,FIL,fil,18,filecoin,axelar,wfil-wei,native,2024-07-22T16:56:22Z,2024-03-18T22:43:15.451634,false,osmosis-assetlist
osmosis,ibc/8242AD24008032E457D2E12D46588FD39FB54FB29680C6C7663D296B383C37C4,Tether USD (Axelar),USDT.axl,usdt,6,axelar-usdt,axelar,uusdt,native,2024-07-22T16:56:22Z,2024-03-18T22:43:15.451634,false,osmosis-assetlist
osmosis,ibc/F83CC6471DA4D4B508F437244F10B9E4C68975344E551A2DEB6B8617AB08F0D4,ApeCoin,APE,ape,18,apecoin,axelar,ape-wei,native,2024-07-22T16:56:22Z,2024-03-18T22:43:15.451634,false,osmosis-assetlist
osmosis,ibc/785AFEC6B3741100D15E7AF01374E3C4C36F24888E96479B1C33F5C71F364EF9,Luna,LUNA,luna,6,terra-luna-2,terra2,uluna,native,2024-07-22T16:56:22Z,2024-03-18T22:43:15.451634,false,osmosis-assetlist
osmosis,ibc/0954E1C28EB7AF5B72D24F3BC2B47BBB2FDF91BDDFD57B74B99E133AED40972A,Secret Network,SCRT,scrt,6,secret,secretnetwork,uscrt,native,2024-07-22T16:56:22Z,2024-03-18T22:43:15.451634,false,osmosis-assetlist
osmosis,ibc/DEE262653B9DE39BCEF0493D47E0DFC4FE62F7F046CF38B9FDEFEBE98D149A71,Neokingdom DAO,NEOK,neok,18,,evmos,erc20/0x655ecB57432CC1370f65e5dc2309588b71b473A9,native,2024-07-22T16:56:22Z,2024-03-18T22:43:15.451634,false,osmosis-assetlist
osmosis,ibc/BF685448E564B5A4AC8F6E0493A0B979D0E0BF5EC11F7E15D25A0A2160C944DD,Newt,NEWT,newt,6,newt,neutron,factory/neutron1p8d89wvxyjcnawmgw72klknr3lg9gwwl6ypxda/newt,native,2024-07-22T16:56:22Z,2024-03-18T22:43:15.451634,false,osmosis-assetlist
osmosis,ibc/18A676A074F73B9B42DA4F9DFC8E5AEF334C9A6636DDEC8D34682F52F1DECDF6,StakeEasy SEASY,SEASY,seasy,6,,juno,cw20:juno19rqljkh95gh40s7qdx40ksx3zq5tm4qsmsrdz9smw668x9zdr3lqtg33mf,native,2024-07-22T16:56:22Z,2024-03-18T22:43:15.451634,false,osmosis-assetlist
osmosis,factory/osmo1pfyxruwvtwk00y8z06dh2lqjdj82ldvy74wzm3/WOSMO,WOSMO,WOSMO,WOSMO,6,,osmosis,factory/osmo1pfyxruwvtwk00y8z06dh2lqjdj82ldvy74wzm3/WOSMO,native,2024-07-22T16:56:22Z,2024-03-18T22:43:15.451634,false,osmosis-assetlist
osmosis,ibc/FA602364BEC305A696CBDF987058E99D8B479F0318E47314C49173E8838C5BAC,Quicksilver Liquid Staked ATOM,qATOM,qatom,6,,quicksilver,uqatom,native,2024-07-22T16:56:22Z,2024-03-18T22:43:15.451634,false,osmosis-assetlist
osmosis,ibc/98BCD43F190C6960D0005BC46BB765C827403A361C9C03C2FF694150A30284B0,Lion DAO,ROAR,roar,6,lion-dao,terra2,cw20:terra1lxx40s29qvkrcj8fsa3yzyehy7w50umdvvnls2r830rys6lu2zns63eelv,native,2024-07-22T16:56:22Z,2024-03-18T22:43:15.451634,false,osmosis-assetlist
osmosis,ibc/4017C65CEA338196ECCEC3FE3FE8258F23D1DE88F1D95750CC912C7A1C1016FF,Nibiru,NIBI,nibi,6,nibiru,nibiru,unibi,native,2024-07-22T16:56:22Z,2024-03-18T22:43:15.451634,false,osmosis-assetlist
osmosis,ibc/71066B030D8FC6479E638580E1BA9C44925E8C1F6E45036669D22017CFDC8C5E,Sikoba Token,SKOJ,sikoba,6,,juno,cw20:juno1qqwf3lkfjhp77yja7gmg3y95pda0e5xctqrdhf3wvwdd79flagvqfgrgxp,native,2024-07-22T16:56:22Z,2024-03-18T22:43:15.451634,false,osmosis-assetlist
osmosis,ibc/B9E0A1A524E98BB407D3CED8720EFEFD186002F90C1B1B7964811DD0CCC12228,Chihuahua,HUAHUA,huahua,6,chihuahua-token,chihuahua,uhuahua,native,2024-07-22T16:56:22Z,2024-03-18T22:43:15.451634,false,osmosis-assetlist
osmosis,factory/osmo1s3l0lcqc7tu0vpj6wdjz9wqpxv8nk6eraevje4fuwkyjnwuy82qsx3lduv/boneOsmo,BackBone Labs Liquid Staked OSMO,bOSMO,bOSMO,6,,osmosis,factory/osmo1s3l0lcqc7tu0vpj6wdjz9wqpxv8nk6eraevje4fuwkyjnwuy82qsx3lduv/boneOsmo,native,2024-07-22T16:56:22Z,2024-03-18T22:43:15.451634,false,osmosis-assetlist
osmosis,ibc/23CA6C8D1AB2145DD13EB1E089A2E3F960DC298B468CCE034E19E5A78B61136E,CMST,CMST,cmst,6,composite,comdex,ucmst,native,2024-07-22T16:56:22Z,2024-03-18T22:43:15.451634,false,osmosis-assetlist
osmosis,ibc/CAA179E40F0266B0B29FB5EAA288FB9212E628822265D4141EBD1C47C3CBFCBC,PSTAKE staked ATOM,stkATOM,stkatom,6,stkatom,persistence,stk/uatom,native,2024-07-22T16:56:22Z,2024-03-18T22:43:15.451634,false,osmosis-assetlist
osmosis,ibc/7FA7EC64490E3BDE5A1A28CBE73CC0AD22522794957BC891C46321E3A6074DB9,Frienzies,FRNZ,frienzies,6,,noble,ufrienzies,native,2024-07-22T16:56:22Z,2024-03-18T22:43:15.451634,false,osmosis-assetlist
osmosis,ibc/980E82A9F8E7CA8CD480F4577E73682A6D3855A267D1831485D7EBEF0E7A6C2C,Stride Staked DYDX,stDYDX,stDYDX,18,,stride,stadydx,native,2024-07-22T16:56:22Z,2024-03-18T22:43:15.451634,false,osmosis-assetlist
osmosis,ibc/73BB20AF857D1FE6E061D01CA13870872AD0C979497CAF71BEA25B1CBF6879F1,Apollo DAO,APOLLO,apollo,6,,neutron,factory/neutron154gg0wtm2v4h9ur8xg32ep64e8ef0g5twlsgvfeajqwghdryvyqsqhgk8e/APOLLO,native,2024-07-22T16:56:22Z,2024-03-18T22:43:15.451634,false,osmosis-assetlist
osmosis,ibc/447A0DCE83691056289503DDAB8EB08E52E167A73629F2ACC59F056B92F51CE8,ShibaCosmos,SHIBAC,shibac,6,,juno,cw20:juno1x5qt47rw84c4k6xvvywtrd40p8gxjt8wnmlahlqg07qevah3f8lqwxfs7z,native,2024-07-22T16:56:22Z,2024-03-18T22:43:15.451634,false,osmosis-assetlist
osmosis,ibc/27394FB092D2ECCD56123C74F36E4C1F926001CEADA9CA97EA622B25F41E5EB2,Cosmos Hub,ATOM,atom,6,cosmos,cosmoshub,uatom,native,2024-07-22T16:56:22Z,2024-03-18T22:43:15.451634,false,osmosis-assetlist
osmosis,ibc/0E4FA664327BD40B32803EE84A77F145834C0281B7F82B65521333B3669FA0BA,Celestims,CLST,clst,6,,juno,cw20:juno1ngww7zxak55fql42wmyqrr4rhzpne24hhs4p3w4cwhcdgqgr3hxsmzl9zg,native,2024-07-22T16:56:22Z,2024-03-18T22:43:15.451634,false,osmosis-assetlist
osmosis,ibc/6B2B19D874851F631FF0AF82C38A20D4B82F438C7A22F41EDA33568345397244,Polkadot,DOT,dot,10,polkadot,composablepolkadot,79228162514264337593543950342,native,2024-07-22T16:56:22Z,2024-03-18T22:43:15.451634,false,osmosis-assetlist
osmosis,ibc/64D56DF9EC69BE554F49EBCE0199611062FF1137EF105E2F645C1997344F3834,SHARK,SHARK,SHARK,6,,migaloo,factory/migaloo1eqntnl6tzcj9h86psg4y4h6hh05g2h9nj8e09l/shark,native,2024-07-22T16:56:22Z,2024-03-18T22:43:15.451634,false,osmosis-assetlist
osmosis,ibc/4BDADBEDA31899036AB286E9901116496A9D85FB87B35A408C9D67C0DCAC660A,Signal,SGNL,sgnl,6,,juno,cw20:juno14lycavan8gvpjn97aapzvwmsj8kyrvf644p05r0hu79namyj3ens87650k,native,2024-07-22T16:56:22Z,2024-03-18T22:43:15.451634,false,osmosis-assetlist
osmosis,ibc/6F18EFEBF1688AA77F7EAC17065609494DC1BA12AFC78E9AEC832AF70A11BEF3,Lion Cub DAO,CUB,cub,6,,terra2,cw20:terra1lalvk0r6nhruel7fvzdppk3tup3mh5j4d4eadrqzfhle4zrf52as58hh9t,native,2024-07-22T16:56:22Z,2024-03-18T22:43:15.451634,false,osmosis-assetlist
osmosis,ibc/06EF575844982382F4D1BC3830D294557A30EDB3CD223153AFC8DFEF06349C56,sayve,SAYVE,sayve,6,,terra2,cw20:terra1xp9hrhthzddnl7j5du83gqqr4wmdjm5t0guzg9jp6jwrtpukwfjsjgy4f3,native,2024-07-22T16:56:22Z,2024-03-18T22:43:15.451634,false,osmosis-assetlist
osmosis,ibc/9989AD6CCA39D1131523DB0617B50F6442081162294B4795E26746292467B525,LikeCoin,LIKE,like,9,likecoin,likecoin,nanolike,native,2024-07-22T16:56:22Z,2024-03-18T22:43:15.451634,false,osmosis-assetlist
osmosis,ibc/DA961FE314B009C38595FFE3AF41225D8894D663B8C3F6650DCB5B6F8435592E,BLUE CUB DAO,BLUE,blue,6,,terra2,cw20:terra1gwrz9xzhqsygyr5asrgyq3pu0ewpn00mv2zenu86yvx2nlwpe8lqppv584,native,2024-07-22T16:56:22Z,2024-03-18T22:43:15.451634,false,osmosis-assetlist
osmosis,ibc/23A62409E4AD8133116C249B1FA38EED30E500A115D7B153109462CD82C1CD99,Page,PAGE,page,8,page,gravitybridge,gravity0x60e683C6514Edd5F758A55b6f393BeBBAfaA8d5e,native,2024-07-22T16:56:22Z,2024-03-18T22:43:15.451634,false,osmosis-assetlist
osmosis,ibc/9712DBB13B9631EDFA9BF61B55F1B2D290B2ADB67E3A4EB3A875F3B6081B3B84,Sentinel,DVPN,dvpn,6,sentinel,sentinel,udvpn,native,2024-07-22T16:56:22Z,2024-03-18T22:43:15.451634,false,osmosis-assetlist
osmosis,ibc/9BCB27203424535B6230D594553F1659C77EC173E36D9CF4759E7186EE747E84,Decentr,DEC,dec,6,decentr,decentr,udec,native,2024-07-22T16:56:22Z,2024-03-18T22:43:15.451634,false,osmosis-assetlist
osmosis,ibc/C140AFD542AE77BD7DCC83F13FDD8C5E5BB8C4929785E6EC2F4C636F98F17901,Stride Staked ATOM,stATOM,statom,6,stride-staked-atom,stride,stuatom,native,2024-07-22T16:56:22Z,2024-03-18T22:43:15.451634,false,osmosis-assetlist
osmosis,ibc/3DC08BDF2689978DBCEE28C7ADC2932AA658B2F64B372760FBC5A0058669AD29,LIGHT,LIGHT,light,9,,juno,cw20:juno1dpany8c0lj526lsa02sldv7shzvnw5dt5ues72rk35hd69rrydxqeraz8l,native,2024-07-22T16:56:22Z,2024-03-18T22:43:15.451634,false,osmosis-assetlist
osmosis,ibc/E7905742CE2EA4EA5D592527DC89220C59B617DE803939FE7293805A64B484D7,Source,SOURCE,source,6,source,source,usource,native,2024-07-22T16:56:22Z,2024-03-18T22:43:15.451634,false,osmosis-assetlist
osmosis,ibc/AD185F62399F770CCCE8A36A180A77879FF6C26A0398BD3D2A74E087B0BFA121,LVN,kichain.LVN,lvn,6,lvn,kichain,cw20:ki1dt3lk455ed360pna38fkhqn0p8y44qndsr77qu73ghyaz2zv4whq83mwdy,native,2024-07-22T16:56:22Z,2024-03-18T22:43:15.451634,false,osmosis-assetlist
osmosis,ibc/04BE4E9C825ED781F9684A1226114BB49607500CAD855F1E3FEEC18532297250,Doge Apr,DOGA,doga,6,,juno,cw20:juno1k2ruzzvvwwtwny6gq6kcwyfhkzahaunp685wmz4hafplduekj98q9hgs6d,native,2024-07-22T16:56:22Z,2024-03-18T22:43:15.451634,false,osmosis-assetlist
osmosis,ibc/2108F2D81CBE328F371AD0CEF56691B18A86E08C3651504E42487D9EE92DDE9C,Tether USD (Wormhole),USDT.wh,wormhole/8iuAc6DSeLvi2JDUtwJxLytsZT8R19itXebZsNReLLNi/6,6,,gateway,factory/wormhole14ejqjyq8um4p3xfqj74yld5waqljf88fz25yxnma0cngspxe3les00fpjx/8iuAc6DSeLvi2JDUtwJxLytsZT8R19itXebZsNReLLNi,native,2024-07-22T16:56:22Z,2024-03-18T22:43:15.451634,false,osmosis-assetlist
osmosis,ibc/126DA09104B71B164883842B769C0E9EC1486C0887D27A9999E395C2C8FB5682,Neutron,NTRN,ntrn,6,neutron-3,neutron,untrn,native,2024-07-22T16:56:22Z,2024-03-18T22:43:15.451634,false,osmosis-assetlist
osmosis,ibc/178248C262DE2E141EE6287EE7AB0854F05F25B0A3F40C4B912FA1C7E51F466E,Scorum,SCR,scr,9,scorum,scorum,nscr,native,2024-07-22T16:56:22Z,2024-03-18T22:43:15.451634,false,osmosis-assetlist
osmosis,ibc/95C9B5870F95E21A242E6AF9ADCB1F212EE4A8855087226C36FBE43FC41A77B8,XPLA,XPLA,xpla,18,xpla,xpla,axpla,native,2024-07-22T16:56:22Z,2024-03-18T22:43:15.451634,false,osmosis-assetlist
osmosis,ibc/0835781EF3F3ADD053874323AB660C75B50B18B16733CAB783CA6BBD78244EDF,Pylons,ROCK,rock,6,,pylons,ubedrock,native,2024-07-22T16:56:22Z,2024-03-18T22:43:15.451634,false,osmosis-assetlist
osmosis,ibc/4E5444C35610CC76FC94E7F7886B93121175C28262DDFDDE6F84E82BF2425452,BitSong,BTSG,btsg,6,bitsong,bitsong,ubtsg,native,2024-07-22T16:56:22Z,2024-03-18T22:43:15.451634,false,osmosis-assetlist
osmosis,ibc/498A0751C798A0D9A389AA3691123DADA57DAA4FE165D5C75894505B876BA6E4,USDC,USDC,usdc,6,usd-coin,noble,uusdc,native,2024-07-22T16:56:22Z,2024-03-18T22:43:15.451634,false,osmosis-assetlist
osmosis,ibc/7ABF696369EFB3387DF22B6A24204459FE5EFD010220E8E5618DC49DB877047B,Adam Clay FanToken,CLAY,clay,6,,bitsong,ft2D8E7041556CE93E1EFD66C07C45D551A6AAAE09,native,2024-07-22T16:56:22Z,2024-03-18T22:43:15.451634,false,osmosis-assetlist
osmosis,ibc/7C4D60AA95E5A7558B0A364860979CA34B7FF8AAF255B87AF9E879374470CEC0,IRISnet,IRIS,iris,6,iris-network,irisnet,uiris,native,2024-07-22T16:56:22Z,2024-03-18T22:43:15.451634,false,osmosis-assetlist
osmosis,factory/osmo1g8qypve6l95xmhgc0fddaecerffymsl7kn9muw/sqbtc,BTC Squared,sqBTC,sqbtc,6,,osmosis,factory/osmo1g8qypve6l95xmhgc0fddaecerffymsl7kn9muw/sqbtc,native,2024-07-22T16:56:22Z,2024-03-18T22:43:15.451634,false,osmosis-assetlist
osmosis,ibc/1EB03F13F29FEA73444586FC4E88A8C14ACE9291501E9658E3BEF951EA4AC85D,Apemos,APEMOS,apemos,6,,juno,cw20:juno1jrr0tuuzxrrwcg6hgeqhw5wqpck2y55734e7zcrp745aardlp0qqg8jz06,native,2024-07-22T16:56:22Z,2024-03-18T22:43:15.451634,false,osmosis-assetlist
osmosis,ibc/912275A63A565BFD80734AEDFFB540132C51E446EAC41483B26EDE8A557C71CF,Mille,MILE,mile,6,,juno,cw20:juno1llg7q2d5dqlrqzh5dxv8c7kzzjszld34s5vktqmlmaaxqjssz43sxyhq0d,native,2024-07-22T16:56:22Z,2024-03-18T22:43:15.451634,false,osmosis-assetlist
osmosis,ibc/B1C287C2701774522570010EEBCD864BCB7AB714711B3AA218699FDD75E832F5,Sui,SUI,wormhole/46YEtoSN1AcwgGSRoWruoS6bnVh8XpMp5aQTpKohCJYh/8,8,sui,gateway,factory/wormhole14ejqjyq8um4p3xfqj74yld5waqljf88fz25yxnma0cngspxe3les00fpjx/46YEtoSN1AcwgGSRoWruoS6bnVh8XpMp5aQTpKohCJYh,native,2024-07-22T16:56:22Z,2024-03-18T22:43:15.451634,false,osmosis-assetlist
osmosis,ibc/1E09CB0F506ACF12FDE4683FB6B34DA62FB4BE122641E0D93AAF98A87675676C,Tgrade,TGD,tgd,6,tgrade,tgrade,utgd,native,2024-07-22T16:56:22Z,2024-03-18T22:43:15.451634,false,osmosis-assetlist
osmosis,ibc/A8CA5EE328FA10C9519DF6057DA1F69682D28F7D0F5CCC7ECB72E3DCA2D157A4,Stride,STRD,strd,6,stride,stride,ustrd,native,2024-07-22T16:56:22Z,2024-03-18T22:43:15.451634,false,osmosis-assetlist
osmosis,ibc/81F578C39006EB4B27FFFA9460954527910D73390991B379C03B18934D272F46,Staked Frax Ether,sfrxETH,sfrxeth,18,staked-frax-ether,axelar,sfrxeth-wei,native,2024-07-22T16:56:22Z,2024-03-18T22:43:15.451634,false,osmosis-assetlist
osmosis,ibc/384E5DD50BDE042E1AAF51F312B55F08F95BC985C503880189258B4D9374CBBE,Aave,AAVE,aave,18,aave,axelar,aave-wei,native,2024-07-22T16:56:22Z,2024-03-18T22:43:15.451634,false,osmosis-assetlist
osmosis,ibc/8A34AF0C1943FD0DFCDE9ADBF0B2C9959C45E87E6088EA2FC6ADACD59261B8A2,Lum Network,LUM,lum,6,lum-network,lumnetwork,ulum,native,2024-07-22T16:56:22Z,2024-03-18T22:43:15.451634,false,osmosis-assetlist
osmosis,ibc/5A0060579D24FBE5268BEA74C3281E7FE533D361C41A99307B4998FEC611E46B,Stride Staked SOMM,stSOMM,stsomm,6,stride-staked-sommelier,stride,stusomm,native,2024-07-22T16:56:22Z,2024-03-18T22:43:15.451634,false,osmosis-assetlist
osmosis,ibc/F16FDC11A7662B86BC0B9CE61871CBACF7C20606F95E86260FD38915184B75B4,GenesisL1,L1,l1,18,,genesisl1,el1,native,2024-07-22T16:56:22Z,2024-03-18T22:43:15.451634,false,osmosis-assetlist
osmosis,ibc/D3A1900B2B520E45608B5671ADA461E1109628E89B4289099557C6D3996F7DAA,Bostrom Volt,V,volt,3,,bostrom,millivolt,native,2024-07-22T16:56:22Z,2024-03-18T22:43:15.451634,false,osmosis-assetlist
osmosis,ibc/D3ADAF73F84CDF205BCB72C142FDAEEA2C612AB853CEE6D6C06F184FA38B1099,Hopers,HOPERS,hopers,6,,juno,cw20:juno1u45shlp0q4gcckvsj06ss4xuvsu0z24a0d0vr9ce6r24pht4e5xq7q995n,native,2024-07-22T16:56:22Z,2024-03-18T22:43:15.451634,false,osmosis-assetlist
osmosis,ibc/0EF15DF2F02480ADE0BB6E85D9EBB5DAEA2836D3860E9F97F9AADE4F57A31AA0,Luna Classic,LUNC,luna,6,terra-luna,terra,uluna,native,2024-07-22T16:56:22Z,2024-03-18T22:43:15.451634,false,osmosis-assetlist
osmosis,ibc/EA4C0A9F72E2CEDF10D0E7A9A6A22954DB3444910DB5BE980DF59B05A46DAD1C,Desmos,DSM,dsm,6,desmos,desmos,udsm,native,2024-07-22T16:56:22Z,2024-03-18T22:43:15.451634,false,osmosis-assetlist
osmosis,ibc/FE2CD1E6828EC0FAB8AF39BAC45BC25B965BA67CCBC50C13A14BD610B0D1E2C4,bostrom,BOOT,ibc/FE2CD1E6828EC0FAB8AF39BAC45BC25B965BA67CCBC50C13A14BD610B0D1E2C4,0,bostrom,bostrom,boot,native,2024-07-22T16:56:22Z,2024-03-18T22:43:15.451634,false,osmosis-assetlist
osmosis,factory/osmo1g8qypve6l95xmhgc0fddaecerffymsl7kn9muw/sqtia,TIA Squared,sqTIA,sqtia,6,,osmosis,factory/osmo1g8qypve6l95xmhgc0fddaecerffymsl7kn9muw/sqtia,native,2024-07-22T16:56:22Z,2024-03-18T22:43:15.451634,false,osmosis-assetlist
osmosis,ibc/41999DF04D9441DAC0DF5D8291DF4333FBCBA810FFD63FDCE34FDF41EF37B6F7,Cerberus,CRBRUS,crbrus,6,cerberus-2,cerberus,ucrbrus,native,2024-07-22T16:56:22Z,2024-03-18T22:43:15.451634,false,osmosis-assetlist
osmosis,ibc/204A582244FC241613DBB50B04D1D454116C58C4AF7866C186AA0D6EEAD42780,TerraClassicKRW,KRTC,krt,6,,terra,ukrw,native,2024-07-22T16:56:22Z,2024-03-18T22:43:15.451634,false,osmosis-assetlist
osmosis,ibc/42A9553A7770F3D7B62F3A82AF04E7719B4FD6EAF31BE5645092AAC4A6C2201D,GUPPY,GUPPY,GUPPY,6,,migaloo,factory/migaloo1etlu2h30tjvv8rfa4fwdc43c92f6ul5w9acxzk/uguppy,native,2024-07-22T16:56:22Z,2024-03-18T22:43:15.451634,false,osmosis-assetlist
osmosis,ibc/C822645522FC3EECF817609AA38C24B64D04F5C267A23BCCF8F2E3BC5755FA88,BeeZee,BZE,bze,6,bzedge,beezee,ubze,native,2024-07-22T16:56:22Z,2024-03-18T22:43:15.451634,false,osmosis-assetlist
osmosis,ibc/D0E5BF2940FB58D9B283A339032DE88111407AAD7D94A7F1F3EB78874F8616D4,SCRT Staking Derivatives,stkd-SCRT,stkd-scrt,6,stkd-scrt,secretnetwork,cw20:secret1k6u0cy4feepm6pehnz804zmwakuwdapm69tuc4,native,2024-07-22T16:56:22Z,2024-03-18T22:43:15.451634,false,osmosis-assetlist
osmosis,ibc/D189335C6E4A68B513C10AB227BF1C1D38C746766278BA3EEB4FB14124F1D858,USD Coin (Axelar),USDC.axl,usdc,6,axlusdc,axelar,uusdc,native,2024-07-22T16:56:22Z,2024-03-18T22:43:15.451634,false,osmosis-assetlist
osmosis,factory/osmo1nr8zfakf6jauye3uqa9lrmr5xumee5n42lv92z/toro,TORO,TORO,toro,6,,osmosis,factory/osmo1nr8zfakf6jauye3uqa9lrmr5xumee5n42lv92z/toro,native,2024-07-22T16:56:22Z,2024-03-18T22:43:15.451634,false,osmosis-assetlist
osmosis,ibc/F08DE332018E8070CC4C68FE06E04E254F527556A614F5F8F9A68AF38D367E45,Solana USD Coin (Wormhole),solana.USDC.wh,wormhole/HJk1XMDRNUbRrpKkNZYui7SwWDMjXZAsySzqgyNcQoU3/6,6,,gateway,factory/wormhole14ejqjyq8um4p3xfqj74yld5waqljf88fz25yxnma0cngspxe3les00fpjx/HJk1XMDRNUbRrpKkNZYui7SwWDMjXZAsySzqgyNcQoU3,native,2024-07-22T16:56:22Z,2024-03-18T22:43:15.451634,false,osmosis-assetlist
osmosis,ibc/F4A070A6D78496D53127EA85C094A9EC87DFC1F36071B8CCDDBD020F933D213D,Binance Coin,BNB,wbnb,18,binancecoin,axelar,wbnb-wei,native,2024-07-22T16:56:22Z,2024-03-18T22:43:15.451634,false,osmosis-assetlist
osmosis,ibc/47CAF2DB8C016FAC960F33BC492FD8E454593B65CC59D70FA9D9F30424F9C32F,Canto,CANTO,canto,18,canto,canto,acanto,native,2024-07-22T16:56:22Z,2024-03-18T22:43:15.451634,false,osmosis-assetlist
osmosis,ibc/F292A17CF920E3462C816CBE6B042E779F676CAB59096904C4C1C966413E3DF5,DAI Stablecoin (Gravity Bridge),DAI.grv,gdai,18,,gravitybridge,gravity0x6B175474E89094C44Da98b954EedeAC495271d0F,native,2024-07-22T16:56:22Z,2024-03-18T22:43:15.451634,false,osmosis-assetlist
osmosis,ibc/E610B83FD5544E00A8A1967A2EB3BEF25F1A8CFE8650FE247A8BD4ECA9DC9222,Rocket Pool Ether,rETH,reth,18,rocket-pool-eth,axelar,reth-wei,native,2024-07-22T16:56:22Z,2024-03-18T22:43:15.451634,false,osmosis-assetlist
osmosis,ibc/10E5E5B06D78FFBB61FD9F89209DEE5FD4446ED0550CBB8E3747DA79E10D9DC6,Arbitrum,ARB,arb,18,arbitrum,axelar,arb-wei,native,2024-07-22T16:56:22Z,2024-03-18T22:43:15.451634,false,osmosis-assetlist
osmosis,ibc/6329DD8CF31A334DD5BE3F68C846C9FE313281362B37686A62343BAC1EB1546D,Binance USD,BUSD,busd,18,binance-usd,axelar,busd-wei,native,2024-07-22T16:56:22Z,2024-03-18T22:43:15.451634,false,osmosis-assetlist
osmosis,ibc/46D8D1A6E2A80ECCB7CA6663086A2E749C508B68DA56A077CD26E6F4F9691EEE,Pundi X Token,PUNDIX,PUNDIX,18,pundi-x-2,fxcore,eth0x0FD10b9899882a6f2fcb5c371E17e70FdEe00C38,native,2024-07-22T16:56:22Z,2024-03-18T22:43:15.451634,false,osmosis-assetlist
osmosis,ibc/C12C353A83CD1005FC38943410B894DBEC5F2ABC97FC12908F0FB03B970E8E1B,DOKI,DOKI,doki,6,doki,odin,udoki,native,2024-07-22T16:56:22Z,2024-03-18T22:43:15.451634,false,osmosis-assetlist
osmosis,ibc/E6931F78057F7CC5DA0FD6CEF82FF39373A6E0452BF1FD76910B93292CF356C1,Cronos POS Chain,CRO,cro,8,crypto-com-chain,cryptoorgchain,basecro,native,2024-07-22T16:56:22Z,2024-03-18T22:43:15.451634,false,osmosis-assetlist
osmosis,ibc/67795E528DF67C5606FC20F824EA39A6EF55BA133F4DC79C90A8C47A0901E17C,UX Chain,UMEE,umee,6,umee,umee,uumee,native,2024-07-22T16:56:22Z,2024-03-18T22:43:15.451634,false,osmosis-assetlist
osmosis,ibc/A6383B6CF5EA23E067666C06BC34E2A96869927BD9744DC0C1643E589C710AA3,Alter,ALTER,alter,6,alter,secretnetwork,cw20:secret12rcvz0umvk875kd6a803txhtlu7y0pnd73kcej,native,2024-07-22T16:56:22Z,2024-03-18T22:43:15.451634,false,osmosis-assetlist
osmosis,ibc/A0CC0CF735BFB30E730C70019D4218A1244FF383503FF7579C9201AB93CA9293,Persistence,XPRT,xprt,6,persistence,persistence,uxprt,native,2024-07-22T16:56:22Z,2024-03-18T22:43:15.451634,false,osmosis-assetlist
osmosis,ibc/020F5162B7BC40656FC5432622647091F00D53E82EE8D21757B43D3282F25424,Bostrom Ampere,A,ampere,3,,bostrom,milliampere,native,2024-07-22T16:56:22Z,2024-03-18T22:43:15.451634,false,osmosis-assetlist
osmosis,ibc/1B708808D372E959CD4839C594960309283424C775F4A038AAEBE7F83A988477,Quasar,QSR,qsr,6,quasar-2,quasar,uqsr,native,2024-07-22T16:56:22Z,2024-03-18T22:43:15.451634,false,osmosis-assetlist
osmosis,factory/osmo1g8qypve6l95xmhgc0fddaecerffymsl7kn9muw/sqatom,ATOM Squared,sqATOM,sqatom,6,,osmosis,factory/osmo1g8qypve6l95xmhgc0fddaecerffymsl7kn9muw/sqatom,native,2024-07-22T16:56:22Z,2024-03-18T22:43:15.451634,false,osmosis-assetlist
osmosis,ibc/EB7FB9C8B425F289B63703413327C2051030E848CE4EAAEA2E51199D6D39D3EC,Teritori,TORI,tori,6,teritori,teritori,utori,native,2024-07-22T16:56:22Z,2024-03-18T22:43:15.451634,false,osmosis-assetlist
osmosis,ibc/831F0B1BBB1D08A2B75311892876D71565478C532967545476DF4C2D7492E48C,dYdX Protocol,DYDX,dydx,18,dydx-chain,dydx,adydx,native,2024-07-22T16:56:22Z,2024-03-18T22:43:15.451634,false,osmosis-assetlist
osmosis,ibc/9B6FBABA36BB4A3BF127AE5E96B572A5197FD9F3111D895D8919B07BC290764A,GEO,GEO,geo,6,,odin,mGeo,native,2024-07-22T16:56:22Z,2024-03-18T22:43:15.451634,false,osmosis-assetlist
osmosis,ibc/63A7CA0B6838AD8CAD6B5103998FF9B9B6A6F06FBB9638BFF51E63E0142339F3,Ripple (Coreum),XRP.core,xrp,6,,coreum,drop-core1zhs909jp9yktml6qqx9f0ptcq2xnhhj99cja03j3lfcsp2pgm86studdrz,native,2024-07-22T16:56:22Z,2024-03-18T22:43:15.451634,false,osmosis-assetlist
osmosis,factory/osmo1vdvnznwg597qngrq9mnfcfk0am9jdc9y446jewhcqdreqz4r75xq5j5zvy/ymos,Yieldmos Coin,YMOS,ymos,6,,osmosis,factory/osmo1vdvnznwg597qngrq9mnfcfk0am9jdc9y446jewhcqdreqz4r75xq5j5zvy/ymos,native,2024-07-22T16:56:22Z,2024-03-18T22:43:15.451634,false,osmosis-assetlist
osmosis,ibc/F17C9CA112815613C5B6771047A093054F837C3020CBA59DFFD9D780A8B2984C,USD Coin (Avalanche),avalanche.USDC.axl,avalanche-usdc,6,,axelar,avalanche-uusdc,native,2024-07-22T16:56:22Z,2024-03-18T22:43:15.451634,false,osmosis-assetlist
osmosis,ibc/2DA9C149E9AD2BD27FEFA635458FB37093C256C1A940392634A16BEA45262604,Agoric,BLD,bld,6,agoric,agoric,ubld,native,2024-07-22T16:56:22Z,2024-03-18T22:43:15.451634,false,osmosis-assetlist
osmosis,factory/osmo1xqw2sl9zk8a6pch0csaw78n4swg5ws8t62wc5qta4gnjxfqg6v2qcs243k/stuibcx,Staked IBCX,stIBCX,stibcx,6,,osmosis,factory/osmo1xqw2sl9zk8a6pch0csaw78n4swg5ws8t62wc5qta4gnjxfqg6v2qcs243k/stuibcx,native,2024-07-22T16:56:22Z,2024-03-18T22:43:15.451634,false,osmosis-assetlist
osmosis,ibc/5D270A584B1078FBE07D14570ED5E88EC1FEDA8518B76C322606291E6FD8286F,Arable USD,arUSD,arusd,18,arable-usd,acrechain,erc20/0x2Cbea61fdfDFA520Ee99700F104D5b75ADf50B0c,native,2024-07-22T16:56:22Z,2024-03-18T22:43:15.451634,false,osmosis-assetlist
osmosis,ibc/01D2F0C4739C871BFBEE7E786709E6904A55559DC1483DD92ED392EF12247862,StaFi Hub,FIS,fis,6,stafi,stafihub,ufis,native,2024-07-22T16:56:22Z,2024-03-18T22:43:15.451634,false,osmosis-assetlist
osmosis,ibc/1E26DB0E5122AED464D98462BD384FCCB595732A66B3970AE6CE0B58BAE0FC49,Moonbeam,GLMR,wglmr,18,moonbeam,axelar,wglmr-wei,native,2024-07-22T16:56:22Z,2024-03-18T22:43:15.451634,false,osmosis-assetlist
osmosis,ibc/EA1D43981D5C9A1C4AAEA9C23BB1D4FA126BA9BC7020A25E0AE4AA841EA25DC5,Ether,ETH,weth,18,ethereum,axelar,weth-wei,native,2024-07-22T16:56:22Z,2024-03-18T22:43:15.451634,false,osmosis-assetlist
osmosis,ibc/208B2F137CDE510B44C41947C045CFDC27F996A9D990EA64460BDD5B3DBEB2ED,Passage,PASG,pasg,6,passage,passage,upasg,native,2024-07-22T16:56:22Z,2024-03-18T22:43:15.451634,false,osmosis-assetlist
osmosis,ibc/A4D176906C1646949574B48C1928D475F2DF56DE0AC04E1C99B08F90BC21ABDE,Aptos Coin,APT,wormhole/5wS2fGojbL9RhGEAeQBdkHPUAciYDxjDTMYvdf9aDn2r/8,8,aptos,gateway,factory/wormhole14ejqjyq8um4p3xfqj74yld5waqljf88fz25yxnma0cngspxe3les00fpjx/5wS2fGojbL9RhGEAeQBdkHPUAciYDxjDTMYvdf9aDn2r,native,2024-07-22T16:56:22Z,2024-03-18T22:43:15.451634,false,osmosis-assetlist
osmosis,ibc/AA1C80225BCA7B32ED1FC6ABF8B8E899BEB48ECDB4B417FD69873C6D715F97E7,Another.Software Validator Token,ASVT,asvt,6,,juno,cw20:juno17wzaxtfdw5em7lc94yed4ylgjme63eh73lm3lutp2rhcxttyvpwsypjm4w,native,2024-07-22T16:56:22Z,2024-03-18T22:43:15.451634,false,osmosis-assetlist
osmosis,ibc/EDD6F0D66BCD49C1084FB2C35353B4ACD7B9191117CE63671B61320548F7C89D,Migaloo,WHALE,whale,6,white-whale,migaloo,uwhale,native,2024-07-22T16:56:22Z,2024-03-18T22:43:15.451634,false,osmosis-assetlist
osmosis,ibc/B1E0166EA0D759FDF4B207D1F5F12210D8BFE36F2345CEFC76948CE2B36DFBAF,Planq,PLQ,planq,18,planq,planq,aplanq,native,2024-07-22T16:56:22Z,2024-03-18T22:43:15.451634,false,osmosis-assetlist
osmosis,ibc/D805F1DA50D31B96E4282C1D4181EDDFB1A44A598BFF5666F4B43E4B8BEA95A5,BitCanna,BCNA,bcna,6,bitcanna,bitcanna,ubcna,native,2024-07-22T16:56:22Z,2024-03-18T22:43:15.451634,false,osmosis-assetlist
osmosis,ibc/BB0AFE2AFBD6E883690DAE4B9168EAC2B306BCC9C9292DACBB4152BBB08DB25F,AIOZ Network,AIOZ,aioz,18,aioz-network,aioz,attoaioz,native,2024-07-22T16:56:22Z,2024-03-18T22:43:15.451634,false,osmosis-assetlist
osmosis,factory/osmo10hp462rtftac2t33zg40ytnwge3syq7hcjc7g7tvk26e7rfsj0gq7px3cq/bar,Barter,BAR,BAR,6,,osmosis,factory/osmo10hp462rtftac2t33zg40ytnwge3syq7hcjc7g7tvk26e7rfsj0gq7px3cq/bar,native,2024-07-23T14:47:57.653Z,2024-03-18T22:43:15.451634,false,chain-metadata
osmosis,factory/osmo10zz4f6r8eadk7qeanqzuudlj609hd80dhm34fm4cdv6mj5jcrtmq2pas46/dymusdc1450clvaulta,factory/osmo10zz4f6r8eadk7qeanqzuudlj609hd80dhm34fm4cdv6mj5jcrtmq2pas46/dymusdc1450clvaulta,factory/osmo10zz4f6r8eadk7qeanqzuudlj609hd80dhm34fm4cdv6mj5jcrtmq2pas46/dymusdc1450clvaulta,factory/osmo10zz4f6r8eadk7qeanqzuudlj609hd80dhm34fm4cdv6mj5jcrtmq2pas46/dymusdc1450clvaulta,0,,osmosis,factory/osmo10zz4f6r8eadk7qeanqzuudlj609hd80dhm34fm4cdv6mj5jcrtmq2pas46/dymusdc1450clvaulta,native,2024-07-23T14:47:57.653Z,2024-03-18T22:43:15.451634,false,chain-metadata
osmosis,factory/osmo10c8y69yylnlwrhu32ralf08ekladhfknfqrjsy9yqc9ml8mlxpqq2sttzk/transmuter/poolshare,,,,0,,osmosis,factory/osmo10c8y69yylnlwrhu32ralf08ekladhfknfqrjsy9yqc9ml8mlxpqq2sttzk/transmuter/poolshare,native,2024-07-23T14:47:57.653Z,2024-03-18T22:43:15.451634,false,chain-metadata
osmosis,factory/osmo10u2xf9ck06kx6fh4dwkhp0hc9ejyf5h4j8tds6e466ar7r8y4t3qplzxxl/osmoatom1135clvaultm,,,,0,,osmosis,factory/osmo10u2xf9ck06kx6fh4dwkhp0hc9ejyf5h4j8tds6e466ar7r8y4t3qplzxxl/osmoatom1135clvaultm,native,2024-07-23T14:47:57.653Z,2024-03-18T22:43:15.451634,false,chain-metadata
osmosis,factory/osmo10xqdwzu8uvuv9aukknjtah3fyccf73xgv536xz0rz36a6m52r98qrmcspy/osmousdt1077clvaulta,factory/osmo10xqdwzu8uvuv9aukknjtah3fyccf73xgv536xz0rz36a6m52r98qrmcspy/osmousdt1077clvaulta,factory/osmo10xqdwzu8uvuv9aukknjtah3fyccf73xgv536xz0rz36a6m52r98qrmcspy/osmousdt1077clvaulta,factory/osmo10xqdwzu8uvuv9aukknjtah3fyccf73xgv536xz0rz36a6m52r98qrmcspy/osmousdt1077clvaulta,0,,osmosis,factory/osmo10xqdwzu8uvuv9aukknjtah3fyccf73xgv536xz0rz36a6m52r98qrmcspy/osmousdt1077clvaulta,native,2024-07-23T14:47:57.653Z,2024-03-18T22:43:15.451634,false,chain-metadata
osmosis,factory/osmo15s4h0ezv3eqv2k78e5cy2x3pt3w36jwjgdgu6s/lordzik,factory/osmo15s4h0ezv3eqv2k78e5cy2x3pt3w36jwjgdgu6s/lordzik,factory/osmo15s4h0ezv3eqv2k78e5cy2x3pt3w36jwjgdgu6s/lordzik,factory/osmo15s4h0ezv3eqv2k78e5cy2x3pt3w36jwjgdgu6s/lordzik,0,,osmosis,factory/osmo15s4h0ezv3eqv2k78e5cy2x3pt3w36jwjgdgu6s/lordzik,native,2024-07-23T14:47:57.654Z,2024-03-18T22:43:15.451634,false,chain-metadata
osmosis,factory/osmo15vnefu3p0dkkgkzud958nu80j86vyatrl7ghxmumy6jhzs80qlkqgx2zmq/mbt,Meta Builders Token,MBT,MBT,6,,osmosis,factory/osmo15vnefu3p0dkkgkzud958nu80j86vyatrl7ghxmumy6jhzs80qlkqgx2zmq/mbt,native,2024-07-23T14:47:57.654Z,2024-03-18T22:43:15.451634,false,chain-metadata
osmosis,factory/osmo1279xudevmf5cw83vkhglct7jededp86k90k2le/raptr,factory/osmo1279xudevmf5cw83vkhglct7jededp86k90k2le/raptr,factory/osmo1279xudevmf5cw83vkhglct7jededp86k90k2le/raptr,factory/osmo1279xudevmf5cw83vkhglct7jededp86k90k2le/raptr,0,,osmosis,factory/osmo1279xudevmf5cw83vkhglct7jededp86k90k2le/raptr,native,2024-07-23T14:47:57.654Z,2024-03-18T22:43:15.451634,false,chain-metadata
osmosis,factory/osmo13c5k2wxq3cx5xanqnqjdyrwvgw0qs8ea7k8c9dzdddlthg55suhqpvjnq7/uLP,factory/osmo13c5k2wxq3cx5xanqnqjdyrwvgw0qs8ea7k8c9dzdddlthg55suhqpvjnq7/uLP,factory/osmo13c5k2wxq3cx5xanqnqjdyrwvgw0qs8ea7k8c9dzdddlthg55suhqpvjnq7/uLP,factory/osmo13c5k2wxq3cx5xanqnqjdyrwvgw0qs8ea7k8c9dzdddlthg55suhqpvjnq7/uLP,0,,osmosis,factory/osmo13c5k2wxq3cx5xanqnqjdyrwvgw0qs8ea7k8c9dzdddlthg55suhqpvjnq7/uLP,native,2024-07-23T14:47:57.654Z,2024-03-18T22:43:15.451634,false,chain-metadata
osmosis,factory/osmo16whwukhlhjeuc6ahv3qawmekyegcyqs2kfjm09c63zaqm6k5v6zszprpye/osmoeth1134clvaultm,factory/osmo16whwukhlhjeuc6ahv3qawmekyegcyqs2kfjm09c63zaqm6k5v6zszprpye/osmoeth1134clvaultm,factory/osmo16whwukhlhjeuc6ahv3qawmekyegcyqs2kfjm09c63zaqm6k5v6zszprpye/osmoeth1134clvaultm,factory/osmo16whwukhlhjeuc6ahv3qawmekyegcyqs2kfjm09c63zaqm6k5v6zszprpye/osmoeth1134clvaultm,0,,osmosis,factory/osmo16whwukhlhjeuc6ahv3qawmekyegcyqs2kfjm09c63zaqm6k5v6zszprpye/osmoeth1134clvaultm,native,2024-07-23T14:47:57.654Z,2024-03-18T22:43:15.451634,false,chain-metadata
osmosis,factory/osmo160x6nzztld07rzz5wrgq9363kq8rjfhvtvyuc99fwa6cfasl9essuygyh6/smell,Smell,SMELL,SMELL,6,,osmosis,factory/osmo160x6nzztld07rzz5wrgq9363kq8rjfhvtvyuc99fwa6cfasl9essuygyh6/smell,native,2024-07-23T14:47:57.654Z,2024-03-18T22:43:15.451634,false,chain-metadata
osmosis,factory/osmo16ne96e8s67jtmwev3mqenmuyentvcytz8ttapsd9vy6glm9mge8q0h8thu/osmousdt1077clvaultaSKN2,factory/osmo16ne96e8s67jtmwev3mqenmuyentvcytz8ttapsd9vy6glm9mge8q0h8thu/osmousdt1077clvaultaSKN2,factory/osmo16ne96e8s67jtmwev3mqenmuyentvcytz8ttapsd9vy6glm9mge8q0h8thu/osmousdt1077clvaultaSKN2,factory/osmo16ne96e8s67jtmwev3mqenmuyentvcytz8ttapsd9vy6glm9mge8q0h8thu/osmousdt1077clvaultaSKN2,0,,osmosis,factory/osmo16ne96e8s67jtmwev3mqenmuyentvcytz8ttapsd9vy6glm9mge8q0h8thu/osmousdt1077clvaultaSKN2,native,2024-07-23T14:47:57.654Z,2024-03-18T22:43:15.451634,false,chain-metadata
osmosis,factory/osmo130w50f7ta00dxkzpxemuxw7vnj6ks5mhe0fr8v/oDOGE,,,,0,,osmosis,factory/osmo130w50f7ta00dxkzpxemuxw7vnj6ks5mhe0fr8v/oDOGE,native,2024-07-23T14:47:57.654Z,2024-03-18T22:43:15.451634,false,chain-metadata
osmosis,factory/osmo166yrd7anjg3h7epjsjghlf2uu403phjflk4gygmlelykwlustwysxvgv4c/uLP,factory/osmo166yrd7anjg3h7epjsjghlf2uu403phjflk4gygmlelykwlustwysxvgv4c/uLP,factory/osmo166yrd7anjg3h7epjsjghlf2uu403phjflk4gygmlelykwlustwysxvgv4c/uLP,factory/osmo166yrd7anjg3h7epjsjghlf2uu403phjflk4gygmlelykwlustwysxvgv4c/uLP,0,,osmosis,factory/osmo166yrd7anjg3h7epjsjghlf2uu403phjflk4gygmlelykwlustwysxvgv4c/uLP,native,2024-07-23T14:47:57.654Z,2024-03-18T22:43:15.451634,false,chain-metadata
osmosis,factory/osmo154la8nruwphfypyfc20zdjsgglansdmkz7jjfehmdehfr4y9m4wq6qkfqa/qsrosmo1314clvaultmoderatewide,factory/osmo154la8nruwphfypyfc20zdjsgglansdmkz7jjfehmdehfr4y9m4wq6qkfqa/qsrosmo1314clvaultmoderatewide,factory/osmo154la8nruwphfypyfc20zdjsgglansdmkz7jjfehmdehfr4y9m4wq6qkfqa/qsrosmo1314clvaultmoderatewide,factory/osmo154la8nruwphfypyfc20zdjsgglansdmkz7jjfehmdehfr4y9m4wq6qkfqa/qsrosmo1314clvaultmoderatewide,0,,osmosis,factory/osmo154la8nruwphfypyfc20zdjsgglansdmkz7jjfehmdehfr4y9m4wq6qkfqa/qsrosmo1314clvaultmoderatewide,native,2024-07-23T14:47:57.654Z,2024-03-18T22:43:15.451634,false,chain-metadata
osmosis,factory/osmo17ehux9assm3csup79wlqa47fx9n8je0zalswqg5ylr3hwh8zdzsspmg9rk/dymosmo1449clvaulta,factory/osmo17ehux9assm3csup79wlqa47fx9n8je0zalswqg5ylr3hwh8zdzsspmg9rk/dymosmo1449clvaulta,factory/osmo17ehux9assm3csup79wlqa47fx9n8je0zalswqg5ylr3hwh8zdzsspmg9rk/dymosmo1449clvaulta,factory/osmo17ehux9assm3csup79wlqa47fx9n8je0zalswqg5ylr3hwh8zdzsspmg9rk/dymosmo1449clvaulta,0,,osmosis,factory/osmo17ehux9assm3csup79wlqa47fx9n8je0zalswqg5ylr3hwh8zdzsspmg9rk/dymosmo1449clvaulta,native,2024-07-23T14:47:57.654Z,2024-03-18T22:43:15.451634,false,chain-metadata
osmosis,factory/osmo17fpr8esecnp2rrdqe2k0rhpxpcftuczjzyjk9xspdxar4dnrzw3sxawcyf/admt,AdamantFi,ADMT,ADMT,6,,osmosis,factory/osmo17fpr8esecnp2rrdqe2k0rhpxpcftuczjzyjk9xspdxar4dnrzw3sxawcyf/admt,native,2024-07-23T14:47:57.654Z,2024-03-18T22:43:15.451634,false,chain-metadata
osmosis,factory/osmo176svsuj5nz07q2hwv9galz2av9csmzf4rznvhu/HIP,factory/osmo176svsuj5nz07q2hwv9galz2av9csmzf4rznvhu/HIP,factory/osmo176svsuj5nz07q2hwv9galz2av9csmzf4rznvhu/HIP,factory/osmo176svsuj5nz07q2hwv9galz2av9csmzf4rznvhu/HIP,0,,osmosis,factory/osmo176svsuj5nz07q2hwv9galz2av9csmzf4rznvhu/HIP,native,2024-07-23T14:47:57.654Z,2024-03-18T22:43:15.451634,false,chain-metadata
osmosis,factory/osmo130w50f7ta00dxkzpxemuxw7vnj6ks5mhe0fr8v/oDoge,,,,0,,osmosis,factory/osmo130w50f7ta00dxkzpxemuxw7vnj6ks5mhe0fr8v/oDoge,native,2024-07-23T14:47:57.654Z,2024-03-18T22:43:15.451634,false,chain-metadata
osmosis,factory/osmo16glf5aswrkzgf9ung6wkemq0yrz77rwwf9hrggm3nw62z5w2w9psxw5cur/astroport/share,factory/osmo16glf5aswrkzgf9ung6wkemq0yrz77rwwf9hrggm3nw62z5w2w9psxw5cur/astroport/share,factory/osmo16glf5aswrkzgf9ung6wkemq0yrz77rwwf9hrggm3nw62z5w2w9psxw5cur/astroport/share,factory/osmo16glf5aswrkzgf9ung6wkemq0yrz77rwwf9hrggm3nw62z5w2w9psxw5cur/astroport/share,0,,osmosis,factory/osmo16glf5aswrkzgf9ung6wkemq0yrz77rwwf9hrggm3nw62z5w2w9psxw5cur/astroport/share,native,2024-07-23T14:47:57.654Z,2024-03-18T22:43:15.451634,false,chain-metadata
osmosis,factory/osmo15pz333htntschjk0mu89m7rmetduemvdfkangs/NGMI,,,,0,,osmosis,factory/osmo15pz333htntschjk0mu89m7rmetduemvdfkangs/NGMI,native,2024-07-23T14:47:57.654Z,2024-03-18T22:43:15.451634,false,chain-metadata
osmosis,factory/osmo1692tluwzzmnx56tm5v7r0n8v5fg32nrd9nuukp9jz458ap7wmcls9cz20m/uLP,factory/osmo1692tluwzzmnx56tm5v7r0n8v5fg32nrd9nuukp9jz458ap7wmcls9cz20m/uLP,factory/osmo1692tluwzzmnx56tm5v7r0n8v5fg32nrd9nuukp9jz458ap7wmcls9cz20m/uLP,factory/osmo1692tluwzzmnx56tm5v7r0n8v5fg32nrd9nuukp9jz458ap7wmcls9cz20m/uLP,0,,osmosis,factory/osmo1692tluwzzmnx56tm5v7r0n8v5fg32nrd9nuukp9jz458ap7wmcls9cz20m/uLP,native,2024-07-23T14:47:57.654Z,2024-03-18T22:43:15.451634,false,chain-metadata
osmosis,factory/osmo135lran3w7scsxdkvq3zfwe8nlnf00fkx94df5uj8fzjmpacecmyqmzwlrq/dymusdc1450clvaulta,factory/osmo135lran3w7scsxdkvq3zfwe8nlnf00fkx94df5uj8fzjmpacecmyqmzwlrq/dymusdc1450clvaulta,factory/osmo135lran3w7scsxdkvq3zfwe8nlnf00fkx94df5uj8fzjmpacecmyqmzwlrq/dymusdc1450clvaulta,factory/osmo135lran3w7scsxdkvq3zfwe8nlnf00fkx94df5uj8fzjmpacecmyqmzwlrq/dymusdc1450clvaulta,0,,osmosis,factory/osmo135lran3w7scsxdkvq3zfwe8nlnf00fkx94df5uj8fzjmpacecmyqmzwlrq/dymusdc1450clvaulta,native,2024-07-23T14:47:57.654Z,2024-03-18T22:43:15.451634,false,chain-metadata
osmosis,factory/osmo12fjzlwy99cqtjp8lldcqjxvn3w9x7r3kakn8p0s6t04xm5gcu24q2as6un/piecemaker,factory/osmo12fjzlwy99cqtjp8lldcqjxvn3w9x7r3kakn8p0s6t04xm5gcu24q2as6un/piecemaker,factory/osmo12fjzlwy99cqtjp8lldcqjxvn3w9x7r3kakn8p0s6t04xm5gcu24q2as6un/piecemaker,factory/osmo12fjzlwy99cqtjp8lldcqjxvn3w9x7r3kakn8p0s6t04xm5gcu24q2as6un/piecemaker,0,,osmosis,factory/osmo12fjzlwy99cqtjp8lldcqjxvn3w9x7r3kakn8p0s6t04xm5gcu24q2as6un/piecemaker,native,2024-07-23T14:47:57.654Z,2024-03-18T22:43:15.451634,false,chain-metadata
osmosis,factory/osmo15ns40n0pctl80d7l7praluufcywderupvgcl8xjg4gzvvhgv4vqq78vk7n/transmuter/poolshare,,,,0,,osmosis,factory/osmo15ns40n0pctl80d7l7praluufcywderupvgcl8xjg4gzvvhgv4vqq78vk7n/transmuter/poolshare,native,2024-07-23T14:47:57.654Z,2024-03-18T22:43:15.451634,false,chain-metadata
osmosis,factory/osmo16zaakvu7c8c87vm0w6m5rf0stxpwaegj3ura3jspy267j4wmkjesy49h77/astroport/share,factory/osmo16zaakvu7c8c87vm0w6m5rf0stxpwaegj3ura3jspy267j4wmkjesy49h77/astroport/share,factory/osmo16zaakvu7c8c87vm0w6m5rf0stxpwaegj3ura3jspy267j4wmkjesy49h77/astroport/share,factory/osmo16zaakvu7c8c87vm0w6m5rf0stxpwaegj3ura3jspy267j4wmkjesy49h77/astroport/share,0,,osmosis,factory/osmo16zaakvu7c8c87vm0w6m5rf0stxpwaegj3ura3jspy267j4wmkjesy49h77/astroport/share,native,2024-07-23T14:47:57.654Z,2024-03-18T22:43:15.451634,false,chain-metadata
osmosis,factory/osmo148pjs3pw30sk3pl9rfemsx5s0h9fmdh34a26jqjcqrq4vf32amxsy2a0ld/VT_4T2/osmosis/neutron-ntrn_osmosis-osmo:con,factory/osmo148pjs3pw30sk3pl9rfemsx5s0h9fmdh34a26jqjcqrq4vf32amxsy2a0ld/VT_4T2/osmosis/neutron-ntrn_osmosis-osmo:con,factory/osmo148pjs3pw30sk3pl9rfemsx5s0h9fmdh34a26jqjcqrq4vf32amxsy2a0ld/VT_4T2/osmosis/neutron-ntrn_osmosis-osmo:con,factory/osmo148pjs3pw30sk3pl9rfemsx5s0h9fmdh34a26jqjcqrq4vf32amxsy2a0ld/VT_4T2/osmosis/neutron-ntrn_osmosis-osmo:con,0,,osmosis,factory/osmo148pjs3pw30sk3pl9rfemsx5s0h9fmdh34a26jqjcqrq4vf32amxsy2a0ld/VT_4T2/osmosis/neutron-ntrn_osmosis-osmo:con,native,2024-07-23T14:47:57.654Z,2024-03-18T22:43:15.451634,false,chain-metadata
osmosis,factory/osmo15uk8m3wchpee8gjl02lwelxlsl4uuy3pdy7u6kz7cu7krlph2xpscf53cy/tiausdc1247clvaulta,factory/osmo15uk8m3wchpee8gjl02lwelxlsl4uuy3pdy7u6kz7cu7krlph2xpscf53cy/tiausdc1247clvaulta,factory/osmo15uk8m3wchpee8gjl02lwelxlsl4uuy3pdy7u6kz7cu7krlph2xpscf53cy/tiausdc1247clvaulta,factory/osmo15uk8m3wchpee8gjl02lwelxlsl4uuy3pdy7u6kz7cu7krlph2xpscf53cy/tiausdc1247clvaulta,0,,osmosis,factory/osmo15uk8m3wchpee8gjl02lwelxlsl4uuy3pdy7u6kz7cu7krlph2xpscf53cy/tiausdc1247clvaulta,native,2024-07-23T14:47:57.654Z,2024-03-18T22:43:15.451634,false,chain-metadata
osmosis,factory/osmo13js5psx8xcep0j9mghll3fa8xgm8krr2muaeqwvpqphcavf5krrqe8ugfp/osmoatom1135clvaulta,,,,0,,osmosis,factory/osmo13js5psx8xcep0j9mghll3fa8xgm8krr2muaeqwvpqphcavf5krrqe8ugfp/osmoatom1135clvaulta,native,2024-07-23T14:47:57.654Z,2024-03-18T22:43:15.451634,false,chain-metadata
osmosis,factory/osmo14azptklw333lpe2wmjhusx2l7mk744wv3g9ael/ubail,factory/osmo14azptklw333lpe2wmjhusx2l7mk744wv3g9ael/ubail,factory/osmo14azptklw333lpe2wmjhusx2l7mk744wv3g9ael/ubail,factory/osmo14azptklw333lpe2wmjhusx2l7mk744wv3g9ael/ubail,0,,osmosis,factory/osmo14azptklw333lpe2wmjhusx2l7mk744wv3g9ael/ubail,native,2024-07-23T14:47:57.654Z,2024-03-18T22:43:15.451634,false,chain-metadata
osmosis,factory/osmo15qz97xc43uc2jceh0vy79h04amvpg6xml5wlsz33zwpca8ve44pq48wlev/astroport/share,factory/osmo15qz97xc43uc2jceh0vy79h04amvpg6xml5wlsz33zwpca8ve44pq48wlev/astroport/share,factory/osmo15qz97xc43uc2jceh0vy79h04amvpg6xml5wlsz33zwpca8ve44pq48wlev/astroport/share,factory/osmo15qz97xc43uc2jceh0vy79h04amvpg6xml5wlsz33zwpca8ve44pq48wlev/astroport/share,0,,osmosis,factory/osmo15qz97xc43uc2jceh0vy79h04amvpg6xml5wlsz33zwpca8ve44pq48wlev/astroport/share,native,2024-07-23T14:47:57.654Z,2024-03-18T22:43:15.451634,false,chain-metadata
osmosis,factory/osmo12a04seqjhwxle7ad33hlcdjfvryeukm2gzazxjg886yz8fvheugskcpp4l/osmousdt1077clvaulta,factory/osmo12a04seqjhwxle7ad33hlcdjfvryeukm2gzazxjg886yz8fvheugskcpp4l/osmousdt1077clvaulta,factory/osmo12a04seqjhwxle7ad33hlcdjfvryeukm2gzazxjg886yz8fvheugskcpp4l/osmousdt1077clvaulta,factory/osmo12a04seqjhwxle7ad33hlcdjfvryeukm2gzazxjg886yz8fvheugskcpp4l/osmousdt1077clvaulta,0,,osmosis,factory/osmo12a04seqjhwxle7ad33hlcdjfvryeukm2gzazxjg886yz8fvheugskcpp4l/osmousdt1077clvaulta,native,2024-07-23T14:47:57.654Z,2024-03-18T22:43:15.451634,false,chain-metadata
osmosis,factory/osmo13c57jnytmclq3we3yxdhag6zjel5jgwwhk9dh2gnqj2zucue8axsqunkh4/osmoewbtc1090clvaulta,factory/osmo13c57jnytmclq3we3yxdhag6zjel5jgwwhk9dh2gnqj2zucue8axsqunkh4/osmoewbtc1090clvaulta,factory/osmo13c57jnytmclq3we3yxdhag6zjel5jgwwhk9dh2gnqj2zucue8axsqunkh4/osmoewbtc1090clvaulta,factory/osmo13c57jnytmclq3we3yxdhag6zjel5jgwwhk9dh2gnqj2zucue8axsqunkh4/osmoewbtc1090clvaulta,0,,osmosis,factory/osmo13c57jnytmclq3we3yxdhag6zjel5jgwwhk9dh2gnqj2zucue8axsqunkh4/osmoewbtc1090clvaulta,native,2024-07-23T14:47:57.654Z,2024-03-18T22:43:15.451634,false,chain-metadata
osmosis,factory/osmo16sglseg74nl8enfnxya3puggezdpttpp2cs5gjf5el0q82thpnusx4rran/uLP,factory/osmo16sglseg74nl8enfnxya3puggezdpttpp2cs5gjf5el0q82thpnusx4rran/uLP,factory/osmo16sglseg74nl8enfnxya3puggezdpttpp2cs5gjf5el0q82thpnusx4rran/uLP,factory/osmo16sglseg74nl8enfnxya3puggezdpttpp2cs5gjf5el0q82thpnusx4rran/uLP,0,,osmosis,factory/osmo16sglseg74nl8enfnxya3puggezdpttpp2cs5gjf5el0q82thpnusx4rran/uLP,native,2024-07-23T14:47:57.654Z,2024-03-18T22:43:15.451634,false,chain-metadata
osmosis,factory/osmo13ahfm35s0qwg45l09hgx3w7q2c9jc45d4mcptprsjuj6k6pnad9s7tavek/vst,ValueSharkToken,VST,VST,6,,osmosis,factory/osmo13ahfm35s0qwg45l09hgx3w7q2c9jc45d4mcptprsjuj6k6pnad9s7tavek/vst,native,2024-07-23T14:47:57.654Z,2024-03-18T22:43:15.451634,false,chain-metadata
osmosis,factory/osmo16mrjtqffn3awme2eczhlpwzj7mnatkelz98etk/test1,factory/osmo16mrjtqffn3awme2eczhlpwzj7mnatkelz98etk/test1,factory/osmo16mrjtqffn3awme2eczhlpwzj7mnatkelz98etk/test1,factory/osmo16mrjtqffn3awme2eczhlpwzj7mnatkelz98etk/test1,0,,osmosis,factory/osmo16mrjtqffn3awme2eczhlpwzj7mnatkelz98etk/test1,native,2024-07-23T14:47:57.654Z,2024-03-18T22:43:15.451634,false,chain-metadata
osmosis,factory/osmo1270apph0jfj0xsh6lqq9y5sakcdyqe6vnu48446kcw00wuzx2pvqf52wq7/milkTIA,factory/osmo1270apph0jfj0xsh6lqq9y5sakcdyqe6vnu48446kcw00wuzx2pvqf52wq7/milkTIA,factory/osmo1270apph0jfj0xsh6lqq9y5sakcdyqe6vnu48446kcw00wuzx2pvqf52wq7/milkTIA,factory/osmo1270apph0jfj0xsh6lqq9y5sakcdyqe6vnu48446kcw00wuzx2pvqf52wq7/milkTIA,0,,osmosis,factory/osmo1270apph0jfj0xsh6lqq9y5sakcdyqe6vnu48446kcw00wuzx2pvqf52wq7/milkTIA,native,2024-07-23T14:47:57.654Z,2024-03-18T22:43:15.451634,false,chain-metadata
osmosis,factory/osmo136f4pv283yywv3t56d5zdkhq43uucw462rt3qfpm2s84vvr7rrasn3kllg/transmuter/poolshare,,,,0,,osmosis,factory/osmo136f4pv283yywv3t56d5zdkhq43uucw462rt3qfpm2s84vvr7rrasn3kllg/transmuter/poolshare,native,2024-07-23T14:47:57.654Z,2024-03-18T22:43:15.451634,false,chain-metadata
osmosis,factory/osmo142qufxu2q90tczexsch0ck4xxw32qn98dac2fs3t9whyajspam6quavya9/umilkTIA,factory/osmo142qufxu2q90tczexsch0ck4xxw32qn98dac2fs3t9whyajspam6quavya9/umilkTIA,factory/osmo142qufxu2q90tczexsch0ck4xxw32qn98dac2fs3t9whyajspam6quavya9/umilkTIA,factory/osmo142qufxu2q90tczexsch0ck4xxw32qn98dac2fs3t9whyajspam6quavya9/umilkTIA,0,,osmosis,factory/osmo142qufxu2q90tczexsch0ck4xxw32qn98dac2fs3t9whyajspam6quavya9/umilkTIA,native,2024-07-23T14:47:57.654Z,2024-03-18T22:43:15.451634,false,chain-metadata
osmosis,factory/osmo14hxxezmf9t5zse2uhw66l8pn3lgxuv479jcqq5w7s80dg5p3kyssy3qk89/VT_4T2/osmosis/eth-axelar-usdc_osmosis-osmo:,factory/osmo14hxxezmf9t5zse2uhw66l8pn3lgxuv479jcqq5w7s80dg5p3kyssy3qk89/VT_4T2/osmosis/eth-axelar-usdc_osmosis-osmo:,factory/osmo14hxxezmf9t5zse2uhw66l8pn3lgxuv479jcqq5w7s80dg5p3kyssy3qk89/VT_4T2/osmosis/eth-axelar-usdc_osmosis-osmo:,factory/osmo14hxxezmf9t5zse2uhw66l8pn3lgxuv479jcqq5w7s80dg5p3kyssy3qk89/VT_4T2/osmosis/eth-axelar-usdc_osmosis-osmo:,0,,osmosis,factory/osmo14hxxezmf9t5zse2uhw66l8pn3lgxuv479jcqq5w7s80dg5p3kyssy3qk89/VT_4T2/osmosis/eth-axelar-usdc_osmosis-osmo:,native,2024-07-23T14:47:57.654Z,2024-03-18T22:43:15.451634,false,chain-metadata
osmosis,factory/osmo1279xudevmf5cw83vkhglct7jededp86k90k2le/GOD,factory/osmo1279xudevmf5cw83vkhglct7jededp86k90k2le/GOD,factory/osmo1279xudevmf5cw83vkhglct7jededp86k90k2le/GOD,factory/osmo1279xudevmf5cw83vkhglct7jededp86k90k2le/GOD,0,,osmosis,factory/osmo1279xudevmf5cw83vkhglct7jededp86k90k2le/GOD,native,2024-07-23T14:47:57.654Z,2024-03-18T22:43:15.451634,false,chain-metadata
osmosis,factory/osmo16rt8lv6ex7c9q5xfexds03l5a9lf6hvs37mn3vfzwjn5sj7xqmjscjh5n9/jones,Osmosis Jones,JONES,JONES,6,,osmosis,factory/osmo16rt8lv6ex7c9q5xfexds03l5a9lf6hvs37mn3vfzwjn5sj7xqmjscjh5n9/jones,native,2024-07-23T14:47:57.654Z,2024-03-18T22:43:15.451634,false,chain-metadata
osmosis,factory/osmo122ryl7pez7yjprtvjckltu2uvjxrq3kqt4nvclax2la7maj6757qg054ga/VaultToken/3/14d/AKT/OSMO,,,,0,,osmosis,factory/osmo122ryl7pez7yjprtvjckltu2uvjxrq3kqt4nvclax2la7maj6757qg054ga/VaultToken/3/14d/AKT/OSMO,native,2024-07-23T14:47:57.654Z,2024-03-18T22:43:15.451634,false,chain-metadata
osmosis,factory/osmo1d5jv3dpshy8ks6wy4hldj9kz8desgtp48n92h5r4zq8ssx9w4xsqtj209d/VT_4T2/osmosis/eth-axelar-usdc_osmosis-osmo:,factory/osmo1d5jv3dpshy8ks6wy4hldj9kz8desgtp48n92h5r4zq8ssx9w4xsqtj209d/VT_4T2/osmosis/eth-axelar-usdc_osmosis-osmo:,factory/osmo1d5jv3dpshy8ks6wy4hldj9kz8desgtp48n92h5r4zq8ssx9w4xsqtj209d/VT_4T2/osmosis/eth-axelar-usdc_osmosis-osmo:,factory/osmo1d5jv3dpshy8ks6wy4hldj9kz8desgtp48n92h5r4zq8ssx9w4xsqtj209d/VT_4T2/osmosis/eth-axelar-usdc_osmosis-osmo:,0,,osmosis,factory/osmo1d5jv3dpshy8ks6wy4hldj9kz8desgtp48n92h5r4zq8ssx9w4xsqtj209d/VT_4T2/osmosis/eth-axelar-usdc_osmosis-osmo:,native,2024-07-23T14:47:57.655Z,2024-03-18T22:43:15.451634,false,chain-metadata
osmosis,factory/osmo1f080p762n24nlw0synurvf9qqyjgmhltl63u7h43acjph26lg4ks9hda9d/statomatom1136clvaults,,,,0,,osmosis,factory/osmo1f080p762n24nlw0synurvf9qqyjgmhltl63u7h43acjph26lg4ks9hda9d/statomatom1136clvaults,native,2024-07-23T14:47:57.655Z,2024-03-18T22:43:15.451634,false,chain-metadata
osmosis,factory/osmo1e3qjfcg9adrauz6jg030ptfy35r6zzplsgaavnn6xrh6686udhfqq7muwy/VaultToken/806/14d/STRD/OSMO,,,,0,,osmosis,factory/osmo1e3qjfcg9adrauz6jg030ptfy35r6zzplsgaavnn6xrh6686udhfqq7muwy/VaultToken/806/14d/STRD/OSMO,native,2024-07-23T14:47:57.655Z,2024-03-18T22:43:15.451634,false,chain-metadata
osmosis,factory/osmo1f4u9sey9lu0nmacw02t7qhfn6kutv7x7dewyls43eafll7l5lvnqumpt9q/osmousdt1077clvaulta,factory/osmo1f4u9sey9lu0nmacw02t7qhfn6kutv7x7dewyls43eafll7l5lvnqumpt9q/osmousdt1077clvaulta,factory/osmo1f4u9sey9lu0nmacw02t7qhfn6kutv7x7dewyls43eafll7l5lvnqumpt9q/osmousdt1077clvaulta,factory/osmo1f4u9sey9lu0nmacw02t7qhfn6kutv7x7dewyls43eafll7l5lvnqumpt9q/osmousdt1077clvaulta,0,,osmosis,factory/osmo1f4u9sey9lu0nmacw02t7qhfn6kutv7x7dewyls43eafll7l5lvnqumpt9q/osmousdt1077clvaulta,native,2024-07-23T14:47:57.655Z,2024-03-18T22:43:15.451634,false,chain-metadata
osmosis,factory/osmo1a6tcf60pyz8qq2n532dzcs7s7sj8klcmra04tvaqympzcvxqg9esn7xz7l/VaultToken/803/14d/ATOM/stATOM,,,,0,,osmosis,factory/osmo1a6tcf60pyz8qq2n532dzcs7s7sj8klcmra04tvaqympzcvxqg9esn7xz7l/VaultToken/803/14d/ATOM/stATOM,native,2024-07-23T14:47:57.655Z,2024-03-18T22:43:15.451634,false,chain-metadata
osmosis,factory/osmo18r35luyyfqp7jter6jc93vzhft5zjgvsgt2tgx76qez2lpjpzfxqwx4ynk/uLP,factory/osmo18r35luyyfqp7jter6jc93vzhft5zjgvsgt2tgx76qez2lpjpzfxqwx4ynk/uLP,factory/osmo18r35luyyfqp7jter6jc93vzhft5zjgvsgt2tgx76qez2lpjpzfxqwx4ynk/uLP,factory/osmo18r35luyyfqp7jter6jc93vzhft5zjgvsgt2tgx76qez2lpjpzfxqwx4ynk/uLP,0,,osmosis,factory/osmo18r35luyyfqp7jter6jc93vzhft5zjgvsgt2tgx76qez2lpjpzfxqwx4ynk/uLP,native,2024-07-23T14:47:57.655Z,2024-03-18T22:43:15.451634,false,chain-metadata
osmosis,factory/osmo19qfgprmleh2g25k09vkxxr2363hvedqkq5wsr3/ufoo,,,,0,,osmosis,factory/osmo19qfgprmleh2g25k09vkxxr2363hvedqkq5wsr3/ufoo,native,2024-07-23T14:47:57.655Z,2024-03-18T22:43:15.451634,false,chain-metadata
osmosis,factory/osmo1eqntnl6tzcj9h86psg4y4h6hh05g2h9nhgr9xr/ucrack,,,,0,,osmosis,factory/osmo1eqntnl6tzcj9h86psg4y4h6hh05g2h9nhgr9xr/ucrack,native,2024-07-23T14:47:57.655Z,2024-03-18T22:43:15.451634,false,chain-metadata
osmosis,factory/osmo187qadt5kw40d0lqm8rlhfr56047370d368aresxzw56hcwcne78qxg6k76/epic,eBook Publishing Irrepressibly Cryptoversal,EPIC,EPIC,6,,osmosis,factory/osmo187qadt5kw40d0lqm8rlhfr56047370d368aresxzw56hcwcne78qxg6k76/epic,native,2024-07-23T14:47:57.655Z,2024-03-18T22:43:15.451634,false,chain-metadata
osmosis,factory/osmo19esh5d4xj7cyw9c307wlvdcwhqvl0pyexc8xxmccycv9vhgrzptqczzqlp/otf,Osmosis Token Factory,OTF,OTF,6,,osmosis,factory/osmo19esh5d4xj7cyw9c307wlvdcwhqvl0pyexc8xxmccycv9vhgrzptqczzqlp/otf,native,2024-07-23T14:47:57.655Z,2024-03-18T22:43:15.451634,false,chain-metadata
osmosis,factory/osmo1cucksmy5hc88ckldtjuyydh8fkl94fzkj5aden0twcv2eks0vgjsv0xuew/transmuter/poolshare,factory/osmo1cucksmy5hc88ckldtjuyydh8fkl94fzkj5aden0twcv2eks0vgjsv0xuew/transmuter/poolshare,factory/osmo1cucksmy5hc88ckldtjuyydh8fkl94fzkj5aden0twcv2eks0vgjsv0xuew/transmuter/poolshare,factory/osmo1cucksmy5hc88ckldtjuyydh8fkl94fzkj5aden0twcv2eks0vgjsv0xuew/transmuter/poolshare,0,,osmosis,factory/osmo1cucksmy5hc88ckldtjuyydh8fkl94fzkj5aden0twcv2eks0vgjsv0xuew/transmuter/poolshare,native,2024-07-23T14:47:57.655Z,2024-03-18T22:43:15.451634,false,chain-metadata
osmosis,factory/osmo1dqzrd0jffruxrdghkg3978k9shm8r5pdj572xlv9l9w0kjss6aeqrg5yy6/axlosmo1094clvaultmw,factory/osmo1dqzrd0jffruxrdghkg3978k9shm8r5pdj572xlv9l9w0kjss6aeqrg5yy6/axlosmo1094clvaultmw,factory/osmo1dqzrd0jffruxrdghkg3978k9shm8r5pdj572xlv9l9w0kjss6aeqrg5yy6/axlosmo1094clvaultmw,factory/osmo1dqzrd0jffruxrdghkg3978k9shm8r5pdj572xlv9l9w0kjss6aeqrg5yy6/axlosmo1094clvaultmw,0,,osmosis,factory/osmo1dqzrd0jffruxrdghkg3978k9shm8r5pdj572xlv9l9w0kjss6aeqrg5yy6/axlosmo1094clvaultmw,native,2024-07-23T14:47:57.655Z,2024-03-18T22:43:15.451634,false,chain-metadata
osmosis,factory/osmo18uffp8hnw8u63fp9jng2ezu3ey6kffaa5s7nrgt6w2k0a0wk8rusfygm6v/bar,Barter,BAR,BAR,6,,osmosis,factory/osmo18uffp8hnw8u63fp9jng2ezu3ey6kffaa5s7nrgt6w2k0a0wk8rusfygm6v/bar,native,2024-07-23T14:47:57.655Z,2024-03-18T22:43:15.451634,false,chain-metadata
osmosis,factory/osmo1cpt2dvm78l50f4ehqdgc47twpfk8yyany09kesqd7r4xwttz89qq42gyjw/osmoeth1134clvaulta,factory/osmo1cpt2dvm78l50f4ehqdgc47twpfk8yyany09kesqd7r4xwttz89qq42gyjw/osmoeth1134clvaulta,factory/osmo1cpt2dvm78l50f4ehqdgc47twpfk8yyany09kesqd7r4xwttz89qq42gyjw/osmoeth1134clvaulta,factory/osmo1cpt2dvm78l50f4ehqdgc47twpfk8yyany09kesqd7r4xwttz89qq42gyjw/osmoeth1134clvaulta,0,,osmosis,factory/osmo1cpt2dvm78l50f4ehqdgc47twpfk8yyany09kesqd7r4xwttz89qq42gyjw/osmoeth1134clvaulta,native,2024-07-23T14:47:57.655Z,2024-03-18T22:43:15.451634,false,chain-metadata
osmosis,factory/osmo1e2r98hpf3eer8pfpcrsprmrx5vpfq8jp5we88a/ATOM,,,,0,,osmosis,factory/osmo1e2r98hpf3eer8pfpcrsprmrx5vpfq8jp5we88a/ATOM,native,2024-07-23T14:47:57.655Z,2024-03-18T22:43:15.451634,false,chain-metadata
osmosis,factory/osmo1exz6074lplgdsx6vvs3qzescpnzs6jhywen6g2mkvjjg3gl2upeq0wl82d/qsrosmo1314clvaultdownside,factory/osmo1exz6074lplgdsx6vvs3qzescpnzs6jhywen6g2mkvjjg3gl2upeq0wl82d/qsrosmo1314clvaultdownside,factory/osmo1exz6074lplgdsx6vvs3qzescpnzs6jhywen6g2mkvjjg3gl2upeq0wl82d/qsrosmo1314clvaultdownside,factory/osmo1exz6074lplgdsx6vvs3qzescpnzs6jhywen6g2mkvjjg3gl2upeq0wl82d/qsrosmo1314clvaultdownside,0,,osmosis,factory/osmo1exz6074lplgdsx6vvs3qzescpnzs6jhywen6g2mkvjjg3gl2upeq0wl82d/qsrosmo1314clvaultdownside,native,2024-07-23T14:47:57.655Z,2024-03-18T22:43:15.451634,false,chain-metadata
osmosis,factory/osmo1d2lj3nquzd3vjugx8rpww95cptekzlf6vdjnl5hpmxvztjaf4tms0lae6a/yieldetheth1213clvaults,factory/osmo1d2lj3nquzd3vjugx8rpww95cptekzlf6vdjnl5hpmxvztjaf4tms0lae6a/yieldetheth1213clvaults,factory/osmo1d2lj3nquzd3vjugx8rpww95cptekzlf6vdjnl5hpmxvztjaf4tms0lae6a/yieldetheth1213clvaults,factory/osmo1d2lj3nquzd3vjugx8rpww95cptekzlf6vdjnl5hpmxvztjaf4tms0lae6a/yieldetheth1213clvaults,0,,osmosis,factory/osmo1d2lj3nquzd3vjugx8rpww95cptekzlf6vdjnl5hpmxvztjaf4tms0lae6a/yieldetheth1213clvaults,native,2024-07-23T14:47:57.655Z,2024-03-18T22:43:15.451634,false,chain-metadata
osmosis,factory/osmo18qm6x83sew0g5rd8g5q2u097hzvve53kvhcadx33krqthxdyyekqshgvt7/act,tezcoin,ACT,ACT,6,,osmosis,factory/osmo18qm6x83sew0g5rd8g5q2u097hzvve53kvhcadx33krqthxdyyekqshgvt7/act,native,2024-07-23T14:47:57.655Z,2024-03-18T22:43:15.451634,false,chain-metadata
osmosis,factory/osmo1869zena97sctemj78sgjmu737p2g94905hsf3hhkrfgummrfz4tsxj2k6r/VaultToken/2/14d/ION/OSMO,,,,0,,osmosis,factory/osmo1869zena97sctemj78sgjmu737p2g94905hsf3hhkrfgummrfz4tsxj2k6r/VaultToken/2/14d/ION/OSMO,native,2024-07-23T14:47:57.655Z,2024-03-18T22:43:15.451634,false,chain-metadata
osmosis,factory/osmo1d7r546vnl790az2ewywnwtf2vh4jq8kufse295mgg7j4rw5g3nusl96pcu/VT_4T2/osmosis/eth-axelar-usdc_osmosis-osmo:,factory/osmo1d7r546vnl790az2ewywnwtf2vh4jq8kufse295mgg7j4rw5g3nusl96pcu/VT_4T2/osmosis/eth-axelar-usdc_osmosis-osmo:,factory/osmo1d7r546vnl790az2ewywnwtf2vh4jq8kufse295mgg7j4rw5g3nusl96pcu/VT_4T2/osmosis/eth-axelar-usdc_osmosis-osmo:,factory/osmo1d7r546vnl790az2ewywnwtf2vh4jq8kufse295mgg7j4rw5g3nusl96pcu/VT_4T2/osmosis/eth-axelar-usdc_osmosis-osmo:,0,,osmosis,factory/osmo1d7r546vnl790az2ewywnwtf2vh4jq8kufse295mgg7j4rw5g3nusl96pcu/VT_4T2/osmosis/eth-axelar-usdc_osmosis-osmo:,native,2024-07-23T14:47:57.655Z,2024-03-18T22:43:15.451634,false,chain-metadata
osmosis,factory/osmo1cw43g597cmvwwdq4uv9l7t0y0cg9pnk8uy9806lra7znl80xmgeqfj85fj/dydxusdc1246clvaulta,factory/osmo1cw43g597cmvwwdq4uv9l7t0y0cg9pnk8uy9806lra7znl80xmgeqfj85fj/dydxusdc1246clvaulta,factory/osmo1cw43g597cmvwwdq4uv9l7t0y0cg9pnk8uy9806lra7znl80xmgeqfj85fj/dydxusdc1246clvaulta,factory/osmo1cw43g597cmvwwdq4uv9l7t0y0cg9pnk8uy9806lra7znl80xmgeqfj85fj/dydxusdc1246clvaulta,0,,osmosis,factory/osmo1cw43g597cmvwwdq4uv9l7t0y0cg9pnk8uy9806lra7znl80xmgeqfj85fj/dydxusdc1246clvaulta,native,2024-07-23T14:47:57.655Z,2024-03-18T22:43:15.451634,false,chain-metadata
osmosis,factory/osmo19pw5d0jset8jlhawvkscj2gsfuyd5v524tfgek/TURKEY,,,,0,,osmosis,factory/osmo19pw5d0jset8jlhawvkscj2gsfuyd5v524tfgek/TURKEY,native,2024-07-23T14:47:57.655Z,2024-03-18T22:43:15.451634,false,chain-metadata
osmosis,factory/osmo1c482ds5mj8a3uvqvyxgq909ptm9zltlr7sxuyu/MacaronLand,factory/osmo1c482ds5mj8a3uvqvyxgq909ptm9zltlr7sxuyu/MacaronLand,factory/osmo1c482ds5mj8a3uvqvyxgq909ptm9zltlr7sxuyu/MacaronLand,factory/osmo1c482ds5mj8a3uvqvyxgq909ptm9zltlr7sxuyu/MacaronLand,0,,osmosis,factory/osmo1c482ds5mj8a3uvqvyxgq909ptm9zltlr7sxuyu/MacaronLand,native,2024-07-23T14:47:57.655Z,2024-03-18T22:43:15.451634,false,chain-metadata
osmosis,factory/osmo1dplap7yq5sh0tepjente05rsyhvfnpfxa5r453hht27puuv6zx7qh34w32/bndao,Binary Nexus DAO,BNDAO,BNDAO,6,,osmosis,factory/osmo1dplap7yq5sh0tepjente05rsyhvfnpfxa5r453hht27puuv6zx7qh34w32/bndao,native,2024-07-23T14:47:57.655Z,2024-03-18T22:43:15.451634,false,chain-metadata
osmosis,factory/osmo1ceku0zks6y43r9l35n7wnv5pf82s6l4k5jhlrhkurakeemey9n4snz3x6z/VaultToken/497/14d/JUNO/OSMO,,,,0,,osmosis,factory/osmo1ceku0zks6y43r9l35n7wnv5pf82s6l4k5jhlrhkurakeemey9n4snz3x6z/VaultToken/497/14d/JUNO/OSMO,native,2024-07-23T14:47:57.655Z,2024-03-18T22:43:15.451634,false,chain-metadata
osmosis,factory/osmo185gqewrlde8vrqw7j8lpad67v8jfrx9u7770k9q87tqqecctp5tq50wt2c/VaultToken/712/14d/WBTC/OSMO,,,,0,,osmosis,factory/osmo185gqewrlde8vrqw7j8lpad67v8jfrx9u7770k9q87tqqecctp5tq50wt2c/VaultToken/712/14d/WBTC/OSMO,native,2024-07-23T14:47:57.655Z,2024-03-18T22:43:15.451634,false,chain-metadata
osmosis,factory/osmo18v046mguqf30klg6cdvzfg96sgarmq5gr8pl37/Molecule,factory/osmo18v046mguqf30klg6cdvzfg96sgarmq5gr8pl37/Molecule,factory/osmo18v046mguqf30klg6cdvzfg96sgarmq5gr8pl37/Molecule,factory/osmo18v046mguqf30klg6cdvzfg96sgarmq5gr8pl37/Molecule,0,,osmosis,factory/osmo18v046mguqf30klg6cdvzfg96sgarmq5gr8pl37/Molecule,native,2024-07-23T14:47:57.655Z,2024-03-18T22:43:15.451634,false,chain-metadata
osmosis,factory/osmo1e266z5nytx2cerslv9jw5z5c2zkrwqc7j4l625tkm8unfer6mfrqxmlggz/milktiatia1335clvaults,factory/osmo1e266z5nytx2cerslv9jw5z5c2zkrwqc7j4l625tkm8unfer6mfrqxmlggz/milktiatia1335clvaults,factory/osmo1e266z5nytx2cerslv9jw5z5c2zkrwqc7j4l625tkm8unfer6mfrqxmlggz/milktiatia1335clvaults,factory/osmo1e266z5nytx2cerslv9jw5z5c2zkrwqc7j4l625tkm8unfer6mfrqxmlggz/milktiatia1335clvaults,0,,osmosis,factory/osmo1e266z5nytx2cerslv9jw5z5c2zkrwqc7j4l625tkm8unfer6mfrqxmlggz/milktiatia1335clvaults,native,2024-07-23T14:47:57.655Z,2024-03-18T22:43:15.451634,false,chain-metadata
osmosis,factory/osmo1aj076qd054wupmpx9amah3ugh2rv0qs4n9j3l4lac8lhtswk78wq7e2ctf/tkf,Talkitty Foundation,TKF,TKF,6,,osmosis,factory/osmo1aj076qd054wupmpx9amah3ugh2rv0qs4n9j3l4lac8lhtswk78wq7e2ctf/tkf,native,2024-07-23T14:47:57.655Z,2024-03-18T22:43:15.451634,false,chain-metadata
osmosis,factory/osmo19s0g8uzhj2c9t3w3f5lrl9yr6le7a2fmn3f5n7uy8te84avws92quelej7/axlosmo1094clvaultsw,factory/osmo19s0g8uzhj2c9t3w3f5lrl9yr6le7a2fmn3f5n7uy8te84avws92quelej7/axlosmo1094clvaultsw,factory/osmo19s0g8uzhj2c9t3w3f5lrl9yr6le7a2fmn3f5n7uy8te84avws92quelej7/axlosmo1094clvaultsw,factory/osmo19s0g8uzhj2c9t3w3f5lrl9yr6le7a2fmn3f5n7uy8te84avws92quelej7/axlosmo1094clvaultsw,0,,osmosis,factory/osmo19s0g8uzhj2c9t3w3f5lrl9yr6le7a2fmn3f5n7uy8te84avws92quelej7/axlosmo1094clvaultsw,native,2024-07-23T14:47:57.655Z,2024-03-18T22:43:15.451634,false,chain-metadata
osmosis,factory/osmo1dpmehaqv9mjdq98zed2hfshdezv8zkgsum487mgftaq3etkwdtgqnracvd/VT_4T2/osmosis/eth-axelar-usdc_osmosis-osmo:,factory/osmo1dpmehaqv9mjdq98zed2hfshdezv8zkgsum487mgftaq3etkwdtgqnracvd/VT_4T2/osmosis/eth-axelar-usdc_osmosis-osmo:,factory/osmo1dpmehaqv9mjdq98zed2hfshdezv8zkgsum487mgftaq3etkwdtgqnracvd/VT_4T2/osmosis/eth-axelar-usdc_osmosis-osmo:,factory/osmo1dpmehaqv9mjdq98zed2hfshdezv8zkgsum487mgftaq3etkwdtgqnracvd/VT_4T2/osmosis/eth-axelar-usdc_osmosis-osmo:,0,,osmosis,factory/osmo1dpmehaqv9mjdq98zed2hfshdezv8zkgsum487mgftaq3etkwdtgqnracvd/VT_4T2/osmosis/eth-axelar-usdc_osmosis-osmo:,native,2024-07-23T14:47:57.655Z,2024-03-18T22:43:15.451634,false,chain-metadata
osmosis,factory/osmo1e2r98hpf3eer8pfpcrsprmrx5vpfq8jp5we88a/ulvn,factory/osmo1e2r98hpf3eer8pfpcrsprmrx5vpfq8jp5we88a/ulvn,factory/osmo1e2r98hpf3eer8pfpcrsprmrx5vpfq8jp5we88a/ulvn,factory/osmo1e2r98hpf3eer8pfpcrsprmrx5vpfq8jp5we88a/ulvn,0,,osmosis,factory/osmo1e2r98hpf3eer8pfpcrsprmrx5vpfq8jp5we88a/ulvn,native,2024-07-23T14:47:57.655Z,2024-03-18T22:43:15.451634,false,chain-metadata
osmosis,factory/osmo1d8qurgqg0crmz7eye4jy8vm47l3a3582vzs7nlapxfqmvdag84zswcshj5/usdcusdt1081clvault,,,,0,,osmosis,factory/osmo1d8qurgqg0crmz7eye4jy8vm47l3a3582vzs7nlapxfqmvdag84zswcshj5/usdcusdt1081clvault,native,2024-07-23T14:47:57.655Z,2024-03-18T22:43:15.451634,false,chain-metadata
osmosis,factory/osmo1cavawcp4pkef0plsp2mxq3ka0nn7ups0llyevq/BabyHuaHua,factory/osmo1cavawcp4pkef0plsp2mxq3ka0nn7ups0llyevq/BabyHuaHua,factory/osmo1cavawcp4pkef0plsp2mxq3ka0nn7ups0llyevq/BabyHuaHua,factory/osmo1cavawcp4pkef0plsp2mxq3ka0nn7ups0llyevq/BabyHuaHua,0,,osmosis,factory/osmo1cavawcp4pkef0plsp2mxq3ka0nn7ups0llyevq/BabyHuaHua,native,2024-07-23T14:47:57.655Z,2024-03-18T22:43:15.451634,false,chain-metadata
osmosis,factory/osmo1a2ngmt6s8u7mjkmwkvmlhh4gpvwhadey7gc4zfzgdf8f7pxvcpus2374h4/astroport/share,factory/osmo1a2ngmt6s8u7mjkmwkvmlhh4gpvwhadey7gc4zfzgdf8f7pxvcpus2374h4/astroport/share,factory/osmo1a2ngmt6s8u7mjkmwkvmlhh4gpvwhadey7gc4zfzgdf8f7pxvcpus2374h4/astroport/share,factory/osmo1a2ngmt6s8u7mjkmwkvmlhh4gpvwhadey7gc4zfzgdf8f7pxvcpus2374h4/astroport/share,0,,osmosis,factory/osmo1a2ngmt6s8u7mjkmwkvmlhh4gpvwhadey7gc4zfzgdf8f7pxvcpus2374h4/astroport/share,native,2024-07-23T14:47:57.655Z,2024-03-18T22:43:15.451634,false,chain-metadata
osmosis,factory/osmo1dzp8curq2wsnht5mw3eknqw9n6990rk2n095hu3r882dxp6zcvwsxwum7q/osmousdc1133clvaulta,,,,0,,osmosis,factory/osmo1dzp8curq2wsnht5mw3eknqw9n6990rk2n095hu3r882dxp6zcvwsxwum7q/osmousdc1133clvaulta,native,2024-07-23T14:47:57.655Z,2024-03-18T22:43:15.451634,false,chain-metadata
osmosis,factory/osmo1gv5405cldsvwwrajuhlasmxxvezrs4uch4r00w6ezdqfx4jsghnq2pca62/qsrosmo1314clvaultdynamica,factory/osmo1gv5405cldsvwwrajuhlasmxxvezrs4uch4r00w6ezdqfx4jsghnq2pca62/qsrosmo1314clvaultdynamica,factory/osmo1gv5405cldsvwwrajuhlasmxxvezrs4uch4r00w6ezdqfx4jsghnq2pca62/qsrosmo1314clvaultdynamica,factory/osmo1gv5405cldsvwwrajuhlasmxxvezrs4uch4r00w6ezdqfx4jsghnq2pca62/qsrosmo1314clvaultdynamica,0,,osmosis,factory/osmo1gv5405cldsvwwrajuhlasmxxvezrs4uch4r00w6ezdqfx4jsghnq2pca62/qsrosmo1314clvaultdynamica,native,2024-07-23T14:47:57.656Z,2024-03-18T22:43:15.451634,false,chain-metadata
osmosis,factory/osmo1hx60gfanzyq5r4h6x4y002fsj4l2669d3rjuv7gld05n6ndkw53q2llg68/test-token,factory/osmo1hx60gfanzyq5r4h6x4y002fsj4l2669d3rjuv7gld05n6ndkw53q2llg68/test-token,factory/osmo1hx60gfanzyq5r4h6x4y002fsj4l2669d3rjuv7gld05n6ndkw53q2llg68/test-token,factory/osmo1hx60gfanzyq5r4h6x4y002fsj4l2669d3rjuv7gld05n6ndkw53q2llg68/test-token,0,,osmosis,factory/osmo1hx60gfanzyq5r4h6x4y002fsj4l2669d3rjuv7gld05n6ndkw53q2llg68/test-token,native,2024-07-23T14:47:57.656Z,2024-03-18T22:43:15.451634,false,chain-metadata
osmosis,factory/osmo1f9s2gh6p0m6h5g2zgmvpjcjwwuh7fakvfy8us45prcalrvyx5qkqukx0pg/dbond,1000000,dBOND,dBOND,6,,osmosis,factory/osmo1f9s2gh6p0m6h5g2zgmvpjcjwwuh7fakvfy8us45prcalrvyx5qkqukx0pg/dbond,native,2024-07-23T14:47:57.656Z,2024-03-18T22:43:15.451634,false,chain-metadata
osmosis,factory/osmo1k6gvluvf8z3uwug3x6nuw0f445jxvawrtuxk43/ibit,factory/osmo1k6gvluvf8z3uwug3x6nuw0f445jxvawrtuxk43/ibit,factory/osmo1k6gvluvf8z3uwug3x6nuw0f445jxvawrtuxk43/ibit,factory/osmo1k6gvluvf8z3uwug3x6nuw0f445jxvawrtuxk43/ibit,0,,osmosis,factory/osmo1k6gvluvf8z3uwug3x6nuw0f445jxvawrtuxk43/ibit,native,2024-07-23T14:47:57.656Z,2024-03-18T22:43:15.451634,false,chain-metadata
osmosis,factory/osmo1k6gvluvf8z3uwug3x6nuw0f445jxvawrtuxk43/btc,factory/osmo1k6gvluvf8z3uwug3x6nuw0f445jxvawrtuxk43/btc,factory/osmo1k6gvluvf8z3uwug3x6nuw0f445jxvawrtuxk43/btc,factory/osmo1k6gvluvf8z3uwug3x6nuw0f445jxvawrtuxk43/btc,0,,osmosis,factory/osmo1k6gvluvf8z3uwug3x6nuw0f445jxvawrtuxk43/btc,native,2024-07-23T14:47:57.656Z,2024-03-18T22:43:15.451634,false,chain-metadata
osmosis,factory/osmo1gmd2vc4crmv7urlfn3j5avhplfncjf5mg649dkgsu5a0zvd6cgrsn9dq4l/VaultToken/9/14d/CRO/OSMO,,,,0,,osmosis,factory/osmo1gmd2vc4crmv7urlfn3j5avhplfncjf5mg649dkgsu5a0zvd6cgrsn9dq4l/VaultToken/9/14d/CRO/OSMO,native,2024-07-23T14:47:57.656Z,2024-03-18T22:43:15.451634,false,chain-metadata
osmosis,factory/osmo1fhd6udguyzl08tmr935vyge0a9wnc7pc4rucj3/omso,factory/osmo1fhd6udguyzl08tmr935vyge0a9wnc7pc4rucj3/omso,factory/osmo1fhd6udguyzl08tmr935vyge0a9wnc7pc4rucj3/omso,factory/osmo1fhd6udguyzl08tmr935vyge0a9wnc7pc4rucj3/omso,0,,osmosis,factory/osmo1fhd6udguyzl08tmr935vyge0a9wnc7pc4rucj3/omso,native,2024-07-23T14:47:57.656Z,2024-03-18T22:43:15.451634,false,chain-metadata
osmosis,factory/osmo1gyg0pys40ex2f6a4dytd3ewpx2xfrsnt3rdc2t4j3s3jc9qx8kqsny066c/transmuter/poolshare,,,,0,,osmosis,factory/osmo1gyg0pys40ex2f6a4dytd3ewpx2xfrsnt3rdc2t4j3s3jc9qx8kqsny066c/transmuter/poolshare,native,2024-07-23T14:47:57.656Z,2024-03-18T22:43:15.451634,false,chain-metadata
osmosis,factory/osmo1jfmwayj8jqp9tfy4v4eks5c2jpnqdumn8x8xvfllng0wfes770qqp7jl4j/VaultToken/678/14d/USDC/OSMO,,,,0,,osmosis,factory/osmo1jfmwayj8jqp9tfy4v4eks5c2jpnqdumn8x8xvfllng0wfes770qqp7jl4j/VaultToken/678/14d/USDC/OSMO,native,2024-07-23T14:47:57.656Z,2024-03-18T22:43:15.451634,false,chain-metadata
osmosis,factory/osmo1ff6y4hg23c2t34t7j2r86pe5p3cgre6yd5lkmx48sy74s4ma6c6q76e0sx/undao,Undetermined DAO Token,UNDAO,UNDAO,6,,osmosis,factory/osmo1ff6y4hg23c2t34t7j2r86pe5p3cgre6yd5lkmx48sy74s4ma6c6q76e0sx/undao,native,2024-07-23T14:47:57.656Z,2024-03-18T22:43:15.451634,false,chain-metadata
osmosis,factory/osmo1klzcjdcphaangl2gp9cxza9d2g50p7rarf4ktym3wles9gadqjhskzdk0s/stkosmoosmo1323clvaulta,factory/osmo1klzcjdcphaangl2gp9cxza9d2g50p7rarf4ktym3wles9gadqjhskzdk0s/stkosmoosmo1323clvaulta,factory/osmo1klzcjdcphaangl2gp9cxza9d2g50p7rarf4ktym3wles9gadqjhskzdk0s/stkosmoosmo1323clvaulta,factory/osmo1klzcjdcphaangl2gp9cxza9d2g50p7rarf4ktym3wles9gadqjhskzdk0s/stkosmoosmo1323clvaulta,0,,osmosis,factory/osmo1klzcjdcphaangl2gp9cxza9d2g50p7rarf4ktym3wles9gadqjhskzdk0s/stkosmoosmo1323clvaulta,native,2024-07-23T14:47:57.656Z,2024-03-18T22:43:15.451634,false,chain-metadata
osmosis,factory/osmo1j07xfyc3p08flkyfsk29wew9fq23lnrgskgwetmzyu5mxmjqqhtqdpgr4v/qsrosmo1314clvaultupside,factory/osmo1j07xfyc3p08flkyfsk29wew9fq23lnrgskgwetmzyu5mxmjqqhtqdpgr4v/qsrosmo1314clvaultupside,factory/osmo1j07xfyc3p08flkyfsk29wew9fq23lnrgskgwetmzyu5mxmjqqhtqdpgr4v/qsrosmo1314clvaultupside,factory/osmo1j07xfyc3p08flkyfsk29wew9fq23lnrgskgwetmzyu5mxmjqqhtqdpgr4v/qsrosmo1314clvaultupside,0,,osmosis,factory/osmo1j07xfyc3p08flkyfsk29wew9fq23lnrgskgwetmzyu5mxmjqqhtqdpgr4v/qsrosmo1314clvaultupside,native,2024-07-23T14:47:57.656Z,2024-03-18T22:43:15.451634,false,chain-metadata
osmosis,factory/osmo1hsywnpqasj9ufy64w7h7525kcpvq0sa5q9dpmw/sdfsd,factory/osmo1hsywnpqasj9ufy64w7h7525kcpvq0sa5q9dpmw/sdfsd,factory/osmo1hsywnpqasj9ufy64w7h7525kcpvq0sa5q9dpmw/sdfsd,factory/osmo1hsywnpqasj9ufy64w7h7525kcpvq0sa5q9dpmw/sdfsd,0,,osmosis,factory/osmo1hsywnpqasj9ufy64w7h7525kcpvq0sa5q9dpmw/sdfsd,native,2024-07-23T14:47:57.656Z,2024-03-18T22:43:15.451634,false,chain-metadata
osmosis,factory/osmo1kk5cq9d5pd8k265203apth8xpyhg58cvqfy0hcth0q296z3zsdsq2p5js6/VT_4T2/osmosis/cosmoshub-atom_stride-statom:,factory/osmo1kk5cq9d5pd8k265203apth8xpyhg58cvqfy0hcth0q296z3zsdsq2p5js6/VT_4T2/osmosis/cosmoshub-atom_stride-statom:,factory/osmo1kk5cq9d5pd8k265203apth8xpyhg58cvqfy0hcth0q296z3zsdsq2p5js6/VT_4T2/osmosis/cosmoshub-atom_stride-statom:,factory/osmo1kk5cq9d5pd8k265203apth8xpyhg58cvqfy0hcth0q296z3zsdsq2p5js6/VT_4T2/osmosis/cosmoshub-atom_stride-statom:,0,,osmosis,factory/osmo1kk5cq9d5pd8k265203apth8xpyhg58cvqfy0hcth0q296z3zsdsq2p5js6/VT_4T2/osmosis/cosmoshub-atom_stride-statom:,native,2024-07-23T14:47:57.656Z,2024-03-18T22:43:15.451634,false,chain-metadata
osmosis,factory/osmo1jjygfcyx83kp0kssma9svcswsew2szypwgj97j6er2szqx4hlm8sh5cpna/tsst,TestDaoToken,TSST,TSST,6,,osmosis,factory/osmo1jjygfcyx83kp0kssma9svcswsew2szypwgj97j6er2szqx4hlm8sh5cpna/tsst,native,2024-07-23T14:47:57.656Z,2024-03-18T22:43:15.451634,false,chain-metadata
osmosis,factory/osmo1fd33mtk06awg0v2hhd6djcjvvzcv90s8u03qujcjnlu87wm65xjs305mr4/uibcx,,,,0,,osmosis,factory/osmo1fd33mtk06awg0v2hhd6djcjvvzcv90s8u03qujcjnlu87wm65xjs305mr4/uibcx,native,2024-07-23T14:47:57.656Z,2024-03-18T22:43:15.451634,false,chain-metadata
osmosis,factory/osmo1kjqhs2uxdyfrh5yrc7aekys0e8kld74a68cn9e/ANTUS,factory/osmo1kjqhs2uxdyfrh5yrc7aekys0e8kld74a68cn9e/ANTUS,factory/osmo1kjqhs2uxdyfrh5yrc7aekys0e8kld74a68cn9e/ANTUS,factory/osmo1kjqhs2uxdyfrh5yrc7aekys0e8kld74a68cn9e/ANTUS,0,,osmosis,factory/osmo1kjqhs2uxdyfrh5yrc7aekys0e8kld74a68cn9e/ANTUS,native,2024-07-23T14:47:57.656Z,2024-03-18T22:43:15.451634,false,chain-metadata
osmosis,factory/osmo1fw7wc4x7leyf3keud4zdhdnyaanw0sajudg5sgnr93ydjhzmxk6sx84rxe/uibcx,,,,0,,osmosis,factory/osmo1fw7wc4x7leyf3keud4zdhdnyaanw0sajudg5sgnr93ydjhzmxk6sx84rxe/uibcx,native,2024-07-23T14:47:57.656Z,2024-03-18T22:43:15.451634,false,chain-metadata
osmosis,factory/osmo1j5fncvh3w4agy6sn6ndtzsdmjvk8vmchrp39v2pa7va5wk6t2cnq3nrdmm/dydxstdydx1423clvaults,factory/osmo1j5fncvh3w4agy6sn6ndtzsdmjvk8vmchrp39v2pa7va5wk6t2cnq3nrdmm/dydxstdydx1423clvaults,factory/osmo1j5fncvh3w4agy6sn6ndtzsdmjvk8vmchrp39v2pa7va5wk6t2cnq3nrdmm/dydxstdydx1423clvaults,factory/osmo1j5fncvh3w4agy6sn6ndtzsdmjvk8vmchrp39v2pa7va5wk6t2cnq3nrdmm/dydxstdydx1423clvaults,0,,osmosis,factory/osmo1j5fncvh3w4agy6sn6ndtzsdmjvk8vmchrp39v2pa7va5wk6t2cnq3nrdmm/dydxstdydx1423clvaults,native,2024-07-23T14:47:57.656Z,2024-03-18T22:43:15.451634,false,chain-metadata
osmosis,factory/osmo1jk49uwqxa9nk98e5p0y8hszjvjuw5ek9kljf86/ASKAL,factory/osmo1jk49uwqxa9nk98e5p0y8hszjvjuw5ek9kljf86/ASKAL,factory/osmo1jk49uwqxa9nk98e5p0y8hszjvjuw5ek9kljf86/ASKAL,factory/osmo1jk49uwqxa9nk98e5p0y8hszjvjuw5ek9kljf86/ASKAL,0,,osmosis,factory/osmo1jk49uwqxa9nk98e5p0y8hszjvjuw5ek9kljf86/ASKAL,native,2024-07-23T14:47:57.656Z,2024-03-18T22:43:15.451634,false,chain-metadata
osmosis,factory/osmo1hkrjq50vr0e7yp4j7vvvp9033p0c4jze8k9asz/COSMOS,factory/osmo1hkrjq50vr0e7yp4j7vvvp9033p0c4jze8k9asz/COSMOS,factory/osmo1hkrjq50vr0e7yp4j7vvvp9033p0c4jze8k9asz/COSMOS,factory/osmo1hkrjq50vr0e7yp4j7vvvp9033p0c4jze8k9asz/COSMOS,0,,osmosis,factory/osmo1hkrjq50vr0e7yp4j7vvvp9033p0c4jze8k9asz/COSMOS,native,2024-07-23T14:47:57.656Z,2024-03-18T22:43:15.451634,false,chain-metadata
osmosis,factory/osmo1l048efzthcst62kg2wg0czvxj58e2mwju5hes9xdpt6uhcnyv77q48a6rq/dydxusdc1246clvaulta,factory/osmo1l048efzthcst62kg2wg0czvxj58e2mwju5hes9xdpt6uhcnyv77q48a6rq/dydxusdc1246clvaulta,factory/osmo1l048efzthcst62kg2wg0czvxj58e2mwju5hes9xdpt6uhcnyv77q48a6rq/dydxusdc1246clvaulta,factory/osmo1l048efzthcst62kg2wg0czvxj58e2mwju5hes9xdpt6uhcnyv77q48a6rq/dydxusdc1246clvaulta,0,,osmosis,factory/osmo1l048efzthcst62kg2wg0czvxj58e2mwju5hes9xdpt6uhcnyv77q48a6rq/dydxusdc1246clvaulta,native,2024-07-23T14:47:57.656Z,2024-03-18T22:43:15.451634,false,chain-metadata
osmosis,factory/osmo1hgv7e8pjk8jqtfwsypq34y3puqxtald2fyl7ud/NUTS,factory/osmo1hgv7e8pjk8jqtfwsypq34y3puqxtald2fyl7ud/NUTS,factory/osmo1hgv7e8pjk8jqtfwsypq34y3puqxtald2fyl7ud/NUTS,factory/osmo1hgv7e8pjk8jqtfwsypq34y3puqxtald2fyl7ud/NUTS,0,,osmosis,factory/osmo1hgv7e8pjk8jqtfwsypq34y3puqxtald2fyl7ud/NUTS,native,2024-07-23T14:47:57.656Z,2024-03-18T22:43:15.451634,false,chain-metadata
osmosis,factory/osmo1fslrffjsu7mvdgm22p4akz40ccjksccjrk8lcus5dnrapah3u7asf4jp88/qsrosmo1314clvaultsuperwide,factory/osmo1fslrffjsu7mvdgm22p4akz40ccjksccjrk8lcus5dnrapah3u7asf4jp88/qsrosmo1314clvaultsuperwide,factory/osmo1fslrffjsu7mvdgm22p4akz40ccjksccjrk8lcus5dnrapah3u7asf4jp88/qsrosmo1314clvaultsuperwide,factory/osmo1fslrffjsu7mvdgm22p4akz40ccjksccjrk8lcus5dnrapah3u7asf4jp88/qsrosmo1314clvaultsuperwide,0,,osmosis,factory/osmo1fslrffjsu7mvdgm22p4akz40ccjksccjrk8lcus5dnrapah3u7asf4jp88/qsrosmo1314clvaultsuperwide,native,2024-07-23T14:47:57.656Z,2024-03-18T22:43:15.451634,false,chain-metadata
osmosis,factory/osmo1j0esk34dzwwy2hc57mqfz4ky7n6c0fj07hf2mzge2tgvvw8c55rslzj4j9/mvst,ManagementVST,mVST,mVST,6,,osmosis,factory/osmo1j0esk34dzwwy2hc57mqfz4ky7n6c0fj07hf2mzge2tgvvw8c55rslzj4j9/mvst,native,2024-07-23T14:47:57.656Z,2024-03-18T22:43:15.451634,false,chain-metadata
osmosis,factory/osmo1k9q7rrplf2ngwf87g8zmdxes9qdk5x6tk383cnyhyq6urm9jvw5sv755n5/astroport/share,factory/osmo1k9q7rrplf2ngwf87g8zmdxes9qdk5x6tk383cnyhyq6urm9jvw5sv755n5/astroport/share,factory/osmo1k9q7rrplf2ngwf87g8zmdxes9qdk5x6tk383cnyhyq6urm9jvw5sv755n5/astroport/share,factory/osmo1k9q7rrplf2ngwf87g8zmdxes9qdk5x6tk383cnyhyq6urm9jvw5sv755n5/astroport/share,0,,osmosis,factory/osmo1k9q7rrplf2ngwf87g8zmdxes9qdk5x6tk383cnyhyq6urm9jvw5sv755n5/astroport/share,native,2024-07-23T14:47:57.656Z,2024-03-18T22:43:15.451634,false,chain-metadata
osmosis,factory/osmo1hsywnpqasj9ufy64w7h7525kcpvq0sa5q9dpmw/1,factory/osmo1hsywnpqasj9ufy64w7h7525kcpvq0sa5q9dpmw/1,factory/osmo1hsywnpqasj9ufy64w7h7525kcpvq0sa5q9dpmw/1,factory/osmo1hsywnpqasj9ufy64w7h7525kcpvq0sa5q9dpmw/1,0,,osmosis,factory/osmo1hsywnpqasj9ufy64w7h7525kcpvq0sa5q9dpmw/1,native,2024-07-23T14:47:57.656Z,2024-03-18T22:43:15.451634,false,chain-metadata
osmosis,factory/osmo1fnqchd6awqfmals5yh7rm00shpzuutresl0ccraue9tq39jmygns9xa5vn/astroport/share,factory/osmo1fnqchd6awqfmals5yh7rm00shpzuutresl0ccraue9tq39jmygns9xa5vn/astroport/share,factory/osmo1fnqchd6awqfmals5yh7rm00shpzuutresl0ccraue9tq39jmygns9xa5vn/astroport/share,factory/osmo1fnqchd6awqfmals5yh7rm00shpzuutresl0ccraue9tq39jmygns9xa5vn/astroport/share,0,,osmosis,factory/osmo1fnqchd6awqfmals5yh7rm00shpzuutresl0ccraue9tq39jmygns9xa5vn/astroport/share,native,2024-07-23T14:47:57.656Z,2024-03-18T22:43:15.451634,false,chain-metadata
osmosis,factory/osmo1hk4cwg8wv02ter5ehszy9l6jqmqhmsdtgk07vm/CanineCash,factory/osmo1hk4cwg8wv02ter5ehszy9l6jqmqhmsdtgk07vm/CanineCash,factory/osmo1hk4cwg8wv02ter5ehszy9l6jqmqhmsdtgk07vm/CanineCash,factory/osmo1hk4cwg8wv02ter5ehszy9l6jqmqhmsdtgk07vm/CanineCash,0,,osmosis,factory/osmo1hk4cwg8wv02ter5ehszy9l6jqmqhmsdtgk07vm/CanineCash,native,2024-07-23T14:47:57.656Z,2024-03-18T22:43:15.451634,false,chain-metadata
osmosis,factory/osmo1hu9u6upjpp59zh4uqdx89h5gea9q5q67tykl9xsxn6hfttgaquuq3x22dm/pkd,Pokedex,Pkd,Pkd,6,,osmosis,factory/osmo1hu9u6upjpp59zh4uqdx89h5gea9q5q67tykl9xsxn6hfttgaquuq3x22dm/pkd,native,2024-07-23T14:47:57.656Z,2024-03-18T22:43:15.451634,false,chain-metadata
osmosis,factory/osmo1lhs6kyuxytu4suua0qf88z5057wzpxs77tyrlgztw2uctcy75hcqf2ajrt/VaultToken/674/14d/DAI/OSMO,,,,0,,osmosis,factory/osmo1lhs6kyuxytu4suua0qf88z5057wzpxs77tyrlgztw2uctcy75hcqf2ajrt/VaultToken/674/14d/DAI/OSMO,native,2024-07-23T14:47:57.656Z,2024-03-18T22:43:15.451634,false,chain-metadata
osmosis,factory/osmo1jq30cd6vdy9x4pe09kr2dartt53mfvxtkqn7mt93m6aqa4c2vxsswuv52f/osmousdt1077clvaulta,,,,0,,osmosis,factory/osmo1jq30cd6vdy9x4pe09kr2dartt53mfvxtkqn7mt93m6aqa4c2vxsswuv52f/osmousdt1077clvaulta,native,2024-07-23T14:47:57.656Z,2024-03-18T22:43:15.451634,false,chain-metadata
osmosis,factory/osmo1k6gvluvf8z3uwug3x6nuw0f445jxvawrtuxk43/PAYPAL,factory/osmo1k6gvluvf8z3uwug3x6nuw0f445jxvawrtuxk43/PAYPAL,factory/osmo1k6gvluvf8z3uwug3x6nuw0f445jxvawrtuxk43/PAYPAL,factory/osmo1k6gvluvf8z3uwug3x6nuw0f445jxvawrtuxk43/PAYPAL,0,,osmosis,factory/osmo1k6gvluvf8z3uwug3x6nuw0f445jxvawrtuxk43/PAYPAL,native,2024-07-23T14:47:57.656Z,2024-03-18T22:43:15.451634,false,chain-metadata
osmosis,factory/osmo1hsywnpqasj9ufy64w7h7525kcpvq0sa5q9dpmw/aa1,factory/osmo1hsywnpqasj9ufy64w7h7525kcpvq0sa5q9dpmw/aa1,factory/osmo1hsywnpqasj9ufy64w7h7525kcpvq0sa5q9dpmw/aa1,factory/osmo1hsywnpqasj9ufy64w7h7525kcpvq0sa5q9dpmw/aa1,0,,osmosis,factory/osmo1hsywnpqasj9ufy64w7h7525kcpvq0sa5q9dpmw/aa1,native,2024-07-23T14:47:57.656Z,2024-03-18T22:43:15.451634,false,chain-metadata
osmosis,factory/osmo1g3kmqpp8608szfp0pdag3r6z85npph7wmccat8lgl3mp407kv73qlj7qwp/VaultToken/1/14d/ATOM/OSMO,,,,0,,osmosis,factory/osmo1g3kmqpp8608szfp0pdag3r6z85npph7wmccat8lgl3mp407kv73qlj7qwp/VaultToken/1/14d/ATOM/OSMO,native,2024-07-23T14:47:57.656Z,2024-03-18T22:43:15.451634,false,chain-metadata
osmosis,factory/osmo1f9xmnj8jgnqgchddl42yp6f3txwfz3hyymzpav9stld7nl5sxn0s3cjmpp/bntt,Buffalo Nation Trust Tokens,BNTT,BNTT,6,,osmosis,factory/osmo1f9xmnj8jgnqgchddl42yp6f3txwfz3hyymzpav9stld7nl5sxn0s3cjmpp/bntt,native,2024-07-23T14:47:57.656Z,2024-03-18T22:43:15.451634,false,chain-metadata
osmosis,factory/osmo1k6gvluvf8z3uwug3x6nuw0f445jxvawrtuxk43/eth,factory/osmo1k6gvluvf8z3uwug3x6nuw0f445jxvawrtuxk43/eth,factory/osmo1k6gvluvf8z3uwug3x6nuw0f445jxvawrtuxk43/eth,factory/osmo1k6gvluvf8z3uwug3x6nuw0f445jxvawrtuxk43/eth,0,,osmosis,factory/osmo1k6gvluvf8z3uwug3x6nuw0f445jxvawrtuxk43/eth,native,2024-07-23T14:47:57.656Z,2024-03-18T22:43:15.451634,false,chain-metadata
osmosis,factory/osmo1jwe0hq84cvnfpfn3yvvffcxpe0wjtj3s0jtrs6xsjx6z4zca043qzhht0r/osmousdt1077clvaultm,,,,0,,osmosis,factory/osmo1jwe0hq84cvnfpfn3yvvffcxpe0wjtj3s0jtrs6xsjx6z4zca043qzhht0r/osmousdt1077clvaultm,native,2024-07-23T14:47:57.656Z,2024-03-18T22:43:15.451634,false,chain-metadata
osmosis,factory/osmo1lf6q6g3zvkzgvwwkpfhwzu6svryels77sfn6evu9239x325p962qsdpnhr/osmoeth1134clvaulta,factory/osmo1lf6q6g3zvkzgvwwkpfhwzu6svryels77sfn6evu9239x325p962qsdpnhr/osmoeth1134clvaulta,factory/osmo1lf6q6g3zvkzgvwwkpfhwzu6svryels77sfn6evu9239x325p962qsdpnhr/osmoeth1134clvaulta,factory/osmo1lf6q6g3zvkzgvwwkpfhwzu6svryels77sfn6evu9239x325p962qsdpnhr/osmoeth1134clvaulta,0,,osmosis,factory/osmo1lf6q6g3zvkzgvwwkpfhwzu6svryels77sfn6evu9239x325p962qsdpnhr/osmoeth1134clvaulta,native,2024-07-23T14:47:57.656Z,2024-03-18T22:43:15.451634,false,chain-metadata
osmosis,factory/osmo1jmjnwq26f4d90t9htzagl7llfznnrglpfl0m4a94lnr3kr0fr4asgjmf8p/osmousdc1133clvaultm,,,,0,,osmosis,factory/osmo1jmjnwq26f4d90t9htzagl7llfznnrglpfl0m4a94lnr3kr0fr4asgjmf8p/osmousdc1133clvaultm,native,2024-07-23T14:47:57.656Z,2024-03-18T22:43:15.451634,false,chain-metadata
osmosis,factory/osmo1mc8x6etdnnxa95upmw4scccdynzquyajchhptv/SunnyLoboJakeWon10Inu,factory/osmo1mc8x6etdnnxa95upmw4scccdynzquyajchhptv/SunnyLoboJakeWon10Inu,factory/osmo1mc8x6etdnnxa95upmw4scccdynzquyajchhptv/SunnyLoboJakeWon10Inu,factory/osmo1mc8x6etdnnxa95upmw4scccdynzquyajchhptv/SunnyLoboJakeWon10Inu,0,,osmosis,factory/osmo1mc8x6etdnnxa95upmw4scccdynzquyajchhptv/SunnyLoboJakeWon10Inu,native,2024-07-23T14:47:57.657Z,2024-03-18T22:43:15.451634,false,chain-metadata
osmosis,factory/osmo1mp5dhclt05938jzl386rqhndc4rexfmgrcm8za/uzucho,factory/osmo1mp5dhclt05938jzl386rqhndc4rexfmgrcm8za/uzucho,factory/osmo1mp5dhclt05938jzl386rqhndc4rexfmgrcm8za/uzucho,factory/osmo1mp5dhclt05938jzl386rqhndc4rexfmgrcm8za/uzucho,0,,osmosis,factory/osmo1mp5dhclt05938jzl386rqhndc4rexfmgrcm8za/uzucho,native,2024-07-23T14:47:57.657Z,2024-03-18T22:43:15.451634,false,chain-metadata
osmosis,factory/osmo1n2edap75j2g3g23a5yh82t7j5ppt5c33krkdm426e9fucectar8qa9hljn/tiausdc1247clvaulta,factory/osmo1n2edap75j2g3g23a5yh82t7j5ppt5c33krkdm426e9fucectar8qa9hljn/tiausdc1247clvaulta,factory/osmo1n2edap75j2g3g23a5yh82t7j5ppt5c33krkdm426e9fucectar8qa9hljn/tiausdc1247clvaulta,factory/osmo1n2edap75j2g3g23a5yh82t7j5ppt5c33krkdm426e9fucectar8qa9hljn/tiausdc1247clvaulta,0,,osmosis,factory/osmo1n2edap75j2g3g23a5yh82t7j5ppt5c33krkdm426e9fucectar8qa9hljn/tiausdc1247clvaulta,native,2024-07-23T14:47:57.657Z,2024-03-18T22:43:15.451634,false,chain-metadata
osmosis,factory/osmo1mnyupgladzt6mwts6njt49xr6w0u5fgnsumep8p548zfa04h667q3d42ex/life,LIFE Coin,LIFE,LIFE,6,,osmosis,factory/osmo1mnyupgladzt6mwts6njt49xr6w0u5fgnsumep8p548zfa04h667q3d42ex/life,native,2024-07-23T14:47:57.657Z,2024-03-18T22:43:15.451634,false,chain-metadata
osmosis,factory/osmo1nqc9lk9tr472jxa9gxvxlamxnr67vcvp0l8mnz/OSMOTIC,factory/osmo1nqc9lk9tr472jxa9gxvxlamxnr67vcvp0l8mnz/OSMOTIC,factory/osmo1nqc9lk9tr472jxa9gxvxlamxnr67vcvp0l8mnz/OSMOTIC,factory/osmo1nqc9lk9tr472jxa9gxvxlamxnr67vcvp0l8mnz/OSMOTIC,0,,osmosis,factory/osmo1nqc9lk9tr472jxa9gxvxlamxnr67vcvp0l8mnz/OSMOTIC,native,2024-07-23T14:47:57.657Z,2024-03-18T22:43:15.451634,false,chain-metadata
osmosis,factory/osmo1phaxpevm5wecex2jyaqty2a4v02qj7qmlmzk5a/AUTO,,,,0,,osmosis,factory/osmo1phaxpevm5wecex2jyaqty2a4v02qj7qmlmzk5a/AUTO,native,2024-07-23T14:47:57.657Z,2024-03-18T22:43:15.451634,false,chain-metadata
osmosis,factory/osmo1nqnu59dcz45zsvc49ec2q8w23m2tf4h3eynsxx8cmgmqzcgyax4q7clvwk/astroport/share,factory/osmo1nqnu59dcz45zsvc49ec2q8w23m2tf4h3eynsxx8cmgmqzcgyax4q7clvwk/astroport/share,factory/osmo1nqnu59dcz45zsvc49ec2q8w23m2tf4h3eynsxx8cmgmqzcgyax4q7clvwk/astroport/share,factory/osmo1nqnu59dcz45zsvc49ec2q8w23m2tf4h3eynsxx8cmgmqzcgyax4q7clvwk/astroport/share,0,,osmosis,factory/osmo1nqnu59dcz45zsvc49ec2q8w23m2tf4h3eynsxx8cmgmqzcgyax4q7clvwk/astroport/share,native,2024-07-23T14:47:57.657Z,2024-03-18T22:43:15.451634,false,chain-metadata
osmosis,factory/osmo1m9e4cks405tvzlppkw64znr35vkvujvptrdqtgu5q6luk4ccw9qqeuenwd/VaultToken/812/14d/AXL/OSMO,,,,0,,osmosis,factory/osmo1m9e4cks405tvzlppkw64znr35vkvujvptrdqtgu5q6luk4ccw9qqeuenwd/VaultToken/812/14d/AXL/OSMO,native,2024-07-23T14:47:57.657Z,2024-03-18T22:43:15.451634,false,chain-metadata
osmosis,factory/osmo1p4zqs5y2w5srzd2vesznzu5ql8wfq9tpz3e7mf2j3y07nxrtkdes5r5g0t/VaultToken/833/14d/stOSMO/OSMO,,,,0,,osmosis,factory/osmo1p4zqs5y2w5srzd2vesznzu5ql8wfq9tpz3e7mf2j3y07nxrtkdes5r5g0t/VaultToken/833/14d/stOSMO/OSMO,native,2024-07-23T14:47:57.657Z,2024-03-18T22:43:15.451634,false,chain-metadata
osmosis,factory/osmo1nf4ptu5j6w7gc23hut4zudy6p8fenh4zary8ue/SISOMSO,factory/osmo1nf4ptu5j6w7gc23hut4zudy6p8fenh4zary8ue/SISOMSO,factory/osmo1nf4ptu5j6w7gc23hut4zudy6p8fenh4zary8ue/SISOMSO,factory/osmo1nf4ptu5j6w7gc23hut4zudy6p8fenh4zary8ue/SISOMSO,0,,osmosis,factory/osmo1nf4ptu5j6w7gc23hut4zudy6p8fenh4zary8ue/SISOMSO,native,2024-07-23T14:47:57.657Z,2024-03-18T22:43:15.451634,false,chain-metadata
osmosis,factory/osmo1nkjck7774semslqk6f8n058m4gwcw5spqtza0hrjf8e2kshn4x6svjrc0m/uLP,factory/osmo1nkjck7774semslqk6f8n058m4gwcw5spqtza0hrjf8e2kshn4x6svjrc0m/uLP,factory/osmo1nkjck7774semslqk6f8n058m4gwcw5spqtza0hrjf8e2kshn4x6svjrc0m/uLP,factory/osmo1nkjck7774semslqk6f8n058m4gwcw5spqtza0hrjf8e2kshn4x6svjrc0m/uLP,0,,osmosis,factory/osmo1nkjck7774semslqk6f8n058m4gwcw5spqtza0hrjf8e2kshn4x6svjrc0m/uLP,native,2024-07-23T14:47:57.657Z,2024-03-18T22:43:15.451634,false,chain-metadata
osmosis,factory/osmo1n6vyg9jl4l98lde4qfv3m30gj6n3rw8wv8m0sd/IBC,factory/osmo1n6vyg9jl4l98lde4qfv3m30gj6n3rw8wv8m0sd/IBC,factory/osmo1n6vyg9jl4l98lde4qfv3m30gj6n3rw8wv8m0sd/IBC,factory/osmo1n6vyg9jl4l98lde4qfv3m30gj6n3rw8wv8m0sd/IBC,0,,osmosis,factory/osmo1n6vyg9jl4l98lde4qfv3m30gj6n3rw8wv8m0sd/IBC,native,2024-07-23T14:47:57.657Z,2024-03-18T22:43:15.451634,false,chain-metadata
osmosis,factory/osmo1nupntuftssuuthr6thmz5xcpltqw2295a2jskc9exldc2kjjrdqqyc8nkh/osmousdt1077clvaultaSKN,factory/osmo1nupntuftssuuthr6thmz5xcpltqw2295a2jskc9exldc2kjjrdqqyc8nkh/osmousdt1077clvaultaSKN,factory/osmo1nupntuftssuuthr6thmz5xcpltqw2295a2jskc9exldc2kjjrdqqyc8nkh/osmousdt1077clvaultaSKN,factory/osmo1nupntuftssuuthr6thmz5xcpltqw2295a2jskc9exldc2kjjrdqqyc8nkh/osmousdt1077clvaultaSKN,0,,osmosis,factory/osmo1nupntuftssuuthr6thmz5xcpltqw2295a2jskc9exldc2kjjrdqqyc8nkh/osmousdt1077clvaultaSKN,native,2024-07-23T14:47:57.657Z,2024-03-18T22:43:15.451634,false,chain-metadata
osmosis,factory/osmo1m9hn9sjk3tudx6fmjlefk45eml2exsa2gaa5vpyey82ypms78dnqc235an/VaultToken/584/14d/SCRT/OSMO,,,,0,,osmosis,factory/osmo1m9hn9sjk3tudx6fmjlefk45eml2exsa2gaa5vpyey82ypms78dnqc235an/VaultToken/584/14d/SCRT/OSMO,native,2024-07-23T14:47:57.657Z,2024-03-18T22:43:15.451634,false,chain-metadata
osmosis,factory/osmo1u4ppw4mxp00znxq5ll834dgr7ctd7jrp5hrzshch5ngfpwmp2fqsputgsx/sttiatia1428clvaults,factory/osmo1u4ppw4mxp00znxq5ll834dgr7ctd7jrp5hrzshch5ngfpwmp2fqsputgsx/sttiatia1428clvaults,factory/osmo1u4ppw4mxp00znxq5ll834dgr7ctd7jrp5hrzshch5ngfpwmp2fqsputgsx/sttiatia1428clvaults,factory/osmo1u4ppw4mxp00znxq5ll834dgr7ctd7jrp5hrzshch5ngfpwmp2fqsputgsx/sttiatia1428clvaults,0,,osmosis,factory/osmo1u4ppw4mxp00znxq5ll834dgr7ctd7jrp5hrzshch5ngfpwmp2fqsputgsx/sttiatia1428clvaults,native,2024-07-23T14:47:57.678Z,2024-03-18T22:43:15.451634,false,chain-metadata
osmosis,factory/osmo1vk3kyfdswfxn7gwprn8fmflfskvp585wm2jnku2up0u7l0l7flcqt7nfqu/astroport/share,factory/osmo1vk3kyfdswfxn7gwprn8fmflfskvp585wm2jnku2up0u7l0l7flcqt7nfqu/astroport/share,factory/osmo1vk3kyfdswfxn7gwprn8fmflfskvp585wm2jnku2up0u7l0l7flcqt7nfqu/astroport/share,factory/osmo1vk3kyfdswfxn7gwprn8fmflfskvp585wm2jnku2up0u7l0l7flcqt7nfqu/astroport/share,0,,osmosis,factory/osmo1vk3kyfdswfxn7gwprn8fmflfskvp585wm2jnku2up0u7l0l7flcqt7nfqu/astroport/share,native,2024-07-23T14:47:57.678Z,2024-03-18T22:43:15.451634,false,chain-metadata
osmosis,factory/osmo1w754akfaeppu57j2rka76e49grctfpnyh6pd8h/SUNNY,factory/osmo1w754akfaeppu57j2rka76e49grctfpnyh6pd8h/SUNNY,factory/osmo1w754akfaeppu57j2rka76e49grctfpnyh6pd8h/SUNNY,factory/osmo1w754akfaeppu57j2rka76e49grctfpnyh6pd8h/SUNNY,0,,osmosis,factory/osmo1w754akfaeppu57j2rka76e49grctfpnyh6pd8h/SUNNY,native,2024-07-23T14:47:57.678Z,2024-03-18T22:43:15.451634,false,chain-metadata
osmosis,factory/osmo1sz86q08ayzxurw66t5j0kfvesxaxugpmhfa4ks/SCIAMPA,factory/osmo1sz86q08ayzxurw66t5j0kfvesxaxugpmhfa4ks/SCIAMPA,factory/osmo1sz86q08ayzxurw66t5j0kfvesxaxugpmhfa4ks/SCIAMPA,factory/osmo1sz86q08ayzxurw66t5j0kfvesxaxugpmhfa4ks/SCIAMPA,0,,osmosis,factory/osmo1sz86q08ayzxurw66t5j0kfvesxaxugpmhfa4ks/SCIAMPA,native,2024-07-23T14:47:57.678Z,2024-03-18T22:43:15.451634,false,chain-metadata
osmosis,factory/osmo1rhe5leyt5w0mcwd9rpp93zqn99yktsxv0dny03/factory-coin,factory/osmo1rhe5leyt5w0mcwd9rpp93zqn99yktsxv0dny03/factory-coin,factory/osmo1rhe5leyt5w0mcwd9rpp93zqn99yktsxv0dny03/factory-coin,factory/osmo1rhe5leyt5w0mcwd9rpp93zqn99yktsxv0dny03/factory-coin,0,,osmosis,factory/osmo1rhe5leyt5w0mcwd9rpp93zqn99yktsxv0dny03/factory-coin,native,2024-07-23T14:47:57.678Z,2024-03-18T22:43:15.451634,false,chain-metadata
osmosis,factory/osmo1w3uuvkrjpx6r2jceyu0mdqvwtj8nf230g4vvtduysrj490hhpz9s3wn66w/one,One Civilization,ONE,ONE,6,,osmosis,factory/osmo1w3uuvkrjpx6r2jceyu0mdqvwtj8nf230g4vvtduysrj490hhpz9s3wn66w/one,native,2024-07-23T14:47:57.678Z,2024-03-18T22:43:15.451634,false,chain-metadata
osmosis,factory/osmo1qg4dta8f3h988cznyjsc2ekf8c95y7yujshrfd/bliss,factory/osmo1qg4dta8f3h988cznyjsc2ekf8c95y7yujshrfd/bliss,factory/osmo1qg4dta8f3h988cznyjsc2ekf8c95y7yujshrfd/bliss,factory/osmo1qg4dta8f3h988cznyjsc2ekf8c95y7yujshrfd/bliss,0,,osmosis,factory/osmo1qg4dta8f3h988cznyjsc2ekf8c95y7yujshrfd/bliss,native,2024-07-23T14:47:57.678Z,2024-03-18T22:43:15.451634,false,chain-metadata
osmosis,factory/osmo1w2dqd98hzu4ydku5hhv3f0gc468jdlayrqeqedrjxwrq62m7yekqrgvlyu/uibcx,,,,0,,osmosis,factory/osmo1w2dqd98hzu4ydku5hhv3f0gc468jdlayrqeqedrjxwrq62m7yekqrgvlyu/uibcx,native,2024-07-23T14:47:57.678Z,2024-03-18T22:43:15.451634,false,chain-metadata
osmosis,factory/osmo1udjrpadelgsrf09lcafm8xlr4gmwn2ssl9ruscrgj5ga206gedsq0ulvrc/transmuter/poolshare,,,,0,,osmosis,factory/osmo1udjrpadelgsrf09lcafm8xlr4gmwn2ssl9ruscrgj5ga206gedsq0ulvrc/transmuter/poolshare,native,2024-07-23T14:47:57.678Z,2024-03-18T22:43:15.451634,false,chain-metadata
osmosis,factory/osmo1smz59tke7xtpmjwppkp7ekqxhancf28lqjnrpvy8m9fwdatven9stl4xlz/stare,Stare at the Sun,STARE,STARE,6,,osmosis,factory/osmo1smz59tke7xtpmjwppkp7ekqxhancf28lqjnrpvy8m9fwdatven9stl4xlz/stare,native,2024-07-23T14:47:57.678Z,2024-03-18T22:43:15.451634,false,chain-metadata
osmosis,factory/osmo1r235f4tdkwrsnj3mdm9hf647l754y6g6xsmz0nas5r4vr5tda3qsgtftef/VaultToken/704/14d/WETH/OSMO,,,,0,,osmosis,factory/osmo1r235f4tdkwrsnj3mdm9hf647l754y6g6xsmz0nas5r4vr5tda3qsgtftef/VaultToken/704/14d/WETH/OSMO,native,2024-07-23T14:47:57.678Z,2024-03-18T22:43:15.451634,false,chain-metadata
osmosis,factory/osmo1qajgwrcce9srkq370pa9ew96dyk4hajyyk6rfpuexrktm8862xnst443kp/VaultToken/837/14d/IST/OSMO,,,,0,,osmosis,factory/osmo1qajgwrcce9srkq370pa9ew96dyk4hajyyk6rfpuexrktm8862xnst443kp/VaultToken/837/14d/IST/OSMO,native,2024-07-23T14:47:57.678Z,2024-03-18T22:43:15.451634,false,chain-metadata
osmosis,factory/osmo1qw0seay47y8m96l774zm4x4k77v2ewr5rmgp86/test,factory/osmo1qw0seay47y8m96l774zm4x4k77v2ewr5rmgp86/test,factory/osmo1qw0seay47y8m96l774zm4x4k77v2ewr5rmgp86/test,factory/osmo1qw0seay47y8m96l774zm4x4k77v2ewr5rmgp86/test,0,,osmosis,factory/osmo1qw0seay47y8m96l774zm4x4k77v2ewr5rmgp86/test,native,2024-07-23T14:47:57.678Z,2024-03-18T22:43:15.451634,false,chain-metadata
osmosis,factory/osmo1tyrmsl3n86c853tf3dxkzn00v4vjylcp6mat3s/upaw,PAW,PAW,paw,6,,osmosis,factory/osmo1tyrmsl3n86c853tf3dxkzn00v4vjylcp6mat3s/upaw,native,2024-07-23T14:47:57.678Z,2024-03-18T22:43:15.451634,false,chain-metadata
osmosis,factory/osmo1w8e2wyzhrg3y5ghe9yg0xn0u7548e627zs7xahfvn5l63ry2x8zstaraxs/uLP,factory/osmo1w8e2wyzhrg3y5ghe9yg0xn0u7548e627zs7xahfvn5l63ry2x8zstaraxs/uLP,factory/osmo1w8e2wyzhrg3y5ghe9yg0xn0u7548e627zs7xahfvn5l63ry2x8zstaraxs/uLP,factory/osmo1w8e2wyzhrg3y5ghe9yg0xn0u7548e627zs7xahfvn5l63ry2x8zstaraxs/uLP,0,,osmosis,factory/osmo1w8e2wyzhrg3y5ghe9yg0xn0u7548e627zs7xahfvn5l63ry2x8zstaraxs/uLP,native,2024-07-23T14:47:57.678Z,2024-03-18T22:43:15.451634,false,chain-metadata
osmosis,factory/osmo1rkv6vcmty4rpypuxp2a6a0y5ze4ztm3y6d6xwy5a7cye85f7reqsm85c5s/VaultToken/722/14d/EVMOS/OSMO,,,,0,,osmosis,factory/osmo1rkv6vcmty4rpypuxp2a6a0y5ze4ztm3y6d6xwy5a7cye85f7reqsm85c5s/VaultToken/722/14d/EVMOS/OSMO,native,2024-07-23T14:47:57.678Z,2024-03-18T22:43:15.451634,false,chain-metadata
osmosis,factory/osmo1qg875jgvd63dxl2g45mwy6qh02d3p3f7zmjkxq/HYTE,factory/osmo1qg875jgvd63dxl2g45mwy6qh02d3p3f7zmjkxq/HYTE,factory/osmo1qg875jgvd63dxl2g45mwy6qh02d3p3f7zmjkxq/HYTE,factory/osmo1qg875jgvd63dxl2g45mwy6qh02d3p3f7zmjkxq/HYTE,0,,osmosis,factory/osmo1qg875jgvd63dxl2g45mwy6qh02d3p3f7zmjkxq/HYTE,native,2024-07-23T14:47:57.678Z,2024-03-18T22:43:15.451634,false,chain-metadata
osmosis,factory/osmo1rvqhc4yp8aqvsuz0wv23lewa4ucgvzvjv6zrdktcp39c6h5nd09q98r9tt/ctc,ctaurus,ctc,ctc,6,,osmosis,factory/osmo1rvqhc4yp8aqvsuz0wv23lewa4ucgvzvjv6zrdktcp39c6h5nd09q98r9tt/ctc,native,2024-07-23T14:47:57.678Z,2024-03-18T22:43:15.451634,false,chain-metadata
osmosis,factory/osmo1t07v4996zca9cxh6f498xnjcdfjvrune67fnsf4fsthzx9lrrktqnlpuv6/VT_4T2/osmosis/picasso-pica_osmosis-osmo:con,factory/osmo1t07v4996zca9cxh6f498xnjcdfjvrune67fnsf4fsthzx9lrrktqnlpuv6/VT_4T2/osmosis/picasso-pica_osmosis-osmo:con,factory/osmo1t07v4996zca9cxh6f498xnjcdfjvrune67fnsf4fsthzx9lrrktqnlpuv6/VT_4T2/osmosis/picasso-pica_osmosis-osmo:con,factory/osmo1t07v4996zca9cxh6f498xnjcdfjvrune67fnsf4fsthzx9lrrktqnlpuv6/VT_4T2/osmosis/picasso-pica_osmosis-osmo:con,0,,osmosis,factory/osmo1t07v4996zca9cxh6f498xnjcdfjvrune67fnsf4fsthzx9lrrktqnlpuv6/VT_4T2/osmosis/picasso-pica_osmosis-osmo:con,native,2024-07-23T14:47:57.678Z,2024-03-18T22:43:15.451634,false,chain-metadata
osmosis,factory/osmo1rt94tf24fm42qpnqvjm5tsr2t5k2rgtl0m0ykf4r5wm03czcysysce0k3z/tst,Test Dao Token,TST,TST,6,,osmosis,factory/osmo1rt94tf24fm42qpnqvjm5tsr2t5k2rgtl0m0ykf4r5wm03czcysysce0k3z/tst,native,2024-07-23T14:47:57.678Z,2024-03-18T22:43:15.451634,false,chain-metadata
osmosis,factory/osmo1vl2z5zr868hz42vsfrkegr27l58a7taskqmcm9/Raindollar,factory/osmo1vl2z5zr868hz42vsfrkegr27l58a7taskqmcm9/Raindollar,factory/osmo1vl2z5zr868hz42vsfrkegr27l58a7taskqmcm9/Raindollar,factory/osmo1vl2z5zr868hz42vsfrkegr27l58a7taskqmcm9/Raindollar,0,,osmosis,factory/osmo1vl2z5zr868hz42vsfrkegr27l58a7taskqmcm9/Raindollar,native,2024-07-23T14:47:57.678Z,2024-03-18T22:43:15.451634,false,chain-metadata
osmosis,factory/osmo1w754akfaeppu57j2rka76e49grctfpnyh6pd8h/MILK,factory/osmo1w754akfaeppu57j2rka76e49grctfpnyh6pd8h/MILK,factory/osmo1w754akfaeppu57j2rka76e49grctfpnyh6pd8h/MILK,factory/osmo1w754akfaeppu57j2rka76e49grctfpnyh6pd8h/MILK,0,,osmosis,factory/osmo1w754akfaeppu57j2rka76e49grctfpnyh6pd8h/MILK,native,2024-07-23T14:47:57.678Z,2024-03-18T22:43:15.451634,false,chain-metadata
osmosis,factory/osmo1ty695n07an8gcnne2cqs6qmlhkvuzhznvpdw68jst6n26d24zm8s6wa92r/cbg,CosmosBG,CBG,CBG,6,,osmosis,factory/osmo1ty695n07an8gcnne2cqs6qmlhkvuzhznvpdw68jst6n26d24zm8s6wa92r/cbg,native,2024-07-23T14:47:57.678Z,2024-03-18T22:43:15.451634,false,chain-metadata
osmosis,factory/osmo1vvmvqzt3qr4hn952qvqn00f92walwuak0fx9rcynd0043jjdt6lsrft4fd/act,ACT Token,ACT,ACT,6,,osmosis,factory/osmo1vvmvqzt3qr4hn952qvqn00f92walwuak0fx9rcynd0043jjdt6lsrft4fd/act,native,2024-07-23T14:47:57.678Z,2024-03-18T22:43:15.451634,false,chain-metadata
osmosis,factory/osmo1sd8zxejc50nk6je779dunh26w5zxgaxhhj4jqmazjl6nsj584aeqa927qs/axlosmo1094clvaultnw,factory/osmo1sd8zxejc50nk6je779dunh26w5zxgaxhhj4jqmazjl6nsj584aeqa927qs/axlosmo1094clvaultnw,factory/osmo1sd8zxejc50nk6je779dunh26w5zxgaxhhj4jqmazjl6nsj584aeqa927qs/axlosmo1094clvaultnw,factory/osmo1sd8zxejc50nk6je779dunh26w5zxgaxhhj4jqmazjl6nsj584aeqa927qs/axlosmo1094clvaultnw,0,,osmosis,factory/osmo1sd8zxejc50nk6je779dunh26w5zxgaxhhj4jqmazjl6nsj584aeqa927qs/axlosmo1094clvaultnw,native,2024-07-23T14:47:57.678Z,2024-03-18T22:43:15.451634,false,chain-metadata
osmosis,factory/osmo1upvuv0sw3uwdncl92pqp7lp2hplnda9qeh3xdua73xpg3559ecsshs8cyl/aero,AERO DAO Token,AERO,AERO,6,,osmosis,factory/osmo1upvuv0sw3uwdncl92pqp7lp2hplnda9qeh3xdua73xpg3559ecsshs8cyl/aero,native,2024-07-23T14:47:57.678Z,2024-03-18T22:43:15.451634,false,chain-metadata
osmosis,factory/osmo1rkajce9wr99hlagzeuc689zyvnjemrums3qwgd93r62qygtkzk8slgytza/stare,Stare at the Sun,STARE,STARE,6,,osmosis,factory/osmo1rkajce9wr99hlagzeuc689zyvnjemrums3qwgd93r62qygtkzk8slgytza/stare,native,2024-07-23T14:47:57.678Z,2024-03-18T22:43:15.451634,false,chain-metadata
osmosis,factory/osmo1w6eld23s0vsswfq4vk25cjsghsgxz62rvu06r4puktan7dela0wstxy0j3/sail,SAIL,SAIL,SAIL,6,,osmosis,factory/osmo1w6eld23s0vsswfq4vk25cjsghsgxz62rvu06r4puktan7dela0wstxy0j3/sail,native,2024-07-23T14:47:57.678Z,2024-03-18T22:43:15.451634,false,chain-metadata
osmosis,factory/osmo1wmgx8grg5ufquv0pjtjtzu3uae0fttn39khzgtzj2ds07nzgcq2str2fzv/fake,Fake dao,Fake,Fake,6,,osmosis,factory/osmo1wmgx8grg5ufquv0pjtjtzu3uae0fttn39khzgtzj2ds07nzgcq2str2fzv/fake,native,2024-07-23T14:47:57.679Z,2024-03-18T22:43:15.451634,false,chain-metadata
osmosis,gamm/pool/1019,,,GAMM-1019,18,,osmosis,gamm/pool/1019,native,2024-07-23T14:47:57.679Z,2024-03-18T22:43:15.451634,false,chain-metadata
osmosis,factory/osmo1yh9yqsnygf9v2qruxyzzez7h06xfcu7h5qax92/Gyatt,factory/osmo1yh9yqsnygf9v2qruxyzzez7h06xfcu7h5qax92/Gyatt,factory/osmo1yh9yqsnygf9v2qruxyzzez7h06xfcu7h5qax92/Gyatt,factory/osmo1yh9yqsnygf9v2qruxyzzez7h06xfcu7h5qax92/Gyatt,0,,osmosis,factory/osmo1yh9yqsnygf9v2qruxyzzez7h06xfcu7h5qax92/Gyatt,native,2024-07-23T14:47:57.679Z,2024-03-18T22:43:15.451634,false,chain-metadata
osmosis,factory/osmo1wev8ptzj27aueu04wgvvl4gvurax6rj5p5lw4u/MPWR,,,,0,,osmosis,factory/osmo1wev8ptzj27aueu04wgvvl4gvurax6rj5p5lw4u/MPWR,native,2024-07-23T14:47:57.679Z,2024-03-18T22:43:15.451634,false,chain-metadata
osmosis,gamm/pool/1006,,,GAMM-1006,18,,osmosis,gamm/pool/1006,native,2024-07-23T14:47:57.679Z,2024-03-18T22:43:15.451634,false,chain-metadata
osmosis,factory/osmo1yd27m4hzl9vykkma9vlklh7zl4nem3ms2d2umf/BEST,factory/osmo1yd27m4hzl9vykkma9vlklh7zl4nem3ms2d2umf/BEST,factory/osmo1yd27m4hzl9vykkma9vlklh7zl4nem3ms2d2umf/BEST,factory/osmo1yd27m4hzl9vykkma9vlklh7zl4nem3ms2d2umf/BEST,0,,osmosis,factory/osmo1yd27m4hzl9vykkma9vlklh7zl4nem3ms2d2umf/BEST,native,2024-07-23T14:47:57.679Z,2024-03-18T22:43:15.451634,false,chain-metadata
osmosis,gamm/pool/1023,,,GAMM-1023,18,,osmosis,gamm/pool/1023,native,2024-07-23T14:47:57.679Z,2024-03-18T22:43:15.451634,false,chain-metadata
osmosis,gamm/pool/1002,,,GAMM-1002,18,,osmosis,gamm/pool/1002,native,2024-07-23T14:47:57.679Z,2024-03-18T22:43:15.451634,false,chain-metadata
osmosis,gamm/pool/102,,,GAMM-102,18,,osmosis,gamm/pool/102,native,2024-07-23T14:47:57.679Z,2024-03-18T22:43:15.451634,false,chain-metadata
osmosis,factory/osmo1xpt4ynpf5ggpskj70l2mypdkgxz3mjrgdkf7w7/CHATTEADD,factory/osmo1xpt4ynpf5ggpskj70l2mypdkgxz3mjrgdkf7w7/CHATTEADD,factory/osmo1xpt4ynpf5ggpskj70l2mypdkgxz3mjrgdkf7w7/CHATTEADD,factory/osmo1xpt4ynpf5ggpskj70l2mypdkgxz3mjrgdkf7w7/CHATTEADD,0,,osmosis,factory/osmo1xpt4ynpf5ggpskj70l2mypdkgxz3mjrgdkf7w7/CHATTEADD,native,2024-07-23T14:47:57.679Z,2024-03-18T22:43:15.451634,false,chain-metadata
osmosis,gamm/pool/1007,,,GAMM-1007,18,,osmosis,gamm/pool/1007,native,2024-07-23T14:47:57.679Z,2024-03-18T22:43:15.451634,false,chain-metadata
osmosis,gamm/pool/1031,,,GAMM-1031,18,,osmosis,gamm/pool/1031,native,2024-07-23T14:47:57.679Z,2024-03-18T22:43:15.451634,false,chain-metadata
osmosis,gamm/pool/1018,,,GAMM-1018,18,,osmosis,gamm/pool/1018,native,2024-07-23T14:47:57.679Z,2024-03-18T22:43:15.451634,false,chain-metadata
osmosis,factory/osmo1yhd9tzp09d833u7ray4pc6wwp72aewtt2xwakszn3lzlf2klnlwscjwhxt/uibcx,,,,0,,osmosis,factory/osmo1yhd9tzp09d833u7ray4pc6wwp72aewtt2xwakszn3lzlf2klnlwscjwhxt/uibcx,native,2024-07-23T14:47:57.679Z,2024-03-18T22:43:15.451634,false,chain-metadata
osmosis,gamm/pool/1010,,,GAMM-1010,18,,osmosis,gamm/pool/1010,native,2024-07-23T14:47:57.679Z,2024-03-18T22:43:15.451634,false,chain-metadata
osmosis,gamm/pool/1034,,,GAMM-1034,18,,osmosis,gamm/pool/1034,native,2024-07-23T14:47:57.679Z,2024-03-18T22:43:15.451634,false,chain-metadata
osmosis,gamm/pool/1017,,,GAMM-1017,18,,osmosis,gamm/pool/1017,native,2024-07-23T14:47:57.679Z,2024-03-18T22:43:15.451634,false,chain-metadata
osmosis,factory/osmo1zvyemtz9tuyhucq6vqfk556zzz62pznya6pch2ndqxtq7amlxkdq3zkl54/nobleusdckavausdt1220clvaults,,,,0,,osmosis,factory/osmo1zvyemtz9tuyhucq6vqfk556zzz62pznya6pch2ndqxtq7amlxkdq3zkl54/nobleusdckavausdt1220clvaults,native,2024-07-23T14:47:57.679Z,2024-03-18T22:43:15.451634,false,chain-metadata
osmosis,gamm/pool/1014,,,GAMM-1014,18,,osmosis,gamm/pool/1014,native,2024-07-23T14:47:57.679Z,2024-03-18T22:43:15.451634,false,chain-metadata
osmosis,gamm/pool/1003,,,GAMM-1003,18,,osmosis,gamm/pool/1003,native,2024-07-23T14:47:57.679Z,2024-03-18T22:43:15.451634,false,chain-metadata
osmosis,factory/osmo1xp0qs6pkay2jssu58p8eap0epdhwx5mqlhs4v7/GuardIONs,,,,0,,osmosis,factory/osmo1xp0qs6pkay2jssu58p8eap0epdhwx5mqlhs4v7/GuardIONs,native,2024-07-23T14:47:57.679Z,2024-03-18T22:43:15.451634,false,chain-metadata
osmosis,gamm/pool/1013,,,GAMM-1013,18,,osmosis,gamm/pool/1013,native,2024-07-23T14:47:57.679Z,2024-03-18T22:43:15.451634,false,chain-metadata
osmosis,gamm/pool/1,,,GAMM-1,18,,osmosis,gamm/pool/1,native,2024-07-23T14:47:57.679Z,2024-03-18T22:43:15.451634,false,chain-metadata
osmosis,gamm/pool/103,,,GAMM-103,18,,osmosis,gamm/pool/103,native,2024-07-23T14:47:57.679Z,2024-03-18T22:43:15.451634,false,chain-metadata
osmosis,gamm/pool/1033,,,GAMM-1033,18,,osmosis,gamm/pool/1033,native,2024-07-23T14:47:57.679Z,2024-03-18T22:43:15.451634,false,chain-metadata
osmosis,gamm/pool/1021,,,GAMM-1021,18,,osmosis,gamm/pool/1021,native,2024-07-23T14:47:57.679Z,2024-03-18T22:43:15.451634,false,chain-metadata
osmosis,gamm/pool/1032,,,GAMM-1032,18,,osmosis,gamm/pool/1032,native,2024-07-23T14:47:57.679Z,2024-03-18T22:43:15.451634,false,chain-metadata
osmosis,factory/osmo1yxg9nt6uvysyq3cs9gmp58f48unffpfscqjyr6nv2u7mh6657nwssfyp33/sail,Sail DAO token,SAIL,SAIL,6,,osmosis,factory/osmo1yxg9nt6uvysyq3cs9gmp58f48unffpfscqjyr6nv2u7mh6657nwssfyp33/sail,native,2024-07-23T14:47:57.679Z,2024-03-18T22:43:15.451634,false,chain-metadata
osmosis,gamm/pool/1029,,,GAMM-1029,18,,osmosis,gamm/pool/1029,native,2024-07-23T14:47:57.679Z,2024-03-18T22:43:15.451634,false,chain-metadata
osmosis,gamm/pool/1022,,,GAMM-1022,18,,osmosis,gamm/pool/1022,native,2024-07-23T14:47:57.679Z,2024-03-18T22:43:15.451634,false,chain-metadata
osmosis,gamm/pool/1030,,,GAMM-1030,18,,osmosis,gamm/pool/1030,native,2024-07-23T14:47:57.679Z,2024-03-18T22:43:15.451634,false,chain-metadata
osmosis,gamm/pool/1005,,,GAMM-1005,18,,osmosis,gamm/pool/1005,native,2024-07-23T14:47:57.679Z,2024-03-18T22:43:15.451634,false,chain-metadata
osmosis,gamm/pool/1026,,,GAMM-1026,18,,osmosis,gamm/pool/1026,native,2024-07-23T14:47:57.679Z,2024-03-18T22:43:15.451634,false,chain-metadata
osmosis,factory/osmo1za97uy766u4amu9lg6y96yjg8z46ka97e9jukzv8468u63y7xq3sjcc0lu/osmousdt1077clvaulta,factory/osmo1za97uy766u4amu9lg6y96yjg8z46ka97e9jukzv8468u63y7xq3sjcc0lu/osmousdt1077clvaulta,factory/osmo1za97uy766u4amu9lg6y96yjg8z46ka97e9jukzv8468u63y7xq3sjcc0lu/osmousdt1077clvaulta,factory/osmo1za97uy766u4amu9lg6y96yjg8z46ka97e9jukzv8468u63y7xq3sjcc0lu/osmousdt1077clvaulta,0,,osmosis,factory/osmo1za97uy766u4amu9lg6y96yjg8z46ka97e9jukzv8468u63y7xq3sjcc0lu/osmousdt1077clvaulta,native,2024-07-23T14:47:57.679Z,2024-03-18T22:43:15.451634,false,chain-metadata
osmosis,gamm/pool/1008,,,GAMM-1008,18,,osmosis,gamm/pool/1008,native,2024-07-23T14:47:57.679Z,2024-03-18T22:43:15.451634,false,chain-metadata
osmosis,factory/osmo1wh8arjgtpdgyf9rlw3k960kkx0943hy92n20sg4pjyk8grc6dhzsunuchs/ctc,cTaurus,cTc,cTc,6,,osmosis,factory/osmo1wh8arjgtpdgyf9rlw3k960kkx0943hy92n20sg4pjyk8grc6dhzsunuchs/ctc,native,2024-07-23T14:47:57.679Z,2024-03-18T22:43:15.451634,false,chain-metadata
osmosis,gamm/pool/100,,,GAMM-100,18,,osmosis,gamm/pool/100,native,2024-07-23T14:47:57.679Z,2024-03-18T22:43:15.451634,false,chain-metadata
osmosis,factory/osmo1xpnhhfkg7u2y5tdmlr5c96pn57nqdse4hvjr8g5qdtu8d50x0qhqtta40c/sfyl,SorryForYourLoss Token,SFYL,SFYL,6,,osmosis,factory/osmo1xpnhhfkg7u2y5tdmlr5c96pn57nqdse4hvjr8g5qdtu8d50x0qhqtta40c/sfyl,native,2024-07-23T14:47:57.679Z,2024-03-18T22:43:15.451634,false,chain-metadata
osmosis,gamm/pool/1025,,,GAMM-1025,18,,osmosis,gamm/pool/1025,native,2024-07-23T14:47:57.679Z,2024-03-18T22:43:15.451634,false,chain-metadata
osmosis,factory/osmo1zc9h9nts7vkzec3sdueqmaqghv7gk6trjr708tceawrn920cv8rqvnr80w/sgerey,deryge,sgerey,sgerey,6,,osmosis,factory/osmo1zc9h9nts7vkzec3sdueqmaqghv7gk6trjr708tceawrn920cv8rqvnr80w/sgerey,native,2024-07-23T14:47:57.679Z,2024-03-18T22:43:15.451634,false,chain-metadata
osmosis,factory/osmo1xw6jnjdytqdwqgcgvvwl8mru0qn2t762hq4sdp/Hello,factory/osmo1xw6jnjdytqdwqgcgvvwl8mru0qn2t762hq4sdp/Hello,factory/osmo1xw6jnjdytqdwqgcgvvwl8mru0qn2t762hq4sdp/Hello,factory/osmo1xw6jnjdytqdwqgcgvvwl8mru0qn2t762hq4sdp/Hello,0,,osmosis,factory/osmo1xw6jnjdytqdwqgcgvvwl8mru0qn2t762hq4sdp/Hello,native,2024-07-23T14:47:57.679Z,2024-03-18T22:43:15.451634,false,chain-metadata
osmosis,gamm/pool/1004,,,GAMM-1004,18,,osmosis,gamm/pool/1004,native,2024-07-23T14:47:57.679Z,2024-03-18T22:43:15.451634,false,chain-metadata
osmosis,gamm/pool/1024,,,GAMM-1024,18,,osmosis,gamm/pool/1024,native,2024-07-23T14:47:57.679Z,2024-03-18T22:43:15.451634,false,chain-metadata
osmosis,factory/osmo1zrkrwv9hzmchzzt80k6y82xtrkn73ftzv8dcpll8r9ar7uadar6s5qk9ka/dasa,on the way together,dasa,dasa,6,,osmosis,factory/osmo1zrkrwv9hzmchzzt80k6y82xtrkn73ftzv8dcpll8r9ar7uadar6s5qk9ka/dasa,native,2024-07-23T14:47:57.679Z,2024-03-18T22:43:15.451634,false,chain-metadata
osmosis,gamm/pool/1027,,,GAMM-1027,18,,osmosis,gamm/pool/1027,native,2024-07-23T14:47:57.679Z,2024-03-18T22:43:15.451634,false,chain-metadata
osmosis,gamm/pool/10,,,GAMM-10,18,,osmosis,gamm/pool/10,native,2024-07-23T14:47:57.679Z,2024-03-18T22:43:15.451634,false,chain-metadata
osmosis,gamm/pool/101,,,GAMM-101,18,,osmosis,gamm/pool/101,native,2024-07-23T14:47:57.679Z,2024-03-18T22:43:15.451634,false,chain-metadata
osmosis,gamm/pool/1020,,,GAMM-1020,18,,osmosis,gamm/pool/1020,native,2024-07-23T14:47:57.679Z,2024-03-18T22:43:15.451634,false,chain-metadata
osmosis,gamm/pool/1009,,,GAMM-1009,18,,osmosis,gamm/pool/1009,native,2024-07-23T14:47:57.679Z,2024-03-18T22:43:15.451634,false,chain-metadata
osmosis,gamm/pool/1012,,,GAMM-1012,18,,osmosis,gamm/pool/1012,native,2024-07-23T14:47:57.679Z,2024-03-18T22:43:15.451634,false,chain-metadata
osmosis,gamm/pool/1000,,,GAMM-1000,18,,osmosis,gamm/pool/1000,native,2024-07-23T14:47:57.679Z,2024-03-18T22:43:15.451634,false,chain-metadata
osmosis,gamm/pool/1016,,,GAMM-1016,18,,osmosis,gamm/pool/1016,native,2024-07-23T14:47:57.679Z,2024-03-18T22:43:15.451634,false,chain-metadata
osmosis,gamm/pool/1028,,,GAMM-1028,18,,osmosis,gamm/pool/1028,native,2024-07-23T14:47:57.679Z,2024-03-18T22:43:15.451634,false,chain-metadata
osmosis,gamm/pool/1001,,,GAMM-1001,18,,osmosis,gamm/pool/1001,native,2024-07-23T14:47:57.679Z,2024-03-18T22:43:15.451634,false,chain-metadata
osmosis,gamm/pool/1035,,,GAMM-1035,18,,osmosis,gamm/pool/1035,native,2024-07-23T14:47:57.679Z,2024-03-18T22:43:15.451634,false,chain-metadata
osmosis,gamm/pool/1011,,,GAMM-1011,18,,osmosis,gamm/pool/1011,native,2024-07-23T14:47:57.679Z,2024-03-18T22:43:15.451634,false,chain-metadata
osmosis,gamm/pool/1015,,,GAMM-1015,18,,osmosis,gamm/pool/1015,native,2024-07-23T14:47:57.679Z,2024-03-18T22:43:15.451634,false,chain-metadata
osmosis,gamm/pool/1050,,,GAMM-1050,18,,osmosis,gamm/pool/1050,native,2024-07-23T14:47:57.680Z,2024-03-18T22:43:15.451634,false,chain-metadata
osmosis,gamm/pool/1056,,,GAMM-1056,18,,osmosis,gamm/pool/1056,native,2024-07-23T14:47:57.680Z,2024-03-18T22:43:15.451634,false,chain-metadata
osmosis,gamm/pool/1045,,,GAMM-1045,18,,osmosis,gamm/pool/1045,native,2024-07-23T14:47:57.680Z,2024-03-18T22:43:15.451634,false,chain-metadata
osmosis,gamm/pool/105,,,GAMM-105,18,,osmosis,gamm/pool/105,native,2024-07-23T14:47:57.680Z,2024-03-18T22:43:15.451634,false,chain-metadata
osmosis,gamm/pool/1038,,,GAMM-1038,18,,osmosis,gamm/pool/1038,native,2024-07-23T14:47:57.680Z,2024-03-18T22:43:15.451634,false,chain-metadata
osmosis,gamm/pool/1122,,,GAMM-1122,18,,osmosis,gamm/pool/1122,native,2024-07-23T14:47:57.680Z,2024-03-18T22:43:15.451634,false,chain-metadata
osmosis,gamm/pool/1073,,,GAMM-1073,18,,osmosis,gamm/pool/1073,native,2024-07-23T14:47:57.680Z,2024-03-18T22:43:15.451634,false,chain-metadata
osmosis,gamm/pool/1072,,,GAMM-1072,18,,osmosis,gamm/pool/1072,native,2024-07-23T14:47:57.680Z,2024-03-18T22:43:15.451634,false,chain-metadata
osmosis,gamm/pool/104,,,GAMM-104,18,,osmosis,gamm/pool/104,native,2024-07-23T14:47:57.680Z,2024-03-18T22:43:15.451634,false,chain-metadata
osmosis,gamm/pool/111,,,GAMM-111,18,,osmosis,gamm/pool/111,native,2024-07-23T14:47:57.680Z,2024-03-18T22:43:15.451634,false,chain-metadata
osmosis,gamm/pool/1084,,,GAMM-1084,18,,osmosis,gamm/pool/1084,native,2024-07-23T14:47:57.680Z,2024-03-18T22:43:15.451634,false,chain-metadata
osmosis,gamm/pool/11,,,GAMM-11,18,,osmosis,gamm/pool/11,native,2024-07-23T14:47:57.680Z,2024-03-18T22:43:15.451634,false,chain-metadata
osmosis,gamm/pool/1037,,,GAMM-1037,18,,osmosis,gamm/pool/1037,native,2024-07-23T14:47:57.680Z,2024-03-18T22:43:15.451634,false,chain-metadata
osmosis,gamm/pool/1140,,,GAMM-1140,18,,osmosis,gamm/pool/1140,native,2024-07-23T14:47:57.680Z,2024-03-18T22:43:15.451634,false,chain-metadata
osmosis,gamm/pool/109,,,GAMM-109,18,,osmosis,gamm/pool/109,native,2024-07-23T14:47:57.680Z,2024-03-18T22:43:15.451634,false,chain-metadata
osmosis,gamm/pool/1137,,,GAMM-1137,18,,osmosis,gamm/pool/1137,native,2024-07-23T14:47:57.680Z,2024-03-18T22:43:15.451634,false,chain-metadata
osmosis,gamm/pool/106,,,GAMM-106,18,,osmosis,gamm/pool/106,native,2024-07-23T14:47:57.680Z,2024-03-18T22:43:15.451634,false,chain-metadata
osmosis,gamm/pool/108,,,GAMM-108,18,,osmosis,gamm/pool/108,native,2024-07-23T14:47:57.680Z,2024-03-18T22:43:15.451634,false,chain-metadata
osmosis,gamm/pool/1132,,,GAMM-1132,18,,osmosis,gamm/pool/1132,native,2024-07-23T14:47:57.680Z,2024-03-18T22:43:15.451634,false,chain-metadata
osmosis,gamm/pool/1083,,,GAMM-1083,18,,osmosis,gamm/pool/1083,native,2024-07-23T14:47:57.680Z,2024-03-18T22:43:15.451634,false,chain-metadata
osmosis,gamm/pool/1087,,,GAMM-1087,18,,osmosis,gamm/pool/1087,native,2024-07-23T14:47:57.680Z,2024-03-18T22:43:15.451634,false,chain-metadata
osmosis,gamm/pool/1069,,,GAMM-1069,18,,osmosis,gamm/pool/1069,native,2024-07-23T14:47:57.680Z,2024-03-18T22:43:15.451634,false,chain-metadata
osmosis,gamm/pool/1039,,,GAMM-1039,18,,osmosis,gamm/pool/1039,native,2024-07-23T14:47:57.680Z,2024-03-18T22:43:15.451634,false,chain-metadata
osmosis,gamm/pool/1075,,,GAMM-1075,18,,osmosis,gamm/pool/1075,native,2024-07-23T14:47:57.680Z,2024-03-18T22:43:15.451634,false,chain-metadata
osmosis,gamm/pool/1042,,,GAMM-1042,18,,osmosis,gamm/pool/1042,native,2024-07-23T14:47:57.680Z,2024-03-18T22:43:15.451634,false,chain-metadata
osmosis,gamm/pool/1046,,,GAMM-1046,18,,osmosis,gamm/pool/1046,native,2024-07-23T14:47:57.680Z,2024-03-18T22:43:15.451634,false,chain-metadata
osmosis,gamm/pool/1044,,,GAMM-1044,18,,osmosis,gamm/pool/1044,native,2024-07-23T14:47:57.680Z,2024-03-18T22:43:15.451634,false,chain-metadata
osmosis,gamm/pool/1086,,,GAMM-1086,18,,osmosis,gamm/pool/1086,native,2024-07-23T14:47:57.680Z,2024-03-18T22:43:15.451634,false,chain-metadata
osmosis,gamm/pool/1065,,,GAMM-1065,18,,osmosis,gamm/pool/1065,native,2024-07-23T14:47:57.680Z,2024-03-18T22:43:15.451634,false,chain-metadata
osmosis,gamm/pool/1063,,,GAMM-1063,18,,osmosis,gamm/pool/1063,native,2024-07-23T14:47:57.680Z,2024-03-18T22:43:15.451634,false,chain-metadata
osmosis,gamm/pool/1054,,,GAMM-1054,18,,osmosis,gamm/pool/1054,native,2024-07-23T14:47:57.680Z,2024-03-18T22:43:15.451634,false,chain-metadata
osmosis,gamm/pool/1061,,,GAMM-1061,18,,osmosis,gamm/pool/1061,native,2024-07-23T14:47:57.680Z,2024-03-18T22:43:15.451634,false,chain-metadata
osmosis,gamm/pool/113,,,GAMM-113,18,,osmosis,gamm/pool/113,native,2024-07-23T14:47:57.680Z,2024-03-18T22:43:15.451634,false,chain-metadata
osmosis,gamm/pool/1060,,,GAMM-1060,18,,osmosis,gamm/pool/1060,native,2024-07-23T14:47:57.680Z,2024-03-18T22:43:15.451634,false,chain-metadata
osmosis,gamm/pool/110,,,GAMM-110,18,,osmosis,gamm/pool/110,native,2024-07-23T14:47:57.680Z,2024-03-18T22:43:15.451634,false,chain-metadata
osmosis,gamm/pool/1049,,,GAMM-1049,18,,osmosis,gamm/pool/1049,native,2024-07-23T14:47:57.680Z,2024-03-18T22:43:15.451634,false,chain-metadata
osmosis,gamm/pool/1055,,,GAMM-1055,18,,osmosis,gamm/pool/1055,native,2024-07-23T14:47:57.680Z,2024-03-18T22:43:15.451634,false,chain-metadata
osmosis,gamm/pool/1043,,,GAMM-1043,18,,osmosis,gamm/pool/1043,native,2024-07-23T14:47:57.680Z,2024-03-18T22:43:15.451634,false,chain-metadata
osmosis,gamm/pool/112,,,GAMM-112,18,,osmosis,gamm/pool/112,native,2024-07-23T14:47:57.680Z,2024-03-18T22:43:15.451634,false,chain-metadata
osmosis,gamm/pool/1082,,,GAMM-1082,18,,osmosis,gamm/pool/1082,native,2024-07-23T14:47:57.680Z,2024-03-18T22:43:15.451634,false,chain-metadata
osmosis,gamm/pool/1118,,,GAMM-1118,18,,osmosis,gamm/pool/1118,native,2024-07-23T14:47:57.680Z,2024-03-18T22:43:15.451634,false,chain-metadata
osmosis,gamm/pool/1036,,,GAMM-1036,18,,osmosis,gamm/pool/1036,native,2024-07-23T14:47:57.680Z,2024-03-18T22:43:15.451634,false,chain-metadata
osmosis,gamm/pool/114,,,GAMM-114,18,,osmosis,gamm/pool/114,native,2024-07-23T14:47:57.680Z,2024-03-18T22:43:15.451634,false,chain-metadata
osmosis,gamm/pool/1071,,,GAMM-1071,18,,osmosis,gamm/pool/1071,native,2024-07-23T14:47:57.680Z,2024-03-18T22:43:15.451634,false,chain-metadata
osmosis,gamm/pool/1074,,,GAMM-1074,18,,osmosis,gamm/pool/1074,native,2024-07-23T14:47:57.680Z,2024-03-18T22:43:15.451634,false,chain-metadata
osmosis,gamm/pool/1057,,,GAMM-1057,18,,osmosis,gamm/pool/1057,native,2024-07-23T14:47:57.680Z,2024-03-18T22:43:15.451634,false,chain-metadata
osmosis,gamm/pool/1052,,,GAMM-1052,18,,osmosis,gamm/pool/1052,native,2024-07-23T14:47:57.680Z,2024-03-18T22:43:15.451634,false,chain-metadata
osmosis,gamm/pool/1048,,,GAMM-1048,18,,osmosis,gamm/pool/1048,native,2024-07-23T14:47:57.680Z,2024-03-18T22:43:15.451634,false,chain-metadata
osmosis,gamm/pool/1064,,,GAMM-1064,18,,osmosis,gamm/pool/1064,native,2024-07-23T14:47:57.680Z,2024-03-18T22:43:15.451634,false,chain-metadata
osmosis,gamm/pool/1068,,,GAMM-1068,18,,osmosis,gamm/pool/1068,native,2024-07-23T14:47:57.680Z,2024-03-18T22:43:15.451634,false,chain-metadata
osmosis,gamm/pool/107,,,GAMM-107,18,,osmosis,gamm/pool/107,native,2024-07-23T14:47:57.680Z,2024-03-18T22:43:15.451634,false,chain-metadata
osmosis,gamm/pool/1139,,,GAMM-1139,18,,osmosis,gamm/pool/1139,native,2024-07-23T14:47:57.680Z,2024-03-18T22:43:15.451634,false,chain-metadata
osmosis,gamm/pool/1067,,,GAMM-1067,18,,osmosis,gamm/pool/1067,native,2024-07-23T14:47:57.680Z,2024-03-18T22:43:15.451634,false,chain-metadata
osmosis,gamm/pool/1070,,,GAMM-1070,18,,osmosis,gamm/pool/1070,native,2024-07-23T14:47:57.680Z,2024-03-18T22:43:15.451634,false,chain-metadata
osmosis,gamm/pool/1053,,,GAMM-1053,18,,osmosis,gamm/pool/1053,native,2024-07-23T14:47:57.680Z,2024-03-18T22:43:15.451634,false,chain-metadata
osmosis,gamm/pool/1051,,,GAMM-1051,18,,osmosis,gamm/pool/1051,native,2024-07-23T14:47:57.680Z,2024-03-18T22:43:15.451634,false,chain-metadata
osmosis,gamm/pool/1058,,,GAMM-1058,18,,osmosis,gamm/pool/1058,native,2024-07-23T14:47:57.680Z,2024-03-18T22:43:15.451634,false,chain-metadata
osmosis,gamm/pool/1040,,,GAMM-1040,18,,osmosis,gamm/pool/1040,native,2024-07-23T14:47:57.680Z,2024-03-18T22:43:15.451634,false,chain-metadata
osmosis,gamm/pool/1085,,,GAMM-1085,18,,osmosis,gamm/pool/1085,native,2024-07-23T14:47:57.680Z,2024-03-18T22:43:15.451634,false,chain-metadata
osmosis,gamm/pool/1062,,,GAMM-1062,18,,osmosis,gamm/pool/1062,native,2024-07-23T14:47:57.680Z,2024-03-18T22:43:15.451634,false,chain-metadata
osmosis,gamm/pool/1119,,,GAMM-1119,18,,osmosis,gamm/pool/1119,native,2024-07-23T14:47:57.680Z,2024-03-18T22:43:15.451634,false,chain-metadata
osmosis,gamm/pool/1138,,,GAMM-1138,18,,osmosis,gamm/pool/1138,native,2024-07-23T14:47:57.680Z,2024-03-18T22:43:15.451634,false,chain-metadata
osmosis,gamm/pool/1041,,,GAMM-1041,18,,osmosis,gamm/pool/1041,native,2024-07-23T14:47:57.680Z,2024-03-18T22:43:15.451634,false,chain-metadata
osmosis,gamm/pool/1047,,,GAMM-1047,18,,osmosis,gamm/pool/1047,native,2024-07-23T14:47:57.680Z,2024-03-18T22:43:15.451634,false,chain-metadata
osmosis,gamm/pool/1120,,,GAMM-1120,18,,osmosis,gamm/pool/1120,native,2024-07-23T14:47:57.680Z,2024-03-18T22:43:15.451634,false,chain-metadata
osmosis,gamm/pool/1121,,,GAMM-1121,18,,osmosis,gamm/pool/1121,native,2024-07-23T14:47:57.680Z,2024-03-18T22:43:15.451634,false,chain-metadata
osmosis,gamm/pool/1059,,,GAMM-1059,18,,osmosis,gamm/pool/1059,native,2024-07-23T14:47:57.680Z,2024-03-18T22:43:15.451634,false,chain-metadata
osmosis,gamm/pool/1287,,,GAMM-1287,18,,osmosis,gamm/pool/1287,native,2024-07-23T14:47:57.681Z,2024-03-18T22:43:15.451634,false,chain-metadata
osmosis,gamm/pool/119,,,GAMM-119,18,,osmosis,gamm/pool/119,native,2024-07-23T14:47:57.681Z,2024-03-18T22:43:15.451634,false,chain-metadata
osmosis,gamm/pool/1141,,,GAMM-1141,18,,osmosis,gamm/pool/1141,native,2024-07-23T14:47:57.681Z,2024-03-18T22:43:15.451634,false,chain-metadata
osmosis,gamm/pool/120,,,GAMM-120,18,,osmosis,gamm/pool/120,native,2024-07-23T14:47:57.681Z,2024-03-18T22:43:15.451634,false,chain-metadata
osmosis,gamm/pool/1240,,,GAMM-1240,18,,osmosis,gamm/pool/1240,native,2024-07-23T14:47:57.681Z,2024-03-18T22:43:15.451634,false,chain-metadata
osmosis,gamm/pool/1249,,,GAMM-1249,18,,osmosis,gamm/pool/1249,native,2024-07-23T14:47:57.681Z,2024-03-18T22:43:15.451634,false,chain-metadata
osmosis,gamm/pool/123,,,GAMM-123,18,,osmosis,gamm/pool/123,native,2024-07-23T14:47:57.681Z,2024-03-18T22:43:15.451634,false,chain-metadata
osmosis,gamm/pool/1231,,,GAMM-1231,18,,osmosis,gamm/pool/1231,native,2024-07-23T14:47:57.681Z,2024-03-18T22:43:15.451634,false,chain-metadata
osmosis,gamm/pool/1270,,,GAMM-1270,18,,osmosis,gamm/pool/1270,native,2024-07-23T14:47:57.681Z,2024-03-18T22:43:15.451634,false,chain-metadata
osmosis,gamm/pool/1291,,,GAMM-1291,18,,osmosis,gamm/pool/1291,native,2024-07-23T14:47:57.681Z,2024-03-18T22:43:15.451634,false,chain-metadata
osmosis,gamm/pool/1255,,,GAMM-1255,18,,osmosis,gamm/pool/1255,native,2024-07-23T14:47:57.681Z,2024-03-18T22:43:15.451634,false,chain-metadata
osmosis,gamm/pool/1237,,,GAMM-1237,18,,osmosis,gamm/pool/1237,native,2024-07-23T14:47:57.681Z,2024-03-18T22:43:15.451634,false,chain-metadata
osmosis,gamm/pool/1290,,,GAMM-1290,18,,osmosis,gamm/pool/1290,native,2024-07-23T14:47:57.681Z,2024-03-18T22:43:15.451634,false,chain-metadata
osmosis,gamm/pool/1236,,,GAMM-1236,18,,osmosis,gamm/pool/1236,native,2024-07-23T14:47:57.681Z,2024-03-18T22:43:15.451634,false,chain-metadata
osmosis,gamm/pool/126,,,GAMM-126,18,,osmosis,gamm/pool/126,native,2024-07-23T14:47:57.681Z,2024-03-18T22:43:15.451634,false,chain-metadata
osmosis,gamm/pool/1284,,,GAMM-1284,18,,osmosis,gamm/pool/1284,native,2024-07-23T14:47:57.681Z,2024-03-18T22:43:15.451634,false,chain-metadata
osmosis,gamm/pool/1180,,,GAMM-1180,18,,osmosis,gamm/pool/1180,native,2024-07-23T14:47:57.681Z,2024-03-18T22:43:15.451634,false,chain-metadata
osmosis,gamm/pool/1232,,,GAMM-1232,18,,osmosis,gamm/pool/1232,native,2024-07-23T14:47:57.681Z,2024-03-18T22:43:15.451634,false,chain-metadata
osmosis,gamm/pool/1217,,,GAMM-1217,18,,osmosis,gamm/pool/1217,native,2024-07-23T14:47:57.681Z,2024-03-18T22:43:15.451634,false,chain-metadata
osmosis,gamm/pool/1285,,,GAMM-1285,18,,osmosis,gamm/pool/1285,native,2024-07-23T14:47:57.681Z,2024-03-18T22:43:15.451634,false,chain-metadata
osmosis,gamm/pool/1256,,,GAMM-1256,18,,osmosis,gamm/pool/1256,native,2024-07-23T14:47:57.681Z,2024-03-18T22:43:15.451634,false,chain-metadata
osmosis,gamm/pool/125,,,GAMM-125,18,,osmosis,gamm/pool/125,native,2024-07-23T14:47:57.681Z,2024-03-18T22:43:15.451634,false,chain-metadata
osmosis,gamm/pool/1289,,,GAMM-1289,18,,osmosis,gamm/pool/1289,native,2024-07-23T14:47:57.681Z,2024-03-18T22:43:15.451634,false,chain-metadata
osmosis,gamm/pool/1239,,,GAMM-1239,18,,osmosis,gamm/pool/1239,native,2024-07-23T14:47:57.681Z,2024-03-18T22:43:15.451634,false,chain-metadata
osmosis,gamm/pool/1242,,,GAMM-1242,18,,osmosis,gamm/pool/1242,native,2024-07-23T14:47:57.681Z,2024-03-18T22:43:15.451634,false,chain-metadata
osmosis,gamm/pool/1210,,,GAMM-1210,18,,osmosis,gamm/pool/1210,native,2024-07-23T14:47:57.681Z,2024-03-18T22:43:15.451634,false,chain-metadata
osmosis,gamm/pool/118,,,GAMM-118,18,,osmosis,gamm/pool/118,native,2024-07-23T14:47:57.681Z,2024-03-18T22:43:15.451634,false,chain-metadata
osmosis,gamm/pool/1178,,,GAMM-1178,18,,osmosis,gamm/pool/1178,native,2024-07-23T14:47:57.681Z,2024-03-18T22:43:15.451634,false,chain-metadata
osmosis,gamm/pool/1226,,,GAMM-1226,18,,osmosis,gamm/pool/1226,native,2024-07-23T14:47:57.681Z,2024-03-18T22:43:15.451634,false,chain-metadata
osmosis,gamm/pool/1269,,,GAMM-1269,18,,osmosis,gamm/pool/1269,native,2024-07-23T14:47:57.681Z,2024-03-18T22:43:15.451634,false,chain-metadata
osmosis,gamm/pool/1244,,,GAMM-1244,18,,osmosis,gamm/pool/1244,native,2024-07-23T14:47:57.681Z,2024-03-18T22:43:15.451634,false,chain-metadata
osmosis,gamm/pool/1219,,,GAMM-1219,18,,osmosis,gamm/pool/1219,native,2024-07-23T14:47:57.681Z,2024-03-18T22:43:15.451634,false,chain-metadata
osmosis,gamm/pool/128,,,GAMM-128,18,,osmosis,gamm/pool/128,native,2024-07-23T14:47:57.681Z,2024-03-18T22:43:15.451634,false,chain-metadata
osmosis,gamm/pool/1174,,,GAMM-1174,18,,osmosis,gamm/pool/1174,native,2024-07-23T14:47:57.681Z,2024-03-18T22:43:15.451634,false,chain-metadata
osmosis,gamm/pool/1257,,,GAMM-1257,18,,osmosis,gamm/pool/1257,native,2024-07-23T14:47:57.681Z,2024-03-18T22:43:15.451634,false,chain-metadata
osmosis,gamm/pool/1241,,,GAMM-1241,18,,osmosis,gamm/pool/1241,native,2024-07-23T14:47:57.681Z,2024-03-18T22:43:15.451634,false,chain-metadata
osmosis,gamm/pool/121,,,GAMM-121,18,,osmosis,gamm/pool/121,native,2024-07-23T14:47:57.681Z,2024-03-18T22:43:15.451634,false,chain-metadata
osmosis,gamm/pool/1250,,,GAMM-1250,18,,osmosis,gamm/pool/1250,native,2024-07-23T14:47:57.681Z,2024-03-18T22:43:15.451634,false,chain-metadata
osmosis,gamm/pool/1288,,,GAMM-1288,18,,osmosis,gamm/pool/1288,native,2024-07-23T14:47:57.681Z,2024-03-18T22:43:15.451634,false,chain-metadata
osmosis,gamm/pool/1238,,,GAMM-1238,18,,osmosis,gamm/pool/1238,native,2024-07-23T14:47:57.681Z,2024-03-18T22:43:15.451634,false,chain-metadata
osmosis,gamm/pool/1177,,,GAMM-1177,18,,osmosis,gamm/pool/1177,native,2024-07-23T14:47:57.681Z,2024-03-18T22:43:15.451634,false,chain-metadata
osmosis,gamm/pool/1254,,,GAMM-1254,18,,osmosis,gamm/pool/1254,native,2024-07-23T14:47:57.681Z,2024-03-18T22:43:15.451634,false,chain-metadata
osmosis,gamm/pool/127,,,GAMM-127,18,,osmosis,gamm/pool/127,native,2024-07-23T14:47:57.681Z,2024-03-18T22:43:15.451634,false,chain-metadata
osmosis,gamm/pool/1234,,,GAMM-1234,18,,osmosis,gamm/pool/1234,native,2024-07-23T14:47:57.681Z,2024-03-18T22:43:15.451634,false,chain-metadata
osmosis,gamm/pool/1173,,,GAMM-1173,18,,osmosis,gamm/pool/1173,native,2024-07-23T14:47:57.681Z,2024-03-18T22:43:15.451634,false,chain-metadata
osmosis,gamm/pool/1218,,,GAMM-1218,18,,osmosis,gamm/pool/1218,native,2024-07-23T14:47:57.681Z,2024-03-18T22:43:15.451634,false,chain-metadata
osmosis,gamm/pool/124,,,GAMM-124,18,,osmosis,gamm/pool/124,native,2024-07-23T14:47:57.681Z,2024-03-18T22:43:15.451634,false,chain-metadata
osmosis,gamm/pool/1286,,,GAMM-1286,18,,osmosis,gamm/pool/1286,native,2024-07-23T14:47:57.681Z,2024-03-18T22:43:15.451634,false,chain-metadata
osmosis,gamm/pool/1143,,,GAMM-1143,18,,osmosis,gamm/pool/1143,native,2024-07-23T14:47:57.681Z,2024-03-18T22:43:15.451634,false,chain-metadata
osmosis,gamm/pool/1142,,,GAMM-1142,18,,osmosis,gamm/pool/1142,native,2024-07-23T14:47:57.681Z,2024-03-18T22:43:15.451634,false,chain-metadata
osmosis,gamm/pool/122,,,GAMM-122,18,,osmosis,gamm/pool/122,native,2024-07-23T14:47:57.681Z,2024-03-18T22:43:15.451634,false,chain-metadata
osmosis,gamm/pool/12,,,GAMM-12,18,,osmosis,gamm/pool/12,native,2024-07-23T14:47:57.681Z,2024-03-18T22:43:15.451634,false,chain-metadata
osmosis,gamm/pool/1225,,,GAMM-1225,18,,osmosis,gamm/pool/1225,native,2024-07-23T14:47:57.681Z,2024-03-18T22:43:15.451634,false,chain-metadata
osmosis,gamm/pool/117,,,GAMM-117,18,,osmosis,gamm/pool/117,native,2024-07-23T14:47:57.681Z,2024-03-18T22:43:15.451634,false,chain-metadata
osmosis,gamm/pool/1222,,,GAMM-1222,18,,osmosis,gamm/pool/1222,native,2024-07-23T14:47:57.681Z,2024-03-18T22:43:15.451634,false,chain-metadata
osmosis,gamm/pool/1266,,,GAMM-1266,18,,osmosis,gamm/pool/1266,native,2024-07-23T14:47:57.681Z,2024-03-18T22:43:15.451634,false,chain-metadata
osmosis,gamm/pool/1179,,,GAMM-1179,18,,osmosis,gamm/pool/1179,native,2024-07-23T14:47:57.681Z,2024-03-18T22:43:15.451634,false,chain-metadata
osmosis,gamm/pool/1235,,,GAMM-1235,18,,osmosis,gamm/pool/1235,native,2024-07-23T14:47:57.681Z,2024-03-18T22:43:15.451634,false,chain-metadata
osmosis,gamm/pool/116,,,GAMM-116,18,,osmosis,gamm/pool/116,native,2024-07-23T14:47:57.681Z,2024-03-18T22:43:15.451634,false,chain-metadata
osmosis,gamm/pool/1233,,,GAMM-1233,18,,osmosis,gamm/pool/1233,native,2024-07-23T14:47:57.681Z,2024-03-18T22:43:15.451634,false,chain-metadata
osmosis,gamm/pool/129,,,GAMM-129,18,,osmosis,gamm/pool/129,native,2024-07-23T14:47:57.681Z,2024-03-18T22:43:15.451634,false,chain-metadata
osmosis,gamm/pool/115,,,GAMM-115,18,,osmosis,gamm/pool/115,native,2024-07-23T14:47:57.681Z,2024-03-18T22:43:15.451634,false,chain-metadata
osmosis,gamm/pool/1311,,,GAMM-1311,18,,osmosis,gamm/pool/1311,native,2024-07-23T14:47:57.682Z,2024-03-18T22:43:15.451634,false,chain-metadata
osmosis,gamm/pool/1306,,,GAMM-1306,18,,osmosis,gamm/pool/1306,native,2024-07-23T14:47:57.682Z,2024-03-18T22:43:15.451634,false,chain-metadata
osmosis,gamm/pool/1375,,,GAMM-1375,18,,osmosis,gamm/pool/1375,native,2024-07-23T14:47:57.682Z,2024-03-18T22:43:15.451634,false,chain-metadata
osmosis,gamm/pool/1352,,,GAMM-1352,18,,osmosis,gamm/pool/1352,native,2024-07-23T14:47:57.682Z,2024-03-18T22:43:15.451634,false,chain-metadata
osmosis,gamm/pool/1309,,,GAMM-1309,18,,osmosis,gamm/pool/1309,native,2024-07-23T14:47:57.682Z,2024-03-18T22:43:15.451634,false,chain-metadata
osmosis,gamm/pool/1339,,,GAMM-1339,18,,osmosis,gamm/pool/1339,native,2024-07-23T14:47:57.682Z,2024-03-18T22:43:15.451634,false,chain-metadata
osmosis,gamm/pool/13,,,GAMM-13,18,,osmosis,gamm/pool/13,native,2024-07-23T14:47:57.682Z,2024-03-18T22:43:15.451634,false,chain-metadata
osmosis,gamm/pool/1329,,,GAMM-1329,18,,osmosis,gamm/pool/1329,native,2024-07-23T14:47:57.682Z,2024-03-18T22:43:15.451634,false,chain-metadata
osmosis,gamm/pool/1341,,,GAMM-1341,18,,osmosis,gamm/pool/1341,native,2024-07-23T14:47:57.682Z,2024-03-18T22:43:15.451634,false,chain-metadata
osmosis,gamm/pool/1383,,,GAMM-1383,18,,osmosis,gamm/pool/1383,native,2024-07-23T14:47:57.682Z,2024-03-18T22:43:15.451634,false,chain-metadata
osmosis,gamm/pool/1390,,,GAMM-1390,18,,osmosis,gamm/pool/1390,native,2024-07-23T14:47:57.682Z,2024-03-18T22:43:15.451634,false,chain-metadata
osmosis,gamm/pool/1355,,,GAMM-1355,18,,osmosis,gamm/pool/1355,native,2024-07-23T14:47:57.682Z,2024-03-18T22:43:15.451634,false,chain-metadata
osmosis,gamm/pool/136,,,GAMM-136,18,,osmosis,gamm/pool/136,native,2024-07-23T14:47:57.682Z,2024-03-18T22:43:15.451634,false,chain-metadata
osmosis,gamm/pool/1386,,,GAMM-1386,18,,osmosis,gamm/pool/1386,native,2024-07-23T14:47:57.682Z,2024-03-18T22:43:15.451634,false,chain-metadata
osmosis,gamm/pool/1391,,,GAMM-1391,18,,osmosis,gamm/pool/1391,native,2024-07-23T14:47:57.682Z,2024-03-18T22:43:15.451634,false,chain-metadata
osmosis,gamm/pool/1374,,,GAMM-1374,18,,osmosis,gamm/pool/1374,native,2024-07-23T14:47:57.682Z,2024-03-18T22:43:15.451634,false,chain-metadata
osmosis,gamm/pool/135,,,GAMM-135,18,,osmosis,gamm/pool/135,native,2024-07-23T14:47:57.682Z,2024-03-18T22:43:15.451634,false,chain-metadata
osmosis,gamm/pool/1367,,,GAMM-1367,18,,osmosis,gamm/pool/1367,native,2024-07-23T14:47:57.682Z,2024-03-18T22:43:15.451634,false,chain-metadata
osmosis,gamm/pool/1394,,,GAMM-1394,18,,osmosis,gamm/pool/1394,native,2024-07-23T14:47:57.682Z,2024-03-18T22:43:15.451634,false,chain-metadata
osmosis,gamm/pool/1366,,,GAMM-1366,18,,osmosis,gamm/pool/1366,native,2024-07-23T14:47:57.682Z,2024-03-18T22:43:15.451634,false,chain-metadata
osmosis,gamm/pool/131,,,GAMM-131,18,,osmosis,gamm/pool/131,native,2024-07-23T14:47:57.682Z,2024-03-18T22:43:15.451634,false,chain-metadata
osmosis,gamm/pool/132,,,GAMM-132,18,,osmosis,gamm/pool/132,native,2024-07-23T14:47:57.682Z,2024-03-18T22:43:15.451634,false,chain-metadata
osmosis,gamm/pool/1362,,,GAMM-1362,18,,osmosis,gamm/pool/1362,native,2024-07-23T14:47:57.682Z,2024-03-18T22:43:15.451634,false,chain-metadata
osmosis,gamm/pool/1345,,,GAMM-1345,18,,osmosis,gamm/pool/1345,native,2024-07-23T14:47:57.682Z,2024-03-18T22:43:15.451634,false,chain-metadata
osmosis,gamm/pool/1342,,,GAMM-1342,18,,osmosis,gamm/pool/1342,native,2024-07-23T14:47:57.682Z,2024-03-18T22:43:15.451634,false,chain-metadata
osmosis,gamm/pool/1326,,,GAMM-1326,18,,osmosis,gamm/pool/1326,native,2024-07-23T14:47:57.682Z,2024-03-18T22:43:15.451634,false,chain-metadata
osmosis,gamm/pool/1310,,,GAMM-1310,18,,osmosis,gamm/pool/1310,native,2024-07-23T14:47:57.682Z,2024-03-18T22:43:15.451634,false,chain-metadata
osmosis,gamm/pool/1363,,,GAMM-1363,18,,osmosis,gamm/pool/1363,native,2024-07-23T14:47:57.682Z,2024-03-18T22:43:15.451634,false,chain-metadata
osmosis,gamm/pool/1307,,,GAMM-1307,18,,osmosis,gamm/pool/1307,native,2024-07-23T14:47:57.682Z,2024-03-18T22:43:15.451634,false,chain-metadata
osmosis,gamm/pool/1328,,,GAMM-1328,18,,osmosis,gamm/pool/1328,native,2024-07-23T14:47:57.682Z,2024-03-18T22:43:15.451634,false,chain-metadata
osmosis,gamm/pool/1395,,,GAMM-1395,18,,osmosis,gamm/pool/1395,native,2024-07-23T14:47:57.682Z,2024-03-18T22:43:15.451634,false,chain-metadata
osmosis,gamm/pool/138,,,GAMM-138,18,,osmosis,gamm/pool/138,native,2024-07-23T14:47:57.682Z,2024-03-18T22:43:15.451634,false,chain-metadata
osmosis,gamm/pool/1344,,,GAMM-1344,18,,osmosis,gamm/pool/1344,native,2024-07-23T14:47:57.682Z,2024-03-18T22:43:15.451634,false,chain-metadata
osmosis,gamm/pool/1369,,,GAMM-1369,18,,osmosis,gamm/pool/1369,native,2024-07-23T14:47:57.682Z,2024-03-18T22:43:15.451634,false,chain-metadata
osmosis,gamm/pool/134,,,GAMM-134,18,,osmosis,gamm/pool/134,native,2024-07-23T14:47:57.682Z,2024-03-18T22:43:15.451634,false,chain-metadata
osmosis,gamm/pool/1389,,,GAMM-1389,18,,osmosis,gamm/pool/1389,native,2024-07-23T14:47:57.682Z,2024-03-18T22:43:15.451634,false,chain-metadata
osmosis,gamm/pool/1385,,,GAMM-1385,18,,osmosis,gamm/pool/1385,native,2024-07-23T14:47:57.682Z,2024-03-18T22:43:15.451634,false,chain-metadata
osmosis,gamm/pool/1333,,,GAMM-1333,18,,osmosis,gamm/pool/1333,native,2024-07-23T14:47:57.682Z,2024-03-18T22:43:15.451634,false,chain-metadata
osmosis,gamm/pool/1327,,,GAMM-1327,18,,osmosis,gamm/pool/1327,native,2024-07-23T14:47:57.682Z,2024-03-18T22:43:15.451634,false,chain-metadata
osmosis,gamm/pool/1320,,,GAMM-1320,18,,osmosis,gamm/pool/1320,native,2024-07-23T14:47:57.682Z,2024-03-18T22:43:15.451634,false,chain-metadata
osmosis,gamm/pool/1356,,,GAMM-1356,18,,osmosis,gamm/pool/1356,native,2024-07-23T14:47:57.682Z,2024-03-18T22:43:15.451634,false,chain-metadata
osmosis,gamm/pool/1392,,,GAMM-1392,18,,osmosis,gamm/pool/1392,native,2024-07-23T14:47:57.682Z,2024-03-18T22:43:15.451634,false,chain-metadata
osmosis,gamm/pool/1377,,,GAMM-1377,18,,osmosis,gamm/pool/1377,native,2024-07-23T14:47:57.682Z,2024-03-18T22:43:15.451634,false,chain-metadata
osmosis,gamm/pool/1354,,,GAMM-1354,18,,osmosis,gamm/pool/1354,native,2024-07-23T14:47:57.682Z,2024-03-18T22:43:15.451634,false,chain-metadata
osmosis,gamm/pool/130,,,GAMM-130,18,,osmosis,gamm/pool/130,native,2024-07-23T14:47:57.682Z,2024-03-18T22:43:15.451634,false,chain-metadata
osmosis,gamm/pool/1368,,,GAMM-1368,18,,osmosis,gamm/pool/1368,native,2024-07-23T14:47:57.682Z,2024-03-18T22:43:15.451634,false,chain-metadata
osmosis,gamm/pool/1340,,,GAMM-1340,18,,osmosis,gamm/pool/1340,native,2024-07-23T14:47:57.682Z,2024-03-18T22:43:15.451634,false,chain-metadata
osmosis,gamm/pool/1357,,,GAMM-1357,18,,osmosis,gamm/pool/1357,native,2024-07-23T14:47:57.682Z,2024-03-18T22:43:15.451634,false,chain-metadata
osmosis,gamm/pool/1308,,,GAMM-1308,18,,osmosis,gamm/pool/1308,native,2024-07-23T14:47:57.682Z,2024-03-18T22:43:15.451634,false,chain-metadata
osmosis,gamm/pool/1371,,,GAMM-1371,18,,osmosis,gamm/pool/1371,native,2024-07-23T14:47:57.682Z,2024-03-18T22:43:15.451634,false,chain-metadata
osmosis,gamm/pool/133,,,GAMM-133,18,,osmosis,gamm/pool/133,native,2024-07-23T14:47:57.682Z,2024-03-18T22:43:15.451634,false,chain-metadata
osmosis,gamm/pool/1353,,,GAMM-1353,18,,osmosis,gamm/pool/1353,native,2024-07-23T14:47:57.682Z,2024-03-18T22:43:15.451634,false,chain-metadata
osmosis,gamm/pool/1313,,,GAMM-1313,18,,osmosis,gamm/pool/1313,native,2024-07-23T14:47:57.682Z,2024-03-18T22:43:15.451634,false,chain-metadata
osmosis,gamm/pool/1296,,,GAMM-1296,18,,osmosis,gamm/pool/1296,native,2024-07-23T14:47:57.682Z,2024-03-18T22:43:15.451634,false,chain-metadata
osmosis,gamm/pool/1381,,,GAMM-1381,18,,osmosis,gamm/pool/1381,native,2024-07-23T14:47:57.682Z,2024-03-18T22:43:15.451634,false,chain-metadata
osmosis,gamm/pool/137,,,GAMM-137,18,,osmosis,gamm/pool/137,native,2024-07-23T14:47:57.682Z,2024-03-18T22:43:15.451634,false,chain-metadata
osmosis,gamm/pool/1338,,,GAMM-1338,18,,osmosis,gamm/pool/1338,native,2024-07-23T14:47:57.682Z,2024-03-18T22:43:15.451634,false,chain-metadata
osmosis,gamm/pool/1346,,,GAMM-1346,18,,osmosis,gamm/pool/1346,native,2024-07-23T14:47:57.682Z,2024-03-18T22:43:15.451634,false,chain-metadata
osmosis,gamm/pool/1343,,,GAMM-1343,18,,osmosis,gamm/pool/1343,native,2024-07-23T14:47:57.682Z,2024-03-18T22:43:15.451634,false,chain-metadata
osmosis,gamm/pool/1380,,,GAMM-1380,18,,osmosis,gamm/pool/1380,native,2024-07-23T14:47:57.682Z,2024-03-18T22:43:15.451634,false,chain-metadata
osmosis,gamm/pool/139,,,GAMM-139,18,,osmosis,gamm/pool/139,native,2024-07-23T14:47:57.682Z,2024-03-18T22:43:15.451634,false,chain-metadata
osmosis,gamm/pool/1330,,,GAMM-1330,18,,osmosis,gamm/pool/1330,native,2024-07-23T14:47:57.682Z,2024-03-18T22:43:15.451634,false,chain-metadata
osmosis,gamm/pool/1364,,,GAMM-1364,18,,osmosis,gamm/pool/1364,native,2024-07-23T14:47:57.682Z,2024-03-18T22:43:15.451634,false,chain-metadata
osmosis,gamm/pool/1382,,,GAMM-1382,18,,osmosis,gamm/pool/1382,native,2024-07-23T14:47:57.682Z,2024-03-18T22:43:15.451634,false,chain-metadata
osmosis,gamm/pool/1295,,,GAMM-1295,18,,osmosis,gamm/pool/1295,native,2024-07-23T14:47:57.682Z,2024-03-18T22:43:15.451634,false,chain-metadata
osmosis,gamm/pool/1300,,,GAMM-1300,18,,osmosis,gamm/pool/1300,native,2024-07-23T14:47:57.682Z,2024-03-18T22:43:15.451634,false,chain-metadata
osmosis,gamm/pool/1365,,,GAMM-1365,18,,osmosis,gamm/pool/1365,native,2024-07-23T14:47:57.682Z,2024-03-18T22:43:15.451634,false,chain-metadata
osmosis,gamm/pool/1393,,,GAMM-1393,18,,osmosis,gamm/pool/1393,native,2024-07-23T14:47:57.682Z,2024-03-18T22:43:15.451634,false,chain-metadata
osmosis,gamm/pool/1442,,,GAMM-1442,18,,osmosis,gamm/pool/1442,native,2024-07-23T14:47:57.683Z,2024-03-18T22:43:15.451634,false,chain-metadata
osmosis,gamm/pool/1456,,,GAMM-1456,18,,osmosis,gamm/pool/1456,native,2024-07-23T14:47:57.683Z,2024-03-18T22:43:15.451634,false,chain-metadata
osmosis,gamm/pool/1451,,,GAMM-1451,18,,osmosis,gamm/pool/1451,native,2024-07-23T14:47:57.683Z,2024-03-18T22:43:15.451634,false,chain-metadata
osmosis,gamm/pool/1426,,,GAMM-1426,18,,osmosis,gamm/pool/1426,native,2024-07-23T14:47:57.683Z,2024-03-18T22:43:15.451634,false,chain-metadata
osmosis,gamm/pool/1406,,,GAMM-1406,18,,osmosis,gamm/pool/1406,native,2024-07-23T14:47:57.683Z,2024-03-18T22:43:15.451634,false,chain-metadata
osmosis,gamm/pool/1452,,,GAMM-1452,18,,osmosis,gamm/pool/1452,native,2024-07-23T14:47:57.683Z,2024-03-18T22:43:15.451634,false,chain-metadata
osmosis,gamm/pool/1459,,,GAMM-1459,18,,osmosis,gamm/pool/1459,native,2024-07-23T14:47:57.683Z,2024-03-18T22:43:15.451634,false,chain-metadata
osmosis,gamm/pool/144,,,GAMM-144,18,,osmosis,gamm/pool/144,native,2024-07-23T14:47:57.683Z,2024-03-18T22:43:15.451634,false,chain-metadata
osmosis,gamm/pool/145,,,GAMM-145,18,,osmosis,gamm/pool/145,native,2024-07-23T14:47:57.683Z,2024-03-18T22:43:15.451634,false,chain-metadata
osmosis,gamm/pool/1414,,,GAMM-1414,18,,osmosis,gamm/pool/1414,native,2024-07-23T14:47:57.683Z,2024-03-18T22:43:15.451634,false,chain-metadata
osmosis,gamm/pool/1487,,,GAMM-1487,18,,osmosis,gamm/pool/1487,native,2024-07-23T14:47:57.683Z,2024-03-18T22:43:15.451634,false,chain-metadata
osmosis,gamm/pool/1411,,,GAMM-1411,18,,osmosis,gamm/pool/1411,native,2024-07-23T14:47:57.683Z,2024-03-18T22:43:15.451634,false,chain-metadata
osmosis,gamm/pool/140,,,GAMM-140,18,,osmosis,gamm/pool/140,native,2024-07-23T14:47:57.683Z,2024-03-18T22:43:15.451634,false,chain-metadata
osmosis,gamm/pool/1466,,,GAMM-1466,18,,osmosis,gamm/pool/1466,native,2024-07-23T14:47:57.683Z,2024-03-18T22:43:15.451634,false,chain-metadata
osmosis,gamm/pool/1444,,,GAMM-1444,18,,osmosis,gamm/pool/1444,native,2024-07-23T14:47:57.683Z,2024-03-18T22:43:15.451634,false,chain-metadata
osmosis,gamm/pool/143,,,GAMM-143,18,,osmosis,gamm/pool/143,native,2024-07-23T14:47:57.683Z,2024-03-18T22:43:15.451634,false,chain-metadata
osmosis,gamm/pool/1448,,,GAMM-1448,18,,osmosis,gamm/pool/1448,native,2024-07-23T14:47:57.683Z,2024-03-18T22:43:15.451634,false,chain-metadata
osmosis,gamm/pool/1454,,,GAMM-1454,18,,osmosis,gamm/pool/1454,native,2024-07-23T14:47:57.683Z,2024-03-18T22:43:15.451634,false,chain-metadata
osmosis,gamm/pool/1455,,,GAMM-1455,18,,osmosis,gamm/pool/1455,native,2024-07-23T14:47:57.683Z,2024-03-18T22:43:15.451634,false,chain-metadata
osmosis,gamm/pool/141,,,GAMM-141,18,,osmosis,gamm/pool/141,native,2024-07-23T14:47:57.683Z,2024-03-18T22:43:15.451634,false,chain-metadata
osmosis,gamm/pool/1473,,,GAMM-1473,18,,osmosis,gamm/pool/1473,native,2024-07-23T14:47:57.683Z,2024-03-18T22:43:15.451634,false,chain-metadata
osmosis,gamm/pool/1486,,,GAMM-1486,18,,osmosis,gamm/pool/1486,native,2024-07-23T14:47:57.683Z,2024-03-18T22:43:15.451634,false,chain-metadata
osmosis,gamm/pool/1489,,,GAMM-1489,18,,osmosis,gamm/pool/1489,native,2024-07-23T14:47:57.683Z,2024-03-18T22:43:15.451634,false,chain-metadata
osmosis,gamm/pool/1420,,,GAMM-1420,18,,osmosis,gamm/pool/1420,native,2024-07-23T14:47:57.683Z,2024-03-18T22:43:15.451634,false,chain-metadata
osmosis,gamm/pool/146,,,GAMM-146,18,,osmosis,gamm/pool/146,native,2024-07-23T14:47:57.683Z,2024-03-18T22:43:15.451634,false,chain-metadata
osmosis,gamm/pool/1484,,,GAMM-1484,18,,osmosis,gamm/pool/1484,native,2024-07-23T14:47:57.683Z,2024-03-18T22:43:15.451634,false,chain-metadata
osmosis,gamm/pool/1469,,,GAMM-1469,18,,osmosis,gamm/pool/1469,native,2024-07-23T14:47:57.683Z,2024-03-18T22:43:15.451634,false,chain-metadata
osmosis,gamm/pool/147,,,GAMM-147,18,,osmosis,gamm/pool/147,native,2024-07-23T14:47:57.683Z,2024-03-18T22:43:15.451634,false,chain-metadata
osmosis,gamm/pool/1401,,,GAMM-1401,18,,osmosis,gamm/pool/1401,native,2024-07-23T14:47:57.683Z,2024-03-18T22:43:15.451634,false,chain-metadata
osmosis,gamm/pool/1429,,,GAMM-1429,18,,osmosis,gamm/pool/1429,native,2024-07-23T14:47:57.683Z,2024-03-18T22:43:15.451634,false,chain-metadata
osmosis,gamm/pool/1491,,,GAMM-1491,18,,osmosis,gamm/pool/1491,native,2024-07-23T14:47:57.683Z,2024-03-18T22:43:15.451634,false,chain-metadata
osmosis,gamm/pool/14,,,GAMM-14,18,,osmosis,gamm/pool/14,native,2024-07-23T14:47:57.683Z,2024-03-18T22:43:15.451634,false,chain-metadata
osmosis,gamm/pool/1421,,,GAMM-1421,18,,osmosis,gamm/pool/1421,native,2024-07-23T14:47:57.683Z,2024-03-18T22:43:15.451634,false,chain-metadata
osmosis,gamm/pool/1405,,,GAMM-1405,18,,osmosis,gamm/pool/1405,native,2024-07-23T14:47:57.683Z,2024-03-18T22:43:15.451634,false,chain-metadata
osmosis,gamm/pool/1460,,,GAMM-1460,18,,osmosis,gamm/pool/1460,native,2024-07-23T14:47:57.683Z,2024-03-18T22:43:15.451634,false,chain-metadata
osmosis,gamm/pool/1471,,,GAMM-1471,18,,osmosis,gamm/pool/1471,native,2024-07-23T14:47:57.683Z,2024-03-18T22:43:15.451634,false,chain-metadata
osmosis,gamm/pool/1404,,,GAMM-1404,18,,osmosis,gamm/pool/1404,native,2024-07-23T14:47:57.683Z,2024-03-18T22:43:15.451634,false,chain-metadata
osmosis,gamm/pool/1446,,,GAMM-1446,18,,osmosis,gamm/pool/1446,native,2024-07-23T14:47:57.683Z,2024-03-18T22:43:15.451634,false,chain-metadata
osmosis,gamm/pool/1396,,,GAMM-1396,18,,osmosis,gamm/pool/1396,native,2024-07-23T14:47:57.683Z,2024-03-18T22:43:15.451634,false,chain-metadata
osmosis,gamm/pool/1453,,,GAMM-1453,18,,osmosis,gamm/pool/1453,native,2024-07-23T14:47:57.683Z,2024-03-18T22:43:15.451634,false,chain-metadata
osmosis,gamm/pool/1413,,,GAMM-1413,18,,osmosis,gamm/pool/1413,native,2024-07-23T14:47:57.683Z,2024-03-18T22:43:15.451634,false,chain-metadata
osmosis,gamm/pool/149,,,GAMM-149,18,,osmosis,gamm/pool/149,native,2024-07-23T14:47:57.683Z,2024-03-18T22:43:15.451634,false,chain-metadata
osmosis,gamm/pool/148,,,GAMM-148,18,,osmosis,gamm/pool/148,native,2024-07-23T14:47:57.683Z,2024-03-18T22:43:15.451634,false,chain-metadata
osmosis,gamm/pool/1403,,,GAMM-1403,18,,osmosis,gamm/pool/1403,native,2024-07-23T14:47:57.683Z,2024-03-18T22:43:15.451634,false,chain-metadata
osmosis,gamm/pool/1415,,,GAMM-1415,18,,osmosis,gamm/pool/1415,native,2024-07-23T14:47:57.683Z,2024-03-18T22:43:15.451634,false,chain-metadata
osmosis,gamm/pool/1467,,,GAMM-1467,18,,osmosis,gamm/pool/1467,native,2024-07-23T14:47:57.683Z,2024-03-18T22:43:15.451634,false,chain-metadata
osmosis,gamm/pool/1424,,,GAMM-1424,18,,osmosis,gamm/pool/1424,native,2024-07-23T14:47:57.683Z,2024-03-18T22:43:15.451634,false,chain-metadata
osmosis,gamm/pool/1412,,,GAMM-1412,18,,osmosis,gamm/pool/1412,native,2024-07-23T14:47:57.683Z,2024-03-18T22:43:15.451634,false,chain-metadata
osmosis,gamm/pool/1470,,,GAMM-1470,18,,osmosis,gamm/pool/1470,native,2024-07-23T14:47:57.683Z,2024-03-18T22:43:15.451634,false,chain-metadata
osmosis,gamm/pool/1425,,,GAMM-1425,18,,osmosis,gamm/pool/1425,native,2024-07-23T14:47:57.683Z,2024-03-18T22:43:15.451634,false,chain-metadata
osmosis,gamm/pool/1468,,,GAMM-1468,18,,osmosis,gamm/pool/1468,native,2024-07-23T14:47:57.683Z,2024-03-18T22:43:15.451634,false,chain-metadata
osmosis,gamm/pool/1457,,,GAMM-1457,18,,osmosis,gamm/pool/1457,native,2024-07-23T14:47:57.683Z,2024-03-18T22:43:15.451634,false,chain-metadata
osmosis,gamm/pool/1443,,,GAMM-1443,18,,osmosis,gamm/pool/1443,native,2024-07-23T14:47:57.683Z,2024-03-18T22:43:15.451634,false,chain-metadata
osmosis,gamm/pool/1485,,,GAMM-1485,18,,osmosis,gamm/pool/1485,native,2024-07-23T14:47:57.683Z,2024-03-18T22:43:15.451634,false,chain-metadata
osmosis,gamm/pool/142,,,GAMM-142,18,,osmosis,gamm/pool/142,native,2024-07-23T14:47:57.683Z,2024-03-18T22:43:15.451634,false,chain-metadata
osmosis,gamm/pool/1458,,,GAMM-1458,18,,osmosis,gamm/pool/1458,native,2024-07-23T14:47:57.683Z,2024-03-18T22:43:15.451634,false,chain-metadata
osmosis,gamm/pool/1402,,,GAMM-1402,18,,osmosis,gamm/pool/1402,native,2024-07-23T14:47:57.683Z,2024-03-18T22:43:15.451634,false,chain-metadata
osmosis,gamm/pool/1488,,,GAMM-1488,18,,osmosis,gamm/pool/1488,native,2024-07-23T14:47:57.683Z,2024-03-18T22:43:15.451634,false,chain-metadata
osmosis,gamm/pool/1408,,,GAMM-1408,18,,osmosis,gamm/pool/1408,native,2024-07-23T14:47:57.683Z,2024-03-18T22:43:15.451634,false,chain-metadata
osmosis,gamm/pool/1505,,,GAMM-1505,18,,osmosis,gamm/pool/1505,native,2024-07-23T14:47:57.684Z,2024-03-18T22:43:15.451634,false,chain-metadata
osmosis,gamm/pool/154,,,GAMM-154,18,,osmosis,gamm/pool/154,native,2024-07-23T14:47:57.684Z,2024-03-18T22:43:15.451634,false,chain-metadata
osmosis,gamm/pool/1537,,,GAMM-1537,18,,osmosis,gamm/pool/1537,native,2024-07-23T14:47:57.684Z,2024-03-18T22:43:15.451634,false,chain-metadata
osmosis,gamm/pool/1543,,,GAMM-1543,18,,osmosis,gamm/pool/1543,native,2024-07-23T14:47:57.684Z,2024-03-18T22:43:15.451634,false,chain-metadata
osmosis,gamm/pool/1515,,,GAMM-1515,18,,osmosis,gamm/pool/1515,native,2024-07-23T14:47:57.684Z,2024-03-18T22:43:15.451634,false,chain-metadata
osmosis,gamm/pool/1542,,,GAMM-1542,18,,osmosis,gamm/pool/1542,native,2024-07-23T14:47:57.684Z,2024-03-18T22:43:15.451634,false,chain-metadata
osmosis,gamm/pool/1527,,,GAMM-1527,18,,osmosis,gamm/pool/1527,native,2024-07-23T14:47:57.684Z,2024-03-18T22:43:15.451634,false,chain-metadata
osmosis,gamm/pool/1511,,,GAMM-1511,18,,osmosis,gamm/pool/1511,native,2024-07-23T14:47:57.684Z,2024-03-18T22:43:15.451634,false,chain-metadata
osmosis,gamm/pool/1541,,,GAMM-1541,18,,osmosis,gamm/pool/1541,native,2024-07-23T14:47:57.684Z,2024-03-18T22:43:15.451634,false,chain-metadata
osmosis,gamm/pool/1539,,,GAMM-1539,18,,osmosis,gamm/pool/1539,native,2024-07-23T14:47:57.684Z,2024-03-18T22:43:15.451634,false,chain-metadata
osmosis,gamm/pool/1525,,,GAMM-1525,18,,osmosis,gamm/pool/1525,native,2024-07-23T14:47:57.684Z,2024-03-18T22:43:15.451634,false,chain-metadata
osmosis,gamm/pool/1538,,,GAMM-1538,18,,osmosis,gamm/pool/1538,native,2024-07-23T14:47:57.684Z,2024-03-18T22:43:15.451634,false,chain-metadata
osmosis,gamm/pool/1494,,,GAMM-1494,18,,osmosis,gamm/pool/1494,native,2024-07-23T14:47:57.684Z,2024-03-18T22:43:15.451634,false,chain-metadata
osmosis,gamm/pool/1529,,,GAMM-1529,18,,osmosis,gamm/pool/1529,native,2024-07-23T14:47:57.684Z,2024-03-18T22:43:15.451634,false,chain-metadata
osmosis,gamm/pool/1496,,,GAMM-1496,18,,osmosis,gamm/pool/1496,native,2024-07-23T14:47:57.684Z,2024-03-18T22:43:15.451634,false,chain-metadata
osmosis,gamm/pool/1513,,,GAMM-1513,18,,osmosis,gamm/pool/1513,native,2024-07-23T14:47:57.684Z,2024-03-18T22:43:15.451634,false,chain-metadata
osmosis,gamm/pool/1526,,,GAMM-1526,18,,osmosis,gamm/pool/1526,native,2024-07-23T14:47:57.684Z,2024-03-18T22:43:15.451634,false,chain-metadata
osmosis,gamm/pool/151,,,GAMM-151,18,,osmosis,gamm/pool/151,native,2024-07-23T14:47:57.684Z,2024-03-18T22:43:15.451634,false,chain-metadata
osmosis,gamm/pool/150,,,GAMM-150,18,,osmosis,gamm/pool/150,native,2024-07-23T14:47:57.684Z,2024-03-18T22:43:15.451634,false,chain-metadata
osmosis,gamm/pool/1549,,,GAMM-1549,18,,osmosis,gamm/pool/1549,native,2024-07-23T14:47:57.684Z,2024-03-18T22:43:15.451634,false,chain-metadata
osmosis,gamm/pool/1551,,,GAMM-1551,18,,osmosis,gamm/pool/1551,native,2024-07-23T14:47:57.684Z,2024-03-18T22:43:15.451634,false,chain-metadata
osmosis,gamm/pool/1499,,,GAMM-1499,18,,osmosis,gamm/pool/1499,native,2024-07-23T14:47:57.684Z,2024-03-18T22:43:15.451634,false,chain-metadata
osmosis,gamm/pool/1545,,,GAMM-1545,18,,osmosis,gamm/pool/1545,native,2024-07-23T14:47:57.684Z,2024-03-18T22:43:15.451634,false,chain-metadata
osmosis,gamm/pool/1524,,,GAMM-1524,18,,osmosis,gamm/pool/1524,native,2024-07-23T14:47:57.684Z,2024-03-18T22:43:15.451634,false,chain-metadata
osmosis,gamm/pool/152,,,GAMM-152,18,,osmosis,gamm/pool/152,native,2024-07-23T14:47:57.684Z,2024-03-18T22:43:15.451634,false,chain-metadata
osmosis,gamm/pool/1532,,,GAMM-1532,18,,osmosis,gamm/pool/1532,native,2024-07-23T14:47:57.684Z,2024-03-18T22:43:15.451634,false,chain-metadata
osmosis,gamm/pool/1498,,,GAMM-1498,18,,osmosis,gamm/pool/1498,native,2024-07-23T14:47:57.684Z,2024-03-18T22:43:15.451634,false,chain-metadata
osmosis,gamm/pool/1520,,,GAMM-1520,18,,osmosis,gamm/pool/1520,native,2024-07-23T14:47:57.684Z,2024-03-18T22:43:15.451634,false,chain-metadata
osmosis,gamm/pool/15,,,GAMM-15,18,,osmosis,gamm/pool/15,native,2024-07-23T14:47:57.684Z,2024-03-18T22:43:15.451634,false,chain-metadata
osmosis,gamm/pool/1495,,,GAMM-1495,18,,osmosis,gamm/pool/1495,native,2024-07-23T14:47:57.684Z,2024-03-18T22:43:15.451634,false,chain-metadata
osmosis,gamm/pool/1530,,,GAMM-1530,18,,osmosis,gamm/pool/1530,native,2024-07-23T14:47:57.684Z,2024-03-18T22:43:15.451634,false,chain-metadata
osmosis,gamm/pool/1548,,,GAMM-1548,18,,osmosis,gamm/pool/1548,native,2024-07-23T14:47:57.684Z,2024-03-18T22:43:15.451634,false,chain-metadata
osmosis,gamm/pool/155,,,GAMM-155,18,,osmosis,gamm/pool/155,native,2024-07-23T14:47:57.684Z,2024-03-18T22:43:15.451634,false,chain-metadata
osmosis,gamm/pool/1508,,,GAMM-1508,18,,osmosis,gamm/pool/1508,native,2024-07-23T14:47:57.684Z,2024-03-18T22:43:15.451634,false,chain-metadata
osmosis,gamm/pool/1493,,,GAMM-1493,18,,osmosis,gamm/pool/1493,native,2024-07-23T14:47:57.684Z,2024-03-18T22:43:15.451634,false,chain-metadata
osmosis,gamm/pool/153,,,GAMM-153,18,,osmosis,gamm/pool/153,native,2024-07-23T14:47:57.684Z,2024-03-18T22:43:15.451634,false,chain-metadata
osmosis,gamm/pool/1535,,,GAMM-1535,18,,osmosis,gamm/pool/1535,native,2024-07-23T14:47:57.684Z,2024-03-18T22:43:15.451634,false,chain-metadata
osmosis,gamm/pool/1547,,,GAMM-1547,18,,osmosis,gamm/pool/1547,native,2024-07-23T14:47:57.684Z,2024-03-18T22:43:15.451634,false,chain-metadata
osmosis,gamm/pool/1519,,,GAMM-1519,18,,osmosis,gamm/pool/1519,native,2024-07-23T14:47:57.684Z,2024-03-18T22:43:15.451634,false,chain-metadata
osmosis,gamm/pool/1523,,,GAMM-1523,18,,osmosis,gamm/pool/1523,native,2024-07-23T14:47:57.684Z,2024-03-18T22:43:15.451634,false,chain-metadata
osmosis,gamm/pool/1518,,,GAMM-1518,18,,osmosis,gamm/pool/1518,native,2024-07-23T14:47:57.684Z,2024-03-18T22:43:15.451634,false,chain-metadata
osmosis,gamm/pool/1510,,,GAMM-1510,18,,osmosis,gamm/pool/1510,native,2024-07-23T14:47:57.684Z,2024-03-18T22:43:15.451634,false,chain-metadata
osmosis,gamm/pool/1534,,,GAMM-1534,18,,osmosis,gamm/pool/1534,native,2024-07-23T14:47:57.684Z,2024-03-18T22:43:15.451634,false,chain-metadata
osmosis,gamm/pool/1546,,,GAMM-1546,18,,osmosis,gamm/pool/1546,native,2024-07-23T14:47:57.684Z,2024-03-18T22:43:15.451634,false,chain-metadata
osmosis,gamm/pool/1550,,,GAMM-1550,18,,osmosis,gamm/pool/1550,native,2024-07-23T14:47:57.684Z,2024-03-18T22:43:15.451634,false,chain-metadata
osmosis,gamm/pool/1522,,,GAMM-1522,18,,osmosis,gamm/pool/1522,native,2024-07-23T14:47:57.684Z,2024-03-18T22:43:15.451634,false,chain-metadata
osmosis,gamm/pool/1536,,,GAMM-1536,18,,osmosis,gamm/pool/1536,native,2024-07-23T14:47:57.684Z,2024-03-18T22:43:15.451634,false,chain-metadata
osmosis,gamm/pool/1552,,,GAMM-1552,18,,osmosis,gamm/pool/1552,native,2024-07-23T14:47:57.684Z,2024-03-18T22:43:15.451634,false,chain-metadata
osmosis,gamm/pool/1509,,,GAMM-1509,18,,osmosis,gamm/pool/1509,native,2024-07-23T14:47:57.684Z,2024-03-18T22:43:15.451634,false,chain-metadata
osmosis,gamm/pool/1533,,,GAMM-1533,18,,osmosis,gamm/pool/1533,native,2024-07-23T14:47:57.684Z,2024-03-18T22:43:15.451634,false,chain-metadata
osmosis,gamm/pool/1544,,,GAMM-1544,18,,osmosis,gamm/pool/1544,native,2024-07-23T14:47:57.684Z,2024-03-18T22:43:15.451634,false,chain-metadata
osmosis,gamm/pool/1553,,,GAMM-1553,18,,osmosis,gamm/pool/1553,native,2024-07-23T14:47:57.684Z,2024-03-18T22:43:15.451634,false,chain-metadata
osmosis,gamm/pool/1531,,,GAMM-1531,18,,osmosis,gamm/pool/1531,native,2024-07-23T14:47:57.684Z,2024-03-18T22:43:15.451634,false,chain-metadata
osmosis,gamm/pool/1521,,,GAMM-1521,18,,osmosis,gamm/pool/1521,native,2024-07-23T14:47:57.684Z,2024-03-18T22:43:15.451634,false,chain-metadata
osmosis,gamm/pool/1528,,,GAMM-1528,18,,osmosis,gamm/pool/1528,native,2024-07-23T14:47:57.684Z,2024-03-18T22:43:15.451634,false,chain-metadata
osmosis,gamm/pool/1497,,,GAMM-1497,18,,osmosis,gamm/pool/1497,native,2024-07-23T14:47:57.684Z,2024-03-18T22:43:15.451634,false,chain-metadata
osmosis,gamm/pool/1540,,,GAMM-1540,18,,osmosis,gamm/pool/1540,native,2024-07-23T14:47:57.684Z,2024-03-18T22:43:15.451634,false,chain-metadata
osmosis,gamm/pool/1578,,,GAMM-1578,18,,osmosis,gamm/pool/1578,native,2024-07-23T14:47:57.685Z,2024-03-18T22:43:15.451634,false,chain-metadata
osmosis,gamm/pool/1563,,,GAMM-1563,18,,osmosis,gamm/pool/1563,native,2024-07-23T14:47:57.685Z,2024-03-18T22:43:15.451634,false,chain-metadata
osmosis,gamm/pool/1556,,,GAMM-1556,18,,osmosis,gamm/pool/1556,native,2024-07-23T14:47:57.685Z,2024-03-18T22:43:15.451634,false,chain-metadata
osmosis,gamm/pool/1576,,,GAMM-1576,18,,osmosis,gamm/pool/1576,native,2024-07-23T14:47:57.685Z,2024-03-18T22:43:15.451634,false,chain-metadata
osmosis,gamm/pool/1558,,,GAMM-1558,18,,osmosis,gamm/pool/1558,native,2024-07-23T14:47:57.685Z,2024-03-18T22:43:15.451634,false,chain-metadata
osmosis,gamm/pool/159,,,GAMM-159,18,,osmosis,gamm/pool/159,native,2024-07-23T14:47:57.685Z,2024-03-18T22:43:15.451634,false,chain-metadata
osmosis,gamm/pool/156,,,GAMM-156,18,,osmosis,gamm/pool/156,native,2024-07-23T14:47:57.685Z,2024-03-18T22:43:15.451634,false,chain-metadata
osmosis,gamm/pool/160,,,GAMM-160,18,,osmosis,gamm/pool/160,native,2024-07-23T14:47:57.685Z,2024-03-18T22:43:15.451634,false,chain-metadata
osmosis,gamm/pool/1573,,,GAMM-1573,18,,osmosis,gamm/pool/1573,native,2024-07-23T14:47:57.685Z,2024-03-18T22:43:15.451634,false,chain-metadata
osmosis,gamm/pool/162,,,GAMM-162,18,,osmosis,gamm/pool/162,native,2024-07-23T14:47:57.685Z,2024-03-18T22:43:15.451634,false,chain-metadata
osmosis,gamm/pool/1557,,,GAMM-1557,18,,osmosis,gamm/pool/1557,native,2024-07-23T14:47:57.685Z,2024-03-18T22:43:15.451634,false,chain-metadata
osmosis,gamm/pool/1577,,,GAMM-1577,18,,osmosis,gamm/pool/1577,native,2024-07-23T14:47:57.685Z,2024-03-18T22:43:15.451634,false,chain-metadata
osmosis,gamm/pool/1583,,,GAMM-1583,18,,osmosis,gamm/pool/1583,native,2024-07-23T14:47:57.685Z,2024-03-18T22:43:15.451634,false,chain-metadata
osmosis,gamm/pool/158,,,GAMM-158,18,,osmosis,gamm/pool/158,native,2024-07-23T14:47:57.685Z,2024-03-18T22:43:15.451634,false,chain-metadata
osmosis,gamm/pool/1562,,,GAMM-1562,18,,osmosis,gamm/pool/1562,native,2024-07-23T14:47:57.685Z,2024-03-18T22:43:15.451634,false,chain-metadata
osmosis,gamm/pool/1554,,,GAMM-1554,18,,osmosis,gamm/pool/1554,native,2024-07-23T14:47:57.685Z,2024-03-18T22:43:15.451634,false,chain-metadata
osmosis,gamm/pool/1560,,,GAMM-1560,18,,osmosis,gamm/pool/1560,native,2024-07-23T14:47:57.685Z,2024-03-18T22:43:15.451634,false,chain-metadata
osmosis,gamm/pool/16,,,GAMM-16,18,,osmosis,gamm/pool/16,native,2024-07-23T14:47:57.685Z,2024-03-18T22:43:15.451634,false,chain-metadata
osmosis,gamm/pool/1574,,,GAMM-1574,18,,osmosis,gamm/pool/1574,native,2024-07-23T14:47:57.685Z,2024-03-18T22:43:15.451634,false,chain-metadata
osmosis,gamm/pool/157,,,GAMM-157,18,,osmosis,gamm/pool/157,native,2024-07-23T14:47:57.685Z,2024-03-18T22:43:15.451634,false,chain-metadata
osmosis,gamm/pool/1555,,,GAMM-1555,18,,osmosis,gamm/pool/1555,native,2024-07-23T14:47:57.685Z,2024-03-18T22:43:15.451634,false,chain-metadata
osmosis,gamm/pool/164,,,GAMM-164,18,,osmosis,gamm/pool/164,native,2024-07-23T14:47:57.685Z,2024-03-18T22:43:15.451634,false,chain-metadata
osmosis,gamm/pool/1559,,,GAMM-1559,18,,osmosis,gamm/pool/1559,native,2024-07-23T14:47:57.685Z,2024-03-18T22:43:15.451634,false,chain-metadata
osmosis,gamm/pool/1561,,,GAMM-1561,18,,osmosis,gamm/pool/1561,native,2024-07-23T14:47:57.685Z,2024-03-18T22:43:15.451634,false,chain-metadata
osmosis,gamm/pool/161,,,GAMM-161,18,,osmosis,gamm/pool/161,native,2024-07-23T14:47:57.685Z,2024-03-18T22:43:15.451634,false,chain-metadata
osmosis,gamm/pool/163,,,GAMM-163,18,,osmosis,gamm/pool/163,native,2024-07-23T14:47:57.685Z,2024-03-18T22:43:15.451634,false,chain-metadata
osmosis,gamm/pool/1582,,,GAMM-1582,18,,osmosis,gamm/pool/1582,native,2024-07-23T14:47:57.685Z,2024-03-18T22:43:15.451634,false,chain-metadata
osmosis,gamm/pool/1586,,,GAMM-1586,18,,osmosis,gamm/pool/1586,native,2024-07-23T14:47:57.685Z,2024-03-18T22:43:15.451634,false,chain-metadata
osmosis,gamm/pool/1587,,,GAMM-1587,18,,osmosis,gamm/pool/1587,native,2024-07-23T14:47:57.685Z,2024-03-18T22:43:15.451634,false,chain-metadata
osmosis,gamm/pool/1585,,,GAMM-1585,18,,osmosis,gamm/pool/1585,native,2024-07-23T14:47:57.685Z,2024-03-18T22:43:15.451634,false,chain-metadata
osmosis,gamm/pool/166,,,GAMM-166,18,,osmosis,gamm/pool/166,native,2024-07-23T14:47:57.686Z,2024-03-18T22:43:15.451634,false,chain-metadata
osmosis,gamm/pool/165,,,GAMM-165,18,,osmosis,gamm/pool/165,native,2024-07-23T14:47:57.686Z,2024-03-18T22:43:15.451634,false,chain-metadata
osmosis,gamm/pool/169,,,GAMM-169,18,,osmosis,gamm/pool/169,native,2024-07-23T14:47:57.688Z,2024-03-18T22:43:15.451634,false,chain-metadata
osmosis,gamm/pool/167,,,GAMM-167,18,,osmosis,gamm/pool/167,native,2024-07-23T14:47:57.688Z,2024-03-18T22:43:15.451634,false,chain-metadata
osmosis,gamm/pool/168,,,GAMM-168,18,,osmosis,gamm/pool/168,native,2024-07-23T14:47:57.688Z,2024-03-18T22:43:15.451634,false,chain-metadata
osmosis,gamm/pool/176,,,GAMM-176,18,,osmosis,gamm/pool/176,native,2024-07-23T14:47:57.689Z,2024-03-18T22:43:15.451634,false,chain-metadata
osmosis,gamm/pool/171,,,GAMM-171,18,,osmosis,gamm/pool/171,native,2024-07-23T14:47:57.689Z,2024-03-18T22:43:15.451634,false,chain-metadata
osmosis,gamm/pool/174,,,GAMM-174,18,,osmosis,gamm/pool/174,native,2024-07-23T14:47:57.689Z,2024-03-18T22:43:15.451634,false,chain-metadata
osmosis,gamm/pool/173,,,GAMM-173,18,,osmosis,gamm/pool/173,native,2024-07-23T14:47:57.689Z,2024-03-18T22:43:15.451634,false,chain-metadata
osmosis,gamm/pool/172,,,GAMM-172,18,,osmosis,gamm/pool/172,native,2024-07-23T14:47:57.689Z,2024-03-18T22:43:15.451634,false,chain-metadata
osmosis,gamm/pool/17,,,GAMM-17,18,,osmosis,gamm/pool/17,native,2024-07-23T14:47:57.689Z,2024-03-18T22:43:15.451634,false,chain-metadata
osmosis,gamm/pool/175,,,GAMM-175,18,,osmosis,gamm/pool/175,native,2024-07-23T14:47:57.689Z,2024-03-18T22:43:15.451634,false,chain-metadata
osmosis,gamm/pool/177,,,GAMM-177,18,,osmosis,gamm/pool/177,native,2024-07-23T14:47:57.689Z,2024-03-18T22:43:15.451634,false,chain-metadata
osmosis,gamm/pool/170,,,GAMM-170,18,,osmosis,gamm/pool/170,native,2024-07-23T14:47:57.689Z,2024-03-18T22:43:15.451634,false,chain-metadata
osmosis,gamm/pool/180,,,GAMM-180,18,,osmosis,gamm/pool/180,native,2024-07-23T14:47:57.690Z,2024-03-18T22:43:15.451634,false,chain-metadata
osmosis,gamm/pool/184,,,GAMM-184,18,,osmosis,gamm/pool/184,native,2024-07-23T14:47:57.690Z,2024-03-18T22:43:15.451634,false,chain-metadata
osmosis,gamm/pool/18,,,GAMM-18,18,,osmosis,gamm/pool/18,native,2024-07-23T14:47:57.690Z,2024-03-18T22:43:15.451634,false,chain-metadata
osmosis,gamm/pool/181,,,GAMM-181,18,,osmosis,gamm/pool/181,native,2024-07-23T14:47:57.690Z,2024-03-18T22:43:15.451634,false,chain-metadata
osmosis,gamm/pool/185,,,GAMM-185,18,,osmosis,gamm/pool/185,native,2024-07-23T14:47:57.690Z,2024-03-18T22:43:15.451634,false,chain-metadata
osmosis,gamm/pool/187,,,GAMM-187,18,,osmosis,gamm/pool/187,native,2024-07-23T14:47:57.690Z,2024-03-18T22:43:15.451634,false,chain-metadata
osmosis,gamm/pool/182,,,GAMM-182,18,,osmosis,gamm/pool/182,native,2024-07-23T14:47:57.690Z,2024-03-18T22:43:15.451634,false,chain-metadata
osmosis,gamm/pool/179,,,GAMM-179,18,,osmosis,gamm/pool/179,native,2024-07-23T14:47:57.690Z,2024-03-18T22:43:15.451634,false,chain-metadata
osmosis,gamm/pool/178,,,GAMM-178,18,,osmosis,gamm/pool/178,native,2024-07-23T14:47:57.690Z,2024-03-18T22:43:15.451634,false,chain-metadata
osmosis,gamm/pool/183,,,GAMM-183,18,,osmosis,gamm/pool/183,native,2024-07-23T14:47:57.690Z,2024-03-18T22:43:15.451634,false,chain-metadata
osmosis,gamm/pool/186,,,GAMM-186,18,,osmosis,gamm/pool/186,native,2024-07-23T14:47:57.690Z,2024-03-18T22:43:15.451634,false,chain-metadata
osmosis,gamm/pool/191,,,GAMM-191,18,,osmosis,gamm/pool/191,native,2024-07-23T14:47:57.691Z,2024-03-18T22:43:15.451634,false,chain-metadata
osmosis,gamm/pool/189,,,GAMM-189,18,,osmosis,gamm/pool/189,native,2024-07-23T14:47:57.691Z,2024-03-18T22:43:15.451634,false,chain-metadata
osmosis,gamm/pool/188,,,GAMM-188,18,,osmosis,gamm/pool/188,native,2024-07-23T14:47:57.691Z,2024-03-18T22:43:15.451634,false,chain-metadata
osmosis,gamm/pool/198,,,GAMM-198,18,,osmosis,gamm/pool/198,native,2024-07-23T14:47:57.691Z,2024-03-18T22:43:15.451634,false,chain-metadata
osmosis,gamm/pool/199,,,GAMM-199,18,,osmosis,gamm/pool/199,native,2024-07-23T14:47:57.691Z,2024-03-18T22:43:15.451634,false,chain-metadata
osmosis,gamm/pool/214,,,GAMM-214,18,,osmosis,gamm/pool/214,native,2024-07-23T14:47:57.691Z,2024-03-18T22:43:15.451634,false,chain-metadata
osmosis,gamm/pool/195,,,GAMM-195,18,,osmosis,gamm/pool/195,native,2024-07-23T14:47:57.691Z,2024-03-18T22:43:15.451634,false,chain-metadata
osmosis,gamm/pool/19,,,GAMM-19,18,,osmosis,gamm/pool/19,native,2024-07-23T14:47:57.691Z,2024-03-18T22:43:15.451634,false,chain-metadata
osmosis,gamm/pool/193,,,GAMM-193,18,,osmosis,gamm/pool/193,native,2024-07-23T14:47:57.691Z,2024-03-18T22:43:15.451634,false,chain-metadata
osmosis,gamm/pool/2,,,GAMM-2,18,,osmosis,gamm/pool/2,native,2024-07-23T14:47:57.691Z,2024-03-18T22:43:15.451634,false,chain-metadata
osmosis,gamm/pool/206,,,GAMM-206,18,,osmosis,gamm/pool/206,native,2024-07-23T14:47:57.691Z,2024-03-18T22:43:15.451634,false,chain-metadata
osmosis,gamm/pool/210,,,GAMM-210,18,,osmosis,gamm/pool/210,native,2024-07-23T14:47:57.691Z,2024-03-18T22:43:15.451634,false,chain-metadata
osmosis,gamm/pool/211,,,GAMM-211,18,,osmosis,gamm/pool/211,native,2024-07-23T14:47:57.691Z,2024-03-18T22:43:15.451634,false,chain-metadata
osmosis,gamm/pool/192,,,GAMM-192,18,,osmosis,gamm/pool/192,native,2024-07-23T14:47:57.691Z,2024-03-18T22:43:15.451634,false,chain-metadata
osmosis,gamm/pool/208,,,GAMM-208,18,,osmosis,gamm/pool/208,native,2024-07-23T14:47:57.691Z,2024-03-18T22:43:15.451634,false,chain-metadata
osmosis,gamm/pool/207,,,GAMM-207,18,,osmosis,gamm/pool/207,native,2024-07-23T14:47:57.691Z,2024-03-18T22:43:15.451634,false,chain-metadata
osmosis,gamm/pool/196,,,GAMM-196,18,,osmosis,gamm/pool/196,native,2024-07-23T14:47:57.691Z,2024-03-18T22:43:15.451634,false,chain-metadata
osmosis,gamm/pool/209,,,GAMM-209,18,,osmosis,gamm/pool/209,native,2024-07-23T14:47:57.691Z,2024-03-18T22:43:15.451634,false,chain-metadata
osmosis,gamm/pool/202,,,GAMM-202,18,,osmosis,gamm/pool/202,native,2024-07-23T14:47:57.691Z,2024-03-18T22:43:15.451634,false,chain-metadata
osmosis,gamm/pool/190,,,GAMM-190,18,,osmosis,gamm/pool/190,native,2024-07-23T14:47:57.691Z,2024-03-18T22:43:15.451634,false,chain-metadata
osmosis,gamm/pool/201,,,GAMM-201,18,,osmosis,gamm/pool/201,native,2024-07-23T14:47:57.691Z,2024-03-18T22:43:15.451634,false,chain-metadata
osmosis,gamm/pool/20,,,GAMM-20,18,,osmosis,gamm/pool/20,native,2024-07-23T14:47:57.691Z,2024-03-18T22:43:15.451634,false,chain-metadata
osmosis,gamm/pool/21,,,GAMM-21,18,,osmosis,gamm/pool/21,native,2024-07-23T14:47:57.691Z,2024-03-18T22:43:15.451634,false,chain-metadata
osmosis,gamm/pool/200,,,GAMM-200,18,,osmosis,gamm/pool/200,native,2024-07-23T14:47:57.691Z,2024-03-18T22:43:15.451634,false,chain-metadata
osmosis,gamm/pool/197,,,GAMM-197,18,,osmosis,gamm/pool/197,native,2024-07-23T14:47:57.691Z,2024-03-18T22:43:15.451634,false,chain-metadata
osmosis,gamm/pool/213,,,GAMM-213,18,,osmosis,gamm/pool/213,native,2024-07-23T14:47:57.691Z,2024-03-18T22:43:15.451634,false,chain-metadata
osmosis,gamm/pool/205,,,GAMM-205,18,,osmosis,gamm/pool/205,native,2024-07-23T14:47:57.691Z,2024-03-18T22:43:15.451634,false,chain-metadata
osmosis,gamm/pool/204,,,GAMM-204,18,,osmosis,gamm/pool/204,native,2024-07-23T14:47:57.691Z,2024-03-18T22:43:15.451634,false,chain-metadata
osmosis,gamm/pool/215,,,GAMM-215,18,,osmosis,gamm/pool/215,native,2024-07-23T14:47:57.691Z,2024-03-18T22:43:15.451634,false,chain-metadata
osmosis,gamm/pool/194,,,GAMM-194,18,,osmosis,gamm/pool/194,native,2024-07-23T14:47:57.691Z,2024-03-18T22:43:15.451634,false,chain-metadata
osmosis,gamm/pool/212,,,GAMM-212,18,,osmosis,gamm/pool/212,native,2024-07-23T14:47:57.691Z,2024-03-18T22:43:15.451634,false,chain-metadata
osmosis,gamm/pool/203,,,GAMM-203,18,,osmosis,gamm/pool/203,native,2024-07-23T14:47:57.691Z,2024-03-18T22:43:15.451634,false,chain-metadata
osmosis,gamm/pool/218,,,GAMM-218,18,,osmosis,gamm/pool/218,native,2024-07-23T14:47:57.692Z,2024-03-18T22:43:15.451634,false,chain-metadata
osmosis,gamm/pool/237,,,GAMM-237,18,,osmosis,gamm/pool/237,native,2024-07-23T14:47:57.692Z,2024-03-18T22:43:15.451634,false,chain-metadata
osmosis,gamm/pool/219,,,GAMM-219,18,,osmosis,gamm/pool/219,native,2024-07-23T14:47:57.692Z,2024-03-18T22:43:15.451634,false,chain-metadata
osmosis,gamm/pool/261,,,GAMM-261,18,,osmosis,gamm/pool/261,native,2024-07-23T14:47:57.692Z,2024-03-18T22:43:15.451634,false,chain-metadata
osmosis,gamm/pool/244,,,GAMM-244,18,,osmosis,gamm/pool/244,native,2024-07-23T14:47:57.692Z,2024-03-18T22:43:15.451634,false,chain-metadata
osmosis,gamm/pool/253,,,GAMM-253,18,,osmosis,gamm/pool/253,native,2024-07-23T14:47:57.692Z,2024-03-18T22:43:15.451634,false,chain-metadata
osmosis,gamm/pool/242,,,GAMM-242,18,,osmosis,gamm/pool/242,native,2024-07-23T14:47:57.692Z,2024-03-18T22:43:15.451634,false,chain-metadata
osmosis,gamm/pool/255,,,GAMM-255,18,,osmosis,gamm/pool/255,native,2024-07-23T14:47:57.692Z,2024-03-18T22:43:15.451634,false,chain-metadata
osmosis,gamm/pool/272,,,GAMM-272,18,,osmosis,gamm/pool/272,native,2024-07-23T14:47:57.692Z,2024-03-18T22:43:15.451634,false,chain-metadata
osmosis,gamm/pool/271,,,GAMM-271,18,,osmosis,gamm/pool/271,native,2024-07-23T14:47:57.692Z,2024-03-18T22:43:15.451634,false,chain-metadata
osmosis,gamm/pool/22,,,GAMM-22,18,,osmosis,gamm/pool/22,native,2024-07-23T14:47:57.692Z,2024-03-18T22:43:15.451634,false,chain-metadata
osmosis,gamm/pool/240,,,GAMM-240,18,,osmosis,gamm/pool/240,native,2024-07-23T14:47:57.692Z,2024-03-18T22:43:15.451634,false,chain-metadata
osmosis,gamm/pool/270,,,GAMM-270,18,,osmosis,gamm/pool/270,native,2024-07-23T14:47:57.692Z,2024-03-18T22:43:15.451634,false,chain-metadata
osmosis,gamm/pool/252,,,GAMM-252,18,,osmosis,gamm/pool/252,native,2024-07-23T14:47:57.692Z,2024-03-18T22:43:15.451634,false,chain-metadata
osmosis,gamm/pool/230,,,GAMM-230,18,,osmosis,gamm/pool/230,native,2024-07-23T14:47:57.692Z,2024-03-18T22:43:15.451634,false,chain-metadata
osmosis,gamm/pool/275,,,GAMM-275,18,,osmosis,gamm/pool/275,native,2024-07-23T14:47:57.692Z,2024-03-18T22:43:15.451634,false,chain-metadata
osmosis,gamm/pool/259,,,GAMM-259,18,,osmosis,gamm/pool/259,native,2024-07-23T14:47:57.692Z,2024-03-18T22:43:15.451634,false,chain-metadata
osmosis,gamm/pool/234,,,GAMM-234,18,,osmosis,gamm/pool/234,native,2024-07-23T14:47:57.692Z,2024-03-18T22:43:15.451634,false,chain-metadata
osmosis,gamm/pool/217,,,GAMM-217,18,,osmosis,gamm/pool/217,native,2024-07-23T14:47:57.692Z,2024-03-18T22:43:15.451634,false,chain-metadata
osmosis,gamm/pool/267,,,GAMM-267,18,,osmosis,gamm/pool/267,native,2024-07-23T14:47:57.692Z,2024-03-18T22:43:15.451634,false,chain-metadata
osmosis,gamm/pool/224,,,GAMM-224,18,,osmosis,gamm/pool/224,native,2024-07-23T14:47:57.692Z,2024-03-18T22:43:15.451634,false,chain-metadata
osmosis,gamm/pool/216,,,GAMM-216,18,,osmosis,gamm/pool/216,native,2024-07-23T14:47:57.692Z,2024-03-18T22:43:15.451634,false,chain-metadata
osmosis,gamm/pool/220,,,GAMM-220,18,,osmosis,gamm/pool/220,native,2024-07-23T14:47:57.692Z,2024-03-18T22:43:15.451634,false,chain-metadata
osmosis,gamm/pool/277,,,GAMM-277,18,,osmosis,gamm/pool/277,native,2024-07-23T14:47:57.692Z,2024-03-18T22:43:15.451634,false,chain-metadata
osmosis,gamm/pool/232,,,GAMM-232,18,,osmosis,gamm/pool/232,native,2024-07-23T14:47:57.692Z,2024-03-18T22:43:15.451634,false,chain-metadata
osmosis,gamm/pool/236,,,GAMM-236,18,,osmosis,gamm/pool/236,native,2024-07-23T14:47:57.692Z,2024-03-18T22:43:15.451634,false,chain-metadata
osmosis,gamm/pool/222,,,GAMM-222,18,,osmosis,gamm/pool/222,native,2024-07-23T14:47:57.692Z,2024-03-18T22:43:15.451634,false,chain-metadata
osmosis,gamm/pool/23,,,GAMM-23,18,,osmosis,gamm/pool/23,native,2024-07-23T14:47:57.692Z,2024-03-18T22:43:15.451634,false,chain-metadata
osmosis,gamm/pool/265,,,GAMM-265,18,,osmosis,gamm/pool/265,native,2024-07-23T14:47:57.692Z,2024-03-18T22:43:15.451634,false,chain-metadata
osmosis,gamm/pool/247,,,GAMM-247,18,,osmosis,gamm/pool/247,native,2024-07-23T14:47:57.692Z,2024-03-18T22:43:15.451634,false,chain-metadata
osmosis,gamm/pool/278,,,GAMM-278,18,,osmosis,gamm/pool/278,native,2024-07-23T14:47:57.692Z,2024-03-18T22:43:15.451634,false,chain-metadata
osmosis,gamm/pool/239,,,GAMM-239,18,,osmosis,gamm/pool/239,native,2024-07-23T14:47:57.692Z,2024-03-18T22:43:15.451634,false,chain-metadata
osmosis,gamm/pool/248,,,GAMM-248,18,,osmosis,gamm/pool/248,native,2024-07-23T14:47:57.692Z,2024-03-18T22:43:15.451634,false,chain-metadata
osmosis,gamm/pool/251,,,GAMM-251,18,,osmosis,gamm/pool/251,native,2024-07-23T14:47:57.692Z,2024-03-18T22:43:15.451634,false,chain-metadata
osmosis,gamm/pool/225,,,GAMM-225,18,,osmosis,gamm/pool/225,native,2024-07-23T14:47:57.692Z,2024-03-18T22:43:15.451634,false,chain-metadata
osmosis,gamm/pool/229,,,GAMM-229,18,,osmosis,gamm/pool/229,native,2024-07-23T14:47:57.692Z,2024-03-18T22:43:15.451634,false,chain-metadata
osmosis,gamm/pool/27,,,GAMM-27,18,,osmosis,gamm/pool/27,native,2024-07-23T14:47:57.692Z,2024-03-18T22:43:15.451634,false,chain-metadata
osmosis,gamm/pool/257,,,GAMM-257,18,,osmosis,gamm/pool/257,native,2024-07-23T14:47:57.692Z,2024-03-18T22:43:15.451634,false,chain-metadata
osmosis,gamm/pool/24,,,GAMM-24,18,,osmosis,gamm/pool/24,native,2024-07-23T14:47:57.692Z,2024-03-18T22:43:15.451634,false,chain-metadata
osmosis,gamm/pool/227,,,GAMM-227,18,,osmosis,gamm/pool/227,native,2024-07-23T14:47:57.692Z,2024-03-18T22:43:15.451634,false,chain-metadata
osmosis,gamm/pool/249,,,GAMM-249,18,,osmosis,gamm/pool/249,native,2024-07-23T14:47:57.692Z,2024-03-18T22:43:15.451634,false,chain-metadata
osmosis,gamm/pool/276,,,GAMM-276,18,,osmosis,gamm/pool/276,native,2024-07-23T14:47:57.692Z,2024-03-18T22:43:15.451634,false,chain-metadata
osmosis,gamm/pool/223,,,GAMM-223,18,,osmosis,gamm/pool/223,native,2024-07-23T14:47:57.692Z,2024-03-18T22:43:15.451634,false,chain-metadata
osmosis,gamm/pool/235,,,GAMM-235,18,,osmosis,gamm/pool/235,native,2024-07-23T14:47:57.692Z,2024-03-18T22:43:15.451634,false,chain-metadata
osmosis,gamm/pool/221,,,GAMM-221,18,,osmosis,gamm/pool/221,native,2024-07-23T14:47:57.692Z,2024-03-18T22:43:15.451634,false,chain-metadata
osmosis,gamm/pool/262,,,GAMM-262,18,,osmosis,gamm/pool/262,native,2024-07-23T14:47:57.692Z,2024-03-18T22:43:15.451634,false,chain-metadata
osmosis,gamm/pool/268,,,GAMM-268,18,,osmosis,gamm/pool/268,native,2024-07-23T14:47:57.692Z,2024-03-18T22:43:15.451634,false,chain-metadata
osmosis,gamm/pool/233,,,GAMM-233,18,,osmosis,gamm/pool/233,native,2024-07-23T14:47:57.692Z,2024-03-18T22:43:15.451634,false,chain-metadata
osmosis,gamm/pool/256,,,GAMM-256,18,,osmosis,gamm/pool/256,native,2024-07-23T14:47:57.692Z,2024-03-18T22:43:15.451634,false,chain-metadata
osmosis,gamm/pool/238,,,GAMM-238,18,,osmosis,gamm/pool/238,native,2024-07-23T14:47:57.692Z,2024-03-18T22:43:15.451634,false,chain-metadata
osmosis,gamm/pool/228,,,GAMM-228,18,,osmosis,gamm/pool/228,native,2024-07-23T14:47:57.692Z,2024-03-18T22:43:15.451634,false,chain-metadata
osmosis,gamm/pool/260,,,GAMM-260,18,,osmosis,gamm/pool/260,native,2024-07-23T14:47:57.692Z,2024-03-18T22:43:15.451634,false,chain-metadata
osmosis,gamm/pool/254,,,GAMM-254,18,,osmosis,gamm/pool/254,native,2024-07-23T14:47:57.692Z,2024-03-18T22:43:15.451634,false,chain-metadata
osmosis,gamm/pool/246,,,GAMM-246,18,,osmosis,gamm/pool/246,native,2024-07-23T14:47:57.692Z,2024-03-18T22:43:15.451634,false,chain-metadata
osmosis,gamm/pool/241,,,GAMM-241,18,,osmosis,gamm/pool/241,native,2024-07-23T14:47:57.692Z,2024-03-18T22:43:15.451634,false,chain-metadata
osmosis,gamm/pool/269,,,GAMM-269,18,,osmosis,gamm/pool/269,native,2024-07-23T14:47:57.692Z,2024-03-18T22:43:15.451634,false,chain-metadata
osmosis,gamm/pool/258,,,GAMM-258,18,,osmosis,gamm/pool/258,native,2024-07-23T14:47:57.692Z,2024-03-18T22:43:15.451634,false,chain-metadata
osmosis,gamm/pool/273,,,GAMM-273,18,,osmosis,gamm/pool/273,native,2024-07-23T14:47:57.692Z,2024-03-18T22:43:15.451634,false,chain-metadata
osmosis,gamm/pool/226,,,GAMM-226,18,,osmosis,gamm/pool/226,native,2024-07-23T14:47:57.692Z,2024-03-18T22:43:15.451634,false,chain-metadata
osmosis,gamm/pool/263,,,GAMM-263,18,,osmosis,gamm/pool/263,native,2024-07-23T14:47:57.692Z,2024-03-18T22:43:15.451634,false,chain-metadata
osmosis,gamm/pool/274,,,GAMM-274,18,,osmosis,gamm/pool/274,native,2024-07-23T14:47:57.692Z,2024-03-18T22:43:15.451634,false,chain-metadata
osmosis,gamm/pool/26,,,GAMM-26,18,,osmosis,gamm/pool/26,native,2024-07-23T14:47:57.692Z,2024-03-18T22:43:15.451634,false,chain-metadata
osmosis,gamm/pool/231,,,GAMM-231,18,,osmosis,gamm/pool/231,native,2024-07-23T14:47:57.692Z,2024-03-18T22:43:15.451634,false,chain-metadata
osmosis,gamm/pool/25,,,GAMM-25,18,,osmosis,gamm/pool/25,native,2024-07-23T14:47:57.692Z,2024-03-18T22:43:15.451634,false,chain-metadata
osmosis,gamm/pool/245,,,GAMM-245,18,,osmosis,gamm/pool/245,native,2024-07-23T14:47:57.692Z,2024-03-18T22:43:15.451634,false,chain-metadata
osmosis,gamm/pool/264,,,GAMM-264,18,,osmosis,gamm/pool/264,native,2024-07-23T14:47:57.692Z,2024-03-18T22:43:15.451634,false,chain-metadata
osmosis,gamm/pool/250,,,GAMM-250,18,,osmosis,gamm/pool/250,native,2024-07-23T14:47:57.692Z,2024-03-18T22:43:15.451634,false,chain-metadata
osmosis,gamm/pool/266,,,GAMM-266,18,,osmosis,gamm/pool/266,native,2024-07-23T14:47:57.692Z,2024-03-18T22:43:15.451634,false,chain-metadata
osmosis,gamm/pool/243,,,GAMM-243,18,,osmosis,gamm/pool/243,native,2024-07-23T14:47:57.692Z,2024-03-18T22:43:15.451634,false,chain-metadata
osmosis,gamm/pool/306,,,GAMM-306,18,,osmosis,gamm/pool/306,native,2024-07-23T14:47:57.693Z,2024-03-18T22:43:15.451634,false,chain-metadata
osmosis,gamm/pool/290,,,GAMM-290,18,,osmosis,gamm/pool/290,native,2024-07-23T14:47:57.693Z,2024-03-18T22:43:15.451634,false,chain-metadata
osmosis,gamm/pool/30,,,GAMM-30,18,,osmosis,gamm/pool/30,native,2024-07-23T14:47:57.693Z,2024-03-18T22:43:15.451634,false,chain-metadata
osmosis,gamm/pool/31,,,GAMM-31,18,,osmosis,gamm/pool/31,native,2024-07-23T14:47:57.693Z,2024-03-18T22:43:15.451634,false,chain-metadata
osmosis,gamm/pool/300,,,GAMM-300,18,,osmosis,gamm/pool/300,native,2024-07-23T14:47:57.693Z,2024-03-18T22:43:15.451634,false,chain-metadata
osmosis,gamm/pool/288,,,GAMM-288,18,,osmosis,gamm/pool/288,native,2024-07-23T14:47:57.693Z,2024-03-18T22:43:15.451634,false,chain-metadata
osmosis,gamm/pool/298,,,GAMM-298,18,,osmosis,gamm/pool/298,native,2024-07-23T14:47:57.693Z,2024-03-18T22:43:15.451634,false,chain-metadata
osmosis,gamm/pool/295,,,GAMM-295,18,,osmosis,gamm/pool/295,native,2024-07-23T14:47:57.693Z,2024-03-18T22:43:15.451634,false,chain-metadata
osmosis,gamm/pool/330,,,GAMM-330,18,,osmosis,gamm/pool/330,native,2024-07-23T14:47:57.693Z,2024-03-18T22:43:15.451634,false,chain-metadata
osmosis,gamm/pool/311,,,GAMM-311,18,,osmosis,gamm/pool/311,native,2024-07-23T14:47:57.693Z,2024-03-18T22:43:15.451634,false,chain-metadata
osmosis,gamm/pool/294,,,GAMM-294,18,,osmosis,gamm/pool/294,native,2024-07-23T14:47:57.693Z,2024-03-18T22:43:15.451634,false,chain-metadata
osmosis,gamm/pool/316,,,GAMM-316,18,,osmosis,gamm/pool/316,native,2024-07-23T14:47:57.693Z,2024-03-18T22:43:15.451634,false,chain-metadata
osmosis,gamm/pool/28,,,GAMM-28,18,,osmosis,gamm/pool/28,native,2024-07-23T14:47:57.693Z,2024-03-18T22:43:15.451634,false,chain-metadata
osmosis,gamm/pool/303,,,GAMM-303,18,,osmosis,gamm/pool/303,native,2024-07-23T14:47:57.693Z,2024-03-18T22:43:15.451634,false,chain-metadata
osmosis,gamm/pool/314,,,GAMM-314,18,,osmosis,gamm/pool/314,native,2024-07-23T14:47:57.693Z,2024-03-18T22:43:15.451634,false,chain-metadata
osmosis,gamm/pool/302,,,GAMM-302,18,,osmosis,gamm/pool/302,native,2024-07-23T14:47:57.693Z,2024-03-18T22:43:15.451634,false,chain-metadata
osmosis,gamm/pool/321,,,GAMM-321,18,,osmosis,gamm/pool/321,native,2024-07-23T14:47:57.693Z,2024-03-18T22:43:15.451634,false,chain-metadata
osmosis,gamm/pool/33,,,GAMM-33,18,,osmosis,gamm/pool/33,native,2024-07-23T14:47:57.693Z,2024-03-18T22:43:15.451634,false,chain-metadata
osmosis,gamm/pool/29,,,GAMM-29,18,,osmosis,gamm/pool/29,native,2024-07-23T14:47:57.693Z,2024-03-18T22:43:15.451634,false,chain-metadata
osmosis,gamm/pool/281,,,GAMM-281,18,,osmosis,gamm/pool/281,native,2024-07-23T14:47:57.693Z,2024-03-18T22:43:15.451634,false,chain-metadata
osmosis,gamm/pool/285,,,GAMM-285,18,,osmosis,gamm/pool/285,native,2024-07-23T14:47:57.693Z,2024-03-18T22:43:15.451634,false,chain-metadata
osmosis,gamm/pool/307,,,GAMM-307,18,,osmosis,gamm/pool/307,native,2024-07-23T14:47:57.693Z,2024-03-18T22:43:15.451634,false,chain-metadata
osmosis,gamm/pool/310,,,GAMM-310,18,,osmosis,gamm/pool/310,native,2024-07-23T14:47:57.693Z,2024-03-18T22:43:15.451634,false,chain-metadata
osmosis,gamm/pool/333,,,GAMM-333,18,,osmosis,gamm/pool/333,native,2024-07-23T14:47:57.693Z,2024-03-18T22:43:15.451634,false,chain-metadata
osmosis,gamm/pool/312,,,GAMM-312,18,,osmosis,gamm/pool/312,native,2024-07-23T14:47:57.693Z,2024-03-18T22:43:15.451634,false,chain-metadata
osmosis,gamm/pool/308,,,GAMM-308,18,,osmosis,gamm/pool/308,native,2024-07-23T14:47:57.693Z,2024-03-18T22:43:15.451634,false,chain-metadata
osmosis,gamm/pool/283,,,GAMM-283,18,,osmosis,gamm/pool/283,native,2024-07-23T14:47:57.693Z,2024-03-18T22:43:15.451634,false,chain-metadata
osmosis,gamm/pool/320,,,GAMM-320,18,,osmosis,gamm/pool/320,native,2024-07-23T14:47:57.693Z,2024-03-18T22:43:15.451634,false,chain-metadata
osmosis,gamm/pool/318,,,GAMM-318,18,,osmosis,gamm/pool/318,native,2024-07-23T14:47:57.693Z,2024-03-18T22:43:15.451634,false,chain-metadata
osmosis,gamm/pool/292,,,GAMM-292,18,,osmosis,gamm/pool/292,native,2024-07-23T14:47:57.693Z,2024-03-18T22:43:15.451634,false,chain-metadata
osmosis,gamm/pool/32,,,GAMM-32,18,,osmosis,gamm/pool/32,native,2024-07-23T14:47:57.693Z,2024-03-18T22:43:15.451634,false,chain-metadata
osmosis,gamm/pool/289,,,GAMM-289,18,,osmosis,gamm/pool/289,native,2024-07-23T14:47:57.693Z,2024-03-18T22:43:15.451634,false,chain-metadata
osmosis,gamm/pool/3,,,GAMM-3,18,,osmosis,gamm/pool/3,native,2024-07-23T14:47:57.693Z,2024-03-18T22:43:15.451634,false,chain-metadata
osmosis,gamm/pool/317,,,GAMM-317,18,,osmosis,gamm/pool/317,native,2024-07-23T14:47:57.693Z,2024-03-18T22:43:15.451634,false,chain-metadata
osmosis,gamm/pool/305,,,GAMM-305,18,,osmosis,gamm/pool/305,native,2024-07-23T14:47:57.693Z,2024-03-18T22:43:15.451634,false,chain-metadata
osmosis,gamm/pool/291,,,GAMM-291,18,,osmosis,gamm/pool/291,native,2024-07-23T14:47:57.693Z,2024-03-18T22:43:15.451634,false,chain-metadata
osmosis,gamm/pool/328,,,GAMM-328,18,,osmosis,gamm/pool/328,native,2024-07-23T14:47:57.693Z,2024-03-18T22:43:15.451634,false,chain-metadata
osmosis,gamm/pool/319,,,GAMM-319,18,,osmosis,gamm/pool/319,native,2024-07-23T14:47:57.693Z,2024-03-18T22:43:15.451634,false,chain-metadata
osmosis,gamm/pool/282,,,GAMM-282,18,,osmosis,gamm/pool/282,native,2024-07-23T14:47:57.693Z,2024-03-18T22:43:15.451634,false,chain-metadata
osmosis,gamm/pool/325,,,GAMM-325,18,,osmosis,gamm/pool/325,native,2024-07-23T14:47:57.693Z,2024-03-18T22:43:15.451634,false,chain-metadata
osmosis,gamm/pool/284,,,GAMM-284,18,,osmosis,gamm/pool/284,native,2024-07-23T14:47:57.693Z,2024-03-18T22:43:15.451634,false,chain-metadata
osmosis,gamm/pool/301,,,GAMM-301,18,,osmosis,gamm/pool/301,native,2024-07-23T14:47:57.693Z,2024-03-18T22:43:15.451634,false,chain-metadata
osmosis,gamm/pool/324,,,GAMM-324,18,,osmosis,gamm/pool/324,native,2024-07-23T14:47:57.693Z,2024-03-18T22:43:15.451634,false,chain-metadata
osmosis,gamm/pool/323,,,GAMM-323,18,,osmosis,gamm/pool/323,native,2024-07-23T14:47:57.693Z,2024-03-18T22:43:15.451634,false,chain-metadata
osmosis,gamm/pool/313,,,GAMM-313,18,,osmosis,gamm/pool/313,native,2024-07-23T14:47:57.693Z,2024-03-18T22:43:15.451634,false,chain-metadata
osmosis,gamm/pool/293,,,GAMM-293,18,,osmosis,gamm/pool/293,native,2024-07-23T14:47:57.693Z,2024-03-18T22:43:15.451634,false,chain-metadata
osmosis,gamm/pool/332,,,GAMM-332,18,,osmosis,gamm/pool/332,native,2024-07-23T14:47:57.693Z,2024-03-18T22:43:15.451634,false,chain-metadata
osmosis,gamm/pool/322,,,GAMM-322,18,,osmosis,gamm/pool/322,native,2024-07-23T14:47:57.693Z,2024-03-18T22:43:15.451634,false,chain-metadata
osmosis,gamm/pool/280,,,GAMM-280,18,,osmosis,gamm/pool/280,native,2024-07-23T14:47:57.693Z,2024-03-18T22:43:15.451634,false,chain-metadata
osmosis,gamm/pool/329,,,GAMM-329,18,,osmosis,gamm/pool/329,native,2024-07-23T14:47:57.693Z,2024-03-18T22:43:15.451634,false,chain-metadata
osmosis,gamm/pool/286,,,GAMM-286,18,,osmosis,gamm/pool/286,native,2024-07-23T14:47:57.693Z,2024-03-18T22:43:15.451634,false,chain-metadata
osmosis,gamm/pool/334,,,GAMM-334,18,,osmosis,gamm/pool/334,native,2024-07-23T14:47:57.693Z,2024-03-18T22:43:15.451634,false,chain-metadata
osmosis,gamm/pool/297,,,GAMM-297,18,,osmosis,gamm/pool/297,native,2024-07-23T14:47:57.693Z,2024-03-18T22:43:15.451634,false,chain-metadata
osmosis,gamm/pool/327,,,GAMM-327,18,,osmosis,gamm/pool/327,native,2024-07-23T14:47:57.693Z,2024-03-18T22:43:15.451634,false,chain-metadata
osmosis,gamm/pool/331,,,GAMM-331,18,,osmosis,gamm/pool/331,native,2024-07-23T14:47:57.693Z,2024-03-18T22:43:15.451634,false,chain-metadata
osmosis,gamm/pool/304,,,GAMM-304,18,,osmosis,gamm/pool/304,native,2024-07-23T14:47:57.693Z,2024-03-18T22:43:15.451634,false,chain-metadata
osmosis,gamm/pool/296,,,GAMM-296,18,,osmosis,gamm/pool/296,native,2024-07-23T14:47:57.693Z,2024-03-18T22:43:15.451634,false,chain-metadata
osmosis,gamm/pool/279,,,GAMM-279,18,,osmosis,gamm/pool/279,native,2024-07-23T14:47:57.693Z,2024-03-18T22:43:15.451634,false,chain-metadata
osmosis,gamm/pool/309,,,GAMM-309,18,,osmosis,gamm/pool/309,native,2024-07-23T14:47:57.693Z,2024-03-18T22:43:15.451634,false,chain-metadata
osmosis,gamm/pool/315,,,GAMM-315,18,,osmosis,gamm/pool/315,native,2024-07-23T14:47:57.693Z,2024-03-18T22:43:15.451634,false,chain-metadata
osmosis,gamm/pool/326,,,GAMM-326,18,,osmosis,gamm/pool/326,native,2024-07-23T14:47:57.693Z,2024-03-18T22:43:15.451634,false,chain-metadata
osmosis,gamm/pool/287,,,GAMM-287,18,,osmosis,gamm/pool/287,native,2024-07-23T14:47:57.693Z,2024-03-18T22:43:15.451634,false,chain-metadata
osmosis,gamm/pool/299,,,GAMM-299,18,,osmosis,gamm/pool/299,native,2024-07-23T14:47:57.693Z,2024-03-18T22:43:15.451634,false,chain-metadata
osmosis,gamm/pool/363,,,GAMM-363,18,,osmosis,gamm/pool/363,native,2024-07-23T14:47:57.694Z,2024-03-18T22:43:15.451634,false,chain-metadata
osmosis,gamm/pool/359,,,GAMM-359,18,,osmosis,gamm/pool/359,native,2024-07-23T14:47:57.694Z,2024-03-18T22:43:15.451634,false,chain-metadata
osmosis,gamm/pool/352,,,GAMM-352,18,,osmosis,gamm/pool/352,native,2024-07-23T14:47:57.694Z,2024-03-18T22:43:15.451634,false,chain-metadata
osmosis,gamm/pool/376,,,GAMM-376,18,,osmosis,gamm/pool/376,native,2024-07-23T14:47:57.694Z,2024-03-18T22:43:15.451634,false,chain-metadata
osmosis,gamm/pool/378,,,GAMM-378,18,,osmosis,gamm/pool/378,native,2024-07-23T14:47:57.694Z,2024-03-18T22:43:15.451634,false,chain-metadata
osmosis,gamm/pool/353,,,GAMM-353,18,,osmosis,gamm/pool/353,native,2024-07-23T14:47:57.694Z,2024-03-18T22:43:15.451634,false,chain-metadata
osmosis,gamm/pool/36,,,GAMM-36,18,,osmosis,gamm/pool/36,native,2024-07-23T14:47:57.694Z,2024-03-18T22:43:15.451634,false,chain-metadata
osmosis,gamm/pool/381,,,GAMM-381,18,,osmosis,gamm/pool/381,native,2024-07-23T14:47:57.694Z,2024-03-18T22:43:15.451634,false,chain-metadata
osmosis,gamm/pool/388,,,GAMM-388,18,,osmosis,gamm/pool/388,native,2024-07-23T14:47:57.694Z,2024-03-18T22:43:15.451634,false,chain-metadata
osmosis,gamm/pool/347,,,GAMM-347,18,,osmosis,gamm/pool/347,native,2024-07-23T14:47:57.694Z,2024-03-18T22:43:15.451634,false,chain-metadata
osmosis,gamm/pool/379,,,GAMM-379,18,,osmosis,gamm/pool/379,native,2024-07-23T14:47:57.694Z,2024-03-18T22:43:15.451634,false,chain-metadata
osmosis,gamm/pool/356,,,GAMM-356,18,,osmosis,gamm/pool/356,native,2024-07-23T14:47:57.694Z,2024-03-18T22:43:15.451634,false,chain-metadata
osmosis,gamm/pool/357,,,GAMM-357,18,,osmosis,gamm/pool/357,native,2024-07-23T14:47:57.694Z,2024-03-18T22:43:15.451634,false,chain-metadata
osmosis,gamm/pool/385,,,GAMM-385,18,,osmosis,gamm/pool/385,native,2024-07-23T14:47:57.694Z,2024-03-18T22:43:15.451634,false,chain-metadata
osmosis,gamm/pool/383,,,GAMM-383,18,,osmosis,gamm/pool/383,native,2024-07-23T14:47:57.694Z,2024-03-18T22:43:15.451634,false,chain-metadata
osmosis,gamm/pool/370,,,GAMM-370,18,,osmosis,gamm/pool/370,native,2024-07-23T14:47:57.694Z,2024-03-18T22:43:15.451634,false,chain-metadata
osmosis,gamm/pool/350,,,GAMM-350,18,,osmosis,gamm/pool/350,native,2024-07-23T14:47:57.694Z,2024-03-18T22:43:15.451634,false,chain-metadata
osmosis,gamm/pool/384,,,GAMM-384,18,,osmosis,gamm/pool/384,native,2024-07-23T14:47:57.694Z,2024-03-18T22:43:15.451634,false,chain-metadata
osmosis,gamm/pool/348,,,GAMM-348,18,,osmosis,gamm/pool/348,native,2024-07-23T14:47:57.694Z,2024-03-18T22:43:15.451634,false,chain-metadata
osmosis,gamm/pool/346,,,GAMM-346,18,,osmosis,gamm/pool/346,native,2024-07-23T14:47:57.694Z,2024-03-18T22:43:15.451634,false,chain-metadata
osmosis,gamm/pool/337,,,GAMM-337,18,,osmosis,gamm/pool/337,native,2024-07-23T14:47:57.694Z,2024-03-18T22:43:15.451634,false,chain-metadata
osmosis,gamm/pool/345,,,GAMM-345,18,,osmosis,gamm/pool/345,native,2024-07-23T14:47:57.694Z,2024-03-18T22:43:15.451634,false,chain-metadata
osmosis,gamm/pool/338,,,GAMM-338,18,,osmosis,gamm/pool/338,native,2024-07-23T14:47:57.694Z,2024-03-18T22:43:15.451634,false,chain-metadata
osmosis,gamm/pool/343,,,GAMM-343,18,,osmosis,gamm/pool/343,native,2024-07-23T14:47:57.694Z,2024-03-18T22:43:15.451634,false,chain-metadata
osmosis,gamm/pool/355,,,GAMM-355,18,,osmosis,gamm/pool/355,native,2024-07-23T14:47:57.694Z,2024-03-18T22:43:15.451634,false,chain-metadata
osmosis,gamm/pool/38,,,GAMM-38,18,,osmosis,gamm/pool/38,native,2024-07-23T14:47:57.694Z,2024-03-18T22:43:15.451634,false,chain-metadata
osmosis,gamm/pool/364,,,GAMM-364,18,,osmosis,gamm/pool/364,native,2024-07-23T14:47:57.694Z,2024-03-18T22:43:15.451634,false,chain-metadata
osmosis,gamm/pool/375,,,GAMM-375,18,,osmosis,gamm/pool/375,native,2024-07-23T14:47:57.694Z,2024-03-18T22:43:15.451634,false,chain-metadata
osmosis,gamm/pool/37,,,GAMM-37,18,,osmosis,gamm/pool/37,native,2024-07-23T14:47:57.694Z,2024-03-18T22:43:15.451634,false,chain-metadata
osmosis,gamm/pool/354,,,GAMM-354,18,,osmosis,gamm/pool/354,native,2024-07-23T14:47:57.694Z,2024-03-18T22:43:15.451634,false,chain-metadata
osmosis,gamm/pool/344,,,GAMM-344,18,,osmosis,gamm/pool/344,native,2024-07-23T14:47:57.694Z,2024-03-18T22:43:15.451634,false,chain-metadata
osmosis,gamm/pool/335,,,GAMM-335,18,,osmosis,gamm/pool/335,native,2024-07-23T14:47:57.694Z,2024-03-18T22:43:15.451634,false,chain-metadata
osmosis,gamm/pool/336,,,GAMM-336,18,,osmosis,gamm/pool/336,native,2024-07-23T14:47:57.694Z,2024-03-18T22:43:15.451634,false,chain-metadata
osmosis,gamm/pool/374,,,GAMM-374,18,,osmosis,gamm/pool/374,native,2024-07-23T14:47:57.694Z,2024-03-18T22:43:15.451634,false,chain-metadata
osmosis,gamm/pool/349,,,GAMM-349,18,,osmosis,gamm/pool/349,native,2024-07-23T14:47:57.694Z,2024-03-18T22:43:15.451634,false,chain-metadata
osmosis,gamm/pool/373,,,GAMM-373,18,,osmosis,gamm/pool/373,native,2024-07-23T14:47:57.694Z,2024-03-18T22:43:15.451634,false,chain-metadata
osmosis,gamm/pool/340,,,GAMM-340,18,,osmosis,gamm/pool/340,native,2024-07-23T14:47:57.694Z,2024-03-18T22:43:15.451634,false,chain-metadata
osmosis,gamm/pool/360,,,GAMM-360,18,,osmosis,gamm/pool/360,native,2024-07-23T14:47:57.694Z,2024-03-18T22:43:15.451634,false,chain-metadata
osmosis,gamm/pool/361,,,GAMM-361,18,,osmosis,gamm/pool/361,native,2024-07-23T14:47:57.694Z,2024-03-18T22:43:15.451634,false,chain-metadata
osmosis,gamm/pool/369,,,GAMM-369,18,,osmosis,gamm/pool/369,native,2024-07-23T14:47:57.694Z,2024-03-18T22:43:15.451634,false,chain-metadata
osmosis,gamm/pool/386,,,GAMM-386,18,,osmosis,gamm/pool/386,native,2024-07-23T14:47:57.694Z,2024-03-18T22:43:15.451634,false,chain-metadata
osmosis,gamm/pool/35,,,GAMM-35,18,,osmosis,gamm/pool/35,native,2024-07-23T14:47:57.694Z,2024-03-18T22:43:15.451634,false,chain-metadata
osmosis,gamm/pool/365,,,GAMM-365,18,,osmosis,gamm/pool/365,native,2024-07-23T14:47:57.694Z,2024-03-18T22:43:15.451634,false,chain-metadata
osmosis,gamm/pool/351,,,GAMM-351,18,,osmosis,gamm/pool/351,native,2024-07-23T14:47:57.694Z,2024-03-18T22:43:15.451634,false,chain-metadata
osmosis,gamm/pool/341,,,GAMM-341,18,,osmosis,gamm/pool/341,native,2024-07-23T14:47:57.694Z,2024-03-18T22:43:15.451634,false,chain-metadata
osmosis,gamm/pool/366,,,GAMM-366,18,,osmosis,gamm/pool/366,native,2024-07-23T14:47:57.694Z,2024-03-18T22:43:15.451634,false,chain-metadata
osmosis,gamm/pool/339,,,GAMM-339,18,,osmosis,gamm/pool/339,native,2024-07-23T14:47:57.694Z,2024-03-18T22:43:15.451634,false,chain-metadata
osmosis,gamm/pool/34,,,GAMM-34,18,,osmosis,gamm/pool/34,native,2024-07-23T14:47:57.694Z,2024-03-18T22:43:15.451634,false,chain-metadata
osmosis,gamm/pool/358,,,GAMM-358,18,,osmosis,gamm/pool/358,native,2024-07-23T14:47:57.694Z,2024-03-18T22:43:15.451634,false,chain-metadata
osmosis,gamm/pool/380,,,GAMM-380,18,,osmosis,gamm/pool/380,native,2024-07-23T14:47:57.694Z,2024-03-18T22:43:15.451634,false,chain-metadata
osmosis,gamm/pool/382,,,GAMM-382,18,,osmosis,gamm/pool/382,native,2024-07-23T14:47:57.694Z,2024-03-18T22:43:15.451634,false,chain-metadata
osmosis,gamm/pool/377,,,GAMM-377,18,,osmosis,gamm/pool/377,native,2024-07-23T14:47:57.694Z,2024-03-18T22:43:15.451634,false,chain-metadata
osmosis,gamm/pool/387,,,GAMM-387,18,,osmosis,gamm/pool/387,native,2024-07-23T14:47:57.694Z,2024-03-18T22:43:15.451634,false,chain-metadata
osmosis,gamm/pool/362,,,GAMM-362,18,,osmosis,gamm/pool/362,native,2024-07-23T14:47:57.694Z,2024-03-18T22:43:15.451634,false,chain-metadata
osmosis,gamm/pool/371,,,GAMM-371,18,,osmosis,gamm/pool/371,native,2024-07-23T14:47:57.694Z,2024-03-18T22:43:15.451634,false,chain-metadata
osmosis,gamm/pool/367,,,GAMM-367,18,,osmosis,gamm/pool/367,native,2024-07-23T14:47:57.694Z,2024-03-18T22:43:15.451634,false,chain-metadata
osmosis,gamm/pool/368,,,GAMM-368,18,,osmosis,gamm/pool/368,native,2024-07-23T14:47:57.694Z,2024-03-18T22:43:15.451634,false,chain-metadata
osmosis,gamm/pool/342,,,GAMM-342,18,,osmosis,gamm/pool/342,native,2024-07-23T14:47:57.694Z,2024-03-18T22:43:15.451634,false,chain-metadata
osmosis,gamm/pool/372,,,GAMM-372,18,,osmosis,gamm/pool/372,native,2024-07-23T14:47:57.694Z,2024-03-18T22:43:15.451634,false,chain-metadata
osmosis,gamm/pool/415,,,GAMM-415,18,,osmosis,gamm/pool/415,native,2024-07-23T14:47:57.695Z,2024-03-18T22:43:15.451634,false,chain-metadata
osmosis,gamm/pool/436,,,GAMM-436,18,,osmosis,gamm/pool/436,native,2024-07-23T14:47:57.695Z,2024-03-18T22:43:15.451634,false,chain-metadata
osmosis,gamm/pool/4,,,GAMM-4,18,,osmosis,gamm/pool/4,native,2024-07-23T14:47:57.695Z,2024-03-18T22:43:15.451634,false,chain-metadata
osmosis,gamm/pool/411,,,GAMM-411,18,,osmosis,gamm/pool/411,native,2024-07-23T14:47:57.695Z,2024-03-18T22:43:15.451634,false,chain-metadata
osmosis,gamm/pool/420,,,GAMM-420,18,,osmosis,gamm/pool/420,native,2024-07-23T14:47:57.695Z,2024-03-18T22:43:15.451634,false,chain-metadata
osmosis,gamm/pool/404,,,GAMM-404,18,,osmosis,gamm/pool/404,native,2024-07-23T14:47:57.695Z,2024-03-18T22:43:15.451634,false,chain-metadata
osmosis,gamm/pool/430,,,GAMM-430,18,,osmosis,gamm/pool/430,native,2024-07-23T14:47:57.695Z,2024-03-18T22:43:15.451634,false,chain-metadata
osmosis,gamm/pool/396,,,GAMM-396,18,,osmosis,gamm/pool/396,native,2024-07-23T14:47:57.695Z,2024-03-18T22:43:15.451634,false,chain-metadata
osmosis,gamm/pool/399,,,GAMM-399,18,,osmosis,gamm/pool/399,native,2024-07-23T14:47:57.695Z,2024-03-18T22:43:15.451634,false,chain-metadata
osmosis,gamm/pool/406,,,GAMM-406,18,,osmosis,gamm/pool/406,native,2024-07-23T14:47:57.695Z,2024-03-18T22:43:15.451634,false,chain-metadata
osmosis,gamm/pool/431,,,GAMM-431,18,,osmosis,gamm/pool/431,native,2024-07-23T14:47:57.695Z,2024-03-18T22:43:15.451634,false,chain-metadata
osmosis,gamm/pool/391,,,GAMM-391,18,,osmosis,gamm/pool/391,native,2024-07-23T14:47:57.695Z,2024-03-18T22:43:15.451634,false,chain-metadata
osmosis,gamm/pool/390,,,GAMM-390,18,,osmosis,gamm/pool/390,native,2024-07-23T14:47:57.695Z,2024-03-18T22:43:15.451634,false,chain-metadata
osmosis,gamm/pool/405,,,GAMM-405,18,,osmosis,gamm/pool/405,native,2024-07-23T14:47:57.695Z,2024-03-18T22:43:15.451634,false,chain-metadata
osmosis,gamm/pool/401,,,GAMM-401,18,,osmosis,gamm/pool/401,native,2024-07-23T14:47:57.695Z,2024-03-18T22:43:15.451634,false,chain-metadata
osmosis,gamm/pool/419,,,GAMM-419,18,,osmosis,gamm/pool/419,native,2024-07-23T14:47:57.695Z,2024-03-18T22:43:15.451634,false,chain-metadata
osmosis,gamm/pool/400,,,GAMM-400,18,,osmosis,gamm/pool/400,native,2024-07-23T14:47:57.695Z,2024-03-18T22:43:15.451634,false,chain-metadata
osmosis,gamm/pool/439,,,GAMM-439,18,,osmosis,gamm/pool/439,native,2024-07-23T14:47:57.695Z,2024-03-18T22:43:15.451634,false,chain-metadata
osmosis,gamm/pool/424,,,GAMM-424,18,,osmosis,gamm/pool/424,native,2024-07-23T14:47:57.695Z,2024-03-18T22:43:15.451634,false,chain-metadata
osmosis,gamm/pool/407,,,GAMM-407,18,,osmosis,gamm/pool/407,native,2024-07-23T14:47:57.695Z,2024-03-18T22:43:15.451634,false,chain-metadata
osmosis,gamm/pool/397,,,GAMM-397,18,,osmosis,gamm/pool/397,native,2024-07-23T14:47:57.695Z,2024-03-18T22:43:15.451634,false,chain-metadata
osmosis,gamm/pool/402,,,GAMM-402,18,,osmosis,gamm/pool/402,native,2024-07-23T14:47:57.695Z,2024-03-18T22:43:15.451634,false,chain-metadata
osmosis,gamm/pool/395,,,GAMM-395,18,,osmosis,gamm/pool/395,native,2024-07-23T14:47:57.695Z,2024-03-18T22:43:15.451634,false,chain-metadata
osmosis,gamm/pool/441,,,GAMM-441,18,,osmosis,gamm/pool/441,native,2024-07-23T14:47:57.695Z,2024-03-18T22:43:15.451634,false,chain-metadata
osmosis,gamm/pool/43,,,GAMM-43,18,,osmosis,gamm/pool/43,native,2024-07-23T14:47:57.695Z,2024-03-18T22:43:15.451634,false,chain-metadata
osmosis,gamm/pool/40,,,GAMM-40,18,,osmosis,gamm/pool/40,native,2024-07-23T14:47:57.695Z,2024-03-18T22:43:15.451634,false,chain-metadata
osmosis,gamm/pool/409,,,GAMM-409,18,,osmosis,gamm/pool/409,native,2024-07-23T14:47:57.695Z,2024-03-18T22:43:15.451634,false,chain-metadata
osmosis,gamm/pool/435,,,GAMM-435,18,,osmosis,gamm/pool/435,native,2024-07-23T14:47:57.695Z,2024-03-18T22:43:15.451634,false,chain-metadata
osmosis,gamm/pool/442,,,GAMM-442,18,,osmosis,gamm/pool/442,native,2024-07-23T14:47:57.695Z,2024-03-18T22:43:15.451634,false,chain-metadata
osmosis,gamm/pool/410,,,GAMM-410,18,,osmosis,gamm/pool/410,native,2024-07-23T14:47:57.695Z,2024-03-18T22:43:15.451634,false,chain-metadata
osmosis,gamm/pool/398,,,GAMM-398,18,,osmosis,gamm/pool/398,native,2024-07-23T14:47:57.695Z,2024-03-18T22:43:15.451634,false,chain-metadata
osmosis,gamm/pool/429,,,GAMM-429,18,,osmosis,gamm/pool/429,native,2024-07-23T14:47:57.695Z,2024-03-18T22:43:15.451634,false,chain-metadata
osmosis,gamm/pool/413,,,GAMM-413,18,,osmosis,gamm/pool/413,native,2024-07-23T14:47:57.695Z,2024-03-18T22:43:15.451634,false,chain-metadata
osmosis,gamm/pool/425,,,GAMM-425,18,,osmosis,gamm/pool/425,native,2024-07-23T14:47:57.695Z,2024-03-18T22:43:15.451634,false,chain-metadata
osmosis,gamm/pool/44,,,GAMM-44,18,,osmosis,gamm/pool/44,native,2024-07-23T14:47:57.695Z,2024-03-18T22:43:15.451634,false,chain-metadata
osmosis,gamm/pool/39,,,GAMM-39,18,,osmosis,gamm/pool/39,native,2024-07-23T14:47:57.695Z,2024-03-18T22:43:15.451634,false,chain-metadata
osmosis,gamm/pool/423,,,GAMM-423,18,,osmosis,gamm/pool/423,native,2024-07-23T14:47:57.695Z,2024-03-18T22:43:15.451634,false,chain-metadata
osmosis,gamm/pool/389,,,GAMM-389,18,,osmosis,gamm/pool/389,native,2024-07-23T14:47:57.695Z,2024-03-18T22:43:15.451634,false,chain-metadata
osmosis,gamm/pool/418,,,GAMM-418,18,,osmosis,gamm/pool/418,native,2024-07-23T14:47:57.695Z,2024-03-18T22:43:15.451634,false,chain-metadata
osmosis,gamm/pool/438,,,GAMM-438,18,,osmosis,gamm/pool/438,native,2024-07-23T14:47:57.695Z,2024-03-18T22:43:15.451634,false,chain-metadata
osmosis,gamm/pool/428,,,GAMM-428,18,,osmosis,gamm/pool/428,native,2024-07-23T14:47:57.695Z,2024-03-18T22:43:15.451634,false,chain-metadata
osmosis,gamm/pool/403,,,GAMM-403,18,,osmosis,gamm/pool/403,native,2024-07-23T14:47:57.695Z,2024-03-18T22:43:15.451634,false,chain-metadata
osmosis,gamm/pool/414,,,GAMM-414,18,,osmosis,gamm/pool/414,native,2024-07-23T14:47:57.695Z,2024-03-18T22:43:15.451634,false,chain-metadata
osmosis,gamm/pool/394,,,GAMM-394,18,,osmosis,gamm/pool/394,native,2024-07-23T14:47:57.695Z,2024-03-18T22:43:15.451634,false,chain-metadata
osmosis,gamm/pool/412,,,GAMM-412,18,,osmosis,gamm/pool/412,native,2024-07-23T14:47:57.695Z,2024-03-18T22:43:15.451634,false,chain-metadata
osmosis,gamm/pool/422,,,GAMM-422,18,,osmosis,gamm/pool/422,native,2024-07-23T14:47:57.695Z,2024-03-18T22:43:15.451634,false,chain-metadata
osmosis,gamm/pool/42,,,GAMM-42,18,,osmosis,gamm/pool/42,native,2024-07-23T14:47:57.695Z,2024-03-18T22:43:15.451634,false,chain-metadata
osmosis,gamm/pool/434,,,GAMM-434,18,,osmosis,gamm/pool/434,native,2024-07-23T14:47:57.695Z,2024-03-18T22:43:15.451634,false,chain-metadata
osmosis,gamm/pool/416,,,GAMM-416,18,,osmosis,gamm/pool/416,native,2024-07-23T14:47:57.695Z,2024-03-18T22:43:15.451634,false,chain-metadata
osmosis,gamm/pool/427,,,GAMM-427,18,,osmosis,gamm/pool/427,native,2024-07-23T14:47:57.695Z,2024-03-18T22:43:15.451634,false,chain-metadata
osmosis,gamm/pool/417,,,GAMM-417,18,,osmosis,gamm/pool/417,native,2024-07-23T14:47:57.695Z,2024-03-18T22:43:15.451634,false,chain-metadata
osmosis,gamm/pool/443,,,GAMM-443,18,,osmosis,gamm/pool/443,native,2024-07-23T14:47:57.695Z,2024-03-18T22:43:15.451634,false,chain-metadata
osmosis,gamm/pool/437,,,GAMM-437,18,,osmosis,gamm/pool/437,native,2024-07-23T14:47:57.695Z,2024-03-18T22:43:15.451634,false,chain-metadata
osmosis,gamm/pool/433,,,GAMM-433,18,,osmosis,gamm/pool/433,native,2024-07-23T14:47:57.695Z,2024-03-18T22:43:15.451634,false,chain-metadata
osmosis,gamm/pool/440,,,GAMM-440,18,,osmosis,gamm/pool/440,native,2024-07-23T14:47:57.695Z,2024-03-18T22:43:15.451634,false,chain-metadata
osmosis,gamm/pool/444,,,GAMM-444,18,,osmosis,gamm/pool/444,native,2024-07-23T14:47:57.695Z,2024-03-18T22:43:15.451634,false,chain-metadata
osmosis,gamm/pool/393,,,GAMM-393,18,,osmosis,gamm/pool/393,native,2024-07-23T14:47:57.695Z,2024-03-18T22:43:15.451634,false,chain-metadata
osmosis,gamm/pool/432,,,GAMM-432,18,,osmosis,gamm/pool/432,native,2024-07-23T14:47:57.695Z,2024-03-18T22:43:15.451634,false,chain-metadata
osmosis,gamm/pool/426,,,GAMM-426,18,,osmosis,gamm/pool/426,native,2024-07-23T14:47:57.695Z,2024-03-18T22:43:15.451634,false,chain-metadata
osmosis,gamm/pool/392,,,GAMM-392,18,,osmosis,gamm/pool/392,native,2024-07-23T14:47:57.695Z,2024-03-18T22:43:15.451634,false,chain-metadata
osmosis,gamm/pool/445,,,GAMM-445,18,,osmosis,gamm/pool/445,native,2024-07-23T14:47:57.695Z,2024-03-18T22:43:15.451634,false,chain-metadata
osmosis,gamm/pool/408,,,GAMM-408,18,,osmosis,gamm/pool/408,native,2024-07-23T14:47:57.695Z,2024-03-18T22:43:15.451634,false,chain-metadata
osmosis,gamm/pool/421,,,GAMM-421,18,,osmosis,gamm/pool/421,native,2024-07-23T14:47:57.695Z,2024-03-18T22:43:15.451634,false,chain-metadata
osmosis,gamm/pool/41,,,GAMM-41,18,,osmosis,gamm/pool/41,native,2024-07-23T14:47:57.695Z,2024-03-18T22:43:15.451634,false,chain-metadata
osmosis,gamm/pool/460,,,GAMM-460,18,,osmosis,gamm/pool/460,native,2024-07-23T14:47:57.696Z,2024-03-18T22:43:15.451634,false,chain-metadata
osmosis,gamm/pool/470,,,GAMM-470,18,,osmosis,gamm/pool/470,native,2024-07-23T14:47:57.696Z,2024-03-18T22:43:15.451634,false,chain-metadata
osmosis,gamm/pool/451,,,GAMM-451,18,,osmosis,gamm/pool/451,native,2024-07-23T14:47:57.696Z,2024-03-18T22:43:15.451634,false,chain-metadata
osmosis,gamm/pool/486,,,GAMM-486,18,,osmosis,gamm/pool/486,native,2024-07-23T14:47:57.696Z,2024-03-18T22:43:15.451634,false,chain-metadata
osmosis,gamm/pool/488,,,GAMM-488,18,,osmosis,gamm/pool/488,native,2024-07-23T14:47:57.696Z,2024-03-18T22:43:15.451634,false,chain-metadata
osmosis,gamm/pool/482,,,GAMM-482,18,,osmosis,gamm/pool/482,native,2024-07-23T14:47:57.696Z,2024-03-18T22:43:15.451634,false,chain-metadata
osmosis,gamm/pool/450,,,GAMM-450,18,,osmosis,gamm/pool/450,native,2024-07-23T14:47:57.696Z,2024-03-18T22:43:15.451634,false,chain-metadata
osmosis,gamm/pool/469,,,GAMM-469,18,,osmosis,gamm/pool/469,native,2024-07-23T14:47:57.696Z,2024-03-18T22:43:15.451634,false,chain-metadata
osmosis,gamm/pool/464,,,GAMM-464,18,,osmosis,gamm/pool/464,native,2024-07-23T14:47:57.696Z,2024-03-18T22:43:15.451634,false,chain-metadata
osmosis,gamm/pool/468,,,GAMM-468,18,,osmosis,gamm/pool/468,native,2024-07-23T14:47:57.696Z,2024-03-18T22:43:15.451634,false,chain-metadata
osmosis,gamm/pool/483,,,GAMM-483,18,,osmosis,gamm/pool/483,native,2024-07-23T14:47:57.696Z,2024-03-18T22:43:15.451634,false,chain-metadata
osmosis,gamm/pool/49,,,GAMM-49,18,,osmosis,gamm/pool/49,native,2024-07-23T14:47:57.696Z,2024-03-18T22:43:15.451634,false,chain-metadata
osmosis,gamm/pool/490,,,GAMM-490,18,,osmosis,gamm/pool/490,native,2024-07-23T14:47:57.696Z,2024-03-18T22:43:15.451634,false,chain-metadata
osmosis,gamm/pool/478,,,GAMM-478,18,,osmosis,gamm/pool/478,native,2024-07-23T14:47:57.696Z,2024-03-18T22:43:15.451634,false,chain-metadata
osmosis,gamm/pool/481,,,GAMM-481,18,,osmosis,gamm/pool/481,native,2024-07-23T14:47:57.696Z,2024-03-18T22:43:15.451634,false,chain-metadata
osmosis,gamm/pool/492,,,GAMM-492,18,,osmosis,gamm/pool/492,native,2024-07-23T14:47:57.696Z,2024-03-18T22:43:15.451634,false,chain-metadata
osmosis,gamm/pool/494,,,GAMM-494,18,,osmosis,gamm/pool/494,native,2024-07-23T14:47:57.696Z,2024-03-18T22:43:15.451634,false,chain-metadata
osmosis,gamm/pool/477,,,GAMM-477,18,,osmosis,gamm/pool/477,native,2024-07-23T14:47:57.696Z,2024-03-18T22:43:15.451634,false,chain-metadata
osmosis,gamm/pool/458,,,GAMM-458,18,,osmosis,gamm/pool/458,native,2024-07-23T14:47:57.696Z,2024-03-18T22:43:15.451634,false,chain-metadata
osmosis,gamm/pool/462,,,GAMM-462,18,,osmosis,gamm/pool/462,native,2024-07-23T14:47:57.696Z,2024-03-18T22:43:15.451634,false,chain-metadata
osmosis,gamm/pool/499,,,GAMM-499,18,,osmosis,gamm/pool/499,native,2024-07-23T14:47:57.696Z,2024-03-18T22:43:15.451634,false,chain-metadata
osmosis,gamm/pool/476,,,GAMM-476,18,,osmosis,gamm/pool/476,native,2024-07-23T14:47:57.696Z,2024-03-18T22:43:15.451634,false,chain-metadata
osmosis,gamm/pool/466,,,GAMM-466,18,,osmosis,gamm/pool/466,native,2024-07-23T14:47:57.696Z,2024-03-18T22:43:15.451634,false,chain-metadata
osmosis,gamm/pool/453,,,GAMM-453,18,,osmosis,gamm/pool/453,native,2024-07-23T14:47:57.696Z,2024-03-18T22:43:15.451634,false,chain-metadata
osmosis,gamm/pool/480,,,GAMM-480,18,,osmosis,gamm/pool/480,native,2024-07-23T14:47:57.696Z,2024-03-18T22:43:15.451634,false,chain-metadata
osmosis,gamm/pool/463,,,GAMM-463,18,,osmosis,gamm/pool/463,native,2024-07-23T14:47:57.696Z,2024-03-18T22:43:15.451634,false,chain-metadata
osmosis,gamm/pool/467,,,GAMM-467,18,,osmosis,gamm/pool/467,native,2024-07-23T14:47:57.696Z,2024-03-18T22:43:15.451634,false,chain-metadata
osmosis,gamm/pool/473,,,GAMM-473,18,,osmosis,gamm/pool/473,native,2024-07-23T14:47:57.696Z,2024-03-18T22:43:15.451634,false,chain-metadata
osmosis,gamm/pool/446,,,GAMM-446,18,,osmosis,gamm/pool/446,native,2024-07-23T14:47:57.696Z,2024-03-18T22:43:15.451634,false,chain-metadata
osmosis,gamm/pool/45,,,GAMM-45,18,,osmosis,gamm/pool/45,native,2024-07-23T14:47:57.696Z,2024-03-18T22:43:15.451634,false,chain-metadata
osmosis,gamm/pool/472,,,GAMM-472,18,,osmosis,gamm/pool/472,native,2024-07-23T14:47:57.696Z,2024-03-18T22:43:15.451634,false,chain-metadata
osmosis,gamm/pool/489,,,GAMM-489,18,,osmosis,gamm/pool/489,native,2024-07-23T14:47:57.696Z,2024-03-18T22:43:15.451634,false,chain-metadata
osmosis,gamm/pool/5,,,GAMM-5,18,,osmosis,gamm/pool/5,native,2024-07-23T14:47:57.696Z,2024-03-18T22:43:15.451634,false,chain-metadata
osmosis,gamm/pool/455,,,GAMM-455,18,,osmosis,gamm/pool/455,native,2024-07-23T14:47:57.696Z,2024-03-18T22:43:15.451634,false,chain-metadata
osmosis,gamm/pool/447,,,GAMM-447,18,,osmosis,gamm/pool/447,native,2024-07-23T14:47:57.696Z,2024-03-18T22:43:15.451634,false,chain-metadata
osmosis,gamm/pool/498,,,GAMM-498,18,,osmosis,gamm/pool/498,native,2024-07-23T14:47:57.696Z,2024-03-18T22:43:15.451634,false,chain-metadata
osmosis,gamm/pool/497,,,GAMM-497,18,,osmosis,gamm/pool/497,native,2024-07-23T14:47:57.696Z,2024-03-18T22:43:15.451634,false,chain-metadata
osmosis,gamm/pool/461,,,GAMM-461,18,,osmosis,gamm/pool/461,native,2024-07-23T14:47:57.696Z,2024-03-18T22:43:15.451634,false,chain-metadata
osmosis,gamm/pool/487,,,GAMM-487,18,,osmosis,gamm/pool/487,native,2024-07-23T14:47:57.696Z,2024-03-18T22:43:15.451634,false,chain-metadata
osmosis,gamm/pool/484,,,GAMM-484,18,,osmosis,gamm/pool/484,native,2024-07-23T14:47:57.696Z,2024-03-18T22:43:15.451634,false,chain-metadata
osmosis,gamm/pool/449,,,GAMM-449,18,,osmosis,gamm/pool/449,native,2024-07-23T14:47:57.696Z,2024-03-18T22:43:15.451634,false,chain-metadata
osmosis,gamm/pool/491,,,GAMM-491,18,,osmosis,gamm/pool/491,native,2024-07-23T14:47:57.696Z,2024-03-18T22:43:15.451634,false,chain-metadata
osmosis,gamm/pool/46,,,GAMM-46,18,,osmosis,gamm/pool/46,native,2024-07-23T14:47:57.696Z,2024-03-18T22:43:15.451634,false,chain-metadata
osmosis,gamm/pool/456,,,GAMM-456,18,,osmosis,gamm/pool/456,native,2024-07-23T14:47:57.696Z,2024-03-18T22:43:15.451634,false,chain-metadata
osmosis,gamm/pool/47,,,GAMM-47,18,,osmosis,gamm/pool/47,native,2024-07-23T14:47:57.696Z,2024-03-18T22:43:15.451634,false,chain-metadata
osmosis,gamm/pool/459,,,GAMM-459,18,,osmosis,gamm/pool/459,native,2024-07-23T14:47:57.696Z,2024-03-18T22:43:15.451634,false,chain-metadata
osmosis,gamm/pool/50,,,GAMM-50,18,,osmosis,gamm/pool/50,native,2024-07-23T14:47:57.696Z,2024-03-18T22:43:15.451634,false,chain-metadata
osmosis,gamm/pool/493,,,GAMM-493,18,,osmosis,gamm/pool/493,native,2024-07-23T14:47:57.696Z,2024-03-18T22:43:15.451634,false,chain-metadata
osmosis,gamm/pool/465,,,GAMM-465,18,,osmosis,gamm/pool/465,native,2024-07-23T14:47:57.696Z,2024-03-18T22:43:15.451634,false,chain-metadata
osmosis,gamm/pool/495,,,GAMM-495,18,,osmosis,gamm/pool/495,native,2024-07-23T14:47:57.696Z,2024-03-18T22:43:15.451634,false,chain-metadata
osmosis,gamm/pool/479,,,GAMM-479,18,,osmosis,gamm/pool/479,native,2024-07-23T14:47:57.696Z,2024-03-18T22:43:15.451634,false,chain-metadata
osmosis,gamm/pool/475,,,GAMM-475,18,,osmosis,gamm/pool/475,native,2024-07-23T14:47:57.696Z,2024-03-18T22:43:15.451634,false,chain-metadata
osmosis,gamm/pool/454,,,GAMM-454,18,,osmosis,gamm/pool/454,native,2024-07-23T14:47:57.696Z,2024-03-18T22:43:15.451634,false,chain-metadata
osmosis,gamm/pool/48,,,GAMM-48,18,,osmosis,gamm/pool/48,native,2024-07-23T14:47:57.696Z,2024-03-18T22:43:15.451634,false,chain-metadata
osmosis,gamm/pool/485,,,GAMM-485,18,,osmosis,gamm/pool/485,native,2024-07-23T14:47:57.696Z,2024-03-18T22:43:15.451634,false,chain-metadata
osmosis,gamm/pool/474,,,GAMM-474,18,,osmosis,gamm/pool/474,native,2024-07-23T14:47:57.696Z,2024-03-18T22:43:15.451634,false,chain-metadata
osmosis,gamm/pool/457,,,GAMM-457,18,,osmosis,gamm/pool/457,native,2024-07-23T14:47:57.696Z,2024-03-18T22:43:15.451634,false,chain-metadata
osmosis,gamm/pool/471,,,GAMM-471,18,,osmosis,gamm/pool/471,native,2024-07-23T14:47:57.696Z,2024-03-18T22:43:15.451634,false,chain-metadata
osmosis,gamm/pool/448,,,GAMM-448,18,,osmosis,gamm/pool/448,native,2024-07-23T14:47:57.696Z,2024-03-18T22:43:15.451634,false,chain-metadata
osmosis,gamm/pool/452,,,GAMM-452,18,,osmosis,gamm/pool/452,native,2024-07-23T14:47:57.696Z,2024-03-18T22:43:15.451634,false,chain-metadata
osmosis,gamm/pool/496,,,GAMM-496,18,,osmosis,gamm/pool/496,native,2024-07-23T14:47:57.696Z,2024-03-18T22:43:15.451634,false,chain-metadata
osmosis,gamm/pool/505,,,GAMM-505,18,,osmosis,gamm/pool/505,native,2024-07-23T14:47:57.697Z,2024-03-18T22:43:15.451634,false,chain-metadata
osmosis,gamm/pool/506,,,GAMM-506,18,,osmosis,gamm/pool/506,native,2024-07-23T14:47:57.697Z,2024-03-18T22:43:15.451634,false,chain-metadata
osmosis,gamm/pool/532,,,GAMM-532,18,,osmosis,gamm/pool/532,native,2024-07-23T14:47:57.697Z,2024-03-18T22:43:15.451634,false,chain-metadata
osmosis,gamm/pool/513,,,GAMM-513,18,,osmosis,gamm/pool/513,native,2024-07-23T14:47:57.697Z,2024-03-18T22:43:15.451634,false,chain-metadata
osmosis,gamm/pool/548,,,GAMM-548,18,,osmosis,gamm/pool/548,native,2024-07-23T14:47:57.697Z,2024-03-18T22:43:15.451634,false,chain-metadata
osmosis,gamm/pool/521,,,GAMM-521,18,,osmosis,gamm/pool/521,native,2024-07-23T14:47:57.697Z,2024-03-18T22:43:15.451634,false,chain-metadata
osmosis,gamm/pool/508,,,GAMM-508,18,,osmosis,gamm/pool/508,native,2024-07-23T14:47:57.697Z,2024-03-18T22:43:15.451634,false,chain-metadata
osmosis,gamm/pool/559,,,GAMM-559,18,,osmosis,gamm/pool/559,native,2024-07-23T14:47:57.697Z,2024-03-18T22:43:15.451634,false,chain-metadata
osmosis,gamm/pool/541,,,GAMM-541,18,,osmosis,gamm/pool/541,native,2024-07-23T14:47:57.697Z,2024-03-18T22:43:15.451634,false,chain-metadata
osmosis,gamm/pool/51,,,GAMM-51,18,,osmosis,gamm/pool/51,native,2024-07-23T14:47:57.697Z,2024-03-18T22:43:15.451634,false,chain-metadata
osmosis,gamm/pool/523,,,GAMM-523,18,,osmosis,gamm/pool/523,native,2024-07-23T14:47:57.697Z,2024-03-18T22:43:15.451634,false,chain-metadata
osmosis,gamm/pool/528,,,GAMM-528,18,,osmosis,gamm/pool/528,native,2024-07-23T14:47:57.697Z,2024-03-18T22:43:15.451634,false,chain-metadata
osmosis,gamm/pool/510,,,GAMM-510,18,,osmosis,gamm/pool/510,native,2024-07-23T14:47:57.697Z,2024-03-18T22:43:15.451634,false,chain-metadata
osmosis,gamm/pool/520,,,GAMM-520,18,,osmosis,gamm/pool/520,native,2024-07-23T14:47:57.697Z,2024-03-18T22:43:15.451634,false,chain-metadata
osmosis,gamm/pool/511,,,GAMM-511,18,,osmosis,gamm/pool/511,native,2024-07-23T14:47:57.697Z,2024-03-18T22:43:15.451634,false,chain-metadata
osmosis,gamm/pool/52,,,GAMM-52,18,,osmosis,gamm/pool/52,native,2024-07-23T14:47:57.697Z,2024-03-18T22:43:15.451634,false,chain-metadata
osmosis,gamm/pool/500,,,GAMM-500,18,,osmosis,gamm/pool/500,native,2024-07-23T14:47:57.697Z,2024-03-18T22:43:15.451634,false,chain-metadata
osmosis,gamm/pool/542,,,GAMM-542,18,,osmosis,gamm/pool/542,native,2024-07-23T14:47:57.697Z,2024-03-18T22:43:15.451634,false,chain-metadata
osmosis,gamm/pool/553,,,GAMM-553,18,,osmosis,gamm/pool/553,native,2024-07-23T14:47:57.697Z,2024-03-18T22:43:15.451634,false,chain-metadata
osmosis,gamm/pool/558,,,GAMM-558,18,,osmosis,gamm/pool/558,native,2024-07-23T14:47:57.697Z,2024-03-18T22:43:15.451634,false,chain-metadata
osmosis,gamm/pool/504,,,GAMM-504,18,,osmosis,gamm/pool/504,native,2024-07-23T14:47:57.697Z,2024-03-18T22:43:15.451634,false,chain-metadata
osmosis,gamm/pool/514,,,GAMM-514,18,,osmosis,gamm/pool/514,native,2024-07-23T14:47:57.697Z,2024-03-18T22:43:15.451634,false,chain-metadata
osmosis,gamm/pool/547,,,GAMM-547,18,,osmosis,gamm/pool/547,native,2024-07-23T14:47:57.697Z,2024-03-18T22:43:15.451634,false,chain-metadata
osmosis,gamm/pool/503,,,GAMM-503,18,,osmosis,gamm/pool/503,native,2024-07-23T14:47:57.697Z,2024-03-18T22:43:15.451634,false,chain-metadata
osmosis,gamm/pool/522,,,GAMM-522,18,,osmosis,gamm/pool/522,native,2024-07-23T14:47:57.697Z,2024-03-18T22:43:15.451634,false,chain-metadata
osmosis,gamm/pool/556,,,GAMM-556,18,,osmosis,gamm/pool/556,native,2024-07-23T14:47:57.697Z,2024-03-18T22:43:15.451634,false,chain-metadata
osmosis,gamm/pool/555,,,GAMM-555,18,,osmosis,gamm/pool/555,native,2024-07-23T14:47:57.697Z,2024-03-18T22:43:15.451634,false,chain-metadata
osmosis,gamm/pool/534,,,GAMM-534,18,,osmosis,gamm/pool/534,native,2024-07-23T14:47:57.697Z,2024-03-18T22:43:15.451634,false,chain-metadata
osmosis,gamm/pool/557,,,GAMM-557,18,,osmosis,gamm/pool/557,native,2024-07-23T14:47:57.697Z,2024-03-18T22:43:15.451634,false,chain-metadata
osmosis,gamm/pool/552,,,GAMM-552,18,,osmosis,gamm/pool/552,native,2024-07-23T14:47:57.697Z,2024-03-18T22:43:15.451634,false,chain-metadata
osmosis,gamm/pool/515,,,GAMM-515,18,,osmosis,gamm/pool/515,native,2024-07-23T14:47:57.697Z,2024-03-18T22:43:15.451634,false,chain-metadata
osmosis,gamm/pool/525,,,GAMM-525,18,,osmosis,gamm/pool/525,native,2024-07-23T14:47:57.697Z,2024-03-18T22:43:15.451634,false,chain-metadata
osmosis,gamm/pool/533,,,GAMM-533,18,,osmosis,gamm/pool/533,native,2024-07-23T14:47:57.697Z,2024-03-18T22:43:15.451634,false,chain-metadata
osmosis,gamm/pool/551,,,GAMM-551,18,,osmosis,gamm/pool/551,native,2024-07-23T14:47:57.697Z,2024-03-18T22:43:15.451634,false,chain-metadata
osmosis,gamm/pool/530,,,GAMM-530,18,,osmosis,gamm/pool/530,native,2024-07-23T14:47:57.697Z,2024-03-18T22:43:15.451634,false,chain-metadata
osmosis,gamm/pool/543,,,GAMM-543,18,,osmosis,gamm/pool/543,native,2024-07-23T14:47:57.697Z,2024-03-18T22:43:15.451634,false,chain-metadata
osmosis,gamm/pool/536,,,GAMM-536,18,,osmosis,gamm/pool/536,native,2024-07-23T14:47:57.697Z,2024-03-18T22:43:15.451634,false,chain-metadata
osmosis,gamm/pool/526,,,GAMM-526,18,,osmosis,gamm/pool/526,native,2024-07-23T14:47:57.697Z,2024-03-18T22:43:15.451634,false,chain-metadata
osmosis,gamm/pool/546,,,GAMM-546,18,,osmosis,gamm/pool/546,native,2024-07-23T14:47:57.697Z,2024-03-18T22:43:15.451634,false,chain-metadata
osmosis,gamm/pool/537,,,GAMM-537,18,,osmosis,gamm/pool/537,native,2024-07-23T14:47:57.697Z,2024-03-18T22:43:15.451634,false,chain-metadata
osmosis,gamm/pool/519,,,GAMM-519,18,,osmosis,gamm/pool/519,native,2024-07-23T14:47:57.697Z,2024-03-18T22:43:15.451634,false,chain-metadata
osmosis,gamm/pool/545,,,GAMM-545,18,,osmosis,gamm/pool/545,native,2024-07-23T14:47:57.697Z,2024-03-18T22:43:15.451634,false,chain-metadata
osmosis,gamm/pool/55,,,GAMM-55,18,,osmosis,gamm/pool/55,native,2024-07-23T14:47:57.697Z,2024-03-18T22:43:15.451634,false,chain-metadata
osmosis,gamm/pool/516,,,GAMM-516,18,,osmosis,gamm/pool/516,native,2024-07-23T14:47:57.697Z,2024-03-18T22:43:15.451634,false,chain-metadata
osmosis,gamm/pool/518,,,GAMM-518,18,,osmosis,gamm/pool/518,native,2024-07-23T14:47:57.697Z,2024-03-18T22:43:15.451634,false,chain-metadata
osmosis,gamm/pool/544,,,GAMM-544,18,,osmosis,gamm/pool/544,native,2024-07-23T14:47:57.697Z,2024-03-18T22:43:15.451634,false,chain-metadata
osmosis,gamm/pool/538,,,GAMM-538,18,,osmosis,gamm/pool/538,native,2024-07-23T14:47:57.697Z,2024-03-18T22:43:15.451634,false,chain-metadata
osmosis,gamm/pool/550,,,GAMM-550,18,,osmosis,gamm/pool/550,native,2024-07-23T14:47:57.697Z,2024-03-18T22:43:15.451634,false,chain-metadata
osmosis,gamm/pool/517,,,GAMM-517,18,,osmosis,gamm/pool/517,native,2024-07-23T14:47:57.697Z,2024-03-18T22:43:15.451634,false,chain-metadata
osmosis,gamm/pool/531,,,GAMM-531,18,,osmosis,gamm/pool/531,native,2024-07-23T14:47:57.697Z,2024-03-18T22:43:15.451634,false,chain-metadata
osmosis,gamm/pool/540,,,GAMM-540,18,,osmosis,gamm/pool/540,native,2024-07-23T14:47:57.697Z,2024-03-18T22:43:15.451634,false,chain-metadata
osmosis,gamm/pool/502,,,GAMM-502,18,,osmosis,gamm/pool/502,native,2024-07-23T14:47:57.697Z,2024-03-18T22:43:15.451634,false,chain-metadata
osmosis,gamm/pool/527,,,GAMM-527,18,,osmosis,gamm/pool/527,native,2024-07-23T14:47:57.697Z,2024-03-18T22:43:15.451634,false,chain-metadata
osmosis,gamm/pool/549,,,GAMM-549,18,,osmosis,gamm/pool/549,native,2024-07-23T14:47:57.697Z,2024-03-18T22:43:15.451634,false,chain-metadata
osmosis,gamm/pool/501,,,GAMM-501,18,,osmosis,gamm/pool/501,native,2024-07-23T14:47:57.697Z,2024-03-18T22:43:15.451634,false,chain-metadata
osmosis,gamm/pool/54,,,GAMM-54,18,,osmosis,gamm/pool/54,native,2024-07-23T14:47:57.697Z,2024-03-18T22:43:15.451634,false,chain-metadata
osmosis,gamm/pool/529,,,GAMM-529,18,,osmosis,gamm/pool/529,native,2024-07-23T14:47:57.697Z,2024-03-18T22:43:15.451634,false,chain-metadata
osmosis,gamm/pool/524,,,GAMM-524,18,,osmosis,gamm/pool/524,native,2024-07-23T14:47:57.697Z,2024-03-18T22:43:15.451634,false,chain-metadata
osmosis,gamm/pool/512,,,GAMM-512,18,,osmosis,gamm/pool/512,native,2024-07-23T14:47:57.697Z,2024-03-18T22:43:15.451634,false,chain-metadata
osmosis,gamm/pool/53,,,GAMM-53,18,,osmosis,gamm/pool/53,native,2024-07-23T14:47:57.697Z,2024-03-18T22:43:15.451634,false,chain-metadata
osmosis,gamm/pool/539,,,GAMM-539,18,,osmosis,gamm/pool/539,native,2024-07-23T14:47:57.697Z,2024-03-18T22:43:15.451634,false,chain-metadata
osmosis,gamm/pool/554,,,GAMM-554,18,,osmosis,gamm/pool/554,native,2024-07-23T14:47:57.697Z,2024-03-18T22:43:15.451634,false,chain-metadata
osmosis,gamm/pool/509,,,GAMM-509,18,,osmosis,gamm/pool/509,native,2024-07-23T14:47:57.697Z,2024-03-18T22:43:15.451634,false,chain-metadata
osmosis,gamm/pool/535,,,GAMM-535,18,,osmosis,gamm/pool/535,native,2024-07-23T14:47:57.697Z,2024-03-18T22:43:15.451634,false,chain-metadata
osmosis,gamm/pool/507,,,GAMM-507,18,,osmosis,gamm/pool/507,native,2024-07-23T14:47:57.697Z,2024-03-18T22:43:15.451634,false,chain-metadata
osmosis,gamm/pool/611,,,GAMM-611,18,,osmosis,gamm/pool/611,native,2024-07-23T14:47:57.698Z,2024-03-18T22:43:15.451634,false,chain-metadata
osmosis,gamm/pool/606,,,GAMM-606,18,,osmosis,gamm/pool/606,native,2024-07-23T14:47:57.698Z,2024-03-18T22:43:15.451634,false,chain-metadata
osmosis,gamm/pool/59,,,GAMM-59,18,,osmosis,gamm/pool/59,native,2024-07-23T14:47:57.698Z,2024-03-18T22:43:15.451634,false,chain-metadata
osmosis,gamm/pool/597,,,GAMM-597,18,,osmosis,gamm/pool/597,native,2024-07-23T14:47:57.698Z,2024-03-18T22:43:15.451634,false,chain-metadata
osmosis,gamm/pool/568,,,GAMM-568,18,,osmosis,gamm/pool/568,native,2024-07-23T14:47:57.698Z,2024-03-18T22:43:15.451634,false,chain-metadata
osmosis,gamm/pool/600,,,GAMM-600,18,,osmosis,gamm/pool/600,native,2024-07-23T14:47:57.698Z,2024-03-18T22:43:15.451634,false,chain-metadata
osmosis,gamm/pool/566,,,GAMM-566,18,,osmosis,gamm/pool/566,native,2024-07-23T14:47:57.698Z,2024-03-18T22:43:15.451634,false,chain-metadata
osmosis,gamm/pool/604,,,GAMM-604,18,,osmosis,gamm/pool/604,native,2024-07-23T14:47:57.698Z,2024-03-18T22:43:15.451634,false,chain-metadata
osmosis,gamm/pool/581,,,GAMM-581,18,,osmosis,gamm/pool/581,native,2024-07-23T14:47:57.698Z,2024-03-18T22:43:15.451634,false,chain-metadata
osmosis,gamm/pool/583,,,GAMM-583,18,,osmosis,gamm/pool/583,native,2024-07-23T14:47:57.698Z,2024-03-18T22:43:15.451634,false,chain-metadata
osmosis,gamm/pool/614,,,GAMM-614,18,,osmosis,gamm/pool/614,native,2024-07-23T14:47:57.698Z,2024-03-18T22:43:15.451634,false,chain-metadata
osmosis,gamm/pool/587,,,GAMM-587,18,,osmosis,gamm/pool/587,native,2024-07-23T14:47:57.698Z,2024-03-18T22:43:15.451634,false,chain-metadata
osmosis,gamm/pool/598,,,GAMM-598,18,,osmosis,gamm/pool/598,native,2024-07-23T14:47:57.698Z,2024-03-18T22:43:15.451634,false,chain-metadata
osmosis,gamm/pool/6,,,GAMM-6,18,,osmosis,gamm/pool/6,native,2024-07-23T14:47:57.698Z,2024-03-18T22:43:15.451634,false,chain-metadata
osmosis,gamm/pool/612,,,GAMM-612,18,,osmosis,gamm/pool/612,native,2024-07-23T14:47:57.698Z,2024-03-18T22:43:15.451634,false,chain-metadata
osmosis,gamm/pool/610,,,GAMM-610,18,,osmosis,gamm/pool/610,native,2024-07-23T14:47:57.698Z,2024-03-18T22:43:15.451634,false,chain-metadata
osmosis,gamm/pool/608,,,GAMM-608,18,,osmosis,gamm/pool/608,native,2024-07-23T14:47:57.698Z,2024-03-18T22:43:15.451634,false,chain-metadata
osmosis,gamm/pool/586,,,GAMM-586,18,,osmosis,gamm/pool/586,native,2024-07-23T14:47:57.698Z,2024-03-18T22:43:15.451634,false,chain-metadata
osmosis,gamm/pool/564,,,GAMM-564,18,,osmosis,gamm/pool/564,native,2024-07-23T14:47:57.698Z,2024-03-18T22:43:15.451634,false,chain-metadata
osmosis,gamm/pool/602,,,GAMM-602,18,,osmosis,gamm/pool/602,native,2024-07-23T14:47:57.698Z,2024-03-18T22:43:15.451634,false,chain-metadata
osmosis,gamm/pool/578,,,GAMM-578,18,,osmosis,gamm/pool/578,native,2024-07-23T14:47:57.698Z,2024-03-18T22:43:15.451634,false,chain-metadata
osmosis,gamm/pool/613,,,GAMM-613,18,,osmosis,gamm/pool/613,native,2024-07-23T14:47:57.698Z,2024-03-18T22:43:15.451634,false,chain-metadata
osmosis,gamm/pool/574,,,GAMM-574,18,,osmosis,gamm/pool/574,native,2024-07-23T14:47:57.698Z,2024-03-18T22:43:15.451634,false,chain-metadata
osmosis,gamm/pool/593,,,GAMM-593,18,,osmosis,gamm/pool/593,native,2024-07-23T14:47:57.698Z,2024-03-18T22:43:15.451634,false,chain-metadata
osmosis,gamm/pool/567,,,GAMM-567,18,,osmosis,gamm/pool/567,native,2024-07-23T14:47:57.698Z,2024-03-18T22:43:15.451634,false,chain-metadata
osmosis,gamm/pool/577,,,GAMM-577,18,,osmosis,gamm/pool/577,native,2024-07-23T14:47:57.698Z,2024-03-18T22:43:15.451634,false,chain-metadata
osmosis,gamm/pool/575,,,GAMM-575,18,,osmosis,gamm/pool/575,native,2024-07-23T14:47:57.698Z,2024-03-18T22:43:15.451634,false,chain-metadata
osmosis,gamm/pool/563,,,GAMM-563,18,,osmosis,gamm/pool/563,native,2024-07-23T14:47:57.698Z,2024-03-18T22:43:15.451634,false,chain-metadata
osmosis,gamm/pool/576,,,GAMM-576,18,,osmosis,gamm/pool/576,native,2024-07-23T14:47:57.698Z,2024-03-18T22:43:15.451634,false,chain-metadata
osmosis,gamm/pool/572,,,GAMM-572,18,,osmosis,gamm/pool/572,native,2024-07-23T14:47:57.698Z,2024-03-18T22:43:15.451634,false,chain-metadata
osmosis,gamm/pool/562,,,GAMM-562,18,,osmosis,gamm/pool/562,native,2024-07-23T14:47:57.698Z,2024-03-18T22:43:15.451634,false,chain-metadata
osmosis,gamm/pool/599,,,GAMM-599,18,,osmosis,gamm/pool/599,native,2024-07-23T14:47:57.698Z,2024-03-18T22:43:15.451634,false,chain-metadata
osmosis,gamm/pool/589,,,GAMM-589,18,,osmosis,gamm/pool/589,native,2024-07-23T14:47:57.698Z,2024-03-18T22:43:15.451634,false,chain-metadata
osmosis,gamm/pool/591,,,GAMM-591,18,,osmosis,gamm/pool/591,native,2024-07-23T14:47:57.698Z,2024-03-18T22:43:15.451634,false,chain-metadata
osmosis,gamm/pool/569,,,GAMM-569,18,,osmosis,gamm/pool/569,native,2024-07-23T14:47:57.698Z,2024-03-18T22:43:15.451634,false,chain-metadata
osmosis,gamm/pool/590,,,GAMM-590,18,,osmosis,gamm/pool/590,native,2024-07-23T14:47:57.698Z,2024-03-18T22:43:15.451634,false,chain-metadata
osmosis,gamm/pool/60,,,GAMM-60,18,,osmosis,gamm/pool/60,native,2024-07-23T14:47:57.698Z,2024-03-18T22:43:15.451634,false,chain-metadata
osmosis,gamm/pool/605,,,GAMM-605,18,,osmosis,gamm/pool/605,native,2024-07-23T14:47:57.698Z,2024-03-18T22:43:15.451634,false,chain-metadata
osmosis,gamm/pool/570,,,GAMM-570,18,,osmosis,gamm/pool/570,native,2024-07-23T14:47:57.698Z,2024-03-18T22:43:15.451634,false,chain-metadata
osmosis,gamm/pool/580,,,GAMM-580,18,,osmosis,gamm/pool/580,native,2024-07-23T14:47:57.698Z,2024-03-18T22:43:15.451634,false,chain-metadata
osmosis,gamm/pool/582,,,GAMM-582,18,,osmosis,gamm/pool/582,native,2024-07-23T14:47:57.698Z,2024-03-18T22:43:15.451634,false,chain-metadata
osmosis,gamm/pool/609,,,GAMM-609,18,,osmosis,gamm/pool/609,native,2024-07-23T14:47:57.698Z,2024-03-18T22:43:15.451634,false,chain-metadata
osmosis,gamm/pool/58,,,GAMM-58,18,,osmosis,gamm/pool/58,native,2024-07-23T14:47:57.698Z,2024-03-18T22:43:15.451634,false,chain-metadata
osmosis,gamm/pool/561,,,GAMM-561,18,,osmosis,gamm/pool/561,native,2024-07-23T14:47:57.698Z,2024-03-18T22:43:15.451634,false,chain-metadata
osmosis,gamm/pool/571,,,GAMM-571,18,,osmosis,gamm/pool/571,native,2024-07-23T14:47:57.698Z,2024-03-18T22:43:15.451634,false,chain-metadata
osmosis,gamm/pool/61,,,GAMM-61,18,,osmosis,gamm/pool/61,native,2024-07-23T14:47:57.698Z,2024-03-18T22:43:15.451634,false,chain-metadata
osmosis,gamm/pool/607,,,GAMM-607,18,,osmosis,gamm/pool/607,native,2024-07-23T14:47:57.698Z,2024-03-18T22:43:15.451634,false,chain-metadata
osmosis,gamm/pool/601,,,GAMM-601,18,,osmosis,gamm/pool/601,native,2024-07-23T14:47:57.698Z,2024-03-18T22:43:15.451634,false,chain-metadata
osmosis,gamm/pool/592,,,GAMM-592,18,,osmosis,gamm/pool/592,native,2024-07-23T14:47:57.698Z,2024-03-18T22:43:15.451634,false,chain-metadata
osmosis,gamm/pool/560,,,GAMM-560,18,,osmosis,gamm/pool/560,native,2024-07-23T14:47:57.698Z,2024-03-18T22:43:15.451634,false,chain-metadata
osmosis,gamm/pool/588,,,GAMM-588,18,,osmosis,gamm/pool/588,native,2024-07-23T14:47:57.698Z,2024-03-18T22:43:15.451634,false,chain-metadata
osmosis,gamm/pool/57,,,GAMM-57,18,,osmosis,gamm/pool/57,native,2024-07-23T14:47:57.698Z,2024-03-18T22:43:15.451634,false,chain-metadata
osmosis,gamm/pool/616,,,GAMM-616,18,,osmosis,gamm/pool/616,native,2024-07-23T14:47:57.698Z,2024-03-18T22:43:15.451634,false,chain-metadata
osmosis,gamm/pool/595,,,GAMM-595,18,,osmosis,gamm/pool/595,native,2024-07-23T14:47:57.698Z,2024-03-18T22:43:15.451634,false,chain-metadata
osmosis,gamm/pool/594,,,GAMM-594,18,,osmosis,gamm/pool/594,native,2024-07-23T14:47:57.698Z,2024-03-18T22:43:15.451634,false,chain-metadata
osmosis,gamm/pool/584,,,GAMM-584,18,,osmosis,gamm/pool/584,native,2024-07-23T14:47:57.698Z,2024-03-18T22:43:15.451634,false,chain-metadata
osmosis,gamm/pool/603,,,GAMM-603,18,,osmosis,gamm/pool/603,native,2024-07-23T14:47:57.698Z,2024-03-18T22:43:15.451634,false,chain-metadata
osmosis,gamm/pool/565,,,GAMM-565,18,,osmosis,gamm/pool/565,native,2024-07-23T14:47:57.698Z,2024-03-18T22:43:15.451634,false,chain-metadata
osmosis,gamm/pool/615,,,GAMM-615,18,,osmosis,gamm/pool/615,native,2024-07-23T14:47:57.698Z,2024-03-18T22:43:15.451634,false,chain-metadata
osmosis,gamm/pool/56,,,GAMM-56,18,,osmosis,gamm/pool/56,native,2024-07-23T14:47:57.698Z,2024-03-18T22:43:15.451634,false,chain-metadata
osmosis,gamm/pool/596,,,GAMM-596,18,,osmosis,gamm/pool/596,native,2024-07-23T14:47:57.698Z,2024-03-18T22:43:15.451634,false,chain-metadata
osmosis,gamm/pool/573,,,GAMM-573,18,,osmosis,gamm/pool/573,native,2024-07-23T14:47:57.698Z,2024-03-18T22:43:15.451634,false,chain-metadata
osmosis,gamm/pool/579,,,GAMM-579,18,,osmosis,gamm/pool/579,native,2024-07-23T14:47:57.698Z,2024-03-18T22:43:15.451634,false,chain-metadata
osmosis,gamm/pool/585,,,GAMM-585,18,,osmosis,gamm/pool/585,native,2024-07-23T14:47:57.698Z,2024-03-18T22:43:15.451634,false,chain-metadata
osmosis,gamm/pool/654,,,GAMM-654,18,,osmosis,gamm/pool/654,native,2024-07-23T14:47:57.699Z,2024-03-18T22:43:15.451634,false,chain-metadata
osmosis,gamm/pool/625,,,GAMM-625,18,,osmosis,gamm/pool/625,native,2024-07-23T14:47:57.699Z,2024-03-18T22:43:15.451634,false,chain-metadata
osmosis,gamm/pool/671,,,GAMM-671,18,,osmosis,gamm/pool/671,native,2024-07-23T14:47:57.699Z,2024-03-18T22:43:15.451634,false,chain-metadata
osmosis,gamm/pool/676,,,GAMM-676,18,,osmosis,gamm/pool/676,native,2024-07-23T14:47:57.699Z,2024-03-18T22:43:15.451634,false,chain-metadata
osmosis,gamm/pool/633,,,GAMM-633,18,,osmosis,gamm/pool/633,native,2024-07-23T14:47:57.699Z,2024-03-18T22:43:15.451634,false,chain-metadata
osmosis,gamm/pool/62,,,GAMM-62,18,,osmosis,gamm/pool/62,native,2024-07-23T14:47:57.699Z,2024-03-18T22:43:15.451634,false,chain-metadata
osmosis,gamm/pool/657,,,GAMM-657,18,,osmosis,gamm/pool/657,native,2024-07-23T14:47:57.699Z,2024-03-18T22:43:15.451634,false,chain-metadata
osmosis,gamm/pool/674,,,GAMM-674,18,,osmosis,gamm/pool/674,native,2024-07-23T14:47:57.699Z,2024-03-18T22:43:15.451634,false,chain-metadata
osmosis,gamm/pool/655,,,GAMM-655,18,,osmosis,gamm/pool/655,native,2024-07-23T14:47:57.699Z,2024-03-18T22:43:15.451634,false,chain-metadata
osmosis,gamm/pool/653,,,GAMM-653,18,,osmosis,gamm/pool/653,native,2024-07-23T14:47:57.699Z,2024-03-18T22:43:15.451634,false,chain-metadata
osmosis,gamm/pool/658,,,GAMM-658,18,,osmosis,gamm/pool/658,native,2024-07-23T14:47:57.699Z,2024-03-18T22:43:15.451634,false,chain-metadata
osmosis,gamm/pool/623,,,GAMM-623,18,,osmosis,gamm/pool/623,native,2024-07-23T14:47:57.699Z,2024-03-18T22:43:15.451634,false,chain-metadata
osmosis,gamm/pool/628,,,GAMM-628,18,,osmosis,gamm/pool/628,native,2024-07-23T14:47:57.699Z,2024-03-18T22:43:15.451634,false,chain-metadata
osmosis,gamm/pool/630,,,GAMM-630,18,,osmosis,gamm/pool/630,native,2024-07-23T14:47:57.699Z,2024-03-18T22:43:15.451634,false,chain-metadata
osmosis,gamm/pool/669,,,GAMM-669,18,,osmosis,gamm/pool/669,native,2024-07-23T14:47:57.699Z,2024-03-18T22:43:15.451634,false,chain-metadata
osmosis,gamm/pool/619,,,GAMM-619,18,,osmosis,gamm/pool/619,native,2024-07-23T14:47:57.699Z,2024-03-18T22:43:15.451634,false,chain-metadata
osmosis,gamm/pool/673,,,GAMM-673,18,,osmosis,gamm/pool/673,native,2024-07-23T14:47:57.699Z,2024-03-18T22:43:15.451634,false,chain-metadata
osmosis,gamm/pool/618,,,GAMM-618,18,,osmosis,gamm/pool/618,native,2024-07-23T14:47:57.699Z,2024-03-18T22:43:15.451634,false,chain-metadata
osmosis,gamm/pool/662,,,GAMM-662,18,,osmosis,gamm/pool/662,native,2024-07-23T14:47:57.699Z,2024-03-18T22:43:15.451634,false,chain-metadata
osmosis,gamm/pool/626,,,GAMM-626,18,,osmosis,gamm/pool/626,native,2024-07-23T14:47:57.699Z,2024-03-18T22:43:15.451634,false,chain-metadata
osmosis,gamm/pool/661,,,GAMM-661,18,,osmosis,gamm/pool/661,native,2024-07-23T14:47:57.699Z,2024-03-18T22:43:15.451634,false,chain-metadata
osmosis,gamm/pool/634,,,GAMM-634,18,,osmosis,gamm/pool/634,native,2024-07-23T14:47:57.699Z,2024-03-18T22:43:15.451634,false,chain-metadata
osmosis,gamm/pool/622,,,GAMM-622,18,,osmosis,gamm/pool/622,native,2024-07-23T14:47:57.699Z,2024-03-18T22:43:15.451634,false,chain-metadata
osmosis,gamm/pool/663,,,GAMM-663,18,,osmosis,gamm/pool/663,native,2024-07-23T14:47:57.699Z,2024-03-18T22:43:15.451634,false,chain-metadata
osmosis,gamm/pool/624,,,GAMM-624,18,,osmosis,gamm/pool/624,native,2024-07-23T14:47:57.699Z,2024-03-18T22:43:15.451634,false,chain-metadata
osmosis,gamm/pool/617,,,GAMM-617,18,,osmosis,gamm/pool/617,native,2024-07-23T14:47:57.699Z,2024-03-18T22:43:15.451634,false,chain-metadata
osmosis,gamm/pool/620,,,GAMM-620,18,,osmosis,gamm/pool/620,native,2024-07-23T14:47:57.699Z,2024-03-18T22:43:15.451634,false,chain-metadata
osmosis,gamm/pool/659,,,GAMM-659,18,,osmosis,gamm/pool/659,native,2024-07-23T14:47:57.699Z,2024-03-18T22:43:15.451634,false,chain-metadata
osmosis,gamm/pool/635,,,GAMM-635,18,,osmosis,gamm/pool/635,native,2024-07-23T14:47:57.699Z,2024-03-18T22:43:15.451634,false,chain-metadata
osmosis,gamm/pool/672,,,GAMM-672,18,,osmosis,gamm/pool/672,native,2024-07-23T14:47:57.699Z,2024-03-18T22:43:15.451634,false,chain-metadata
osmosis,gamm/pool/660,,,GAMM-660,18,,osmosis,gamm/pool/660,native,2024-07-23T14:47:57.699Z,2024-03-18T22:43:15.451634,false,chain-metadata
osmosis,gamm/pool/645,,,GAMM-645,18,,osmosis,gamm/pool/645,native,2024-07-23T14:47:57.699Z,2024-03-18T22:43:15.451634,false,chain-metadata
osmosis,gamm/pool/649,,,GAMM-649,18,,osmosis,gamm/pool/649,native,2024-07-23T14:47:57.699Z,2024-03-18T22:43:15.451634,false,chain-metadata
osmosis,gamm/pool/656,,,GAMM-656,18,,osmosis,gamm/pool/656,native,2024-07-23T14:47:57.699Z,2024-03-18T22:43:15.451634,false,chain-metadata
osmosis,gamm/pool/641,,,GAMM-641,18,,osmosis,gamm/pool/641,native,2024-07-23T14:47:57.699Z,2024-03-18T22:43:15.451634,false,chain-metadata
osmosis,gamm/pool/632,,,GAMM-632,18,,osmosis,gamm/pool/632,native,2024-07-23T14:47:57.699Z,2024-03-18T22:43:15.451634,false,chain-metadata
osmosis,gamm/pool/664,,,GAMM-664,18,,osmosis,gamm/pool/664,native,2024-07-23T14:47:57.699Z,2024-03-18T22:43:15.451634,false,chain-metadata
osmosis,gamm/pool/667,,,GAMM-667,18,,osmosis,gamm/pool/667,native,2024-07-23T14:47:57.699Z,2024-03-18T22:43:15.451634,false,chain-metadata
osmosis,gamm/pool/678,,,GAMM-678,18,,osmosis,gamm/pool/678,native,2024-07-23T14:47:57.699Z,2024-03-18T22:43:15.451634,false,chain-metadata
osmosis,gamm/pool/644,,,GAMM-644,18,,osmosis,gamm/pool/644,native,2024-07-23T14:47:57.699Z,2024-03-18T22:43:15.451634,false,chain-metadata
osmosis,gamm/pool/638,,,GAMM-638,18,,osmosis,gamm/pool/638,native,2024-07-23T14:47:57.699Z,2024-03-18T22:43:15.451634,false,chain-metadata
osmosis,gamm/pool/670,,,GAMM-670,18,,osmosis,gamm/pool/670,native,2024-07-23T14:47:57.699Z,2024-03-18T22:43:15.451634,false,chain-metadata
osmosis,gamm/pool/675,,,GAMM-675,18,,osmosis,gamm/pool/675,native,2024-07-23T14:47:57.699Z,2024-03-18T22:43:15.451634,false,chain-metadata
osmosis,gamm/pool/668,,,GAMM-668,18,,osmosis,gamm/pool/668,native,2024-07-23T14:47:57.699Z,2024-03-18T22:43:15.451634,false,chain-metadata
osmosis,gamm/pool/643,,,GAMM-643,18,,osmosis,gamm/pool/643,native,2024-07-23T14:47:57.699Z,2024-03-18T22:43:15.451634,false,chain-metadata
osmosis,gamm/pool/642,,,GAMM-642,18,,osmosis,gamm/pool/642,native,2024-07-23T14:47:57.699Z,2024-03-18T22:43:15.451634,false,chain-metadata
osmosis,gamm/pool/648,,,GAMM-648,18,,osmosis,gamm/pool/648,native,2024-07-23T14:47:57.699Z,2024-03-18T22:43:15.451634,false,chain-metadata
osmosis,gamm/pool/637,,,GAMM-637,18,,osmosis,gamm/pool/637,native,2024-07-23T14:47:57.699Z,2024-03-18T22:43:15.451634,false,chain-metadata
osmosis,gamm/pool/665,,,GAMM-665,18,,osmosis,gamm/pool/665,native,2024-07-23T14:47:57.699Z,2024-03-18T22:43:15.451634,false,chain-metadata
osmosis,gamm/pool/647,,,GAMM-647,18,,osmosis,gamm/pool/647,native,2024-07-23T14:47:57.699Z,2024-03-18T22:43:15.451634,false,chain-metadata
osmosis,gamm/pool/63,,,GAMM-63,18,,osmosis,gamm/pool/63,native,2024-07-23T14:47:57.699Z,2024-03-18T22:43:15.451634,false,chain-metadata
osmosis,gamm/pool/650,,,GAMM-650,18,,osmosis,gamm/pool/650,native,2024-07-23T14:47:57.699Z,2024-03-18T22:43:15.451634,false,chain-metadata
osmosis,gamm/pool/652,,,GAMM-652,18,,osmosis,gamm/pool/652,native,2024-07-23T14:47:57.699Z,2024-03-18T22:43:15.451634,false,chain-metadata
osmosis,gamm/pool/666,,,GAMM-666,18,,osmosis,gamm/pool/666,native,2024-07-23T14:47:57.699Z,2024-03-18T22:43:15.451634,false,chain-metadata
osmosis,gamm/pool/640,,,GAMM-640,18,,osmosis,gamm/pool/640,native,2024-07-23T14:47:57.699Z,2024-03-18T22:43:15.451634,false,chain-metadata
osmosis,gamm/pool/67,,,GAMM-67,18,,osmosis,gamm/pool/67,native,2024-07-23T14:47:57.699Z,2024-03-18T22:43:15.451634,false,chain-metadata
osmosis,gamm/pool/65,,,GAMM-65,18,,osmosis,gamm/pool/65,native,2024-07-23T14:47:57.699Z,2024-03-18T22:43:15.451634,false,chain-metadata
osmosis,gamm/pool/631,,,GAMM-631,18,,osmosis,gamm/pool/631,native,2024-07-23T14:47:57.699Z,2024-03-18T22:43:15.451634,false,chain-metadata
osmosis,gamm/pool/651,,,GAMM-651,18,,osmosis,gamm/pool/651,native,2024-07-23T14:47:57.699Z,2024-03-18T22:43:15.451634,false,chain-metadata
osmosis,gamm/pool/64,,,GAMM-64,18,,osmosis,gamm/pool/64,native,2024-07-23T14:47:57.699Z,2024-03-18T22:43:15.451634,false,chain-metadata
osmosis,gamm/pool/629,,,GAMM-629,18,,osmosis,gamm/pool/629,native,2024-07-23T14:47:57.699Z,2024-03-18T22:43:15.451634,false,chain-metadata
osmosis,gamm/pool/621,,,GAMM-621,18,,osmosis,gamm/pool/621,native,2024-07-23T14:47:57.699Z,2024-03-18T22:43:15.451634,false,chain-metadata
osmosis,gamm/pool/639,,,GAMM-639,18,,osmosis,gamm/pool/639,native,2024-07-23T14:47:57.699Z,2024-03-18T22:43:15.451634,false,chain-metadata
osmosis,gamm/pool/636,,,GAMM-636,18,,osmosis,gamm/pool/636,native,2024-07-23T14:47:57.699Z,2024-03-18T22:43:15.451634,false,chain-metadata
osmosis,gamm/pool/646,,,GAMM-646,18,,osmosis,gamm/pool/646,native,2024-07-23T14:47:57.699Z,2024-03-18T22:43:15.451634,false,chain-metadata
osmosis,gamm/pool/677,,,GAMM-677,18,,osmosis,gamm/pool/677,native,2024-07-23T14:47:57.699Z,2024-03-18T22:43:15.451634,false,chain-metadata
osmosis,gamm/pool/627,,,GAMM-627,18,,osmosis,gamm/pool/627,native,2024-07-23T14:47:57.699Z,2024-03-18T22:43:15.451634,false,chain-metadata
osmosis,gamm/pool/66,,,GAMM-66,18,,osmosis,gamm/pool/66,native,2024-07-23T14:47:57.699Z,2024-03-18T22:43:15.451634,false,chain-metadata
osmosis,gamm/pool/703,,,GAMM-703,18,,osmosis,gamm/pool/703,native,2024-07-23T14:47:57.700Z,2024-03-18T22:43:15.451634,false,chain-metadata
osmosis,gamm/pool/727,,,GAMM-727,18,,osmosis,gamm/pool/727,native,2024-07-23T14:47:57.700Z,2024-03-18T22:43:15.451634,false,chain-metadata
osmosis,gamm/pool/69,,,GAMM-69,18,,osmosis,gamm/pool/69,native,2024-07-23T14:47:57.700Z,2024-03-18T22:43:15.451634,false,chain-metadata
osmosis,gamm/pool/693,,,GAMM-693,18,,osmosis,gamm/pool/693,native,2024-07-23T14:47:57.700Z,2024-03-18T22:43:15.451634,false,chain-metadata
osmosis,gamm/pool/736,,,GAMM-736,18,,osmosis,gamm/pool/736,native,2024-07-23T14:47:57.700Z,2024-03-18T22:43:15.451634,false,chain-metadata
osmosis,gamm/pool/706,,,GAMM-706,18,,osmosis,gamm/pool/706,native,2024-07-23T14:47:57.700Z,2024-03-18T22:43:15.451634,false,chain-metadata
osmosis,gamm/pool/707,,,GAMM-707,18,,osmosis,gamm/pool/707,native,2024-07-23T14:47:57.700Z,2024-03-18T22:43:15.451634,false,chain-metadata
osmosis,gamm/pool/733,,,GAMM-733,18,,osmosis,gamm/pool/733,native,2024-07-23T14:47:57.700Z,2024-03-18T22:43:15.451634,false,chain-metadata
osmosis,gamm/pool/695,,,GAMM-695,18,,osmosis,gamm/pool/695,native,2024-07-23T14:47:57.700Z,2024-03-18T22:43:15.451634,false,chain-metadata
osmosis,gamm/pool/734,,,GAMM-734,18,,osmosis,gamm/pool/734,native,2024-07-23T14:47:57.700Z,2024-03-18T22:43:15.451634,false,chain-metadata
osmosis,gamm/pool/70,,,GAMM-70,18,,osmosis,gamm/pool/70,native,2024-07-23T14:47:57.700Z,2024-03-18T22:43:15.451634,false,chain-metadata
osmosis,gamm/pool/71,,,GAMM-71,18,,osmosis,gamm/pool/71,native,2024-07-23T14:47:57.700Z,2024-03-18T22:43:15.451634,false,chain-metadata
osmosis,gamm/pool/72,,,GAMM-72,18,,osmosis,gamm/pool/72,native,2024-07-23T14:47:57.700Z,2024-03-18T22:43:15.451634,false,chain-metadata
osmosis,gamm/pool/723,,,GAMM-723,18,,osmosis,gamm/pool/723,native,2024-07-23T14:47:57.700Z,2024-03-18T22:43:15.451634,false,chain-metadata
osmosis,gamm/pool/725,,,GAMM-725,18,,osmosis,gamm/pool/725,native,2024-07-23T14:47:57.700Z,2024-03-18T22:43:15.451634,false,chain-metadata
osmosis,gamm/pool/716,,,GAMM-716,18,,osmosis,gamm/pool/716,native,2024-07-23T14:47:57.700Z,2024-03-18T22:43:15.451634,false,chain-metadata
osmosis,gamm/pool/715,,,GAMM-715,18,,osmosis,gamm/pool/715,native,2024-07-23T14:47:57.700Z,2024-03-18T22:43:15.451634,false,chain-metadata
osmosis,gamm/pool/709,,,GAMM-709,18,,osmosis,gamm/pool/709,native,2024-07-23T14:47:57.700Z,2024-03-18T22:43:15.451634,false,chain-metadata
osmosis,gamm/pool/681,,,GAMM-681,18,,osmosis,gamm/pool/681,native,2024-07-23T14:47:57.700Z,2024-03-18T22:43:15.451634,false,chain-metadata
osmosis,gamm/pool/694,,,GAMM-694,18,,osmosis,gamm/pool/694,native,2024-07-23T14:47:57.700Z,2024-03-18T22:43:15.451634,false,chain-metadata
osmosis,gamm/pool/701,,,GAMM-701,18,,osmosis,gamm/pool/701,native,2024-07-23T14:47:57.700Z,2024-03-18T22:43:15.451634,false,chain-metadata
osmosis,gamm/pool/68,,,GAMM-68,18,,osmosis,gamm/pool/68,native,2024-07-23T14:47:57.700Z,2024-03-18T22:43:15.451634,false,chain-metadata
osmosis,gamm/pool/679,,,GAMM-679,18,,osmosis,gamm/pool/679,native,2024-07-23T14:47:57.700Z,2024-03-18T22:43:15.451634,false,chain-metadata
osmosis,gamm/pool/692,,,GAMM-692,18,,osmosis,gamm/pool/692,native,2024-07-23T14:47:57.700Z,2024-03-18T22:43:15.451634,false,chain-metadata
osmosis,gamm/pool/738,,,GAMM-738,18,,osmosis,gamm/pool/738,native,2024-07-23T14:47:57.700Z,2024-03-18T22:43:15.451634,false,chain-metadata
osmosis,gamm/pool/710,,,GAMM-710,18,,osmosis,gamm/pool/710,native,2024-07-23T14:47:57.700Z,2024-03-18T22:43:15.451634,false,chain-metadata
osmosis,gamm/pool/722,,,GAMM-722,18,,osmosis,gamm/pool/722,native,2024-07-23T14:47:57.700Z,2024-03-18T22:43:15.451634,false,chain-metadata
osmosis,gamm/pool/726,,,GAMM-726,18,,osmosis,gamm/pool/726,native,2024-07-23T14:47:57.700Z,2024-03-18T22:43:15.451634,false,chain-metadata
osmosis,gamm/pool/697,,,GAMM-697,18,,osmosis,gamm/pool/697,native,2024-07-23T14:47:57.700Z,2024-03-18T22:43:15.451634,false,chain-metadata
osmosis,gamm/pool/696,,,GAMM-696,18,,osmosis,gamm/pool/696,native,2024-07-23T14:47:57.700Z,2024-03-18T22:43:15.451634,false,chain-metadata
osmosis,gamm/pool/704,,,GAMM-704,18,,osmosis,gamm/pool/704,native,2024-07-23T14:47:57.700Z,2024-03-18T22:43:15.451634,false,chain-metadata
osmosis,gamm/pool/721,,,GAMM-721,18,,osmosis,gamm/pool/721,native,2024-07-23T14:47:57.700Z,2024-03-18T22:43:15.451634,false,chain-metadata
osmosis,gamm/pool/74,,,GAMM-74,18,,osmosis,gamm/pool/74,native,2024-07-23T14:47:57.700Z,2024-03-18T22:43:15.451634,false,chain-metadata
osmosis,gamm/pool/735,,,GAMM-735,18,,osmosis,gamm/pool/735,native,2024-07-23T14:47:57.700Z,2024-03-18T22:43:15.451634,false,chain-metadata
osmosis,gamm/pool/729,,,GAMM-729,18,,osmosis,gamm/pool/729,native,2024-07-23T14:47:57.700Z,2024-03-18T22:43:15.451634,false,chain-metadata
osmosis,gamm/pool/731,,,GAMM-731,18,,osmosis,gamm/pool/731,native,2024-07-23T14:47:57.700Z,2024-03-18T22:43:15.451634,false,chain-metadata
osmosis,gamm/pool/708,,,GAMM-708,18,,osmosis,gamm/pool/708,native,2024-07-23T14:47:57.700Z,2024-03-18T22:43:15.451634,false,chain-metadata
osmosis,gamm/pool/713,,,GAMM-713,18,,osmosis,gamm/pool/713,native,2024-07-23T14:47:57.700Z,2024-03-18T22:43:15.451634,false,chain-metadata
osmosis,gamm/pool/682,,,GAMM-682,18,,osmosis,gamm/pool/682,native,2024-07-23T14:47:57.700Z,2024-03-18T22:43:15.451634,false,chain-metadata
osmosis,gamm/pool/7,,,GAMM-7,18,,osmosis,gamm/pool/7,native,2024-07-23T14:47:57.700Z,2024-03-18T22:43:15.451634,false,chain-metadata
osmosis,gamm/pool/689,,,GAMM-689,18,,osmosis,gamm/pool/689,native,2024-07-23T14:47:57.700Z,2024-03-18T22:43:15.451634,false,chain-metadata
osmosis,gamm/pool/699,,,GAMM-699,18,,osmosis,gamm/pool/699,native,2024-07-23T14:47:57.700Z,2024-03-18T22:43:15.451634,false,chain-metadata
osmosis,gamm/pool/724,,,GAMM-724,18,,osmosis,gamm/pool/724,native,2024-07-23T14:47:57.700Z,2024-03-18T22:43:15.451634,false,chain-metadata
osmosis,gamm/pool/714,,,GAMM-714,18,,osmosis,gamm/pool/714,native,2024-07-23T14:47:57.700Z,2024-03-18T22:43:15.451634,false,chain-metadata
osmosis,gamm/pool/680,,,GAMM-680,18,,osmosis,gamm/pool/680,native,2024-07-23T14:47:57.700Z,2024-03-18T22:43:15.451634,false,chain-metadata
osmosis,gamm/pool/691,,,GAMM-691,18,,osmosis,gamm/pool/691,native,2024-07-23T14:47:57.700Z,2024-03-18T22:43:15.451634,false,chain-metadata
osmosis,gamm/pool/705,,,GAMM-705,18,,osmosis,gamm/pool/705,native,2024-07-23T14:47:57.700Z,2024-03-18T22:43:15.451634,false,chain-metadata
osmosis,gamm/pool/690,,,GAMM-690,18,,osmosis,gamm/pool/690,native,2024-07-23T14:47:57.700Z,2024-03-18T22:43:15.451634,false,chain-metadata
osmosis,gamm/pool/717,,,GAMM-717,18,,osmosis,gamm/pool/717,native,2024-07-23T14:47:57.700Z,2024-03-18T22:43:15.451634,false,chain-metadata
osmosis,gamm/pool/712,,,GAMM-712,18,,osmosis,gamm/pool/712,native,2024-07-23T14:47:57.700Z,2024-03-18T22:43:15.451634,false,chain-metadata
osmosis,gamm/pool/728,,,GAMM-728,18,,osmosis,gamm/pool/728,native,2024-07-23T14:47:57.700Z,2024-03-18T22:43:15.451634,false,chain-metadata
osmosis,gamm/pool/718,,,GAMM-718,18,,osmosis,gamm/pool/718,native,2024-07-23T14:47:57.700Z,2024-03-18T22:43:15.451634,false,chain-metadata
osmosis,gamm/pool/683,,,GAMM-683,18,,osmosis,gamm/pool/683,native,2024-07-23T14:47:57.700Z,2024-03-18T22:43:15.451634,false,chain-metadata
osmosis,gamm/pool/719,,,GAMM-719,18,,osmosis,gamm/pool/719,native,2024-07-23T14:47:57.700Z,2024-03-18T22:43:15.451634,false,chain-metadata
osmosis,gamm/pool/685,,,GAMM-685,18,,osmosis,gamm/pool/685,native,2024-07-23T14:47:57.700Z,2024-03-18T22:43:15.451634,false,chain-metadata
osmosis,gamm/pool/700,,,GAMM-700,18,,osmosis,gamm/pool/700,native,2024-07-23T14:47:57.700Z,2024-03-18T22:43:15.451634,false,chain-metadata
osmosis,gamm/pool/737,,,GAMM-737,18,,osmosis,gamm/pool/737,native,2024-07-23T14:47:57.700Z,2024-03-18T22:43:15.451634,false,chain-metadata
osmosis,gamm/pool/730,,,GAMM-730,18,,osmosis,gamm/pool/730,native,2024-07-23T14:47:57.700Z,2024-03-18T22:43:15.451634,false,chain-metadata
osmosis,gamm/pool/684,,,GAMM-684,18,,osmosis,gamm/pool/684,native,2024-07-23T14:47:57.700Z,2024-03-18T22:43:15.451634,false,chain-metadata
osmosis,gamm/pool/711,,,GAMM-711,18,,osmosis,gamm/pool/711,native,2024-07-23T14:47:57.700Z,2024-03-18T22:43:15.451634,false,chain-metadata
osmosis,gamm/pool/732,,,GAMM-732,18,,osmosis,gamm/pool/732,native,2024-07-23T14:47:57.700Z,2024-03-18T22:43:15.451634,false,chain-metadata
osmosis,gamm/pool/698,,,GAMM-698,18,,osmosis,gamm/pool/698,native,2024-07-23T14:47:57.700Z,2024-03-18T22:43:15.451634,false,chain-metadata
osmosis,gamm/pool/688,,,GAMM-688,18,,osmosis,gamm/pool/688,native,2024-07-23T14:47:57.700Z,2024-03-18T22:43:15.451634,false,chain-metadata
osmosis,gamm/pool/73,,,GAMM-73,18,,osmosis,gamm/pool/73,native,2024-07-23T14:47:57.700Z,2024-03-18T22:43:15.451634,false,chain-metadata
osmosis,gamm/pool/686,,,GAMM-686,18,,osmosis,gamm/pool/686,native,2024-07-23T14:47:57.700Z,2024-03-18T22:43:15.451634,false,chain-metadata
osmosis,gamm/pool/720,,,GAMM-720,18,,osmosis,gamm/pool/720,native,2024-07-23T14:47:57.700Z,2024-03-18T22:43:15.451634,false,chain-metadata
osmosis,gamm/pool/702,,,GAMM-702,18,,osmosis,gamm/pool/702,native,2024-07-23T14:47:57.700Z,2024-03-18T22:43:15.451634,false,chain-metadata
osmosis,gamm/pool/739,,,GAMM-739,18,,osmosis,gamm/pool/739,native,2024-07-23T14:47:57.700Z,2024-03-18T22:43:15.451634,false,chain-metadata
osmosis,gamm/pool/687,,,GAMM-687,18,,osmosis,gamm/pool/687,native,2024-07-23T14:47:57.700Z,2024-03-18T22:43:15.451634,false,chain-metadata
osmosis,gamm/pool/759,,,GAMM-759,18,,osmosis,gamm/pool/759,native,2024-07-23T14:47:57.701Z,2024-03-18T22:43:15.451634,false,chain-metadata
osmosis,gamm/pool/784,,,GAMM-784,18,,osmosis,gamm/pool/784,native,2024-07-23T14:47:57.701Z,2024-03-18T22:43:15.451634,false,chain-metadata
osmosis,gamm/pool/783,,,GAMM-783,18,,osmosis,gamm/pool/783,native,2024-07-23T14:47:57.701Z,2024-03-18T22:43:15.451634,false,chain-metadata
osmosis,gamm/pool/744,,,GAMM-744,18,,osmosis,gamm/pool/744,native,2024-07-23T14:47:57.701Z,2024-03-18T22:43:15.451634,false,chain-metadata
osmosis,gamm/pool/760,,,GAMM-760,18,,osmosis,gamm/pool/760,native,2024-07-23T14:47:57.701Z,2024-03-18T22:43:15.451634,false,chain-metadata
osmosis,gamm/pool/756,,,GAMM-756,18,,osmosis,gamm/pool/756,native,2024-07-23T14:47:57.701Z,2024-03-18T22:43:15.451634,false,chain-metadata
osmosis,gamm/pool/751,,,GAMM-751,18,,osmosis,gamm/pool/751,native,2024-07-23T14:47:57.701Z,2024-03-18T22:43:15.451634,false,chain-metadata
osmosis,gamm/pool/772,,,GAMM-772,18,,osmosis,gamm/pool/772,native,2024-07-23T14:47:57.701Z,2024-03-18T22:43:15.451634,false,chain-metadata
osmosis,gamm/pool/792,,,GAMM-792,18,,osmosis,gamm/pool/792,native,2024-07-23T14:47:57.701Z,2024-03-18T22:43:15.451634,false,chain-metadata
osmosis,gamm/pool/793,,,GAMM-793,18,,osmosis,gamm/pool/793,native,2024-07-23T14:47:57.701Z,2024-03-18T22:43:15.451634,false,chain-metadata
osmosis,gamm/pool/768,,,GAMM-768,18,,osmosis,gamm/pool/768,native,2024-07-23T14:47:57.701Z,2024-03-18T22:43:15.451634,false,chain-metadata
osmosis,gamm/pool/766,,,GAMM-766,18,,osmosis,gamm/pool/766,native,2024-07-23T14:47:57.701Z,2024-03-18T22:43:15.451634,false,chain-metadata
osmosis,gamm/pool/769,,,GAMM-769,18,,osmosis,gamm/pool/769,native,2024-07-23T14:47:57.701Z,2024-03-18T22:43:15.451634,false,chain-metadata
osmosis,gamm/pool/758,,,GAMM-758,18,,osmosis,gamm/pool/758,native,2024-07-23T14:47:57.701Z,2024-03-18T22:43:15.451634,false,chain-metadata
osmosis,gamm/pool/747,,,GAMM-747,18,,osmosis,gamm/pool/747,native,2024-07-23T14:47:57.701Z,2024-03-18T22:43:15.451634,false,chain-metadata
osmosis,gamm/pool/745,,,GAMM-745,18,,osmosis,gamm/pool/745,native,2024-07-23T14:47:57.701Z,2024-03-18T22:43:15.451634,false,chain-metadata
osmosis,gamm/pool/795,,,GAMM-795,18,,osmosis,gamm/pool/795,native,2024-07-23T14:47:57.701Z,2024-03-18T22:43:15.451634,false,chain-metadata
osmosis,gamm/pool/782,,,GAMM-782,18,,osmosis,gamm/pool/782,native,2024-07-23T14:47:57.701Z,2024-03-18T22:43:15.451634,false,chain-metadata
osmosis,gamm/pool/743,,,GAMM-743,18,,osmosis,gamm/pool/743,native,2024-07-23T14:47:57.701Z,2024-03-18T22:43:15.451634,false,chain-metadata
osmosis,gamm/pool/746,,,GAMM-746,18,,osmosis,gamm/pool/746,native,2024-07-23T14:47:57.701Z,2024-03-18T22:43:15.451634,false,chain-metadata
osmosis,gamm/pool/741,,,GAMM-741,18,,osmosis,gamm/pool/741,native,2024-07-23T14:47:57.701Z,2024-03-18T22:43:15.451634,false,chain-metadata
osmosis,gamm/pool/779,,,GAMM-779,18,,osmosis,gamm/pool/779,native,2024-07-23T14:47:57.701Z,2024-03-18T22:43:15.451634,false,chain-metadata
osmosis,gamm/pool/774,,,GAMM-774,18,,osmosis,gamm/pool/774,native,2024-07-23T14:47:57.701Z,2024-03-18T22:43:15.451634,false,chain-metadata
osmosis,gamm/pool/78,,,GAMM-78,18,,osmosis,gamm/pool/78,native,2024-07-23T14:47:57.701Z,2024-03-18T22:43:15.451634,false,chain-metadata
osmosis,gamm/pool/755,,,GAMM-755,18,,osmosis,gamm/pool/755,native,2024-07-23T14:47:57.701Z,2024-03-18T22:43:15.451634,false,chain-metadata
osmosis,gamm/pool/791,,,GAMM-791,18,,osmosis,gamm/pool/791,native,2024-07-23T14:47:57.701Z,2024-03-18T22:43:15.451634,false,chain-metadata
osmosis,gamm/pool/777,,,GAMM-777,18,,osmosis,gamm/pool/777,native,2024-07-23T14:47:57.701Z,2024-03-18T22:43:15.451634,false,chain-metadata
osmosis,gamm/pool/776,,,GAMM-776,18,,osmosis,gamm/pool/776,native,2024-07-23T14:47:57.701Z,2024-03-18T22:43:15.451634,false,chain-metadata
osmosis,gamm/pool/771,,,GAMM-771,18,,osmosis,gamm/pool/771,native,2024-07-23T14:47:57.701Z,2024-03-18T22:43:15.451634,false,chain-metadata
osmosis,gamm/pool/749,,,GAMM-749,18,,osmosis,gamm/pool/749,native,2024-07-23T14:47:57.701Z,2024-03-18T22:43:15.451634,false,chain-metadata
osmosis,gamm/pool/767,,,GAMM-767,18,,osmosis,gamm/pool/767,native,2024-07-23T14:47:57.701Z,2024-03-18T22:43:15.451634,false,chain-metadata
osmosis,gamm/pool/75,,,GAMM-75,18,,osmosis,gamm/pool/75,native,2024-07-23T14:47:57.701Z,2024-03-18T22:43:15.451634,false,chain-metadata
osmosis,gamm/pool/788,,,GAMM-788,18,,osmosis,gamm/pool/788,native,2024-07-23T14:47:57.701Z,2024-03-18T22:43:15.451634,false,chain-metadata
osmosis,gamm/pool/79,,,GAMM-79,18,,osmosis,gamm/pool/79,native,2024-07-23T14:47:57.701Z,2024-03-18T22:43:15.451634,false,chain-metadata
osmosis,gamm/pool/748,,,GAMM-748,18,,osmosis,gamm/pool/748,native,2024-07-23T14:47:57.701Z,2024-03-18T22:43:15.451634,false,chain-metadata
osmosis,gamm/pool/76,,,GAMM-76,18,,osmosis,gamm/pool/76,native,2024-07-23T14:47:57.701Z,2024-03-18T22:43:15.451634,false,chain-metadata
osmosis,gamm/pool/757,,,GAMM-757,18,,osmosis,gamm/pool/757,native,2024-07-23T14:47:57.701Z,2024-03-18T22:43:15.451634,false,chain-metadata
osmosis,gamm/pool/789,,,GAMM-789,18,,osmosis,gamm/pool/789,native,2024-07-23T14:47:57.701Z,2024-03-18T22:43:15.451634,false,chain-metadata
osmosis,gamm/pool/794,,,GAMM-794,18,,osmosis,gamm/pool/794,native,2024-07-23T14:47:57.701Z,2024-03-18T22:43:15.451634,false,chain-metadata
osmosis,gamm/pool/740,,,GAMM-740,18,,osmosis,gamm/pool/740,native,2024-07-23T14:47:57.701Z,2024-03-18T22:43:15.451634,false,chain-metadata
osmosis,gamm/pool/752,,,GAMM-752,18,,osmosis,gamm/pool/752,native,2024-07-23T14:47:57.701Z,2024-03-18T22:43:15.451634,false,chain-metadata
osmosis,gamm/pool/763,,,GAMM-763,18,,osmosis,gamm/pool/763,native,2024-07-23T14:47:57.701Z,2024-03-18T22:43:15.451634,false,chain-metadata
osmosis,gamm/pool/787,,,GAMM-787,18,,osmosis,gamm/pool/787,native,2024-07-23T14:47:57.701Z,2024-03-18T22:43:15.451634,false,chain-metadata
osmosis,gamm/pool/765,,,GAMM-765,18,,osmosis,gamm/pool/765,native,2024-07-23T14:47:57.701Z,2024-03-18T22:43:15.451634,false,chain-metadata
osmosis,gamm/pool/786,,,GAMM-786,18,,osmosis,gamm/pool/786,native,2024-07-23T14:47:57.701Z,2024-03-18T22:43:15.451634,false,chain-metadata
osmosis,gamm/pool/764,,,GAMM-764,18,,osmosis,gamm/pool/764,native,2024-07-23T14:47:57.701Z,2024-03-18T22:43:15.451634,false,chain-metadata
osmosis,gamm/pool/780,,,GAMM-780,18,,osmosis,gamm/pool/780,native,2024-07-23T14:47:57.701Z,2024-03-18T22:43:15.451634,false,chain-metadata
osmosis,gamm/pool/775,,,GAMM-775,18,,osmosis,gamm/pool/775,native,2024-07-23T14:47:57.701Z,2024-03-18T22:43:15.451634,false,chain-metadata
osmosis,gamm/pool/762,,,GAMM-762,18,,osmosis,gamm/pool/762,native,2024-07-23T14:47:57.701Z,2024-03-18T22:43:15.451634,false,chain-metadata
osmosis,gamm/pool/754,,,GAMM-754,18,,osmosis,gamm/pool/754,native,2024-07-23T14:47:57.701Z,2024-03-18T22:43:15.451634,false,chain-metadata
osmosis,gamm/pool/790,,,GAMM-790,18,,osmosis,gamm/pool/790,native,2024-07-23T14:47:57.701Z,2024-03-18T22:43:15.451634,false,chain-metadata
osmosis,gamm/pool/742,,,GAMM-742,18,,osmosis,gamm/pool/742,native,2024-07-23T14:47:57.701Z,2024-03-18T22:43:15.451634,false,chain-metadata
osmosis,gamm/pool/781,,,GAMM-781,18,,osmosis,gamm/pool/781,native,2024-07-23T14:47:57.701Z,2024-03-18T22:43:15.451634,false,chain-metadata
osmosis,gamm/pool/796,,,GAMM-796,18,,osmosis,gamm/pool/796,native,2024-07-23T14:47:57.701Z,2024-03-18T22:43:15.451634,false,chain-metadata
osmosis,gamm/pool/753,,,GAMM-753,18,,osmosis,gamm/pool/753,native,2024-07-23T14:47:57.701Z,2024-03-18T22:43:15.451634,false,chain-metadata
osmosis,gamm/pool/773,,,GAMM-773,18,,osmosis,gamm/pool/773,native,2024-07-23T14:47:57.701Z,2024-03-18T22:43:15.451634,false,chain-metadata
osmosis,gamm/pool/770,,,GAMM-770,18,,osmosis,gamm/pool/770,native,2024-07-23T14:47:57.701Z,2024-03-18T22:43:15.451634,false,chain-metadata
osmosis,gamm/pool/761,,,GAMM-761,18,,osmosis,gamm/pool/761,native,2024-07-23T14:47:57.701Z,2024-03-18T22:43:15.451634,false,chain-metadata
osmosis,gamm/pool/785,,,GAMM-785,18,,osmosis,gamm/pool/785,native,2024-07-23T14:47:57.701Z,2024-03-18T22:43:15.451634,false,chain-metadata
osmosis,gamm/pool/778,,,GAMM-778,18,,osmosis,gamm/pool/778,native,2024-07-23T14:47:57.701Z,2024-03-18T22:43:15.451634,false,chain-metadata
osmosis,gamm/pool/77,,,GAMM-77,18,,osmosis,gamm/pool/77,native,2024-07-23T14:47:57.701Z,2024-03-18T22:43:15.451634,false,chain-metadata
osmosis,gamm/pool/750,,,GAMM-750,18,,osmosis,gamm/pool/750,native,2024-07-23T14:47:57.701Z,2024-03-18T22:43:15.451634,false,chain-metadata
osmosis,gamm/pool/798,,,GAMM-798,18,,osmosis,gamm/pool/798,native,2024-07-23T14:47:57.702Z,2024-03-18T22:43:15.451634,false,chain-metadata
osmosis,gamm/pool/817,,,GAMM-817,18,,osmosis,gamm/pool/817,native,2024-07-23T14:47:57.702Z,2024-03-18T22:43:15.451634,false,chain-metadata
osmosis,gamm/pool/835,,,GAMM-835,18,,osmosis,gamm/pool/835,native,2024-07-23T14:47:57.702Z,2024-03-18T22:43:15.451634,false,chain-metadata
osmosis,gamm/pool/814,,,GAMM-814,18,,osmosis,gamm/pool/814,native,2024-07-23T14:47:57.702Z,2024-03-18T22:43:15.451634,false,chain-metadata
osmosis,gamm/pool/843,,,GAMM-843,18,,osmosis,gamm/pool/843,native,2024-07-23T14:47:57.702Z,2024-03-18T22:43:15.451634,false,chain-metadata
osmosis,gamm/pool/834,,,GAMM-834,18,,osmosis,gamm/pool/834,native,2024-07-23T14:47:57.702Z,2024-03-18T22:43:15.451634,false,chain-metadata
osmosis,gamm/pool/81,,,GAMM-81,18,,osmosis,gamm/pool/81,native,2024-07-23T14:47:57.702Z,2024-03-18T22:43:15.451634,false,chain-metadata
osmosis,gamm/pool/833,,,GAMM-833,18,,osmosis,gamm/pool/833,native,2024-07-23T14:47:57.702Z,2024-03-18T22:43:15.451634,false,chain-metadata
osmosis,gamm/pool/822,,,GAMM-822,18,,osmosis,gamm/pool/822,native,2024-07-23T14:47:57.702Z,2024-03-18T22:43:15.451634,false,chain-metadata
osmosis,gamm/pool/840,,,GAMM-840,18,,osmosis,gamm/pool/840,native,2024-07-23T14:47:57.702Z,2024-03-18T22:43:15.451634,false,chain-metadata
osmosis,gamm/pool/845,,,GAMM-845,18,,osmosis,gamm/pool/845,native,2024-07-23T14:47:57.702Z,2024-03-18T22:43:15.451634,false,chain-metadata
osmosis,gamm/pool/85,,,GAMM-85,18,,osmosis,gamm/pool/85,native,2024-07-23T14:47:57.702Z,2024-03-18T22:43:15.451634,false,chain-metadata
osmosis,gamm/pool/852,,,GAMM-852,18,,osmosis,gamm/pool/852,native,2024-07-23T14:47:57.702Z,2024-03-18T22:43:15.451634,false,chain-metadata
osmosis,gamm/pool/801,,,GAMM-801,18,,osmosis,gamm/pool/801,native,2024-07-23T14:47:57.702Z,2024-03-18T22:43:15.451634,false,chain-metadata
osmosis,gamm/pool/82,,,GAMM-82,18,,osmosis,gamm/pool/82,native,2024-07-23T14:47:57.702Z,2024-03-18T22:43:15.451634,false,chain-metadata
osmosis,gamm/pool/818,,,GAMM-818,18,,osmosis,gamm/pool/818,native,2024-07-23T14:47:57.702Z,2024-03-18T22:43:15.451634,false,chain-metadata
osmosis,gamm/pool/821,,,GAMM-821,18,,osmosis,gamm/pool/821,native,2024-07-23T14:47:57.702Z,2024-03-18T22:43:15.451634,false,chain-metadata
osmosis,gamm/pool/811,,,GAMM-811,18,,osmosis,gamm/pool/811,native,2024-07-23T14:47:57.702Z,2024-03-18T22:43:15.451634,false,chain-metadata
osmosis,gamm/pool/857,,,GAMM-857,18,,osmosis,gamm/pool/857,native,2024-07-23T14:47:57.702Z,2024-03-18T22:43:15.451634,false,chain-metadata
osmosis,gamm/pool/819,,,GAMM-819,18,,osmosis,gamm/pool/819,native,2024-07-23T14:47:57.702Z,2024-03-18T22:43:15.451634,false,chain-metadata
osmosis,gamm/pool/84,,,GAMM-84,18,,osmosis,gamm/pool/84,native,2024-07-23T14:47:57.702Z,2024-03-18T22:43:15.451634,false,chain-metadata
osmosis,gamm/pool/855,,,GAMM-855,18,,osmosis,gamm/pool/855,native,2024-07-23T14:47:57.702Z,2024-03-18T22:43:15.451634,false,chain-metadata
osmosis,gamm/pool/823,,,GAMM-823,18,,osmosis,gamm/pool/823,native,2024-07-23T14:47:57.702Z,2024-03-18T22:43:15.451634,false,chain-metadata
osmosis,gamm/pool/80,,,GAMM-80,18,,osmosis,gamm/pool/80,native,2024-07-23T14:47:57.702Z,2024-03-18T22:43:15.451634,false,chain-metadata
osmosis,gamm/pool/850,,,GAMM-850,18,,osmosis,gamm/pool/850,native,2024-07-23T14:47:57.702Z,2024-03-18T22:43:15.451634,false,chain-metadata
osmosis,gamm/pool/799,,,GAMM-799,18,,osmosis,gamm/pool/799,native,2024-07-23T14:47:57.702Z,2024-03-18T22:43:15.451634,false,chain-metadata
osmosis,gamm/pool/827,,,GAMM-827,18,,osmosis,gamm/pool/827,native,2024-07-23T14:47:57.702Z,2024-03-18T22:43:15.451634,false,chain-metadata
osmosis,gamm/pool/829,,,GAMM-829,18,,osmosis,gamm/pool/829,native,2024-07-23T14:47:57.702Z,2024-03-18T22:43:15.451634,false,chain-metadata
osmosis,gamm/pool/820,,,GAMM-820,18,,osmosis,gamm/pool/820,native,2024-07-23T14:47:57.702Z,2024-03-18T22:43:15.451634,false,chain-metadata
osmosis,gamm/pool/832,,,GAMM-832,18,,osmosis,gamm/pool/832,native,2024-07-23T14:47:57.702Z,2024-03-18T22:43:15.451634,false,chain-metadata
osmosis,gamm/pool/807,,,GAMM-807,18,,osmosis,gamm/pool/807,native,2024-07-23T14:47:57.702Z,2024-03-18T22:43:15.451634,false,chain-metadata
osmosis,gamm/pool/808,,,GAMM-808,18,,osmosis,gamm/pool/808,native,2024-07-23T14:47:57.702Z,2024-03-18T22:43:15.451634,false,chain-metadata
osmosis,gamm/pool/802,,,GAMM-802,18,,osmosis,gamm/pool/802,native,2024-07-23T14:47:57.702Z,2024-03-18T22:43:15.451634,false,chain-metadata
osmosis,gamm/pool/8,,,GAMM-8,18,,osmosis,gamm/pool/8,native,2024-07-23T14:47:57.702Z,2024-03-18T22:43:15.451634,false,chain-metadata
osmosis,gamm/pool/848,,,GAMM-848,18,,osmosis,gamm/pool/848,native,2024-07-23T14:47:57.702Z,2024-03-18T22:43:15.451634,false,chain-metadata
osmosis,gamm/pool/846,,,GAMM-846,18,,osmosis,gamm/pool/846,native,2024-07-23T14:47:57.702Z,2024-03-18T22:43:15.451634,false,chain-metadata
osmosis,gamm/pool/831,,,GAMM-831,18,,osmosis,gamm/pool/831,native,2024-07-23T14:47:57.702Z,2024-03-18T22:43:15.451634,false,chain-metadata
osmosis,gamm/pool/803,,,GAMM-803,18,,osmosis,gamm/pool/803,native,2024-07-23T14:47:57.702Z,2024-03-18T22:43:15.451634,false,chain-metadata
osmosis,gamm/pool/856,,,GAMM-856,18,,osmosis,gamm/pool/856,native,2024-07-23T14:47:57.702Z,2024-03-18T22:43:15.451634,false,chain-metadata
osmosis,gamm/pool/854,,,GAMM-854,18,,osmosis,gamm/pool/854,native,2024-07-23T14:47:57.702Z,2024-03-18T22:43:15.451634,false,chain-metadata
osmosis,gamm/pool/800,,,GAMM-800,18,,osmosis,gamm/pool/800,native,2024-07-23T14:47:57.702Z,2024-03-18T22:43:15.451634,false,chain-metadata
osmosis,gamm/pool/826,,,GAMM-826,18,,osmosis,gamm/pool/826,native,2024-07-23T14:47:57.702Z,2024-03-18T22:43:15.451634,false,chain-metadata
osmosis,gamm/pool/853,,,GAMM-853,18,,osmosis,gamm/pool/853,native,2024-07-23T14:47:57.702Z,2024-03-18T22:43:15.451634,false,chain-metadata
osmosis,gamm/pool/805,,,GAMM-805,18,,osmosis,gamm/pool/805,native,2024-07-23T14:47:57.702Z,2024-03-18T22:43:15.451634,false,chain-metadata
osmosis,gamm/pool/825,,,GAMM-825,18,,osmosis,gamm/pool/825,native,2024-07-23T14:47:57.702Z,2024-03-18T22:43:15.451634,false,chain-metadata
osmosis,gamm/pool/824,,,GAMM-824,18,,osmosis,gamm/pool/824,native,2024-07-23T14:47:57.702Z,2024-03-18T22:43:15.451634,false,chain-metadata
osmosis,gamm/pool/842,,,GAMM-842,18,,osmosis,gamm/pool/842,native,2024-07-23T14:47:57.702Z,2024-03-18T22:43:15.451634,false,chain-metadata
osmosis,gamm/pool/810,,,GAMM-810,18,,osmosis,gamm/pool/810,native,2024-07-23T14:47:57.702Z,2024-03-18T22:43:15.451634,false,chain-metadata
osmosis,gamm/pool/806,,,GAMM-806,18,,osmosis,gamm/pool/806,native,2024-07-23T14:47:57.702Z,2024-03-18T22:43:15.451634,false,chain-metadata
osmosis,gamm/pool/797,,,GAMM-797,18,,osmosis,gamm/pool/797,native,2024-07-23T14:47:57.702Z,2024-03-18T22:43:15.451634,false,chain-metadata
osmosis,gamm/pool/812,,,GAMM-812,18,,osmosis,gamm/pool/812,native,2024-07-23T14:47:57.702Z,2024-03-18T22:43:15.451634,false,chain-metadata
osmosis,gamm/pool/836,,,GAMM-836,18,,osmosis,gamm/pool/836,native,2024-07-23T14:47:57.702Z,2024-03-18T22:43:15.451634,false,chain-metadata
osmosis,gamm/pool/851,,,GAMM-851,18,,osmosis,gamm/pool/851,native,2024-07-23T14:47:57.702Z,2024-03-18T22:43:15.451634,false,chain-metadata
osmosis,gamm/pool/838,,,GAMM-838,18,,osmosis,gamm/pool/838,native,2024-07-23T14:47:57.702Z,2024-03-18T22:43:15.451634,false,chain-metadata
osmosis,gamm/pool/841,,,GAMM-841,18,,osmosis,gamm/pool/841,native,2024-07-23T14:47:57.702Z,2024-03-18T22:43:15.451634,false,chain-metadata
osmosis,gamm/pool/83,,,GAMM-83,18,,osmosis,gamm/pool/83,native,2024-07-23T14:47:57.702Z,2024-03-18T22:43:15.451634,false,chain-metadata
osmosis,gamm/pool/849,,,GAMM-849,18,,osmosis,gamm/pool/849,native,2024-07-23T14:47:57.702Z,2024-03-18T22:43:15.451634,false,chain-metadata
osmosis,gamm/pool/844,,,GAMM-844,18,,osmosis,gamm/pool/844,native,2024-07-23T14:47:57.702Z,2024-03-18T22:43:15.451634,false,chain-metadata
osmosis,gamm/pool/847,,,GAMM-847,18,,osmosis,gamm/pool/847,native,2024-07-23T14:47:57.702Z,2024-03-18T22:43:15.451634,false,chain-metadata
osmosis,gamm/pool/809,,,GAMM-809,18,,osmosis,gamm/pool/809,native,2024-07-23T14:47:57.702Z,2024-03-18T22:43:15.451634,false,chain-metadata
osmosis,gamm/pool/839,,,GAMM-839,18,,osmosis,gamm/pool/839,native,2024-07-23T14:47:57.702Z,2024-03-18T22:43:15.451634,false,chain-metadata
osmosis,gamm/pool/816,,,GAMM-816,18,,osmosis,gamm/pool/816,native,2024-07-23T14:47:57.702Z,2024-03-18T22:43:15.451634,false,chain-metadata
osmosis,gamm/pool/804,,,GAMM-804,18,,osmosis,gamm/pool/804,native,2024-07-23T14:47:57.702Z,2024-03-18T22:43:15.451634,false,chain-metadata
osmosis,gamm/pool/837,,,GAMM-837,18,,osmosis,gamm/pool/837,native,2024-07-23T14:47:57.702Z,2024-03-18T22:43:15.451634,false,chain-metadata
osmosis,gamm/pool/815,,,GAMM-815,18,,osmosis,gamm/pool/815,native,2024-07-23T14:47:57.702Z,2024-03-18T22:43:15.451634,false,chain-metadata
osmosis,gamm/pool/813,,,GAMM-813,18,,osmosis,gamm/pool/813,native,2024-07-23T14:47:57.702Z,2024-03-18T22:43:15.451634,false,chain-metadata
osmosis,gamm/pool/830,,,GAMM-830,18,,osmosis,gamm/pool/830,native,2024-07-23T14:47:57.702Z,2024-03-18T22:43:15.451634,false,chain-metadata
osmosis,gamm/pool/858,,,GAMM-858,18,,osmosis,gamm/pool/858,native,2024-07-23T14:47:57.702Z,2024-03-18T22:43:15.451634,false,chain-metadata
osmosis,gamm/pool/828,,,GAMM-828,18,,osmosis,gamm/pool/828,native,2024-07-23T14:47:57.702Z,2024-03-18T22:43:15.451634,false,chain-metadata
osmosis,gamm/pool/893,,,GAMM-893,18,,osmosis,gamm/pool/893,native,2024-07-23T14:47:57.703Z,2024-03-18T22:43:15.451634,false,chain-metadata
osmosis,gamm/pool/877,,,GAMM-877,18,,osmosis,gamm/pool/877,native,2024-07-23T14:47:57.703Z,2024-03-18T22:43:15.451634,false,chain-metadata
osmosis,gamm/pool/919,,,GAMM-919,18,,osmosis,gamm/pool/919,native,2024-07-23T14:47:57.703Z,2024-03-18T22:43:15.451634,false,chain-metadata
osmosis,gamm/pool/900,,,GAMM-900,18,,osmosis,gamm/pool/900,native,2024-07-23T14:47:57.703Z,2024-03-18T22:43:15.451634,false,chain-metadata
osmosis,gamm/pool/892,,,GAMM-892,18,,osmosis,gamm/pool/892,native,2024-07-23T14:47:57.703Z,2024-03-18T22:43:15.451634,false,chain-metadata
osmosis,gamm/pool/876,,,GAMM-876,18,,osmosis,gamm/pool/876,native,2024-07-23T14:47:57.703Z,2024-03-18T22:43:15.451634,false,chain-metadata
osmosis,gamm/pool/910,,,GAMM-910,18,,osmosis,gamm/pool/910,native,2024-07-23T14:47:57.703Z,2024-03-18T22:43:15.451634,false,chain-metadata
osmosis,gamm/pool/909,,,GAMM-909,18,,osmosis,gamm/pool/909,native,2024-07-23T14:47:57.703Z,2024-03-18T22:43:15.451634,false,chain-metadata
osmosis,gamm/pool/894,,,GAMM-894,18,,osmosis,gamm/pool/894,native,2024-07-23T14:47:57.703Z,2024-03-18T22:43:15.451634,false,chain-metadata
osmosis,gamm/pool/905,,,GAMM-905,18,,osmosis,gamm/pool/905,native,2024-07-23T14:47:57.703Z,2024-03-18T22:43:15.451634,false,chain-metadata
osmosis,gamm/pool/890,,,GAMM-890,18,,osmosis,gamm/pool/890,native,2024-07-23T14:47:57.703Z,2024-03-18T22:43:15.451634,false,chain-metadata
osmosis,gamm/pool/880,,,GAMM-880,18,,osmosis,gamm/pool/880,native,2024-07-23T14:47:57.703Z,2024-03-18T22:43:15.451634,false,chain-metadata
osmosis,gamm/pool/874,,,GAMM-874,18,,osmosis,gamm/pool/874,native,2024-07-23T14:47:57.703Z,2024-03-18T22:43:15.451634,false,chain-metadata
osmosis,gamm/pool/895,,,GAMM-895,18,,osmosis,gamm/pool/895,native,2024-07-23T14:47:57.703Z,2024-03-18T22:43:15.451634,false,chain-metadata
osmosis,gamm/pool/87,,,GAMM-87,18,,osmosis,gamm/pool/87,native,2024-07-23T14:47:57.703Z,2024-03-18T22:43:15.451634,false,chain-metadata
osmosis,gamm/pool/907,,,GAMM-907,18,,osmosis,gamm/pool/907,native,2024-07-23T14:47:57.703Z,2024-03-18T22:43:15.451634,false,chain-metadata
osmosis,gamm/pool/859,,,GAMM-859,18,,osmosis,gamm/pool/859,native,2024-07-23T14:47:57.703Z,2024-03-18T22:43:15.451634,false,chain-metadata
osmosis,gamm/pool/878,,,GAMM-878,18,,osmosis,gamm/pool/878,native,2024-07-23T14:47:57.703Z,2024-03-18T22:43:15.451634,false,chain-metadata
osmosis,gamm/pool/867,,,GAMM-867,18,,osmosis,gamm/pool/867,native,2024-07-23T14:47:57.703Z,2024-03-18T22:43:15.451634,false,chain-metadata
osmosis,gamm/pool/902,,,GAMM-902,18,,osmosis,gamm/pool/902,native,2024-07-23T14:47:57.703Z,2024-03-18T22:43:15.451634,false,chain-metadata
osmosis,gamm/pool/885,,,GAMM-885,18,,osmosis,gamm/pool/885,native,2024-07-23T14:47:57.703Z,2024-03-18T22:43:15.451634,false,chain-metadata
osmosis,gamm/pool/90,,,GAMM-90,18,,osmosis,gamm/pool/90,native,2024-07-23T14:47:57.703Z,2024-03-18T22:43:15.451634,false,chain-metadata
osmosis,gamm/pool/886,,,GAMM-886,18,,osmosis,gamm/pool/886,native,2024-07-23T14:47:57.703Z,2024-03-18T22:43:15.451634,false,chain-metadata
osmosis,gamm/pool/917,,,GAMM-917,18,,osmosis,gamm/pool/917,native,2024-07-23T14:47:57.703Z,2024-03-18T22:43:15.451634,false,chain-metadata
osmosis,gamm/pool/879,,,GAMM-879,18,,osmosis,gamm/pool/879,native,2024-07-23T14:47:57.703Z,2024-03-18T22:43:15.451634,false,chain-metadata
osmosis,gamm/pool/889,,,GAMM-889,18,,osmosis,gamm/pool/889,native,2024-07-23T14:47:57.703Z,2024-03-18T22:43:15.451634,false,chain-metadata
osmosis,gamm/pool/916,,,GAMM-916,18,,osmosis,gamm/pool/916,native,2024-07-23T14:47:57.703Z,2024-03-18T22:43:15.451634,false,chain-metadata
osmosis,gamm/pool/866,,,GAMM-866,18,,osmosis,gamm/pool/866,native,2024-07-23T14:47:57.703Z,2024-03-18T22:43:15.451634,false,chain-metadata
osmosis,gamm/pool/903,,,GAMM-903,18,,osmosis,gamm/pool/903,native,2024-07-23T14:47:57.703Z,2024-03-18T22:43:15.451634,false,chain-metadata
osmosis,gamm/pool/915,,,GAMM-915,18,,osmosis,gamm/pool/915,native,2024-07-23T14:47:57.703Z,2024-03-18T22:43:15.451634,false,chain-metadata
osmosis,gamm/pool/88,,,GAMM-88,18,,osmosis,gamm/pool/88,native,2024-07-23T14:47:57.703Z,2024-03-18T22:43:15.451634,false,chain-metadata
osmosis,gamm/pool/868,,,GAMM-868,18,,osmosis,gamm/pool/868,native,2024-07-23T14:47:57.703Z,2024-03-18T22:43:15.451634,false,chain-metadata
osmosis,gamm/pool/884,,,GAMM-884,18,,osmosis,gamm/pool/884,native,2024-07-23T14:47:57.703Z,2024-03-18T22:43:15.451634,false,chain-metadata
osmosis,gamm/pool/911,,,GAMM-911,18,,osmosis,gamm/pool/911,native,2024-07-23T14:47:57.703Z,2024-03-18T22:43:15.451634,false,chain-metadata
osmosis,gamm/pool/881,,,GAMM-881,18,,osmosis,gamm/pool/881,native,2024-07-23T14:47:57.703Z,2024-03-18T22:43:15.451634,false,chain-metadata
osmosis,gamm/pool/882,,,GAMM-882,18,,osmosis,gamm/pool/882,native,2024-07-23T14:47:57.703Z,2024-03-18T22:43:15.451634,false,chain-metadata
osmosis,gamm/pool/906,,,GAMM-906,18,,osmosis,gamm/pool/906,native,2024-07-23T14:47:57.703Z,2024-03-18T22:43:15.451634,false,chain-metadata
osmosis,gamm/pool/891,,,GAMM-891,18,,osmosis,gamm/pool/891,native,2024-07-23T14:47:57.703Z,2024-03-18T22:43:15.451634,false,chain-metadata
osmosis,gamm/pool/908,,,GAMM-908,18,,osmosis,gamm/pool/908,native,2024-07-23T14:47:57.703Z,2024-03-18T22:43:15.451634,false,chain-metadata
osmosis,gamm/pool/904,,,GAMM-904,18,,osmosis,gamm/pool/904,native,2024-07-23T14:47:57.703Z,2024-03-18T22:43:15.451634,false,chain-metadata
osmosis,gamm/pool/888,,,GAMM-888,18,,osmosis,gamm/pool/888,native,2024-07-23T14:47:57.703Z,2024-03-18T22:43:15.451634,false,chain-metadata
osmosis,gamm/pool/864,,,GAMM-864,18,,osmosis,gamm/pool/864,native,2024-07-23T14:47:57.703Z,2024-03-18T22:43:15.451634,false,chain-metadata
osmosis,gamm/pool/899,,,GAMM-899,18,,osmosis,gamm/pool/899,native,2024-07-23T14:47:57.703Z,2024-03-18T22:43:15.451634,false,chain-metadata
osmosis,gamm/pool/871,,,GAMM-871,18,,osmosis,gamm/pool/871,native,2024-07-23T14:47:57.703Z,2024-03-18T22:43:15.451634,false,chain-metadata
osmosis,gamm/pool/86,,,GAMM-86,18,,osmosis,gamm/pool/86,native,2024-07-23T14:47:57.703Z,2024-03-18T22:43:15.451634,false,chain-metadata
osmosis,gamm/pool/89,,,GAMM-89,18,,osmosis,gamm/pool/89,native,2024-07-23T14:47:57.703Z,2024-03-18T22:43:15.451634,false,chain-metadata
osmosis,gamm/pool/918,,,GAMM-918,18,,osmosis,gamm/pool/918,native,2024-07-23T14:47:57.703Z,2024-03-18T22:43:15.451634,false,chain-metadata
osmosis,gamm/pool/91,,,GAMM-91,18,,osmosis,gamm/pool/91,native,2024-07-23T14:47:57.703Z,2024-03-18T22:43:15.451634,false,chain-metadata
osmosis,gamm/pool/861,,,GAMM-861,18,,osmosis,gamm/pool/861,native,2024-07-23T14:47:57.703Z,2024-03-18T22:43:15.451634,false,chain-metadata
osmosis,gamm/pool/897,,,GAMM-897,18,,osmosis,gamm/pool/897,native,2024-07-23T14:47:57.703Z,2024-03-18T22:43:15.451634,false,chain-metadata
osmosis,gamm/pool/873,,,GAMM-873,18,,osmosis,gamm/pool/873,native,2024-07-23T14:47:57.703Z,2024-03-18T22:43:15.451634,false,chain-metadata
osmosis,gamm/pool/860,,,GAMM-860,18,,osmosis,gamm/pool/860,native,2024-07-23T14:47:57.703Z,2024-03-18T22:43:15.451634,false,chain-metadata
osmosis,gamm/pool/9,,,GAMM-9,18,,osmosis,gamm/pool/9,native,2024-07-23T14:47:57.703Z,2024-03-18T22:43:15.451634,false,chain-metadata
osmosis,gamm/pool/913,,,GAMM-913,18,,osmosis,gamm/pool/913,native,2024-07-23T14:47:57.703Z,2024-03-18T22:43:15.451634,false,chain-metadata
osmosis,gamm/pool/870,,,GAMM-870,18,,osmosis,gamm/pool/870,native,2024-07-23T14:47:57.703Z,2024-03-18T22:43:15.451634,false,chain-metadata
osmosis,gamm/pool/863,,,GAMM-863,18,,osmosis,gamm/pool/863,native,2024-07-23T14:47:57.703Z,2024-03-18T22:43:15.451634,false,chain-metadata
osmosis,gamm/pool/875,,,GAMM-875,18,,osmosis,gamm/pool/875,native,2024-07-23T14:47:57.703Z,2024-03-18T22:43:15.451634,false,chain-metadata
osmosis,gamm/pool/912,,,GAMM-912,18,,osmosis,gamm/pool/912,native,2024-07-23T14:47:57.703Z,2024-03-18T22:43:15.451634,false,chain-metadata
osmosis,gamm/pool/898,,,GAMM-898,18,,osmosis,gamm/pool/898,native,2024-07-23T14:47:57.703Z,2024-03-18T22:43:15.451634,false,chain-metadata
osmosis,gamm/pool/883,,,GAMM-883,18,,osmosis,gamm/pool/883,native,2024-07-23T14:47:57.703Z,2024-03-18T22:43:15.451634,false,chain-metadata
osmosis,gamm/pool/914,,,GAMM-914,18,,osmosis,gamm/pool/914,native,2024-07-23T14:47:57.703Z,2024-03-18T22:43:15.451634,false,chain-metadata
osmosis,gamm/pool/862,,,GAMM-862,18,,osmosis,gamm/pool/862,native,2024-07-23T14:47:57.703Z,2024-03-18T22:43:15.451634,false,chain-metadata
osmosis,gamm/pool/872,,,GAMM-872,18,,osmosis,gamm/pool/872,native,2024-07-23T14:47:57.703Z,2024-03-18T22:43:15.451634,false,chain-metadata
osmosis,gamm/pool/869,,,GAMM-869,18,,osmosis,gamm/pool/869,native,2024-07-23T14:47:57.703Z,2024-03-18T22:43:15.451634,false,chain-metadata
osmosis,gamm/pool/896,,,GAMM-896,18,,osmosis,gamm/pool/896,native,2024-07-23T14:47:57.703Z,2024-03-18T22:43:15.451634,false,chain-metadata
osmosis,gamm/pool/887,,,GAMM-887,18,,osmosis,gamm/pool/887,native,2024-07-23T14:47:57.703Z,2024-03-18T22:43:15.451634,false,chain-metadata
osmosis,gamm/pool/865,,,GAMM-865,18,,osmosis,gamm/pool/865,native,2024-07-23T14:47:57.703Z,2024-03-18T22:43:15.451634,false,chain-metadata
osmosis,gamm/pool/901,,,GAMM-901,18,,osmosis,gamm/pool/901,native,2024-07-23T14:47:57.703Z,2024-03-18T22:43:15.451634,false,chain-metadata
osmosis,gamm/pool/933,,,GAMM-933,18,,osmosis,gamm/pool/933,native,2024-07-23T14:47:57.704Z,2024-03-18T22:43:15.451634,false,chain-metadata
osmosis,gamm/pool/960,,,GAMM-960,18,,osmosis,gamm/pool/960,native,2024-07-23T14:47:57.704Z,2024-03-18T22:43:15.451634,false,chain-metadata
osmosis,gamm/pool/924,,,GAMM-924,18,,osmosis,gamm/pool/924,native,2024-07-23T14:47:57.704Z,2024-03-18T22:43:15.451634,false,chain-metadata
osmosis,gamm/pool/958,,,GAMM-958,18,,osmosis,gamm/pool/958,native,2024-07-23T14:47:57.704Z,2024-03-18T22:43:15.451634,false,chain-metadata
osmosis,gamm/pool/963,,,GAMM-963,18,,osmosis,gamm/pool/963,native,2024-07-23T14:47:57.704Z,2024-03-18T22:43:15.451634,false,chain-metadata
osmosis,gamm/pool/92,,,GAMM-92,18,,osmosis,gamm/pool/92,native,2024-07-23T14:47:57.704Z,2024-03-18T22:43:15.451634,false,chain-metadata
osmosis,gamm/pool/934,,,GAMM-934,18,,osmosis,gamm/pool/934,native,2024-07-23T14:47:57.704Z,2024-03-18T22:43:15.451634,false,chain-metadata
osmosis,gamm/pool/977,,,GAMM-977,18,,osmosis,gamm/pool/977,native,2024-07-23T14:47:57.704Z,2024-03-18T22:43:15.451634,false,chain-metadata
osmosis,gamm/pool/923,,,GAMM-923,18,,osmosis,gamm/pool/923,native,2024-07-23T14:47:57.704Z,2024-03-18T22:43:15.451634,false,chain-metadata
osmosis,gamm/pool/950,,,GAMM-950,18,,osmosis,gamm/pool/950,native,2024-07-23T14:47:57.704Z,2024-03-18T22:43:15.451634,false,chain-metadata
osmosis,gamm/pool/93,,,GAMM-93,18,,osmosis,gamm/pool/93,native,2024-07-23T14:47:57.704Z,2024-03-18T22:43:15.451634,false,chain-metadata
osmosis,gamm/pool/941,,,GAMM-941,18,,osmosis,gamm/pool/941,native,2024-07-23T14:47:57.704Z,2024-03-18T22:43:15.451634,false,chain-metadata
osmosis,gamm/pool/953,,,GAMM-953,18,,osmosis,gamm/pool/953,native,2024-07-23T14:47:57.704Z,2024-03-18T22:43:15.451634,false,chain-metadata
osmosis,gamm/pool/937,,,GAMM-937,18,,osmosis,gamm/pool/937,native,2024-07-23T14:47:57.704Z,2024-03-18T22:43:15.451634,false,chain-metadata
osmosis,gamm/pool/969,,,GAMM-969,18,,osmosis,gamm/pool/969,native,2024-07-23T14:47:57.704Z,2024-03-18T22:43:15.451634,false,chain-metadata
osmosis,gamm/pool/957,,,GAMM-957,18,,osmosis,gamm/pool/957,native,2024-07-23T14:47:57.704Z,2024-03-18T22:43:15.451634,false,chain-metadata
osmosis,gamm/pool/97,,,GAMM-97,18,,osmosis,gamm/pool/97,native,2024-07-23T14:47:57.704Z,2024-03-18T22:43:15.451634,false,chain-metadata
osmosis,gamm/pool/929,,,GAMM-929,18,,osmosis,gamm/pool/929,native,2024-07-23T14:47:57.704Z,2024-03-18T22:43:15.451634,false,chain-metadata
osmosis,gamm/pool/970,,,GAMM-970,18,,osmosis,gamm/pool/970,native,2024-07-23T14:47:57.704Z,2024-03-18T22:43:15.451634,false,chain-metadata
osmosis,gamm/pool/95,,,GAMM-95,18,,osmosis,gamm/pool/95,native,2024-07-23T14:47:57.704Z,2024-03-18T22:43:15.451634,false,chain-metadata
osmosis,gamm/pool/926,,,GAMM-926,18,,osmosis,gamm/pool/926,native,2024-07-23T14:47:57.704Z,2024-03-18T22:43:15.451634,false,chain-metadata
osmosis,gamm/pool/936,,,GAMM-936,18,,osmosis,gamm/pool/936,native,2024-07-23T14:47:57.704Z,2024-03-18T22:43:15.451634,false,chain-metadata
osmosis,gamm/pool/972,,,GAMM-972,18,,osmosis,gamm/pool/972,native,2024-07-23T14:47:57.704Z,2024-03-18T22:43:15.451634,false,chain-metadata
osmosis,gamm/pool/942,,,GAMM-942,18,,osmosis,gamm/pool/942,native,2024-07-23T14:47:57.704Z,2024-03-18T22:43:15.451634,false,chain-metadata
osmosis,gamm/pool/930,,,GAMM-930,18,,osmosis,gamm/pool/930,native,2024-07-23T14:47:57.704Z,2024-03-18T22:43:15.451634,false,chain-metadata
osmosis,gamm/pool/940,,,GAMM-940,18,,osmosis,gamm/pool/940,native,2024-07-23T14:47:57.704Z,2024-03-18T22:43:15.451634,false,chain-metadata
osmosis,gamm/pool/962,,,GAMM-962,18,,osmosis,gamm/pool/962,native,2024-07-23T14:47:57.704Z,2024-03-18T22:43:15.451634,false,chain-metadata
osmosis,gamm/pool/931,,,GAMM-931,18,,osmosis,gamm/pool/931,native,2024-07-23T14:47:57.704Z,2024-03-18T22:43:15.451634,false,chain-metadata
osmosis,gamm/pool/965,,,GAMM-965,18,,osmosis,gamm/pool/965,native,2024-07-23T14:47:57.704Z,2024-03-18T22:43:15.451634,false,chain-metadata
osmosis,gamm/pool/928,,,GAMM-928,18,,osmosis,gamm/pool/928,native,2024-07-23T14:47:57.704Z,2024-03-18T22:43:15.451634,false,chain-metadata
osmosis,gamm/pool/946,,,GAMM-946,18,,osmosis,gamm/pool/946,native,2024-07-23T14:47:57.704Z,2024-03-18T22:43:15.451634,false,chain-metadata
osmosis,gamm/pool/975,,,GAMM-975,18,,osmosis,gamm/pool/975,native,2024-07-23T14:47:57.704Z,2024-03-18T22:43:15.451634,false,chain-metadata
osmosis,gamm/pool/932,,,GAMM-932,18,,osmosis,gamm/pool/932,native,2024-07-23T14:47:57.704Z,2024-03-18T22:43:15.451634,false,chain-metadata
osmosis,gamm/pool/976,,,GAMM-976,18,,osmosis,gamm/pool/976,native,2024-07-23T14:47:57.704Z,2024-03-18T22:43:15.451634,false,chain-metadata
osmosis,gamm/pool/938,,,GAMM-938,18,,osmosis,gamm/pool/938,native,2024-07-23T14:47:57.704Z,2024-03-18T22:43:15.451634,false,chain-metadata
osmosis,gamm/pool/971,,,GAMM-971,18,,osmosis,gamm/pool/971,native,2024-07-23T14:47:57.704Z,2024-03-18T22:43:15.451634,false,chain-metadata
osmosis,gamm/pool/943,,,GAMM-943,18,,osmosis,gamm/pool/943,native,2024-07-23T14:47:57.704Z,2024-03-18T22:43:15.451634,false,chain-metadata
osmosis,gamm/pool/964,,,GAMM-964,18,,osmosis,gamm/pool/964,native,2024-07-23T14:47:57.704Z,2024-03-18T22:43:15.451634,false,chain-metadata
osmosis,gamm/pool/945,,,GAMM-945,18,,osmosis,gamm/pool/945,native,2024-07-23T14:47:57.704Z,2024-03-18T22:43:15.451634,false,chain-metadata
osmosis,gamm/pool/959,,,GAMM-959,18,,osmosis,gamm/pool/959,native,2024-07-23T14:47:57.704Z,2024-03-18T22:43:15.451634,false,chain-metadata
osmosis,gamm/pool/922,,,GAMM-922,18,,osmosis,gamm/pool/922,native,2024-07-23T14:47:57.704Z,2024-03-18T22:43:15.451634,false,chain-metadata
osmosis,gamm/pool/948,,,GAMM-948,18,,osmosis,gamm/pool/948,native,2024-07-23T14:47:57.704Z,2024-03-18T22:43:15.451634,false,chain-metadata
osmosis,gamm/pool/927,,,GAMM-927,18,,osmosis,gamm/pool/927,native,2024-07-23T14:47:57.704Z,2024-03-18T22:43:15.451634,false,chain-metadata
osmosis,gamm/pool/944,,,GAMM-944,18,,osmosis,gamm/pool/944,native,2024-07-23T14:47:57.704Z,2024-03-18T22:43:15.451634,false,chain-metadata
osmosis,gamm/pool/968,,,GAMM-968,18,,osmosis,gamm/pool/968,native,2024-07-23T14:47:57.704Z,2024-03-18T22:43:15.451634,false,chain-metadata
osmosis,gamm/pool/955,,,GAMM-955,18,,osmosis,gamm/pool/955,native,2024-07-23T14:47:57.704Z,2024-03-18T22:43:15.451634,false,chain-metadata
osmosis,gamm/pool/956,,,GAMM-956,18,,osmosis,gamm/pool/956,native,2024-07-23T14:47:57.704Z,2024-03-18T22:43:15.451634,false,chain-metadata
osmosis,gamm/pool/935,,,GAMM-935,18,,osmosis,gamm/pool/935,native,2024-07-23T14:47:57.704Z,2024-03-18T22:43:15.451634,false,chain-metadata
osmosis,gamm/pool/954,,,GAMM-954,18,,osmosis,gamm/pool/954,native,2024-07-23T14:47:57.704Z,2024-03-18T22:43:15.451634,false,chain-metadata
osmosis,gamm/pool/94,,,GAMM-94,18,,osmosis,gamm/pool/94,native,2024-07-23T14:47:57.704Z,2024-03-18T22:43:15.451634,false,chain-metadata
osmosis,gamm/pool/973,,,GAMM-973,18,,osmosis,gamm/pool/973,native,2024-07-23T14:47:57.704Z,2024-03-18T22:43:15.451634,false,chain-metadata
osmosis,gamm/pool/920,,,GAMM-920,18,,osmosis,gamm/pool/920,native,2024-07-23T14:47:57.704Z,2024-03-18T22:43:15.451634,false,chain-metadata
osmosis,gamm/pool/921,,,GAMM-921,18,,osmosis,gamm/pool/921,native,2024-07-23T14:47:57.704Z,2024-03-18T22:43:15.451634,false,chain-metadata
osmosis,gamm/pool/925,,,GAMM-925,18,,osmosis,gamm/pool/925,native,2024-07-23T14:47:57.704Z,2024-03-18T22:43:15.451634,false,chain-metadata
osmosis,gamm/pool/961,,,GAMM-961,18,,osmosis,gamm/pool/961,native,2024-07-23T14:47:57.704Z,2024-03-18T22:43:15.451634,false,chain-metadata
osmosis,gamm/pool/952,,,GAMM-952,18,,osmosis,gamm/pool/952,native,2024-07-23T14:47:57.704Z,2024-03-18T22:43:15.451634,false,chain-metadata
osmosis,gamm/pool/949,,,GAMM-949,18,,osmosis,gamm/pool/949,native,2024-07-23T14:47:57.704Z,2024-03-18T22:43:15.451634,false,chain-metadata
osmosis,gamm/pool/96,,,GAMM-96,18,,osmosis,gamm/pool/96,native,2024-07-23T14:47:57.704Z,2024-03-18T22:43:15.451634,false,chain-metadata
osmosis,gamm/pool/939,,,GAMM-939,18,,osmosis,gamm/pool/939,native,2024-07-23T14:47:57.704Z,2024-03-18T22:43:15.451634,false,chain-metadata
osmosis,gamm/pool/974,,,GAMM-974,18,,osmosis,gamm/pool/974,native,2024-07-23T14:47:57.704Z,2024-03-18T22:43:15.451634,false,chain-metadata
osmosis,gamm/pool/951,,,GAMM-951,18,,osmosis,gamm/pool/951,native,2024-07-23T14:47:57.704Z,2024-03-18T22:43:15.451634,false,chain-metadata
osmosis,gamm/pool/967,,,GAMM-967,18,,osmosis,gamm/pool/967,native,2024-07-23T14:47:57.704Z,2024-03-18T22:43:15.451634,false,chain-metadata
osmosis,gamm/pool/966,,,GAMM-966,18,,osmosis,gamm/pool/966,native,2024-07-23T14:47:57.704Z,2024-03-18T22:43:15.451634,false,chain-metadata
osmosis,gamm/pool/947,,,GAMM-947,18,,osmosis,gamm/pool/947,native,2024-07-23T14:47:57.704Z,2024-03-18T22:43:15.451634,false,chain-metadata
osmosis,gamm/pool/980,,,GAMM-980,18,,osmosis,gamm/pool/980,native,2024-07-23T14:47:57.705Z,2024-03-18T22:43:15.451634,false,chain-metadata
osmosis,gamm/pool/988,,,GAMM-988,18,,osmosis,gamm/pool/988,native,2024-07-23T14:47:57.705Z,2024-03-18T22:43:15.451634,false,chain-metadata
osmosis,gamm/pool/999,,,GAMM-999,18,,osmosis,gamm/pool/999,native,2024-07-23T14:47:57.705Z,2024-03-18T22:43:15.451634,false,chain-metadata
osmosis,gamm/pool/996,,,GAMM-996,18,,osmosis,gamm/pool/996,native,2024-07-23T14:47:57.705Z,2024-03-18T22:43:15.451634,false,chain-metadata
osmosis,gamm/pool/983,,,GAMM-983,18,,osmosis,gamm/pool/983,native,2024-07-23T14:47:57.705Z,2024-03-18T22:43:15.451634,false,chain-metadata
osmosis,gamm/pool/984,,,GAMM-984,18,,osmosis,gamm/pool/984,native,2024-07-23T14:47:57.705Z,2024-03-18T22:43:15.451634,false,chain-metadata
osmosis,gamm/pool/990,,,GAMM-990,18,,osmosis,gamm/pool/990,native,2024-07-23T14:47:57.705Z,2024-03-18T22:43:15.451634,false,chain-metadata
osmosis,gamm/pool/993,,,GAMM-993,18,,osmosis,gamm/pool/993,native,2024-07-23T14:47:57.705Z,2024-03-18T22:43:15.451634,false,chain-metadata
osmosis,gamm/pool/981,,,GAMM-981,18,,osmosis,gamm/pool/981,native,2024-07-23T14:47:57.705Z,2024-03-18T22:43:15.451634,false,chain-metadata
osmosis,gamm/pool/992,,,GAMM-992,18,,osmosis,gamm/pool/992,native,2024-07-23T14:47:57.705Z,2024-03-18T22:43:15.451634,false,chain-metadata
osmosis,gamm/pool/986,,,GAMM-986,18,,osmosis,gamm/pool/986,native,2024-07-23T14:47:57.705Z,2024-03-18T22:43:15.451634,false,chain-metadata
osmosis,gamm/pool/979,,,GAMM-979,18,,osmosis,gamm/pool/979,native,2024-07-23T14:47:57.705Z,2024-03-18T22:43:15.451634,false,chain-metadata
osmosis,gamm/pool/985,,,GAMM-985,18,,osmosis,gamm/pool/985,native,2024-07-23T14:47:57.705Z,2024-03-18T22:43:15.451634,false,chain-metadata
osmosis,gamm/pool/995,,,GAMM-995,18,,osmosis,gamm/pool/995,native,2024-07-23T14:47:57.705Z,2024-03-18T22:43:15.451634,false,chain-metadata
osmosis,gamm/pool/982,,,GAMM-982,18,,osmosis,gamm/pool/982,native,2024-07-23T14:47:57.705Z,2024-03-18T22:43:15.451634,false,chain-metadata
osmosis,gamm/pool/987,,,GAMM-987,18,,osmosis,gamm/pool/987,native,2024-07-23T14:47:57.705Z,2024-03-18T22:43:15.451634,false,chain-metadata
osmosis,gamm/pool/99,,,GAMM-99,18,,osmosis,gamm/pool/99,native,2024-07-23T14:47:57.705Z,2024-03-18T22:43:15.451634,false,chain-metadata
osmosis,gamm/pool/997,,,GAMM-997,18,,osmosis,gamm/pool/997,native,2024-07-23T14:47:57.705Z,2024-03-18T22:43:15.451634,false,chain-metadata
osmosis,gamm/pool/994,,,GAMM-994,18,,osmosis,gamm/pool/994,native,2024-07-23T14:47:57.705Z,2024-03-18T22:43:15.451634,false,chain-metadata
osmosis,gamm/pool/991,,,GAMM-991,18,,osmosis,gamm/pool/991,native,2024-07-23T14:47:57.705Z,2024-03-18T22:43:15.451634,false,chain-metadata
osmosis,gamm/pool/978,,,GAMM-978,18,,osmosis,gamm/pool/978,native,2024-07-23T14:47:57.705Z,2024-03-18T22:43:15.451634,false,chain-metadata
osmosis,gamm/pool/989,,,GAMM-989,18,,osmosis,gamm/pool/989,native,2024-07-23T14:47:57.705Z,2024-03-18T22:43:15.451634,false,chain-metadata
osmosis,gamm/pool/998,,,GAMM-998,18,,osmosis,gamm/pool/998,native,2024-07-23T14:47:57.705Z,2024-03-18T22:43:15.451634,false,chain-metadata
osmosis,gamm/pool/98,,,GAMM-98,18,,osmosis,gamm/pool/98,native,2024-07-23T14:47:57.705Z,2024-03-18T22:43:15.451634,false,chain-metadata
osmosis,factory/osmo1q77cw0mmlluxu0wr29fcdd0tdnh78gzhkvhe4n6ulal9qvrtu43qtd0nh8/shitmos,Shitmos,SHITMOS,SHITMOS,6,,osmosis,factory/osmo1q77cw0mmlluxu0wr29fcdd0tdnh78gzhkvhe4n6ulal9qvrtu43qtd0nh8/shitmos,native,2024-07-22T16:56:22Z,2024-05-02T17:43:17.626000,false,osmosis-assetlist
osmosis,factory/osmo1q77cw0mmlluxu0wr29fcdd0tdnh78gzhkvhe4n6ulal9qvrtu43qtd0nh8/roids,ROIDS,ROIDS,factory/osmo1q77cw0mmlluxu0wr29fcdd0tdnh78gzhkvhe4n6ulal9qvrtu43qtd0nh8/roids,6,,osmosis,factory/osmo1q77cw0mmlluxu0wr29fcdd0tdnh78gzhkvhe4n6ulal9qvrtu43qtd0nh8/roids,native,2024-07-23T14:47:57.673Z,2024-05-02T17:43:17.626000,false,chain-metadata
osmosis,factory/osmo1q77cw0mmlluxu0wr29fcdd0tdnh78gzhkvhe4n6ulal9qvrtu43qtd0nh8/ptp,PepeTrump,PTP,factory/osmo1q77cw0mmlluxu0wr29fcdd0tdnh78gzhkvhe4n6ulal9qvrtu43qtd0nh8/ptp,6,,osmosis,factory/osmo1q77cw0mmlluxu0wr29fcdd0tdnh78gzhkvhe4n6ulal9qvrtu43qtd0nh8/ptp,native,2024-07-23T14:47:57.673Z,2024-05-02T17:43:17.626000,false,chain-metadata
osmosis,factory/osmo1q77cw0mmlluxu0wr29fcdd0tdnh78gzhkvhe4n6ulal9qvrtu43qtd0nh8/rswuf,RestakedAIdogWifDePINhat ,rsWUF,factory/osmo1q77cw0mmlluxu0wr29fcdd0tdnh78gzhkvhe4n6ulal9qvrtu43qtd0nh8/rswuf,6,,osmosis,factory/osmo1q77cw0mmlluxu0wr29fcdd0tdnh78gzhkvhe4n6ulal9qvrtu43qtd0nh8/rswuf,native,2024-07-23T14:47:57.673Z,2024-05-02T17:43:17.626000,false,chain-metadata
osmosis,factory/osmo1q77cw0mmlluxu0wr29fcdd0tdnh78gzhkvhe4n6ulal9qvrtu43qtd0nh8/ppk,Panicky Peacocks,PPK,factory/osmo1q77cw0mmlluxu0wr29fcdd0tdnh78gzhkvhe4n6ulal9qvrtu43qtd0nh8/ppk,6,,osmosis,factory/osmo1q77cw0mmlluxu0wr29fcdd0tdnh78gzhkvhe4n6ulal9qvrtu43qtd0nh8/ppk,native,2024-07-23T14:47:57.673Z,2024-05-02T17:43:17.626000,false,chain-metadata
osmosis,factory/osmo1q77cw0mmlluxu0wr29fcdd0tdnh78gzhkvhe4n6ulal9qvrtu43qtd0nh8/ricky,Rights to Ricky Sanchez Coin,RICKY,factory/osmo1q77cw0mmlluxu0wr29fcdd0tdnh78gzhkvhe4n6ulal9qvrtu43qtd0nh8/ricky,6,,osmosis,factory/osmo1q77cw0mmlluxu0wr29fcdd0tdnh78gzhkvhe4n6ulal9qvrtu43qtd0nh8/ricky,native,2024-07-23T14:47:57.673Z,2024-05-02T17:43:17.626000,false,chain-metadata
osmosis,factory/osmo1q77cw0mmlluxu0wr29fcdd0tdnh78gzhkvhe4n6ulal9qvrtu43qtd0nh8/rick,RICKN,RICK,factory/osmo1q77cw0mmlluxu0wr29fcdd0tdnh78gzhkvhe4n6ulal9qvrtu43qtd0nh8/rick,6,,osmosis,factory/osmo1q77cw0mmlluxu0wr29fcdd0tdnh78gzhkvhe4n6ulal9qvrtu43qtd0nh8/rick,native,2024-07-23T14:47:57.673Z,2024-05-02T17:43:17.626000,false,chain-metadata
osmosis,factory/osmo1q77cw0mmlluxu0wr29fcdd0tdnh78gzhkvhe4n6ulal9qvrtu43qtd0nh8/psy,Psy Meme,PSY,factory/osmo1q77cw0mmlluxu0wr29fcdd0tdnh78gzhkvhe4n6ulal9qvrtu43qtd0nh8/psy,6,,osmosis,factory/osmo1q77cw0mmlluxu0wr29fcdd0tdnh78gzhkvhe4n6ulal9qvrtu43qtd0nh8/psy,native,2024-07-23T14:47:57.673Z,2024-05-02T17:43:17.626000,false,chain-metadata
osmosis,factory/osmo1q77cw0mmlluxu0wr29fcdd0tdnh78gzhkvhe4n6ulal9qvrtu43qtd0nh8/rpepe,Real Pepe,RPEPE,factory/osmo1q77cw0mmlluxu0wr29fcdd0tdnh78gzhkvhe4n6ulal9qvrtu43qtd0nh8/rpepe,6,,osmosis,factory/osmo1q77cw0mmlluxu0wr29fcdd0tdnh78gzhkvhe4n6ulal9qvrtu43qtd0nh8/rpepe,native,2024-07-23T14:47:57.673Z,2024-05-02T17:43:17.626000,false,chain-metadata
osmosis,factory/osmo1q77cw0mmlluxu0wr29fcdd0tdnh78gzhkvhe4n6ulal9qvrtu43qtd0nh8/rab,WormholeRabbit,RAB,factory/osmo1q77cw0mmlluxu0wr29fcdd0tdnh78gzhkvhe4n6ulal9qvrtu43qtd0nh8/rab,6,,osmosis,factory/osmo1q77cw0mmlluxu0wr29fcdd0tdnh78gzhkvhe4n6ulal9qvrtu43qtd0nh8/rab,native,2024-07-23T14:47:57.673Z,2024-05-02T17:43:17.626000,false,chain-metadata
osmosis,factory/osmo1q77cw0mmlluxu0wr29fcdd0tdnh78gzhkvhe4n6ulal9qvrtu43qtd0nh8/praisethesunny,PraiseTheSunny,PRAISETHESUNNY,factory/osmo1q77cw0mmlluxu0wr29fcdd0tdnh78gzhkvhe4n6ulal9qvrtu43qtd0nh8/praisethesunny,6,,osmosis,factory/osmo1q77cw0mmlluxu0wr29fcdd0tdnh78gzhkvhe4n6ulal9qvrtu43qtd0nh8/praisethesunny,native,2024-07-23T14:47:57.673Z,2024-05-02T17:43:17.626000,false,chain-metadata
osmosis,factory/osmo1q77cw0mmlluxu0wr29fcdd0tdnh78gzhkvhe4n6ulal9qvrtu43qtd0nh8/ppc,PIPCAT,PPC,factory/osmo1q77cw0mmlluxu0wr29fcdd0tdnh78gzhkvhe4n6ulal9qvrtu43qtd0nh8/ppc,6,,osmosis,factory/osmo1q77cw0mmlluxu0wr29fcdd0tdnh78gzhkvhe4n6ulal9qvrtu43qtd0nh8/ppc,native,2024-07-23T14:47:57.673Z,2024-05-02T17:43:17.626000,false,chain-metadata
osmosis,factory/osmo1q77cw0mmlluxu0wr29fcdd0tdnh78gzhkvhe4n6ulal9qvrtu43qtd0nh8/rizz,SkibidiFortniteOhioRizzlerINU,RIZZ,factory/osmo1q77cw0mmlluxu0wr29fcdd0tdnh78gzhkvhe4n6ulal9qvrtu43qtd0nh8/rizz,6,,osmosis,factory/osmo1q77cw0mmlluxu0wr29fcdd0tdnh78gzhkvhe4n6ulal9qvrtu43qtd0nh8/rizz,native,2024-07-23T14:47:57.673Z,2024-05-02T17:43:17.626000,false,chain-metadata
osmosis,factory/osmo1q77cw0mmlluxu0wr29fcdd0tdnh78gzhkvhe4n6ulal9qvrtu43qtd0nh8/ptz,petyazalupa,ptz,factory/osmo1q77cw0mmlluxu0wr29fcdd0tdnh78gzhkvhe4n6ulal9qvrtu43qtd0nh8/ptz,6,,osmosis,factory/osmo1q77cw0mmlluxu0wr29fcdd0tdnh78gzhkvhe4n6ulal9qvrtu43qtd0nh8/ptz,native,2024-07-23T14:47:57.673Z,2024-05-02T17:43:17.626000,false,chain-metadata
osmosis,factory/osmo1q77cw0mmlluxu0wr29fcdd0tdnh78gzhkvhe4n6ulal9qvrtu43qtd0nh8/shrimp,SHRIMP,SHRIMP,factory/osmo1q77cw0mmlluxu0wr29fcdd0tdnh78gzhkvhe4n6ulal9qvrtu43qtd0nh8/shrimp,6,,osmosis,factory/osmo1q77cw0mmlluxu0wr29fcdd0tdnh78gzhkvhe4n6ulal9qvrtu43qtd0nh8/shrimp,native,2024-07-23T14:47:57.674Z,2024-05-02T17:43:17.626000,false,chain-metadata
osmosis,factory/osmo1q77cw0mmlluxu0wr29fcdd0tdnh78gzhkvhe4n6ulal9qvrtu43qtd0nh8/skydive,Skydiver,Skydive,factory/osmo1q77cw0mmlluxu0wr29fcdd0tdnh78gzhkvhe4n6ulal9qvrtu43qtd0nh8/skydive,6,,osmosis,factory/osmo1q77cw0mmlluxu0wr29fcdd0tdnh78gzhkvhe4n6ulal9qvrtu43qtd0nh8/skydive,native,2024-07-23T14:47:57.674Z,2024-05-02T17:43:17.626000,false,chain-metadata
osmosis,factory/osmo1q77cw0mmlluxu0wr29fcdd0tdnh78gzhkvhe4n6ulal9qvrtu43qtd0nh8/skydiver,Skydiver,Skydiver,factory/osmo1q77cw0mmlluxu0wr29fcdd0tdnh78gzhkvhe4n6ulal9qvrtu43qtd0nh8/skydiver,6,,osmosis,factory/osmo1q77cw0mmlluxu0wr29fcdd0tdnh78gzhkvhe4n6ulal9qvrtu43qtd0nh8/skydiver,native,2024-07-23T14:47:57.674Z,2024-05-02T17:43:17.626000,false,chain-metadata
osmosis,factory/osmo1q77cw0mmlluxu0wr29fcdd0tdnh78gzhkvhe4n6ulal9qvrtu43qtd0nh8/shy,shyhulud,shy,factory/osmo1q77cw0mmlluxu0wr29fcdd0tdnh78gzhkvhe4n6ulal9qvrtu43qtd0nh8/shy,6,,osmosis,factory/osmo1q77cw0mmlluxu0wr29fcdd0tdnh78gzhkvhe4n6ulal9qvrtu43qtd0nh8/shy,native,2024-07-23T14:47:57.674Z,2024-05-02T17:43:17.626000,false,chain-metadata
osmosis,factory/osmo1q77cw0mmlluxu0wr29fcdd0tdnh78gzhkvhe4n6ulal9qvrtu43qtd0nh8/rush,ruhruh2,rush,factory/osmo1q77cw0mmlluxu0wr29fcdd0tdnh78gzhkvhe4n6ulal9qvrtu43qtd0nh8/rush,6,,osmosis,factory/osmo1q77cw0mmlluxu0wr29fcdd0tdnh78gzhkvhe4n6ulal9qvrtu43qtd0nh8/rush,native,2024-07-23T14:47:57.674Z,2024-05-02T17:43:17.626000,false,chain-metadata
osmosis,factory/osmo1q77cw0mmlluxu0wr29fcdd0tdnh78gzhkvhe4n6ulal9qvrtu43qtd0nh8/rwgold,RealWorldGold,RWGOLD,factory/osmo1q77cw0mmlluxu0wr29fcdd0tdnh78gzhkvhe4n6ulal9qvrtu43qtd0nh8/rwgold,6,,osmosis,factory/osmo1q77cw0mmlluxu0wr29fcdd0tdnh78gzhkvhe4n6ulal9qvrtu43qtd0nh8/rwgold,native,2024-07-23T14:47:57.674Z,2024-05-02T17:43:17.626000,false,chain-metadata
osmosis,factory/osmo1q77cw0mmlluxu0wr29fcdd0tdnh78gzhkvhe4n6ulal9qvrtu43qtd0nh8/sgn,SunGodNika,SGN,factory/osmo1q77cw0mmlluxu0wr29fcdd0tdnh78gzhkvhe4n6ulal9qvrtu43qtd0nh8/sgn,6,,osmosis,factory/osmo1q77cw0mmlluxu0wr29fcdd0tdnh78gzhkvhe4n6ulal9qvrtu43qtd0nh8/sgn,native,2024-07-23T14:47:57.674Z,2024-05-02T17:43:17.626000,false,chain-metadata
osmosis,factory/osmo1q77cw0mmlluxu0wr29fcdd0tdnh78gzhkvhe4n6ulal9qvrtu43qtd0nh8/sec,SEC,SEC,factory/osmo1q77cw0mmlluxu0wr29fcdd0tdnh78gzhkvhe4n6ulal9qvrtu43qtd0nh8/sec,6,,osmosis,factory/osmo1q77cw0mmlluxu0wr29fcdd0tdnh78gzhkvhe4n6ulal9qvrtu43qtd0nh8/sec,native,2024-07-23T14:47:57.674Z,2024-05-02T17:43:17.626000,false,chain-metadata
osmosis,factory/osmo1q77cw0mmlluxu0wr29fcdd0tdnh78gzhkvhe4n6ulal9qvrtu43qtd0nh8/solana,COOKSol,SOLANA,factory/osmo1q77cw0mmlluxu0wr29fcdd0tdnh78gzhkvhe4n6ulal9qvrtu43qtd0nh8/solana,6,,osmosis,factory/osmo1q77cw0mmlluxu0wr29fcdd0tdnh78gzhkvhe4n6ulal9qvrtu43qtd0nh8/solana,native,2024-07-23T14:47:57.675Z,2024-05-02T17:43:17.626000,false,chain-metadata
osmosis,factory/osmo1q77cw0mmlluxu0wr29fcdd0tdnh78gzhkvhe4n6ulal9qvrtu43qtd0nh8/spk,Spiker,spk,factory/osmo1q77cw0mmlluxu0wr29fcdd0tdnh78gzhkvhe4n6ulal9qvrtu43qtd0nh8/spk,6,,osmosis,factory/osmo1q77cw0mmlluxu0wr29fcdd0tdnh78gzhkvhe4n6ulal9qvrtu43qtd0nh8/spk,native,2024-07-23T14:47:57.675Z,2024-05-02T17:43:17.626000,false,chain-metadata
osmosis,factory/osmo1q77cw0mmlluxu0wr29fcdd0tdnh78gzhkvhe4n6ulal9qvrtu43qtd0nh8/stw,STARWARS Imperial token,STW,factory/osmo1q77cw0mmlluxu0wr29fcdd0tdnh78gzhkvhe4n6ulal9qvrtu43qtd0nh8/stw,6,,osmosis,factory/osmo1q77cw0mmlluxu0wr29fcdd0tdnh78gzhkvhe4n6ulal9qvrtu43qtd0nh8/stw,native,2024-07-23T14:47:57.675Z,2024-05-02T17:43:17.626000,false,chain-metadata
osmosis,factory/osmo1q77cw0mmlluxu0wr29fcdd0tdnh78gzhkvhe4n6ulal9qvrtu43qtd0nh8/spc,Space cake,SPC,factory/osmo1q77cw0mmlluxu0wr29fcdd0tdnh78gzhkvhe4n6ulal9qvrtu43qtd0nh8/spc,6,,osmosis,factory/osmo1q77cw0mmlluxu0wr29fcdd0tdnh78gzhkvhe4n6ulal9qvrtu43qtd0nh8/spc,native,2024-07-23T14:47:57.675Z,2024-05-02T17:43:17.626000,false,chain-metadata
osmosis,factory/osmo1q77cw0mmlluxu0wr29fcdd0tdnh78gzhkvhe4n6ulal9qvrtu43qtd0nh8/snow,SNOW,SNOW,factory/osmo1q77cw0mmlluxu0wr29fcdd0tdnh78gzhkvhe4n6ulal9qvrtu43qtd0nh8/snow,6,,osmosis,factory/osmo1q77cw0mmlluxu0wr29fcdd0tdnh78gzhkvhe4n6ulal9qvrtu43qtd0nh8/snow,native,2024-07-23T14:47:57.675Z,2024-05-02T17:43:17.626000,false,chain-metadata
osmosis,factory/osmo1q77cw0mmlluxu0wr29fcdd0tdnh78gzhkvhe4n6ulal9qvrtu43qtd0nh8/tao,Bittensor,TAO,factory/osmo1q77cw0mmlluxu0wr29fcdd0tdnh78gzhkvhe4n6ulal9qvrtu43qtd0nh8/tao,6,,osmosis,factory/osmo1q77cw0mmlluxu0wr29fcdd0tdnh78gzhkvhe4n6ulal9qvrtu43qtd0nh8/tao,native,2024-07-23T14:47:57.675Z,2024-05-02T17:43:17.626000,false,chain-metadata
osmosis,factory/osmo1q77cw0mmlluxu0wr29fcdd0tdnh78gzhkvhe4n6ulal9qvrtu43qtd0nh8/sss,Spicy Spicy Slices,SSS,factory/osmo1q77cw0mmlluxu0wr29fcdd0tdnh78gzhkvhe4n6ulal9qvrtu43qtd0nh8/sss,6,,osmosis,factory/osmo1q77cw0mmlluxu0wr29fcdd0tdnh78gzhkvhe4n6ulal9qvrtu43qtd0nh8/sss,native,2024-07-23T14:47:57.675Z,2024-05-02T17:43:17.626000,false,chain-metadata
osmosis,factory/osmo1q77cw0mmlluxu0wr29fcdd0tdnh78gzhkvhe4n6ulal9qvrtu43qtd0nh8/smo,SMONKEY,SMO,factory/osmo1q77cw0mmlluxu0wr29fcdd0tdnh78gzhkvhe4n6ulal9qvrtu43qtd0nh8/smo,6,,osmosis,factory/osmo1q77cw0mmlluxu0wr29fcdd0tdnh78gzhkvhe4n6ulal9qvrtu43qtd0nh8/smo,native,2024-07-23T14:47:57.675Z,2024-05-02T17:43:17.626000,false,chain-metadata
osmosis,factory/osmo1q77cw0mmlluxu0wr29fcdd0tdnh78gzhkvhe4n6ulal9qvrtu43qtd0nh8/sor,SoulReaper,SOR,factory/osmo1q77cw0mmlluxu0wr29fcdd0tdnh78gzhkvhe4n6ulal9qvrtu43qtd0nh8/sor,6,,osmosis,factory/osmo1q77cw0mmlluxu0wr29fcdd0tdnh78gzhkvhe4n6ulal9qvrtu43qtd0nh8/sor,native,2024-07-23T14:47:57.675Z,2024-05-02T17:43:17.626000,false,chain-metadata
osmosis,factory/osmo1q77cw0mmlluxu0wr29fcdd0tdnh78gzhkvhe4n6ulal9qvrtu43qtd0nh8/slz,solelupus,SLZ,factory/osmo1q77cw0mmlluxu0wr29fcdd0tdnh78gzhkvhe4n6ulal9qvrtu43qtd0nh8/slz,6,,osmosis,factory/osmo1q77cw0mmlluxu0wr29fcdd0tdnh78gzhkvhe4n6ulal9qvrtu43qtd0nh8/slz,native,2024-07-23T14:47:57.675Z,2024-05-02T17:43:17.626000,false,chain-metadata
osmosis,factory/osmo1q77cw0mmlluxu0wr29fcdd0tdnh78gzhkvhe4n6ulal9qvrtu43qtd0nh8/sushi,Sushi,Sushi,factory/osmo1q77cw0mmlluxu0wr29fcdd0tdnh78gzhkvhe4n6ulal9qvrtu43qtd0nh8/sushi,6,,osmosis,factory/osmo1q77cw0mmlluxu0wr29fcdd0tdnh78gzhkvhe4n6ulal9qvrtu43qtd0nh8/sushi,native,2024-07-23T14:47:57.675Z,2024-05-02T17:43:17.626000,false,chain-metadata
osmosis,factory/osmo1q77cw0mmlluxu0wr29fcdd0tdnh78gzhkvhe4n6ulal9qvrtu43qtd0nh8/stake,Stakecito,Stake,factory/osmo1q77cw0mmlluxu0wr29fcdd0tdnh78gzhkvhe4n6ulal9qvrtu43qtd0nh8/stake,6,,osmosis,factory/osmo1q77cw0mmlluxu0wr29fcdd0tdnh78gzhkvhe4n6ulal9qvrtu43qtd0nh8/stake,native,2024-07-23T14:47:57.675Z,2024-05-02T17:43:17.626000,false,chain-metadata
osmosis,factory/osmo1q77cw0mmlluxu0wr29fcdd0tdnh78gzhkvhe4n6ulal9qvrtu43qtd0nh8/spice,SPICES,SPICE,factory/osmo1q77cw0mmlluxu0wr29fcdd0tdnh78gzhkvhe4n6ulal9qvrtu43qtd0nh8/spice,6,,osmosis,factory/osmo1q77cw0mmlluxu0wr29fcdd0tdnh78gzhkvhe4n6ulal9qvrtu43qtd0nh8/spice,native,2024-07-23T14:47:57.675Z,2024-05-02T17:43:17.626000,false,chain-metadata
osmosis,factory/osmo1q77cw0mmlluxu0wr29fcdd0tdnh78gzhkvhe4n6ulal9qvrtu43qtd0nh8/spy,spyform,SPY,factory/osmo1q77cw0mmlluxu0wr29fcdd0tdnh78gzhkvhe4n6ulal9qvrtu43qtd0nh8/spy,6,,osmosis,factory/osmo1q77cw0mmlluxu0wr29fcdd0tdnh78gzhkvhe4n6ulal9qvrtu43qtd0nh8/spy,native,2024-07-23T14:47:57.675Z,2024-05-02T17:43:17.626000,false,chain-metadata
osmosis,factory/osmo1q77cw0mmlluxu0wr29fcdd0tdnh78gzhkvhe4n6ulal9qvrtu43qtd0nh8/sugma,SUGMA,SUGMA,factory/osmo1q77cw0mmlluxu0wr29fcdd0tdnh78gzhkvhe4n6ulal9qvrtu43qtd0nh8/sugma,6,,osmosis,factory/osmo1q77cw0mmlluxu0wr29fcdd0tdnh78gzhkvhe4n6ulal9qvrtu43qtd0nh8/sugma,native,2024-07-23T14:47:57.675Z,2024-05-02T17:43:17.626000,false,chain-metadata
osmosis,factory/osmo1q77cw0mmlluxu0wr29fcdd0tdnh78gzhkvhe4n6ulal9qvrtu43qtd0nh8/ssw,Shitshow,SSW,factory/osmo1q77cw0mmlluxu0wr29fcdd0tdnh78gzhkvhe4n6ulal9qvrtu43qtd0nh8/ssw,6,,osmosis,factory/osmo1q77cw0mmlluxu0wr29fcdd0tdnh78gzhkvhe4n6ulal9qvrtu43qtd0nh8/ssw,native,2024-07-23T14:47:57.675Z,2024-05-02T17:43:17.626000,false,chain-metadata
osmosis,factory/osmo1q77cw0mmlluxu0wr29fcdd0tdnh78gzhkvhe4n6ulal9qvrtu43qtd0nh8/tsdy,TheSoundDevolutionYear,tsdy,factory/osmo1q77cw0mmlluxu0wr29fcdd0tdnh78gzhkvhe4n6ulal9qvrtu43qtd0nh8/tsdy,6,,osmosis,factory/osmo1q77cw0mmlluxu0wr29fcdd0tdnh78gzhkvhe4n6ulal9qvrtu43qtd0nh8/tsdy,native,2024-07-23T14:47:57.676Z,2024-05-02T17:43:17.626000,false,chain-metadata
osmosis,factory/osmo1q77cw0mmlluxu0wr29fcdd0tdnh78gzhkvhe4n6ulal9qvrtu43qtd0nh8/tsai,ToddSondgrothAquaManWaterInu,TSAI,factory/osmo1q77cw0mmlluxu0wr29fcdd0tdnh78gzhkvhe4n6ulal9qvrtu43qtd0nh8/tsai,6,,osmosis,factory/osmo1q77cw0mmlluxu0wr29fcdd0tdnh78gzhkvhe4n6ulal9qvrtu43qtd0nh8/tsai,native,2024-07-23T14:47:57.676Z,2024-05-02T17:43:17.626000,false,chain-metadata
osmosis,factory/osmo1q77cw0mmlluxu0wr29fcdd0tdnh78gzhkvhe4n6ulal9qvrtu43qtd0nh8/teh,Tethys,TEH,factory/osmo1q77cw0mmlluxu0wr29fcdd0tdnh78gzhkvhe4n6ulal9qvrtu43qtd0nh8/teh,6,,osmosis,factory/osmo1q77cw0mmlluxu0wr29fcdd0tdnh78gzhkvhe4n6ulal9qvrtu43qtd0nh8/teh,native,2024-07-23T14:47:57.676Z,2024-05-02T17:43:17.626000,false,chain-metadata
osmosis,factory/osmo1q77cw0mmlluxu0wr29fcdd0tdnh78gzhkvhe4n6ulal9qvrtu43qtd0nh8/tmc,toomuch,TMC,factory/osmo1q77cw0mmlluxu0wr29fcdd0tdnh78gzhkvhe4n6ulal9qvrtu43qtd0nh8/tmc,6,,osmosis,factory/osmo1q77cw0mmlluxu0wr29fcdd0tdnh78gzhkvhe4n6ulal9qvrtu43qtd0nh8/tmc,native,2024-07-23T14:47:57.676Z,2024-05-02T17:43:17.626000,false,chain-metadata
osmosis,factory/osmo1q77cw0mmlluxu0wr29fcdd0tdnh78gzhkvhe4n6ulal9qvrtu43qtd0nh8/tos,TheOlderSloth,TOS,factory/osmo1q77cw0mmlluxu0wr29fcdd0tdnh78gzhkvhe4n6ulal9qvrtu43qtd0nh8/tos,6,,osmosis,factory/osmo1q77cw0mmlluxu0wr29fcdd0tdnh78gzhkvhe4n6ulal9qvrtu43qtd0nh8/tos,native,2024-07-23T14:47:57.676Z,2024-05-02T17:43:17.626000,false,chain-metadata
osmosis,factory/osmo1q77cw0mmlluxu0wr29fcdd0tdnh78gzhkvhe4n6ulal9qvrtu43qtd0nh8/vik,Vikthor,VIK,factory/osmo1q77cw0mmlluxu0wr29fcdd0tdnh78gzhkvhe4n6ulal9qvrtu43qtd0nh8/vik,6,,osmosis,factory/osmo1q77cw0mmlluxu0wr29fcdd0tdnh78gzhkvhe4n6ulal9qvrtu43qtd0nh8/vik,native,2024-07-23T14:47:57.677Z,2024-05-02T17:43:17.626000,false,chain-metadata
osmosis,factory/osmo1q77cw0mmlluxu0wr29fcdd0tdnh78gzhkvhe4n6ulal9qvrtu43qtd0nh8/wif314,WIF314,WIF314,factory/osmo1q77cw0mmlluxu0wr29fcdd0tdnh78gzhkvhe4n6ulal9qvrtu43qtd0nh8/wif314,6,,osmosis,factory/osmo1q77cw0mmlluxu0wr29fcdd0tdnh78gzhkvhe4n6ulal9qvrtu43qtd0nh8/wif314,native,2024-07-23T14:47:57.677Z,2024-05-02T17:43:17.626000,false,chain-metadata
osmosis,factory/osmo1q77cw0mmlluxu0wr29fcdd0tdnh78gzhkvhe4n6ulal9qvrtu43qtd0nh8/usa,USA,USA,factory/osmo1q77cw0mmlluxu0wr29fcdd0tdnh78gzhkvhe4n6ulal9qvrtu43qtd0nh8/usa,6,,osmosis,factory/osmo1q77cw0mmlluxu0wr29fcdd0tdnh78gzhkvhe4n6ulal9qvrtu43qtd0nh8/usa,native,2024-07-23T14:47:57.677Z,2024-05-02T17:43:17.626000,false,chain-metadata
osmosis,factory/osmo1q77cw0mmlluxu0wr29fcdd0tdnh78gzhkvhe4n6ulal9qvrtu43qtd0nh8/wojak,Wojak,Wojak,factory/osmo1q77cw0mmlluxu0wr29fcdd0tdnh78gzhkvhe4n6ulal9qvrtu43qtd0nh8/wojak,6,,osmosis,factory/osmo1q77cw0mmlluxu0wr29fcdd0tdnh78gzhkvhe4n6ulal9qvrtu43qtd0nh8/wojak,native,2024-07-23T14:47:57.677Z,2024-05-02T17:43:17.626000,false,chain-metadata
osmosis,factory/osmo1q77cw0mmlluxu0wr29fcdd0tdnh78gzhkvhe4n6ulal9qvrtu43qtd0nh8/wen_airdrop,WEN AIRDROP?,WEN_AIRDROP,factory/osmo1q77cw0mmlluxu0wr29fcdd0tdnh78gzhkvhe4n6ulal9qvrtu43qtd0nh8/wen_airdrop,6,,osmosis,factory/osmo1q77cw0mmlluxu0wr29fcdd0tdnh78gzhkvhe4n6ulal9qvrtu43qtd0nh8/wen_airdrop,native,2024-07-23T14:47:57.677Z,2024-05-02T17:43:17.626000,false,chain-metadata
osmosis,factory/osmo1q77cw0mmlluxu0wr29fcdd0tdnh78gzhkvhe4n6ulal9qvrtu43qtd0nh8/wnrc,Wiener Coin,WNRC,factory/osmo1q77cw0mmlluxu0wr29fcdd0tdnh78gzhkvhe4n6ulal9qvrtu43qtd0nh8/wnrc,6,,osmosis,factory/osmo1q77cw0mmlluxu0wr29fcdd0tdnh78gzhkvhe4n6ulal9qvrtu43qtd0nh8/wnrc,native,2024-07-23T14:47:57.677Z,2024-05-02T17:43:17.626000,false,chain-metadata
osmosis,factory/osmo1q77cw0mmlluxu0wr29fcdd0tdnh78gzhkvhe4n6ulal9qvrtu43qtd0nh8/yey,YES - YES ,YEY,factory/osmo1q77cw0mmlluxu0wr29fcdd0tdnh78gzhkvhe4n6ulal9qvrtu43qtd0nh8/yey,6,,osmosis,factory/osmo1q77cw0mmlluxu0wr29fcdd0tdnh78gzhkvhe4n6ulal9qvrtu43qtd0nh8/yey,native,2024-07-23T14:47:57.677Z,2024-05-02T17:43:17.626000,false,chain-metadata
osmosis,factory/osmo1q77cw0mmlluxu0wr29fcdd0tdnh78gzhkvhe4n6ulal9qvrtu43qtd0nh8/xtn,XTOKEN,XTN,factory/osmo1q77cw0mmlluxu0wr29fcdd0tdnh78gzhkvhe4n6ulal9qvrtu43qtd0nh8/xtn,6,,osmosis,factory/osmo1q77cw0mmlluxu0wr29fcdd0tdnh78gzhkvhe4n6ulal9qvrtu43qtd0nh8/xtn,native,2024-07-23T14:47:57.677Z,2024-05-02T17:43:17.626000,false,chain-metadata
osmosis,factory/osmo1q77cw0mmlluxu0wr29fcdd0tdnh78gzhkvhe4n6ulal9qvrtu43qtd0nh8/wub,will you bring it up,WUB,factory/osmo1q77cw0mmlluxu0wr29fcdd0tdnh78gzhkvhe4n6ulal9qvrtu43qtd0nh8/wub,6,,osmosis,factory/osmo1q77cw0mmlluxu0wr29fcdd0tdnh78gzhkvhe4n6ulal9qvrtu43qtd0nh8/wub,native,2024-07-23T14:47:57.677Z,2024-05-02T17:43:17.626000,false,chain-metadata
osmosis,factory/osmo1q77cw0mmlluxu0wr29fcdd0tdnh78gzhkvhe4n6ulal9qvrtu43qtd0nh8/zds,zds98,zds,factory/osmo1q77cw0mmlluxu0wr29fcdd0tdnh78gzhkvhe4n6ulal9qvrtu43qtd0nh8/zds,6,,osmosis,factory/osmo1q77cw0mmlluxu0wr29fcdd0tdnh78gzhkvhe4n6ulal9qvrtu43qtd0nh8/zds,native,2024-07-23T14:47:57.678Z,2024-05-02T17:43:17.626000,false,chain-metadata
osmosis,factory/osmo1q77cw0mmlluxu0wr29fcdd0tdnh78gzhkvhe4n6ulal9qvrtu43qtd0nh8/zsu,RAMBO,ZSU,factory/osmo1q77cw0mmlluxu0wr29fcdd0tdnh78gzhkvhe4n6ulal9qvrtu43qtd0nh8/zsu,6,,osmosis,factory/osmo1q77cw0mmlluxu0wr29fcdd0tdnh78gzhkvhe4n6ulal9qvrtu43qtd0nh8/zsu,native,2024-07-23T14:47:57.678Z,2024-05-02T17:43:17.626000,false,chain-metadata
osmosis,factory/osmo1q77cw0mmlluxu0wr29fcdd0tdnh78gzhkvhe4n6ulal9qvrtu43qtd0nh8/gay,ProfessorCOINCOIN,GAY,factory/osmo1q77cw0mmlluxu0wr29fcdd0tdnh78gzhkvhe4n6ulal9qvrtu43qtd0nh8/gay,6,,osmosis,factory/osmo1q77cw0mmlluxu0wr29fcdd0tdnh78gzhkvhe4n6ulal9qvrtu43qtd0nh8/gay,native,2024-07-23T14:47:57.664Z,2024-05-02T17:43:17.625000,false,chain-metadata
osmosis,factory/osmo1q77cw0mmlluxu0wr29fcdd0tdnh78gzhkvhe4n6ulal9qvrtu43qtd0nh8/fren,Fren,FREN,factory/osmo1q77cw0mmlluxu0wr29fcdd0tdnh78gzhkvhe4n6ulal9qvrtu43qtd0nh8/fren,6,,osmosis,factory/osmo1q77cw0mmlluxu0wr29fcdd0tdnh78gzhkvhe4n6ulal9qvrtu43qtd0nh8/fren,native,2024-07-23T14:47:57.664Z,2024-05-02T17:43:17.625000,false,chain-metadata
osmosis,factory/osmo1q77cw0mmlluxu0wr29fcdd0tdnh78gzhkvhe4n6ulal9qvrtu43qtd0nh8/genie,GenieCoin,GENIE,factory/osmo1q77cw0mmlluxu0wr29fcdd0tdnh78gzhkvhe4n6ulal9qvrtu43qtd0nh8/genie,6,,osmosis,factory/osmo1q77cw0mmlluxu0wr29fcdd0tdnh78gzhkvhe4n6ulal9qvrtu43qtd0nh8/genie,native,2024-07-23T14:47:57.664Z,2024-05-02T17:43:17.625000,false,chain-metadata
osmosis,factory/osmo1q77cw0mmlluxu0wr29fcdd0tdnh78gzhkvhe4n6ulal9qvrtu43qtd0nh8/fsk,ForestKing,FSK,factory/osmo1q77cw0mmlluxu0wr29fcdd0tdnh78gzhkvhe4n6ulal9qvrtu43qtd0nh8/fsk,6,,osmosis,factory/osmo1q77cw0mmlluxu0wr29fcdd0tdnh78gzhkvhe4n6ulal9qvrtu43qtd0nh8/fsk,native,2024-07-23T14:47:57.664Z,2024-05-02T17:43:17.625000,false,chain-metadata
osmosis,factory/osmo1q77cw0mmlluxu0wr29fcdd0tdnh78gzhkvhe4n6ulal9qvrtu43qtd0nh8/gem,Gemtoken,GEM,factory/osmo1q77cw0mmlluxu0wr29fcdd0tdnh78gzhkvhe4n6ulal9qvrtu43qtd0nh8/gem,6,,osmosis,factory/osmo1q77cw0mmlluxu0wr29fcdd0tdnh78gzhkvhe4n6ulal9qvrtu43qtd0nh8/gem,native,2024-07-23T14:47:57.664Z,2024-05-02T17:43:17.625000,false,chain-metadata
osmosis,factory/osmo1q77cw0mmlluxu0wr29fcdd0tdnh78gzhkvhe4n6ulal9qvrtu43qtd0nh8/garlic,Gordon Ramsay,GARLIC,factory/osmo1q77cw0mmlluxu0wr29fcdd0tdnh78gzhkvhe4n6ulal9qvrtu43qtd0nh8/garlic,6,,osmosis,factory/osmo1q77cw0mmlluxu0wr29fcdd0tdnh78gzhkvhe4n6ulal9qvrtu43qtd0nh8/garlic,native,2024-07-23T14:47:57.664Z,2024-05-02T17:43:17.625000,false,chain-metadata
osmosis,factory/osmo1q77cw0mmlluxu0wr29fcdd0tdnh78gzhkvhe4n6ulal9qvrtu43qtd0nh8/hodl,HODL,HODL,factory/osmo1q77cw0mmlluxu0wr29fcdd0tdnh78gzhkvhe4n6ulal9qvrtu43qtd0nh8/hodl,6,,osmosis,factory/osmo1q77cw0mmlluxu0wr29fcdd0tdnh78gzhkvhe4n6ulal9qvrtu43qtd0nh8/hodl,native,2024-07-23T14:47:57.665Z,2024-05-02T17:43:17.625000,false,chain-metadata
osmosis,factory/osmo1q77cw0mmlluxu0wr29fcdd0tdnh78gzhkvhe4n6ulal9qvrtu43qtd0nh8/ikura,ikura,ikura,factory/osmo1q77cw0mmlluxu0wr29fcdd0tdnh78gzhkvhe4n6ulal9qvrtu43qtd0nh8/ikura,6,,osmosis,factory/osmo1q77cw0mmlluxu0wr29fcdd0tdnh78gzhkvhe4n6ulal9qvrtu43qtd0nh8/ikura,native,2024-07-23T14:47:57.665Z,2024-05-02T17:43:17.625000,false,chain-metadata
osmosis,factory/osmo1q77cw0mmlluxu0wr29fcdd0tdnh78gzhkvhe4n6ulal9qvrtu43qtd0nh8/home,Homelander,HOME,factory/osmo1q77cw0mmlluxu0wr29fcdd0tdnh78gzhkvhe4n6ulal9qvrtu43qtd0nh8/home,6,,osmosis,factory/osmo1q77cw0mmlluxu0wr29fcdd0tdnh78gzhkvhe4n6ulal9qvrtu43qtd0nh8/home,native,2024-07-23T14:47:57.665Z,2024-05-02T17:43:17.625000,false,chain-metadata
osmosis,factory/osmo1q77cw0mmlluxu0wr29fcdd0tdnh78gzhkvhe4n6ulal9qvrtu43qtd0nh8/idc,I Dont Care,IDC,factory/osmo1q77cw0mmlluxu0wr29fcdd0tdnh78gzhkvhe4n6ulal9qvrtu43qtd0nh8/idc,6,,osmosis,factory/osmo1q77cw0mmlluxu0wr29fcdd0tdnh78gzhkvhe4n6ulal9qvrtu43qtd0nh8/idc,native,2024-07-23T14:47:57.665Z,2024-05-02T17:43:17.625000,false,chain-metadata
osmosis,factory/osmo1q77cw0mmlluxu0wr29fcdd0tdnh78gzhkvhe4n6ulal9qvrtu43qtd0nh8/hrk,KUNA,HRK,factory/osmo1q77cw0mmlluxu0wr29fcdd0tdnh78gzhkvhe4n6ulal9qvrtu43qtd0nh8/hrk,6,,osmosis,factory/osmo1q77cw0mmlluxu0wr29fcdd0tdnh78gzhkvhe4n6ulal9qvrtu43qtd0nh8/hrk,native,2024-07-23T14:47:57.665Z,2024-05-02T17:43:17.625000,false,chain-metadata
osmosis,factory/osmo1q77cw0mmlluxu0wr29fcdd0tdnh78gzhkvhe4n6ulal9qvrtu43qtd0nh8/hpos10inu,HarryPotterObamaSonic10Inu,HPOS10INU,factory/osmo1q77cw0mmlluxu0wr29fcdd0tdnh78gzhkvhe4n6ulal9qvrtu43qtd0nh8/hpos10inu,6,,osmosis,factory/osmo1q77cw0mmlluxu0wr29fcdd0tdnh78gzhkvhe4n6ulal9qvrtu43qtd0nh8/hpos10inu,native,2024-07-23T14:47:57.665Z,2024-05-02T17:43:17.625000,false,chain-metadata
osmosis,factory/osmo1q77cw0mmlluxu0wr29fcdd0tdnh78gzhkvhe4n6ulal9qvrtu43qtd0nh8/gordon,Gordoniscooking,GORDON,factory/osmo1q77cw0mmlluxu0wr29fcdd0tdnh78gzhkvhe4n6ulal9qvrtu43qtd0nh8/gordon,6,,osmosis,factory/osmo1q77cw0mmlluxu0wr29fcdd0tdnh78gzhkvhe4n6ulal9qvrtu43qtd0nh8/gordon,native,2024-07-23T14:47:57.665Z,2024-05-02T17:43:17.625000,false,chain-metadata
osmosis,factory/osmo1q77cw0mmlluxu0wr29fcdd0tdnh78gzhkvhe4n6ulal9qvrtu43qtd0nh8/hype,Hype Boy,HYPE,factory/osmo1q77cw0mmlluxu0wr29fcdd0tdnh78gzhkvhe4n6ulal9qvrtu43qtd0nh8/hype,6,,osmosis,factory/osmo1q77cw0mmlluxu0wr29fcdd0tdnh78gzhkvhe4n6ulal9qvrtu43qtd0nh8/hype,native,2024-07-23T14:47:57.665Z,2024-05-02T17:43:17.625000,false,chain-metadata
osmosis,factory/osmo1q77cw0mmlluxu0wr29fcdd0tdnh78gzhkvhe4n6ulal9qvrtu43qtd0nh8/gro,grom,gro,factory/osmo1q77cw0mmlluxu0wr29fcdd0tdnh78gzhkvhe4n6ulal9qvrtu43qtd0nh8/gro,6,,osmosis,factory/osmo1q77cw0mmlluxu0wr29fcdd0tdnh78gzhkvhe4n6ulal9qvrtu43qtd0nh8/gro,native,2024-07-23T14:47:57.665Z,2024-05-02T17:43:17.625000,false,chain-metadata
osmosis,factory/osmo1q77cw0mmlluxu0wr29fcdd0tdnh78gzhkvhe4n6ulal9qvrtu43qtd0nh8/katrina,KATRINA,KATRINA,factory/osmo1q77cw0mmlluxu0wr29fcdd0tdnh78gzhkvhe4n6ulal9qvrtu43qtd0nh8/katrina,6,,osmosis,factory/osmo1q77cw0mmlluxu0wr29fcdd0tdnh78gzhkvhe4n6ulal9qvrtu43qtd0nh8/katrina,native,2024-07-23T14:47:57.666Z,2024-05-02T17:43:17.625000,false,chain-metadata
osmosis,factory/osmo1q77cw0mmlluxu0wr29fcdd0tdnh78gzhkvhe4n6ulal9qvrtu43qtd0nh8/jfx,Juicyfx,JFX,factory/osmo1q77cw0mmlluxu0wr29fcdd0tdnh78gzhkvhe4n6ulal9qvrtu43qtd0nh8/jfx,6,,osmosis,factory/osmo1q77cw0mmlluxu0wr29fcdd0tdnh78gzhkvhe4n6ulal9qvrtu43qtd0nh8/jfx,native,2024-07-23T14:47:57.666Z,2024-05-02T17:43:17.625000,false,chain-metadata
osmosis,factory/osmo1q77cw0mmlluxu0wr29fcdd0tdnh78gzhkvhe4n6ulal9qvrtu43qtd0nh8/kebab,Kebab,KEBAB,factory/osmo1q77cw0mmlluxu0wr29fcdd0tdnh78gzhkvhe4n6ulal9qvrtu43qtd0nh8/kebab,6,,osmosis,factory/osmo1q77cw0mmlluxu0wr29fcdd0tdnh78gzhkvhe4n6ulal9qvrtu43qtd0nh8/kebab,native,2024-07-23T14:47:57.666Z,2024-05-02T17:43:17.625000,false,chain-metadata
osmosis,factory/osmo1q77cw0mmlluxu0wr29fcdd0tdnh78gzhkvhe4n6ulal9qvrtu43qtd0nh8/kmc,kimchi,KMC,factory/osmo1q77cw0mmlluxu0wr29fcdd0tdnh78gzhkvhe4n6ulal9qvrtu43qtd0nh8/kmc,6,,osmosis,factory/osmo1q77cw0mmlluxu0wr29fcdd0tdnh78gzhkvhe4n6ulal9qvrtu43qtd0nh8/kmc,native,2024-07-23T14:47:57.668Z,2024-05-02T17:43:17.625000,false,chain-metadata
osmosis,factory/osmo1q77cw0mmlluxu0wr29fcdd0tdnh78gzhkvhe4n6ulal9qvrtu43qtd0nh8/max,Max Power Token,MAX,factory/osmo1q77cw0mmlluxu0wr29fcdd0tdnh78gzhkvhe4n6ulal9qvrtu43qtd0nh8/max,6,,osmosis,factory/osmo1q77cw0mmlluxu0wr29fcdd0tdnh78gzhkvhe4n6ulal9qvrtu43qtd0nh8/max,native,2024-07-23T14:47:57.669Z,2024-05-02T17:43:17.625000,false,chain-metadata
osmosis,factory/osmo1q77cw0mmlluxu0wr29fcdd0tdnh78gzhkvhe4n6ulal9qvrtu43qtd0nh8/latins,LATINS,LATINS,factory/osmo1q77cw0mmlluxu0wr29fcdd0tdnh78gzhkvhe4n6ulal9qvrtu43qtd0nh8/latins,6,,osmosis,factory/osmo1q77cw0mmlluxu0wr29fcdd0tdnh78gzhkvhe4n6ulal9qvrtu43qtd0nh8/latins,native,2024-07-23T14:47:57.669Z,2024-05-02T17:43:17.625000,false,chain-metadata
osmosis,factory/osmo1q77cw0mmlluxu0wr29fcdd0tdnh78gzhkvhe4n6ulal9qvrtu43qtd0nh8/ltss,love the shit show,LTSS,factory/osmo1q77cw0mmlluxu0wr29fcdd0tdnh78gzhkvhe4n6ulal9qvrtu43qtd0nh8/ltss,6,,osmosis,factory/osmo1q77cw0mmlluxu0wr29fcdd0tdnh78gzhkvhe4n6ulal9qvrtu43qtd0nh8/ltss,native,2024-07-23T14:47:57.669Z,2024-05-02T17:43:17.625000,false,chain-metadata
osmosis,factory/osmo1q77cw0mmlluxu0wr29fcdd0tdnh78gzhkvhe4n6ulal9qvrtu43qtd0nh8/mad,Mad Scientists,MAD,factory/osmo1q77cw0mmlluxu0wr29fcdd0tdnh78gzhkvhe4n6ulal9qvrtu43qtd0nh8/mad,6,,osmosis,factory/osmo1q77cw0mmlluxu0wr29fcdd0tdnh78gzhkvhe4n6ulal9qvrtu43qtd0nh8/mad,native,2024-07-23T14:47:57.669Z,2024-05-02T17:43:17.625000,false,chain-metadata
osmosis,factory/osmo1q77cw0mmlluxu0wr29fcdd0tdnh78gzhkvhe4n6ulal9qvrtu43qtd0nh8/lucky,LuckyCat,LUCKY,factory/osmo1q77cw0mmlluxu0wr29fcdd0tdnh78gzhkvhe4n6ulal9qvrtu43qtd0nh8/lucky,6,,osmosis,factory/osmo1q77cw0mmlluxu0wr29fcdd0tdnh78gzhkvhe4n6ulal9qvrtu43qtd0nh8/lucky,native,2024-07-23T14:47:57.669Z,2024-05-02T17:43:17.625000,false,chain-metadata
osmosis,factory/osmo1q77cw0mmlluxu0wr29fcdd0tdnh78gzhkvhe4n6ulal9qvrtu43qtd0nh8/m770,MOSHIAH,M770,factory/osmo1q77cw0mmlluxu0wr29fcdd0tdnh78gzhkvhe4n6ulal9qvrtu43qtd0nh8/m770,6,,osmosis,factory/osmo1q77cw0mmlluxu0wr29fcdd0tdnh78gzhkvhe4n6ulal9qvrtu43qtd0nh8/m770,native,2024-07-23T14:47:57.669Z,2024-05-02T17:43:17.625000,false,chain-metadata
osmosis,factory/osmo1q77cw0mmlluxu0wr29fcdd0tdnh78gzhkvhe4n6ulal9qvrtu43qtd0nh8/kyg,Koyangi,KYG,factory/osmo1q77cw0mmlluxu0wr29fcdd0tdnh78gzhkvhe4n6ulal9qvrtu43qtd0nh8/kyg,6,,osmosis,factory/osmo1q77cw0mmlluxu0wr29fcdd0tdnh78gzhkvhe4n6ulal9qvrtu43qtd0nh8/kyg,native,2024-07-23T14:47:57.669Z,2024-05-02T17:43:17.625000,false,chain-metadata
osmosis,factory/osmo1q77cw0mmlluxu0wr29fcdd0tdnh78gzhkvhe4n6ulal9qvrtu43qtd0nh8/loli,Lolipop142,Loli,factory/osmo1q77cw0mmlluxu0wr29fcdd0tdnh78gzhkvhe4n6ulal9qvrtu43qtd0nh8/loli,6,,osmosis,factory/osmo1q77cw0mmlluxu0wr29fcdd0tdnh78gzhkvhe4n6ulal9qvrtu43qtd0nh8/loli,native,2024-07-23T14:47:57.669Z,2024-05-02T17:43:17.625000,false,chain-metadata
osmosis,factory/osmo1q77cw0mmlluxu0wr29fcdd0tdnh78gzhkvhe4n6ulal9qvrtu43qtd0nh8/mads,Mad Scientist,MADS,factory/osmo1q77cw0mmlluxu0wr29fcdd0tdnh78gzhkvhe4n6ulal9qvrtu43qtd0nh8/mads,6,,osmosis,factory/osmo1q77cw0mmlluxu0wr29fcdd0tdnh78gzhkvhe4n6ulal9qvrtu43qtd0nh8/mads,native,2024-07-23T14:47:57.669Z,2024-05-02T17:43:17.625000,false,chain-metadata
osmosis,factory/osmo1q77cw0mmlluxu0wr29fcdd0tdnh78gzhkvhe4n6ulal9qvrtu43qtd0nh8/may,Mayden Coin,MAY,factory/osmo1q77cw0mmlluxu0wr29fcdd0tdnh78gzhkvhe4n6ulal9qvrtu43qtd0nh8/may,6,,osmosis,factory/osmo1q77cw0mmlluxu0wr29fcdd0tdnh78gzhkvhe4n6ulal9qvrtu43qtd0nh8/may,native,2024-07-23T14:47:57.670Z,2024-05-02T17:43:17.625000,false,chain-metadata
osmosis,factory/osmo1q77cw0mmlluxu0wr29fcdd0tdnh78gzhkvhe4n6ulal9qvrtu43qtd0nh8/meme,MEMECOIN,MEME,factory/osmo1q77cw0mmlluxu0wr29fcdd0tdnh78gzhkvhe4n6ulal9qvrtu43qtd0nh8/meme,6,,osmosis,factory/osmo1q77cw0mmlluxu0wr29fcdd0tdnh78gzhkvhe4n6ulal9qvrtu43qtd0nh8/meme,native,2024-07-23T14:47:57.670Z,2024-05-02T17:43:17.625000,false,chain-metadata
osmosis,factory/osmo1q77cw0mmlluxu0wr29fcdd0tdnh78gzhkvhe4n6ulal9qvrtu43qtd0nh8/mwg,MopsWithGlassesAndAFly,MWG,factory/osmo1q77cw0mmlluxu0wr29fcdd0tdnh78gzhkvhe4n6ulal9qvrtu43qtd0nh8/mwg,6,,osmosis,factory/osmo1q77cw0mmlluxu0wr29fcdd0tdnh78gzhkvhe4n6ulal9qvrtu43qtd0nh8/mwg,native,2024-07-23T14:47:57.670Z,2024-05-02T17:43:17.625000,false,chain-metadata
osmosis,factory/osmo1q77cw0mmlluxu0wr29fcdd0tdnh78gzhkvhe4n6ulal9qvrtu43qtd0nh8/momo,Momoplay,momo,factory/osmo1q77cw0mmlluxu0wr29fcdd0tdnh78gzhkvhe4n6ulal9qvrtu43qtd0nh8/momo,6,,osmosis,factory/osmo1q77cw0mmlluxu0wr29fcdd0tdnh78gzhkvhe4n6ulal9qvrtu43qtd0nh8/momo,native,2024-07-23T14:47:57.670Z,2024-05-02T17:43:17.625000,false,chain-metadata
osmosis,factory/osmo1q77cw0mmlluxu0wr29fcdd0tdnh78gzhkvhe4n6ulal9qvrtu43qtd0nh8/mobilyeah,mobilyeah,mobilyeah,factory/osmo1q77cw0mmlluxu0wr29fcdd0tdnh78gzhkvhe4n6ulal9qvrtu43qtd0nh8/mobilyeah,6,,osmosis,factory/osmo1q77cw0mmlluxu0wr29fcdd0tdnh78gzhkvhe4n6ulal9qvrtu43qtd0nh8/mobilyeah,native,2024-07-23T14:47:57.670Z,2024-05-02T17:43:17.625000,false,chain-metadata
osmosis,factory/osmo1q77cw0mmlluxu0wr29fcdd0tdnh78gzhkvhe4n6ulal9qvrtu43qtd0nh8/notis,NOTISFOREVER,NOTIS,factory/osmo1q77cw0mmlluxu0wr29fcdd0tdnh78gzhkvhe4n6ulal9qvrtu43qtd0nh8/notis,6,,osmosis,factory/osmo1q77cw0mmlluxu0wr29fcdd0tdnh78gzhkvhe4n6ulal9qvrtu43qtd0nh8/notis,native,2024-07-23T14:47:57.671Z,2024-05-02T17:43:17.625000,false,chain-metadata
osmosis,factory/osmo1q77cw0mmlluxu0wr29fcdd0tdnh78gzhkvhe4n6ulal9qvrtu43qtd0nh8/nito,NightTokyo,NITO,factory/osmo1q77cw0mmlluxu0wr29fcdd0tdnh78gzhkvhe4n6ulal9qvrtu43qtd0nh8/nito,6,,osmosis,factory/osmo1q77cw0mmlluxu0wr29fcdd0tdnh78gzhkvhe4n6ulal9qvrtu43qtd0nh8/nito,native,2024-07-23T14:47:57.671Z,2024-05-02T17:43:17.625000,false,chain-metadata
osmosis,factory/osmo1q77cw0mmlluxu0wr29fcdd0tdnh78gzhkvhe4n6ulal9qvrtu43qtd0nh8/onion,ONION,ONION,factory/osmo1q77cw0mmlluxu0wr29fcdd0tdnh78gzhkvhe4n6ulal9qvrtu43qtd0nh8/onion,6,,osmosis,factory/osmo1q77cw0mmlluxu0wr29fcdd0tdnh78gzhkvhe4n6ulal9qvrtu43qtd0nh8/onion,native,2024-07-23T14:47:57.671Z,2024-05-02T17:43:17.625000,false,chain-metadata
osmosis,factory/osmo1q77cw0mmlluxu0wr29fcdd0tdnh78gzhkvhe4n6ulal9qvrtu43qtd0nh8/obama,Obama,OBAMA,factory/osmo1q77cw0mmlluxu0wr29fcdd0tdnh78gzhkvhe4n6ulal9qvrtu43qtd0nh8/obama,6,,osmosis,factory/osmo1q77cw0mmlluxu0wr29fcdd0tdnh78gzhkvhe4n6ulal9qvrtu43qtd0nh8/obama,native,2024-07-23T14:47:57.671Z,2024-05-02T17:43:17.625000,false,chain-metadata
osmosis,factory/osmo1q77cw0mmlluxu0wr29fcdd0tdnh78gzhkvhe4n6ulal9qvrtu43qtd0nh8/odog,OSMODOG,ODOG,factory/osmo1q77cw0mmlluxu0wr29fcdd0tdnh78gzhkvhe4n6ulal9qvrtu43qtd0nh8/odog,6,,osmosis,factory/osmo1q77cw0mmlluxu0wr29fcdd0tdnh78gzhkvhe4n6ulal9qvrtu43qtd0nh8/odog,native,2024-07-23T14:47:57.671Z,2024-05-02T17:43:17.625000,false,chain-metadata
osmosis,factory/osmo1q77cw0mmlluxu0wr29fcdd0tdnh78gzhkvhe4n6ulal9qvrtu43qtd0nh8/osmujira,Osmujira Agents,OSMUJIRA,factory/osmo1q77cw0mmlluxu0wr29fcdd0tdnh78gzhkvhe4n6ulal9qvrtu43qtd0nh8/osmujira,6,,osmosis,factory/osmo1q77cw0mmlluxu0wr29fcdd0tdnh78gzhkvhe4n6ulal9qvrtu43qtd0nh8/osmujira,native,2024-07-23T14:47:57.671Z,2024-05-02T17:43:17.625000,false,chain-metadata
osmosis,factory/osmo1q77cw0mmlluxu0wr29fcdd0tdnh78gzhkvhe4n6ulal9qvrtu43qtd0nh8/osmosis,cosmos,osmosis,factory/osmo1q77cw0mmlluxu0wr29fcdd0tdnh78gzhkvhe4n6ulal9qvrtu43qtd0nh8/osmosis,6,,osmosis,factory/osmo1q77cw0mmlluxu0wr29fcdd0tdnh78gzhkvhe4n6ulal9qvrtu43qtd0nh8/osmosis,native,2024-07-23T14:47:57.671Z,2024-05-02T17:43:17.625000,false,chain-metadata
osmosis,factory/osmo1q77cw0mmlluxu0wr29fcdd0tdnh78gzhkvhe4n6ulal9qvrtu43qtd0nh8/obs,Olive Bonsai,OBS,factory/osmo1q77cw0mmlluxu0wr29fcdd0tdnh78gzhkvhe4n6ulal9qvrtu43qtd0nh8/obs,6,,osmosis,factory/osmo1q77cw0mmlluxu0wr29fcdd0tdnh78gzhkvhe4n6ulal9qvrtu43qtd0nh8/obs,native,2024-07-23T14:47:57.671Z,2024-05-02T17:43:17.625000,false,chain-metadata
osmosis,factory/osmo1q77cw0mmlluxu0wr29fcdd0tdnh78gzhkvhe4n6ulal9qvrtu43qtd0nh8/ogpepe,PEPE,OGPEPE,factory/osmo1q77cw0mmlluxu0wr29fcdd0tdnh78gzhkvhe4n6ulal9qvrtu43qtd0nh8/ogpepe,6,,osmosis,factory/osmo1q77cw0mmlluxu0wr29fcdd0tdnh78gzhkvhe4n6ulal9qvrtu43qtd0nh8/ogpepe,native,2024-07-23T14:47:57.671Z,2024-05-02T17:43:17.625000,false,chain-metadata
osmosis,factory/osmo1q77cw0mmlluxu0wr29fcdd0tdnh78gzhkvhe4n6ulal9qvrtu43qtd0nh8/normie,NORMIE,NORMIE,factory/osmo1q77cw0mmlluxu0wr29fcdd0tdnh78gzhkvhe4n6ulal9qvrtu43qtd0nh8/normie,6,,osmosis,factory/osmo1q77cw0mmlluxu0wr29fcdd0tdnh78gzhkvhe4n6ulal9qvrtu43qtd0nh8/normie,native,2024-07-23T14:47:57.671Z,2024-05-02T17:43:17.625000,false,chain-metadata
osmosis,factory/osmo1q77cw0mmlluxu0wr29fcdd0tdnh78gzhkvhe4n6ulal9qvrtu43qtd0nh8/ocn,ONION COIN,OCN,factory/osmo1q77cw0mmlluxu0wr29fcdd0tdnh78gzhkvhe4n6ulal9qvrtu43qtd0nh8/ocn,6,,osmosis,factory/osmo1q77cw0mmlluxu0wr29fcdd0tdnh78gzhkvhe4n6ulal9qvrtu43qtd0nh8/ocn,native,2024-07-23T14:47:57.671Z,2024-05-02T17:43:17.625000,false,chain-metadata
osmosis,factory/osmo1q77cw0mmlluxu0wr29fcdd0tdnh78gzhkvhe4n6ulal9qvrtu43qtd0nh8/ntrn,Neutron,NTRN,factory/osmo1q77cw0mmlluxu0wr29fcdd0tdnh78gzhkvhe4n6ulal9qvrtu43qtd0nh8/ntrn,6,,osmosis,factory/osmo1q77cw0mmlluxu0wr29fcdd0tdnh78gzhkvhe4n6ulal9qvrtu43qtd0nh8/ntrn,native,2024-07-23T14:47:57.671Z,2024-05-02T17:43:17.625000,false,chain-metadata
osmosis,factory/osmo1q77cw0mmlluxu0wr29fcdd0tdnh78gzhkvhe4n6ulal9qvrtu43qtd0nh8/nje,New Jeans Everywhere,NJE,factory/osmo1q77cw0mmlluxu0wr29fcdd0tdnh78gzhkvhe4n6ulal9qvrtu43qtd0nh8/nje,6,,osmosis,factory/osmo1q77cw0mmlluxu0wr29fcdd0tdnh78gzhkvhe4n6ulal9qvrtu43qtd0nh8/nje,native,2024-07-23T14:47:57.671Z,2024-05-02T17:43:17.625000,false,chain-metadata
osmosis,factory/osmo1q77cw0mmlluxu0wr29fcdd0tdnh78gzhkvhe4n6ulal9qvrtu43qtd0nh8/pan,Pan,Pan,factory/osmo1q77cw0mmlluxu0wr29fcdd0tdnh78gzhkvhe4n6ulal9qvrtu43qtd0nh8/pan,6,,osmosis,factory/osmo1q77cw0mmlluxu0wr29fcdd0tdnh78gzhkvhe4n6ulal9qvrtu43qtd0nh8/pan,native,2024-07-23T14:47:57.672Z,2024-05-02T17:43:17.625000,false,chain-metadata
osmosis,factory/osmo1q77cw0mmlluxu0wr29fcdd0tdnh78gzhkvhe4n6ulal9qvrtu43qtd0nh8/pew,Pew Pew,PEW,factory/osmo1q77cw0mmlluxu0wr29fcdd0tdnh78gzhkvhe4n6ulal9qvrtu43qtd0nh8/pew,6,,osmosis,factory/osmo1q77cw0mmlluxu0wr29fcdd0tdnh78gzhkvhe4n6ulal9qvrtu43qtd0nh8/pew,native,2024-07-23T14:47:57.672Z,2024-05-02T17:43:17.625000,false,chain-metadata
osmosis,factory/osmo1q77cw0mmlluxu0wr29fcdd0tdnh78gzhkvhe4n6ulal9qvrtu43qtd0nh8/pok,POOK,POK,factory/osmo1q77cw0mmlluxu0wr29fcdd0tdnh78gzhkvhe4n6ulal9qvrtu43qtd0nh8/pok,6,,osmosis,factory/osmo1q77cw0mmlluxu0wr29fcdd0tdnh78gzhkvhe4n6ulal9qvrtu43qtd0nh8/pok,native,2024-07-23T14:47:57.672Z,2024-05-02T17:43:17.625000,false,chain-metadata
osmosis,factory/osmo1q77cw0mmlluxu0wr29fcdd0tdnh78gzhkvhe4n6ulal9qvrtu43qtd0nh8/pika,Pikadilli,PIKA,factory/osmo1q77cw0mmlluxu0wr29fcdd0tdnh78gzhkvhe4n6ulal9qvrtu43qtd0nh8/pika,6,,osmosis,factory/osmo1q77cw0mmlluxu0wr29fcdd0tdnh78gzhkvhe4n6ulal9qvrtu43qtd0nh8/pika,native,2024-07-23T14:47:57.672Z,2024-05-02T17:43:17.625000,false,chain-metadata
osmosis,factory/osmo1q77cw0mmlluxu0wr29fcdd0tdnh78gzhkvhe4n6ulal9qvrtu43qtd0nh8/pdbm,PleaseDontBuyMe,PDBM,factory/osmo1q77cw0mmlluxu0wr29fcdd0tdnh78gzhkvhe4n6ulal9qvrtu43qtd0nh8/pdbm,6,,osmosis,factory/osmo1q77cw0mmlluxu0wr29fcdd0tdnh78gzhkvhe4n6ulal9qvrtu43qtd0nh8/pdbm,native,2024-07-23T14:47:57.672Z,2024-05-02T17:43:17.625000,false,chain-metadata
osmosis,factory/osmo1q77cw0mmlluxu0wr29fcdd0tdnh78gzhkvhe4n6ulal9qvrtu43qtd0nh8/pepr,PEPR,PEPR,factory/osmo1q77cw0mmlluxu0wr29fcdd0tdnh78gzhkvhe4n6ulal9qvrtu43qtd0nh8/pepr,6,,osmosis,factory/osmo1q77cw0mmlluxu0wr29fcdd0tdnh78gzhkvhe4n6ulal9qvrtu43qtd0nh8/pepr,native,2024-07-23T14:47:57.672Z,2024-05-02T17:43:17.625000,false,chain-metadata
osmosis,factory/osmo1q77cw0mmlluxu0wr29fcdd0tdnh78gzhkvhe4n6ulal9qvrtu43qtd0nh8/pepe,PEPE,PEPE,factory/osmo1q77cw0mmlluxu0wr29fcdd0tdnh78gzhkvhe4n6ulal9qvrtu43qtd0nh8/pepe,6,,osmosis,factory/osmo1q77cw0mmlluxu0wr29fcdd0tdnh78gzhkvhe4n6ulal9qvrtu43qtd0nh8/pepe,native,2024-07-23T14:47:57.672Z,2024-05-02T17:43:17.625000,false,chain-metadata
osmosis,factory/osmo1q77cw0mmlluxu0wr29fcdd0tdnh78gzhkvhe4n6ulal9qvrtu43qtd0nh8/potato,Potato,POTATO,factory/osmo1q77cw0mmlluxu0wr29fcdd0tdnh78gzhkvhe4n6ulal9qvrtu43qtd0nh8/potato,6,,osmosis,factory/osmo1q77cw0mmlluxu0wr29fcdd0tdnh78gzhkvhe4n6ulal9qvrtu43qtd0nh8/potato,native,2024-07-23T14:47:57.673Z,2024-05-02T17:43:17.625000,false,chain-metadata
osmosis,factory/osmo1q77cw0mmlluxu0wr29fcdd0tdnh78gzhkvhe4n6ulal9qvrtu43qtd0nh8/bzz,Blizz,BZZ,factory/osmo1q77cw0mmlluxu0wr29fcdd0tdnh78gzhkvhe4n6ulal9qvrtu43qtd0nh8/bzz,6,,osmosis,factory/osmo1q77cw0mmlluxu0wr29fcdd0tdnh78gzhkvhe4n6ulal9qvrtu43qtd0nh8/bzz,native,2024-07-23T14:47:57.660Z,2024-06-15T14:48:43.934000,false,chain-metadata
osmosis,factory/osmo1q77cw0mmlluxu0wr29fcdd0tdnh78gzhkvhe4n6ulal9qvrtu43qtd0nh8/c9u,CHULGU UP,C9U,factory/osmo1q77cw0mmlluxu0wr29fcdd0tdnh78gzhkvhe4n6ulal9qvrtu43qtd0nh8/c9u,6,,osmosis,factory/osmo1q77cw0mmlluxu0wr29fcdd0tdnh78gzhkvhe4n6ulal9qvrtu43qtd0nh8/c9u,native,2024-07-23T14:47:57.660Z,2024-06-15T14:48:43.934000,false,chain-metadata
osmosis,factory/osmo1q77cw0mmlluxu0wr29fcdd0tdnh78gzhkvhe4n6ulal9qvrtu43qtd0nh8/dicks,Dick Meme,DICKS,factory/osmo1q77cw0mmlluxu0wr29fcdd0tdnh78gzhkvhe4n6ulal9qvrtu43qtd0nh8/dicks,6,,osmosis,factory/osmo1q77cw0mmlluxu0wr29fcdd0tdnh78gzhkvhe4n6ulal9qvrtu43qtd0nh8/dicks,native,2024-07-23T14:47:57.662Z,2024-06-15T14:48:43.934000,false,chain-metadata
osmosis,factory/osmo1q77cw0mmlluxu0wr29fcdd0tdnh78gzhkvhe4n6ulal9qvrtu43qtd0nh8/egpc,EGPC,EGPC,factory/osmo1q77cw0mmlluxu0wr29fcdd0tdnh78gzhkvhe4n6ulal9qvrtu43qtd0nh8/egpc,6,,osmosis,factory/osmo1q77cw0mmlluxu0wr29fcdd0tdnh78gzhkvhe4n6ulal9qvrtu43qtd0nh8/egpc,native,2024-07-23T14:47:57.663Z,2024-06-15T14:48:43.934000,false,chain-metadata
osmosis,factory/osmo1q77cw0mmlluxu0wr29fcdd0tdnh78gzhkvhe4n6ulal9qvrtu43qtd0nh8/gmee,Game$top,GMEE,factory/osmo1q77cw0mmlluxu0wr29fcdd0tdnh78gzhkvhe4n6ulal9qvrtu43qtd0nh8/gmee,6,,osmosis,factory/osmo1q77cw0mmlluxu0wr29fcdd0tdnh78gzhkvhe4n6ulal9qvrtu43qtd0nh8/gmee,native,2024-07-23T14:47:57.664Z,2024-06-15T14:48:43.934000,false,chain-metadata
osmosis,factory/osmo1q77cw0mmlluxu0wr29fcdd0tdnh78gzhkvhe4n6ulal9qvrtu43qtd0nh8/ilc,ILoveCroissant,ILC,factory/osmo1q77cw0mmlluxu0wr29fcdd0tdnh78gzhkvhe4n6ulal9qvrtu43qtd0nh8/ilc,6,,osmosis,factory/osmo1q77cw0mmlluxu0wr29fcdd0tdnh78gzhkvhe4n6ulal9qvrtu43qtd0nh8/ilc,native,2024-07-23T14:47:57.665Z,2024-06-15T14:48:43.934000,false,chain-metadata
osmosis,factory/osmo1q77cw0mmlluxu0wr29fcdd0tdnh78gzhkvhe4n6ulal9qvrtu43qtd0nh8/hub,Meme hub,HUB,factory/osmo1q77cw0mmlluxu0wr29fcdd0tdnh78gzhkvhe4n6ulal9qvrtu43qtd0nh8/hub,6,,osmosis,factory/osmo1q77cw0mmlluxu0wr29fcdd0tdnh78gzhkvhe4n6ulal9qvrtu43qtd0nh8/hub,native,2024-07-23T14:47:57.665Z,2024-06-15T14:48:43.934000,false,chain-metadata
osmosis,factory/osmo1q77cw0mmlluxu0wr29fcdd0tdnh78gzhkvhe4n6ulal9qvrtu43qtd0nh8/joebiden,Biden,JoeBiden,factory/osmo1q77cw0mmlluxu0wr29fcdd0tdnh78gzhkvhe4n6ulal9qvrtu43qtd0nh8/joebiden,6,,osmosis,factory/osmo1q77cw0mmlluxu0wr29fcdd0tdnh78gzhkvhe4n6ulal9qvrtu43qtd0nh8/joebiden,native,2024-07-23T14:47:57.666Z,2024-06-15T14:48:43.934000,false,chain-metadata
osmosis,factory/osmo1q77cw0mmlluxu0wr29fcdd0tdnh78gzhkvhe4n6ulal9qvrtu43qtd0nh8/jordy,Jordy bordella,Jordy,factory/osmo1q77cw0mmlluxu0wr29fcdd0tdnh78gzhkvhe4n6ulal9qvrtu43qtd0nh8/jordy,6,,osmosis,factory/osmo1q77cw0mmlluxu0wr29fcdd0tdnh78gzhkvhe4n6ulal9qvrtu43qtd0nh8/jordy,native,2024-07-23T14:47:57.666Z,2024-06-15T14:48:43.934000,false,chain-metadata
osmosis,factory/osmo1q77cw0mmlluxu0wr29fcdd0tdnh78gzhkvhe4n6ulal9qvrtu43qtd0nh8/msck,MS Cookie,MSCk,factory/osmo1q77cw0mmlluxu0wr29fcdd0tdnh78gzhkvhe4n6ulal9qvrtu43qtd0nh8/msck,6,,osmosis,factory/osmo1q77cw0mmlluxu0wr29fcdd0tdnh78gzhkvhe4n6ulal9qvrtu43qtd0nh8/msck,native,2024-07-23T14:47:57.670Z,2024-06-15T14:48:43.934000,false,chain-metadata
osmosis,factory/osmo1q77cw0mmlluxu0wr29fcdd0tdnh78gzhkvhe4n6ulal9qvrtu43qtd0nh8/mike,mikecoin,MIKE,factory/osmo1q77cw0mmlluxu0wr29fcdd0tdnh78gzhkvhe4n6ulal9qvrtu43qtd0nh8/mike,6,,osmosis,factory/osmo1q77cw0mmlluxu0wr29fcdd0tdnh78gzhkvhe4n6ulal9qvrtu43qtd0nh8/mike,native,2024-07-23T14:47:57.670Z,2024-06-15T14:48:43.934000,false,chain-metadata
osmosis,factory/osmo1q77cw0mmlluxu0wr29fcdd0tdnh78gzhkvhe4n6ulal9qvrtu43qtd0nh8/peaz,Hopewell,Peaz,factory/osmo1q77cw0mmlluxu0wr29fcdd0tdnh78gzhkvhe4n6ulal9qvrtu43qtd0nh8/peaz,6,,osmosis,factory/osmo1q77cw0mmlluxu0wr29fcdd0tdnh78gzhkvhe4n6ulal9qvrtu43qtd0nh8/peaz,native,2024-07-23T14:47:57.672Z,2024-06-15T14:48:43.934000,false,chain-metadata
osmosis,factory/osmo1q77cw0mmlluxu0wr29fcdd0tdnh78gzhkvhe4n6ulal9qvrtu43qtd0nh8/otn,OOTANI,OTN,factory/osmo1q77cw0mmlluxu0wr29fcdd0tdnh78gzhkvhe4n6ulal9qvrtu43qtd0nh8/otn,6,,osmosis,factory/osmo1q77cw0mmlluxu0wr29fcdd0tdnh78gzhkvhe4n6ulal9qvrtu43qtd0nh8/otn,native,2024-07-23T14:47:57.672Z,2024-06-15T14:48:43.934000,false,chain-metadata
osmosis,factory/osmo1q77cw0mmlluxu0wr29fcdd0tdnh78gzhkvhe4n6ulal9qvrtu43qtd0nh8/pix,PIXL,PIX,factory/osmo1q77cw0mmlluxu0wr29fcdd0tdnh78gzhkvhe4n6ulal9qvrtu43qtd0nh8/pix,6,,osmosis,factory/osmo1q77cw0mmlluxu0wr29fcdd0tdnh78gzhkvhe4n6ulal9qvrtu43qtd0nh8/pix,native,2024-07-23T14:47:57.672Z,2024-06-15T14:48:43.934000,false,chain-metadata
osmosis,factory/osmo1q77cw0mmlluxu0wr29fcdd0tdnh78gzhkvhe4n6ulal9qvrtu43qtd0nh8/puwa,PussyWagon,PuWa,factory/osmo1q77cw0mmlluxu0wr29fcdd0tdnh78gzhkvhe4n6ulal9qvrtu43qtd0nh8/puwa,6,,osmosis,factory/osmo1q77cw0mmlluxu0wr29fcdd0tdnh78gzhkvhe4n6ulal9qvrtu43qtd0nh8/puwa,native,2024-07-23T14:47:57.673Z,2024-06-15T14:48:43.934000,false,chain-metadata
osmosis,factory/osmo1q77cw0mmlluxu0wr29fcdd0tdnh78gzhkvhe4n6ulal9qvrtu43qtd0nh8/trendy,TRENDY,TRENDY,factory/osmo1q77cw0mmlluxu0wr29fcdd0tdnh78gzhkvhe4n6ulal9qvrtu43qtd0nh8/trendy,6,,osmosis,factory/osmo1q77cw0mmlluxu0wr29fcdd0tdnh78gzhkvhe4n6ulal9qvrtu43qtd0nh8/trendy,native,2024-07-23T14:47:57.676Z,2024-06-15T14:48:43.934000,false,chain-metadata
osmosis,factory/osmo1q77cw0mmlluxu0wr29fcdd0tdnh78gzhkvhe4n6ulal9qvrtu43qtd0nh8/tnk,Tank,TNK,factory/osmo1q77cw0mmlluxu0wr29fcdd0tdnh78gzhkvhe4n6ulal9qvrtu43qtd0nh8/tnk,6,,osmosis,factory/osmo1q77cw0mmlluxu0wr29fcdd0tdnh78gzhkvhe4n6ulal9qvrtu43qtd0nh8/tnk,native,2024-07-23T14:47:57.676Z,2024-06-15T14:48:43.934000,false,chain-metadata
osmosis,factory/osmo1q77cw0mmlluxu0wr29fcdd0tdnh78gzhkvhe4n6ulal9qvrtu43qtd0nh8/testxz,testxz,testxz,factory/osmo1q77cw0mmlluxu0wr29fcdd0tdnh78gzhkvhe4n6ulal9qvrtu43qtd0nh8/testxz,6,,osmosis,factory/osmo1q77cw0mmlluxu0wr29fcdd0tdnh78gzhkvhe4n6ulal9qvrtu43qtd0nh8/testxz,native,2024-07-23T14:47:57.676Z,2024-06-15T14:48:43.934000,false,chain-metadata
osmosis,factory/osmo1q77cw0mmlluxu0wr29fcdd0tdnh78gzhkvhe4n6ulal9qvrtu43qtd0nh8/trumpinator,TrumpiNATOR,Trumpinator,factory/osmo1q77cw0mmlluxu0wr29fcdd0tdnh78gzhkvhe4n6ulal9qvrtu43qtd0nh8/trumpinator,6,,osmosis,factory/osmo1q77cw0mmlluxu0wr29fcdd0tdnh78gzhkvhe4n6ulal9qvrtu43qtd0nh8/trumpinator,native,2024-07-23T14:47:57.676Z,2024-06-15T14:48:43.934000,false,chain-metadata
osmosis,factory/osmo1q77cw0mmlluxu0wr29fcdd0tdnh78gzhkvhe4n6ulal9qvrtu43qtd0nh8/wom,Wombat,wom,factory/osmo1q77cw0mmlluxu0wr29fcdd0tdnh78gzhkvhe4n6ulal9qvrtu43qtd0nh8/wom,6,,osmosis,factory/osmo1q77cw0mmlluxu0wr29fcdd0tdnh78gzhkvhe4n6ulal9qvrtu43qtd0nh8/wom,native,2024-07-23T14:47:57.677Z,2024-06-15T14:48:43.934000,false,chain-metadata
osmosis,factory/osmo1q77cw0mmlluxu0wr29fcdd0tdnh78gzhkvhe4n6ulal9qvrtu43qtd0nh8/zkscam,ZkScam,ZkScam,factory/osmo1q77cw0mmlluxu0wr29fcdd0tdnh78gzhkvhe4n6ulal9qvrtu43qtd0nh8/zkscam,6,,osmosis,factory/osmo1q77cw0mmlluxu0wr29fcdd0tdnh78gzhkvhe4n6ulal9qvrtu43qtd0nh8/zkscam,native,2024-07-23T14:47:57.678Z,2024-06-15T14:48:43.934000,false,chain-metadata
osmosis,factory/osmo1q77cw0mmlluxu0wr29fcdd0tdnh78gzhkvhe4n6ulal9qvrtu43qtd0nh8/zenh,Zenith,ZENH,factory/osmo1q77cw0mmlluxu0wr29fcdd0tdnh78gzhkvhe4n6ulal9qvrtu43qtd0nh8/zenh,6,,osmosis,factory/osmo1q77cw0mmlluxu0wr29fcdd0tdnh78gzhkvhe4n6ulal9qvrtu43qtd0nh8/zenh,native,2024-07-23T14:47:57.678Z,2024-06-15T14:48:43.934000,false,chain-metadata
osmosis,gamm/pool/1861,,,GAMM-1861,18,,osmosis,gamm/pool/1861,native,2024-07-23T14:47:57.690Z,2024-06-15T14:48:43.934000,false,chain-metadata
osmosis,gamm/pool/1862,,,GAMM-1862,18,,osmosis,gamm/pool/1862,native,2024-07-23T14:47:57.690Z,2024-06-15T14:48:43.934000,false,chain-metadata
osmosis,gamm/pool/1859,,,GAMM-1859,18,,osmosis,gamm/pool/1859,native,2024-07-23T14:47:57.690Z,2024-06-15T14:48:43.934000,false,chain-metadata
osmosis,factory/osmo1q77cw0mmlluxu0wr29fcdd0tdnh78gzhkvhe4n6ulal9qvrtu43qtd0nh8/cos,Chaos,cos,factory/osmo1q77cw0mmlluxu0wr29fcdd0tdnh78gzhkvhe4n6ulal9qvrtu43qtd0nh8/cos,6,,osmosis,factory/osmo1q77cw0mmlluxu0wr29fcdd0tdnh78gzhkvhe4n6ulal9qvrtu43qtd0nh8/cos,native,2024-07-23T14:47:57.661Z,2024-05-02T17:43:17.624000,false,chain-metadata
osmosis,factory/osmo1q77cw0mmlluxu0wr29fcdd0tdnh78gzhkvhe4n6ulal9qvrtu43qtd0nh8/chef,Chef,Chef,factory/osmo1q77cw0mmlluxu0wr29fcdd0tdnh78gzhkvhe4n6ulal9qvrtu43qtd0nh8/chef,6,,osmosis,factory/osmo1q77cw0mmlluxu0wr29fcdd0tdnh78gzhkvhe4n6ulal9qvrtu43qtd0nh8/chef,native,2024-07-23T14:47:57.661Z,2024-05-02T17:43:17.624000,false,chain-metadata
osmosis,factory/osmo1q77cw0mmlluxu0wr29fcdd0tdnh78gzhkvhe4n6ulal9qvrtu43qtd0nh8/ckng,start.cooking,CKNG,factory/osmo1q77cw0mmlluxu0wr29fcdd0tdnh78gzhkvhe4n6ulal9qvrtu43qtd0nh8/ckng,6,,osmosis,factory/osmo1q77cw0mmlluxu0wr29fcdd0tdnh78gzhkvhe4n6ulal9qvrtu43qtd0nh8/ckng,native,2024-07-23T14:47:57.661Z,2024-05-02T17:43:17.624000,false,chain-metadata
osmosis,factory/osmo1q77cw0mmlluxu0wr29fcdd0tdnh78gzhkvhe4n6ulal9qvrtu43qtd0nh8/chc,chocolate,CHC,factory/osmo1q77cw0mmlluxu0wr29fcdd0tdnh78gzhkvhe4n6ulal9qvrtu43qtd0nh8/chc,6,,osmosis,factory/osmo1q77cw0mmlluxu0wr29fcdd0tdnh78gzhkvhe4n6ulal9qvrtu43qtd0nh8/chc,native,2024-07-23T14:47:57.661Z,2024-05-02T17:43:17.624000,false,chain-metadata
osmosis,factory/osmo1q77cw0mmlluxu0wr29fcdd0tdnh78gzhkvhe4n6ulal9qvrtu43qtd0nh8/chili,Hot Chili,CHILI,factory/osmo1q77cw0mmlluxu0wr29fcdd0tdnh78gzhkvhe4n6ulal9qvrtu43qtd0nh8/chili,6,,osmosis,factory/osmo1q77cw0mmlluxu0wr29fcdd0tdnh78gzhkvhe4n6ulal9qvrtu43qtd0nh8/chili,native,2024-07-23T14:47:57.661Z,2024-05-02T17:43:17.624000,false,chain-metadata
osmosis,factory/osmo1q77cw0mmlluxu0wr29fcdd0tdnh78gzhkvhe4n6ulal9qvrtu43qtd0nh8/comy,CommunistDao,COMY,factory/osmo1q77cw0mmlluxu0wr29fcdd0tdnh78gzhkvhe4n6ulal9qvrtu43qtd0nh8/comy,6,,osmosis,factory/osmo1q77cw0mmlluxu0wr29fcdd0tdnh78gzhkvhe4n6ulal9qvrtu43qtd0nh8/comy,native,2024-07-23T14:47:57.661Z,2024-05-02T17:43:17.624000,false,chain-metadata
osmosis,factory/osmo1q77cw0mmlluxu0wr29fcdd0tdnh78gzhkvhe4n6ulal9qvrtu43qtd0nh8/cle,CryptoLazerEyez,CLE,factory/osmo1q77cw0mmlluxu0wr29fcdd0tdnh78gzhkvhe4n6ulal9qvrtu43qtd0nh8/cle,6,,osmosis,factory/osmo1q77cw0mmlluxu0wr29fcdd0tdnh78gzhkvhe4n6ulal9qvrtu43qtd0nh8/cle,native,2024-07-23T14:47:57.661Z,2024-05-02T17:43:17.624000,false,chain-metadata
osmosis,factory/osmo1q77cw0mmlluxu0wr29fcdd0tdnh78gzhkvhe4n6ulal9qvrtu43qtd0nh8/cooking,cook,cooking,factory/osmo1q77cw0mmlluxu0wr29fcdd0tdnh78gzhkvhe4n6ulal9qvrtu43qtd0nh8/cooking,6,,osmosis,factory/osmo1q77cw0mmlluxu0wr29fcdd0tdnh78gzhkvhe4n6ulal9qvrtu43qtd0nh8/cooking,native,2024-07-23T14:47:57.661Z,2024-05-02T17:43:17.624000,false,chain-metadata
osmosis,factory/osmo1q77cw0mmlluxu0wr29fcdd0tdnh78gzhkvhe4n6ulal9qvrtu43qtd0nh8/cooc,Paolo,Cooc,factory/osmo1q77cw0mmlluxu0wr29fcdd0tdnh78gzhkvhe4n6ulal9qvrtu43qtd0nh8/cooc,6,,osmosis,factory/osmo1q77cw0mmlluxu0wr29fcdd0tdnh78gzhkvhe4n6ulal9qvrtu43qtd0nh8/cooc,native,2024-07-23T14:47:57.661Z,2024-05-02T17:43:17.624000,false,chain-metadata
osmosis,factory/osmo1q77cw0mmlluxu0wr29fcdd0tdnh78gzhkvhe4n6ulal9qvrtu43qtd0nh8/cooker,HUNTER,cooker,factory/osmo1q77cw0mmlluxu0wr29fcdd0tdnh78gzhkvhe4n6ulal9qvrtu43qtd0nh8/cooker,6,,osmosis,factory/osmo1q77cw0mmlluxu0wr29fcdd0tdnh78gzhkvhe4n6ulal9qvrtu43qtd0nh8/cooker,native,2024-07-23T14:47:57.661Z,2024-05-02T17:43:17.624000,false,chain-metadata
osmosis,factory/osmo1q77cw0mmlluxu0wr29fcdd0tdnh78gzhkvhe4n6ulal9qvrtu43qtd0nh8/cof,Crypto on Fire,CoF,factory/osmo1q77cw0mmlluxu0wr29fcdd0tdnh78gzhkvhe4n6ulal9qvrtu43qtd0nh8/cof,6,,osmosis,factory/osmo1q77cw0mmlluxu0wr29fcdd0tdnh78gzhkvhe4n6ulal9qvrtu43qtd0nh8/cof,native,2024-07-23T14:47:57.661Z,2024-05-02T17:43:17.624000,false,chain-metadata
osmosis,factory/osmo1q77cw0mmlluxu0wr29fcdd0tdnh78gzhkvhe4n6ulal9qvrtu43qtd0nh8/cheff,MasterChef,CHEFF,factory/osmo1q77cw0mmlluxu0wr29fcdd0tdnh78gzhkvhe4n6ulal9qvrtu43qtd0nh8/cheff,6,,osmosis,factory/osmo1q77cw0mmlluxu0wr29fcdd0tdnh78gzhkvhe4n6ulal9qvrtu43qtd0nh8/cheff,native,2024-07-23T14:47:57.661Z,2024-05-02T17:43:17.624000,false,chain-metadata
osmosis,factory/osmo1q77cw0mmlluxu0wr29fcdd0tdnh78gzhkvhe4n6ulal9qvrtu43qtd0nh8/chi,Chikago1,CHI,factory/osmo1q77cw0mmlluxu0wr29fcdd0tdnh78gzhkvhe4n6ulal9qvrtu43qtd0nh8/chi,6,,osmosis,factory/osmo1q77cw0mmlluxu0wr29fcdd0tdnh78gzhkvhe4n6ulal9qvrtu43qtd0nh8/chi,native,2024-07-23T14:47:57.661Z,2024-05-02T17:43:17.624000,false,chain-metadata
osmosis,factory/osmo1q77cw0mmlluxu0wr29fcdd0tdnh78gzhkvhe4n6ulal9qvrtu43qtd0nh8/cosm,Cosmonauts,COSM,factory/osmo1q77cw0mmlluxu0wr29fcdd0tdnh78gzhkvhe4n6ulal9qvrtu43qtd0nh8/cosm,6,,osmosis,factory/osmo1q77cw0mmlluxu0wr29fcdd0tdnh78gzhkvhe4n6ulal9qvrtu43qtd0nh8/cosm,native,2024-07-23T14:47:57.661Z,2024-05-02T17:43:17.624000,false,chain-metadata
osmosis,factory/osmo1q77cw0mmlluxu0wr29fcdd0tdnh78gzhkvhe4n6ulal9qvrtu43qtd0nh8/corn,Osmocorn,CORN,factory/osmo1q77cw0mmlluxu0wr29fcdd0tdnh78gzhkvhe4n6ulal9qvrtu43qtd0nh8/corn,6,,osmosis,factory/osmo1q77cw0mmlluxu0wr29fcdd0tdnh78gzhkvhe4n6ulal9qvrtu43qtd0nh8/corn,native,2024-07-23T14:47:57.661Z,2024-05-02T17:43:17.624000,false,chain-metadata
osmosis,factory/osmo1q77cw0mmlluxu0wr29fcdd0tdnh78gzhkvhe4n6ulal9qvrtu43qtd0nh8/clippy,CLIPPY,CLIPPY,factory/osmo1q77cw0mmlluxu0wr29fcdd0tdnh78gzhkvhe4n6ulal9qvrtu43qtd0nh8/clippy,6,,osmosis,factory/osmo1q77cw0mmlluxu0wr29fcdd0tdnh78gzhkvhe4n6ulal9qvrtu43qtd0nh8/clippy,native,2024-07-23T14:47:57.661Z,2024-05-02T17:43:17.624000,false,chain-metadata
osmosis,factory/osmo1q77cw0mmlluxu0wr29fcdd0tdnh78gzhkvhe4n6ulal9qvrtu43qtd0nh8/chm,cryptohuman,chm,factory/osmo1q77cw0mmlluxu0wr29fcdd0tdnh78gzhkvhe4n6ulal9qvrtu43qtd0nh8/chm,6,,osmosis,factory/osmo1q77cw0mmlluxu0wr29fcdd0tdnh78gzhkvhe4n6ulal9qvrtu43qtd0nh8/chm,native,2024-07-23T14:47:57.661Z,2024-05-02T17:43:17.624000,false,chain-metadata
osmosis,factory/osmo1q77cw0mmlluxu0wr29fcdd0tdnh78gzhkvhe4n6ulal9qvrtu43qtd0nh8/cito,CRYPTOCITO,CITO,factory/osmo1q77cw0mmlluxu0wr29fcdd0tdnh78gzhkvhe4n6ulal9qvrtu43qtd0nh8/cito,6,,osmosis,factory/osmo1q77cw0mmlluxu0wr29fcdd0tdnh78gzhkvhe4n6ulal9qvrtu43qtd0nh8/cito,native,2024-07-23T14:47:57.661Z,2024-05-02T17:43:17.624000,false,chain-metadata
osmosis,factory/osmo1q77cw0mmlluxu0wr29fcdd0tdnh78gzhkvhe4n6ulal9qvrtu43qtd0nh8/crk,cirka,crk,factory/osmo1q77cw0mmlluxu0wr29fcdd0tdnh78gzhkvhe4n6ulal9qvrtu43qtd0nh8/crk,6,,osmosis,factory/osmo1q77cw0mmlluxu0wr29fcdd0tdnh78gzhkvhe4n6ulal9qvrtu43qtd0nh8/crk,native,2024-07-23T14:47:57.662Z,2024-05-02T17:43:17.624000,false,chain-metadata
osmosis,factory/osmo1q77cw0mmlluxu0wr29fcdd0tdnh78gzhkvhe4n6ulal9qvrtu43qtd0nh8/cvd,corvid,CVD,factory/osmo1q77cw0mmlluxu0wr29fcdd0tdnh78gzhkvhe4n6ulal9qvrtu43qtd0nh8/cvd,6,,osmosis,factory/osmo1q77cw0mmlluxu0wr29fcdd0tdnh78gzhkvhe4n6ulal9qvrtu43qtd0nh8/cvd,native,2024-07-23T14:47:57.662Z,2024-05-02T17:43:17.624000,false,chain-metadata
osmosis,factory/osmo1q77cw0mmlluxu0wr29fcdd0tdnh78gzhkvhe4n6ulal9qvrtu43qtd0nh8/dev,valardragon,DEV,factory/osmo1q77cw0mmlluxu0wr29fcdd0tdnh78gzhkvhe4n6ulal9qvrtu43qtd0nh8/dev,6,,osmosis,factory/osmo1q77cw0mmlluxu0wr29fcdd0tdnh78gzhkvhe4n6ulal9qvrtu43qtd0nh8/dev,native,2024-07-23T14:47:57.662Z,2024-05-02T17:43:17.624000,false,chain-metadata
osmosis,factory/osmo1q77cw0mmlluxu0wr29fcdd0tdnh78gzhkvhe4n6ulal9qvrtu43qtd0nh8/cuck,CUCK,CUCK,factory/osmo1q77cw0mmlluxu0wr29fcdd0tdnh78gzhkvhe4n6ulal9qvrtu43qtd0nh8/cuck,6,,osmosis,factory/osmo1q77cw0mmlluxu0wr29fcdd0tdnh78gzhkvhe4n6ulal9qvrtu43qtd0nh8/cuck,native,2024-07-23T14:47:57.662Z,2024-05-02T17:43:17.624000,false,chain-metadata
osmosis,factory/osmo1q77cw0mmlluxu0wr29fcdd0tdnh78gzhkvhe4n6ulal9qvrtu43qtd0nh8/czk,Czech Crown Coin,CZK,factory/osmo1q77cw0mmlluxu0wr29fcdd0tdnh78gzhkvhe4n6ulal9qvrtu43qtd0nh8/czk,6,,osmosis,factory/osmo1q77cw0mmlluxu0wr29fcdd0tdnh78gzhkvhe4n6ulal9qvrtu43qtd0nh8/czk,native,2024-07-23T14:47:57.662Z,2024-05-02T17:43:17.624000,false,chain-metadata
osmosis,factory/osmo1q77cw0mmlluxu0wr29fcdd0tdnh78gzhkvhe4n6ulal9qvrtu43qtd0nh8/dba,DYMENSION BORED APE,DBA,factory/osmo1q77cw0mmlluxu0wr29fcdd0tdnh78gzhkvhe4n6ulal9qvrtu43qtd0nh8/dba,6,,osmosis,factory/osmo1q77cw0mmlluxu0wr29fcdd0tdnh78gzhkvhe4n6ulal9qvrtu43qtd0nh8/dba,native,2024-07-23T14:47:57.662Z,2024-05-02T17:43:17.624000,false,chain-metadata
osmosis,factory/osmo1q77cw0mmlluxu0wr29fcdd0tdnh78gzhkvhe4n6ulal9qvrtu43qtd0nh8/crmh,CryptoMatcha,Crmh,factory/osmo1q77cw0mmlluxu0wr29fcdd0tdnh78gzhkvhe4n6ulal9qvrtu43qtd0nh8/crmh,6,,osmosis,factory/osmo1q77cw0mmlluxu0wr29fcdd0tdnh78gzhkvhe4n6ulal9qvrtu43qtd0nh8/crmh,native,2024-07-23T14:47:57.662Z,2024-05-02T17:43:17.624000,false,chain-metadata
osmosis,factory/osmo1q77cw0mmlluxu0wr29fcdd0tdnh78gzhkvhe4n6ulal9qvrtu43qtd0nh8/css,Celestine Sloth Society,CSS,factory/osmo1q77cw0mmlluxu0wr29fcdd0tdnh78gzhkvhe4n6ulal9qvrtu43qtd0nh8/css,6,,osmosis,factory/osmo1q77cw0mmlluxu0wr29fcdd0tdnh78gzhkvhe4n6ulal9qvrtu43qtd0nh8/css,native,2024-07-23T14:47:57.662Z,2024-05-02T17:43:17.624000,false,chain-metadata
osmosis,factory/osmo1q77cw0mmlluxu0wr29fcdd0tdnh78gzhkvhe4n6ulal9qvrtu43qtd0nh8/ctm,CATMIAOU,CTM,factory/osmo1q77cw0mmlluxu0wr29fcdd0tdnh78gzhkvhe4n6ulal9qvrtu43qtd0nh8/ctm,6,,osmosis,factory/osmo1q77cw0mmlluxu0wr29fcdd0tdnh78gzhkvhe4n6ulal9qvrtu43qtd0nh8/ctm,native,2024-07-23T14:47:57.662Z,2024-05-02T17:43:17.624000,false,chain-metadata
osmosis,factory/osmo1q77cw0mmlluxu0wr29fcdd0tdnh78gzhkvhe4n6ulal9qvrtu43qtd0nh8/dark,DarkLight,DARK,factory/osmo1q77cw0mmlluxu0wr29fcdd0tdnh78gzhkvhe4n6ulal9qvrtu43qtd0nh8/dark,6,,osmosis,factory/osmo1q77cw0mmlluxu0wr29fcdd0tdnh78gzhkvhe4n6ulal9qvrtu43qtd0nh8/dark,native,2024-07-23T14:47:57.662Z,2024-05-02T17:43:17.624000,false,chain-metadata
osmosis,factory/osmo1q77cw0mmlluxu0wr29fcdd0tdnh78gzhkvhe4n6ulal9qvrtu43qtd0nh8/dgo,DOGOsmo,DGO,factory/osmo1q77cw0mmlluxu0wr29fcdd0tdnh78gzhkvhe4n6ulal9qvrtu43qtd0nh8/dgo,6,,osmosis,factory/osmo1q77cw0mmlluxu0wr29fcdd0tdnh78gzhkvhe4n6ulal9qvrtu43qtd0nh8/dgo,native,2024-07-23T14:47:57.662Z,2024-05-02T17:43:17.624000,false,chain-metadata
osmosis,factory/osmo1q77cw0mmlluxu0wr29fcdd0tdnh78gzhkvhe4n6ulal9qvrtu43qtd0nh8/ctdchi,CookTheseDogAndCatsWithHatInu,CTDCHI,factory/osmo1q77cw0mmlluxu0wr29fcdd0tdnh78gzhkvhe4n6ulal9qvrtu43qtd0nh8/ctdchi,6,,osmosis,factory/osmo1q77cw0mmlluxu0wr29fcdd0tdnh78gzhkvhe4n6ulal9qvrtu43qtd0nh8/ctdchi,native,2024-07-23T14:47:57.662Z,2024-05-02T17:43:17.624000,false,chain-metadata
osmosis,factory/osmo1q77cw0mmlluxu0wr29fcdd0tdnh78gzhkvhe4n6ulal9qvrtu43qtd0nh8/don,DON,DON,factory/osmo1q77cw0mmlluxu0wr29fcdd0tdnh78gzhkvhe4n6ulal9qvrtu43qtd0nh8/don,6,,osmosis,factory/osmo1q77cw0mmlluxu0wr29fcdd0tdnh78gzhkvhe4n6ulal9qvrtu43qtd0nh8/don,native,2024-07-23T14:47:57.663Z,2024-05-02T17:43:17.624000,false,chain-metadata
osmosis,factory/osmo1q77cw0mmlluxu0wr29fcdd0tdnh78gzhkvhe4n6ulal9qvrtu43qtd0nh8/elonx,Bootleg Elon,ELONX,factory/osmo1q77cw0mmlluxu0wr29fcdd0tdnh78gzhkvhe4n6ulal9qvrtu43qtd0nh8/elonx,6,,osmosis,factory/osmo1q77cw0mmlluxu0wr29fcdd0tdnh78gzhkvhe4n6ulal9qvrtu43qtd0nh8/elonx,native,2024-07-23T14:47:57.663Z,2024-05-02T17:43:17.624000,false,chain-metadata
osmosis,factory/osmo1q77cw0mmlluxu0wr29fcdd0tdnh78gzhkvhe4n6ulal9qvrtu43qtd0nh8/eldn,Elodenath,ELDN,factory/osmo1q77cw0mmlluxu0wr29fcdd0tdnh78gzhkvhe4n6ulal9qvrtu43qtd0nh8/eldn,6,,osmosis,factory/osmo1q77cw0mmlluxu0wr29fcdd0tdnh78gzhkvhe4n6ulal9qvrtu43qtd0nh8/eldn,native,2024-07-23T14:47:57.663Z,2024-05-02T17:43:17.624000,false,chain-metadata
osmosis,factory/osmo1q77cw0mmlluxu0wr29fcdd0tdnh78gzhkvhe4n6ulal9qvrtu43qtd0nh8/egb,egbagger,egb,factory/osmo1q77cw0mmlluxu0wr29fcdd0tdnh78gzhkvhe4n6ulal9qvrtu43qtd0nh8/egb,6,,osmosis,factory/osmo1q77cw0mmlluxu0wr29fcdd0tdnh78gzhkvhe4n6ulal9qvrtu43qtd0nh8/egb,native,2024-07-23T14:47:57.663Z,2024-05-02T17:43:17.624000,false,chain-metadata
osmosis,factory/osmo1q77cw0mmlluxu0wr29fcdd0tdnh78gzhkvhe4n6ulal9qvrtu43qtd0nh8/enode,Elon Nodes Token,ENODE,factory/osmo1q77cw0mmlluxu0wr29fcdd0tdnh78gzhkvhe4n6ulal9qvrtu43qtd0nh8/enode,6,,osmosis,factory/osmo1q77cw0mmlluxu0wr29fcdd0tdnh78gzhkvhe4n6ulal9qvrtu43qtd0nh8/enode,native,2024-07-23T14:47:57.663Z,2024-05-02T17:43:17.624000,false,chain-metadata
osmosis,factory/osmo1q77cw0mmlluxu0wr29fcdd0tdnh78gzhkvhe4n6ulal9qvrtu43qtd0nh8/dokwon,DoKwon,DOKWON,factory/osmo1q77cw0mmlluxu0wr29fcdd0tdnh78gzhkvhe4n6ulal9qvrtu43qtd0nh8/dokwon,6,,osmosis,factory/osmo1q77cw0mmlluxu0wr29fcdd0tdnh78gzhkvhe4n6ulal9qvrtu43qtd0nh8/dokwon,native,2024-07-23T14:47:57.663Z,2024-05-02T17:43:17.624000,false,chain-metadata
osmosis,factory/osmo1q77cw0mmlluxu0wr29fcdd0tdnh78gzhkvhe4n6ulal9qvrtu43qtd0nh8/dnbtc,DoNotBuyThisCoin,DNBTC,factory/osmo1q77cw0mmlluxu0wr29fcdd0tdnh78gzhkvhe4n6ulal9qvrtu43qtd0nh8/dnbtc,6,,osmosis,factory/osmo1q77cw0mmlluxu0wr29fcdd0tdnh78gzhkvhe4n6ulal9qvrtu43qtd0nh8/dnbtc,native,2024-07-23T14:47:57.663Z,2024-05-02T17:43:17.624000,false,chain-metadata
osmosis,factory/osmo1q77cw0mmlluxu0wr29fcdd0tdnh78gzhkvhe4n6ulal9qvrtu43qtd0nh8/dosci,DogScientist,DOSCI,factory/osmo1q77cw0mmlluxu0wr29fcdd0tdnh78gzhkvhe4n6ulal9qvrtu43qtd0nh8/dosci,6,,osmosis,factory/osmo1q77cw0mmlluxu0wr29fcdd0tdnh78gzhkvhe4n6ulal9qvrtu43qtd0nh8/dosci,native,2024-07-23T14:47:57.663Z,2024-05-02T17:43:17.624000,false,chain-metadata
osmosis,factory/osmo1q77cw0mmlluxu0wr29fcdd0tdnh78gzhkvhe4n6ulal9qvrtu43qtd0nh8/elon,Elon Musk,ELON,factory/osmo1q77cw0mmlluxu0wr29fcdd0tdnh78gzhkvhe4n6ulal9qvrtu43qtd0nh8/elon,6,,osmosis,factory/osmo1q77cw0mmlluxu0wr29fcdd0tdnh78gzhkvhe4n6ulal9qvrtu43qtd0nh8/elon,native,2024-07-23T14:47:57.663Z,2024-05-02T17:43:17.624000,false,chain-metadata
osmosis,factory/osmo1q77cw0mmlluxu0wr29fcdd0tdnh78gzhkvhe4n6ulal9qvrtu43qtd0nh8/doggy,DOGGY CHEF,DOGGY,factory/osmo1q77cw0mmlluxu0wr29fcdd0tdnh78gzhkvhe4n6ulal9qvrtu43qtd0nh8/doggy,6,,osmosis,factory/osmo1q77cw0mmlluxu0wr29fcdd0tdnh78gzhkvhe4n6ulal9qvrtu43qtd0nh8/doggy,native,2024-07-23T14:47:57.663Z,2024-05-02T17:43:17.624000,false,chain-metadata
osmosis,factory/osmo1q77cw0mmlluxu0wr29fcdd0tdnh78gzhkvhe4n6ulal9qvrtu43qtd0nh8/dul,Dudule,DUL,factory/osmo1q77cw0mmlluxu0wr29fcdd0tdnh78gzhkvhe4n6ulal9qvrtu43qtd0nh8/dul,6,,osmosis,factory/osmo1q77cw0mmlluxu0wr29fcdd0tdnh78gzhkvhe4n6ulal9qvrtu43qtd0nh8/dul,native,2024-07-23T14:47:57.663Z,2024-05-02T17:43:17.624000,false,chain-metadata
osmosis,factory/osmo1q77cw0mmlluxu0wr29fcdd0tdnh78gzhkvhe4n6ulal9qvrtu43qtd0nh8/fart,Ray Fartberrry,FART,factory/osmo1q77cw0mmlluxu0wr29fcdd0tdnh78gzhkvhe4n6ulal9qvrtu43qtd0nh8/fart,6,,osmosis,factory/osmo1q77cw0mmlluxu0wr29fcdd0tdnh78gzhkvhe4n6ulal9qvrtu43qtd0nh8/fart,native,2024-07-23T14:47:57.664Z,2024-05-02T17:43:17.624000,false,chain-metadata
osmosis,factory/osmo1q77cw0mmlluxu0wr29fcdd0tdnh78gzhkvhe4n6ulal9qvrtu43qtd0nh8/finn,FINN Token,FINN,factory/osmo1q77cw0mmlluxu0wr29fcdd0tdnh78gzhkvhe4n6ulal9qvrtu43qtd0nh8/finn,6,,osmosis,factory/osmo1q77cw0mmlluxu0wr29fcdd0tdnh78gzhkvhe4n6ulal9qvrtu43qtd0nh8/finn,native,2024-07-23T14:47:57.664Z,2024-05-02T17:43:17.624000,false,chain-metadata
osmosis,factory/osmo1q77cw0mmlluxu0wr29fcdd0tdnh78gzhkvhe4n6ulal9qvrtu43qtd0nh8/food,Tba soon,FOOD,factory/osmo1q77cw0mmlluxu0wr29fcdd0tdnh78gzhkvhe4n6ulal9qvrtu43qtd0nh8/food,6,,osmosis,factory/osmo1q77cw0mmlluxu0wr29fcdd0tdnh78gzhkvhe4n6ulal9qvrtu43qtd0nh8/food,native,2024-07-23T14:47:57.664Z,2024-05-02T17:43:17.624000,false,chain-metadata
osmosis,factory/osmo1q77cw0mmlluxu0wr29fcdd0tdnh78gzhkvhe4n6ulal9qvrtu43qtd0nh8/foxy,Foxion,FOXY,factory/osmo1q77cw0mmlluxu0wr29fcdd0tdnh78gzhkvhe4n6ulal9qvrtu43qtd0nh8/foxy,6,,osmosis,factory/osmo1q77cw0mmlluxu0wr29fcdd0tdnh78gzhkvhe4n6ulal9qvrtu43qtd0nh8/foxy,native,2024-07-23T14:47:57.664Z,2024-05-02T17:43:17.624000,false,chain-metadata
osmosis,factory/osmo1q77cw0mmlluxu0wr29fcdd0tdnh78gzhkvhe4n6ulal9qvrtu43qtd0nh8/fefe,FEFE,FEFE,factory/osmo1q77cw0mmlluxu0wr29fcdd0tdnh78gzhkvhe4n6ulal9qvrtu43qtd0nh8/fefe,6,,osmosis,factory/osmo1q77cw0mmlluxu0wr29fcdd0tdnh78gzhkvhe4n6ulal9qvrtu43qtd0nh8/fefe,native,2024-07-23T14:47:57.664Z,2024-05-02T17:43:17.624000,false,chain-metadata
osmosis,factory/osmo1q77cw0mmlluxu0wr29fcdd0tdnh78gzhkvhe4n6ulal9qvrtu43qtd0nh8/fco,Free Cookies,FCO,factory/osmo1q77cw0mmlluxu0wr29fcdd0tdnh78gzhkvhe4n6ulal9qvrtu43qtd0nh8/fco,6,,osmosis,factory/osmo1q77cw0mmlluxu0wr29fcdd0tdnh78gzhkvhe4n6ulal9qvrtu43qtd0nh8/fco,native,2024-07-23T14:47:57.664Z,2024-05-02T17:43:17.624000,false,chain-metadata
osmosis,factory/osmo1q77cw0mmlluxu0wr29fcdd0tdnh78gzhkvhe4n6ulal9qvrtu43qtd0nh8/fcp,Fetycryp1900,FCP,factory/osmo1q77cw0mmlluxu0wr29fcdd0tdnh78gzhkvhe4n6ulal9qvrtu43qtd0nh8/fcp,6,,osmosis,factory/osmo1q77cw0mmlluxu0wr29fcdd0tdnh78gzhkvhe4n6ulal9qvrtu43qtd0nh8/fcp,native,2024-07-23T14:47:57.664Z,2024-05-02T17:43:17.624000,false,chain-metadata
osmosis,factory/osmo1q77cw0mmlluxu0wr29fcdd0tdnh78gzhkvhe4n6ulal9qvrtu43qtd0nh8/fps,FreePalestine,FPS,factory/osmo1q77cw0mmlluxu0wr29fcdd0tdnh78gzhkvhe4n6ulal9qvrtu43qtd0nh8/fps,6,,osmosis,factory/osmo1q77cw0mmlluxu0wr29fcdd0tdnh78gzhkvhe4n6ulal9qvrtu43qtd0nh8/fps,native,2024-07-23T14:47:57.664Z,2024-05-02T17:43:17.624000,false,chain-metadata
osmosis,factory/osmo1q77cw0mmlluxu0wr29fcdd0tdnh78gzhkvhe4n6ulal9qvrtu43qtd0nh8/offcoin,OFFCOIN,OFFCOIN,factory/osmo1q77cw0mmlluxu0wr29fcdd0tdnh78gzhkvhe4n6ulal9qvrtu43qtd0nh8/offcoin,6,,osmosis,factory/osmo1q77cw0mmlluxu0wr29fcdd0tdnh78gzhkvhe4n6ulal9qvrtu43qtd0nh8/offcoin,native,2024-07-23T14:47:57.671Z,2024-05-04T02:25:27.730000,false,chain-metadata
osmosis,factory/osmo1q77cw0mmlluxu0wr29fcdd0tdnh78gzhkvhe4n6ulal9qvrtu43qtd0nh8/omniflix,KJO,omniflix,factory/osmo1q77cw0mmlluxu0wr29fcdd0tdnh78gzhkvhe4n6ulal9qvrtu43qtd0nh8/omniflix,6,,osmosis,factory/osmo1q77cw0mmlluxu0wr29fcdd0tdnh78gzhkvhe4n6ulal9qvrtu43qtd0nh8/omniflix,native,2024-07-23T14:47:57.671Z,2024-05-04T02:25:27.730000,false,chain-metadata
osmosis,factory/osmo1q77cw0mmlluxu0wr29fcdd0tdnh78gzhkvhe4n6ulal9qvrtu43qtd0nh8/o59,O59,O59,factory/osmo1q77cw0mmlluxu0wr29fcdd0tdnh78gzhkvhe4n6ulal9qvrtu43qtd0nh8/o59,6,,osmosis,factory/osmo1q77cw0mmlluxu0wr29fcdd0tdnh78gzhkvhe4n6ulal9qvrtu43qtd0nh8/o59,native,2024-07-23T14:47:57.671Z,2024-05-04T02:25:27.730000,false,chain-metadata
osmosis,factory/osmo1q77cw0mmlluxu0wr29fcdd0tdnh78gzhkvhe4n6ulal9qvrtu43qtd0nh8/opoc,OooPieceOfCandy,OPOC,factory/osmo1q77cw0mmlluxu0wr29fcdd0tdnh78gzhkvhe4n6ulal9qvrtu43qtd0nh8/opoc,6,,osmosis,factory/osmo1q77cw0mmlluxu0wr29fcdd0tdnh78gzhkvhe4n6ulal9qvrtu43qtd0nh8/opoc,native,2024-07-23T14:47:57.671Z,2024-05-04T02:25:27.730000,false,chain-metadata
osmosis,factory/osmo1q77cw0mmlluxu0wr29fcdd0tdnh78gzhkvhe4n6ulal9qvrtu43qtd0nh8/pasta,Pasta,PASTA,factory/osmo1q77cw0mmlluxu0wr29fcdd0tdnh78gzhkvhe4n6ulal9qvrtu43qtd0nh8/pasta,6,,osmosis,factory/osmo1q77cw0mmlluxu0wr29fcdd0tdnh78gzhkvhe4n6ulal9qvrtu43qtd0nh8/pasta,native,2024-07-23T14:47:57.672Z,2024-05-04T02:25:27.730000,false,chain-metadata
osmosis,factory/osmo1q77cw0mmlluxu0wr29fcdd0tdnh78gzhkvhe4n6ulal9qvrtu43qtd0nh8/pope,POPE,POPE,factory/osmo1q77cw0mmlluxu0wr29fcdd0tdnh78gzhkvhe4n6ulal9qvrtu43qtd0nh8/pope,6,,osmosis,factory/osmo1q77cw0mmlluxu0wr29fcdd0tdnh78gzhkvhe4n6ulal9qvrtu43qtd0nh8/pope,native,2024-07-23T14:47:57.672Z,2024-05-04T02:25:27.730000,false,chain-metadata
osmosis,factory/osmo1q77cw0mmlluxu0wr29fcdd0tdnh78gzhkvhe4n6ulal9qvrtu43qtd0nh8/pirate,Pirate,PIRATE,factory/osmo1q77cw0mmlluxu0wr29fcdd0tdnh78gzhkvhe4n6ulal9qvrtu43qtd0nh8/pirate,6,,osmosis,factory/osmo1q77cw0mmlluxu0wr29fcdd0tdnh78gzhkvhe4n6ulal9qvrtu43qtd0nh8/pirate,native,2024-07-23T14:47:57.672Z,2024-05-04T02:25:27.730000,false,chain-metadata
osmosis,factory/osmo1q77cw0mmlluxu0wr29fcdd0tdnh78gzhkvhe4n6ulal9qvrtu43qtd0nh8/pizza,Pizza!,PIZZA,factory/osmo1q77cw0mmlluxu0wr29fcdd0tdnh78gzhkvhe4n6ulal9qvrtu43qtd0nh8/pizza,6,,osmosis,factory/osmo1q77cw0mmlluxu0wr29fcdd0tdnh78gzhkvhe4n6ulal9qvrtu43qtd0nh8/pizza,native,2024-07-23T14:47:57.672Z,2024-05-04T02:25:27.730000,false,chain-metadata
osmosis,factory/osmo1q77cw0mmlluxu0wr29fcdd0tdnh78gzhkvhe4n6ulal9qvrtu43qtd0nh8/pepew,PEPEPOW,PEPEW,factory/osmo1q77cw0mmlluxu0wr29fcdd0tdnh78gzhkvhe4n6ulal9qvrtu43qtd0nh8/pepew,6,,osmosis,factory/osmo1q77cw0mmlluxu0wr29fcdd0tdnh78gzhkvhe4n6ulal9qvrtu43qtd0nh8/pepew,native,2024-07-23T14:47:57.672Z,2024-05-04T02:25:27.730000,false,chain-metadata
osmosis,factory/osmo1q77cw0mmlluxu0wr29fcdd0tdnh78gzhkvhe4n6ulal9qvrtu43qtd0nh8/pdd,PorcoDdio,PDd,factory/osmo1q77cw0mmlluxu0wr29fcdd0tdnh78gzhkvhe4n6ulal9qvrtu43qtd0nh8/pdd,6,,osmosis,factory/osmo1q77cw0mmlluxu0wr29fcdd0tdnh78gzhkvhe4n6ulal9qvrtu43qtd0nh8/pdd,native,2024-07-23T14:47:57.672Z,2024-05-04T02:25:27.730000,false,chain-metadata
osmosis,factory/osmo1q77cw0mmlluxu0wr29fcdd0tdnh78gzhkvhe4n6ulal9qvrtu43qtd0nh8/pep,Pepper,PEP,factory/osmo1q77cw0mmlluxu0wr29fcdd0tdnh78gzhkvhe4n6ulal9qvrtu43qtd0nh8/pep,6,,osmosis,factory/osmo1q77cw0mmlluxu0wr29fcdd0tdnh78gzhkvhe4n6ulal9qvrtu43qtd0nh8/pep,native,2024-07-23T14:47:57.672Z,2024-05-04T02:25:27.730000,false,chain-metadata
osmosis,factory/osmo1q77cw0mmlluxu0wr29fcdd0tdnh78gzhkvhe4n6ulal9qvrtu43qtd0nh8/ozzy,Ozzy Rekt Cat,Ozzy,factory/osmo1q77cw0mmlluxu0wr29fcdd0tdnh78gzhkvhe4n6ulal9qvrtu43qtd0nh8/ozzy,6,,osmosis,factory/osmo1q77cw0mmlluxu0wr29fcdd0tdnh78gzhkvhe4n6ulal9qvrtu43qtd0nh8/ozzy,native,2024-07-23T14:47:57.672Z,2024-05-04T02:25:27.730000,false,chain-metadata
osmosis,factory/osmo1q77cw0mmlluxu0wr29fcdd0tdnh78gzhkvhe4n6ulal9qvrtu43qtd0nh8/pxetko,PutinXiElonTrumpKimOrban,PXETKO,factory/osmo1q77cw0mmlluxu0wr29fcdd0tdnh78gzhkvhe4n6ulal9qvrtu43qtd0nh8/pxetko,6,,osmosis,factory/osmo1q77cw0mmlluxu0wr29fcdd0tdnh78gzhkvhe4n6ulal9qvrtu43qtd0nh8/pxetko,native,2024-07-23T14:47:57.673Z,2024-05-04T02:25:27.730000,false,chain-metadata
osmosis,factory/osmo1q77cw0mmlluxu0wr29fcdd0tdnh78gzhkvhe4n6ulal9qvrtu43qtd0nh8/psst,SecretAirdrop,Psst,factory/osmo1q77cw0mmlluxu0wr29fcdd0tdnh78gzhkvhe4n6ulal9qvrtu43qtd0nh8/psst,6,,osmosis,factory/osmo1q77cw0mmlluxu0wr29fcdd0tdnh78gzhkvhe4n6ulal9qvrtu43qtd0nh8/psst,native,2024-07-23T14:47:57.673Z,2024-05-04T02:25:27.730000,false,chain-metadata
osmosis,factory/osmo1q77cw0mmlluxu0wr29fcdd0tdnh78gzhkvhe4n6ulal9qvrtu43qtd0nh8/ptsc,PATUS WORLD COSMOS,PTSC,factory/osmo1q77cw0mmlluxu0wr29fcdd0tdnh78gzhkvhe4n6ulal9qvrtu43qtd0nh8/ptsc,6,,osmosis,factory/osmo1q77cw0mmlluxu0wr29fcdd0tdnh78gzhkvhe4n6ulal9qvrtu43qtd0nh8/ptsc,native,2024-07-23T14:47:57.673Z,2024-05-04T02:25:27.730000,false,chain-metadata
osmosis,factory/osmo1q77cw0mmlluxu0wr29fcdd0tdnh78gzhkvhe4n6ulal9qvrtu43qtd0nh8/rekt,Rekt Token,REKT,factory/osmo1q77cw0mmlluxu0wr29fcdd0tdnh78gzhkvhe4n6ulal9qvrtu43qtd0nh8/rekt,6,,osmosis,factory/osmo1q77cw0mmlluxu0wr29fcdd0tdnh78gzhkvhe4n6ulal9qvrtu43qtd0nh8/rekt,native,2024-07-23T14:47:57.673Z,2024-05-04T02:25:27.730000,false,chain-metadata
osmosis,factory/osmo1q77cw0mmlluxu0wr29fcdd0tdnh78gzhkvhe4n6ulal9qvrtu43qtd0nh8/rnc,CosmoRonch,RNC,factory/osmo1q77cw0mmlluxu0wr29fcdd0tdnh78gzhkvhe4n6ulal9qvrtu43qtd0nh8/rnc,6,,osmosis,factory/osmo1q77cw0mmlluxu0wr29fcdd0tdnh78gzhkvhe4n6ulal9qvrtu43qtd0nh8/rnc,native,2024-07-23T14:47:57.673Z,2024-05-04T02:25:27.730000,false,chain-metadata
osmosis,factory/osmo1q77cw0mmlluxu0wr29fcdd0tdnh78gzhkvhe4n6ulal9qvrtu43qtd0nh8/psg,PSGChampionsLeague2024,PSG,factory/osmo1q77cw0mmlluxu0wr29fcdd0tdnh78gzhkvhe4n6ulal9qvrtu43qtd0nh8/psg,6,,osmosis,factory/osmo1q77cw0mmlluxu0wr29fcdd0tdnh78gzhkvhe4n6ulal9qvrtu43qtd0nh8/psg,native,2024-07-23T14:47:57.673Z,2024-05-04T02:25:27.730000,false,chain-metadata
osmosis,factory/osmo1q77cw0mmlluxu0wr29fcdd0tdnh78gzhkvhe4n6ulal9qvrtu43qtd0nh8/ptrump,president trump,ptrump,factory/osmo1q77cw0mmlluxu0wr29fcdd0tdnh78gzhkvhe4n6ulal9qvrtu43qtd0nh8/ptrump,6,,osmosis,factory/osmo1q77cw0mmlluxu0wr29fcdd0tdnh78gzhkvhe4n6ulal9qvrtu43qtd0nh8/ptrump,native,2024-07-23T14:47:57.673Z,2024-05-04T02:25:27.730000,false,chain-metadata
osmosis,factory/osmo1q77cw0mmlluxu0wr29fcdd0tdnh78gzhkvhe4n6ulal9qvrtu43qtd0nh8/run,LaRéunionléla,RUN,factory/osmo1q77cw0mmlluxu0wr29fcdd0tdnh78gzhkvhe4n6ulal9qvrtu43qtd0nh8/run,6,,osmosis,factory/osmo1q77cw0mmlluxu0wr29fcdd0tdnh78gzhkvhe4n6ulal9qvrtu43qtd0nh8/run,native,2024-07-23T14:47:57.674Z,2024-05-04T02:25:27.730000,false,chain-metadata
osmosis,factory/osmo1q77cw0mmlluxu0wr29fcdd0tdnh78gzhkvhe4n6ulal9qvrtu43qtd0nh8/buyatom1klfg,BUYATOM1KLFG,BUYATOM1KLFG,factory/osmo1q77cw0mmlluxu0wr29fcdd0tdnh78gzhkvhe4n6ulal9qvrtu43qtd0nh8/buyatom1klfg,6,,osmosis,factory/osmo1q77cw0mmlluxu0wr29fcdd0tdnh78gzhkvhe4n6ulal9qvrtu43qtd0nh8/buyatom1klfg,native,2024-07-23T14:47:57.660Z,2024-05-09T23:22:43.058000,false,chain-metadata
osmosis,factory/osmo1q77cw0mmlluxu0wr29fcdd0tdnh78gzhkvhe4n6ulal9qvrtu43qtd0nh8/dgt,DogeTesla,DGT,factory/osmo1q77cw0mmlluxu0wr29fcdd0tdnh78gzhkvhe4n6ulal9qvrtu43qtd0nh8/dgt,6,,osmosis,factory/osmo1q77cw0mmlluxu0wr29fcdd0tdnh78gzhkvhe4n6ulal9qvrtu43qtd0nh8/dgt,native,2024-07-23T14:47:57.662Z,2024-05-09T23:22:43.058000,false,chain-metadata
osmosis,factory/osmo1q77cw0mmlluxu0wr29fcdd0tdnh78gzhkvhe4n6ulal9qvrtu43qtd0nh8/dtm,DOG•GO•TO•THE•MOON,DTM,factory/osmo1q77cw0mmlluxu0wr29fcdd0tdnh78gzhkvhe4n6ulal9qvrtu43qtd0nh8/dtm,6,,osmosis,factory/osmo1q77cw0mmlluxu0wr29fcdd0tdnh78gzhkvhe4n6ulal9qvrtu43qtd0nh8/dtm,native,2024-07-23T14:47:57.663Z,2024-05-09T23:22:43.058000,false,chain-metadata
osmosis,factory/osmo1q77cw0mmlluxu0wr29fcdd0tdnh78gzhkvhe4n6ulal9qvrtu43qtd0nh8/genkidamaepic,GDE,GENKIDAMAEPIC,factory/osmo1q77cw0mmlluxu0wr29fcdd0tdnh78gzhkvhe4n6ulal9qvrtu43qtd0nh8/genkidamaepic,6,,osmosis,factory/osmo1q77cw0mmlluxu0wr29fcdd0tdnh78gzhkvhe4n6ulal9qvrtu43qtd0nh8/genkidamaepic,native,2024-07-23T14:47:57.664Z,2024-05-09T23:22:43.058000,false,chain-metadata
osmosis,factory/osmo1q77cw0mmlluxu0wr29fcdd0tdnh78gzhkvhe4n6ulal9qvrtu43qtd0nh8/fuckit,Fuck It,FUCKIT,factory/osmo1q77cw0mmlluxu0wr29fcdd0tdnh78gzhkvhe4n6ulal9qvrtu43qtd0nh8/fuckit,6,,osmosis,factory/osmo1q77cw0mmlluxu0wr29fcdd0tdnh78gzhkvhe4n6ulal9qvrtu43qtd0nh8/fuckit,native,2024-07-23T14:47:57.664Z,2024-05-09T23:22:43.058000,false,chain-metadata
osmosis,factory/osmo1q77cw0mmlluxu0wr29fcdd0tdnh78gzhkvhe4n6ulal9qvrtu43qtd0nh8/hbp,HIGGSBOSONPARTICLE,HBP,factory/osmo1q77cw0mmlluxu0wr29fcdd0tdnh78gzhkvhe4n6ulal9qvrtu43qtd0nh8/hbp,6,,osmosis,factory/osmo1q77cw0mmlluxu0wr29fcdd0tdnh78gzhkvhe4n6ulal9qvrtu43qtd0nh8/hbp,native,2024-07-23T14:47:57.665Z,2024-05-09T23:22:43.058000,false,chain-metadata
osmosis,factory/osmo1q77cw0mmlluxu0wr29fcdd0tdnh78gzhkvhe4n6ulal9qvrtu43qtd0nh8/hands,NOHANDSNORUG,HANDS,factory/osmo1q77cw0mmlluxu0wr29fcdd0tdnh78gzhkvhe4n6ulal9qvrtu43qtd0nh8/hands,6,,osmosis,factory/osmo1q77cw0mmlluxu0wr29fcdd0tdnh78gzhkvhe4n6ulal9qvrtu43qtd0nh8/hands,native,2024-07-23T14:47:57.665Z,2024-05-09T23:22:43.058000,false,chain-metadata
osmosis,factory/osmo1q77cw0mmlluxu0wr29fcdd0tdnh78gzhkvhe4n6ulal9qvrtu43qtd0nh8/gos,Goose,GOS,factory/osmo1q77cw0mmlluxu0wr29fcdd0tdnh78gzhkvhe4n6ulal9qvrtu43qtd0nh8/gos,6,,osmosis,factory/osmo1q77cw0mmlluxu0wr29fcdd0tdnh78gzhkvhe4n6ulal9qvrtu43qtd0nh8/gos,native,2024-07-23T14:47:57.665Z,2024-05-09T23:22:43.058000,false,chain-metadata
osmosis,factory/osmo1q77cw0mmlluxu0wr29fcdd0tdnh78gzhkvhe4n6ulal9qvrtu43qtd0nh8/jobb,JoeyBravo,Jobb,factory/osmo1q77cw0mmlluxu0wr29fcdd0tdnh78gzhkvhe4n6ulal9qvrtu43qtd0nh8/jobb,6,,osmosis,factory/osmo1q77cw0mmlluxu0wr29fcdd0tdnh78gzhkvhe4n6ulal9qvrtu43qtd0nh8/jobb,native,2024-07-23T14:47:57.666Z,2024-05-09T23:22:43.058000,false,chain-metadata
osmosis,factory/osmo1q77cw0mmlluxu0wr29fcdd0tdnh78gzhkvhe4n6ulal9qvrtu43qtd0nh8/kam,KillAllMemes,KAM,factory/osmo1q77cw0mmlluxu0wr29fcdd0tdnh78gzhkvhe4n6ulal9qvrtu43qtd0nh8/kam,6,,osmosis,factory/osmo1q77cw0mmlluxu0wr29fcdd0tdnh78gzhkvhe4n6ulal9qvrtu43qtd0nh8/kam,native,2024-07-23T14:47:57.666Z,2024-05-09T23:22:43.058000,false,chain-metadata
osmosis,factory/osmo1q77cw0mmlluxu0wr29fcdd0tdnh78gzhkvhe4n6ulal9qvrtu43qtd0nh8/rat,RATATOUILLE,RAT,factory/osmo1q77cw0mmlluxu0wr29fcdd0tdnh78gzhkvhe4n6ulal9qvrtu43qtd0nh8/rat,6,,osmosis,factory/osmo1q77cw0mmlluxu0wr29fcdd0tdnh78gzhkvhe4n6ulal9qvrtu43qtd0nh8/rat,native,2024-07-23T14:47:57.673Z,2024-05-09T23:22:43.058000,false,chain-metadata
osmosis,factory/osmo1q77cw0mmlluxu0wr29fcdd0tdnh78gzhkvhe4n6ulal9qvrtu43qtd0nh8/ppo,Pippo,PPO,factory/osmo1q77cw0mmlluxu0wr29fcdd0tdnh78gzhkvhe4n6ulal9qvrtu43qtd0nh8/ppo,6,,osmosis,factory/osmo1q77cw0mmlluxu0wr29fcdd0tdnh78gzhkvhe4n6ulal9qvrtu43qtd0nh8/ppo,native,2024-07-23T14:47:57.673Z,2024-05-09T23:22:43.058000,false,chain-metadata
osmosis,factory/osmo1q77cw0mmlluxu0wr29fcdd0tdnh78gzhkvhe4n6ulal9qvrtu43qtd0nh8/reddit,reddit,reddit,factory/osmo1q77cw0mmlluxu0wr29fcdd0tdnh78gzhkvhe4n6ulal9qvrtu43qtd0nh8/reddit,6,,osmosis,factory/osmo1q77cw0mmlluxu0wr29fcdd0tdnh78gzhkvhe4n6ulal9qvrtu43qtd0nh8/reddit,native,2024-07-23T14:47:57.673Z,2024-05-09T23:22:43.058000,false,chain-metadata
osmosis,factory/osmo1q77cw0mmlluxu0wr29fcdd0tdnh78gzhkvhe4n6ulal9qvrtu43qtd0nh8/schizo,SCHIZOSMOSIS,SCHIZO,factory/osmo1q77cw0mmlluxu0wr29fcdd0tdnh78gzhkvhe4n6ulal9qvrtu43qtd0nh8/schizo,6,,osmosis,factory/osmo1q77cw0mmlluxu0wr29fcdd0tdnh78gzhkvhe4n6ulal9qvrtu43qtd0nh8/schizo,native,2024-07-23T14:47:57.674Z,2024-05-09T23:22:43.058000,false,chain-metadata
osmosis,factory/osmo1q77cw0mmlluxu0wr29fcdd0tdnh78gzhkvhe4n6ulal9qvrtu43qtd0nh8/sky,R$KY,SKY,factory/osmo1q77cw0mmlluxu0wr29fcdd0tdnh78gzhkvhe4n6ulal9qvrtu43qtd0nh8/sky,6,,osmosis,factory/osmo1q77cw0mmlluxu0wr29fcdd0tdnh78gzhkvhe4n6ulal9qvrtu43qtd0nh8/sky,native,2024-07-23T14:47:57.674Z,2024-05-09T23:22:43.058000,false,chain-metadata
osmosis,factory/osmo1q77cw0mmlluxu0wr29fcdd0tdnh78gzhkvhe4n6ulal9qvrtu43qtd0nh8/sinu,SheruINU,SINU,factory/osmo1q77cw0mmlluxu0wr29fcdd0tdnh78gzhkvhe4n6ulal9qvrtu43qtd0nh8/sinu,6,,osmosis,factory/osmo1q77cw0mmlluxu0wr29fcdd0tdnh78gzhkvhe4n6ulal9qvrtu43qtd0nh8/sinu,native,2024-07-23T14:47:57.674Z,2024-05-09T23:22:43.058000,false,chain-metadata
osmosis,factory/osmo1q77cw0mmlluxu0wr29fcdd0tdnh78gzhkvhe4n6ulal9qvrtu43qtd0nh8/s15,Silvia,S15,factory/osmo1q77cw0mmlluxu0wr29fcdd0tdnh78gzhkvhe4n6ulal9qvrtu43qtd0nh8/s15,6,,osmosis,factory/osmo1q77cw0mmlluxu0wr29fcdd0tdnh78gzhkvhe4n6ulal9qvrtu43qtd0nh8/s15,native,2024-07-23T14:47:57.674Z,2024-05-09T23:22:43.058000,false,chain-metadata
osmosis,factory/osmo1q77cw0mmlluxu0wr29fcdd0tdnh78gzhkvhe4n6ulal9qvrtu43qtd0nh8/shroomafia,Psychedelic Gangsters,SHROOMAFIA,factory/osmo1q77cw0mmlluxu0wr29fcdd0tdnh78gzhkvhe4n6ulal9qvrtu43qtd0nh8/shroomafia,6,,osmosis,factory/osmo1q77cw0mmlluxu0wr29fcdd0tdnh78gzhkvhe4n6ulal9qvrtu43qtd0nh8/shroomafia,native,2024-07-23T14:47:57.674Z,2024-05-09T23:22:43.058000,false,chain-metadata
osmosis,factory/osmo1q77cw0mmlluxu0wr29fcdd0tdnh78gzhkvhe4n6ulal9qvrtu43qtd0nh8/antid,antidotum,ANTID,factory/osmo1q77cw0mmlluxu0wr29fcdd0tdnh78gzhkvhe4n6ulal9qvrtu43qtd0nh8/antid,6,,osmosis,factory/osmo1q77cw0mmlluxu0wr29fcdd0tdnh78gzhkvhe4n6ulal9qvrtu43qtd0nh8/antid,native,2024-07-23T14:47:57.658Z,2024-05-07T19:43:44.879000,false,chain-metadata
osmosis,factory/osmo1q77cw0mmlluxu0wr29fcdd0tdnh78gzhkvhe4n6ulal9qvrtu43qtd0nh8/ccbl,CocoBill,CCBL,factory/osmo1q77cw0mmlluxu0wr29fcdd0tdnh78gzhkvhe4n6ulal9qvrtu43qtd0nh8/ccbl,6,,osmosis,factory/osmo1q77cw0mmlluxu0wr29fcdd0tdnh78gzhkvhe4n6ulal9qvrtu43qtd0nh8/ccbl,native,2024-07-23T14:47:57.660Z,2024-05-07T19:43:44.879000,false,chain-metadata
osmosis,factory/osmo1q77cw0mmlluxu0wr29fcdd0tdnh78gzhkvhe4n6ulal9qvrtu43qtd0nh8/diamh,DIAMONDHANDS,DIAMH,factory/osmo1q77cw0mmlluxu0wr29fcdd0tdnh78gzhkvhe4n6ulal9qvrtu43qtd0nh8/diamh,6,,osmosis,factory/osmo1q77cw0mmlluxu0wr29fcdd0tdnh78gzhkvhe4n6ulal9qvrtu43qtd0nh8/diamh,native,2024-07-23T14:47:57.662Z,2024-05-07T19:43:44.879000,false,chain-metadata
osmosis,factory/osmo1q77cw0mmlluxu0wr29fcdd0tdnh78gzhkvhe4n6ulal9qvrtu43qtd0nh8/drugs,Syndicate Drugs Making Happy Tingle,Drugs,factory/osmo1q77cw0mmlluxu0wr29fcdd0tdnh78gzhkvhe4n6ulal9qvrtu43qtd0nh8/drugs,6,,osmosis,factory/osmo1q77cw0mmlluxu0wr29fcdd0tdnh78gzhkvhe4n6ulal9qvrtu43qtd0nh8/drugs,native,2024-07-23T14:47:57.663Z,2024-05-07T19:43:44.879000,false,chain-metadata
osmosis,factory/osmo1q77cw0mmlluxu0wr29fcdd0tdnh78gzhkvhe4n6ulal9qvrtu43qtd0nh8/dumdum,UR A DUM DUM,DUMDUM,factory/osmo1q77cw0mmlluxu0wr29fcdd0tdnh78gzhkvhe4n6ulal9qvrtu43qtd0nh8/dumdum,6,,osmosis,factory/osmo1q77cw0mmlluxu0wr29fcdd0tdnh78gzhkvhe4n6ulal9qvrtu43qtd0nh8/dumdum,native,2024-07-23T14:47:57.663Z,2024-05-07T19:43:44.879000,false,chain-metadata
osmosis,factory/osmo1q77cw0mmlluxu0wr29fcdd0tdnh78gzhkvhe4n6ulal9qvrtu43qtd0nh8/hboys,Hell Boys,HBOYS,factory/osmo1q77cw0mmlluxu0wr29fcdd0tdnh78gzhkvhe4n6ulal9qvrtu43qtd0nh8/hboys,6,,osmosis,factory/osmo1q77cw0mmlluxu0wr29fcdd0tdnh78gzhkvhe4n6ulal9qvrtu43qtd0nh8/hboys,native,2024-07-23T14:47:57.665Z,2024-05-07T19:43:44.879000,false,chain-metadata
osmosis,factory/osmo1q77cw0mmlluxu0wr29fcdd0tdnh78gzhkvhe4n6ulal9qvrtu43qtd0nh8/nuts,dogenuts,NUTS,factory/osmo1q77cw0mmlluxu0wr29fcdd0tdnh78gzhkvhe4n6ulal9qvrtu43qtd0nh8/nuts,6,,osmosis,factory/osmo1q77cw0mmlluxu0wr29fcdd0tdnh78gzhkvhe4n6ulal9qvrtu43qtd0nh8/nuts,native,2024-07-23T14:47:57.671Z,2024-05-07T19:43:44.879000,false,chain-metadata
osmosis,factory/osmo1q77cw0mmlluxu0wr29fcdd0tdnh78gzhkvhe4n6ulal9qvrtu43qtd0nh8/nicwif,Nicholas Cage Wif Hat,NICWIF,factory/osmo1q77cw0mmlluxu0wr29fcdd0tdnh78gzhkvhe4n6ulal9qvrtu43qtd0nh8/nicwif,6,,osmosis,factory/osmo1q77cw0mmlluxu0wr29fcdd0tdnh78gzhkvhe4n6ulal9qvrtu43qtd0nh8/nicwif,native,2024-07-23T14:47:57.671Z,2024-05-07T19:43:44.879000,false,chain-metadata
osmosis,factory/osmo1q77cw0mmlluxu0wr29fcdd0tdnh78gzhkvhe4n6ulal9qvrtu43qtd0nh8/nekot,nekot,nekot,factory/osmo1q77cw0mmlluxu0wr29fcdd0tdnh78gzhkvhe4n6ulal9qvrtu43qtd0nh8/nekot,6,,osmosis,factory/osmo1q77cw0mmlluxu0wr29fcdd0tdnh78gzhkvhe4n6ulal9qvrtu43qtd0nh8/nekot,native,2024-07-23T14:47:57.671Z,2024-05-07T19:43:44.879000,false,chain-metadata
osmosis,factory/osmo1q77cw0mmlluxu0wr29fcdd0tdnh78gzhkvhe4n6ulal9qvrtu43qtd0nh8/osmocat,OsmoNautCat,OsmoCat,factory/osmo1q77cw0mmlluxu0wr29fcdd0tdnh78gzhkvhe4n6ulal9qvrtu43qtd0nh8/osmocat,6,,osmosis,factory/osmo1q77cw0mmlluxu0wr29fcdd0tdnh78gzhkvhe4n6ulal9qvrtu43qtd0nh8/osmocat,native,2024-07-23T14:47:57.671Z,2024-05-07T19:43:44.879000,false,chain-metadata
osmosis,factory/osmo1q77cw0mmlluxu0wr29fcdd0tdnh78gzhkvhe4n6ulal9qvrtu43qtd0nh8/nichats,Nicholas Cage Wif Hat,NICHATS,factory/osmo1q77cw0mmlluxu0wr29fcdd0tdnh78gzhkvhe4n6ulal9qvrtu43qtd0nh8/nichats,6,,osmosis,factory/osmo1q77cw0mmlluxu0wr29fcdd0tdnh78gzhkvhe4n6ulal9qvrtu43qtd0nh8/nichats,native,2024-07-23T14:47:57.671Z,2024-05-07T19:43:44.879000,false,chain-metadata
osmosis,factory/osmo1q77cw0mmlluxu0wr29fcdd0tdnh78gzhkvhe4n6ulal9qvrtu43qtd0nh8/sadblob,SadBlob,SADBLOB,factory/osmo1q77cw0mmlluxu0wr29fcdd0tdnh78gzhkvhe4n6ulal9qvrtu43qtd0nh8/sadblob,6,,osmosis,factory/osmo1q77cw0mmlluxu0wr29fcdd0tdnh78gzhkvhe4n6ulal9qvrtu43qtd0nh8/sadblob,native,2024-07-23T14:47:57.674Z,2024-05-07T19:43:44.879000,false,chain-metadata
osmosis,factory/osmo1q77cw0mmlluxu0wr29fcdd0tdnh78gzhkvhe4n6ulal9qvrtu43qtd0nh8/satom,Subatom,SATOM,factory/osmo1q77cw0mmlluxu0wr29fcdd0tdnh78gzhkvhe4n6ulal9qvrtu43qtd0nh8/satom,6,,osmosis,factory/osmo1q77cw0mmlluxu0wr29fcdd0tdnh78gzhkvhe4n6ulal9qvrtu43qtd0nh8/satom,native,2024-07-23T14:47:57.674Z,2024-05-07T19:43:44.879000,false,chain-metadata
osmosis,factory/osmo1q77cw0mmlluxu0wr29fcdd0tdnh78gzhkvhe4n6ulal9qvrtu43qtd0nh8/say_gm,The GMooooor,Say_GM,factory/osmo1q77cw0mmlluxu0wr29fcdd0tdnh78gzhkvhe4n6ulal9qvrtu43qtd0nh8/say_gm,6,,osmosis,factory/osmo1q77cw0mmlluxu0wr29fcdd0tdnh78gzhkvhe4n6ulal9qvrtu43qtd0nh8/say_gm,native,2024-07-23T14:47:57.674Z,2024-05-07T19:43:44.879000,false,chain-metadata
osmosis,factory/osmo1q77cw0mmlluxu0wr29fcdd0tdnh78gzhkvhe4n6ulal9qvrtu43qtd0nh8/trees,MADTREES,TREES,factory/osmo1q77cw0mmlluxu0wr29fcdd0tdnh78gzhkvhe4n6ulal9qvrtu43qtd0nh8/trees,6,,osmosis,factory/osmo1q77cw0mmlluxu0wr29fcdd0tdnh78gzhkvhe4n6ulal9qvrtu43qtd0nh8/trees,native,2024-07-23T14:47:57.676Z,2024-05-07T19:43:44.879000,false,chain-metadata
osmosis,factory/osmo1q77cw0mmlluxu0wr29fcdd0tdnh78gzhkvhe4n6ulal9qvrtu43qtd0nh8/tendies,Chicken Tendies,Tendies,factory/osmo1q77cw0mmlluxu0wr29fcdd0tdnh78gzhkvhe4n6ulal9qvrtu43qtd0nh8/tendies,6,,osmosis,factory/osmo1q77cw0mmlluxu0wr29fcdd0tdnh78gzhkvhe4n6ulal9qvrtu43qtd0nh8/tendies,native,2024-07-23T14:47:57.676Z,2024-05-07T19:43:44.879000,false,chain-metadata
osmosis,factory/osmo1q77cw0mmlluxu0wr29fcdd0tdnh78gzhkvhe4n6ulal9qvrtu43qtd0nh8/whennom,When Nomic token release?,WhenNOM,factory/osmo1q77cw0mmlluxu0wr29fcdd0tdnh78gzhkvhe4n6ulal9qvrtu43qtd0nh8/whennom,6,,osmosis,factory/osmo1q77cw0mmlluxu0wr29fcdd0tdnh78gzhkvhe4n6ulal9qvrtu43qtd0nh8/whennom,native,2024-07-23T14:47:57.677Z,2024-05-07T19:43:44.879000,false,chain-metadata
osmosis,factory/osmo1q77cw0mmlluxu0wr29fcdd0tdnh78gzhkvhe4n6ulal9qvrtu43qtd0nh8/uwu,UwU,UwU,factory/osmo1q77cw0mmlluxu0wr29fcdd0tdnh78gzhkvhe4n6ulal9qvrtu43qtd0nh8/uwu,6,,osmosis,factory/osmo1q77cw0mmlluxu0wr29fcdd0tdnh78gzhkvhe4n6ulal9qvrtu43qtd0nh8/uwu,native,2024-07-23T14:47:57.677Z,2024-05-07T19:43:44.879000,false,chain-metadata
osmosis,gamm/pool/1740,,,GAMM-1740,18,,osmosis,gamm/pool/1740,native,2024-07-23T14:47:57.689Z,2024-05-07T19:43:44.879000,false,chain-metadata
osmosis,factory/osmo14gn4f2u68czlz42y847c00wxn3syeumzpvhl9j4nnrxrv7w085cqjudsc3/spectre,Spectre,SPECTRE,SPECTRE,6,,osmosis,factory/osmo14gn4f2u68czlz42y847c00wxn3syeumzpvhl9j4nnrxrv7w085cqjudsc3/spectre,native,2024-07-23T14:47:57.654Z,2024-06-06T14:54:31.815000,false,chain-metadata
osmosis,factory/osmo1q77cw0mmlluxu0wr29fcdd0tdnh78gzhkvhe4n6ulal9qvrtu43qtd0nh8/astro,Astro Badger,ASTRO,factory/osmo1q77cw0mmlluxu0wr29fcdd0tdnh78gzhkvhe4n6ulal9qvrtu43qtd0nh8/astro,6,,osmosis,factory/osmo1q77cw0mmlluxu0wr29fcdd0tdnh78gzhkvhe4n6ulal9qvrtu43qtd0nh8/astro,native,2024-07-23T14:47:57.658Z,2024-06-06T14:54:31.815000,false,chain-metadata
osmosis,factory/osmo1q77cw0mmlluxu0wr29fcdd0tdnh78gzhkvhe4n6ulal9qvrtu43qtd0nh8/bitcoin,kermitwifhat,bitcoin,factory/osmo1q77cw0mmlluxu0wr29fcdd0tdnh78gzhkvhe4n6ulal9qvrtu43qtd0nh8/bitcoin,6,,osmosis,factory/osmo1q77cw0mmlluxu0wr29fcdd0tdnh78gzhkvhe4n6ulal9qvrtu43qtd0nh8/bitcoin,native,2024-07-23T14:47:57.659Z,2024-06-06T14:54:31.815000,false,chain-metadata
osmosis,factory/osmo1q77cw0mmlluxu0wr29fcdd0tdnh78gzhkvhe4n6ulal9qvrtu43qtd0nh8/cult,CULTure,CULT,factory/osmo1q77cw0mmlluxu0wr29fcdd0tdnh78gzhkvhe4n6ulal9qvrtu43qtd0nh8/cult,6,,osmosis,factory/osmo1q77cw0mmlluxu0wr29fcdd0tdnh78gzhkvhe4n6ulal9qvrtu43qtd0nh8/cult,native,2024-07-23T14:47:57.662Z,2024-06-06T14:54:31.815000,false,chain-metadata
osmosis,factory/osmo1q77cw0mmlluxu0wr29fcdd0tdnh78gzhkvhe4n6ulal9qvrtu43qtd0nh8/cyrus,CYRUS,CYRUS,factory/osmo1q77cw0mmlluxu0wr29fcdd0tdnh78gzhkvhe4n6ulal9qvrtu43qtd0nh8/cyrus,6,,osmosis,factory/osmo1q77cw0mmlluxu0wr29fcdd0tdnh78gzhkvhe4n6ulal9qvrtu43qtd0nh8/cyrus,native,2024-07-23T14:47:57.662Z,2024-06-06T14:54:31.815000,false,chain-metadata
osmosis,factory/osmo1q77cw0mmlluxu0wr29fcdd0tdnh78gzhkvhe4n6ulal9qvrtu43qtd0nh8/cramer,OsmoShiller,CRAMER,factory/osmo1q77cw0mmlluxu0wr29fcdd0tdnh78gzhkvhe4n6ulal9qvrtu43qtd0nh8/cramer,6,,osmosis,factory/osmo1q77cw0mmlluxu0wr29fcdd0tdnh78gzhkvhe4n6ulal9qvrtu43qtd0nh8/cramer,native,2024-07-23T14:47:57.662Z,2024-06-06T14:54:31.815000,false,chain-metadata
osmosis,factory/osmo1q77cw0mmlluxu0wr29fcdd0tdnh78gzhkvhe4n6ulal9qvrtu43qtd0nh8/crt,Crypto Rally Token,CRT,factory/osmo1q77cw0mmlluxu0wr29fcdd0tdnh78gzhkvhe4n6ulal9qvrtu43qtd0nh8/crt,6,,osmosis,factory/osmo1q77cw0mmlluxu0wr29fcdd0tdnh78gzhkvhe4n6ulal9qvrtu43qtd0nh8/crt,native,2024-07-23T14:47:57.662Z,2024-06-06T14:54:31.815000,false,chain-metadata
osmosis,factory/osmo1q77cw0mmlluxu0wr29fcdd0tdnh78gzhkvhe4n6ulal9qvrtu43qtd0nh8/exc,surprise,EXC,factory/osmo1q77cw0mmlluxu0wr29fcdd0tdnh78gzhkvhe4n6ulal9qvrtu43qtd0nh8/exc,6,,osmosis,factory/osmo1q77cw0mmlluxu0wr29fcdd0tdnh78gzhkvhe4n6ulal9qvrtu43qtd0nh8/exc,native,2024-07-23T14:47:57.663Z,2024-06-06T14:54:31.815000,false,chain-metadata
osmosis,factory/osmo1q77cw0mmlluxu0wr29fcdd0tdnh78gzhkvhe4n6ulal9qvrtu43qtd0nh8/ent,Treebeard,Ent,factory/osmo1q77cw0mmlluxu0wr29fcdd0tdnh78gzhkvhe4n6ulal9qvrtu43qtd0nh8/ent,6,,osmosis,factory/osmo1q77cw0mmlluxu0wr29fcdd0tdnh78gzhkvhe4n6ulal9qvrtu43qtd0nh8/ent,native,2024-07-23T14:47:57.663Z,2024-06-06T14:54:31.815000,false,chain-metadata
osmosis,factory/osmo1q77cw0mmlluxu0wr29fcdd0tdnh78gzhkvhe4n6ulal9qvrtu43qtd0nh8/lys,Lazy Scientist,LYS,factory/osmo1q77cw0mmlluxu0wr29fcdd0tdnh78gzhkvhe4n6ulal9qvrtu43qtd0nh8/lys,6,,osmosis,factory/osmo1q77cw0mmlluxu0wr29fcdd0tdnh78gzhkvhe4n6ulal9qvrtu43qtd0nh8/lys,native,2024-07-23T14:47:57.669Z,2024-06-06T14:54:31.815000,false,chain-metadata
osmosis,factory/osmo1q77cw0mmlluxu0wr29fcdd0tdnh78gzhkvhe4n6ulal9qvrtu43qtd0nh8/lads,Steady Lads,LADS,factory/osmo1q77cw0mmlluxu0wr29fcdd0tdnh78gzhkvhe4n6ulal9qvrtu43qtd0nh8/lads,6,,osmosis,factory/osmo1q77cw0mmlluxu0wr29fcdd0tdnh78gzhkvhe4n6ulal9qvrtu43qtd0nh8/lads,native,2024-07-23T14:47:57.669Z,2024-06-06T14:54:31.815000,false,chain-metadata
osmosis,factory/osmo1q77cw0mmlluxu0wr29fcdd0tdnh78gzhkvhe4n6ulal9qvrtu43qtd0nh8/money,4frens,money,factory/osmo1q77cw0mmlluxu0wr29fcdd0tdnh78gzhkvhe4n6ulal9qvrtu43qtd0nh8/money,6,,osmosis,factory/osmo1q77cw0mmlluxu0wr29fcdd0tdnh78gzhkvhe4n6ulal9qvrtu43qtd0nh8/money,native,2024-07-23T14:47:57.670Z,2024-06-06T14:54:31.815000,false,chain-metadata
osmosis,factory/osmo1q77cw0mmlluxu0wr29fcdd0tdnh78gzhkvhe4n6ulal9qvrtu43qtd0nh8/michael,MICHAEL,MICHAEL,factory/osmo1q77cw0mmlluxu0wr29fcdd0tdnh78gzhkvhe4n6ulal9qvrtu43qtd0nh8/michael,6,,osmosis,factory/osmo1q77cw0mmlluxu0wr29fcdd0tdnh78gzhkvhe4n6ulal9qvrtu43qtd0nh8/michael,native,2024-07-23T14:47:57.670Z,2024-06-06T14:54:31.815000,false,chain-metadata
osmosis,factory/osmo1q77cw0mmlluxu0wr29fcdd0tdnh78gzhkvhe4n6ulal9qvrtu43qtd0nh8/mom,Mother,MOM,factory/osmo1q77cw0mmlluxu0wr29fcdd0tdnh78gzhkvhe4n6ulal9qvrtu43qtd0nh8/mom,6,,osmosis,factory/osmo1q77cw0mmlluxu0wr29fcdd0tdnh78gzhkvhe4n6ulal9qvrtu43qtd0nh8/mom,native,2024-07-23T14:47:57.670Z,2024-06-06T14:54:31.815000,false,chain-metadata
osmosis,factory/osmo1q77cw0mmlluxu0wr29fcdd0tdnh78gzhkvhe4n6ulal9qvrtu43qtd0nh8/metic,MeticulousMofo,Metic,factory/osmo1q77cw0mmlluxu0wr29fcdd0tdnh78gzhkvhe4n6ulal9qvrtu43qtd0nh8/metic,6,,osmosis,factory/osmo1q77cw0mmlluxu0wr29fcdd0tdnh78gzhkvhe4n6ulal9qvrtu43qtd0nh8/metic,native,2024-07-23T14:47:57.670Z,2024-06-06T14:54:31.815000,false,chain-metadata
osmosis,factory/osmo1q77cw0mmlluxu0wr29fcdd0tdnh78gzhkvhe4n6ulal9qvrtu43qtd0nh8/ouch,F-Ouchie,Ouch,factory/osmo1q77cw0mmlluxu0wr29fcdd0tdnh78gzhkvhe4n6ulal9qvrtu43qtd0nh8/ouch,6,,osmosis,factory/osmo1q77cw0mmlluxu0wr29fcdd0tdnh78gzhkvhe4n6ulal9qvrtu43qtd0nh8/ouch,native,2024-07-23T14:47:57.672Z,2024-06-06T14:54:31.815000,false,chain-metadata
osmosis,factory/osmo1q77cw0mmlluxu0wr29fcdd0tdnh78gzhkvhe4n6ulal9qvrtu43qtd0nh8/rainbow,RAINBOW,RAINBOW,factory/osmo1q77cw0mmlluxu0wr29fcdd0tdnh78gzhkvhe4n6ulal9qvrtu43qtd0nh8/rainbow,6,,osmosis,factory/osmo1q77cw0mmlluxu0wr29fcdd0tdnh78gzhkvhe4n6ulal9qvrtu43qtd0nh8/rainbow,native,2024-07-23T14:47:57.673Z,2024-06-06T14:54:31.815000,false,chain-metadata
osmosis,factory/osmo1q77cw0mmlluxu0wr29fcdd0tdnh78gzhkvhe4n6ulal9qvrtu43qtd0nh8/r0b,R0B-ee,R0B,factory/osmo1q77cw0mmlluxu0wr29fcdd0tdnh78gzhkvhe4n6ulal9qvrtu43qtd0nh8/r0b,6,,osmosis,factory/osmo1q77cw0mmlluxu0wr29fcdd0tdnh78gzhkvhe4n6ulal9qvrtu43qtd0nh8/r0b,native,2024-07-23T14:47:57.673Z,2024-06-06T14:54:31.815000,false,chain-metadata
osmosis,factory/osmo1q77cw0mmlluxu0wr29fcdd0tdnh78gzhkvhe4n6ulal9qvrtu43qtd0nh8/rune,Rune,Rune,factory/osmo1q77cw0mmlluxu0wr29fcdd0tdnh78gzhkvhe4n6ulal9qvrtu43qtd0nh8/rune,6,,osmosis,factory/osmo1q77cw0mmlluxu0wr29fcdd0tdnh78gzhkvhe4n6ulal9qvrtu43qtd0nh8/rune,native,2024-07-23T14:47:57.674Z,2024-06-06T14:54:31.815000,false,chain-metadata
osmosis,factory/osmo1q77cw0mmlluxu0wr29fcdd0tdnh78gzhkvhe4n6ulal9qvrtu43qtd0nh8/spinc,SpinCat,SPinC,factory/osmo1q77cw0mmlluxu0wr29fcdd0tdnh78gzhkvhe4n6ulal9qvrtu43qtd0nh8/spinc,6,,osmosis,factory/osmo1q77cw0mmlluxu0wr29fcdd0tdnh78gzhkvhe4n6ulal9qvrtu43qtd0nh8/spinc,native,2024-07-23T14:47:57.675Z,2024-06-06T14:54:31.815000,false,chain-metadata
osmosis,factory/osmo1q77cw0mmlluxu0wr29fcdd0tdnh78gzhkvhe4n6ulal9qvrtu43qtd0nh8/thicken,Massive Cock,Thicken,factory/osmo1q77cw0mmlluxu0wr29fcdd0tdnh78gzhkvhe4n6ulal9qvrtu43qtd0nh8/thicken,6,,osmosis,factory/osmo1q77cw0mmlluxu0wr29fcdd0tdnh78gzhkvhe4n6ulal9qvrtu43qtd0nh8/thicken,native,2024-07-23T14:47:57.676Z,2024-06-06T14:54:31.815000,false,chain-metadata
osmosis,factory/osmo1q77cw0mmlluxu0wr29fcdd0tdnh78gzhkvhe4n6ulal9qvrtu43qtd0nh8/ttc,TuttiCoin,TTC,factory/osmo1q77cw0mmlluxu0wr29fcdd0tdnh78gzhkvhe4n6ulal9qvrtu43qtd0nh8/ttc,6,,osmosis,factory/osmo1q77cw0mmlluxu0wr29fcdd0tdnh78gzhkvhe4n6ulal9qvrtu43qtd0nh8/ttc,native,2024-07-23T14:47:57.676Z,2024-06-06T14:54:31.815000,false,chain-metadata
osmosis,gamm/pool/1834,,,GAMM-1834,18,,osmosis,gamm/pool/1834,native,2024-07-23T14:47:57.690Z,2024-06-06T14:54:31.815000,false,chain-metadata
osmosis,factory/osmo1q77cw0mmlluxu0wr29fcdd0tdnh78gzhkvhe4n6ulal9qvrtu43qtd0nh8/cac,Cosmos Airdrop Chat,CAC,CAC,6,,osmosis,factory/osmo1q77cw0mmlluxu0wr29fcdd0tdnh78gzhkvhe4n6ulal9qvrtu43qtd0nh8/cac,native,2024-07-22T16:56:22Z,2024-05-02T17:43:17.623000,false,osmosis-assetlist
osmosis,factory/osmo1q77cw0mmlluxu0wr29fcdd0tdnh78gzhkvhe4n6ulal9qvrtu43qtd0nh8/agnft,Agnostic,AGNFT,factory/osmo1q77cw0mmlluxu0wr29fcdd0tdnh78gzhkvhe4n6ulal9qvrtu43qtd0nh8/agnft,6,,osmosis,factory/osmo1q77cw0mmlluxu0wr29fcdd0tdnh78gzhkvhe4n6ulal9qvrtu43qtd0nh8/agnft,native,2024-07-23T14:47:57.657Z,2024-05-02T17:43:17.623000,false,chain-metadata
osmosis,factory/osmo1q77cw0mmlluxu0wr29fcdd0tdnh78gzhkvhe4n6ulal9qvrtu43qtd0nh8/amb,amberukraine,AMB,factory/osmo1q77cw0mmlluxu0wr29fcdd0tdnh78gzhkvhe4n6ulal9qvrtu43qtd0nh8/amb,6,,osmosis,factory/osmo1q77cw0mmlluxu0wr29fcdd0tdnh78gzhkvhe4n6ulal9qvrtu43qtd0nh8/amb,native,2024-07-23T14:47:57.657Z,2024-05-02T17:43:17.623000,false,chain-metadata
osmosis,factory/osmo1q77cw0mmlluxu0wr29fcdd0tdnh78gzhkvhe4n6ulal9qvrtu43qtd0nh8/alchemist,THE ALCHEMIST AND THE DOGE,ALCHEMIST,factory/osmo1q77cw0mmlluxu0wr29fcdd0tdnh78gzhkvhe4n6ulal9qvrtu43qtd0nh8/alchemist,6,,osmosis,factory/osmo1q77cw0mmlluxu0wr29fcdd0tdnh78gzhkvhe4n6ulal9qvrtu43qtd0nh8/alchemist,native,2024-07-23T14:47:57.657Z,2024-05-02T17:43:17.623000,false,chain-metadata
osmosis,factory/osmo1q77cw0mmlluxu0wr29fcdd0tdnh78gzhkvhe4n6ulal9qvrtu43qtd0nh8/acat,ATOMICAT,ACAT,factory/osmo1q77cw0mmlluxu0wr29fcdd0tdnh78gzhkvhe4n6ulal9qvrtu43qtd0nh8/acat,6,,osmosis,factory/osmo1q77cw0mmlluxu0wr29fcdd0tdnh78gzhkvhe4n6ulal9qvrtu43qtd0nh8/acat,native,2024-07-23T14:47:57.657Z,2024-05-02T17:43:17.623000,false,chain-metadata
osmosis,factory/osmo1q77cw0mmlluxu0wr29fcdd0tdnh78gzhkvhe4n6ulal9qvrtu43qtd0nh8/badkids,BADKIDS,BADKIDS,factory/osmo1q77cw0mmlluxu0wr29fcdd0tdnh78gzhkvhe4n6ulal9qvrtu43qtd0nh8/badkids,6,,osmosis,factory/osmo1q77cw0mmlluxu0wr29fcdd0tdnh78gzhkvhe4n6ulal9qvrtu43qtd0nh8/badkids,native,2024-07-23T14:47:57.658Z,2024-05-02T17:43:17.623000,false,chain-metadata
osmosis,factory/osmo1q77cw0mmlluxu0wr29fcdd0tdnh78gzhkvhe4n6ulal9qvrtu43qtd0nh8/babu,Babu Pengus,BABU,factory/osmo1q77cw0mmlluxu0wr29fcdd0tdnh78gzhkvhe4n6ulal9qvrtu43qtd0nh8/babu,6,,osmosis,factory/osmo1q77cw0mmlluxu0wr29fcdd0tdnh78gzhkvhe4n6ulal9qvrtu43qtd0nh8/babu,native,2024-07-23T14:47:57.658Z,2024-05-02T17:43:17.623000,false,chain-metadata
osmosis,factory/osmo1q77cw0mmlluxu0wr29fcdd0tdnh78gzhkvhe4n6ulal9qvrtu43qtd0nh8/atom,BAOA,ATOM,factory/osmo1q77cw0mmlluxu0wr29fcdd0tdnh78gzhkvhe4n6ulal9qvrtu43qtd0nh8/atom,6,,osmosis,factory/osmo1q77cw0mmlluxu0wr29fcdd0tdnh78gzhkvhe4n6ulal9qvrtu43qtd0nh8/atom,native,2024-07-23T14:47:57.658Z,2024-05-02T17:43:17.623000,false,chain-metadata
osmosis,factory/osmo1q77cw0mmlluxu0wr29fcdd0tdnh78gzhkvhe4n6ulal9qvrtu43qtd0nh8/ape,AtomPepe,APE,factory/osmo1q77cw0mmlluxu0wr29fcdd0tdnh78gzhkvhe4n6ulal9qvrtu43qtd0nh8/ape,6,,osmosis,factory/osmo1q77cw0mmlluxu0wr29fcdd0tdnh78gzhkvhe4n6ulal9qvrtu43qtd0nh8/ape,native,2024-07-23T14:47:57.658Z,2024-05-02T17:43:17.623000,false,chain-metadata
osmosis,factory/osmo1q77cw0mmlluxu0wr29fcdd0tdnh78gzhkvhe4n6ulal9qvrtu43qtd0nh8/blh,BlakHol,BLH,factory/osmo1q77cw0mmlluxu0wr29fcdd0tdnh78gzhkvhe4n6ulal9qvrtu43qtd0nh8/blh,6,,osmosis,factory/osmo1q77cw0mmlluxu0wr29fcdd0tdnh78gzhkvhe4n6ulal9qvrtu43qtd0nh8/blh,native,2024-07-23T14:47:57.659Z,2024-05-02T17:43:17.623000,false,chain-metadata
osmosis,factory/osmo1q77cw0mmlluxu0wr29fcdd0tdnh78gzhkvhe4n6ulal9qvrtu43qtd0nh8/blc,BlackCock,BLC,factory/osmo1q77cw0mmlluxu0wr29fcdd0tdnh78gzhkvhe4n6ulal9qvrtu43qtd0nh8/blc,6,,osmosis,factory/osmo1q77cw0mmlluxu0wr29fcdd0tdnh78gzhkvhe4n6ulal9qvrtu43qtd0nh8/blc,native,2024-07-23T14:47:57.659Z,2024-05-02T17:43:17.623000,false,chain-metadata
osmosis,factory/osmo1q77cw0mmlluxu0wr29fcdd0tdnh78gzhkvhe4n6ulal9qvrtu43qtd0nh8/boden,COOK BODEN,BODEN,factory/osmo1q77cw0mmlluxu0wr29fcdd0tdnh78gzhkvhe4n6ulal9qvrtu43qtd0nh8/boden,6,,osmosis,factory/osmo1q77cw0mmlluxu0wr29fcdd0tdnh78gzhkvhe4n6ulal9qvrtu43qtd0nh8/boden,native,2024-07-23T14:47:57.659Z,2024-05-02T17:43:17.623000,false,chain-metadata
osmosis,factory/osmo1q77cw0mmlluxu0wr29fcdd0tdnh78gzhkvhe4n6ulal9qvrtu43qtd0nh8/bob,BOB,BOB,factory/osmo1q77cw0mmlluxu0wr29fcdd0tdnh78gzhkvhe4n6ulal9qvrtu43qtd0nh8/bob,6,,osmosis,factory/osmo1q77cw0mmlluxu0wr29fcdd0tdnh78gzhkvhe4n6ulal9qvrtu43qtd0nh8/bob,native,2024-07-23T14:47:57.659Z,2024-05-02T17:43:17.623000,false,chain-metadata
osmosis,factory/osmo1q77cw0mmlluxu0wr29fcdd0tdnh78gzhkvhe4n6ulal9qvrtu43qtd0nh8/bgr,Burger,BGR,factory/osmo1q77cw0mmlluxu0wr29fcdd0tdnh78gzhkvhe4n6ulal9qvrtu43qtd0nh8/bgr,6,,osmosis,factory/osmo1q77cw0mmlluxu0wr29fcdd0tdnh78gzhkvhe4n6ulal9qvrtu43qtd0nh8/bgr,native,2024-07-23T14:47:57.659Z,2024-05-02T17:43:17.623000,false,chain-metadata
osmosis,factory/osmo1q77cw0mmlluxu0wr29fcdd0tdnh78gzhkvhe4n6ulal9qvrtu43qtd0nh8/boyardee,Chef Boyardee,BOYARDEE,factory/osmo1q77cw0mmlluxu0wr29fcdd0tdnh78gzhkvhe4n6ulal9qvrtu43qtd0nh8/boyardee,6,,osmosis,factory/osmo1q77cw0mmlluxu0wr29fcdd0tdnh78gzhkvhe4n6ulal9qvrtu43qtd0nh8/boyardee,native,2024-07-23T14:47:57.659Z,2024-05-02T17:43:17.623000,false,chain-metadata
osmosis,factory/osmo1q77cw0mmlluxu0wr29fcdd0tdnh78gzhkvhe4n6ulal9qvrtu43qtd0nh8/blt,BLT,BLT,factory/osmo1q77cw0mmlluxu0wr29fcdd0tdnh78gzhkvhe4n6ulal9qvrtu43qtd0nh8/blt,6,,osmosis,factory/osmo1q77cw0mmlluxu0wr29fcdd0tdnh78gzhkvhe4n6ulal9qvrtu43qtd0nh8/blt,native,2024-07-23T14:47:57.659Z,2024-05-02T17:43:17.623000,false,chain-metadata
osmosis,factory/osmo1q77cw0mmlluxu0wr29fcdd0tdnh78gzhkvhe4n6ulal9qvrtu43qtd0nh8/beer,BEER,BEER,factory/osmo1q77cw0mmlluxu0wr29fcdd0tdnh78gzhkvhe4n6ulal9qvrtu43qtd0nh8/beer,6,,osmosis,factory/osmo1q77cw0mmlluxu0wr29fcdd0tdnh78gzhkvhe4n6ulal9qvrtu43qtd0nh8/beer,native,2024-07-23T14:47:57.659Z,2024-05-02T17:43:17.623000,false,chain-metadata
osmosis,factory/osmo1q77cw0mmlluxu0wr29fcdd0tdnh78gzhkvhe4n6ulal9qvrtu43qtd0nh8/bns,Olive Bonsai,BNS,factory/osmo1q77cw0mmlluxu0wr29fcdd0tdnh78gzhkvhe4n6ulal9qvrtu43qtd0nh8/bns,6,,osmosis,factory/osmo1q77cw0mmlluxu0wr29fcdd0tdnh78gzhkvhe4n6ulal9qvrtu43qtd0nh8/bns,native,2024-07-23T14:47:57.659Z,2024-05-02T17:43:17.623000,false,chain-metadata
osmosis,factory/osmo1q77cw0mmlluxu0wr29fcdd0tdnh78gzhkvhe4n6ulal9qvrtu43qtd0nh8/bmm,BearMeme,BMM,factory/osmo1q77cw0mmlluxu0wr29fcdd0tdnh78gzhkvhe4n6ulal9qvrtu43qtd0nh8/bmm,6,,osmosis,factory/osmo1q77cw0mmlluxu0wr29fcdd0tdnh78gzhkvhe4n6ulal9qvrtu43qtd0nh8/bmm,native,2024-07-23T14:47:57.659Z,2024-05-02T17:43:17.623000,false,chain-metadata
osmosis,factory/osmo1q77cw0mmlluxu0wr29fcdd0tdnh78gzhkvhe4n6ulal9qvrtu43qtd0nh8/bmnn,Bearmininipsnation,BMNN,factory/osmo1q77cw0mmlluxu0wr29fcdd0tdnh78gzhkvhe4n6ulal9qvrtu43qtd0nh8/bmnn,6,,osmosis,factory/osmo1q77cw0mmlluxu0wr29fcdd0tdnh78gzhkvhe4n6ulal9qvrtu43qtd0nh8/bmnn,native,2024-07-23T14:47:57.659Z,2024-05-02T17:43:17.623000,false,chain-metadata
osmosis,factory/osmo1q77cw0mmlluxu0wr29fcdd0tdnh78gzhkvhe4n6ulal9qvrtu43qtd0nh8/bet,BET,BET,factory/osmo1q77cw0mmlluxu0wr29fcdd0tdnh78gzhkvhe4n6ulal9qvrtu43qtd0nh8/bet,6,,osmosis,factory/osmo1q77cw0mmlluxu0wr29fcdd0tdnh78gzhkvhe4n6ulal9qvrtu43qtd0nh8/bet,native,2024-07-23T14:47:57.659Z,2024-05-02T17:43:17.623000,false,chain-metadata
osmosis,factory/osmo1q77cw0mmlluxu0wr29fcdd0tdnh78gzhkvhe4n6ulal9qvrtu43qtd0nh8/ccat,CyberpunkCat,CCAT,factory/osmo1q77cw0mmlluxu0wr29fcdd0tdnh78gzhkvhe4n6ulal9qvrtu43qtd0nh8/ccat,6,,osmosis,factory/osmo1q77cw0mmlluxu0wr29fcdd0tdnh78gzhkvhe4n6ulal9qvrtu43qtd0nh8/ccat,native,2024-07-23T14:47:57.660Z,2024-05-02T17:43:17.623000,false,chain-metadata
osmosis,factory/osmo1q77cw0mmlluxu0wr29fcdd0tdnh78gzhkvhe4n6ulal9qvrtu43qtd0nh8/cbtc,Cookbtc,CBTC,factory/osmo1q77cw0mmlluxu0wr29fcdd0tdnh78gzhkvhe4n6ulal9qvrtu43qtd0nh8/cbtc,6,,osmosis,factory/osmo1q77cw0mmlluxu0wr29fcdd0tdnh78gzhkvhe4n6ulal9qvrtu43qtd0nh8/cbtc,native,2024-07-23T14:47:57.660Z,2024-05-02T17:43:17.623000,false,chain-metadata
osmosis,factory/osmo1q77cw0mmlluxu0wr29fcdd0tdnh78gzhkvhe4n6ulal9qvrtu43qtd0nh8/btс,Bitcoiner,BTС,factory/osmo1q77cw0mmlluxu0wr29fcdd0tdnh78gzhkvhe4n6ulal9qvrtu43qtd0nh8/btс,6,,osmosis,factory/osmo1q77cw0mmlluxu0wr29fcdd0tdnh78gzhkvhe4n6ulal9qvrtu43qtd0nh8/btс,native,2024-07-23T14:47:57.660Z,2024-05-02T17:43:17.623000,false,chain-metadata
osmosis,factory/osmo1q77cw0mmlluxu0wr29fcdd0tdnh78gzhkvhe4n6ulal9qvrtu43qtd0nh8/cbox,Cat in Box,CBOX,factory/osmo1q77cw0mmlluxu0wr29fcdd0tdnh78gzhkvhe4n6ulal9qvrtu43qtd0nh8/cbox,6,,osmosis,factory/osmo1q77cw0mmlluxu0wr29fcdd0tdnh78gzhkvhe4n6ulal9qvrtu43qtd0nh8/cbox,native,2024-07-23T14:47:57.660Z,2024-05-02T17:43:17.623000,false,chain-metadata
osmosis,factory/osmo1q77cw0mmlluxu0wr29fcdd0tdnh78gzhkvhe4n6ulal9qvrtu43qtd0nh8/capy,Capy,CAPY,factory/osmo1q77cw0mmlluxu0wr29fcdd0tdnh78gzhkvhe4n6ulal9qvrtu43qtd0nh8/capy,6,,osmosis,factory/osmo1q77cw0mmlluxu0wr29fcdd0tdnh78gzhkvhe4n6ulal9qvrtu43qtd0nh8/capy,native,2024-07-23T14:47:57.660Z,2024-05-02T17:43:17.623000,false,chain-metadata
osmosis,factory/osmo1q77cw0mmlluxu0wr29fcdd0tdnh78gzhkvhe4n6ulal9qvrtu43qtd0nh8/bug,Bug,BUG,factory/osmo1q77cw0mmlluxu0wr29fcdd0tdnh78gzhkvhe4n6ulal9qvrtu43qtd0nh8/bug,6,,osmosis,factory/osmo1q77cw0mmlluxu0wr29fcdd0tdnh78gzhkvhe4n6ulal9qvrtu43qtd0nh8/bug,native,2024-07-23T14:47:57.660Z,2024-05-02T17:43:17.623000,false,chain-metadata
osmosis,factory/osmo1q77cw0mmlluxu0wr29fcdd0tdnh78gzhkvhe4n6ulal9qvrtu43qtd0nh8/chad, DonCryptoniumInu,CHAD,factory/osmo1q77cw0mmlluxu0wr29fcdd0tdnh78gzhkvhe4n6ulal9qvrtu43qtd0nh8/chad,6,,osmosis,factory/osmo1q77cw0mmlluxu0wr29fcdd0tdnh78gzhkvhe4n6ulal9qvrtu43qtd0nh8/chad,native,2024-07-23T14:47:57.660Z,2024-05-02T17:43:17.623000,false,chain-metadata
osmosis,factory/osmo1q77cw0mmlluxu0wr29fcdd0tdnh78gzhkvhe4n6ulal9qvrtu43qtd0nh8/cbm,cookboom,cbm,factory/osmo1q77cw0mmlluxu0wr29fcdd0tdnh78gzhkvhe4n6ulal9qvrtu43qtd0nh8/cbm,6,,osmosis,factory/osmo1q77cw0mmlluxu0wr29fcdd0tdnh78gzhkvhe4n6ulal9qvrtu43qtd0nh8/cbm,native,2024-07-23T14:47:57.660Z,2024-05-02T17:43:17.623000,false,chain-metadata
osmosis,factory/osmo1q77cw0mmlluxu0wr29fcdd0tdnh78gzhkvhe4n6ulal9qvrtu43qtd0nh8/jkr,Joker,JKR,factory/osmo1q77cw0mmlluxu0wr29fcdd0tdnh78gzhkvhe4n6ulal9qvrtu43qtd0nh8/jkr,6,,osmosis,factory/osmo1q77cw0mmlluxu0wr29fcdd0tdnh78gzhkvhe4n6ulal9qvrtu43qtd0nh8/jkr,native,2024-07-23T14:47:57.666Z,2024-05-04T02:25:27.729000,false,chain-metadata
osmosis,factory/osmo1q77cw0mmlluxu0wr29fcdd0tdnh78gzhkvhe4n6ulal9qvrtu43qtd0nh8/kinu,KeaINU Reeves,KINU,factory/osmo1q77cw0mmlluxu0wr29fcdd0tdnh78gzhkvhe4n6ulal9qvrtu43qtd0nh8/kinu,6,,osmosis,factory/osmo1q77cw0mmlluxu0wr29fcdd0tdnh78gzhkvhe4n6ulal9qvrtu43qtd0nh8/kinu,native,2024-07-23T14:47:57.666Z,2024-05-04T02:25:27.729000,false,chain-metadata
osmosis,factory/osmo1q77cw0mmlluxu0wr29fcdd0tdnh78gzhkvhe4n6ulal9qvrtu43qtd0nh8/karas,karasek,KARAS,factory/osmo1q77cw0mmlluxu0wr29fcdd0tdnh78gzhkvhe4n6ulal9qvrtu43qtd0nh8/karas,6,,osmosis,factory/osmo1q77cw0mmlluxu0wr29fcdd0tdnh78gzhkvhe4n6ulal9qvrtu43qtd0nh8/karas,native,2024-07-23T14:47:57.666Z,2024-05-04T02:25:27.729000,false,chain-metadata
osmosis,factory/osmo1q77cw0mmlluxu0wr29fcdd0tdnh78gzhkvhe4n6ulal9qvrtu43qtd0nh8/lca,Larnaca Token,lca,factory/osmo1q77cw0mmlluxu0wr29fcdd0tdnh78gzhkvhe4n6ulal9qvrtu43qtd0nh8/lca,6,,osmosis,factory/osmo1q77cw0mmlluxu0wr29fcdd0tdnh78gzhkvhe4n6ulal9qvrtu43qtd0nh8/lca,native,2024-07-23T14:47:57.669Z,2024-05-04T02:25:27.729000,false,chain-metadata
osmosis,factory/osmo1q77cw0mmlluxu0wr29fcdd0tdnh78gzhkvhe4n6ulal9qvrtu43qtd0nh8/lola,Lolacoin,LOLA,factory/osmo1q77cw0mmlluxu0wr29fcdd0tdnh78gzhkvhe4n6ulal9qvrtu43qtd0nh8/lola,6,,osmosis,factory/osmo1q77cw0mmlluxu0wr29fcdd0tdnh78gzhkvhe4n6ulal9qvrtu43qtd0nh8/lola,native,2024-07-23T14:47:57.669Z,2024-05-04T02:25:27.729000,false,chain-metadata
osmosis,factory/osmo1q77cw0mmlluxu0wr29fcdd0tdnh78gzhkvhe4n6ulal9qvrtu43qtd0nh8/lfg,LFG,LFG,factory/osmo1q77cw0mmlluxu0wr29fcdd0tdnh78gzhkvhe4n6ulal9qvrtu43qtd0nh8/lfg,6,,osmosis,factory/osmo1q77cw0mmlluxu0wr29fcdd0tdnh78gzhkvhe4n6ulal9qvrtu43qtd0nh8/lfg,native,2024-07-23T14:47:57.669Z,2024-05-04T02:25:27.729000,false,chain-metadata
osmosis,factory/osmo1q77cw0mmlluxu0wr29fcdd0tdnh78gzhkvhe4n6ulal9qvrtu43qtd0nh8/labrats,Cosmos Labrats,LABRATS,factory/osmo1q77cw0mmlluxu0wr29fcdd0tdnh78gzhkvhe4n6ulal9qvrtu43qtd0nh8/labrats,6,,osmosis,factory/osmo1q77cw0mmlluxu0wr29fcdd0tdnh78gzhkvhe4n6ulal9qvrtu43qtd0nh8/labrats,native,2024-07-23T14:47:57.669Z,2024-05-04T02:25:27.729000,false,chain-metadata
osmosis,factory/osmo1q77cw0mmlluxu0wr29fcdd0tdnh78gzhkvhe4n6ulal9qvrtu43qtd0nh8/lvi,Lavilav15,LVI,factory/osmo1q77cw0mmlluxu0wr29fcdd0tdnh78gzhkvhe4n6ulal9qvrtu43qtd0nh8/lvi,6,,osmosis,factory/osmo1q77cw0mmlluxu0wr29fcdd0tdnh78gzhkvhe4n6ulal9qvrtu43qtd0nh8/lvi,native,2024-07-23T14:47:57.669Z,2024-05-04T02:25:27.729000,false,chain-metadata
osmosis,factory/osmo1q77cw0mmlluxu0wr29fcdd0tdnh78gzhkvhe4n6ulal9qvrtu43qtd0nh8/krawall,krawall,KRAWALL,factory/osmo1q77cw0mmlluxu0wr29fcdd0tdnh78gzhkvhe4n6ulal9qvrtu43qtd0nh8/krawall,6,,osmosis,factory/osmo1q77cw0mmlluxu0wr29fcdd0tdnh78gzhkvhe4n6ulal9qvrtu43qtd0nh8/krawall,native,2024-07-23T14:47:57.669Z,2024-05-04T02:25:27.729000,false,chain-metadata
osmosis,factory/osmo1q77cw0mmlluxu0wr29fcdd0tdnh78gzhkvhe4n6ulal9qvrtu43qtd0nh8/koala,Koala-san,KOALA,factory/osmo1q77cw0mmlluxu0wr29fcdd0tdnh78gzhkvhe4n6ulal9qvrtu43qtd0nh8/koala,6,,osmosis,factory/osmo1q77cw0mmlluxu0wr29fcdd0tdnh78gzhkvhe4n6ulal9qvrtu43qtd0nh8/koala,native,2024-07-23T14:47:57.669Z,2024-05-04T02:25:27.729000,false,chain-metadata
osmosis,factory/osmo1q77cw0mmlluxu0wr29fcdd0tdnh78gzhkvhe4n6ulal9qvrtu43qtd0nh8/koko,KOKO,KOKO,factory/osmo1q77cw0mmlluxu0wr29fcdd0tdnh78gzhkvhe4n6ulal9qvrtu43qtd0nh8/koko,6,,osmosis,factory/osmo1q77cw0mmlluxu0wr29fcdd0tdnh78gzhkvhe4n6ulal9qvrtu43qtd0nh8/koko,native,2024-07-23T14:47:57.669Z,2024-05-04T02:25:27.729000,false,chain-metadata
osmosis,factory/osmo1q77cw0mmlluxu0wr29fcdd0tdnh78gzhkvhe4n6ulal9qvrtu43qtd0nh8/lord, Lord Voldemort,Lord,factory/osmo1q77cw0mmlluxu0wr29fcdd0tdnh78gzhkvhe4n6ulal9qvrtu43qtd0nh8/lord,6,,osmosis,factory/osmo1q77cw0mmlluxu0wr29fcdd0tdnh78gzhkvhe4n6ulal9qvrtu43qtd0nh8/lord,native,2024-07-23T14:47:57.669Z,2024-05-04T02:25:27.729000,false,chain-metadata
osmosis,factory/osmo1q77cw0mmlluxu0wr29fcdd0tdnh78gzhkvhe4n6ulal9qvrtu43qtd0nh8/mst,Mad Science Tits,MST,factory/osmo1q77cw0mmlluxu0wr29fcdd0tdnh78gzhkvhe4n6ulal9qvrtu43qtd0nh8/mst,6,,osmosis,factory/osmo1q77cw0mmlluxu0wr29fcdd0tdnh78gzhkvhe4n6ulal9qvrtu43qtd0nh8/mst,native,2024-07-23T14:47:57.670Z,2024-05-04T02:25:27.729000,false,chain-metadata
osmosis,factory/osmo1q77cw0mmlluxu0wr29fcdd0tdnh78gzhkvhe4n6ulal9qvrtu43qtd0nh8/mortys,Mortys,MORTYS,factory/osmo1q77cw0mmlluxu0wr29fcdd0tdnh78gzhkvhe4n6ulal9qvrtu43qtd0nh8/mortys,6,,osmosis,factory/osmo1q77cw0mmlluxu0wr29fcdd0tdnh78gzhkvhe4n6ulal9qvrtu43qtd0nh8/mortys,native,2024-07-23T14:47:57.670Z,2024-05-04T02:25:27.729000,false,chain-metadata
osmosis,factory/osmo1q77cw0mmlluxu0wr29fcdd0tdnh78gzhkvhe4n6ulal9qvrtu43qtd0nh8/mjn,Małpa Nosacz,MJN,factory/osmo1q77cw0mmlluxu0wr29fcdd0tdnh78gzhkvhe4n6ulal9qvrtu43qtd0nh8/mjn,6,,osmosis,factory/osmo1q77cw0mmlluxu0wr29fcdd0tdnh78gzhkvhe4n6ulal9qvrtu43qtd0nh8/mjn,native,2024-07-23T14:47:57.670Z,2024-05-04T02:25:27.729000,false,chain-metadata
osmosis,factory/osmo1q77cw0mmlluxu0wr29fcdd0tdnh78gzhkvhe4n6ulal9qvrtu43qtd0nh8/meth,Blue Sky,METH,factory/osmo1q77cw0mmlluxu0wr29fcdd0tdnh78gzhkvhe4n6ulal9qvrtu43qtd0nh8/meth,6,,osmosis,factory/osmo1q77cw0mmlluxu0wr29fcdd0tdnh78gzhkvhe4n6ulal9qvrtu43qtd0nh8/meth,native,2024-07-23T14:47:57.670Z,2024-05-04T02:25:27.729000,false,chain-metadata
osmosis,factory/osmo1q77cw0mmlluxu0wr29fcdd0tdnh78gzhkvhe4n6ulal9qvrtu43qtd0nh8/molandak,Molandak,MOLANDAK,factory/osmo1q77cw0mmlluxu0wr29fcdd0tdnh78gzhkvhe4n6ulal9qvrtu43qtd0nh8/molandak,6,,osmosis,factory/osmo1q77cw0mmlluxu0wr29fcdd0tdnh78gzhkvhe4n6ulal9qvrtu43qtd0nh8/molandak,native,2024-07-23T14:47:57.670Z,2024-05-04T02:25:27.729000,false,chain-metadata
osmosis,factory/osmo1q77cw0mmlluxu0wr29fcdd0tdnh78gzhkvhe4n6ulal9qvrtu43qtd0nh8/nigga,Cosmotard Niggas,Nigga,factory/osmo1q77cw0mmlluxu0wr29fcdd0tdnh78gzhkvhe4n6ulal9qvrtu43qtd0nh8/nigga,6,,osmosis,factory/osmo1q77cw0mmlluxu0wr29fcdd0tdnh78gzhkvhe4n6ulal9qvrtu43qtd0nh8/nigga,native,2024-07-23T14:47:57.671Z,2024-05-04T02:25:27.729000,false,chain-metadata
osmosis,factory/osmo1q77cw0mmlluxu0wr29fcdd0tdnh78gzhkvhe4n6ulal9qvrtu43qtd0nh8/nip,NIPPLE,NIP,factory/osmo1q77cw0mmlluxu0wr29fcdd0tdnh78gzhkvhe4n6ulal9qvrtu43qtd0nh8/nip,6,,osmosis,factory/osmo1q77cw0mmlluxu0wr29fcdd0tdnh78gzhkvhe4n6ulal9qvrtu43qtd0nh8/nip,native,2024-07-23T14:47:57.671Z,2024-05-04T02:25:27.729000,false,chain-metadata
osmosis,ibc/B159A28CA4B293970765D07AD783904816A5197895798056A2153D8812267C08,Serum (Portal from Solana),SRMso,srmso,6,,terra,cw20:terra1dkam9wd5yvaswv4yq3n2aqd4wm5j8n82qc0c7c,native,2024-06-27T21:02:05Z,2024-06-28T02:25:30.537000,false,chain-registry
osmosis,ibc/A27871670712E674D292568403A9B6FDD0B6507C78DAE0B0318F8BB14145A7AD,Gtps.Finance,GFI,gfi,18,,terra,cw20:terra15pkdjxv2ewjzn9x665y26pfz2h6ymak4d4e8se,native,2024-06-27T21:02:05Z,2024-06-28T02:25:30.537000,false,chain-registry
osmosis,ibc/8B1205F77CC5A0403306FB525A5393796D0288337BBCE53636E75591AEFF2853,Saber (Portal),SBR,sbr,6,,terra,cw20:terra17h82zsq6q8x5tsgm5ugcx4gytw3axguvzt4pkc,native,2024-06-27T21:02:05Z,2024-06-28T02:25:30.537000,false,chain-registry
osmosis,ibc/CE1AD225DBCBD92176E771B28DBD7DC8D2216A9BA483ADF809236095F620B05D,xMars Token,XMARS,xmars,6,,terra,cw20:terra1a04v570f9cxp49mk06vjsm8axsswndpwwt67k4,native,2024-06-27T21:02:05Z,2024-06-28T02:25:30.537000,false,chain-registry
osmosis,ibc/C4CA2D966B393B7CDF5BD948E74617B795B24724C10AEABE7DD819EC4F82A8AA,Luart Token,LUART,luart,6,,terra,cw20:terra1vwz7t30q76s7xx6qgtxdqnu6vpr3ak3vw62ygk,native,2024-06-27T21:02:05Z,2024-06-28T02:25:30.537000,false,chain-registry
osmosis,ibc/ECCCB63C2E36660DBD7F701B12EF20597D42088799FF8E81CE54BFD55A7AC16E,Steak Token,STEAK,steak,6,,terra,cw20:terra1rl4zyexjphwgx6v3ytyljkkc4mrje2pyznaclv,native,2024-06-27T21:02:05Z,2024-06-28T02:25:30.537000,false,chain-registry
osmosis,ibc/F5440320D31620C7F09B02AB8C70AE47521B9E555E0BA7F07B784163D9BFF8DC,Terra Tritium Token,TRIT,trit,6,,terra,cw20:terra1g6fm3yu79gv0rc8067n2nnfpf0vks6n0wpzaf4u7w48tdrmj98zsy7uu00,native,2024-06-27T21:02:05Z,2024-06-28T02:25:30.537000,false,chain-registry
osmosis,ibc/F37EF82C7F64ADEC81365EDA2A426D2422E6A28800F10448629AACDDAE92F3D3,Kinetic Token,KNTC,kntc,6,,terra,cw20:terra1yeyr6taynkwdl85ppaggr3zr8txhf66cny2ang,native,2024-06-27T21:02:05Z,2024-06-28T02:25:30.537000,false,chain-registry
osmosis,ibc/F03DFB5FCCBD29E45CF175C24182A58C79A0A446612EA20DAB8BDB70DC1FF83A,Tether USD (Portal from Avalanche),USDTav,usdtav,6,,terra,cw20:terra1eqvq3thjhye7anv6f6mhxpjhyvww8zjvqcdgjx,native,2024-06-27T21:02:05Z,2024-06-28T02:25:30.537000,false,chain-registry
osmosis,ibc/3B9ABA3279B929C3D9C59F6C8C1A1E661D4FC13DDF462DAB2265EC39CDCD1001,Sayve Token,SAYVE,sayve,6,,terra,cw20:terra14v9wrjs55qsn9lkvylsqela3w2ytwxzkycqzcr,native,2024-06-27T21:02:05Z,2024-06-28T02:25:30.537000,false,chain-registry
osmosis,ibc/2CE3FB37B459658FEC5DDDDFF7EFC561AB81AAA317FAECF07D9D8F934F977A9D,FURY,FURY,fury,6,,terra,cw20:terra1cdc6nlsx0l6jmt3nnx7gxjggf902wge3n2z76k,native,2024-06-27T21:02:05Z,2024-06-28T02:25:30.537000,false,chain-registry
osmosis,ibc/44325A118DA8B8D873D1BF3404B09A1AC02EBBF440FEAC4186FB677C92788D17,LCT Token,LCT,lct,6,,terra,cw20:terra1srp2u95kxps35nvan88gn96nfqhukqya2d0ffc,native,2024-06-27T21:02:05Z,2024-06-28T02:25:30.537000,false,chain-registry
osmosis,ibc/947AC438CEC4A43B062F68C126B6D0B7BBE119E9D44B8294AED79A3FDF4CA036,Lunaverse,LUV,luv,6,,terra,cw20:terra15k5r9r8dl8r7xlr29pry8a9w7sghehcnv5mgp6,native,2024-06-27T21:02:05Z,2024-06-28T02:25:30.537000,false,chain-registry
osmosis,ibc/7A0E6CF16DD239E89BCFF814A9013697734703E9E12F6605B4D07454D726571B,Reactor Token,RCT,rct,6,,terra,cw20:terra17n223dxpkypc5c48la7aqjvverczg82ga3cr93,native,2024-06-27T21:02:05Z,2024-06-28T02:25:30.537000,false,chain-registry
osmosis,ibc/4249A9BAE70BB8FFCED21E2928CA2D980431E74D172FA7CCC5A78A8064837C94,Frogztrik NFT Token,FROG,frog,6,,terra,cw20:terra1wez9puj43v4s25vrex7cv3ut3w75w4h6j5e537sujyuxj0r5ne2qp9uwl9,native,2024-06-27T21:02:05Z,2024-06-28T02:25:30.537000,false,chain-registry
osmosis,ibc/4B889178BAA176E102E33F4B7A421EF958C1C039799B4E036FA6A5AE3A7BF958,BRO token,BRO,bro,6,,terra,cw20:terra1mt2ytlrxhvd5c4d4fshxxs3zcus3fkdmuv4mk2,native,2024-06-27T21:02:05Z,2024-06-28T02:25:30.537000,false,chain-registry
osmosis,ibc/6A561C4F7EEC8356E971CD9F86A29F88C2FF1DCA9778F59CACA6DF5D4CD890D4,TerrnadoCash,sTND,stnd,6,,terra,cw20:terra1n9k2he20h5vpyn4mgv7pg4pzvw2n3wc4a86v3g,native,2024-06-27T21:02:05Z,2024-06-28T02:25:30.537000,false,chain-registry
osmosis,ibc/73CBE52098D640F5826E3DD8CEE9E77A2C3C1F8442147323E5E141D7DEE0F513,Retrograde,RETRO,retro,6,,terra,cw20:terra1j4hwavavmtsafa6zr0npalfz3tk9gf3p4787mp,native,2024-06-27T21:02:05Z,2024-06-28T02:25:30.537000,false,chain-registry
osmosis,ibc/954C8FA6685BE14447269E3207EC8331B037E1BBE268EEE0B199E53A00A35A33,Star Atlas (Portal),ATLAS,atlas,8,,terra,cw20:terra1rg8f993m9834afwazersesgx7jjxv4p87q9wvc,native,2024-06-27T21:02:05Z,2024-06-28T02:25:30.537000,false,chain-registry
osmosis,ibc/DB8986F9B8CB8D9F85C8E0B5BFA6E28B9096EB9A17F6B8B668B01ABC6BE02049,Atlo Token,ATLO,atlo,6,,terra,cw20:terra1cl7whtrqmz5ldr553q69qahck8xvk80fm33qjx,native,2024-06-27T21:02:05Z,2024-06-28T02:25:30.537000,false,chain-registry
osmosis,ibc/05D5AD21F3722CB4F070D2B2293344EDAB655C80C4A80CCAC1C3675F7CFD5304,Nebula Token,NEB,neb,6,,terra,cw20:terra1mpq5zkkm39nmjrjg9raknpfrfmcfwv0nh0whvn,native,2024-06-27T21:02:05Z,2024-06-28T02:25:30.537000,false,chain-registry
osmosis,ibc/61BAA2DB9CD9F853B6FC576A39C698139AA536E3DD299C59BF82524C7789429E,Binance USD (Portal from BSC),BUSDbs,busdbs,8,,terra,cw20:terra1skjr69exm6v8zellgjpaa2emhwutrk5a6dz7dd,native,2024-06-27T21:02:05Z,2024-06-28T02:25:30.537000,false,chain-registry
osmosis,ibc/B1A27A6C18687491FEE0B237441C2056600DD9EEA3A252DE87DDE9EF96DBE16F,Neworld Token,NWT,nwt,9,,terra,cw20:terra1ezz5xply2v3xdyv32gy5tcd7zq4k235q4xtzwe,native,2024-06-27T21:02:05Z,2024-06-28T02:25:30.537000,false,chain-registry
osmosis,ibc/0EA073BA9C2F35003AF05F99D121C47EC603A978D7C42A50CD4FFEF8ECA525B0,Guides Token,GUIDES,guides,6,,terra,cw20:terra1z55rhw0ut70jxdmpvge98mvj0rkwcz74q77z0u,native,2024-06-27T21:02:05Z,2024-06-28T02:25:30.537000,false,chain-registry
osmosis,ibc/12D57045A1B0CD82F3924B62FB44EBCA67948D759747A8AE9D83EF7AF0762757,RESToad Token,TOAD,toad,6,,terra,cw20:terra1rz964297kvt86rteajhtp4hsffhcum0ye8eljh,native,2024-06-27T21:02:05Z,2024-06-28T02:25:30.537000,false,chain-registry
osmosis,ibc/B86D0EC0B5333229BCFF55F48DBE19E940AC6C342A17C9F75B7FE23F0C620339,pStake Bonded ATOM (Wormhole),webATOM,webatom,6,,terra,cw20:terra128pe5jpempxu0nws5lw28se9zknhsr78626cpn,native,2024-06-27T21:02:05Z,2024-06-28T02:25:30.537000,false,chain-registry
osmosis,ibc/169449C31A5B18D8A93BDE18B1201D815B5FAAECBA0DE09D862BE3240B9A29EB,Orion Money xASTRO Derivative Token,orionASTRO,orionastro,6,,terra,cw20:terra1yhlhrea3rgyx2xdnsswsfakn28qa8z7yp5gmhd,native,2024-06-27T21:02:05Z,2024-06-28T02:25:30.537000,false,chain-registry
osmosis,ibc/107A3AD8E6328408744B7D9FBA619D8371805184F46B829DEA372CC2DC790489,Tether USD (Portal from Solana),USDTso,usdtso,6,,terra,cw20:terra1hd9n65snaluvf7en0p4hqzse9eqecejz2k8rl5,native,2024-06-27T21:02:05Z,2024-06-28T02:25:30.537000,false,chain-registry
osmosis,ibc/2D6714236503E557BD02C6ED9E70B03CDFBB19D4F0CD2EAA5D780D4C493A8787,Willisch Coin,WCOIN,wcoin,6,,terra,cw20:terra1laczhlpxlgmrwr9un9ds74qxd2fj4754nf82dn,native,2024-06-27T21:02:05Z,2024-06-28T02:25:30.537000,false,chain-registry
osmosis,ibc/AD1F63BA20D4D7405091BAFA81686681AC1CB033DB15EE614CBD4B359D8D8BB5,DragonSB,SB,sb,6,,terra,cw20:terra1948uvsah8aw40dhsa9mhl3htq8lraj0smlh77g,native,2024-06-27T21:02:05Z,2024-06-28T02:25:30.537000,false,chain-registry
osmosis,ibc/6617AE3517F2EF41A6E96CF4800CD9798D515D49B5B1EA67BAE5FB5E4F06C087,BENQI Staked AVAX (Portal),wasAVAX,wasavax,8,,terra,cw20:terra1z3e2e4jpk4n0xzzwlkgcfvc95pc5ldq0xcny58,native,2024-06-27T21:02:05Z,2024-06-28T02:25:30.537000,false,chain-registry
osmosis,ibc/627D28C2DAB73D02EE4530AC14048A6308774C49E252DE610B4FC95C12306B15,Basic Attention Token (Portal),BAT,bat,8,,terra,cw20:terra1apxgj5agkkfdm2tprwvykug0qtahxvfmugnhx2,native,2024-06-27T21:02:05Z,2024-06-28T02:25:30.537000,false,chain-registry
osmosis,ibc/C31212697D7E9C3A86844DD97E6A89B23FA1B4D19D44EB47871CCBB8DCEEE35A,Magic Internet Money,MIMet,mimet,8,,terra,cw20:terra15a9dr3a2a2lj5fclrw35xxg9yuxg0d908wpf2y,native,2024-06-27T21:02:05Z,2024-06-28T02:25:30.537000,false,chain-registry
osmosis,ibc/5E27AB9A29891B1FD34A019DCD0CEC510ADB50F344A0396C954D15DAAC63C774,C2X Token,CTX,ctx,6,,terra,cw20:terra1rl20t79ffsrqfa29rke48tj05gj9jxumm92vg8,native,2024-06-27T21:02:05Z,2024-06-28T02:25:30.537000,false,chain-registry
osmosis,ibc/3A76F38BBFAE242858A44AED08700FB137D97B26594BF0F247A78A016C1C0C9C,MATIC (Portal from Polygon),MATICpo,maticpo,8,,terra,cw20:terra1dtqlfecglk47yplfrtwjzyagkgcqqngd5lgjp8,native,2024-06-27T21:02:05Z,2024-06-28T02:25:30.537000,false,chain-registry
osmosis,ibc/F84CD975385ED193D6ED2A8AF0CBACA7304399426F92E19A55615A57A091C1CD,Neworld Labs Develpper Token,NWLD,nwld,9,,terra,cw20:terra1amz5c45l34n7w8m5a3z7rd7u0k037x4nnsemwj,native,2024-06-27T21:02:05Z,2024-06-28T02:25:30.537000,false,chain-registry
osmosis,ibc/36A1E70684C02AF59DD3025B888CC5A45B87136C64CF9ACAEFB6E0B3F12E442A,Prism cLuna Token,cLuna,cluna,6,,terra,cw20:terra13zaagrrrxj47qjwczsczujlvnnntde7fdt0mau,native,2024-06-27T21:02:05Z,2024-06-28T02:25:30.537000,false,chain-registry
osmosis,ibc/5A765EDE7C505881C21527256A05F552AF22578D23033E049989C72DDF5EE4C8,bBRO token,bBRO,bbro,6,,terra,cw20:terra1qryq5wreecx2wd3cdtzz94syr4z0a92l60asds,native,2024-06-27T21:02:05Z,2024-06-28T02:25:30.537000,false,chain-registry
osmosis,ibc/5573EEA1EEDDABCF05AFF8CC4E8AE2C220F2DF57AA4591D2863613736ADB6A21,DeFiato,DFIAT,dfiat,8,,terra,cw20:terra1vpws4hmpmpsqwnz3gljn8zj42rv7rkpc5atgt4,native,2024-06-27T21:02:05Z,2024-06-28T02:25:30.537000,false,chain-registry
osmosis,ibc/2A3E0853497988E9D54FD6B91BCC5C72A87F1AF9CAA3C09B0073254D9B0EFE12,Stader xSD,xSD,xsd,8,,terra,cw20:terra1ln2z938phz0nc2wepxpzfkwp6ezn9yrz9zv9ep,native,2024-06-27T21:02:05Z,2024-06-28T02:25:30.537000,false,chain-registry
osmosis,ibc/BE1E260CC5C322EF415134FDF0B48C48D3F09956D89BAC92D1328A47BFFFC7AB,Ultimatalioniscoin,ULC,ulc,18,,terra,cw20:terra1fyjsxx73jrufw8ufgtuswa773dvdkny92k70wa,native,2024-06-27T21:02:05Z,2024-06-28T02:25:30.537000,false,chain-registry
osmosis,ibc/D73732BB4D8D95F1E85AA88300EA988EB30EEDBC0AC4B397FEC15EEF21BF6597,Audius (Portal),AUDIO,audio,8,,terra,cw20:terra1nc6flp57m5hsr6y5y8aexzszy43ksr0drdr8rp,native,2024-06-27T21:02:05Z,2024-06-28T02:25:30.537000,false,chain-registry
osmosis,ibc/125F2B412926A70AF29619F0807FF0F3188718BB4C548496F018F902847583AB,Vitamin Coin,VITC,vitc,6,,terra,cw20:terra14vw4sfqwe7jw8ppcc7u44vq7hy9qa2nlstnxmu,native,2024-06-27T21:02:05Z,2024-06-28T02:25:30.537000,false,chain-registry
osmosis,ibc/C3709B57D51FAB1E118C07C2C14C2671ABB22ACE4E8B7512A93CBF449B62BE0A,LOCAL Token,LOCAL,local,6,,terra,cw20:terra1vchw83qt25j89zqwdpmdzj722sqxthnckqzxxp,native,2024-06-27T21:02:05Z,2024-06-28T02:25:30.537000,false,chain-registry
osmosis,ibc/B2CB4EC52DA861F5AD4A89561A78556E8BA062EE017F7ECBF6C728C2CF30C78E,DAI (Portal),DAI,dai,8,,terra,cw20:terra1zmclyfepfmqvfqflu8r3lv6f75trmg05z7xq95,native,2024-06-27T21:02:05Z,2024-06-28T02:25:30.537000,false,chain-registry
osmosis,ibc/E421747451935D6FD8FD0232E1D68ABC167326F946FEAA12122621D9CED4ED6A,AVAX (Portal),AVAX,avax,8,,terra,cw20:terra1hj8de24c3yqvcsv9r8chr03fzwsak3hgd8gv3m,native,2024-06-27T21:02:05Z,2024-06-28T02:25:30.537000,false,chain-registry
osmosis,ibc/DF343D71EE8EB038F6E22493075271B6ECE0914F688FA7D03B471F722841B587,USD Coin (Portal from Polygon),USDCpo,usdcpo,6,,terra,cw20:terra1kkyyh7vganlpkj0gkc2rfmhy858ma4rtwywe3x,native,2024-06-27T21:02:05Z,2024-06-28T02:25:30.537000,false,chain-registry
osmosis,ibc/0C950158CDD84042774B43896B55DC1A6596BC95BDF8ED61A7C038BDCF7DA7E8,DAO Maker,whDAO,whdao,8,,terra,cw20:terra1efjugpjc50d8sha7lr8s48cr7wmsthz94eevcl,native,2024-06-27T21:02:05Z,2024-06-28T02:25:30.537000,false,chain-registry
osmosis,ibc/274A322ACFA24574E99CA9DA03B75CE3F823E5539BBC946C75BC1F23EE9CDA89,Prism pLuna Token,pLuna,pluna,6,,terra,cw20:terra1tlgelulz9pdkhls6uglfn5lmxarx7f2gxtdzh2,native,2024-06-27T21:02:05Z,2024-06-28T02:25:30.537000,false,chain-registry
osmosis,ibc/B5457A60AD0FEF33E2831059518659D132E514CEE3EC4E9B45AD708EF6D5F234,Tadpole Frogztrik Token,TADF,tadf,6,,terra,cw20:terra19gzvkw5hft3ulp8n6ws3p9yradhc802axqal59lzxau6rqxktj9q0dwf9c,native,2024-06-27T21:02:05Z,2024-06-28T02:25:30.537000,false,chain-registry
osmosis,ibc/A4ED6C6F4564061734649338DD60865F154A80B2C26A711E3EA3D73B07F3A4BC,TerrnadoCash,TND,tnd,6,,terra,cw20:terra16wggm67a34msdxasg2vergm2pt289y7930wv7d,native,2024-06-27T21:02:05Z,2024-06-28T02:25:30.537000,false,chain-registry
osmosis,ibc/B21400D3D89367F2C18811F581571DE2BAEF45F992DE9B625BDD6DBD5FBF7BF3,ChainLink Token,LINK,link,18,,terra,cw20:terra1su6g4t4vwx7y0uh3ksancyaurj4l6w9pfs40qt,native,2024-06-27T21:02:05Z,2024-06-28T02:25:30.537000,false,chain-registry
osmosis,ibc/7DCBF780E8CD72397AB4CE0F482285A2C29601E4BE4480A115CA0905FDB3EC9F,LCT Fancard Token,LCTfancard,lctfancard,6,,terra,cw20:terra1thhm2u93m2stytzynhsxh5h3jrtg540x4punqy,native,2024-06-27T21:02:05Z,2024-06-28T02:25:30.537000,false,chain-registry
osmosis,ibc/9040BE69B33F6F8CAF8FC2404B384647CBCB2363B7AEB21F8325C2C2BA70100C,Bonded ATOM,bATOM,batom,6,,terra,cw20:terra18zqcnl83z98tf6lly37gghm7238k7lh79u4z9a,native,2024-06-27T21:02:05Z,2024-06-28T02:25:30.537000,false,chain-registry
osmosis,ibc/AA01F69B068E1722721183DBF3876E5BE2803C61EC0EF450FA850F6AA0C3025D,CST Token,CST,cst,6,,terra,cw20:terra1jkkt5638cd5pur0u5jnr2juw0v6hz5d6z8xu8m,native,2024-06-27T21:02:05Z,2024-06-28T02:25:30.537000,false,chain-registry
osmosis,ibc/A98E20CDFAA4F824DC1FB38DF734639D9B663B6B9CDE70679B147C19979463DB,MintDAO,MINT,mint,6,,terra,cw20:terra1zd6let0zg0xjn2sestagxv4ax24a4ml6j40qdr,native,2024-06-27T21:02:05Z,2024-06-28T02:25:30.537000,false,chain-registry
osmosis,ibc/5F9702D20754980C1CB7AA848CF097BAB61D4236F10D18F7E431FE2C2C6659BA,Governance OHM (Portal),gOHM,gohm,8,,terra,cw20:terra1fpfn2kkr8mv390wx4dtpfk3vkjx9ch3thvykl3,native,2024-06-27T21:02:05Z,2024-06-28T02:25:30.537000,false,chain-registry
osmosis,ibc/E1DDEDB674BC6D6884A468D4865CD05C5205DCBA3ECFA76EC1031F9A58F3A35A,Kinetic kUST Token,kUST,kust,6,,terra,cw20:terra1g53pyke8jtmt4lwvk4yl0xaqc4u0qlsl8dz3ex,native,2024-06-27T21:02:05Z,2024-06-28T02:25:30.537000,false,chain-registry
osmosis,ibc/6F5998D94C801508B8B7262048CFD398540FE31427B35D553661042D44423DF3,Lido Staked Ether (Portal),stETH,steth,8,,terra,cw20:terra1w7ywr6waxtjuvn5svk5wqydqpjj0q9ps7qct4d,native,2024-06-27T21:02:05Z,2024-06-28T02:25:30.537000,false,chain-registry
osmosis,ibc/193EAA38602E756888FE002143657385CA1B71B1731C87E88F73BF1F9C1E86F0,USD Coin (Portal from Solana),USDCso,usdcso,6,,terra,cw20:terra1e6mq63y64zcxz8xyu5van4tgkhemj3r86yvgu4,native,2024-06-27T21:02:05Z,2024-06-28T02:25:30.537000,false,chain-registry
osmosis,ibc/5209EB7BFF67D0F1CD7323BFDFCC87DFCEF039E78ECF8862E001D17397E7B8C2,Global Transaction Payment Solut,GTPS,gtps,18,,terra,cw20:terra15zvyhmv6gwddht7kt4q6w5nasn4tcpgzcdfmgr,native,2024-06-27T21:02:05Z,2024-06-28T02:25:30.537000,false,chain-registry
osmosis,ibc/E29BCFF5B139DCCB29E99DFC6953E11D16176D585B486CE0729B69A00134C7F1,Paxos Gold (Portal),PAXG,paxg,8,,terra,cw20:terra1uux6gwd6pzr0gfzrru5kne55cxex9d0700c72r,native,2024-06-27T21:02:05Z,2024-06-28T02:25:30.537000,false,chain-registry
osmosis,ibc/F8EDC4511E7ACE342FEF05FC48702EA02FD0A9339AE293C221EB5688398B5DB6,Tether USD (Portal from BSC),USDTbs,usdtbs,8,,terra,cw20:terra1vlqeghv5mt5udh96kt5zxlh2wkh8q4kewkr0dd,native,2024-06-27T21:02:05Z,2024-06-28T02:25:30.537000,false,chain-registry
osmosis,ibc/8726BBFA5837A5E36E964E450652645752BE60134E52C6688D667A05454FC2E0,USD Coin (Portal from BSC),USDCbs,usdcbs,8,,terra,cw20:terra1yljlrxvkar0c6ujpvf8g57m5rpcwl7r032zyvu,native,2024-06-27T21:02:05Z,2024-06-28T02:25:30.537000,false,chain-registry
osmosis,ibc/05352AE3BCE316C1F137A05F6B18268DE6D5AE67CC0045F5DFE05823C17CABEE,Marinade staked SOL (Portal),mSOL,msol,8,,terra,cw20:terra1qvlpf2v0zmru3gtex40sqq02wxp39x3cjh359y,native,2024-06-27T21:02:05Z,2024-06-28T02:25:30.537000,false,chain-registry
osmosis,ibc/1DD19A3A498B19E2A8E2CDC76AB6FBA350CA7AE95F53B0FF66B94FC7D1D64977,Sooah Studio Token,SST,sst,6,,terra,cw20:terra1689ys6p6gfu0q6xrjqkzfn80sdyhurjqn0jfdl,native,2024-06-27T21:02:05Z,2024-06-28T02:25:30.537000,false,chain-registry
osmosis,ibc/0CF0C033EF499817C864D4C96C181ECB0A622C21B906ADDA8B9C078646EAE1B7,USD Coin (Portal from Avalanche),USDCav,usdcav,6,,terra,cw20:terra1pvel56a2hs93yd429pzv9zp5aptcjg5ulhkz7w,native,2024-06-27T21:02:05Z,2024-06-28T02:25:30.537000,false,chain-registry
osmosis,ibc/9B6B25D108D3B29E8404D280E18C3CC7368D8C1BF585C9184B4345FD39C31E04,Stader SD (Portal),SD,sd,8,,terra,cw20:terra1ustvnmngueq0p4jd7gfnutgvdc6ujpsjhsjd02,native,2024-06-27T21:02:05Z,2024-06-28T02:25:30.537000,false,chain-registry
osmosis,ibc/5BF935F2D869C723DC3CBD341253E5E09385827FE8ED2D3E0FA08CB8AC694EE7,Shiba Inu (Portal),SHIB,shib,8,,terra,cw20:terra1huku2lecfjhq9d00k5a8dh73gw7dwe6vvuf2dd,native,2024-06-27T21:02:05Z,2024-06-28T02:25:30.537000,false,chain-registry
osmosis,ibc/C2BE0C2C54D15B7A8963502C94C472B969991B64CD41D7B21A137ACFF0DFB69D,Mars Token,MARS,mars,6,,terra,cw20:terra12hgwnpupflfpuual532wgrxu2gjp0tcagzgx4n,native,2024-06-27T21:02:05Z,2024-06-28T02:25:30.537000,false,chain-registry
osmosis,ibc/9446CDD047DB30C65F5D378AFB488120B8EFF6DA4236F854F6829ED67B3FE21A,Ceres Governance Token,CERES,ceres,6,,terra,cw20:terra1hppnw4jppmrzzga4yvd8s87y3dwkhe27xwwl5d,native,2024-06-27T21:02:05Z,2024-06-28T02:25:30.537000,false,chain-registry
osmosis,ibc/52EA1A9E068E1BD5EA74AB23CFC310C9A475982DBEF0B332D060987EE3836C1B,CST Fancard Token,CSTfancard,cstfancard,6,,terra,cw20:terra1kz7qszu7p4dg9lts7m9m7lpuarsnan47jh3fam,native,2024-06-27T21:02:05Z,2024-06-28T02:25:30.537000,false,chain-registry
osmosis,ibc/098AAFF5AF8802B89886F991E07357354064A612DC8DF776B218824EBAD8AD4F,CAPITRADE TOKEN,CDE,cde,9,,terra,cw20:terra13fs83g5atgjwuh7c5ydzh6n7gecel6xyhhy2t5,native,2024-06-27T21:02:05Z,2024-06-28T02:25:30.537000,false,chain-registry
osmosis,ibc/084529692493948AA0078265BE013E602B9BA77BB148DD6BF2BD764B38BC0A48,Prism yLuna Token,yLuna,yluna,6,,terra,cw20:terra17wkadg0tah554r35x6wvff0y5s7ve8npcjfuhz,native,2024-06-27T21:02:05Z,2024-06-28T02:25:30.537000,false,chain-registry
osmosis,ibc/8CF8C3D5FA88A985DAC71BBFBBB6B5B83247ABA6EFF42049465F130578C21D00,Raydium (Portal),RAY,ray,6,,terra,cw20:terra1ht5sepn28z999jx33sdduuxm9acthad507jg9q,native,2024-06-27T21:02:05Z,2024-06-28T02:25:30.537000,false,chain-registry
osmosis,ibc/5F3656AC7AE74EFC9A6419BFB0AF797E8AA3DA92E5F5E45658DB1976C7DD0568,RoboHero,ROBO,robo,6,,terra,cw20:terra1f62tqesptvmhtzr8sudru00gsdtdz24srgm7wp,native,2024-06-27T21:02:05Z,2024-06-28T02:25:30.537000,false,chain-registry
osmosis,ibc/46579C587A0B8CF8B0A1FF6B0EFA2082F11876578E47FC81A9CAAD31F424AF98,Rakoff Token,RAKOFF,rakoff,6,,terra,cw20:terra1vhgq25vwuhdhn9xjll0rhl2s67jzw78a4g2t78y5kz89q9lsdskq2pxcj2,native,2024-07-22T16:56:22Z,2024-06-28T02:25:30.537000,false,osmosis-assetlist
osmosis,factory/osmo1q77cw0mmlluxu0wr29fcdd0tdnh78gzhkvhe4n6ulal9qvrtu43qtd0nh8/gwm,Gold Wolf Money ,GWM,factory/osmo1q77cw0mmlluxu0wr29fcdd0tdnh78gzhkvhe4n6ulal9qvrtu43qtd0nh8/gwm,6,,osmosis,factory/osmo1q77cw0mmlluxu0wr29fcdd0tdnh78gzhkvhe4n6ulal9qvrtu43qtd0nh8/gwm,native,2024-07-23T14:47:57.665Z,2024-06-28T02:25:30.537000,false,chain-metadata
osmosis,factory/osmo1svj5kd8kzj7xxtrd6ftjk0856ffpyj4egz7f9pd9dge5wr4kwansmefq07/ion.ash,factory/osmo1svj5kd8kzj7xxtrd6ftjk0856ffpyj4egz7f9pd9dge5wr4kwansmefq07/ion.ash,factory/osmo1svj5kd8kzj7xxtrd6ftjk0856ffpyj4egz7f9pd9dge5wr4kwansmefq07/ion.ash,factory/osmo1svj5kd8kzj7xxtrd6ftjk0856ffpyj4egz7f9pd9dge5wr4kwansmefq07/ion.ash,0,,osmosis,factory/osmo1svj5kd8kzj7xxtrd6ftjk0856ffpyj4egz7f9pd9dge5wr4kwansmefq07/ion.ash,native,2024-07-23T14:47:57.678Z,2024-06-28T02:25:30.537000,false,chain-metadata
osmosis,factory/osmo1q77cw0mmlluxu0wr29fcdd0tdnh78gzhkvhe4n6ulal9qvrtu43qtd0nh8/forg,FORG,FORG,factory/osmo1q77cw0mmlluxu0wr29fcdd0tdnh78gzhkvhe4n6ulal9qvrtu43qtd0nh8/forg,6,,osmosis,factory/osmo1q77cw0mmlluxu0wr29fcdd0tdnh78gzhkvhe4n6ulal9qvrtu43qtd0nh8/forg,native,2024-07-23T14:47:57.664Z,2024-06-04T15:48:22.856000,false,chain-metadata
osmosis,factory/osmo1q77cw0mmlluxu0wr29fcdd0tdnh78gzhkvhe4n6ulal9qvrtu43qtd0nh8/glc,Good Luck ,GLC,factory/osmo1q77cw0mmlluxu0wr29fcdd0tdnh78gzhkvhe4n6ulal9qvrtu43qtd0nh8/glc,6,,osmosis,factory/osmo1q77cw0mmlluxu0wr29fcdd0tdnh78gzhkvhe4n6ulal9qvrtu43qtd0nh8/glc,native,2024-07-23T14:47:57.664Z,2024-06-04T15:48:22.856000,false,chain-metadata
osmosis,factory/osmo1q77cw0mmlluxu0wr29fcdd0tdnh78gzhkvhe4n6ulal9qvrtu43qtd0nh8/flirt.,Flirt coin,FLIRT.,factory/osmo1q77cw0mmlluxu0wr29fcdd0tdnh78gzhkvhe4n6ulal9qvrtu43qtd0nh8/flirt.,6,,osmosis,factory/osmo1q77cw0mmlluxu0wr29fcdd0tdnh78gzhkvhe4n6ulal9qvrtu43qtd0nh8/flirt.,native,2024-07-23T14:47:57.664Z,2024-06-04T15:48:22.856000,false,chain-metadata
osmosis,factory/osmo1q77cw0mmlluxu0wr29fcdd0tdnh78gzhkvhe4n6ulal9qvrtu43qtd0nh8/gbre,German.Banana.REP.,GBRE,factory/osmo1q77cw0mmlluxu0wr29fcdd0tdnh78gzhkvhe4n6ulal9qvrtu43qtd0nh8/gbre,6,,osmosis,factory/osmo1q77cw0mmlluxu0wr29fcdd0tdnh78gzhkvhe4n6ulal9qvrtu43qtd0nh8/gbre,native,2024-07-23T14:47:57.664Z,2024-06-04T15:48:22.856000,false,chain-metadata
osmosis,factory/osmo1q77cw0mmlluxu0wr29fcdd0tdnh78gzhkvhe4n6ulal9qvrtu43qtd0nh8/holis,The kid on osmosis chain,HOLIS,factory/osmo1q77cw0mmlluxu0wr29fcdd0tdnh78gzhkvhe4n6ulal9qvrtu43qtd0nh8/holis,6,,osmosis,factory/osmo1q77cw0mmlluxu0wr29fcdd0tdnh78gzhkvhe4n6ulal9qvrtu43qtd0nh8/holis,native,2024-07-23T14:47:57.665Z,2024-06-04T15:48:22.856000,false,chain-metadata
osmosis,factory/osmo1q77cw0mmlluxu0wr29fcdd0tdnh78gzhkvhe4n6ulal9qvrtu43qtd0nh8/herro,Herro,HERRO,factory/osmo1q77cw0mmlluxu0wr29fcdd0tdnh78gzhkvhe4n6ulal9qvrtu43qtd0nh8/herro,6,,osmosis,factory/osmo1q77cw0mmlluxu0wr29fcdd0tdnh78gzhkvhe4n6ulal9qvrtu43qtd0nh8/herro,native,2024-07-23T14:47:57.665Z,2024-06-04T15:48:22.856000,false,chain-metadata
osmosis,factory/osmo1q77cw0mmlluxu0wr29fcdd0tdnh78gzhkvhe4n6ulal9qvrtu43qtd0nh8/jjk,JohnJohnKennedy,JJK,factory/osmo1q77cw0mmlluxu0wr29fcdd0tdnh78gzhkvhe4n6ulal9qvrtu43qtd0nh8/jjk,6,,osmosis,factory/osmo1q77cw0mmlluxu0wr29fcdd0tdnh78gzhkvhe4n6ulal9qvrtu43qtd0nh8/jjk,native,2024-07-23T14:47:57.666Z,2024-06-04T15:48:22.856000,false,chain-metadata
osmosis,factory/osmo1q77cw0mmlluxu0wr29fcdd0tdnh78gzhkvhe4n6ulal9qvrtu43qtd0nh8/jonk,$JONK ,JONK,factory/osmo1q77cw0mmlluxu0wr29fcdd0tdnh78gzhkvhe4n6ulal9qvrtu43qtd0nh8/jonk,6,,osmosis,factory/osmo1q77cw0mmlluxu0wr29fcdd0tdnh78gzhkvhe4n6ulal9qvrtu43qtd0nh8/jonk,native,2024-07-23T14:47:57.666Z,2024-06-04T15:48:22.856000,false,chain-metadata
osmosis,factory/osmo1q77cw0mmlluxu0wr29fcdd0tdnh78gzhkvhe4n6ulal9qvrtu43qtd0nh8/knot,Knot Coin,KNOT,factory/osmo1q77cw0mmlluxu0wr29fcdd0tdnh78gzhkvhe4n6ulal9qvrtu43qtd0nh8/knot,6,,osmosis,factory/osmo1q77cw0mmlluxu0wr29fcdd0tdnh78gzhkvhe4n6ulal9qvrtu43qtd0nh8/knot,native,2024-07-23T14:47:57.668Z,2024-06-04T15:48:22.856000,false,chain-metadata
osmosis,factory/osmo1q77cw0mmlluxu0wr29fcdd0tdnh78gzhkvhe4n6ulal9qvrtu43qtd0nh8/man,Mandala,MAN,factory/osmo1q77cw0mmlluxu0wr29fcdd0tdnh78gzhkvhe4n6ulal9qvrtu43qtd0nh8/man,6,,osmosis,factory/osmo1q77cw0mmlluxu0wr29fcdd0tdnh78gzhkvhe4n6ulal9qvrtu43qtd0nh8/man,native,2024-07-23T14:47:57.669Z,2024-06-04T15:48:22.856000,false,chain-metadata
osmosis,factory/osmo1q77cw0mmlluxu0wr29fcdd0tdnh78gzhkvhe4n6ulal9qvrtu43qtd0nh8/marley,Bob Marley,Marley,factory/osmo1q77cw0mmlluxu0wr29fcdd0tdnh78gzhkvhe4n6ulal9qvrtu43qtd0nh8/marley,6,,osmosis,factory/osmo1q77cw0mmlluxu0wr29fcdd0tdnh78gzhkvhe4n6ulal9qvrtu43qtd0nh8/marley,native,2024-07-23T14:47:57.669Z,2024-06-04T15:48:22.856000,false,chain-metadata
osmosis,factory/osmo1q77cw0mmlluxu0wr29fcdd0tdnh78gzhkvhe4n6ulal9qvrtu43qtd0nh8/komi,Komirchina,KOMI,factory/osmo1q77cw0mmlluxu0wr29fcdd0tdnh78gzhkvhe4n6ulal9qvrtu43qtd0nh8/komi,6,,osmosis,factory/osmo1q77cw0mmlluxu0wr29fcdd0tdnh78gzhkvhe4n6ulal9qvrtu43qtd0nh8/komi,native,2024-07-23T14:47:57.669Z,2024-06-04T15:48:22.856000,false,chain-metadata
osmosis,factory/osmo1q77cw0mmlluxu0wr29fcdd0tdnh78gzhkvhe4n6ulal9qvrtu43qtd0nh8/mother,Mother Iggy,MOTHER,factory/osmo1q77cw0mmlluxu0wr29fcdd0tdnh78gzhkvhe4n6ulal9qvrtu43qtd0nh8/mother,6,,osmosis,factory/osmo1q77cw0mmlluxu0wr29fcdd0tdnh78gzhkvhe4n6ulal9qvrtu43qtd0nh8/mother,native,2024-07-23T14:47:57.670Z,2024-06-04T15:48:22.856000,false,chain-metadata
osmosis,factory/osmo1q77cw0mmlluxu0wr29fcdd0tdnh78gzhkvhe4n6ulal9qvrtu43qtd0nh8/mdoge,Masterdoge,MDOGE,factory/osmo1q77cw0mmlluxu0wr29fcdd0tdnh78gzhkvhe4n6ulal9qvrtu43qtd0nh8/mdoge,6,,osmosis,factory/osmo1q77cw0mmlluxu0wr29fcdd0tdnh78gzhkvhe4n6ulal9qvrtu43qtd0nh8/mdoge,native,2024-07-23T14:47:57.670Z,2024-06-04T15:48:22.856000,false,chain-metadata
osmosis,factory/osmo1q77cw0mmlluxu0wr29fcdd0tdnh78gzhkvhe4n6ulal9qvrtu43qtd0nh8/mnky,Atomic Monkey,MNKY,factory/osmo1q77cw0mmlluxu0wr29fcdd0tdnh78gzhkvhe4n6ulal9qvrtu43qtd0nh8/mnky,6,,osmosis,factory/osmo1q77cw0mmlluxu0wr29fcdd0tdnh78gzhkvhe4n6ulal9qvrtu43qtd0nh8/mnky,native,2024-07-23T14:47:57.670Z,2024-06-04T15:48:22.856000,false,chain-metadata
osmosis,factory/osmo1q77cw0mmlluxu0wr29fcdd0tdnh78gzhkvhe4n6ulal9qvrtu43qtd0nh8/moons,MoonStation,MOONS,factory/osmo1q77cw0mmlluxu0wr29fcdd0tdnh78gzhkvhe4n6ulal9qvrtu43qtd0nh8/moons,6,,osmosis,factory/osmo1q77cw0mmlluxu0wr29fcdd0tdnh78gzhkvhe4n6ulal9qvrtu43qtd0nh8/moons,native,2024-07-23T14:47:57.670Z,2024-06-04T15:48:22.856000,false,chain-metadata
osmosis,factory/osmo1q77cw0mmlluxu0wr29fcdd0tdnh78gzhkvhe4n6ulal9qvrtu43qtd0nh8/osmn,osmonaut,osmn,factory/osmo1q77cw0mmlluxu0wr29fcdd0tdnh78gzhkvhe4n6ulal9qvrtu43qtd0nh8/osmn,6,,osmosis,factory/osmo1q77cw0mmlluxu0wr29fcdd0tdnh78gzhkvhe4n6ulal9qvrtu43qtd0nh8/osmn,native,2024-07-23T14:47:57.671Z,2024-06-04T15:48:22.856000,false,chain-metadata
osmosis,factory/osmo1q77cw0mmlluxu0wr29fcdd0tdnh78gzhkvhe4n6ulal9qvrtu43qtd0nh8/pepump,He Sold? Pump It!,PEPUMP,factory/osmo1q77cw0mmlluxu0wr29fcdd0tdnh78gzhkvhe4n6ulal9qvrtu43qtd0nh8/pepump,6,,osmosis,factory/osmo1q77cw0mmlluxu0wr29fcdd0tdnh78gzhkvhe4n6ulal9qvrtu43qtd0nh8/pepump,native,2024-07-23T14:47:57.672Z,2024-06-04T15:48:22.856000,false,chain-metadata
osmosis,factory/osmo1q77cw0mmlluxu0wr29fcdd0tdnh78gzhkvhe4n6ulal9qvrtu43qtd0nh8/pinu,PuffyDiddyInu,PINU,factory/osmo1q77cw0mmlluxu0wr29fcdd0tdnh78gzhkvhe4n6ulal9qvrtu43qtd0nh8/pinu,6,,osmosis,factory/osmo1q77cw0mmlluxu0wr29fcdd0tdnh78gzhkvhe4n6ulal9qvrtu43qtd0nh8/pinu,native,2024-07-23T14:47:57.672Z,2024-06-04T15:48:22.856000,false,chain-metadata
osmosis,factory/osmo1q77cw0mmlluxu0wr29fcdd0tdnh78gzhkvhe4n6ulal9qvrtu43qtd0nh8/pnt,Pepenaut,PNT,factory/osmo1q77cw0mmlluxu0wr29fcdd0tdnh78gzhkvhe4n6ulal9qvrtu43qtd0nh8/pnt,6,,osmosis,factory/osmo1q77cw0mmlluxu0wr29fcdd0tdnh78gzhkvhe4n6ulal9qvrtu43qtd0nh8/pnt,native,2024-07-23T14:47:57.672Z,2024-06-04T15:48:22.856000,false,chain-metadata
osmosis,factory/osmo1q77cw0mmlluxu0wr29fcdd0tdnh78gzhkvhe4n6ulal9qvrtu43qtd0nh8/pikacat,Pika cat,pikacat,factory/osmo1q77cw0mmlluxu0wr29fcdd0tdnh78gzhkvhe4n6ulal9qvrtu43qtd0nh8/pikacat,6,,osmosis,factory/osmo1q77cw0mmlluxu0wr29fcdd0tdnh78gzhkvhe4n6ulal9qvrtu43qtd0nh8/pikacat,native,2024-07-23T14:47:57.672Z,2024-06-04T15:48:22.856000,false,chain-metadata
osmosis,factory/osmo1q77cw0mmlluxu0wr29fcdd0tdnh78gzhkvhe4n6ulal9qvrtu43qtd0nh8/pres,President,PRES,factory/osmo1q77cw0mmlluxu0wr29fcdd0tdnh78gzhkvhe4n6ulal9qvrtu43qtd0nh8/pres,6,,osmosis,factory/osmo1q77cw0mmlluxu0wr29fcdd0tdnh78gzhkvhe4n6ulal9qvrtu43qtd0nh8/pres,native,2024-07-23T14:47:57.673Z,2024-06-04T15:48:22.856000,false,chain-metadata
osmosis,factory/osmo1q77cw0mmlluxu0wr29fcdd0tdnh78gzhkvhe4n6ulal9qvrtu43qtd0nh8/regg,reggy,regg,factory/osmo1q77cw0mmlluxu0wr29fcdd0tdnh78gzhkvhe4n6ulal9qvrtu43qtd0nh8/regg,6,,osmosis,factory/osmo1q77cw0mmlluxu0wr29fcdd0tdnh78gzhkvhe4n6ulal9qvrtu43qtd0nh8/regg,native,2024-07-23T14:47:57.673Z,2024-06-04T15:48:22.856000,false,chain-metadata
osmosis,factory/osmo1q77cw0mmlluxu0wr29fcdd0tdnh78gzhkvhe4n6ulal9qvrtu43qtd0nh8/rgn,ragnar,rgn,factory/osmo1q77cw0mmlluxu0wr29fcdd0tdnh78gzhkvhe4n6ulal9qvrtu43qtd0nh8/rgn,6,,osmosis,factory/osmo1q77cw0mmlluxu0wr29fcdd0tdnh78gzhkvhe4n6ulal9qvrtu43qtd0nh8/rgn,native,2024-07-23T14:47:57.673Z,2024-06-04T15:48:22.856000,false,chain-metadata
osmosis,factory/osmo1q77cw0mmlluxu0wr29fcdd0tdnh78gzhkvhe4n6ulal9qvrtu43qtd0nh8/slk,SterLink,SLK,factory/osmo1q77cw0mmlluxu0wr29fcdd0tdnh78gzhkvhe4n6ulal9qvrtu43qtd0nh8/slk,6,,osmosis,factory/osmo1q77cw0mmlluxu0wr29fcdd0tdnh78gzhkvhe4n6ulal9qvrtu43qtd0nh8/slk,native,2024-07-23T14:47:57.674Z,2024-06-04T15:48:22.856000,false,chain-metadata
osmosis,factory/osmo1q77cw0mmlluxu0wr29fcdd0tdnh78gzhkvhe4n6ulal9qvrtu43qtd0nh8/sly,SLY,SLY,factory/osmo1q77cw0mmlluxu0wr29fcdd0tdnh78gzhkvhe4n6ulal9qvrtu43qtd0nh8/sly,6,,osmosis,factory/osmo1q77cw0mmlluxu0wr29fcdd0tdnh78gzhkvhe4n6ulal9qvrtu43qtd0nh8/sly,native,2024-07-23T14:47:57.675Z,2024-06-04T15:48:22.856000,false,chain-metadata
osmosis,factory/osmo1q77cw0mmlluxu0wr29fcdd0tdnh78gzhkvhe4n6ulal9qvrtu43qtd0nh8/taco,Taco,Taco,factory/osmo1q77cw0mmlluxu0wr29fcdd0tdnh78gzhkvhe4n6ulal9qvrtu43qtd0nh8/taco,6,,osmosis,factory/osmo1q77cw0mmlluxu0wr29fcdd0tdnh78gzhkvhe4n6ulal9qvrtu43qtd0nh8/taco,native,2024-07-23T14:47:57.675Z,2024-06-04T15:48:22.856000,false,chain-metadata
osmosis,factory/osmo1q77cw0mmlluxu0wr29fcdd0tdnh78gzhkvhe4n6ulal9qvrtu43qtd0nh8/tstngpjsapjdsapo,TESTING,TSTNGPJSAPJDSAPO,factory/osmo1q77cw0mmlluxu0wr29fcdd0tdnh78gzhkvhe4n6ulal9qvrtu43qtd0nh8/tstngpjsapjdsapo,6,,osmosis,factory/osmo1q77cw0mmlluxu0wr29fcdd0tdnh78gzhkvhe4n6ulal9qvrtu43qtd0nh8/tstngpjsapjdsapo,native,2024-07-23T14:47:57.676Z,2024-06-04T15:48:22.856000,false,chain-metadata
osmosis,factory/osmo1q77cw0mmlluxu0wr29fcdd0tdnh78gzhkvhe4n6ulal9qvrtu43qtd0nh8/toc,Top of Community token,TOC,factory/osmo1q77cw0mmlluxu0wr29fcdd0tdnh78gzhkvhe4n6ulal9qvrtu43qtd0nh8/toc,6,,osmosis,factory/osmo1q77cw0mmlluxu0wr29fcdd0tdnh78gzhkvhe4n6ulal9qvrtu43qtd0nh8/toc,native,2024-07-23T14:47:57.676Z,2024-06-04T15:48:22.856000,false,chain-metadata
osmosis,factory/osmo1q77cw0mmlluxu0wr29fcdd0tdnh78gzhkvhe4n6ulal9qvrtu43qtd0nh8/wnc,wenchypants,WNC,factory/osmo1q77cw0mmlluxu0wr29fcdd0tdnh78gzhkvhe4n6ulal9qvrtu43qtd0nh8/wnc,6,,osmosis,factory/osmo1q77cw0mmlluxu0wr29fcdd0tdnh78gzhkvhe4n6ulal9qvrtu43qtd0nh8/wnc,native,2024-07-23T14:47:57.677Z,2024-06-04T15:48:22.856000,false,chain-metadata
osmosis,factory/osmo1q77cw0mmlluxu0wr29fcdd0tdnh78gzhkvhe4n6ulal9qvrtu43qtd0nh8/vgt,Vigita,VGT,factory/osmo1q77cw0mmlluxu0wr29fcdd0tdnh78gzhkvhe4n6ulal9qvrtu43qtd0nh8/vgt,6,,osmosis,factory/osmo1q77cw0mmlluxu0wr29fcdd0tdnh78gzhkvhe4n6ulal9qvrtu43qtd0nh8/vgt,native,2024-07-23T14:47:57.677Z,2024-06-04T15:48:22.856000,false,chain-metadata
osmosis,factory/osmo1q77cw0mmlluxu0wr29fcdd0tdnh78gzhkvhe4n6ulal9qvrtu43qtd0nh8/xtcy,Happy E,Xtcy,factory/osmo1q77cw0mmlluxu0wr29fcdd0tdnh78gzhkvhe4n6ulal9qvrtu43qtd0nh8/xtcy,6,,osmosis,factory/osmo1q77cw0mmlluxu0wr29fcdd0tdnh78gzhkvhe4n6ulal9qvrtu43qtd0nh8/xtcy,native,2024-07-23T14:47:57.677Z,2024-06-04T15:48:22.856000,false,chain-metadata
osmosis,factory/osmo1q77cw0mmlluxu0wr29fcdd0tdnh78gzhkvhe4n6ulal9qvrtu43qtd0nh8/wink,WINK,WINK,factory/osmo1q77cw0mmlluxu0wr29fcdd0tdnh78gzhkvhe4n6ulal9qvrtu43qtd0nh8/wink,6,,osmosis,factory/osmo1q77cw0mmlluxu0wr29fcdd0tdnh78gzhkvhe4n6ulal9qvrtu43qtd0nh8/wink,native,2024-07-23T14:47:57.677Z,2024-06-04T15:48:22.856000,false,chain-metadata
osmosis,factory/osmo1q77cw0mmlluxu0wr29fcdd0tdnh78gzhkvhe4n6ulal9qvrtu43qtd0nh8/xcv,EXCAVO,XCV,factory/osmo1q77cw0mmlluxu0wr29fcdd0tdnh78gzhkvhe4n6ulal9qvrtu43qtd0nh8/xcv,6,,osmosis,factory/osmo1q77cw0mmlluxu0wr29fcdd0tdnh78gzhkvhe4n6ulal9qvrtu43qtd0nh8/xcv,native,2024-07-23T14:47:57.677Z,2024-06-04T15:48:22.856000,false,chain-metadata
osmosis,factory/osmo1q77cw0mmlluxu0wr29fcdd0tdnh78gzhkvhe4n6ulal9qvrtu43qtd0nh8/zav,1Zouave,ZAV,factory/osmo1q77cw0mmlluxu0wr29fcdd0tdnh78gzhkvhe4n6ulal9qvrtu43qtd0nh8/zav,6,,osmosis,factory/osmo1q77cw0mmlluxu0wr29fcdd0tdnh78gzhkvhe4n6ulal9qvrtu43qtd0nh8/zav,native,2024-07-23T14:47:57.677Z,2024-06-04T15:48:22.856000,false,chain-metadata
osmosis,factory/osmo1q77cw0mmlluxu0wr29fcdd0tdnh78gzhkvhe4n6ulal9qvrtu43qtd0nh8/zts,zetascam,zts,factory/osmo1q77cw0mmlluxu0wr29fcdd0tdnh78gzhkvhe4n6ulal9qvrtu43qtd0nh8/zts,6,,osmosis,factory/osmo1q77cw0mmlluxu0wr29fcdd0tdnh78gzhkvhe4n6ulal9qvrtu43qtd0nh8/zts,native,2024-07-23T14:47:57.678Z,2024-06-04T15:48:22.856000,false,chain-metadata
osmosis,factory/osmo1q77cw0mmlluxu0wr29fcdd0tdnh78gzhkvhe4n6ulal9qvrtu43qtd0nh8/daz,Dazcoin,DAZ,factory/osmo1q77cw0mmlluxu0wr29fcdd0tdnh78gzhkvhe4n6ulal9qvrtu43qtd0nh8/daz,6,,osmosis,factory/osmo1q77cw0mmlluxu0wr29fcdd0tdnh78gzhkvhe4n6ulal9qvrtu43qtd0nh8/daz,native,2024-07-23T14:47:57.662Z,2024-05-04T02:25:27.728000,false,chain-metadata
osmosis,factory/osmo1q77cw0mmlluxu0wr29fcdd0tdnh78gzhkvhe4n6ulal9qvrtu43qtd0nh8/diffie,Whit Diffie,DIFFIE,factory/osmo1q77cw0mmlluxu0wr29fcdd0tdnh78gzhkvhe4n6ulal9qvrtu43qtd0nh8/diffie,6,,osmosis,factory/osmo1q77cw0mmlluxu0wr29fcdd0tdnh78gzhkvhe4n6ulal9qvrtu43qtd0nh8/diffie,native,2024-07-23T14:47:57.662Z,2024-05-04T02:25:27.728000,false,chain-metadata
osmosis,factory/osmo1q77cw0mmlluxu0wr29fcdd0tdnh78gzhkvhe4n6ulal9qvrtu43qtd0nh8/ecap,ecapital.one,ECAP,factory/osmo1q77cw0mmlluxu0wr29fcdd0tdnh78gzhkvhe4n6ulal9qvrtu43qtd0nh8/ecap,6,,osmosis,factory/osmo1q77cw0mmlluxu0wr29fcdd0tdnh78gzhkvhe4n6ulal9qvrtu43qtd0nh8/ecap,native,2024-07-23T14:47:57.663Z,2024-05-04T02:25:27.728000,false,chain-metadata
osmosis,factory/osmo1q77cw0mmlluxu0wr29fcdd0tdnh78gzhkvhe4n6ulal9qvrtu43qtd0nh8/dog,Doggy,DOG,factory/osmo1q77cw0mmlluxu0wr29fcdd0tdnh78gzhkvhe4n6ulal9qvrtu43qtd0nh8/dog,6,,osmosis,factory/osmo1q77cw0mmlluxu0wr29fcdd0tdnh78gzhkvhe4n6ulal9qvrtu43qtd0nh8/dog,native,2024-07-23T14:47:57.663Z,2024-05-04T02:25:27.728000,false,chain-metadata
osmosis,factory/osmo1q77cw0mmlluxu0wr29fcdd0tdnh78gzhkvhe4n6ulal9qvrtu43qtd0nh8/duck,Duckz,DUCK,factory/osmo1q77cw0mmlluxu0wr29fcdd0tdnh78gzhkvhe4n6ulal9qvrtu43qtd0nh8/duck,6,,osmosis,factory/osmo1q77cw0mmlluxu0wr29fcdd0tdnh78gzhkvhe4n6ulal9qvrtu43qtd0nh8/duck,native,2024-07-23T14:47:57.663Z,2024-05-04T02:25:27.728000,false,chain-metadata
osmosis,factory/osmo1q77cw0mmlluxu0wr29fcdd0tdnh78gzhkvhe4n6ulal9qvrtu43qtd0nh8/fak,fak abnormal,fak,factory/osmo1q77cw0mmlluxu0wr29fcdd0tdnh78gzhkvhe4n6ulal9qvrtu43qtd0nh8/fak,6,,osmosis,factory/osmo1q77cw0mmlluxu0wr29fcdd0tdnh78gzhkvhe4n6ulal9qvrtu43qtd0nh8/fak,native,2024-07-23T14:47:57.663Z,2024-05-04T02:25:27.728000,false,chain-metadata
osmosis,factory/osmo1q77cw0mmlluxu0wr29fcdd0tdnh78gzhkvhe4n6ulal9qvrtu43qtd0nh8/dopinu,DOPinu,DOPinu,factory/osmo1q77cw0mmlluxu0wr29fcdd0tdnh78gzhkvhe4n6ulal9qvrtu43qtd0nh8/dopinu,6,,osmosis,factory/osmo1q77cw0mmlluxu0wr29fcdd0tdnh78gzhkvhe4n6ulal9qvrtu43qtd0nh8/dopinu,native,2024-07-23T14:47:57.663Z,2024-05-04T02:25:27.728000,false,chain-metadata
osmosis,factory/osmo1q77cw0mmlluxu0wr29fcdd0tdnh78gzhkvhe4n6ulal9qvrtu43qtd0nh8/dis,DogInSpacesuit,DIS,factory/osmo1q77cw0mmlluxu0wr29fcdd0tdnh78gzhkvhe4n6ulal9qvrtu43qtd0nh8/dis,6,,osmosis,factory/osmo1q77cw0mmlluxu0wr29fcdd0tdnh78gzhkvhe4n6ulal9qvrtu43qtd0nh8/dis,native,2024-07-23T14:47:57.663Z,2024-05-04T02:25:27.728000,false,chain-metadata
osmosis,factory/osmo1q77cw0mmlluxu0wr29fcdd0tdnh78gzhkvhe4n6ulal9qvrtu43qtd0nh8/goat,GOAT ,GOAT,factory/osmo1q77cw0mmlluxu0wr29fcdd0tdnh78gzhkvhe4n6ulal9qvrtu43qtd0nh8/goat,6,,osmosis,factory/osmo1q77cw0mmlluxu0wr29fcdd0tdnh78gzhkvhe4n6ulal9qvrtu43qtd0nh8/goat,native,2024-07-23T14:47:57.664Z,2024-05-04T02:25:27.728000,false,chain-metadata
osmosis,factory/osmo1q77cw0mmlluxu0wr29fcdd0tdnh78gzhkvhe4n6ulal9qvrtu43qtd0nh8/frog,Frogger ,FROG,factory/osmo1q77cw0mmlluxu0wr29fcdd0tdnh78gzhkvhe4n6ulal9qvrtu43qtd0nh8/frog,6,,osmosis,factory/osmo1q77cw0mmlluxu0wr29fcdd0tdnh78gzhkvhe4n6ulal9qvrtu43qtd0nh8/frog,native,2024-07-23T14:47:57.664Z,2024-05-04T02:25:27.728000,false,chain-metadata
osmosis,factory/osmo1q77cw0mmlluxu0wr29fcdd0tdnh78gzhkvhe4n6ulal9qvrtu43qtd0nh8/fbg,French Baguette,FBG,factory/osmo1q77cw0mmlluxu0wr29fcdd0tdnh78gzhkvhe4n6ulal9qvrtu43qtd0nh8/fbg,6,,osmosis,factory/osmo1q77cw0mmlluxu0wr29fcdd0tdnh78gzhkvhe4n6ulal9qvrtu43qtd0nh8/fbg,native,2024-07-23T14:47:57.664Z,2024-05-04T02:25:27.728000,false,chain-metadata
osmosis,factory/osmo1q77cw0mmlluxu0wr29fcdd0tdnh78gzhkvhe4n6ulal9qvrtu43qtd0nh8/hilbert,HilbertSpaceHat,HILBERT,factory/osmo1q77cw0mmlluxu0wr29fcdd0tdnh78gzhkvhe4n6ulal9qvrtu43qtd0nh8/hilbert,6,,osmosis,factory/osmo1q77cw0mmlluxu0wr29fcdd0tdnh78gzhkvhe4n6ulal9qvrtu43qtd0nh8/hilbert,native,2024-07-23T14:47:57.665Z,2024-05-04T02:25:27.728000,false,chain-metadata
osmosis,factory/osmo1q77cw0mmlluxu0wr29fcdd0tdnh78gzhkvhe4n6ulal9qvrtu43qtd0nh8/ibc,Inter-Blockchain Communication Protocol,IBC,factory/osmo1q77cw0mmlluxu0wr29fcdd0tdnh78gzhkvhe4n6ulal9qvrtu43qtd0nh8/ibc,6,,osmosis,factory/osmo1q77cw0mmlluxu0wr29fcdd0tdnh78gzhkvhe4n6ulal9qvrtu43qtd0nh8/ibc,native,2024-07-23T14:47:57.665Z,2024-05-04T02:25:27.728000,false,chain-metadata
osmosis,factory/osmo1q77cw0mmlluxu0wr29fcdd0tdnh78gzhkvhe4n6ulal9qvrtu43qtd0nh8/indomie,IndoMie,INDOMIE,factory/osmo1q77cw0mmlluxu0wr29fcdd0tdnh78gzhkvhe4n6ulal9qvrtu43qtd0nh8/indomie,6,,osmosis,factory/osmo1q77cw0mmlluxu0wr29fcdd0tdnh78gzhkvhe4n6ulal9qvrtu43qtd0nh8/indomie,native,2024-07-23T14:47:57.665Z,2024-05-04T02:25:27.728000,false,chain-metadata
osmosis,factory/osmo1q77cw0mmlluxu0wr29fcdd0tdnh78gzhkvhe4n6ulal9qvrtu43qtd0nh8/hotc,HEROES OF THE COSMOS,HOTC,factory/osmo1q77cw0mmlluxu0wr29fcdd0tdnh78gzhkvhe4n6ulal9qvrtu43qtd0nh8/hotc,6,,osmosis,factory/osmo1q77cw0mmlluxu0wr29fcdd0tdnh78gzhkvhe4n6ulal9qvrtu43qtd0nh8/hotc,native,2024-07-23T14:47:57.665Z,2024-05-04T02:25:27.728000,false,chain-metadata
osmosis,factory/osmo1q77cw0mmlluxu0wr29fcdd0tdnh78gzhkvhe4n6ulal9qvrtu43qtd0nh8/hbadger,Honey Badger,HBadger,factory/osmo1q77cw0mmlluxu0wr29fcdd0tdnh78gzhkvhe4n6ulal9qvrtu43qtd0nh8/hbadger,6,,osmosis,factory/osmo1q77cw0mmlluxu0wr29fcdd0tdnh78gzhkvhe4n6ulal9qvrtu43qtd0nh8/hbadger,native,2024-07-23T14:47:57.665Z,2024-05-04T02:25:27.728000,false,chain-metadata
osmosis,factory/osmo1q77cw0mmlluxu0wr29fcdd0tdnh78gzhkvhe4n6ulal9qvrtu43qtd0nh8/jeet,JEET,JEET,factory/osmo1q77cw0mmlluxu0wr29fcdd0tdnh78gzhkvhe4n6ulal9qvrtu43qtd0nh8/jeet,6,,osmosis,factory/osmo1q77cw0mmlluxu0wr29fcdd0tdnh78gzhkvhe4n6ulal9qvrtu43qtd0nh8/jeet,native,2024-07-23T14:47:57.666Z,2024-05-04T02:25:27.728000,false,chain-metadata
osmosis,factory/osmo1q77cw0mmlluxu0wr29fcdd0tdnh78gzhkvhe4n6ulal9qvrtu43qtd0nh8/jd1,Jade Daimond,JD1,factory/osmo1q77cw0mmlluxu0wr29fcdd0tdnh78gzhkvhe4n6ulal9qvrtu43qtd0nh8/jd1,6,,osmosis,factory/osmo1q77cw0mmlluxu0wr29fcdd0tdnh78gzhkvhe4n6ulal9qvrtu43qtd0nh8/jd1,native,2024-07-23T14:47:57.666Z,2024-05-04T02:25:27.728000,false,chain-metadata
osmosis,factory/osmo1q77cw0mmlluxu0wr29fcdd0tdnh78gzhkvhe4n6ulal9qvrtu43qtd0nh8/jail,JAIL,JAIL,factory/osmo1q77cw0mmlluxu0wr29fcdd0tdnh78gzhkvhe4n6ulal9qvrtu43qtd0nh8/jail,6,,osmosis,factory/osmo1q77cw0mmlluxu0wr29fcdd0tdnh78gzhkvhe4n6ulal9qvrtu43qtd0nh8/jail,native,2024-07-23T14:47:57.666Z,2024-05-04T02:25:27.728000,false,chain-metadata
osmosis,ibc/FE1911A6E2DCC6A56793A6AE6B63D70C87A1B9DA856210E840906B9141034420,Astroport Token,ASTRO,astro,6,,terra,cw20:terra1xj49zyqrwpv5k928jwfpfy2ha668nwdgkwlrg3,native,2024-06-27T21:02:05Z,2024-06-28T02:25:30.536000,false,chain-registry
osmosis,ibc/59B565048388714D6EF90859E8C8BC723DCF4A0406979F323CBBDFE2B7982F53,Pylon MINE Token,MINE,mine,6,,terra,cw20:terra1kcthelkax4j9x8d3ny6sdag0qmxxynl3qtcrpy,native,2024-06-27T21:02:05Z,2024-06-28T02:25:30.536000,false,chain-registry
osmosis,ibc/0B6E4FA2F7290015EC21C0E208A0B969E186B7686329693AF5BAAEE16988E898,xterra Token,XTRA,xtra,6,,terra,cw20:terra1kvjscdgwuvwc6uzm4rqfjl6nlmuhj28tequlnc,native,2024-06-27T21:02:05Z,2024-06-28T02:25:30.536000,false,chain-registry
osmosis,ibc/EA2D157BEEE501DDF661630FF2340C0C6608992E84CA1D7732E4D5B37884939C,TFLOKI New World Ticket,TFTICII,tfticii,6,,terra,cw20:terra1xt9fgu7965kgvunnjts9zkprd8986kcc444q86,native,2024-06-27T21:02:05Z,2024-06-28T02:25:30.536000,false,chain-registry
osmosis,ibc/C4947806E9A5216EBECB393DF2036940732F29574C449DD0F72AD6BCC8972E52,Lido Bonded ETH (Wormhole),webETH,webeth,8,,terra,cw20:terra1u5szg038ur9kzuular3cae8hq6q5rk5u27tuvz,native,2024-06-27T21:02:05Z,2024-06-28T02:25:30.536000,false,chain-registry
osmosis,ibc/88605701B1C05FD5F205E18D0CC8CCB9F94241B717F6AD3B36C776530246EF07,nETH autocompounder share representation,cnETH,cneth,6,,terra,cw20:terra1nagqpmyw55yjphea4rhntlfv87ugmeaj8ym756,native,2024-06-27T21:02:05Z,2024-06-28T02:25:30.536000,false,chain-registry
osmosis,ibc/0A0DA132A9707A2634D87E841D0852FCFB4C1100AFB120403AD91181150EFA9A,PayPal Holdings Inc,mPYPL,mpypl,6,,terra,cw20:terra1rh2907984nudl7vh56qjdtvv7947z4dujj92sx,native,2024-06-27T21:02:05Z,2024-06-28T02:25:30.536000,false,chain-registry
osmosis,ibc/1163D7CDF5EDCF21044E15ED96BCB6CEDE79922C6894CF5886FBFFD749A1378F,Terra Name Service,TNS,tns,6,,terra,cw20:terra14vz4v8adanzph278xyeggll4tfww7teh0xtw2y,native,2024-06-27T21:02:05Z,2024-06-28T02:25:30.536000,false,chain-registry
osmosis,ibc/998D8F3A3181EFCB3B5AC9CE74544EA601E16C7AE3D881FCD270C1899816411D,Lido DAO (Portal),LDO,ldo,8,,terra,cw20:terra1jxypgnfa07j6w92wazzyskhreq2ey2a5crgt6z,native,2024-06-27T21:02:05Z,2024-06-28T02:25:30.536000,false,chain-registry
osmosis,ibc/A534CEE2E7616C2A36735764A221B2C6E578F5F1D368CA22E45D60F061C2763B,TFLOKI Genesis Ticket,TFTIC,tftic,6,,terra,cw20:terra1a8k3jyv3wf6k3zngza5h6srrxcckdf7zv90p6u,native,2024-06-27T21:02:05Z,2024-06-28T02:25:30.536000,false,chain-registry
osmosis,ibc/DA135464AA0C8876246F5F4E37E646D7183E3C42311E70C9B11BB71C70AB6D40,Staked Astroport Token,xASTRO.cw20,xastro.cw20,6,,terra,cw20:terra14lpnyzc9z4g3ugr4lhm8s4nle0tq8vcltkhzh7,native,2024-06-27T21:02:05Z,2024-06-28T02:25:30.536000,false,chain-registry
osmosis,ibc/46448D9F46A9D8C4BDFDFC56C1B254AB9994DD985DBF8CABA77716F2598099DB,Tether USD (Portal from Ethereum),USDTet,usdtet,6,,terra,cw20:terra1ce06wkrdm4vl6t0hvc0g86rsy27pu8yadg3dva,native,2024-06-27T21:02:05Z,2024-06-28T02:25:30.536000,false,chain-registry
osmosis,ibc/2FF3AFB2BF8B29A2DAAB99D9CB67078E7ED852BF4F3034B2E4A452AD69E51C49,"Twitter, Inc.",mTWTR,mtwtr,6,,terra,cw20:terra1cc3enj9qgchlrj34cnzhwuclc4vl2z3jl7tkqg,native,2024-06-27T21:02:05Z,2024-06-28T02:25:30.536000,false,chain-registry
osmosis,ibc/5784472A6B6A2342DDF4C7F2BBF9C2A1264AE53A33AAA18E062A291A61423189,"United States Oil Fund, LP",mUSO,muso,6,,terra,cw20:terra1lvmx8fsagy70tv0fhmfzdw9h6s3sy4prz38ugf,native,2024-06-27T21:02:05Z,2024-06-28T02:25:30.536000,false,chain-registry
osmosis,ibc/21995AE18ECA6A7DB83228194127D977916CFBCC31BE6F2584417A693C456F70,TerraLand Token,TLAND,tland,6,,terra,cw20:terra1r5506ckw5tfr3z52jwlek8vg9sn3yflrqrzfsc,native,2024-06-27T21:02:05Z,2024-06-28T02:25:30.536000,false,chain-registry
osmosis,ibc/1B86B792A7F1D691EF816C699943F4CFCB831E3F08DADDDAC9E140E4246B4CD0,Nexus nETH Token,nETH,neth,6,,terra,cw20:terra178v546c407pdnx5rer3hu8s2c0fc924k74ymnn,native,2024-06-27T21:02:05Z,2024-06-28T02:25:30.536000,false,chain-registry
osmosis,ibc/FF74C3DBE1ED4BB540A5BF66D2CE6F868A9DC93F2A261BD132602DF8151DD88E,Nexus nLuna Token,nLuna,nluna,6,,terra,cw20:terra10f2mt82kjnkxqj2gepgwl637u2w4ue2z5nhz5j,native,2024-06-27T21:02:05Z,2024-06-28T02:25:30.536000,false,chain-registry
osmosis,ibc/4A62028682EAEEE2A4DFF80B088E6B780FAE4486B8807347DB9F0517158113E4,nLuna autocompounder share representation,cnLuna,cnluna,6,,terra,cw20:terra1u553zk43jd4rwzc53qrdrq4jc2p8rextyq09dj,native,2024-06-27T21:02:05Z,2024-06-28T02:25:30.536000,false,chain-registry
osmosis,ibc/7A25E06A90095C177A272FB9216BD64271523A0AA533D507ED11095E192C1333,Thorstarter,XRUNE,xrune,6,,terra,cw20:terra1td743l5k5cmfy7tqq202g7vkmdvq35q48u2jfm,native,2024-06-27T21:02:05Z,2024-06-28T02:25:30.536000,false,chain-registry
osmosis,ibc/2718CB4AECAB59681A38CB265CEC55BD1CBDBC6A72DCB11EE24BD7A21D56B345,Moon Token,MOON,moon,6,,terra,cw20:terra1hmxxq0y8h79f3228vs0czc4uz5jdgjt0appp26,native,2024-06-27T21:02:05Z,2024-06-28T02:25:30.536000,false,chain-registry
osmosis,ibc/2EDE4BE521D5F06A5F5B9DE30DD04D285D9501E907ED513296D266250D7568AC,Apollo DAO Token,APOLLO,apollo,6,,terra,cw20:terra100yeqvww74h4yaejj6h733thgcafdaukjtw397,native,2024-06-27T21:02:05Z,2024-06-28T02:25:30.536000,false,chain-registry
osmosis,ibc/CCF59683E114E3621255DD9AAA971EE34B3403C276C1FEBDF4DEAB741F24DD6A,CurioSITY play to earn token,SITY,sity,6,,terra,cw20:terra1z09gnzufuflz6ckd9k0u456l9dnpgsynu0yyhe,native,2024-06-27T21:02:05Z,2024-06-28T02:25:30.536000,false,chain-registry
osmosis,ibc/82386C8ED359B9F1C5BC566425A86BA95D1EEF19E1E8F171320BA8869255D651,Glow Token,GLOW,glow,6,,terra,cw20:terra13zx49nk8wjavedjzu8xkk95r3t0ta43c9ptul7,native,2024-06-27T21:02:05Z,2024-06-28T02:25:30.536000,false,chain-registry
osmosis,ibc/22760DDF1573ADD373C4058C6650F965C897F01BD1F25BD7B7ECD6843A7642F3,SPDR S&P 500,mSPY,mspy,6,,terra,cw20:terra1aa00lpfexyycedfg5k2p60l9djcmw0ue5l8fhc,native,2024-06-27T21:02:05Z,2024-06-28T02:25:30.536000,false,chain-registry
osmosis,ibc/5ED70788C6AE5AF9F7EF338BD4C20444124429CCB0DB6D6460083E206E4BB370,Uniswap (Portal),UNI,uni,8,,terra,cw20:terra1wyxkuy5jq545fn7xfn3enpvs5zg9f9dghf6gxf,native,2024-06-27T21:02:05Z,2024-06-28T02:25:30.536000,false,chain-registry
osmosis,ibc/75479C8920621ED597041590E1BE5D83A8C5BF1D33726D4EAC29F1E88FFA8C99,VKR Token,VKR,vkr,6,,terra,cw20:terra1dy9kmlm4anr92e42mrkjwzyvfqwz66un00rwr5,native,2024-06-27T21:02:05Z,2024-06-28T02:25:30.536000,false,chain-registry
osmosis,ibc/205BA69C51332FA29EC8CC08894E72C4FFB564F5379B6B11C1714053BB837467,"NIKE, Inc.",mNKE,mnke,6,,terra,cw20:terra17ana8hvzea0q7w367dm0dw48sxwql39qekpt7g,native,2024-06-27T21:02:05Z,2024-06-28T02:25:30.536000,false,chain-registry
osmosis,ibc/3E586FB08D0729CD1D444D3BE9F43CF32C183D87516FD975CF6D6D2050B62CF8,LOOPR token,LOOPR,loopr,6,,terra,cw20:terra1jx4lmmke2srcvpjeereetc9hgegp4g5j0p9r2q,native,2024-06-27T21:02:05Z,2024-06-28T02:25:30.536000,false,chain-registry
osmosis,ibc/150E32EB472683898B501D2C34BB96473C0E18E8D59ADB7958AB272FEEFB78AC,LunaX Token,LunaX,lunax,6,,terra,cw20:terra17y9qkl8dfkeg4py7n0g5407emqnemc3yqk5rup,native,2024-06-27T21:02:05Z,2024-06-28T02:25:30.536000,false,chain-registry
osmosis,ibc/A99D90FB213FD1502B9CD0AAD89DE497399D8F8AF8093BDA0DF62E2009D2CB0F,loterra,LOTA,lota,6,,terra,cw20:terra1ez46kxtulsdv07538fh5ra5xj8l68mu8eg24vr,native,2024-06-27T21:02:05Z,2024-06-28T02:25:30.536000,false,chain-registry
osmosis,ibc/CDDE673D74F33B250D7B6F569F22A719A5A1707899C31C451F6E7BCB62D29335,PancakeSwap Token (Portal),CAKE,cake,8,,terra,cw20:terra1xvqlpjl2dxyel9qrp6qvtrg04xe3jh9cyxc6av,native,2024-06-27T21:02:05Z,2024-06-28T02:25:30.536000,false,chain-registry
osmosis,ibc/DE8DE8BCF563A79ED781D6B0C4CA2A1FE2A5598F59C1E67F1AD99BBFB648FA6F,ProShares VIX Short-Term Futures ETF,mVIXY,mvixy,6,,terra,cw20:terra1zp3a6q6q4953cz376906g5qfmxnlg77hx3te45,native,2024-06-27T21:02:05Z,2024-06-28T02:25:30.536000,false,chain-registry
osmosis,ibc/BA8B72D4AA4E9D90A8253FEE60EDA5F1B70ACCE1281CF6ABFD4A2BDF77B32F3D,LOOP token,LOOP,loop,6,,terra,cw20:terra1nef5jf6c7js9x6gkntlehgywvjlpytm7pcgkn4,native,2024-06-27T21:02:05Z,2024-06-28T02:25:30.536000,false,chain-registry
osmosis,ibc/BC8E9372413C248E3EFC8768FA71C2A20910B5BF44BB9C9610F666BF232FB1FB,Vault UST,vUST,vust,6,,terra,cw20:terra1w0p5zre38ecdy3ez8efd5h9fvgum5s206xknrg,native,2024-06-27T21:02:05Z,2024-06-28T02:25:30.536000,false,chain-registry
osmosis,ibc/9E09484606EF434530D614A47E3B80F68E3DFCF08AAD52AFF679CAF977041787,"Tesla, Inc.",mTSLA,mtsla,6,,terra,cw20:terra14y5affaarufk3uscy2vr6pe6w6zqf2wpjzn5sh,native,2024-06-27T21:02:05Z,2024-06-28T02:25:30.536000,false,chain-registry
osmosis,ibc/B39EA23A27C9EA7DA18FADCEA26377794E6CC274FEA07D6C82C190067E13CC86,"Square, Inc.",mSQ,msq,6,,terra,cw20:terra1u43zu5amjlsgty5j64445fr9yglhm53m576ugh,native,2024-06-27T21:02:05Z,2024-06-28T02:25:30.536000,false,chain-registry
osmosis,ibc/7FA1CABAF0AAA9209721334072216012E28740B25D9561F1F7443DC85570393A,SushiToken (Portal),SUSHI,sushi,8,,terra,cw20:terra1csvuzlf92nyemu6tv25h0l79etpe8hz3h5vn4a,native,2024-06-27T21:02:05Z,2024-06-28T02:25:30.536000,false,chain-registry
osmosis,ibc/78A0C7ED156BB1D2D04B6BE699B49C3B8CC9344B60B308A813EE53C447F2B3DB,Lido wstETH (Portal),wstETH,wsteth,8,,terra,cw20:terra133chr09wu8sakfte5v7vd8qzq9vghtkv4tn0ur,native,2024-06-27T21:02:05Z,2024-06-28T02:25:30.536000,false,chain-registry
osmosis,ibc/8AA316F541446D8DDC7161B20636293A55F6B27F49401F458BF593951410142A,iShares Silver Trust,mSLV,mslv,6,,terra,cw20:terra1kscs6uhrqwy6rx5kuw5lwpuqvm3t6j2d6uf2lp,native,2024-06-27T21:02:05Z,2024-06-28T02:25:30.536000,false,chain-registry
osmosis,ibc/76D3DA00142D027CA885030E131EE04B8197345B0727ED48EFA9EBF687309797,TWD Token,TWD,twd,6,,terra,cw20:terra19djkaepjjswucys4npd5ltaxgsntl7jf0xz7w6,native,2024-06-27T21:02:05Z,2024-06-28T02:25:30.536000,false,chain-registry
osmosis,ibc/641DB39FDC4B68E95DC87D7CBF3F7A51C04CCA0B44D2ACFDDAD4EAED082FCEFC,Lido staked Luna,stLuna,stluna,6,,terra,cw20:terra1yg3j2s986nyp5z7r2lvt0hx3r0lnd7kwvwwtsc,native,2024-06-27T21:02:05Z,2024-06-28T02:25:30.536000,false,chain-registry
osmosis,ibc/68C3603CF336668B146284A3BE83BCE9E42181390512EC075EDB8F2263EDB057,Staked KUJI,sKUJI,skuji,6,,terra,cw20:terra188w26t95tf4dz77raftme8p75rggatxjxfeknw,native,2024-06-27T21:02:05Z,2024-06-28T02:25:30.536000,false,chain-registry
osmosis,ibc/B546F30BEDAF79D90116FA84FA23AE3957701AC824EAB4E18BCE840581A6AC94,MATIC (Portal from Ethereum),MATICet,maticet,8,,terra,cw20:terra1dfasranqm4uyaz72r960umxy0w8t6zewqlnkuq,native,2024-06-27T21:02:05Z,2024-06-28T02:25:30.536000,false,chain-registry
osmosis,ibc/4EE9D89898FA05CD27D5F046C1E70D15D101C3CCBC46A5E111F284E8E6BE5323,Space Dollar,SDOLLAR,sdollar,2,,terra,cw20:terra1l0y8yg0s86x299nqw0p6fhh7ngex3r4phtjeuq,native,2024-06-27T21:02:05Z,2024-06-28T02:25:30.536000,false,chain-registry
osmosis,ibc/EA3B97466553137D0957F618A67E59EBB27C3DF31A9061B4C10A354F87E99B03,Digipharm,DPH,dph,6,,terra,cw20:terra17jnhankdfl8vyzj6vejt7ag8uz0cjc9crkl2h7,native,2024-06-27T21:02:05Z,2024-06-28T02:25:30.536000,false,chain-registry
osmosis,ibc/98297FAA77C01F0A78FB634F1AEC90A7DFFF0DD93F5EC0F824685EC8DABDEA4C,Kujira Token,KUJI,kuji,6,,terra,cw20:terra1xfsdgcemqwxp4hhnyk4rle6wr22sseq7j07dnn,native,2024-06-27T21:02:05Z,2024-06-28T02:25:30.536000,false,chain-registry
osmosis,ibc/03C738BDE098657666569B342052E5363A8F4186E23553D5B596561D72B83316,Bitlocus Token,BTL,btl,6,,terra,cw20:terra193c42lfwmlkasvcw22l9qqzc5q2dx208tkd7wl,native,2024-06-27T21:02:05Z,2024-06-28T02:25:30.536000,false,chain-registry
osmosis,ibc/4587C136065FD5AF4474736BC192F06B93DE0AA4BEACE0E3583C394C8FFB6387,MIAW Token,MIAW,miaw,6,,terra,cw20:terra1vtr50tw0pgqpes34zqu60n554p9x4950wk8f63,native,2024-06-27T21:02:05Z,2024-06-28T02:25:30.536000,false,chain-registry
osmosis,ibc/137917083D44BCA95050AD2667DCF121C23FDF71B872AB3A1746E50385773924,SOL (Portal),SOL,sol,8,,terra,cw20:terra190tqwgqx7s8qrknz6kckct7v607cu068gfujpk,native,2024-06-27T21:02:05Z,2024-06-28T02:25:30.536000,false,chain-registry
osmosis,ibc/FC83B97A8DBB08E1E654C0B605F4A7136F7F0A6902AB84BEE8209D077D5CC840,SAIL,whSAIL,whsail,6,,terra,cw20:terra1ku5e0dhutxhuxudsmsn5647wwcz6ndr3rsh90k,native,2024-06-27T21:02:05Z,2024-06-28T02:25:30.536000,false,chain-registry
osmosis,ibc/E59D4A57A79B504082F6964EF0975326F36B954C6279EE2F2AB15848ECF3AD5D,XDEFI (Portal),XDEFI,xdefi,8,,terra,cw20:terra169edevav3pdrtjcx35j6pvzuv54aevewar4nlh,native,2024-06-27T21:02:05Z,2024-06-28T02:25:30.536000,false,chain-registry
osmosis,ibc/390F36020808C29888EAD5D4AE36CD2D3F307AFAAEB8FA74B828191D052804EB,Orion Money (Portal),ORION,orion,8,,terra,cw20:terra1mddcdx0ujx89f38gu7zspk2r2ffdl5enyz2u03,native,2024-06-27T21:02:05Z,2024-06-28T02:25:30.536000,false,chain-registry
osmosis,ibc/209BEE1619ADEF026F0CCBD8659A86995599A4821F8DCD15B94B5AAD700DA3E5,Invesco QQQ Trust,mQQQ,mqqq,6,,terra,cw20:terra1csk6tc7pdmpr782w527hwhez6gfv632tyf72cp,native,2024-06-27T21:02:05Z,2024-06-28T02:25:30.536000,false,chain-registry
osmosis,ibc/60DD02DA793455942EB46D125E89B6BB5ABD39991F21D5A7984BD126F0B81986,Prism Governance Token,xPRISM,xprism,6,,terra,cw20:terra1042wzrwg2uk6jqxjm34ysqquyr9esdgm5qyswz,native,2024-06-27T21:02:05Z,2024-06-28T02:25:30.536000,false,chain-registry
osmosis,ibc/B6B60ACCF80821DE632BF2F55BD47045DE65B9A1D85309F3E133E74AD0B04AFA,USD Coin (Portal from Ethereum),USDCet,usdcet,6,,terra,cw20:terra1pepwcav40nvj3kh60qqgrk8k07ydmc00xyat06,native,2024-06-27T21:02:05Z,2024-06-28T02:25:30.536000,false,chain-registry
osmosis,ibc/F1936A625088A58722C509C9E7A6CE93321451EE0AB6B630E2F2E2EE97DFFCE5,NVIDIA Corporation,mNVDA,mnvda,6,,terra,cw20:terra1drsjzvzej4h4qlehcfwclxg4w5l3h5tuvd3jd8,native,2024-06-27T21:02:05Z,2024-06-28T02:25:30.536000,false,chain-registry
osmosis,ibc/8D89C6379A67653F54B2738E63D56CCE83F434DFFEEAED16CD4C7BB0DAD1EFA0,Orne Token,ORNE,orne,6,,terra,cw20:terra1hnezwjqlhzawcrfysczcxs6xqxu2jawn729kkf,native,2024-06-27T21:02:05Z,2024-06-28T02:25:30.536000,false,chain-registry
osmosis,ibc/0AFEF2D077D9A4773D896622734D5E6121E9C1F0910A0A65DED4619866882F8E,Nexus nATOM Token,nATOM,natom,6,,terra,cw20:terra1jtdc6zpf95tvh9peuaxwp3v0yqszcnwl8j5ade,native,2024-06-27T21:02:05Z,2024-06-28T02:25:30.536000,false,chain-registry
osmosis,ibc/36B0D5B42D86A4B0A7E1C4C91154613B6D3BF7724DCA84A6406E87B1D93C5008,Spectrum Token,SPEC,spec,6,,terra,cw20:terra1s5eczhe0h0jutf46re52x5z4r03c8hupacxmdr,native,2024-06-27T21:02:05Z,2024-06-28T02:25:30.536000,false,chain-registry
osmosis,ibc/FB4E805B420DB437770D3F76338782BB7F09DB5A482A6A99EF261EC0E886C65A,LUNI,LUNI,luni,6,,terra,cw20:terra1m3tdguf59xq3pa2twk5fjte5g6szj5y9x5npy7,native,2024-06-27T21:02:05Z,2024-06-28T02:25:30.536000,false,chain-registry
osmosis,ibc/1FF3A3AA13A80B8AF2FBBB9E40C1496D58B62D1748BA183B8D53A3152A25037D,Chainlink (Portal),LINK,link,8,,terra,cw20:terra12dfv3f0e6m22z6cnhfn3nxk2en3z3zeqy6ctym,native,2024-06-27T21:02:05Z,2024-06-28T02:25:30.536000,false,chain-registry
osmosis,ibc/CCD00C5351C078B78800A7D8A4B3B15ECD14DD9E66972CB23E63FDC63C506890,PlayNity Token,PLY,ply,6,,terra,cw20:terra13awdgcx40tz5uygkgm79dytez3x87rpg4uhnvu,native,2024-06-27T21:02:05Z,2024-06-28T02:25:30.536000,false,chain-registry
osmosis,ibc/DBECF33BD3F9BDAC64B3D1605958B2570B1635612718F83B5406727C152A3DE0,Nexus nAVAX Token,nAVAX,navax,6,,terra,cw20:terra13k62n0285wj8ug0ngcgpf7dgnkzqeu279tz636,native,2024-06-27T21:02:05Z,2024-06-28T02:25:30.536000,false,chain-registry
osmosis,ibc/56A7A386329C455AA6C14A326F26C561A3B42E63307019F0CF1AE231467C77C6,Allbridge,ABR,abr,6,,terra,cw20:terra1a7ye2splpfzyenu0yrdu8t83uzgusx2malkc7u,native,2024-06-27T21:02:05Z,2024-06-28T02:25:30.536000,false,chain-registry
osmosis,ibc/2F2EF4E0DC1CA896D71AD96CC6A7C3CF13074D17AFF8EACABC630F2BF757EAEB,Nexus Governance Token,Psi,psi,6,,terra,cw20:terra12897djskt9rge8dtmm86w654g7kzckkd698608,native,2024-06-27T21:02:05Z,2024-06-28T02:25:30.536000,false,chain-registry
osmosis,ibc/6448EA728465A3C550A26022C62504392BCBE98071CF29A69E94A0162DDAA94A,Starbucks Corporation,mSBUX,msbux,6,,terra,cw20:terra1246zy658dfgtausf0c4a6ly8sc2e285q4kxqga,native,2024-06-27T21:02:05Z,2024-06-28T02:25:30.536000,false,chain-registry
osmosis,ibc/AD2312C4875D0E1AEDC60A1132590C5DEC15F7F8B9922957EB42D2713AD409A9,Pylon bDP Token for Gateway Psi 24m Pool,bPsiDP-24m,bpsidp-24m,6,,terra,cw20:terra1zsaswh926ey8qa5x4vj93kzzlfnef0pstuca0y,native,2024-06-27T21:02:05Z,2024-06-28T02:25:30.536000,false,chain-registry
osmosis,ibc/744CF85CF14FA9CF0E8DE49890926163F031D6384EC9E560582B4D0B7AF6383C,TFLOKI Aviator Ticket,TFTICIII,tfticiii,6,,terra,cw20:terra1vte2xv7dr8sfnrnwdf9arcyprqgr0hty5ads28,native,2024-06-27T21:02:05Z,2024-06-28T02:25:30.536000,false,chain-registry
osmosis,ibc/D8B226C88F4A23BCB4DF39C97E57E6029183734670F1F14DEF2BDBD4EE3B1D9C,Wrapped BTC (Portal),WBTC,wbtc,8,,terra,cw20:terra1aa7upykmmqqc63l924l5qfap8mrmx5rfdm0v55,native,2024-06-27T21:02:05Z,2024-06-28T02:25:30.536000,false,chain-registry
osmosis,ibc/61CE1DBE740EFC2D046B3883BF2766796B34BF12003DB9A610A7B8EE5A11AD96,TFLOKI,TFLOKI,tfloki,6,,terra,cw20:terra1u2k0nkenw0p25ljsr4ksh7rxm65y466vkdewwj,native,2024-06-27T21:02:05Z,2024-06-28T02:25:30.536000,false,chain-registry
osmosis,ibc/BD062DAD0104AB23625B7CCAF5B549CEADDBB7E4C8D5D39B865E0245CD46B122,Lido wstSOL (Portal),wstSOL,wstsol,8,,terra,cw20:terra1t9ul45l7m6jw6sxgvnp8e5hj8xzkjsg82g84ap,native,2024-06-27T21:02:05Z,2024-06-28T02:25:30.536000,false,chain-registry
osmosis,ibc/355B3F771616845BC8E24615AE08EFA78321D6249B9985FDA0D5DB80461DC8E1,ProShares VIX Short-Term Futures ETF,mVIXY,mvixy,6,,terra,cw20:terra19cmt6vzvhnnnfsmccaaxzy2uaj06zjktu6yzjx,native,2024-06-27T21:02:05Z,2024-06-28T02:25:30.536000,false,chain-registry
osmosis,ibc/EB56414FD6B037F1877C88798786BCCCA11C8E9DE6A8DA46E4FC569E5D4C4647,Global Transaction Payment Solu,whGTPS,whgtps,8,,terra,cw20:terra1y3d5qexmyac0fg53pfglh2pjk0664ymfvcq9mc,native,2024-06-27T21:02:05Z,2024-06-28T02:25:30.536000,false,chain-registry
osmosis,ibc/3752606073CC26755B3CD92629291EAF2F9B2129A97FFBF362921118C66A7956,Lido bonded SOL (Portal),wsbSOL,wsbsol,8,,terra,cw20:terra1c3xd5s2j3ejx2d94tvcjfkrdeu6rmz48ghzznj,native,2024-06-27T21:02:05Z,2024-06-28T02:25:30.536000,false,chain-registry
osmosis,ibc/16B8FAFCB8AFC786548AAA7888668B52AEC19D24269746F68CD03A3042A1564A,NIO Inc.,mNIO,mnio,6,,terra,cw20:terra1dj2cj02zak0nvwy3uj9r9dhhxhdwxnw6psse6p,native,2024-06-27T21:02:05Z,2024-06-28T02:25:30.536000,false,chain-registry
osmosis,ibc/E33D97B345694D0764C5D66E5D9A36D355EED86AEF7047B7432419B026DD045D,Angel Protocol Token,HALO,halo,6,,terra,cw20:terra1w8kvd6cqpsthupsk4l0clwnmek4l3zr7c84kwq,native,2024-06-27T21:02:05Z,2024-06-28T02:25:30.536000,false,chain-registry
osmosis,ibc/7753031C34255CE895DBE9ADA03D276BD6DDD902C7BD8700169107662DDAEA37,StarTerra Token,STT,stt,6,,terra,cw20:terra13xujxcrc9dqft4p9a8ls0w3j0xnzm6y2uvve8n,native,2024-06-27T21:02:05Z,2024-06-28T02:25:30.536000,false,chain-registry
osmosis,ibc/46569432D6BA5BF23F80FA5EF0A8A9EEB732E7E2DE1827D455BBF8988D32DF9E,Ether (Portal),ETH,eth,8,,terra,cw20:terra14tl83xcwqjy0ken9peu4pjjuu755lrry2uy25r,native,2024-06-27T21:02:05Z,2024-06-28T02:25:30.536000,false,chain-registry
osmosis,ibc/0097615F4A21E4B0AFF54E3164C0415EB0EC2E880380A8B41F7E704F941CED03,SolanaSail Governance Token V2,whgSAIL,whgsail,8,,terra,cw20:terra1rl0cpwgtwl4utnaynugevdje37fnmsea7rv4uu,native,2024-06-27T21:02:05Z,2024-06-28T02:25:30.536000,false,chain-registry
osmosis,ibc/8A9D337B1DFCF107AC81723DB4E97FDA326EF172A66A4C71F3744FDE7C439739,Alpha Pack Token,aLOT,alot,6,,terra,cw20:terra1366wmr8t8rrkh6mag8fagqxntmf2qe4kyte784,native,2024-06-27T21:02:05Z,2024-06-28T02:25:30.536000,false,chain-registry
osmosis,ibc/5E5A07CFE3B3E6C9DB8009C2EC01E55E102B9B570550F7001324792F8D7F28B0,Prism Protocol Token,PRISM,prism,6,,terra,cw20:terra1dh9478k2qvqhqeajhn75a2a7dsnf74y5ukregw,native,2024-06-27T21:02:05Z,2024-06-28T02:25:30.536000,false,chain-registry
osmosis,ibc/310EEF709CF68CF647C53BE0ECBA4FDEDF54140B3ABD321610A6BFAA617C21E2,"Netflix, Inc.",mNFLX,mnflx,6,,terra,cw20:terra1jsxngqasf2zynj5kyh0tgq9mj3zksa5gk35j4k,native,2024-06-27T21:02:05Z,2024-06-28T02:25:30.536000,false,chain-registry
osmosis,ibc/D439187DB47BF5BA6AFD038959A0E41D5072603D09A1B60FDB55EC34080E2310,AstroPug Token,PUG,pug,6,,terra,cw20:terra1kdfsdm3c4reun9j3m4mk3nmyw4a4ns7mj24q3j,native,2024-06-27T21:02:05Z,2024-06-28T02:25:30.536000,false,chain-registry
osmosis,ibc/4421B8FC15CFEF7E895F0547761AED86475A32C4919523851564A1790FDEBEEA,Binance Coin (Portal),BNB,bnb,8,,terra,cw20:terra1cetg5wruw2wsdjp7j46rj44xdel00z006e9yg8,native,2024-06-27T21:02:05Z,2024-06-28T02:25:30.536000,false,chain-registry
osmosis,ibc/5705C83906FD9384B70779EB93E296CCAB4F990910D0474BAE4F90DA0BCE9109,Bitcoin,mBTC,mbtc,6,,terra,cw20:terra1rhhvx8nzfrx5fufkuft06q5marfkucdqwq5sjw,native,2024-06-27T21:02:05Z,2024-06-28T02:25:30.535000,false,chain-registry
osmosis,ibc/57662073AAFBE40B2B03382D493FB35C261E912659C9C627A72BFEC24C3635FD,Anchor Terra USD,aUST,aust,6,,terra,cw20:terra1hzh9vpxhsk8253se0vv5jj6etdvxu3nv8z07zu,native,2024-06-27T21:02:05Z,2024-06-28T02:25:30.535000,false,chain-registry
osmosis,ibc/D615D4EF93F9048A54265F3835F56DCAC397EC4382EAF0F250E787AD732A3D28,AMC Entertainment Holdings Inc.,mAMC,mamc,6,,terra,cw20:terra1qelfthdanju7wavc5tq0k5r0rhsyzyyrsn09qy,native,2024-06-27T21:02:05Z,2024-06-28T02:25:30.535000,false,chain-registry
osmosis,ibc/E17EB70205DD3BEA32B262CC38392897B68BFF905C99B53F094391AD134276C6,Mirror,MIR,mir,6,,terra,cw20:terra15gwkyepfc6xgca5t5zefzwy42uts8l2m4g40k6,native,2024-06-27T21:02:05Z,2024-06-28T02:25:30.535000,false,chain-registry
osmosis,ibc/D0A50A5E3D51CA8BB505F656018C28264E17A2C0115715861CA5070627C930C5,Coca-Cola,mKO,mko,6,,terra,cw20:terra1qsnj5gvq8rgs7yws8x5u02gwd5wvtu4tks0hjm,native,2024-06-27T21:02:05Z,2024-06-28T02:25:30.535000,false,chain-registry
osmosis,ibc/8C505E640E1A4A88109256DC8FACC4395408A7A852485CD29B0BAD00B514AF8A,Facebook Inc.,mFB,mfb,6,,terra,cw20:terra1mqsjugsugfprn3cvgxsrr8akkvdxv2pzc74us7,native,2024-06-27T21:02:05Z,2024-06-28T02:25:30.535000,false,chain-registry
osmosis,ibc/3F4FFFB53C748CE3E064718DB5263ECEB0ECA4D5BBED69D0D978951A53DCAF75,"Coinbase Global, Inc.",mCOIN,mcoin,6,,terra,cw20:terra18wayjpyq28gd970qzgjfmsjj7dmgdk039duhph,native,2024-06-27T21:02:05Z,2024-06-28T02:25:30.535000,false,chain-registry
osmosis,ibc/1E3D600C43E479B21C622D4E34817F085085FBDC591D62CAB01AD5D3EB3D29E6,Alibaba Group Holding Limited,mBABA,mbaba,6,,terra,cw20:terra1w7zgkcyt7y4zpct9dw8mw362ywvdlydnum2awa,native,2024-06-27T21:02:05Z,2024-06-28T02:25:30.535000,false,chain-registry
osmosis,ibc/2E15E8569CA318154C55842215FAA6578EE99766D2AB1908DAA96CFB85B1ED1F,Apple Inc.,mAAPL,maapl,6,,terra,cw20:terra1vxtwu4ehgzz77mnfwrntyrmgl64qjs75mpwqaz,native,2024-06-27T21:02:05Z,2024-06-28T02:25:30.535000,false,chain-registry
osmosis,ibc/65DDE46CFDD4BD6F6D764B0B3671D433EE1F085D98C611A75718B483D0CD074B,"Amazon.com, Inc.",mAMZN,mamzn,6,,terra,cw20:terra165nd2qmrtszehcfrntlplzern7zl4ahtlhd5t2,native,2024-06-27T21:02:05Z,2024-06-28T02:25:30.535000,false,chain-registry
osmosis,ibc/A2239172F91820B21E9AEB067E44C77DBAEF953F97F933E4A70FCFB40C2EF4E1,Airbnb Inc.,mABNB,mabnb,6,,terra,cw20:terra1g4x2pzmkc9z3mseewxf758rllg08z3797xly0n,native,2024-06-27T21:02:05Z,2024-06-28T02:25:30.535000,false,chain-registry
osmosis,ibc/052D5C042E8DB771737745C7BD85C9B22B6C428064E3B4D611A2AB0EEE4085A8,Microsoft Corporation,mMSFT,mmsft,6,,terra,cw20:terra1227ppwxxj3jxz8cfgq00jgnxqcny7ryenvkwj6,native,2024-06-27T21:02:05Z,2024-06-28T02:25:30.535000,false,chain-registry
osmosis,ibc/FED18BFB62477AA5D7A2A0F19040199B0652FFC287549D602894DAC0A72E83DC,GameStop Corp,mGME,mgme,6,,terra,cw20:terra1m6j6j9gw728n82k78s0j9kq8l5p6ne0xcc820p,native,2024-06-27T21:02:05Z,2024-06-28T02:25:30.535000,false,chain-registry
osmosis,ibc/32035A87EE8A052F28371E3E98D0ADDCA6890FE3967D5C07ABE55EFBD4AA7B51,Bonded ETH,bETH,beth,6,,terra,cw20:terra1dzhzukyezv0etz22ud940z7adyv7xgcjkahuun,native,2024-06-27T21:02:05Z,2024-06-28T02:25:30.535000,false,chain-registry
osmosis,ibc/314A00892F00133BD6ABEC561636696248CAC6F3F6384D4E9FCD01B8248C40DA,Johnson & Johnson,mJNJ,mjnj,6,,terra,cw20:terra1ptdxmj3xmmljzx02nr4auwfuelmj0cnkh8egs2,native,2024-06-27T21:02:05Z,2024-06-28T02:25:30.535000,false,chain-registry
osmosis,ibc/2EBD9F990C5888851CD78F96D22C020CA463391ED203ECDB43E77520530316B0,Anchor Token,ANC,anc,6,,terra,cw20:terra14z56l0fp2lsf86zy3hty2z47ezkhnthtr9yq76,native,2024-06-27T21:02:05Z,2024-06-28T02:25:30.535000,false,chain-registry
osmosis,ibc/F2864558ACE45E0C89192910CC808DF3725A6B2A0F2F13DDE8C83C4E9D33753B,"Robinhood Markets, Inc.",mHOOD,mhood,6,,terra,cw20:terra18yqdfzfhnguerz9du5mnvxsh5kxlknqhcxzjfr,native,2024-06-27T21:02:05Z,2024-06-28T02:25:30.535000,false,chain-registry
osmosis,ibc/3E00EE6DBC74F0FE87592121948685BE9FD9FD9899D9BAD5FA573D0A6D257BCF,iShares Gold Trust,mIAU,miau,6,,terra,cw20:terra10h7ry7apm55h4ez502dqdv9gr53juu85nkd4aq,native,2024-06-27T21:02:05Z,2024-06-28T02:25:30.535000,false,chain-registry
osmosis,ibc/63EBD991773EE060A63ABBA7B322F9C843071C99F74833374ED7BAC8E776D71F,Bonded Luna,bLuna,bluna,6,,terra,cw20:terra1kc87mu460fwkqte29rquh4hc20m54fxwtsx7gp,native,2024-06-27T21:02:05Z,2024-06-28T02:25:30.535000,false,chain-registry
osmosis,ibc/FD42D9706399B180B1E21FCD3005B4C08C21663240385F3AD1FF7A87BB17C719,"Advanced Micro Devices, Inc.",mAMD,mamd,6,,terra,cw20:terra18ej5nsuu867fkx4tuy2aglpvqjrkcrjjslap3z,native,2024-06-27T21:02:05Z,2024-06-28T02:25:30.535000,false,chain-registry
osmosis,ibc/586F20211F8473B420AB43D2DC5CF4EF294E37A1403E28696F6EB38F486B2620,ARK Innovation ETF,mARKK,markk,6,,terra,cw20:terra1qqfx5jph0rsmkur2zgzyqnfucra45rtjae5vh6,native,2024-06-27T21:02:05Z,2024-06-28T02:25:30.535000,false,chain-registry
osmosis,ibc/54ECE801DA1016646C2A567C6F1C0B5BFA6546660D51EC02A3C21D4C46C471F9,Goldman Sachs Group Inc.,mGS,mgs,6,,terra,cw20:terra137drsu8gce5thf6jr5mxlfghw36rpljt3zj73v,native,2024-06-27T21:02:05Z,2024-06-28T02:25:30.535000,false,chain-registry
osmosis,ibc/8CD8ADDD0A97046D9DF16B7C29DB8ABB5AA70BD8122EA0B7AD7B02E6631C39FF,Ether,mETH,meth,6,,terra,cw20:terra1dk3g53js3034x4v5c3vavhj2738une880yu6kx,native,2024-06-27T21:02:05Z,2024-06-28T02:25:30.535000,false,chain-registry
osmosis,ibc/07F90B75153A12CC2E5A568595F48270F5773DD17621516270379648E08B89AC,The Walt Disney Company,mDIS,mdis,6,,terra,cw20:terra149755r3y0rve30e209awkhn5cxgkn5c8ju9pm5,native,2024-06-27T21:02:05Z,2024-06-28T02:25:30.535000,false,chain-registry
osmosis,ibc/700E813EA9A2E59BDFDCA083655341B16C9737F62ADC03F96D0B23168AFCFEDF,Polkadot,mDOT,mdot,6,,terra,cw20:terra19ya4jpvjvvtggepvmmj6ftmwly3p7way0tt08r,native,2024-06-27T21:02:05Z,2024-06-28T02:25:30.535000,false,chain-registry
osmosis,ibc/82AD9817B08DCB07821D243D702AF1B0D3D0EAFF66D65DBB41AD2BF1FF5A9AFF,Whale Token,WHALE,whale,6,white-whale,terra,cw20:terra1php5m8a6qd68z02t3zpw4jv2pj4vgw4wz0t8mz,native,2024-06-27T21:02:05Z,2024-06-28T02:25:30.535000,false,chain-registry
osmosis,ibc/FDC1A75744C19AB7CBBF84DA02DBF0D83943C78E0483FFFBEAA200658D8C07A9,Alphabet Inc.,mGOOGL,mgoogl,6,,terra,cw20:terra1h8arz2k547uvmpxctuwush3jzc8fun4s96qgwt,native,2024-06-27T21:02:05Z,2024-06-28T02:25:30.535000,false,chain-registry
osmosis,ibc/63F3E02662A8FA5E21FB095E5103FBD207D9613E9B641CA94979520E5B95089A,Galaxy Digital Holdings Ltd,mGLXY,mglxy,6,,terra,cw20:terra1l5lrxtwd98ylfy09fn866au6dp76gu8ywnudls,native,2024-06-27T21:02:05Z,2024-06-28T02:25:30.535000,false,chain-registry
osmosis,ibc/C0D0937641FD3FB2ACD1A880A79C750FF91C5A5A957A3B035A0C595CAC436C09,iShares Gold Trust,mIAU,miau,6,,terra,cw20:terra15hp9pr8y4qsvqvxf3m4xeptlk7l8h60634gqec,native,2024-06-27T21:02:05Z,2024-06-28T02:25:30.535000,false,chain-registry
osmosis,factory/osmo1q77cw0mmlluxu0wr29fcdd0tdnh78gzhkvhe4n6ulal9qvrtu43qtd0nh8/gods,CosmosGODS,GODS,factory/osmo1q77cw0mmlluxu0wr29fcdd0tdnh78gzhkvhe4n6ulal9qvrtu43qtd0nh8/gods,6,,osmosis,factory/osmo1q77cw0mmlluxu0wr29fcdd0tdnh78gzhkvhe4n6ulal9qvrtu43qtd0nh8/gods,native,2024-07-23T14:47:57.664Z,2024-05-05T22:11:22.790000,false,chain-metadata
osmosis,factory/osmo1q77cw0mmlluxu0wr29fcdd0tdnh78gzhkvhe4n6ulal9qvrtu43qtd0nh8/gch,grilled chicken,GCH,factory/osmo1q77cw0mmlluxu0wr29fcdd0tdnh78gzhkvhe4n6ulal9qvrtu43qtd0nh8/gch,6,,osmosis,factory/osmo1q77cw0mmlluxu0wr29fcdd0tdnh78gzhkvhe4n6ulal9qvrtu43qtd0nh8/gch,native,2024-07-23T14:47:57.664Z,2024-05-05T22:11:22.790000,false,chain-metadata
osmosis,factory/osmo1q77cw0mmlluxu0wr29fcdd0tdnh78gzhkvhe4n6ulal9qvrtu43qtd0nh8/gunther,OhYouTouchMyTraLaLa,GUNTHER,factory/osmo1q77cw0mmlluxu0wr29fcdd0tdnh78gzhkvhe4n6ulal9qvrtu43qtd0nh8/gunther,6,,osmosis,factory/osmo1q77cw0mmlluxu0wr29fcdd0tdnh78gzhkvhe4n6ulal9qvrtu43qtd0nh8/gunther,native,2024-07-23T14:47:57.665Z,2024-05-05T22:11:22.790000,false,chain-metadata
osmosis,factory/osmo1q77cw0mmlluxu0wr29fcdd0tdnh78gzhkvhe4n6ulal9qvrtu43qtd0nh8/jesus,JESUS,JESUS,factory/osmo1q77cw0mmlluxu0wr29fcdd0tdnh78gzhkvhe4n6ulal9qvrtu43qtd0nh8/jesus,6,,osmosis,factory/osmo1q77cw0mmlluxu0wr29fcdd0tdnh78gzhkvhe4n6ulal9qvrtu43qtd0nh8/jesus,native,2024-07-23T14:47:57.666Z,2024-05-05T22:11:22.790000,false,chain-metadata
osmosis,factory/osmo1q77cw0mmlluxu0wr29fcdd0tdnh78gzhkvhe4n6ulal9qvrtu43qtd0nh8/jakewon,JaeKwon,JakeWon,factory/osmo1q77cw0mmlluxu0wr29fcdd0tdnh78gzhkvhe4n6ulal9qvrtu43qtd0nh8/jakewon,6,,osmosis,factory/osmo1q77cw0mmlluxu0wr29fcdd0tdnh78gzhkvhe4n6ulal9qvrtu43qtd0nh8/jakewon,native,2024-07-23T14:47:57.666Z,2024-05-05T22:11:22.790000,false,chain-metadata
osmosis,factory/osmo1q77cw0mmlluxu0wr29fcdd0tdnh78gzhkvhe4n6ulal9qvrtu43qtd0nh8/madlab,Mr.LAB,madLAB,factory/osmo1q77cw0mmlluxu0wr29fcdd0tdnh78gzhkvhe4n6ulal9qvrtu43qtd0nh8/madlab,6,,osmosis,factory/osmo1q77cw0mmlluxu0wr29fcdd0tdnh78gzhkvhe4n6ulal9qvrtu43qtd0nh8/madlab,native,2024-07-23T14:47:57.669Z,2024-05-05T22:11:22.790000,false,chain-metadata
osmosis,factory/osmo1q77cw0mmlluxu0wr29fcdd0tdnh78gzhkvhe4n6ulal9qvrtu43qtd0nh8/lmeow,Kendrick Lameow,LMEOW,factory/osmo1q77cw0mmlluxu0wr29fcdd0tdnh78gzhkvhe4n6ulal9qvrtu43qtd0nh8/lmeow,6,,osmosis,factory/osmo1q77cw0mmlluxu0wr29fcdd0tdnh78gzhkvhe4n6ulal9qvrtu43qtd0nh8/lmeow,native,2024-07-23T14:47:57.669Z,2024-05-05T22:11:22.790000,false,chain-metadata
osmosis,factory/osmo1q77cw0mmlluxu0wr29fcdd0tdnh78gzhkvhe4n6ulal9qvrtu43qtd0nh8/laugh,LaughCoin,LAUGH,factory/osmo1q77cw0mmlluxu0wr29fcdd0tdnh78gzhkvhe4n6ulal9qvrtu43qtd0nh8/laugh,6,,osmosis,factory/osmo1q77cw0mmlluxu0wr29fcdd0tdnh78gzhkvhe4n6ulal9qvrtu43qtd0nh8/laugh,native,2024-07-23T14:47:57.669Z,2024-05-05T22:11:22.790000,false,chain-metadata
osmosis,factory/osmo1q77cw0mmlluxu0wr29fcdd0tdnh78gzhkvhe4n6ulal9qvrtu43qtd0nh8/mkr,Maker,MKR,factory/osmo1q77cw0mmlluxu0wr29fcdd0tdnh78gzhkvhe4n6ulal9qvrtu43qtd0nh8/mkr,6,,osmosis,factory/osmo1q77cw0mmlluxu0wr29fcdd0tdnh78gzhkvhe4n6ulal9qvrtu43qtd0nh8/mkr,native,2024-07-23T14:47:57.670Z,2024-05-05T22:11:22.790000,false,chain-metadata
osmosis,factory/osmo1q77cw0mmlluxu0wr29fcdd0tdnh78gzhkvhe4n6ulal9qvrtu43qtd0nh8/msk,Musk Inu,MSK,factory/osmo1q77cw0mmlluxu0wr29fcdd0tdnh78gzhkvhe4n6ulal9qvrtu43qtd0nh8/msk,6,,osmosis,factory/osmo1q77cw0mmlluxu0wr29fcdd0tdnh78gzhkvhe4n6ulal9qvrtu43qtd0nh8/msk,native,2024-07-23T14:47:57.670Z,2024-05-05T22:11:22.790000,false,chain-metadata
osmosis,factory/osmo1q77cw0mmlluxu0wr29fcdd0tdnh78gzhkvhe4n6ulal9qvrtu43qtd0nh8/mint,minttender,mint,factory/osmo1q77cw0mmlluxu0wr29fcdd0tdnh78gzhkvhe4n6ulal9qvrtu43qtd0nh8/mint,6,,osmosis,factory/osmo1q77cw0mmlluxu0wr29fcdd0tdnh78gzhkvhe4n6ulal9qvrtu43qtd0nh8/mint,native,2024-07-23T14:47:57.670Z,2024-05-05T22:11:22.790000,false,chain-metadata
osmosis,factory/osmo1q77cw0mmlluxu0wr29fcdd0tdnh78gzhkvhe4n6ulal9qvrtu43qtd0nh8/mus,MUSAKA,MUS,factory/osmo1q77cw0mmlluxu0wr29fcdd0tdnh78gzhkvhe4n6ulal9qvrtu43qtd0nh8/mus,6,,osmosis,factory/osmo1q77cw0mmlluxu0wr29fcdd0tdnh78gzhkvhe4n6ulal9qvrtu43qtd0nh8/mus,native,2024-07-23T14:47:57.670Z,2024-05-05T22:11:22.790000,false,chain-metadata
osmosis,factory/osmo1q77cw0mmlluxu0wr29fcdd0tdnh78gzhkvhe4n6ulal9qvrtu43qtd0nh8/meftw,Maine Coin,MEFTW,factory/osmo1q77cw0mmlluxu0wr29fcdd0tdnh78gzhkvhe4n6ulal9qvrtu43qtd0nh8/meftw,6,,osmosis,factory/osmo1q77cw0mmlluxu0wr29fcdd0tdnh78gzhkvhe4n6ulal9qvrtu43qtd0nh8/meftw,native,2024-07-23T14:47:57.670Z,2024-05-05T22:11:22.790000,false,chain-metadata
osmosis,factory/osmo1q77cw0mmlluxu0wr29fcdd0tdnh78gzhkvhe4n6ulal9qvrtu43qtd0nh8/mematom,Meme ATOM coin,memATOM,factory/osmo1q77cw0mmlluxu0wr29fcdd0tdnh78gzhkvhe4n6ulal9qvrtu43qtd0nh8/mematom,6,,osmosis,factory/osmo1q77cw0mmlluxu0wr29fcdd0tdnh78gzhkvhe4n6ulal9qvrtu43qtd0nh8/mematom,native,2024-07-23T14:47:57.670Z,2024-05-05T22:11:22.790000,false,chain-metadata
osmosis,factory/osmo1q77cw0mmlluxu0wr29fcdd0tdnh78gzhkvhe4n6ulal9qvrtu43qtd0nh8/nig,Nigger,Nig,factory/osmo1q77cw0mmlluxu0wr29fcdd0tdnh78gzhkvhe4n6ulal9qvrtu43qtd0nh8/nig,6,,osmosis,factory/osmo1q77cw0mmlluxu0wr29fcdd0tdnh78gzhkvhe4n6ulal9qvrtu43qtd0nh8/nig,native,2024-07-23T14:47:57.671Z,2024-05-05T22:11:22.790000,false,chain-metadata
osmosis,factory/osmo1q77cw0mmlluxu0wr29fcdd0tdnh78gzhkvhe4n6ulal9qvrtu43qtd0nh8/odg,OverDog,ODG,factory/osmo1q77cw0mmlluxu0wr29fcdd0tdnh78gzhkvhe4n6ulal9qvrtu43qtd0nh8/odg,6,,osmosis,factory/osmo1q77cw0mmlluxu0wr29fcdd0tdnh78gzhkvhe4n6ulal9qvrtu43qtd0nh8/odg,native,2024-07-23T14:47:57.671Z,2024-05-05T22:11:22.790000,false,chain-metadata
osmosis,factory/osmo1q77cw0mmlluxu0wr29fcdd0tdnh78gzhkvhe4n6ulal9qvrtu43qtd0nh8/png,probably nothing,PNG,factory/osmo1q77cw0mmlluxu0wr29fcdd0tdnh78gzhkvhe4n6ulal9qvrtu43qtd0nh8/png,6,,osmosis,factory/osmo1q77cw0mmlluxu0wr29fcdd0tdnh78gzhkvhe4n6ulal9qvrtu43qtd0nh8/png,native,2024-07-23T14:47:57.672Z,2024-05-05T22:11:22.790000,false,chain-metadata
osmosis,factory/osmo1q77cw0mmlluxu0wr29fcdd0tdnh78gzhkvhe4n6ulal9qvrtu43qtd0nh8/pepita,Pepita,PEPITA,factory/osmo1q77cw0mmlluxu0wr29fcdd0tdnh78gzhkvhe4n6ulal9qvrtu43qtd0nh8/pepita,6,,osmosis,factory/osmo1q77cw0mmlluxu0wr29fcdd0tdnh78gzhkvhe4n6ulal9qvrtu43qtd0nh8/pepita,native,2024-07-23T14:47:57.672Z,2024-05-05T22:11:22.790000,false,chain-metadata
osmosis,factory/osmo1q77cw0mmlluxu0wr29fcdd0tdnh78gzhkvhe4n6ulal9qvrtu43qtd0nh8/peeka,Peekachu,PEEKA,factory/osmo1q77cw0mmlluxu0wr29fcdd0tdnh78gzhkvhe4n6ulal9qvrtu43qtd0nh8/peeka,6,,osmosis,factory/osmo1q77cw0mmlluxu0wr29fcdd0tdnh78gzhkvhe4n6ulal9qvrtu43qtd0nh8/peeka,native,2024-07-23T14:47:57.672Z,2024-05-05T22:11:22.790000,false,chain-metadata
osmosis,factory/osmo1q77cw0mmlluxu0wr29fcdd0tdnh78gzhkvhe4n6ulal9qvrtu43qtd0nh8/pby,pepeboy,pby,factory/osmo1q77cw0mmlluxu0wr29fcdd0tdnh78gzhkvhe4n6ulal9qvrtu43qtd0nh8/pby,6,,osmosis,factory/osmo1q77cw0mmlluxu0wr29fcdd0tdnh78gzhkvhe4n6ulal9qvrtu43qtd0nh8/pby,native,2024-07-23T14:47:57.672Z,2024-05-05T22:11:22.790000,false,chain-metadata
