key,block_timestamp,block_height,block_section,block_section_index,tx_hash,tx_index,message_index,event_index,action_index,action_subindex,sender,receiver,token_amount,token_denom,token_path,memo,src_channel,dst_channel,connection,sequence,ingestion_timestamp
69892339|1|2|0|9|1,1.788523259593E9,69892339,block_result,1,025E57D196F26A58E68B9998984B751601DD9B6A11EC6F452A60807C0F2F58DB,2,0,9,0,1,osmo1z6mhzw4s52fppehh39u84m3ufgyygcgzpydxcw,genesis12j38jzae8md2jrvnya6g8vzur4uncev6fxrs3n,104000000000000000000,ibc/F16FDC11A7662B86BC0B9CE61871CBACF7C20606F95E86260FD38915184B75B4,transfer/channel-253/el1,,channel-253,channel-1,connection-1539,1967,1.788523265114E9
69913314|1|0|0|9|1,1.788550435455E9,69913314,block_result,1,F8B27A66CF70B1A2C1006AD73FF620D439AF3E746CA5A7A9FBEB40170478BCA0,0,0,9,0,1,osmo1zkewm35hqzve3xet3rhc0kmzeldxjf22fwq990,genesis1zkewm35hqzve3xet3rhc0kmzeldxjf22lu8rhg,933240374269364046566,ibc/F16FDC11A7662B86BC0B9CE61871CBACF7C20606F95E86260FD38915184B75B4,transfer/channel-253/el1,,channel-253,channel-1,connection-1539,1969,1.788550437805E9
69902448|1|0|0|9|1,1.788536208217E9,69902448,block_result,1,E134CBA5EBA5C0543AF6D2EE86F7DAA799EC473153D6F47901256D29FE59B991,0,0,9,0,1,osmo1zkewm35hqzve3xet3rhc0kmzeldxjf22fwq990,genesis1zkewm35hqzve3xet3rhc0kmzeldxjf22lu8rhg,933240374269364046566,ibc/F16FDC11A7662B86BC0B9CE61871CBACF7C20606F95E86260FD38915184B75B4,transfer/channel-253/el1,,channel-253,channel-1,connection-1539,1968,1.788536210468E9
67525779|1|2|0|9|1,1.785495956186E9,67525779,block_result,1,BA8BBDFB6D58741416252B3436A8630247B2391A729D95C99E3B628241D8296A,2,0,9,0,1,osmo1ag940t2gd4sn0wey7xgfjl83x2t5v62m6629pc,genesis107ff0tztguhn637e0jf3pjecs7kk333gaprfj3,5000000000000000000000,ibc/F16FDC11A7662B86BC0B9CE61871CBACF7C20606F95E86260FD38915184B75B4,transfer/channel-253/el1,,channel-253,channel-1,connection-1539,1873,1.785495961357E9
67555361|1|0|0|9|1,1.785532340773E9,67555361,block_result,1,E2253BD32483FFA7F133E6DB880B5F5D60710F60401322CD14D043DFA0756496,0,0,9,0,1,osmo16aypymlama0lk5s8c9s30s09eacpvwnav7ewjv,genesis16aypymlama0lk5s8c9s30s09eacpvwna6v7gqt,1865129172346080878111,ibc/F16FDC11A7662B86BC0B9CE61871CBACF7C20606F95E86260FD38915184B75B4,transfer/channel-253/el1,,channel-253,channel-1,connection-1539,1883,1.785532343339E9
67518757|1|2|0|9|1,1.785487328569E9,67518757,block_result,1,DEF6130DA522BAFD79BB95BB313E167096CCD77E014F81E5E268E12AAA2DBCFA,2,0,9,0,1,osmo16aypymlama0lk5s8c9s30s09eacpvwnav7ewjv,genesis16aypymlama0lk5s8c9s30s09eacpvwna6v7gqt,1750014470445758467120,ibc/F16FDC11A7662B86BC0B9CE61871CBACF7C20606F95E86260FD38915184B75B4,transfer/channel-253/el1,,channel-253,channel-1,connection-1539,1872,1.785487333836E9
67550890|1|0|0|9|1,1.785526846663E9,67550890,block_result,1,90573E0F06320DDDD9BCC2C56B26DB6D09EAC703CAB9BC01841776E2179DA30A,0,0,9,0,1,osmo1kchq6hwcxykm847jugaf5c6x7aqvz4k9rrcl2w,genesis1jk3v4z3v34vfdkjn7yvve7fwdf8acyr5tydw22,4029000000000000000000,ibc/F16FDC11A7662B86BC0B9CE61871CBACF7C20606F95E86260FD38915184B75B4,transfer/channel-253/el1,,channel-253,channel-1,connection-1539,1882,1.785526849986E9
67507899|1|1|0|9|1,1.785474002679E9,67507899,block_result,1,AA513AAB5960BC3DFCF9CE4671DB0DBE73F479449A792DF3EAF513502FC58B11,1,0,9,0,1,osmo1srgysthmuqpw4f6qsrektu2glj59hz6lt44dyp,genesis1srgysthmuqpw4f6qsrektu2glj59hz6la8jtkx,1319585218834222810004,ibc/F16FDC11A7662B86BC0B9CE61871CBACF7C20606F95E86260FD38915184B75B4,transfer/channel-253/el1,,channel-253,channel-1,connection-1539,1869,1.785474005629E9
67529881|1|1|0|9|1,1.785500985661E9,67529881,block_result,1,A5557928B4A9FEDE155ED3D9AACCF02FD47A7BE392CD0D60EF4DFCE241A0EA81,1,0,9,0,1,osmo1srgysthmuqpw4f6qsrektu2glj59hz6lt44dyp,genesis1srgysthmuqpw4f6qsrektu2glj59hz6la8jtkx,535744255709159460756,ibc/F16FDC11A7662B86BC0B9CE61871CBACF7C20606F95E86260FD38915184B75B4,transfer/channel-253/el1,,channel-253,channel-1,connection-1539,1877,1.785500989114E9
67529488|1|0|0|9|1,1.785500504414E9,67529488,block_result,1,37FCF7B40BCE63625BC4B3A08F7E11CA2447E83411D70796862A3D5FEB51B0AA,0,0,9,0,1,osmo1srgysthmuqpw4f6qsrektu2glj59hz6lt44dyp,genesis1srgysthmuqpw4f6qsrektu2glj59hz6la8jtkx,1176996348575331912485,ibc/F16FDC11A7662B86BC0B9CE61871CBACF7C20606F95E86260FD38915184B75B4,transfer/channel-253/el1,,channel-253,channel-1,connection-1539,1875,1.785500510218E9
67536217|1|0|0|9|1,1.785508775654E9,67536217,block_result,1,4700CA6BE90B00506B257538FA082A90A0CAC22CF19D8A384E9972EF88EDC8AB,0,0,9,0,1,osmo1srgysthmuqpw4f6qsrektu2glj59hz6lt44dyp,genesis1srgysthmuqpw4f6qsrektu2glj59hz6la8jtkx,1155685104647413160152,ibc/F16FDC11A7662B86BC0B9CE61871CBACF7C20606F95E86260FD38915184B75B4,transfer/channel-253/el1,,channel-253,channel-1,connection-1539,1878,1.785508779142E9
67550827|1|0|0|9|1,1.785526770649E9,67550827,block_result,1,457E2E990A64B8FFB2BB4A1B5FBA81D4079425A9B2DD19536A708B78A360CCCC,0,0,9,0,1,osmo1srgysthmuqpw4f6qsrektu2glj59hz6lt44dyp,genesis1srgysthmuqpw4f6qsrektu2glj59hz6la8jtkx,2536638836510537773719,ibc/F16FDC11A7662B86BC0B9CE61871CBACF7C20606F95E86260FD38915184B75B4,transfer/channel-253/el1,,channel-253,channel-1,connection-1539,1881,1.78552677302E9
67529420|1|0|0|9|1,1.78550041715E9,67529420,block_result,1,54D78AD36C1F48DBD8B1A94235D7976EF1704D28D53A671B289F2E681555C515,0,0,9,0,1,osmo1srgysthmuqpw4f6qsrektu2glj59hz6lt44dyp,genesis1srgysthmuqpw4f6qsrektu2glj59hz6la8jtkx,1218567780074345312105,ibc/F16FDC11A7662B86BC0B9CE61871CBACF7C20606F95E86260FD38915184B75B4,transfer/channel-253/el1,,channel-253,channel-1,connection-1539,1874,1.785500419783E9
67509133|1|0|0|9|1,1.785475516986E9,67509133,block_result,1,BA0D4F8355991E6B1753603A3F05B5ED985EE5000F35715523BE0E4BBC37B4DC,0,0,9,0,1,osmo1srgysthmuqpw4f6qsrektu2glj59hz6lt44dyp,genesis1srgysthmuqpw4f6qsrektu2glj59hz6la8jtkx,860413846060988661229,ibc/F16FDC11A7662B86BC0B9CE61871CBACF7C20606F95E86260FD38915184B75B4,transfer/channel-253/el1,,channel-253,channel-1,connection-1539,1870,1.785475519685E9
67493239|1|0|0|9|1,1.785456062751E9,67493239,block_result,1,D76F67FC7DCC108D03F895654A96C711436BDB5178A6485BB8E67713806BC179,0,0,9,0,1,osmo1srgysthmuqpw4f6qsrektu2glj59hz6lt44dyp,genesis1srgysthmuqpw4f6qsrektu2glj59hz6la8jtkx,882504547794283225926,ibc/F16FDC11A7662B86BC0B9CE61871CBACF7C20606F95E86260FD38915184B75B4,transfer/channel-253/el1,,channel-253,channel-1,connection-1539,1868,1.785456065184E9
67529630|1|0|0|9|1,1.785500675055E9,67529630,block_result,1,768B9363A1DD1649837E018A0CE75518299BB1194BE23A42E3000144BAE10B8C,0,0,9,0,1,osmo1srgysthmuqpw4f6qsrektu2glj59hz6lt44dyp,genesis1srgysthmuqpw4f6qsrektu2glj59hz6la8jtkx,775540233278403383610,ibc/F16FDC11A7662B86BC0B9CE61871CBACF7C20606F95E86260FD38915184B75B4,transfer/channel-253/el1,,channel-253,channel-1,connection-1539,1876,1.785500680217E9
67536650|1|0|0|9|1,1.785509309071E9,67536650,block_result,1,D85160A0636ADF20B4E6BFB0EE5423C83842B04CC6FDA4DCD8841EAA6BB53518,0,0,9,0,1,osmo1srgysthmuqpw4f6qsrektu2glj59hz6lt44dyp,genesis1srgysthmuqpw4f6qsrektu2glj59hz6la8jtkx,775926160116756421,ibc/F16FDC11A7662B86BC0B9CE61871CBACF7C20606F95E86260FD38915184B75B4,transfer/channel-253/el1,,channel-253,channel-1,connection-1539,1879,1.785509312515E9
67515626|1|0|0|9|1,1.785483490135E9,67515626,block_result,1,30585430A88893D7971EF408892D3F57851F670C66D28EC776CAC9B514279CF5,0,0,9,0,1,osmo1srgysthmuqpw4f6qsrektu2glj59hz6lt44dyp,genesis1srgysthmuqpw4f6qsrektu2glj59hz6la8jtkx,683133678433264871950,ibc/F16FDC11A7662B86BC0B9CE61871CBACF7C20606F95E86260FD38915184B75B4,transfer/channel-253/el1,,channel-253,channel-1,connection-1539,1871,1.785483492634E9
67549572|1|0|0|9|1,1.785525217552E9,67549572,block_result,1,319F8A7E3DF6F41C460F47E5B4E64E1942285E3EE5EED43A9FDDF4B45B335258,0,0,9,0,1,osmo1w5wehwhcma8ltrl62hfxxt8rx0eskr66d7rw4h,genesis1w5wehwhcma8ltrl62hfxxt8rx0eskr66mvyg8s,6000000000000000000,ibc/F16FDC11A7662B86BC0B9CE61871CBACF7C20606F95E86260FD38915184B75B4,transfer/channel-253/el1,,channel-253,channel-1,connection-1539,1880,1.785525219823E9
61679540|1|0|0|9|1,1.778829193165E9,61679540,block_result,1,677740FDD860D51839344CDBFFB2617FD844CACA1E5B0F2B0538F82D6DAF0FFB,0,0,9,0,1,osmo1wev8ptzj27aueu04wgvvl4gvurax6rj5p5lw4u,genesis1fcdwvqtejufg6ssswp8muvweqd30sxqutlp4xr,200000000000000000,ibc/F16FDC11A7662B86BC0B9CE61871CBACF7C20606F95E86260FD38915184B75B4,transfer/channel-253/el1,,channel-253,channel-1,connection-1539,1637,1.778829203117E9
69968848|1|0|0|9|1,1.788622940004E9,69968848,block_result,1,94F1E7D1F26ECE03D5A60E16798412D161DAAF8FC505E7BC1E269F503E4CCFE9,0,0,9,0,1,osmo1c4gf4m92zxachuywrttymahyr63wdwp6k3p7j5,genesis1c4gf4m92zxachuywrttymahyr63wdwp6qrxcqn,91271223290407396103,ibc/F16FDC11A7662B86BC0B9CE61871CBACF7C20606F95E86260FD38915184B75B4,transfer/channel-253/el1,,channel-253,channel-1,connection-1539,1970,1.788622942398E9
50640368|1|0|0|9|1,1.765790721095E9,50640368,block_result,1,2C6C8FF5EA11F1D8E4AB831B9315AA133DED69E6E0C194E12C32930DB0B497B3,0,0,9,0,1,osmo14rj9dl3l28t5lhumevlkheddygjvtxck8fx0ja,genesis1sh78xk4terehvp6966grk6a0gy7k90grjsnjsd,10000000000000000000,ibc/F16FDC11A7662B86BC0B9CE61871CBACF7C20606F95E86260FD38915184B75B4,transfer/channel-253/el1,,channel-253,channel-1,connection-1539,1521,1.765790723304895E9
61630594|1|1|0|9|1,1.778774272443E9,61630594,block_result,1,10C65759EF84D444780A651BB86C748E5FFB8647AB594005501E68FA414F6F67,1,0,9,0,1,osmo1s0mcdnsp74relctt3nyfyx4zkuwfn5wff8n73a,genesis1s0mcdnsp74relctt3nyfyx4zkuwfn5wfl45cr6,16058912483784048421311,ibc/F16FDC11A7662B86BC0B9CE61871CBACF7C20606F95E86260FD38915184B75B4,transfer/channel-253/el1,,channel-253,channel-1,connection-1539,1636,1.778775635878E9
15652958|1|0|0|9|1,1.715471772836E9,15652958,block_result,1,018B41C0F4CBBD04546491D462FD75374B54FA7A9359C1A9B765C0E30543DF8D,0,0,9,0,1,osmo1jjtm8ty3lh8m3zzy2v5gfuc8l4vh5gthdhge87,genesis1jjtm8ty3lh8m3zzy2v5gfuc8l4vh5gthm90l4e,12588419905727145960,ibc/F16FDC11A7662B86BC0B9CE61871CBACF7C20606F95E86260FD38915184B75B4,transfer/channel-253/el1,,channel-253,channel-1,connection-1539,1346,1.716994182294354E9
53573062|1|0|0|9|1,1.769208880758E9,53573062,block_result,1,3679E8EC219C37B66C260A22A3440CD7A5DC24E4019B70BA5D71B16B8D10AD6A,0,0,9,0,1,osmo16aypymlama0lk5s8c9s30s09eacpvwnav7ewjv,genesis16aypymlama0lk5s8c9s30s09eacpvwna6v7gqt,1000000000000000000000,ibc/F16FDC11A7662B86BC0B9CE61871CBACF7C20606F95E86260FD38915184B75B4,transfer/channel-253/el1,,channel-253,channel-1,connection-1539,1530,1.769208883088827E9
53570820|1|0|0|9|1,1.769206402654E9,53570820,block_result,1,5CA897B97CD263DA329359C360F42E75FF6E3C8B1075D750A850074BEAF28928,0,0,9,0,1,osmo16aypymlama0lk5s8c9s30s09eacpvwnav7ewjv,genesis16aypymlama0lk5s8c9s30s09eacpvwna6v7gqt,145000000000000000000,ibc/F16FDC11A7662B86BC0B9CE61871CBACF7C20606F95E86260FD38915184B75B4,transfer/channel-253/el1,,channel-253,channel-1,connection-1539,1529,1.769206405155193E9
61576964|1|2|0|9|1,1.77871357262E9,61576964,block_result,1,F06AC9A8C06B83CB205EF06B94EB80B3192CC73CB4FDA3988AD2B4AF7E3DDF91,2,0,9,0,1,osmo1u57ekxxqsjrqe4k9yucv786tvc6yjj265a4cqm,genesis1u57ekxxqsjrqe4k9yucv786tvc6yjj26z0j7ju,5000000000000000000000,ibc/F16FDC11A7662B86BC0B9CE61871CBACF7C20606F95E86260FD38915184B75B4,transfer/channel-253/el1,,channel-253,channel-1,connection-1539,1635,1.778713578307E9
61574148|1|0|0|9|1,1.778710371637E9,61574148,block_result,1,CE034113D68A57B0B38B0AAC96897D557E67F553EB145088B85050961ECF6727,0,0,9,0,1,osmo1u57ekxxqsjrqe4k9yucv786tvc6yjj265a4cqm,genesis1u57ekxxqsjrqe4k9yucv786tvc6yjj26z0j7ju,3000000000000000000000,ibc/F16FDC11A7662B86BC0B9CE61871CBACF7C20606F95E86260FD38915184B75B4,transfer/channel-253/el1,,channel-253,channel-1,connection-1539,1634,1.77871037393E9
69777372|1|0|0|9|1,1.788370636558E9,69777372,block_result,1,23A7BAD9F9E6BF3D25E72F5ABE7C1A5B7EE4736309AEBF8617E63F9C2AC187DA,0,0,9,0,1,osmo1j3n082u6j92w6l98lh3qveq2cc4yq4fh7d0a66,genesis1j3n082u6j92w6l98lh3qveq2cc4yq4fhglgmga,1000000000000000000000,ibc/F16FDC11A7662B86BC0B9CE61871CBACF7C20606F95E86260FD38915184B75B4,transfer/channel-253/el1,,channel-253,channel-1,connection-1539,1962,1.788370638958E9
69777429|1|0|0|9|1,1.788370710924E9,69777429,block_result,1,7BB2382C25870F514195527AE988EDA54EEC60B0CFA1CDCEE2A93A5CD705E6D4,0,0,9,0,1,osmo1j3n082u6j92w6l98lh3qveq2cc4yq4fh7d0a66,genesis1j3n082u6j92w6l98lh3qveq2cc4yq4fhglgmga,6600000000000000000000,ibc/F16FDC11A7662B86BC0B9CE61871CBACF7C20606F95E86260FD38915184B75B4,transfer/channel-253/el1,,channel-253,channel-1,connection-1539,1963,1.788370713184E9
69756523|1|0|0|9|1,1.788342676315E9,69756523,block_result,1,E3611F44CD07D113E4CAF98214B46C2FAC077655967986E14D32597B44E854F2,0,0,9,0,1,osmo1kwm9s5hjcvtxj9df6z5lxut2ecvaxstdyaz89m,genesis1kwm9s5hjcvtxj9df6z5lxut2ecvaxstdj09phu,84320246911566060,ibc/F16FDC11A7662B86BC0B9CE61871CBACF7C20606F95E86260FD38915184B75B4,transfer/channel-253/el1,,channel-253,channel-1,connection-1539,1961,1.788342682887E9
34370166|1|2|0|9|1,1.745663364172E9,34370166,block_result,1,C96C133900E5A93AE30EBAAEC0CFC8E08BF306C24E828E46D0302CC2F0EE3564,2,0,9,0,1,osmo16aypymlama0lk5s8c9s30s09eacpvwnav7ewjv,genesis16aypymlama0lk5s8c9s30s09eacpvwna6v7gqt,8888000000000000000000,ibc/F16FDC11A7662B86BC0B9CE61871CBACF7C20606F95E86260FD38915184B75B4,transfer/channel-253/el1,,channel-253,channel-1,connection-1539,1469,1.745663407658828E9
34362831|1|2|0|9|1,1.745653958879E9,34362831,block_result,1,7667DE83AF226CDBE823BDFE68AE7052A367C9EE05F41010CE913371D8E949F9,2,0,9,0,1,osmo16aypymlama0lk5s8c9s30s09eacpvwnav7ewjv,genesis16aypymlama0lk5s8c9s30s09eacpvwna6v7gqt,50000000000000000000000,ibc/F16FDC11A7662B86BC0B9CE61871CBACF7C20606F95E86260FD38915184B75B4,transfer/channel-253/el1,,channel-253,channel-1,connection-1539,1468,1.745653987866541E9
45182346|1|2|0|9|1,1.759171862349E9,45182346,block_result,1,6F498C027BB0F200CF4FE71A92756D54E4D01EA28C7D02F743F6836A68E89296,2,0,9,0,1,osmo14rj9dl3l28t5lhumevlkheddygjvtxck8fx0ja,genesis14rj9dl3l28t5lhumevlkheddygjvtxck3mpfq6,434000000000000000000,ibc/F16FDC11A7662B86BC0B9CE61871CBACF7C20606F95E86260FD38915184B75B4,transfer/channel-253/el1,,channel-253,channel-1,connection-1539,1506,1.759171867934817E9
7622829|1|8|0|7|1,1.672698333395E9,7622829,block_result,1,26BB2ADA23D91E3D4908B4C522318C524EF84B7EB4026784B09A5252A4B0A9D3,8,0,7,0,1,osmo1ag940t2gd4sn0wey7xgfjl83x2t5v62m6629pc,genesis1ag940t2gd4sn0wey7xgfjl83x2t5v62mvgdrnl,35000000000000000000000,ibc/F16FDC11A7662B86BC0B9CE61871CBACF7C20606F95E86260FD38915184B75B4,transfer/channel-253/el1,,channel-253,channel-1,connection-1539,1078,1.717491197799886E9
7616835|1|6|0|7|1,1.672663944571E9,7616835,block_result,1,579028784241F7810B7B104DAA70B6610A7AFF82B8076E8AD8E4BA8BAEBF4C8D,6,0,7,0,1,osmo1k3vrxedjju3xpq8tzjkyry08j8nup8ms42fgqw,genesis1k3vrxedjju3xpq8tzjkyry08j8nup8msrcwwjf,10000000000000000000,ibc/F16FDC11A7662B86BC0B9CE61871CBACF7C20606F95E86260FD38915184B75B4,transfer/channel-253/el1,,channel-253,channel-1,connection-1539,1076,1.71749118739867E9
7621003|1|29|0|7|1,1.672688015636E9,7621003,block_result,1,7ABCFC93BD429FD65E578EA287AA5CBF9EBA9EEC29D153B343DBAE253311458D,29,0,7,0,1,osmo1px2q40q3twagt23d4jc7nwdu2kdw59dhce078d,genesis1px2q40q3twagt23d4jc7nwdu2kdw59dhwtgc42,23927976422321805181,ibc/F16FDC11A7662B86BC0B9CE61871CBACF7C20606F95E86260FD38915184B75B4,transfer/channel-253/el1,,channel-253,channel-1,connection-1539,1077,1.717487688737219E9
69837018|1|2|0|9|1,1.788449884914E9,69837018,block_result,1,B28251A785EDD3242C7CB82C3C69EB1F626F712E2862DA3EE6A44D2AC31CFC09,2,0,9,0,1,osmo1ag940t2gd4sn0wey7xgfjl83x2t5v62m6629pc,genesis107ff0tztguhn637e0jf3pjecs7kk333gaprfj3,1000000000000000000000,ibc/F16FDC11A7662B86BC0B9CE61871CBACF7C20606F95E86260FD38915184B75B4,transfer/channel-253/el1,,channel-253,channel-1,connection-1539,1964,1.788449888318E9
69855434|1|0|0|9|1,1.788474419103E9,69855434,block_result,1,89269C0E4D676309D76CD9DE7AB361865ADA3AE5A542038BBF926207A424526D,0,0,9,0,1,osmo1z00ceeq09tx3vt58mkts4nygm8e72kscd8tt8e,genesis1z00ceeq09tx3vt58mkts4nygm8e72kscm4vd47,1014556406256574765432,ibc/F16FDC11A7662B86BC0B9CE61871CBACF7C20606F95E86260FD38915184B75B4,transfer/channel-253/el1,,channel-253,channel-1,connection-1539,1965,1.788474421743E9
69856239|1|0|0|9|1,1.788475504997E9,69856239,block_result,1,45A38CCBD6E2D31633DA36376482725EAAD51A2DE3264D82C5D34A3A26B4F78A,0,0,9,0,1,osmo1z00ceeq09tx3vt58mkts4nygm8e72kscd8tt8e,genesis1z00ceeq09tx3vt58mkts4nygm8e72kscm4vd47,59940649876592951957853,ibc/F16FDC11A7662B86BC0B9CE61871CBACF7C20606F95E86260FD38915184B75B4,transfer/channel-253/el1,,channel-253,channel-1,connection-1539,1966,1.788475507609E9
7664195|1|3|0|7|1,1.672933312905E9,7664195,block_result,1,A8AD1DA8EAB6652F56E64E117C0FDF9EFD05607CC77B896952B966E05356B43C,3,0,7,0,1,osmo13hgkvry2yf8na2m9kydxgqygfxs3pz32ask8en,genesis13hgkvry2yf8na2m9kydxgqygfxs3pz32tz3pt5,15381596042338789994,ibc/F16FDC11A7662B86BC0B9CE61871CBACF7C20606F95E86260FD38915184B75B4,transfer/channel-253/el1,,channel-253,channel-1,connection-1539,1089,1.717490349534283E9
7664680|1|0|0|7|1,1.672936049745E9,7664680,block_result,1,FDEB15FF3AC59C93DC01B231BF03B45614DF9B5C98D162A5229CC27CAE826DED,0,0,7,0,1,osmo18xvpj53vaupyfejpws5sktv5lnas5xj2kwracl,genesis1e0wzg69yndukvmuadld8ugdqxrpnxd06pcakcx,50504926683832480126,ibc/F16FDC11A7662B86BC0B9CE61871CBACF7C20606F95E86260FD38915184B75B4,transfer/channel-253/el1,,channel-253,channel-1,connection-1539,1090,1.717486975866673E9
7663782|1|0|0|7|1,1.67293100619E9,7663782,block_result,1,63FF05BFF1989EC9BF54332DD54B9A4FB6D4BBAA2F94AE0E048D49DC54F53594,0,0,7,0,1,osmo1qnlxnneluedfg3lusv8r36t5c0s4r2p0dlsn28,genesis1qnlxnneluedfg3lusv8r36t5c0s4r2p0mdh4cq,450000000000000000000,ibc/F16FDC11A7662B86BC0B9CE61871CBACF7C20606F95E86260FD38915184B75B4,transfer/channel-253/el1,,channel-253,channel-1,connection-1539,1088,1.717490361182074E9
7657244|1|2|0|7|1,1.672894227556E9,7657244,block_result,1,2A2AA37F0EAC3326B5D7C8806BBCE06E04F971A931D4F921EF7D0BB7A479CDF7,2,0,7,0,1,osmo1nmx6m0ax89t3lgl3xmyjmt6nxjdq4kxfl46exf,genesis1nmx6m0ax89t3lgl3xmyjmt6nxjdq4kxff8al5w,185450000000000000000000,ibc/F16FDC11A7662B86BC0B9CE61871CBACF7C20606F95E86260FD38915184B75B4,transfer/channel-253/el1,,channel-253,channel-1,connection-1539,1087,1.717487014087152E9
61326144|1|1|0|9|1,1.778425057815E9,61326144,block_result,1,0FA9E7E9D28833C38ACE53BED414C6ACEC020C4829944765D08C2B3B2583CC35,1,0,9,0,1,osmo1yaaemqhc8776gxy0e2l53nrw6dmewd7sfa82vg,genesis1yaaemqhc8776gxy0e2l53nrw6dmewd7sl0qv70,1431993416864698162409,ibc/F16FDC11A7662B86BC0B9CE61871CBACF7C20606F95E86260FD38915184B75B4,transfer/channel-253/el1,,channel-253,channel-1,connection-1539,1633,1.778425062768E9
64732824|1|1|0|9|1,1.782220292593E9,64732824,block_result,1,DFC19B725E4220F0273F5751FBBF94B0930312AA64BD467DFB226A4D97577C04,1,0,9,0,1,osmo1gzn6edx0r2mwavr4rxxzghumhyl77q68700v8f,genesis1gzn6edx0r2mwavr4rxxzghumhyl77q68gag24w,13190844108989402493637,ibc/F16FDC11A7662B86BC0B9CE61871CBACF7C20606F95E86260FD38915184B75B4,transfer/channel-253/el1,,channel-253,channel-1,connection-1539,1689,1.782220294844E9
64764510|1|0|0|9|1,1.782256572895E9,64764510,block_result,1,C4BF439E9CE177C97AD09E6F9E2A6A2A57BFE949B9C145B33D2D7D0F5AA36997,0,0,9,0,1,osmo1s6mdag35z5jn0xepmshunyp4dzg9mu3vh325gw,genesis1s6mdag35z5jn0xepmshunyp4dzg9mu3vprdj6f,215558573061924539051997,ibc/F16FDC11A7662B86BC0B9CE61871CBACF7C20606F95E86260FD38915184B75B4,transfer/channel-253/el1,,channel-253,channel-1,connection-1539,1690,1.782256604281E9
64611915|1|0|0|9|1,1.782081734862E9,64611915,block_result,1,45C909195268F9BABAB578098EA859636194E2FF4EBFFE7CED6FCB8289A4DD76,0,0,9,0,1,osmo1gzn6edx0r2mwavr4rxxzghumhyl77q68700v8f,genesis1gzn6edx0r2mwavr4rxxzghumhyl77q68gag24w,16813000000000000000000,ibc/F16FDC11A7662B86BC0B9CE61871CBACF7C20606F95E86260FD38915184B75B4,transfer/channel-253/el1,,channel-253,channel-1,connection-1539,1688,1.78208173835E9
64906017|1|2|0|9|1,1.782418841068E9,64906017,block_result,1,FEF3736C11479AD9834F1C9158B0C0B370EC43B7E74D016631CBA1755157C375,2,0,9,0,1,osmo1w5wehwhcma8ltrl62hfxxt8rx0eskr66d7rw4h,genesis1w5wehwhcma8ltrl62hfxxt8rx0eskr66mvyg8s,7661187369083307241478,ibc/F16FDC11A7662B86BC0B9CE61871CBACF7C20606F95E86260FD38915184B75B4,transfer/channel-253/el1,,channel-253,channel-1,connection-1539,1692,1.782418844622E9
64901247|1|0|0|9|1,1.782413346152E9,64901247,block_result,1,D2CFED58E51120A4EFD949CF96B229045A4F901679469D1E20FE3E376EA06454,0,0,9,0,1,osmo1w5wehwhcma8ltrl62hfxxt8rx0eskr66d7rw4h,genesis1w5wehwhcma8ltrl62hfxxt8rx0eskr66mvyg8s,191347310842974257916,ibc/F16FDC11A7662B86BC0B9CE61871CBACF7C20606F95E86260FD38915184B75B4,transfer/channel-253/el1,,channel-253,channel-1,connection-1539,1691,1.782413348574E9
8248442|1|6|0|7|1,1.676242159947E9,8248442,block_result,1,41E87047D11C3B9EFE630831D525CAB7EA5A1555DCEB96E378BFE9FBC2714371,6,0,7,0,1,osmo1hxatl0n9z3khvcw7nq97tx2mm50u7m97fl4h3y,genesis1hxatl0n9z3khvcw7nq97tx2mm50u7m97ldj3rr,3389127208340381827,ibc/F16FDC11A7662B86BC0B9CE61871CBACF7C20606F95E86260FD38915184B75B4,transfer/channel-253/el1,,channel-253,channel-1,connection-1539,1140,1.717472641390852E9
58720005|1|4|0|9|1,1.775469994123E9,58720005,block_result,1,11F43C2964BF7036B4B1F5C136F3D063BF20BAF1CD14E81E0A29CBFDFC0A689A,4,0,9,0,1,osmo16aypymlama0lk5s8c9s30s09eacpvwnav7ewjv,genesis16aypymlama0lk5s8c9s30s09eacpvwna6v7gqt,6720932045206198390859,ibc/F16FDC11A7662B86BC0B9CE61871CBACF7C20606F95E86260FD38915184B75B4,transfer/channel-253/el1,,channel-253,channel-1,connection-1539,1603,1.775470005032E9
58717435|1|3|0|9|1,1.775467105523E9,58717435,block_result,1,D1F0D3E717B137AB6CFB752091A6A4022F1363F3893592B7BD6B1304100DD8A0,3,0,9,0,1,osmo1jkqnk3lqlcrym4n2pp2h22eyjpjqyw63lhhjse,genesis1jkqnk3lqlcrym4n2pp2h22eyjpjqyw63f9s5z7,8641198343836540788,ibc/F16FDC11A7662B86BC0B9CE61871CBACF7C20606F95E86260FD38915184B75B4,transfer/channel-253/el1,,channel-253,channel-1,connection-1539,1602,1.77546715086E9
4838822|1|6|0|7|1,1.655843066544E9,4838822,block_result,1,CEB9C6647739831938B6EC057F60586097BD1A32D198DB5D159741D6DFEADC4E,6,0,7,0,1,osmo1can56au9nmwv8c942pz0jys4f685hjcwfssa99,genesis1can56au9nmwv8c942pz0jys4f685hjcwlzhmhz,15545612367392075159,ibc/F16FDC11A7662B86BC0B9CE61871CBACF7C20606F95E86260FD38915184B75B4,transfer/channel-253/el1,,channel-253,channel-1,connection-1539,321,1.717599488137E9
7642467|1|2|0|7|1,1.672810393501E9,7642467,block_result,1,EFFD42DB403D66E2C570FCF673BC53B64A8BE79C3819DE7137EDAF867202E794,2,0,7,0,1,osmo17dhdqlewlhcyl9uapw72g3pqufnqhtfdtwzp28,genesis17dhdqlewlhcyl9uapw72g3pqufnqhtfdau98cq,8280000000000000000000,ibc/F16FDC11A7662B86BC0B9CE61871CBACF7C20606F95E86260FD38915184B75B4,transfer/channel-253/el1,,channel-253,channel-1,connection-1539,1086,1.717490599806364E9
7642291|1|0|0|7|1,1.672809406263E9,7642291,block_result,1,960E5FBF4E1B395E9B738BA8C80A79A1E060FD0A31D3337F949B542F5E81F415,0,0,7,0,1,osmo17dhdqlewlhcyl9uapw72g3pqufnqhtfdtwzp28,genesis17dhdqlewlhcyl9uapw72g3pqufnqhtfdau98cq,20000000000000000000,ibc/F16FDC11A7662B86BC0B9CE61871CBACF7C20606F95E86260FD38915184B75B4,transfer/channel-253/el1,,channel-253,channel-1,connection-1539,1084,1.717490617568934E9
7639416|1|0|0|7|1,1.672793054829E9,7639416,block_result,1,65157798EAA92D5848BA8542FA3AA6FA51CD81F0E72AEDD5152FDB9DBC0498F4,0,0,7,0,1,osmo18nvzkc48042mkks8p98nk7dsrmzygsdqkqv4vx,genesis18nvzkc48042mkks8p98nk7dsrmzygsdqqjtn7p,4988145891269583843770,ibc/F16FDC11A7662B86BC0B9CE61871CBACF7C20606F95E86260FD38915184B75B4,transfer/channel-253/el1,,channel-253,channel-1,connection-1539,1081,1.71748728913748E9
7640665|1|1|0|7|1,1.672800137484E9,7640665,block_result,1,0A575763EE39C1317695DB649631B60DB87D30C1E8B23772696AB80368EB2211,1,0,7,0,1,osmo1v3um4h8ljp26frtjczzd0jse8gqhr82vxwvmrm,genesis1v3um4h8ljp26frtjczzd0jse8gqhr82vsuta3u,10000000000000000000000,ibc/F16FDC11A7662B86BC0B9CE61871CBACF7C20606F95E86260FD38915184B75B4,transfer/channel-253/el1,,channel-253,channel-1,connection-1539,1082,1.717490613024851E9
7642405|1|0|0|7|1,1.672810047154E9,7642405,block_result,1,E9DC63DDFE900C90F448034B7D3D597314EDC02A51EAB8A390827E061BBBAEDF,0,0,7,0,1,osmo1v3um4h8ljp26frtjczzd0jse8gqhr82vxwvmrm,genesis1v3um4h8ljp26frtjczzd0jse8gqhr82vsuta3u,33000000000000000000,ibc/F16FDC11A7662B86BC0B9CE61871CBACF7C20606F95E86260FD38915184B75B4,transfer/channel-253/el1,,channel-253,channel-1,connection-1539,1085,1.717490620862526E9
7640755|1|4|0|7|1,1.672800649698E9,7640755,block_result,1,39D27918830BACA1EE5866ABDDBE4F355BB971F64F6ED086D66ECA948DFC7CFB,4,0,7,0,1,osmo1v3um4h8ljp26frtjczzd0jse8gqhr82vxwvmrm,genesis1v3um4h8ljp26frtjczzd0jse8gqhr82vsuta3u,30000000000000000000000,ibc/F16FDC11A7662B86BC0B9CE61871CBACF7C20606F95E86260FD38915184B75B4,transfer/channel-253/el1,,channel-253,channel-1,connection-1539,1083,1.717490845425686E9
70074316|1|2|0|9|1,1.788760488599E9,70074316,block_result,1,821072FC0F7E17F000FD22D88A22FA82874BF43E3BEB8F74242F99A2B6CB71F7,2,0,9,0,1,osmo1zkewm35hqzve3xet3rhc0kmzeldxjf22fwq990,genesis16jjxucde476dvfq7shvh65t3w09q6ftz2xta3u,426146899793925208393,ibc/F16FDC11A7662B86BC0B9CE61871CBACF7C20606F95E86260FD38915184B75B4,transfer/channel-253/el1,,channel-253,channel-1,connection-1539,1974,1.788760493884E9
70074715|1|1|0|9|1,1.78876099971E9,70074715,block_result,1,96349DFA042434FD309078ED02F615C4324E1F49DD50DFEB895585B2BC576DCF,1,0,9,0,1,osmo1zkewm35hqzve3xet3rhc0kmzeldxjf22fwq990,genesis16jjxucde476dvfq7shvh65t3w09q6ftz2xta3u,425368056903237037099,ibc/F16FDC11A7662B86BC0B9CE61871CBACF7C20606F95E86260FD38915184B75B4,transfer/channel-253/el1,,channel-253,channel-1,connection-1539,1975,1.788761003286E9
70075313|1|0|0|9|1,1.788761769795E9,70075313,block_result,1,DBCADA7848920B24C9E3067F5C1FBC6DEA73DA81E802495079D9A4D3BED070B8,0,0,9,0,1,osmo1kchq6hwcxykm847jugaf5c6x7aqvz4k9rrcl2w,genesis1jk3v4z3v34vfdkjn7yvve7fwdf8acyr5tydw22,3647000000000000000000,ibc/F16FDC11A7662B86BC0B9CE61871CBACF7C20606F95E86260FD38915184B75B4,transfer/channel-253/el1,,channel-253,channel-1,connection-1539,1976,1.788761772837E9
70069319|1|1|0|9|1,1.788754044368E9,70069319,block_result,1,90B68E9BD65C614E3AB4A3D7CD8BF3EA0972B5C8F7B432B9BF2480DD5FC3F904,1,0,9,0,1,osmo1zkewm35hqzve3xet3rhc0kmzeldxjf22fwq990,genesis1zkewm35hqzve3xet3rhc0kmzeldxjf22lu8rhg,880870160504101664450,ibc/F16FDC11A7662B86BC0B9CE61871CBACF7C20606F95E86260FD38915184B75B4,transfer/channel-253/el1,,channel-253,channel-1,connection-1539,1971,1.788754048918E9
70069639|1|0|0|9|1,1.788754456295E9,70069639,block_result,1,DCDD75FF7C900D57643C54C200BFB736D57792295E97F6B3B52EE95D1DD91B31,0,0,9,0,1,osmo1zkewm35hqzve3xet3rhc0kmzeldxjf22fwq990,genesis1zkewm35hqzve3xet3rhc0kmzeldxjf22lu8rhg,436973117939214949535,ibc/F16FDC11A7662B86BC0B9CE61871CBACF7C20606F95E86260FD38915184B75B4,transfer/channel-253/el1,,channel-253,channel-1,connection-1539,1972,1.788754459055E9
70073557|1|1|0|9|1,1.78875951088E9,70073557,block_result,1,38D542861C9003785F42CF294D13D29B3BBB1D9D155B375C485DEB6DC00C370D,1,0,9,0,1,osmo1zkewm35hqzve3xet3rhc0kmzeldxjf22fwq990,genesis1zkewm35hqzve3xet3rhc0kmzeldxjf22lu8rhg,860694499581003408224,ibc/F16FDC11A7662B86BC0B9CE61871CBACF7C20606F95E86260FD38915184B75B4,transfer/channel-253/el1,,channel-253,channel-1,connection-1539,1973,1.788759515981E9
69707246|1|0|0|9|1,1.788276635699E9,69707246,block_result,1,ED0DA701C6035A327D1B12037F4E71C63BBFFB0452B64E3DB4EAFAA2B30F03DA,0,0,9,0,1,osmo1ag940t2gd4sn0wey7xgfjl83x2t5v62m6629pc,genesis107ff0tztguhn637e0jf3pjecs7kk333gaprfj3,3000000000000000000000,ibc/F16FDC11A7662B86BC0B9CE61871CBACF7C20606F95E86260FD38915184B75B4,transfer/channel-253/el1,,channel-253,channel-1,connection-1539,1960,1.788276638044E9
69699669|1|0|0|9|1,1.78826632007E9,69699669,block_result,1,5171AF78F46C27583A464F0E3F729D04BCEFDFBD7F5C15A973CD4BA9CD06059B,0,0,9,0,1,osmo1fzf64twva38ffsxnevp5eclnvp0cqmdc96fs2f,genesis1fzf64twva38ffsxnevp5eclnvp0cqmdcngwkcw,556329278256508433206,ibc/F16FDC11A7662B86BC0B9CE61871CBACF7C20606F95E86260FD38915184B75B4,transfer/channel-253/el1,,channel-253,channel-1,connection-1539,1958,1.788266325468E9
69696443|1|0|0|9|1,1.788261982985E9,69696443,block_result,1,AFB048942B149123F1D1D1E8C9547EEB69D6D29C20EF135FAE4BF475644AD681,0,0,9,0,1,osmo1kchq6hwcxykm847jugaf5c6x7aqvz4k9rrcl2w,genesis1jk3v4z3v34vfdkjn7yvve7fwdf8acyr5tydw22,2213000000000000000000,ibc/F16FDC11A7662B86BC0B9CE61871CBACF7C20606F95E86260FD38915184B75B4,transfer/channel-253/el1,,channel-253,channel-1,connection-1539,1956,1.788262063771E9
69706256|1|0|0|9|1,1.788275301727E9,69706256,block_result,1,24CA1E193C5B7C9552F8C8F048E122682521F0B663225D0CAA56B2E14DA361F7,0,0,9,0,1,osmo1kmkrh53dkzcczzer30jw8zalq473qxzsnde238,genesis1kmkrh53dkzcczzer30jw8zalq473qxzs9l7vrq,20975637645741720875,ibc/F16FDC11A7662B86BC0B9CE61871CBACF7C20606F95E86260FD38915184B75B4,transfer/channel-253/el1,,channel-253,channel-1,connection-1539,1959,1.788275304177E9
69685616|1|1|0|9|1,1.788247491301E9,69685616,block_result,1,573490F66B848C9E114AEABB7A957E29B9775152826DDFA475003CAB0B7D8593,1,0,9,0,1,osmo1qnlxnneluedfg3lusv8r36t5c0s4r2p0dlsn28,genesis1qnlxnneluedfg3lusv8r36t5c0s4r2p0mdh4cq,1000000000000000000,ibc/F16FDC11A7662B86BC0B9CE61871CBACF7C20606F95E86260FD38915184B75B4,transfer/channel-253/el1,,channel-253,channel-1,connection-1539,1954,1.788247493716E9
69696298|1|8|0|9|1,1.788261781357E9,69696298,block_result,1,F9C7E62800DDCCC323400D6F51DBE0F4703876FABAD40F0E09F14E74BA27DD06,8,0,9,0,1,osmo1srgysthmuqpw4f6qsrektu2glj59hz6lt44dyp,genesis1srgysthmuqpw4f6qsrektu2glj59hz6la8jtkx,10000000000000000000000,ibc/F16FDC11A7662B86BC0B9CE61871CBACF7C20606F95E86260FD38915184B75B4,transfer/channel-253/el1,,channel-253,channel-1,connection-1539,1955,1.788261786726E9
69696935|1|0|0|9|1,1.788262655754E9,69696935,block_result,1,BDB2AD73E2FE92BEB80F37813FC45A74395EFB9B8585F73855153CB02AD2E6B1,0,0,9,0,1,osmo1srgysthmuqpw4f6qsrektu2glj59hz6lt44dyp,genesis1srgysthmuqpw4f6qsrektu2glj59hz6la8jtkx,3500000000000000000000,ibc/F16FDC11A7662B86BC0B9CE61871CBACF7C20606F95E86260FD38915184B75B4,transfer/channel-253/el1,,channel-253,channel-1,connection-1539,1957,1.788262658285E9
8246574|1|5|0|7|1,1.676231760769E9,8246574,block_result,1,4DB25F0D9551624BB065C14368A3DA5CC8F2D45E74DA8EA1D0252ED767F44624,5,0,7,0,1,osmo1kllcrueu7lf3uy8v5hqsvt894khcy867zuhw30,genesis1kllcrueu7lf3uy8v5hqsvt894khcy8675wsgrg,54000000000000000000,ibc/F16FDC11A7662B86BC0B9CE61871CBACF7C20606F95E86260FD38915184B75B4,transfer/channel-253/el1,,channel-253,channel-1,connection-1539,1139,1.717472716870863E9
53468314|1|0|0|9|1,1.769092960789E9,53468314,block_result,1,70CADDFC0C1C5B18990210FEC3FA3D3CB2B03BA5BF30AB7DA7A118A5ECFC4DA8,0,0,9,0,1,osmo19w2t4ue7qpdh6022m3yxmxvv3w7jla7u3hfq0r,genesis19w2t4ue7qpdh6022m3yxmxvv3w7jla7u89wxay,82862488141587948864,ibc/F16FDC11A7662B86BC0B9CE61871CBACF7C20606F95E86260FD38915184B75B4,transfer/channel-253/el1,,channel-253,channel-1,connection-1539,1528,1.769092963367307E9
59101334|1|0|0|9|1,1.775898921635E9,59101334,block_result,1,5AD32009730EDE01F7E12E3A8D6DD897C62EA98CB27222AF6D1951B4055F8D45,0,0,9,0,1,osmo16aypymlama0lk5s8c9s30s09eacpvwnav7ewjv,genesis16aypymlama0lk5s8c9s30s09eacpvwna6v7gqt,2200000000000000000000,ibc/F16FDC11A7662B86BC0B9CE61871CBACF7C20606F95E86260FD38915184B75B4,transfer/channel-253/el1,,channel-253,channel-1,connection-1539,1607,1.775898927518E9
58520349|1|1|0|9|1,1.77524546612E9,58520349,block_result,1,AB60844DD038BEF624B17FCC4D6277426A80CAF18C000DC4A0CDE61313022F3E,1,0,9,0,1,osmo16aypymlama0lk5s8c9s30s09eacpvwnav7ewjv,genesis16aypymlama0lk5s8c9s30s09eacpvwna6v7gqt,8500000000000000000000,ibc/F16FDC11A7662B86BC0B9CE61871CBACF7C20606F95E86260FD38915184B75B4,transfer/channel-253/el1,,channel-253,channel-1,connection-1539,1601,1.775245469632E9
36723387|1|4|0|9|1,1.748644971975E9,36723387,block_result,1,48F5B1F1448778A424D5ABD1DC77DB5B4AA14438BC25B1AB650FAC8AE914209F,4,0,9,0,1,osmo16aypymlama0lk5s8c9s30s09eacpvwnav7ewjv,genesis1h4lx8cm0vnrrahjjfgsjp79jjnyspy6w7ehrxd,42360000000000000000000,ibc/F16FDC11A7662B86BC0B9CE61871CBACF7C20606F95E86260FD38915184B75B4,transfer/channel-253/el1,,channel-253,channel-1,connection-1539,1498,1.748644986645046E9
8888156|1|1|0|7|1,1.679871431219E9,8888156,block_result,1,1BDAA47E5BB84AA882621CF0881B353DDB3604FA9660B4D929813B51CCC510D9,1,0,7,0,1,osmo16aypymlama0lk5s8c9s30s09eacpvwnav7ewjv,genesis16aypymlama0lk5s8c9s30s09eacpvwna6v7gqt,10000000000000000000,ibc/F16FDC11A7662B86BC0B9CE61871CBACF7C20606F95E86260FD38915184B75B4,transfer/channel-253/el1,,channel-253,channel-1,connection-1539,1209,1.717455819490869E9
8884912|1|6|0|7|1,1.679852865888E9,8884912,block_result,1,A6A9806D29FA3205D78155AD6CF04017836F060BD6ACF7A9DF65CDF868C7AA98,6,0,7,0,1,osmo1uvnk984yhpw48jfu5srvsrqdt03kkvlcjqx8x5,genesis1uvnk984yhpw48jfu5srvsrqdt03kkvlcyjpp5n,38063145667347170672,ibc/F16FDC11A7662B86BC0B9CE61871CBACF7C20606F95E86260FD38915184B75B4,transfer/channel-253/el1,,channel-253,channel-1,connection-1539,1208,1.717456117301269E9
70449732|1|0|0|9|1,1.78924819872E9,70449732,block_result,1,38BCC06300229EE5737F3C0D4AC28EAC8EFB715972E7EFA2AD1BF0310A64BAFB,0,0,9,0,1,osmo1c4gf4m92zxachuywrttymahyr63wdwp6k3p7j5,genesis1c4gf4m92zxachuywrttymahyr63wdwp6qrxcqn,49856339364797813336,ibc/F16FDC11A7662B86BC0B9CE61871CBACF7C20606F95E86260FD38915184B75B4,transfer/channel-253/el1,,channel-253,channel-1,connection-1539,1980,1.789248202029E9
33924500|1|1|0|9|1,1.74509100513E9,33924500,block_result,1,1A793A5E7FE0047206066DA2DFC54BF5416E708FB50364849BDD2994D665D770,1,0,9,0,1,osmo1tlan9udzf8ud5xjgcyl7w293yjmnkz5mgdj7vd,genesis1tlan9udzf8ud5xjgcyl7w293yjmnkz5m7l4c72,1000000000000000000,ibc/F16FDC11A7662B86BC0B9CE61871CBACF7C20606F95E86260FD38915184B75B4,transfer/channel-253/el1,,channel-253,channel-1,connection-1539,1459,1.745091068637118E9
33924589|1|1|0|9|1,1.745091118527E9,33924589,block_result,1,696EA5CE56581AD5F6E61950D8F11CC367E8F683167EEE554330DE12BF8F227D,1,0,9,0,1,osmo1tlan9udzf8ud5xjgcyl7w293yjmnkz5mgdj7vd,genesis1tlan9udzf8ud5xjgcyl7w293yjmnkz5m7l4c72,182006362263598574089363,ibc/F16FDC11A7662B86BC0B9CE61871CBACF7C20606F95E86260FD38915184B75B4,transfer/channel-253/el1,,channel-253,channel-1,connection-1539,1460,1.745091188398135E9
33930496|1|0|0|9|1,1.745098754931E9,33930496,block_result,1,932F54915AC5A5DF43A9D2BD115D59AF2A4FB2990D22AD9F7C59483CBF98A262,0,0,9,0,1,osmo1wfw3cdg5uvt0r5lawxr300lpthj48wx23f9y2q,genesis1wfw3cdg5uvt0r5lawxr300lpthj48wx28mzzc8,194329198030000000000,ibc/F16FDC11A7662B86BC0B9CE61871CBACF7C20606F95E86260FD38915184B75B4,transfer/channel-253/el1,,channel-253,channel-1,connection-1539,1461,1.745098804632376E9
58453129|1|0|0|9|1,1.775170000453E9,58453129,block_result,1,EB0A4BD8F44A3C54D89C87CEF17F961955AD0040C16A183F496DC7C736D5613B,0,0,9,0,1,osmo16aypymlama0lk5s8c9s30s09eacpvwnav7ewjv,genesis16aypymlama0lk5s8c9s30s09eacpvwna6v7gqt,1400000000000000000000,ibc/F16FDC11A7662B86BC0B9CE61871CBACF7C20606F95E86260FD38915184B75B4,transfer/channel-253/el1,,channel-253,channel-1,connection-1539,1599,1.775170003952E9
58456351|1|0|0|9|1,1.775173601655E9,58456351,block_result,1,42D7C1C88E7824FA4E645818D127B17B2B2B47BD8B0AED564C0252DFF9F249AF,0,0,9,0,1,osmo1ra29cefg3af66elcj0c60q3n9kc97wrar3xfx9,genesis1ra29cefg3af66elcj0c60q3n9kc97wra4rp05z,3412963907646942023,ibc/F16FDC11A7662B86BC0B9CE61871CBACF7C20606F95E86260FD38915184B75B4,transfer/channel-253/el1,,channel-253,channel-1,connection-1539,1600,1.775173606868E9
7685952|1|0|0|7|1,1.673057390195E9,7685952,block_result,1,1B7EA967082CA6F93E11EE017FD3CA3618FFAAD09676B5E6009F4D7BEE6BD260,0,0,7,0,1,osmo1934qwv8eamfpufjucv74wpunw9tduftudkjvtd,genesis1934qwv8eamfpufjucv74wpunw9tduftumy42e2,15098048479016036428,ibc/F16FDC11A7662B86BC0B9CE61871CBACF7C20606F95E86260FD38915184B75B4,transfer/channel-253/el1,,channel-253,channel-1,connection-1539,1092,1.717489665943803E9
7696396|1|2|0|7|1,1.673116906344E9,7696396,block_result,1,389C933D3257A5E31F68ACBA1013096538A0AEB5C5C4C0C07ABC9423184452A6,2,0,7,0,1,osmo1nmx6m0ax89t3lgl3xmyjmt6nxjdq4kxfl46exf,genesis1nmx6m0ax89t3lgl3xmyjmt6nxjdq4kxff8al5w,32000000000000000000000,ibc/F16FDC11A7662B86BC0B9CE61871CBACF7C20606F95E86260FD38915184B75B4,transfer/channel-253/el1,,channel-253,channel-1,connection-1539,1094,1.717488551177485E9
7696025|1|0|0|7|1,1.673114811308E9,7696025,block_result,1,5CE5FBB1248C69B1103B09CFCDCC989F04657A705EAD642B083D8CC8C27A7D2F,0,0,7,0,1,osmo1nmx6m0ax89t3lgl3xmyjmt6nxjdq4kxfl46exf,genesis1nmx6m0ax89t3lgl3xmyjmt6nxjdq4kxff8al5w,32132000000000000000000,ibc/F16FDC11A7662B86BC0B9CE61871CBACF7C20606F95E86260FD38915184B75B4,transfer/channel-253/el1,,channel-253,channel-1,connection-1539,1093,1.717488636504518E9
7685645|1|0|0|7|1,1.673055663927E9,7685645,block_result,1,89BC04C42466E19899C84F3C292044236D64022928171B9988EF95980B96EE55,0,0,7,0,1,osmo1nmx6m0ax89t3lgl3xmyjmt6nxjdq4kxfl46exf,genesis1nmx6m0ax89t3lgl3xmyjmt6nxjdq4kxff8al5w,88961000000000000000000,ibc/F16FDC11A7662B86BC0B9CE61871CBACF7C20606F95E86260FD38915184B75B4,transfer/channel-253/el1,,channel-253,channel-1,connection-1539,1091,1.717486724988198E9
7627272|1|51|0|7|1,1.672723424578E9,7627272,block_result,1,19E307A456F91F960CC6CE676219BDEF7E45219DD11B9FE24C2C857774E3DD9B,51,0,7,0,1,osmo163ndtplrrpkh2faf2c0y6t9v86llx86q6spzwl,genesis163ndtplrrpkh2faf2c0y6t9v86llx86qvzxyuc,19831031868630696,ibc/F16FDC11A7662B86BC0B9CE61871CBACF7C20606F95E86260FD38915184B75B4,transfer/channel-253/el1,,channel-253,channel-1,connection-1539,1079,1.71748756105729E9
7636035|1|4|0|7|1,1.672773735661E9,7636035,block_result,1,92FC2FB22DC4EAB540BBD3DB9A5A4E5C8FEA3467545F2F1BE526FA1AB6DA3086,4,0,7,0,1,osmo1mqdf65nh8e5gpjsl8hegw5ma29qp42u4yfaju3,genesis1mqdf65nh8e5gpjsl8hegw5ma29qp42u4jm65wk,10999869999999870000,ibc/F16FDC11A7662B86BC0B9CE61871CBACF7C20606F95E86260FD38915184B75B4,transfer/channel-253/el1,,channel-253,channel-1,connection-1539,1080,1.71748730469573E9
62235238|1|0|0|9|1,1.77944598228E9,62235238,block_result,1,AFDCC58E3A4943A02AD1CC8B77EB0983259D5B6CDF8D29E9D6FC668C328F2A40,0,0,9,0,1,osmo1nzgxusarw7tn3w9pz9mtxplwu8jnwrhlgkppxv,genesis1nzgxusarw7tn3w9pz9mtxplwu8jnwrhl7yx85t,4000000000000000000000,ibc/F16FDC11A7662B86BC0B9CE61871CBACF7C20606F95E86260FD38915184B75B4,transfer/channel-253/el1,,channel-253,channel-1,connection-1539,1641,1.779445984543E9
62235328|1|0|0|9|1,1.779446082606E9,62235328,block_result,1,5E032F37E4B29C7172EBC50E7BCD39EEB67506020D41001D32F52E7E360C3F5A,0,0,9,0,1,osmo1nzgxusarw7tn3w9pz9mtxplwu8jnwrhlgkppxv,genesis1nzgxusarw7tn3w9pz9mtxplwu8jnwrhl7yx85t,1000000000000000000000,ibc/F16FDC11A7662B86BC0B9CE61871CBACF7C20606F95E86260FD38915184B75B4,transfer/channel-253/el1,,channel-253,channel-1,connection-1539,1642,1.779446086111E9
62234891|1|0|0|9|1,1.779445600252E9,62234891,block_result,1,DEB01306ECBB2C815BF2ED89931F8519E74BAC4227C61675E690867FFD32F6DF,0,0,9,0,1,osmo1nzgxusarw7tn3w9pz9mtxplwu8jnwrhlgkppxv,genesis1nzgxusarw7tn3w9pz9mtxplwu8jnwrhl7yx85t,1000000000000000000000,ibc/F16FDC11A7662B86BC0B9CE61871CBACF7C20606F95E86260FD38915184B75B4,transfer/channel-253/el1,,channel-253,channel-1,connection-1539,1640,1.779445602463E9
62234401|1|0|0|9|1,1.779445060081E9,62234401,block_result,1,6B3A980C8A6E740D75237D7D9D4DA6BEEFF69E6B31CF9B2A1B51E9B3FB899647,0,0,9,0,1,osmo1nzgxusarw7tn3w9pz9mtxplwu8jnwrhlgkppxv,genesis1nzgxusarw7tn3w9pz9mtxplwu8jnwrhl7yx85t,2000000000000000000000,ibc/F16FDC11A7662B86BC0B9CE61871CBACF7C20606F95E86260FD38915184B75B4,transfer/channel-253/el1,,channel-253,channel-1,connection-1539,1639,1.779445062156E9
62235341|1|0|0|9|1,1.779446097696E9,62235341,block_result,1,60D7B1EF02C2E3604A926B6ECA00ACD6F9742B1D1C565F0BB00F82234ADF394A,0,0,9,0,1,osmo1nzgxusarw7tn3w9pz9mtxplwu8jnwrhlgkppxv,genesis1nzgxusarw7tn3w9pz9mtxplwu8jnwrhl7yx85t,1000000000000000000000,ibc/F16FDC11A7662B86BC0B9CE61871CBACF7C20606F95E86260FD38915184B75B4,transfer/channel-253/el1,,channel-253,channel-1,connection-1539,1643,1.779446099725E9
36350685|1|2|0|9|1,1.748171678298E9,36350685,block_result,1,58E68FEA366BEEECF41DE181EA0E4A7F08BE4D436C02937D93B9D86681867D15,2,0,9,0,1,osmo16aypymlama0lk5s8c9s30s09eacpvwnav7ewjv,genesis16aypymlama0lk5s8c9s30s09eacpvwna6v7gqt,14000000000000000000000,ibc/F16FDC11A7662B86BC0B9CE61871CBACF7C20606F95E86260FD38915184B75B4,transfer/channel-253/el1,,channel-253,channel-1,connection-1539,1496,1.748171681183944E9
8834404|1|0|0|7|1,1.679564455774E9,8834404,block_result,1,C478F6B461D99DCBEAD8369A92D8CC7E7314FA38DA8C7C6897CAEC0AC2BEA35B,0,0,7,0,1,osmo1s8nzgwexdz8laux65600tkq6mq8pr6h5tftmat,genesis1s8nzgwexdz8laux65600tkq6mq8pr6h5amva0v,100000000,ibc/F16FDC11A7662B86BC0B9CE61871CBACF7C20606F95E86260FD38915184B75B4,transfer/channel-253/el1,,channel-253,channel-1,connection-1539,1200,1.717457418134583E9
53934617|1|1|0|9|1,1.769612611462E9,53934617,block_result,1,C5F1609F23CE8208BB0FC2734F2D48C4A206B6086D956564526787A08B0ACDD8,1,0,9,0,1,osmo16aypymlama0lk5s8c9s30s09eacpvwnav7ewjv,genesis16aypymlama0lk5s8c9s30s09eacpvwna6v7gqt,7860000000000000000000,ibc/F16FDC11A7662B86BC0B9CE61871CBACF7C20606F95E86260FD38915184B75B4,transfer/channel-253/el1,,channel-253,channel-1,connection-1539,1540,1.76961261408102E9
53942789|1|0|0|9|1,1.769621966175E9,53942789,block_result,1,3D07DDE9811316DECAFD1CE36B6611D170AD7951B19748B0BB65134F7F2AD62D,0,0,9,0,1,osmo1tlan9udzf8ud5xjgcyl7w293yjmnkz5mgdj7vd,genesis1tlan9udzf8ud5xjgcyl7w293yjmnkz5m7l4c72,52134000000000000000000,ibc/F16FDC11A7662B86BC0B9CE61871CBACF7C20606F95E86260FD38915184B75B4,transfer/channel-253/el1,,channel-253,channel-1,connection-1539,1541,1.769621968648701E9
53954296|1|0|0|9|1,1.769637512626E9,53954296,block_result,1,74C14E276E76CB18B469A6041B392D9721D7B87A98B1069131A41AF32EBA2C55,0,0,9,0,1,osmo1tlan9udzf8ud5xjgcyl7w293yjmnkz5mgdj7vd,genesis1tlan9udzf8ud5xjgcyl7w293yjmnkz5m7l4c72,18538685721458570387565,ibc/F16FDC11A7662B86BC0B9CE61871CBACF7C20606F95E86260FD38915184B75B4,transfer/channel-253/el1,,channel-253,channel-1,connection-1539,1542,1.769637518030976E9
53917231|1|1|0|9|1,1.769593039066E9,53917231,block_result,1,A3A016FFDFAA13F2BA18E9B8A07B102B715FB8DBFBC65C52153D828B49F5E157,1,0,9,0,1,osmo1xfw0gcw74pvmh7n2ttt5wcdmyjqk9g7x3l9vp8,genesis1xfw0gcw74pvmh7n2ttt5wcdmyjqk9g7x8dz2nq,9682050156481529584132,ibc/F16FDC11A7662B86BC0B9CE61871CBACF7C20606F95E86260FD38915184B75B4,transfer/channel-253/el1,,channel-253,channel-1,connection-1539,1539,1.769593041850689E9
29277760|1|0|0|9|1,1.739100643331E9,29277760,block_result,1,3715220830996E91C29E2B6750ABA601E7661F2BA5C1CD73AAA7041B7FBC97E8,0,0,9,0,1,osmo16aypymlama0lk5s8c9s30s09eacpvwnav7ewjv,genesis1h4lx8cm0vnrrahjjfgsjp79jjnyspy6w7ehrxd,16180000000000000000000,ibc/F16FDC11A7662B86BC0B9CE61871CBACF7C20606F95E86260FD38915184B75B4,transfer/channel-253/el1,,channel-253,channel-1,connection-1539,1425,1.739100646084412E9
29282065|1|1|0|9|1,1.739106233303E9,29282065,block_result,1,4880A25E79E082C2668EEC589B6159207D84CD8CCE215AA785BD21AEB1247ED5,1,0,9,0,1,osmo16aypymlama0lk5s8c9s30s09eacpvwnav7ewjv,genesis1jat7656rxza99sr3a5lg5dlkvw0t55vtfc3sqm,300000000000000000000,ibc/F16FDC11A7662B86BC0B9CE61871CBACF7C20606F95E86260FD38915184B75B4,transfer/channel-253/el1,,channel-253,channel-1,connection-1539,1426,1.739106235850098E9
29283680|1|0|0|9|1,1.739108348397E9,29283680,block_result,1,5A43B7B5DC5B34E4DDC156C5E5184F56B3862D51398271775CA034E4DAEB6CDB,0,0,9,0,1,osmo16aypymlama0lk5s8c9s30s09eacpvwnav7ewjv,genesis1u47h9qyxufvrgf27hqhu66j092as9upjr5dy4f,250000000000000000000,ibc/F16FDC11A7662B86BC0B9CE61871CBACF7C20606F95E86260FD38915184B75B4,transfer/channel-253/el1,,channel-253,channel-1,connection-1539,1427,1.739108351210644E9
59447214|1|0|0|9|1,1.776285466799E9,59447214,block_result,1,85B55902B7BF3EBD552108D48621AC4F74B2D0E59C2B266363E64DC456F6765B,0,0,9,0,1,osmo1yaaemqhc8776gxy0e2l53nrw6dmewd7sfa82vg,genesis1yaaemqhc8776gxy0e2l53nrw6dmewd7sl0qv70,4205373245186903813101,ibc/F16FDC11A7662B86BC0B9CE61871CBACF7C20606F95E86260FD38915184B75B4,transfer/channel-253/el1,,channel-253,channel-1,connection-1539,1609,1.776285469042E9
67953232|1|3|0|9|1,1.7860261191E9,67953232,block_result,1,A108A497FF912F3DDA2EBB44A9AB9E07A7917BCF0AFB3570722B36A71FA3AF33,3,0,9,0,1,osmo182lpnqqq0umc07hut7xp7j23k32ss3pa9pltx0,genesis182lpnqqq0umc07hut7xp7j23k32ss3panncd5g,3273600239875936543003,ibc/F16FDC11A7662B86BC0B9CE61871CBACF7C20606F95E86260FD38915184B75B4,transfer/channel-253/el1,,channel-253,channel-1,connection-1539,1904,1.78602612428E9
67974402|1|0|0|9|1,1.786052725887E9,67974402,block_result,1,070A641119313451F4D5C165105AD23A05D13C8A393ABE38475ADFE5AE878C4C,0,0,9,0,1,osmo1kchq6hwcxykm847jugaf5c6x7aqvz4k9rrcl2w,genesis1jk3v4z3v34vfdkjn7yvve7fwdf8acyr5tydw22,6368000000000000000000,ibc/F16FDC11A7662B86BC0B9CE61871CBACF7C20606F95E86260FD38915184B75B4,transfer/channel-253/el1,,channel-253,channel-1,connection-1539,1905,1.786052731136E9
67974549|1|1|0|9|1,1.786052911059E9,67974549,block_result,1,F01B7DF88EAB8A152C6DE1D187606DCDE4CFB252B606F15DF5BF2456C3D1A8EE,1,0,9,0,1,osmo1kchq6hwcxykm847jugaf5c6x7aqvz4k9rrcl2w,genesis1jk3v4z3v34vfdkjn7yvve7fwdf8acyr5tydw22,2922000000000000000000,ibc/F16FDC11A7662B86BC0B9CE61871CBACF7C20606F95E86260FD38915184B75B4,transfer/channel-253/el1,,channel-253,channel-1,connection-1539,1906,1.786052916112E9
67934510|1|0|0|9|1,1.786002443821E9,67934510,block_result,1,5B562208322EDC8E59010FB8A3D9624A00462721B504C4352C74E862FC90F91E,0,0,9,0,1,osmo1srgysthmuqpw4f6qsrektu2glj59hz6lt44dyp,genesis1srgysthmuqpw4f6qsrektu2glj59hz6la8jtkx,724845399807975311990,ibc/F16FDC11A7662B86BC0B9CE61871CBACF7C20606F95E86260FD38915184B75B4,transfer/channel-253/el1,,channel-253,channel-1,connection-1539,1902,1.786002449073E9
67952066|1|0|0|9|1,1.786024656873E9,67952066,block_result,1,1C8B6053FD195AA05552C8BE9C81377657D37F49607BEE95B97B26C36F6E75E5,0,0,9,0,1,osmo1srgysthmuqpw4f6qsrektu2glj59hz6lt44dyp,genesis1srgysthmuqpw4f6qsrektu2glj59hz6la8jtkx,2770068762983621221831,ibc/F16FDC11A7662B86BC0B9CE61871CBACF7C20606F95E86260FD38915184B75B4,transfer/channel-253/el1,,channel-253,channel-1,connection-1539,1903,1.786024660394E9
67934295|1|0|0|9|1,1.786002170166E9,67934295,block_result,1,B853A7A51A8BC44D293DD906664A99A3333998CEE1646CD0D1C97A89E2D2BB59,0,0,9,0,1,osmo1srgysthmuqpw4f6qsrektu2glj59hz6lt44dyp,genesis1srgysthmuqpw4f6qsrektu2glj59hz6la8jtkx,1391158885538947473005,ibc/F16FDC11A7662B86BC0B9CE61871CBACF7C20606F95E86260FD38915184B75B4,transfer/channel-253/el1,,channel-253,channel-1,connection-1539,1901,1.786002174046E9
36515182|1|4|0|9|1,1.748380550567E9,36515182,block_result,1,EBF330DD8E4EEE46D85A9CDBC294305ED802CA899F671A05A2D6180C9729E5F6,4,0,9,0,1,osmo16aypymlama0lk5s8c9s30s09eacpvwnav7ewjv,genesis16aypymlama0lk5s8c9s30s09eacpvwna6v7gqt,25000000000000000000000,ibc/F16FDC11A7662B86BC0B9CE61871CBACF7C20606F95E86260FD38915184B75B4,transfer/channel-253/el1,,channel-253,channel-1,connection-1539,1497,1.748380553327129E9
67459575|1|0|0|9|1,1.785414880705E9,67459575,block_result,1,7EFB27AE84B706515395F54DF4397CE703E7977814488F7D876C732EF9F5CCB6,0,0,9,0,1,osmo1ag940t2gd4sn0wey7xgfjl83x2t5v62m6629pc,genesis107ff0tztguhn637e0jf3pjecs7kk333gaprfj3,6300000000000000000000,ibc/F16FDC11A7662B86BC0B9CE61871CBACF7C20606F95E86260FD38915184B75B4,transfer/channel-253/el1,,channel-253,channel-1,connection-1539,1857,1.785414883953E9
67490871|1|0|0|9|1,1.785453185438E9,67490871,block_result,1,F18B8B6288E7D6EDE37A96300C4BF5AEED920AF1E0782212271A0E30DAF071B7,0,0,9,0,1,osmo16aypymlama0lk5s8c9s30s09eacpvwnav7ewjv,genesis16aypymlama0lk5s8c9s30s09eacpvwna6v7gqt,346410446586668110124,ibc/F16FDC11A7662B86BC0B9CE61871CBACF7C20606F95E86260FD38915184B75B4,transfer/channel-253/el1,,channel-253,channel-1,connection-1539,1866,1.785453187754E9
67483256|1|0|0|9|1,1.785443856007E9,67483256,block_result,1,ADAC2AD64722AAADEA5EF00108554F2AA984CA988F73C7FCC4D4FA70C8A984C2,0,0,9,0,1,osmo1ah8nl8yh7j3fg9e8rcqr70g5r2u7rwv7cjpefg,genesis1ah8nl8yh7j3fg9e8rcqr70g5r2u7rwv7wqxlm0,14875403099716443729,ibc/F16FDC11A7662B86BC0B9CE61871CBACF7C20606F95E86260FD38915184B75B4,transfer/channel-253/el1,,channel-253,channel-1,connection-1539,1861,1.785443858536E9
67454857|1|1|0|9|1,1.785409142478E9,67454857,block_result,1,B5617B2324CC68AEE07C83D22A86118AAC2F13DA25DCFD3D42557D21160050BF,1,0,9,0,1,osmo1asx3wef40k62f5lj03namrfq6gzgrlrm060cr6,genesis1asx3wef40k62f5lj03namrfq6gzgrlrmegg73a,39491403153379446489887,ibc/F16FDC11A7662B86BC0B9CE61871CBACF7C20606F95E86260FD38915184B75B4,transfer/channel-253/el1,,channel-253,channel-1,connection-1539,1853,1.785409144861E9
67478423|1|2|0|9|1,1.785437974147E9,67478423,block_result,1,02F39094C7796889163E58DAADBB97241D43578E417C46F75E1B4C911D2CFCE4,2,0,9,0,1,osmo12wgfhlj6xd9lnnp564kdetsgf4jark9cszx07u,genesis1fnurwwfpjv0sm0hqevt9w525ye8nhlhc5mgp6k,10000000000000000000,ibc/F16FDC11A7662B86BC0B9CE61871CBACF7C20606F95E86260FD38915184B75B4,transfer/channel-253/el1,,channel-253,channel-1,connection-1539,1859,1.785437979671E9
67484326|1|0|0|9|1,1.785445211347E9,67484326,block_result,1,96FBC64F68A616C6C0D81AC8CCF09B054DFEC12049181489FCAB77686007212F,0,0,9,0,1,osmo1jmk7se8zcswaqnudtsfmuka7xl0267njdpxack,genesis1qcdcxd0p6gzzjawyakzfjsenf0g8ldgydmjt36,6014000000000000000000,ibc/F16FDC11A7662B86BC0B9CE61871CBACF7C20606F95E86260FD38915184B75B4,transfer/channel-253/el1,,channel-253,channel-1,connection-1539,1864,1.785445213613E9
67479644|1|0|0|9|1,1.785439458283E9,67479644,block_result,1,A3004F1EEC8D4F285C646CB37445708DD9564F771C20A3C62B072EB8C719E9DF,0,0,9,0,1,osmo12wgfhlj6xd9lnnp564kdetsgf4jark9cszx07u,genesis1rauj88e8ew7f8clvlsmse5wvc3j6hurhnarvsd,5000000000000000000,ibc/F16FDC11A7662B86BC0B9CE61871CBACF7C20606F95E86260FD38915184B75B4,transfer/channel-253/el1,,channel-253,channel-1,connection-1539,1860,1.78543946342E9
67458530|1|0|0|9|1,1.785413606762E9,67458530,block_result,1,9F8A89955BA52A360AE8F7641621B2A1472BC90180567A4DABDC41F6C74BCCBC,0,0,9,0,1,osmo1srgysthmuqpw4f6qsrektu2glj59hz6lt44dyp,genesis1srgysthmuqpw4f6qsrektu2glj59hz6la8jtkx,1563176992145754912459,ibc/F16FDC11A7662B86BC0B9CE61871CBACF7C20606F95E86260FD38915184B75B4,transfer/channel-253/el1,,channel-253,channel-1,connection-1539,1855,1.785413610294E9
67483338|1|0|0|9|1,1.785443958217E9,67483338,block_result,1,8C4C23E75984A91E2B60A20573C34BF2C014BD41C49B1B0F8DCE3EB2FA16DCAC,0,0,9,0,1,osmo1srgysthmuqpw4f6qsrektu2glj59hz6lt44dyp,genesis1srgysthmuqpw4f6qsrektu2glj59hz6la8jtkx,787284389679758524713,ibc/F16FDC11A7662B86BC0B9CE61871CBACF7C20606F95E86260FD38915184B75B4,transfer/channel-253/el1,,channel-253,channel-1,connection-1539,1862,1.785443960885E9
67457790|1|0|0|9|1,1.78541270617E9,67457790,block_result,1,D959D9408016C7CA63925288E75AE51D730D493CDA9625A377594729D3EAE335,0,0,9,0,1,osmo1srgysthmuqpw4f6qsrektu2glj59hz6lt44dyp,genesis1srgysthmuqpw4f6qsrektu2glj59hz6la8jtkx,1084749439824072188660,ibc/F16FDC11A7662B86BC0B9CE61871CBACF7C20606F95E86260FD38915184B75B4,transfer/channel-253/el1,,channel-253,channel-1,connection-1539,1854,1.785412709093E9
67483530|1|0|0|9|1,1.785444188785E9,67483530,block_result,1,CCAF7CF54DCD37EF77112813A96CF667B9B8C063FBED62056CE6443AC2B3BAAE,0,0,9,0,1,osmo1srgysthmuqpw4f6qsrektu2glj59hz6lt44dyp,genesis1srgysthmuqpw4f6qsrektu2glj59hz6la8jtkx,1428196692600084146703,ibc/F16FDC11A7662B86BC0B9CE61871CBACF7C20606F95E86260FD38915184B75B4,transfer/channel-253/el1,,channel-253,channel-1,connection-1539,1863,1.78544419219E9
67490792|1|0|0|9|1,1.785453087711E9,67490792,block_result,1,04C21480D70EBBC2B9711592BA1369090A75C745996CA4E31C971804DA809462,0,0,9,0,1,osmo1srgysthmuqpw4f6qsrektu2glj59hz6lt44dyp,genesis1srgysthmuqpw4f6qsrektu2glj59hz6la8jtkx,757317469228257566876,ibc/F16FDC11A7662B86BC0B9CE61871CBACF7C20606F95E86260FD38915184B75B4,transfer/channel-253/el1,,channel-253,channel-1,connection-1539,1865,1.785453090287E9
67459340|1|0|0|9|1,1.785414593611E9,67459340,block_result,1,BE5AF680BF36038AC20302534A7FDAEFBA1CB7C45A10BA549F35CAAA2A1493F5,0,0,9,0,1,osmo1srgysthmuqpw4f6qsrektu2glj59hz6lt44dyp,genesis1srgysthmuqpw4f6qsrektu2glj59hz6la8jtkx,721289062188073078390,ibc/F16FDC11A7662B86BC0B9CE61871CBACF7C20606F95E86260FD38915184B75B4,transfer/channel-253/el1,,channel-253,channel-1,connection-1539,1856,1.78541459711E9
67474838|1|0|0|9|1,1.785433615692E9,67474838,block_result,1,0FF6BC1BF78806A2C2BD9272CA76F0A1F1FE3F76CBBEBD916AE5A9F8CB05A2E9,0,0,9,0,1,osmo1srgysthmuqpw4f6qsrektu2glj59hz6lt44dyp,genesis1srgysthmuqpw4f6qsrektu2glj59hz6la8jtkx,609573004038105129258,ibc/F16FDC11A7662B86BC0B9CE61871CBACF7C20606F95E86260FD38915184B75B4,transfer/channel-253/el1,,channel-253,channel-1,connection-1539,1858,1.785433617946E9
67492964|1|0|0|9|1,1.785455728061E9,67492964,block_result,1,860363B59FC7AD8AE3EFA0FF5DC4108D5B3F9C79BE94E859AB7E2736DE74B73C,0,0,9,0,1,osmo1srgysthmuqpw4f6qsrektu2glj59hz6lt44dyp,genesis1srgysthmuqpw4f6qsrektu2glj59hz6la8jtkx,2670163779612994884017,ibc/F16FDC11A7662B86BC0B9CE61871CBACF7C20606F95E86260FD38915184B75B4,transfer/channel-253/el1,,channel-253,channel-1,connection-1539,1867,1.785455730409E9
8849047|1|13|0|7|1,1.679647985651E9,8849047,block_result,1,663CD066323B93DEDB1ED7B0EB33AE84A8A2D4D50F4039FFAF7BA88AD68D603F,13,0,7,0,1,osmo1s8nzgwexdz8laux65600tkq6mq8pr6h5tftmat,genesis1s8nzgwexdz8laux65600tkq6mq8pr6h5amva0v,2142431406078733268477,ibc/F16FDC11A7662B86BC0B9CE61871CBACF7C20606F95E86260FD38915184B75B4,transfer/channel-253/el1,,channel-253,channel-1,connection-1539,1201,1.717456682057042E9
8849751|1|0|0|7|1,1.679651993172E9,8849751,block_result,1,FB46EFF9C7E06A392E4A04CB26DD6ACE523844566258B9E20F1AF651D22745D8,0,0,7,0,1,osmo1s8nzgwexdz8laux65600tkq6mq8pr6h5tftmat,genesis1s8nzgwexdz8laux65600tkq6mq8pr6h5amva0v,69252676332343105895,ibc/F16FDC11A7662B86BC0B9CE61871CBACF7C20606F95E86260FD38915184B75B4,transfer/channel-253/el1,,channel-253,channel-1,connection-1539,1202,1.717456947790391E9
8853196|1|0|0|7|1,1.679671653964E9,8853196,block_result,1,454AFEA33F5A8B58D04BCCFB65FB0397AE57ED677ACF04906EA0501560ED94E3,0,0,7,0,1,osmo1uvnk984yhpw48jfu5srvsrqdt03kkvlcjqx8x5,genesis1uvnk984yhpw48jfu5srvsrqdt03kkvlcyjpp5n,114784428237470926397,ibc/F16FDC11A7662B86BC0B9CE61871CBACF7C20606F95E86260FD38915184B75B4,transfer/channel-253/el1,,channel-253,channel-1,connection-1539,1204,1.717456939155168E9
8857828|1|4|0|7|1,1.679698523909E9,8857828,block_result,1,3507CABC56CF1DC9498A968CF0A6A8C4178F5CBFB640B34667A56FC73E8F6654,4,0,7,0,1,osmo1ux3j2h446q9yf5dvsw4mwa5fnf07ja9v7hnlwd,genesis1ux3j2h446q9yf5dvsw4mwa5fnf07ja9vg95eu2,106536349062260622559,ibc/F16FDC11A7662B86BC0B9CE61871CBACF7C20606F95E86260FD38915184B75B4,transfer/channel-253/el1,,channel-253,channel-1,connection-1539,1205,1.717456658264106E9
8851176|1|2|0|7|1,1.679660122288E9,8851176,block_result,1,DAAD2A33CB57DFAE527C4DAD02D51BF952610E860D8DE245F4A67698AF43850A,2,0,7,0,1,osmo1vgu6mpatup4hsyt463mdkac4a6n7qh30laksq4,genesis1vgu6mpatup4hsyt463mdkac4a6n7qh30f03kjj,2800323956369080169,ibc/F16FDC11A7662B86BC0B9CE61871CBACF7C20606F95E86260FD38915184B75B4,transfer/channel-253/el1,,channel-253,channel-1,connection-1539,1203,1.717457261791996E9
39163341|1|1|0|9|1,1.751710549849E9,39163341,block_result,1,D6705AE7CFCECF5A6F38E160E3B17216C24CA3C4515C352F72A769A91EFB9C16,1,0,9,0,1,osmo16aypymlama0lk5s8c9s30s09eacpvwnav7ewjv,genesis16aypymlama0lk5s8c9s30s09eacpvwna6v7gqt,42360000000000000000000,ibc/F16FDC11A7662B86BC0B9CE61871CBACF7C20606F95E86260FD38915184B75B4,transfer/channel-253/el1,,channel-253,channel-1,connection-1539,1499,1.751710553609741E9
67803548|1|0|0|9|1,1.785839293936E9,67803548,block_result,1,A2EFEB43900ABAC08960D5BFC275A25706963B2F31DA38EFCA6CEF98626F0C72,0,0,9,0,1,osmo1ag940t2gd4sn0wey7xgfjl83x2t5v62m6629pc,genesis107ff0tztguhn637e0jf3pjecs7kk333gaprfj3,5927000000000000000000,ibc/F16FDC11A7662B86BC0B9CE61871CBACF7C20606F95E86260FD38915184B75B4,transfer/channel-253/el1,,channel-253,channel-1,connection-1539,1889,1.785839296104E9
67841623|1|0|0|9|1,1.785886149533E9,67841623,block_result,1,98122816172CB3E7CBFCC74A198905F2935172A2D79AF2864F3357BF89C99B76,0,0,9,0,1,osmo1c4gf4m92zxachuywrttymahyr63wdwp6k3p7j5,genesis1c4gf4m92zxachuywrttymahyr63wdwp6qrxcqn,50000000000000000000,ibc/F16FDC11A7662B86BC0B9CE61871CBACF7C20606F95E86260FD38915184B75B4,transfer/channel-253/el1,,channel-253,channel-1,connection-1539,1893,1.785886151855E9
67842028|1|0|0|9|1,1.785886641475E9,67842028,block_result,1,5921AEFBD1122AA80515C32A352DA7C023A3511DC1C7E8975E438C5DD3E7F57D,0,0,9,0,1,osmo1c4gf4m92zxachuywrttymahyr63wdwp6k3p7j5,genesis1c4gf4m92zxachuywrttymahyr63wdwp6qrxcqn,100000000000000000000,ibc/F16FDC11A7662B86BC0B9CE61871CBACF7C20606F95E86260FD38915184B75B4,transfer/channel-253/el1,,channel-253,channel-1,connection-1539,1894,1.785886644382E9
67841434|1|0|0|9|1,1.785885915773E9,67841434,block_result,1,9F0D3A0E4C4954D05F40A4C2BB6D24B94029E1D922F28107C0F6A735E41B4A41,0,0,9,0,1,osmo1c4gf4m92zxachuywrttymahyr63wdwp6k3p7j5,genesis1c4gf4m92zxachuywrttymahyr63wdwp6qrxcqn,300000000000000000,ibc/F16FDC11A7662B86BC0B9CE61871CBACF7C20606F95E86260FD38915184B75B4,transfer/channel-253/el1,,channel-253,channel-1,connection-1539,1892,1.785885918122E9
67842436|1|0|0|9|1,1.785887142007E9,67842436,block_result,1,4040B2F5EFE55061056D0ADCE6E4734C23C4EECA5A851E5BF8D1C458F36EE9E7,0,0,9,0,1,osmo1c4gf4m92zxachuywrttymahyr63wdwp6k3p7j5,genesis1c4gf4m92zxachuywrttymahyr63wdwp6qrxcqn,254000000000000000000,ibc/F16FDC11A7662B86BC0B9CE61871CBACF7C20606F95E86260FD38915184B75B4,transfer/channel-253/el1,,channel-253,channel-1,connection-1539,1895,1.785887144875E9
67820367|1|0|0|9|1,1.785860019785E9,67820367,block_result,1,5B110D6ED8AABC004BF225337578D51C3190C9EED9C14A7553DFF5341A3BC6BB,0,0,9,0,1,osmo13glmw7u4yqr8hgugr6547p73jefut0xgxjqvwu,genesis1rld08k0gxqvzcp330xz3v3ge427ue509mt72ee,50000000000000000000,ibc/F16FDC11A7662B86BC0B9CE61871CBACF7C20606F95E86260FD38915184B75B4,transfer/channel-253/el1,,channel-253,channel-1,connection-1539,1890,1.785860022464E9
67822885|1|0|0|9|1,1.785863127497E9,67822885,block_result,1,A4EDBDE89BC326F9884E409BB91F1D6D2868ECCEF03BAE2F721C1F3697E326F1,0,0,9,0,1,osmo1srgysthmuqpw4f6qsrektu2glj59hz6lt44dyp,genesis1srgysthmuqpw4f6qsrektu2glj59hz6la8jtkx,866825830397201927523,ibc/F16FDC11A7662B86BC0B9CE61871CBACF7C20606F95E86260FD38915184B75B4,transfer/channel-253/el1,,channel-253,channel-1,connection-1539,1891,1.785863133117E9
49928618|1|1|0|9|1,1.764944431257E9,49928618,block_result,1,0E978D41EE4AA18BC8EFB6269AC3C1A180391E764E5C4FEE2A356EBF857B553C,1,0,9,0,1,osmo1ag940t2gd4sn0wey7xgfjl83x2t5v62m6629pc,genesis1ag940t2gd4sn0wey7xgfjl83x2t5v62mvgdrnl,50000000000000000000,ibc/F16FDC11A7662B86BC0B9CE61871CBACF7C20606F95E86260FD38915184B75B4,transfer/channel-253/el1,,channel-253,channel-1,connection-1539,1519,1.764944434756632E9
49928665|1|0|0|9|1,1.764944486546E9,49928665,block_result,1,507AA30E48E7EA6F9B691756E6E7E688D0FCC83EC64C2668CE91009CA03FEB26,0,0,9,0,1,osmo1ag940t2gd4sn0wey7xgfjl83x2t5v62m6629pc,genesis1ag940t2gd4sn0wey7xgfjl83x2t5v62mvgdrnl,6000000000000000000,ibc/F16FDC11A7662B86BC0B9CE61871CBACF7C20606F95E86260FD38915184B75B4,transfer/channel-253/el1,,channel-253,channel-1,connection-1539,1520,1.764944489028398E9
49928317|1|5|0|9|1,1.764944076367E9,49928317,block_result,1,6B02E186DBB2F6542A489B3B98FB8EEBC79B0ACEE53FAF83120F597E8BE860F1,5,0,9,0,1,osmo1ag940t2gd4sn0wey7xgfjl83x2t5v62m6629pc,genesis1ag940t2gd4sn0wey7xgfjl83x2t5v62mvgdrnl,50000000000000000000,ibc/F16FDC11A7662B86BC0B9CE61871CBACF7C20606F95E86260FD38915184B75B4,transfer/channel-253/el1,,channel-253,channel-1,connection-1539,1517,1.764944081981695E9
49928574|1|1|0|9|1,1.764944381445E9,49928574,block_result,1,FF5AFF09F28A98DBAC1557A9FE83964F517C1D7DF23761D73D002E30A417C104,1,0,9,0,1,osmo1ag940t2gd4sn0wey7xgfjl83x2t5v62m6629pc,genesis1ag940t2gd4sn0wey7xgfjl83x2t5v62mvgdrnl,20000000000000000000,ibc/F16FDC11A7662B86BC0B9CE61871CBACF7C20606F95E86260FD38915184B75B4,transfer/channel-253/el1,,channel-253,channel-1,connection-1539,1518,1.764944386929365E9
65278255|1|0|0|9|1,1.782853633263E9,65278255,block_result,1,970CC9F8877155F05D3BCC31BA39FF207FC0A33DB0825B8297EB6AD989E9168E,0,0,9,0,1,osmo147n6a8pnxw23zyufwc2scmff25u7avsyadzz0g,genesis147n6a8pnxw23zyufwc2scmff25u7avsytl9ya0,5000000000000000000,ibc/F16FDC11A7662B86BC0B9CE61871CBACF7C20606F95E86260FD38915184B75B4,transfer/channel-253/el1,,channel-253,channel-1,connection-1539,1695,1.782853638407E9
65213547|1|0|0|9|1,1.782778575136E9,65213547,block_result,1,457AFFB33ED2AC1AE924361DC6ACA15C96D3EB9E0348F2F52FFCDCBC5454A080,0,0,9,0,1,osmo1s6mdag35z5jn0xepmshunyp4dzg9mu3vh325gw,genesis1s6mdag35z5jn0xepmshunyp4dzg9mu3vprdj6f,42654330190161966422776,ibc/F16FDC11A7662B86BC0B9CE61871CBACF7C20606F95E86260FD38915184B75B4,transfer/channel-253/el1,,channel-253,channel-1,connection-1539,1694,1.782778578782E9
53760058|1|1|0|9|1,1.769415944275E9,53760058,block_result,1,F94C659A5EB216E2EAD01F7C2ACCE0ADDBFCAB01A02675D90B16D610B1C67E07,1,0,9,0,1,osmo14rj9dl3l28t5lhumevlkheddygjvtxck8fx0ja,genesis14rj9dl3l28t5lhumevlkheddygjvtxck3mpfq6,100000000000000000000,ibc/F16FDC11A7662B86BC0B9CE61871CBACF7C20606F95E86260FD38915184B75B4,transfer/channel-253/el1,,channel-253,channel-1,connection-1539,1531,1.769415949846715E9
53760150|1|0|0|9|1,1.769416053901E9,53760150,block_result,1,C245F58E95DA3E87FD82D4F62E1077FC8AAEF062CF157F04E7E78ED53A426E20,0,0,9,0,1,osmo14rj9dl3l28t5lhumevlkheddygjvtxck8fx0ja,genesis14rj9dl3l28t5lhumevlkheddygjvtxck3mpfq6,38000000000000000000,ibc/F16FDC11A7662B86BC0B9CE61871CBACF7C20606F95E86260FD38915184B75B4,transfer/channel-253/el1,,channel-253,channel-1,connection-1539,1532,1.769416056318232E9
53766507|1|0|0|9|1,1.769423167017E9,53766507,block_result,1,50EB9793C4DAC18A35CB41BF18AA05E795CE48250F3E5C42D104669E004254A1,0,0,9,0,1,osmo16aypymlama0lk5s8c9s30s09eacpvwnav7ewjv,genesis16aypymlama0lk5s8c9s30s09eacpvwna6v7gqt,500000000000000000000,ibc/F16FDC11A7662B86BC0B9CE61871CBACF7C20606F95E86260FD38915184B75B4,transfer/channel-253/el1,,channel-253,channel-1,connection-1539,1535,1.769423169668112E9
53768053|1|0|0|9|1,1.769424896417E9,53768053,block_result,1,08BA2134A2B88996688EB9D38C7CD6D47F19AB61BF6D15956595268535A7ABE9,0,0,9,0,1,osmo16aypymlama0lk5s8c9s30s09eacpvwnav7ewjv,genesis16aypymlama0lk5s8c9s30s09eacpvwna6v7gqt,1000000000000000000000,ibc/F16FDC11A7662B86BC0B9CE61871CBACF7C20606F95E86260FD38915184B75B4,transfer/channel-253/el1,,channel-253,channel-1,connection-1539,1536,1.769424902074612E9
53763879|1|0|0|9|1,1.769420217991E9,53763879,block_result,1,00120850D0ECA29768123889253B9DC729A4DB78C4CF97402CB6584EAADA0C91,0,0,9,0,1,osmo16aypymlama0lk5s8c9s30s09eacpvwnav7ewjv,genesis16aypymlama0lk5s8c9s30s09eacpvwna6v7gqt,1000000000000000000000,ibc/F16FDC11A7662B86BC0B9CE61871CBACF7C20606F95E86260FD38915184B75B4,transfer/channel-253/el1,,channel-253,channel-1,connection-1539,1533,1.769420220476206E9
53764138|1|1|0|9|1,1.769420502222E9,53764138,block_result,1,5327A292C3A7364B693D1F86EE52DD7FBAA49F60CFDD1845990D3828F81F1104,1,0,9,0,1,osmo16aypymlama0lk5s8c9s30s09eacpvwnav7ewjv,genesis16aypymlama0lk5s8c9s30s09eacpvwna6v7gqt,500000000000000000000,ibc/F16FDC11A7662B86BC0B9CE61871CBACF7C20606F95E86260FD38915184B75B4,transfer/channel-253/el1,,channel-253,channel-1,connection-1539,1534,1.769420508732375E9
53777940|1|0|0|9|1,1.769436042019E9,53777940,block_result,1,6D2646807A9EE60B9CB83EED4E292E6C3F540915C1C99ABF60C99E6354EE564C,0,0,9,0,1,osmo19w2t4ue7qpdh6022m3yxmxvv3w7jla7u3hfq0r,genesis19w2t4ue7qpdh6022m3yxmxvv3w7jla7u89wxay,82862488141587948864,ibc/F16FDC11A7662B86BC0B9CE61871CBACF7C20606F95E86260FD38915184B75B4,transfer/channel-253/el1,,channel-253,channel-1,connection-1539,1538,1.769436044476514E9
53775166|1|0|0|9|1,1.76943292878E9,53775166,block_result,1,6F312E4E0F99B3D8E24195DCA3BD2C0CF0F126D0A320B3CBAAE6CF19984F3103,0,0,9,0,1,osmo1xfw0gcw74pvmh7n2ttt5wcdmyjqk9g7x3l9vp8,genesis1xfw0gcw74pvmh7n2ttt5wcdmyjqk9g7x8dz2nq,1718575452908431196469,ibc/F16FDC11A7662B86BC0B9CE61871CBACF7C20606F95E86260FD38915184B75B4,transfer/channel-253/el1,,channel-253,channel-1,connection-1539,1537,1.769432931225659E9
43994291|1|1|0|9|1,1.757699500371E9,43994291,block_result,1,43A498E286C86FC7264C13A774952737FF56FAE026E950D3EFBCD78500460D0D,1,0,9,0,1,osmo14rj9dl3l28t5lhumevlkheddygjvtxck8fx0ja,genesis14rj9dl3l28t5lhumevlkheddygjvtxck3mpfq6,152720000000000000000000,ibc/F16FDC11A7662B86BC0B9CE61871CBACF7C20606F95E86260FD38915184B75B4,transfer/channel-253/el1,,channel-253,channel-1,connection-1539,1503,1.757699503050806E9
67594330|1|1|0|9|1,1.785580180815E9,67594330,block_result,1,F928CB82B4B026C394D8942CE7128743D7626EAEF046EF4B5E037B19B15D1D4A,1,0,9,0,1,osmo1ag940t2gd4sn0wey7xgfjl83x2t5v62m6629pc,genesis107ff0tztguhn637e0jf3pjecs7kk333gaprfj3,10675000000000000000000,ibc/F16FDC11A7662B86BC0B9CE61871CBACF7C20606F95E86260FD38915184B75B4,transfer/channel-253/el1,,channel-253,channel-1,connection-1539,1884,1.785580184482E9
67631180|1|0|0|9|1,1.785625577113E9,67631180,block_result,1,D69968AB4B5B8562BE77AC5DC5F4BE83959C137F0F97DB0538177901AC60AF89,0,0,9,0,1,osmo1u57ekxxqsjrqe4k9yucv786tvc6yjj265a4cqm,genesis1u57ekxxqsjrqe4k9yucv786tvc6yjj26z0j7ju,1344954868618588499561,ibc/F16FDC11A7662B86BC0B9CE61871CBACF7C20606F95E86260FD38915184B75B4,transfer/channel-253/el1,,channel-253,channel-1,connection-1539,1885,1.785625579395E9
59269842|1|0|0|9|1,1.776088778164E9,59269842,block_result,1,135517471F159153E7930EED2316D42D14697AFE86140F3B7D47EFF1EE20EB7B,0,0,9,0,1,osmo166a7pw3jxyjzg38uuyjlqrs0z5amyu6cd554v4,genesis166a7pw3jxyjzg38uuyjlqrs0z5amyu6cmxnn7j,23451896052398500235,ibc/F16FDC11A7662B86BC0B9CE61871CBACF7C20606F95E86260FD38915184B75B4,transfer/channel-253/el1,,channel-253,channel-1,connection-1539,1608,1.77608880984E9
8724542|1|0|0|7|1,1.678936572877E9,8724542,block_result,1,6FE750EBF78711CBB0CABEBA2180D578612B59001E254A6581406BAB572F8EEA,0,0,7,0,1,osmo1d8754xqa9245pctlfcyv8eah468neqzn64g887,genesis1d8754xqa9245pctlfcyv8eah468neqznv80p4e,2354180740116813455212,ibc/F16FDC11A7662B86BC0B9CE61871CBACF7C20606F95E86260FD38915184B75B4,transfer/channel-253/el1,,channel-253,channel-1,connection-1539,1194,1.717460036220652E9
8725963|1|1|0|7|1,1.678944530163E9,8725963,block_result,1,878424FFF12AEC05D0506CD51EDDFF27C8F1207093EADA0A8C88432691FFAD0D,1,0,7,0,1,osmo1nvrz75nvlvv9redllux7dc9xeuvp6nhnw9s6lk,genesis1nvrz75nvlvv9redllux7dc9xeuvp6nhnchhud3,997510030473163717307,ibc/F16FDC11A7662B86BC0B9CE61871CBACF7C20606F95E86260FD38915184B75B4,transfer/channel-253/el1,,channel-253,channel-1,connection-1539,1195,1.717459625545331E9
8731438|1|2|0|7|1,1.678975320912E9,8731438,block_result,1,341EE94716A64DC57D36697AF0A30F2081CC202BAB908CB4708C0A3FBF20088E,2,0,7,0,1,osmo1uvnk984yhpw48jfu5srvsrqdt03kkvlcjqx8x5,genesis1uvnk984yhpw48jfu5srvsrqdt03kkvlcyjpp5n,16967400899135618051,ibc/F16FDC11A7662B86BC0B9CE61871CBACF7C20606F95E86260FD38915184B75B4,transfer/channel-253/el1,,channel-253,channel-1,connection-1539,1197,1.717459199027791E9
8731148|1|5|0|7|1,1.678973687326E9,8731148,block_result,1,193E50BE7F09F4B50930CB84DBAA07555A1C80B08862F34E5095CD5A52964052,5,0,7,0,1,osmo1uvnk984yhpw48jfu5srvsrqdt03kkvlcjqx8x5,genesis1uvnk984yhpw48jfu5srvsrqdt03kkvlcyjpp5n,1609454021666155935,ibc/F16FDC11A7662B86BC0B9CE61871CBACF7C20606F95E86260FD38915184B75B4,transfer/channel-253/el1,,channel-253,channel-1,connection-1539,1196,1.717459606572535E9
54743914|1|0|0|9|1,1.770599297731E9,54743914,block_result,1,3CD37D9026CA29F870ACF0C75A3FE43E5023BBDBE229679F2F240057BA14919D,0,0,9,0,1,osmo1amj44fdnnlqs7c5wc5mu7278ae7t08z3ts8xcg,genesis1amj44fdnnlqs7c5wc5mu7278ae7t08z3azqq20,858570381408084507051,ibc/F16FDC11A7662B86BC0B9CE61871CBACF7C20606F95E86260FD38915184B75B4,transfer/channel-253/el1,,channel-253,channel-1,connection-1539,1548,1.770599305908034E9
54744574|1|0|0|9|1,1.770600091273E9,54744574,block_result,1,8D8F4C016FB3AD67AD1FD51207DFFF9566A4AF4CA118B1740202FC3DAF93B0E0,0,0,9,0,1,osmo1amj44fdnnlqs7c5wc5mu7278ae7t08z3ts8xcg,genesis1amj44fdnnlqs7c5wc5mu7278ae7t08z3azqq20,1709462816423339594,ibc/F16FDC11A7662B86BC0B9CE61871CBACF7C20606F95E86260FD38915184B75B4,transfer/channel-253/el1,,channel-253,channel-1,connection-1539,1549,1.770600102633895E9
60212411|1|0|0|9|1,1.777131172493E9,60212411,block_result,1,38FDEEC6BBE07C6FC9A6156464F80EE44436C11798DA2EDF4D58B42E00DF706B,0,0,9,0,1,osmo1g0j9kmdn4a0dje9czsx0ggdzk9fsmh8rr7xvfa,genesis1g0j9kmdn4a0dje9czsx0ggdzk9fsmh8r4vp2m6,1100000000000000000,ibc/F16FDC11A7662B86BC0B9CE61871CBACF7C20606F95E86260FD38915184B75B4,transfer/channel-253/el1,,channel-253,channel-1,connection-1539,1614,1.77713118643E9
60212588|1|2|0|9|1,1.777131371708E9,60212588,block_result,1,A16947BF6664C354B8AEF5D810EB7016664C3798FD25C58694D0B20EB7272F56,2,0,9,0,1,osmo1g0j9kmdn4a0dje9czsx0ggdzk9fsmh8rr7xvfa,genesis1g0j9kmdn4a0dje9czsx0ggdzk9fsmh8r4vp2m6,67729662668197163,ibc/F16FDC11A7662B86BC0B9CE61871CBACF7C20606F95E86260FD38915184B75B4,transfer/channel-253/el1,,channel-253,channel-1,connection-1539,1615,1.777131380502E9
34097061|1|0|0|9|1,1.745313389653E9,34097061,block_result,1,CC91763860A18C1B8D18FDF7EF89E9343A293EC680281D114C897BEC499134C8,0,0,9,0,1,osmo1w6jja548ac0s900aruplacgt6whp4rlsdtjaf5,genesis19un5n5y06jj8cnquapn535nh0nnue52rggm7de,400000000000000000000,ibc/F16FDC11A7662B86BC0B9CE61871CBACF7C20606F95E86260FD38915184B75B4,transfer/channel-253/el1,,channel-253,channel-1,connection-1539,1464,1.745313427022597E9
34120727|1|0|0|9|1,1.745344178915E9,34120727,block_result,1,5821DCD3D46264E534AA3AF6BAB2043460F5A4EAF7EA054012B39E6932FA29E7,0,0,9,0,1,osmo1tlan9udzf8ud5xjgcyl7w293yjmnkz5mgdj7vd,genesis1tlan9udzf8ud5xjgcyl7w293yjmnkz5m7l4c72,50758309369845818757321,ibc/F16FDC11A7662B86BC0B9CE61871CBACF7C20606F95E86260FD38915184B75B4,transfer/channel-253/el1,,channel-253,channel-1,connection-1539,1465,1.745344205350899E9
34084116|1|0|0|9|1,1.745296788773E9,34084116,block_result,1,5FE27579C0AA8CAC7E739FB29C04B5E5E2FE10A7AF9A8FD92F68DE6F38AA76B7,0,0,9,0,1,osmo1vmjdd0uh783h6068nvjsvw0uvs57v5h50793hw,genesis1vmjdd0uh783h6068nvjsvw0uvs57v5h5evzh9f,2000000000000000000,ibc/F16FDC11A7662B86BC0B9CE61871CBACF7C20606F95E86260FD38915184B75B4,transfer/channel-253/el1,,channel-253,channel-1,connection-1539,1462,1.745296805001479E9
34096596|1|0|0|9|1,1.745312797755E9,34096596,block_result,1,5A09AC4B4FA754C5A4857F2DEE8352A6D7006FA47D8BD4CAE6328986FF1A5C77,0,0,9,0,1,osmo1w6jja548ac0s900aruplacgt6whp4rlsdtjaf5,genesis1w6jja548ac0s900aruplacgt6whp4rlsme4mmn,244854269480000000000,ibc/F16FDC11A7662B86BC0B9CE61871CBACF7C20606F95E86260FD38915184B75B4,transfer/channel-253/el1,,channel-253,channel-1,connection-1539,1463,1.745312827458398E9
68449436|1|2|0|9|1,1.786656058906E9,68449436,block_result,1,B9D4D5476C774D3F13A005254E9B000918B75F400BF61F9367290AB9CE56EBB2,2,0,9,0,1,osmo16aypymlama0lk5s8c9s30s09eacpvwnav7ewjv,genesis16aypymlama0lk5s8c9s30s09eacpvwna6v7gqt,6854421984543125728002,ibc/F16FDC11A7662B86BC0B9CE61871CBACF7C20606F95E86260FD38915184B75B4,transfer/channel-253/el1,,channel-253,channel-1,connection-1539,1917,1.786656064921E9
68448954|1|0|0|9|1,1.786655444244E9,68448954,block_result,1,E534F1AD72887DBC85F4F2538255C0EDD700BE1C00EAB15A578FC07C548D09BB,0,0,9,0,1,osmo16aypymlama0lk5s8c9s30s09eacpvwnav7ewjv,genesis16aypymlama0lk5s8c9s30s09eacpvwna6v7gqt,5257208343445832272156,ibc/F16FDC11A7662B86BC0B9CE61871CBACF7C20606F95E86260FD38915184B75B4,transfer/channel-253/el1,,channel-253,channel-1,connection-1539,1916,1.786655449252E9
68445001|1|0|0|9|1,1.786650398617E9,68445001,block_result,1,4129913DA72952BF761A01BDD6E7459FA1826FDF6113365E6ECBA90ADDCBBCB1,0,0,9,0,1,osmo1kchq6hwcxykm847jugaf5c6x7aqvz4k9rrcl2w,genesis1jk3v4z3v34vfdkjn7yvve7fwdf8acyr5tydw22,1394000000000000000000,ibc/F16FDC11A7662B86BC0B9CE61871CBACF7C20606F95E86260FD38915184B75B4,transfer/channel-253/el1,,channel-253,channel-1,connection-1539,1915,1.78665040211E9
8896277|1|6|0|7|1,1.679917341346E9,8896277,block_result,1,CCCE84E2DC7834F2FB0A4E23FE5716A0FD4AA9AD0627C88FF826363F3B9F3FF4,6,0,7,0,1,osmo1s8nzgwexdz8laux65600tkq6mq8pr6h5tftmat,genesis1s8nzgwexdz8laux65600tkq6mq8pr6h5amva0v,65893963539270143009,ibc/F16FDC11A7662B86BC0B9CE61871CBACF7C20606F95E86260FD38915184B75B4,transfer/channel-253/el1,,channel-253,channel-1,connection-1539,1211,1.717455834597792E9
8895021|1|0|0|7|1,1.679910218381E9,8895021,block_result,1,39C4FE41CC2B5D48383A27CDC454922B1944D8CBE34D31C84BC002A95BFACF03,0,0,7,0,1,osmo1u33qfp6wq93m76hwvygfesfgkagr2y2uxnmrwr,genesis1u33qfp6wq93m76hwvygfesfgkagr2y2uspu9uy,540000000000000000000,ibc/F16FDC11A7662B86BC0B9CE61871CBACF7C20606F95E86260FD38915184B75B4,transfer/channel-253/el1,,channel-253,channel-1,connection-1539,1210,1.717454997588443E9
8899005|1|1|0|7|1,1.679932728896E9,8899005,block_result,1,EAF1A33F37A2D411615CE54B3AEBDC2373BC65D183C48AA9388C07B1FF7F2409,1,0,7,0,1,osmo1uvnk984yhpw48jfu5srvsrqdt03kkvlcjqx8x5,genesis1uvnk984yhpw48jfu5srvsrqdt03kkvlcyjpp5n,11919747787911156173,ibc/F16FDC11A7662B86BC0B9CE61871CBACF7C20606F95E86260FD38915184B75B4,transfer/channel-253/el1,,channel-253,channel-1,connection-1539,1212,1.717455781992172E9
70488901|1|0|0|9|1,1.789298197176E9,70488901,block_result,1,F7A07007494CE3E208580F02788C506CE52521A017F3405BAA0AD05FADFBF1CF,0,0,9,0,1,osmo16aypymlama0lk5s8c9s30s09eacpvwnav7ewjv,genesis16aypymlama0lk5s8c9s30s09eacpvwna6v7gqt,7536450169042345393380,ibc/F16FDC11A7662B86BC0B9CE61871CBACF7C20606F95E86260FD38915184B75B4,transfer/channel-253/el1,,channel-253,channel-1,connection-1539,1981,1.789298202227E9
7175684|1|1|0|7|1,1.670123611637E9,7175684,block_result,1,A7BC7665022EDA196E4518CE1A35E7ED625B99D891725AC631424C30461A02C0,1,0,7,0,1,osmo1lzha43jzgyrzzsk9y3xq733u97c4ku84d2x9dg,genesis1lzha43jzgyrzzsk9y3xq733u97c4ku84mcprl0,114700084273437840700,ibc/F16FDC11A7662B86BC0B9CE61871CBACF7C20606F95E86260FD38915184B75B4,transfer/channel-253/el1,,channel-253,channel-1,connection-1539,1054,1.71749926684921E9
68175920|1|0|0|9|1,1.786307284881E9,68175920,block_result,1,94201E759CFC424E3FD8A8C816EFCA62D00AE7F976750360CE0DA207CB128E36,0,0,9,0,1,osmo1dtc9eky6pt0zfssh60k3duywjacfu88y93tpx6,genesis1dtc9eky6pt0zfssh60k3duywjacfu88ynrv85a,10000000000000000000001,ibc/F16FDC11A7662B86BC0B9CE61871CBACF7C20606F95E86260FD38915184B75B4,transfer/channel-253/el1,,channel-253,channel-1,connection-1539,1910,1.786307287418E9
68182255|1|0|0|9|1,1.786315337991E9,68182255,block_result,1,A7A63299AD8B50F100D8218B24C82B095749F469E6EDFB57DF244E9572D76655,0,0,9,0,1,osmo1kchq6hwcxykm847jugaf5c6x7aqvz4k9rrcl2w,genesis1jk3v4z3v34vfdkjn7yvve7fwdf8acyr5tydw22,1894000000000000000000,ibc/F16FDC11A7662B86BC0B9CE61871CBACF7C20606F95E86260FD38915184B75B4,transfer/channel-253/el1,,channel-253,channel-1,connection-1539,1911,1.786315341352E9
7261198|1|15|0|7|1,1.670624034864E9,7261198,block_result,1,46346B6B68CD20ABA6EADFD0A0427F740105D428639D718B6B9E06F8A0A3CC16,15,0,7,0,1,osmo1cu2rdkl8mzr7pxqv4r54a2qkdg53tt54w8p2w6,genesis1cu2rdkl8mzr7pxqv4r54a2qkdg53tt54c4xvua,459407573841464553,ibc/F16FDC11A7662B86BC0B9CE61871CBACF7C20606F95E86260FD38915184B75B4,transfer/channel-253/el1,,channel-253,channel-1,connection-1539,1057,1.717500114290212E9
7256133|1|5|0|7|1,1.670594325875E9,7256133,block_result,1,B9E61547A7E7F2A28782CB9A0A468F5E0926BCA83F60F6D9D5529822B5371AE7,5,0,7,0,1,osmo1fnf8fvnyuw20jse47a53ue59pdzp8q254qfrdp,genesis1fnf8fvnyuw20jse47a53ue59pdzp8q25rjw9lx,10900000000000000000,ibc/F16FDC11A7662B86BC0B9CE61871CBACF7C20606F95E86260FD38915184B75B4,transfer/channel-253/el1,,channel-253,channel-1,connection-1539,1056,1.717500154610449E9
65357008|1|1|0|9|1,1.782944408999E9,65357008,block_result,1,E0BC91900ACCECB556081AA12EE290E85ADE8CA049465653010B83417D00CDD6,1,0,9,0,1,osmo1k4flz542uu5qlw7t069lqn7enylku4ge0tkks8,genesis1k4flz542uu5qlw7t069lqn7enylku4geee3szq,1073470290243243,ibc/F16FDC11A7662B86BC0B9CE61871CBACF7C20606F95E86260FD38915184B75B4,transfer/channel-253/el1,,channel-253,channel-1,connection-1539,1696,1.782944411863E9
68576745|1|0|0|9|1,1.786821495317E9,68576745,block_result,1,34AF55DA071FA2044F9DA41BC8697CEB50068D2709360BDD976937AE48230E83,0,0,9,0,1,osmo1c4gf4m92zxachuywrttymahyr63wdwp6k3p7j5,genesis1c4gf4m92zxachuywrttymahyr63wdwp6qrxcqn,123365059570340186154,ibc/F16FDC11A7662B86BC0B9CE61871CBACF7C20606F95E86260FD38915184B75B4,transfer/channel-253/el1,,channel-253,channel-1,connection-1539,1918,1.786821499242E9
15534894|1|3|0|9|1,1.715099205225E9,15534894,block_result,1,630EDD08185B88347E8B8C27C4D499B15FAB56BA60436264E6342909FFEFE2C6,3,0,9,0,1,osmo16hp7wzudkeyw6fvgvalm0fh3elp9czhf9l3k7l,genesis16hp7wzudkeyw6fvgvalm0fh3elp9czhfndksvc,900000000000000000,ibc/F16FDC11A7662B86BC0B9CE61871CBACF7C20606F95E86260FD38915184B75B4,transfer/channel-253/el1,,channel-253,channel-1,connection-1539,1335,1.716995615489402E9
15540151|1|4|0|9|1,1.715115800754E9,15540151,block_result,1,F52A2480A1CB825155DA690A5DD3EDC6473A4412E6E2EFD76F0598AFE0C46804,4,0,9,0,1,osmo182lpnqqq0umc07hut7xp7j23k32ss3pa9pltx0,genesis182lpnqqq0umc07hut7xp7j23k32ss3panncd5g,62000000000000000000000,ibc/F16FDC11A7662B86BC0B9CE61871CBACF7C20606F95E86260FD38915184B75B4,transfer/channel-253/el1,,channel-253,channel-1,connection-1539,1336,1.716991123362213E9
56988003|1|2|0|9|1,1.773353760233E9,56988003,block_result,1,8A56CA2DD92AC7C193E9DB5839B5293A797E7FBB7D50E3B5D7D55A996607C88A,2,0,9,0,1,osmo16aypymlama0lk5s8c9s30s09eacpvwnav7ewjv,genesis16aypymlama0lk5s8c9s30s09eacpvwna6v7gqt,16142326755337112224516,ibc/F16FDC11A7662B86BC0B9CE61871CBACF7C20606F95E86260FD38915184B75B4,transfer/channel-253/el1,,channel-253,channel-1,connection-1539,1578,1.773353762928E9
56989053|1|0|0|9|1,1.773355075733E9,56989053,block_result,1,293C3E90881C824F09BFA59D5BD2D5734FF3A4D1D78FB7E001866D45100710E8,0,0,9,0,1,osmo16aypymlama0lk5s8c9s30s09eacpvwnav7ewjv,genesis16aypymlama0lk5s8c9s30s09eacpvwna6v7gqt,1517419226757703680739,ibc/F16FDC11A7662B86BC0B9CE61871CBACF7C20606F95E86260FD38915184B75B4,transfer/channel-253/el1,,channel-253,channel-1,connection-1539,1579,1.773355078118E9
65428725|1|1|0|9|1,1.783027145088E9,65428725,block_result,1,45C6FA7C6F98A90927C1E01E7B13735437294B09D8688BC90F2299D63383CC41,1,0,9,0,1,osmo1qm8t0qwde65v6cyd727xxrj3sa3dm6472kpwv6,genesis1qm8t0qwde65v6cyd727xxrj3sa3dm647uyxg7a,118734775788826494682282,ibc/F16FDC11A7662B86BC0B9CE61871CBACF7C20606F95E86260FD38915184B75B4,transfer/channel-253/el1,,channel-253,channel-1,connection-1539,1698,1.78302715009E9
65408065|1|0|0|9|1,1.783003277655E9,65408065,block_result,1,02700ADFE88E40E5E3199E24C5AF4D06AE867B43D824FE85C0CF564094EEBE77,0,0,9,0,1,osmo1s0mcdnsp74relctt3nyfyx4zkuwfn5wff8n73a,genesis1s0mcdnsp74relctt3nyfyx4zkuwfn5wfl45cr6,23601510692759652665524,ibc/F16FDC11A7662B86BC0B9CE61871CBACF7C20606F95E86260FD38915184B75B4,transfer/channel-253/el1,,channel-253,channel-1,connection-1539,1697,1.783003281224E9
56909486|1|0|0|9|1,1.773255930758E9,56909486,block_result,1,48B1B874FFFC552CFF4D464626B884EF264181AA7A67D450A04B96AE1E40D65B,0,0,9,0,1,osmo16aypymlama0lk5s8c9s30s09eacpvwnav7ewjv,genesis16aypymlama0lk5s8c9s30s09eacpvwna6v7gqt,3731079927575971020473,ibc/F16FDC11A7662B86BC0B9CE61871CBACF7C20606F95E86260FD38915184B75B4,transfer/channel-253/el1,,channel-253,channel-1,connection-1539,1576,1.773255933301E9
56919572|1|0|0|9|1,1.77326854467E9,56919572,block_result,1,E750CDDD19F7FAABA2442CA17AA116EDBBA9794B585D384B914105EF8928F3ED,0,0,9,0,1,osmo16aypymlama0lk5s8c9s30s09eacpvwnav7ewjv,genesis16aypymlama0lk5s8c9s30s09eacpvwna6v7gqt,7974757633064857073155,ibc/F16FDC11A7662B86BC0B9CE61871CBACF7C20606F95E86260FD38915184B75B4,transfer/channel-253/el1,,channel-253,channel-1,connection-1539,1577,1.773268550841E9
56879587|1|0|0|9|1,1.773218509464E9,56879587,block_result,1,99D4E84F07F9136FE940276A8248A07B348C4E53B3645FC70D9814E190FF675E,0,0,9,0,1,osmo16aypymlama0lk5s8c9s30s09eacpvwnav7ewjv,genesis16aypymlama0lk5s8c9s30s09eacpvwna6v7gqt,1714869953384676866771,ibc/F16FDC11A7662B86BC0B9CE61871CBACF7C20606F95E86260FD38915184B75B4,transfer/channel-253/el1,,channel-253,channel-1,connection-1539,1574,1.773218513191E9
56909299|1|4|0|9|1,1.773255694285E9,56909299,block_result,1,4619CF3DAF5B928A99F7EA36C3A6D8876C2CEACB41F1FDD2640A0A3C541F77AE,4,0,9,0,1,osmo16aypymlama0lk5s8c9s30s09eacpvwnav7ewjv,genesis16aypymlama0lk5s8c9s30s09eacpvwna6v7gqt,3905689737455313646513,ibc/F16FDC11A7662B86BC0B9CE61871CBACF7C20606F95E86260FD38915184B75B4,transfer/channel-253/el1,,channel-253,channel-1,connection-1539,1575,1.773255699875E9
8002316|1|3|0|7|1,1.674857827758E9,8002316,block_result,1,80BFED1260D1BD4F4A90FC755F57EA1358412C079569D3626BA7C0C8D270A31E,3,0,7,0,1,osmo163ndtplrrpkh2faf2c0y6t9v86llx86q6spzwl,genesis163ndtplrrpkh2faf2c0y6t9v86llx86qvzxyuc,5370707498653973,ibc/F16FDC11A7662B86BC0B9CE61871CBACF7C20606F95E86260FD38915184B75B4,transfer/channel-253/el1,,channel-253,channel-1,connection-1539,1125,1.717479605538461E9
62889711|1|0|0|9|1,1.780125235124E9,62889711,block_result,1,64AC4D39AF55CEED1E8BECA97A0239378DF7B308A99B6818E55F53D4881E9DF5,0,0,9,0,1,osmo1c9mkft0d3sdjm3us883270veuww7qe3y587n8r,genesis1c9mkft0d3sdjm3us883270veuww7qe3yz4e44y,9261967054178729881,ibc/F16FDC11A7662B86BC0B9CE61871CBACF7C20606F95E86260FD38915184B75B4,transfer/channel-253/el1,,channel-253,channel-1,connection-1539,1646,1.780125237962E9
62909567|1|0|0|9|1,1.780146390275E9,62909567,block_result,1,90E923555D97EB3AB3F7069D09F457F777702DA3724B2CB09A9434465CA671D4,0,0,9,0,1,osmo1gmh6gg0cy4kd0nrkj2whn92kc6yjj0fnf4l2y5,genesis1gmh6gg0cy4kd0nrkj2whn92kc6yjj0fnl8cvkn,14638517504370306844,ibc/F16FDC11A7662B86BC0B9CE61871CBACF7C20606F95E86260FD38915184B75B4,transfer/channel-253/el1,,channel-253,channel-1,connection-1539,1649,1.780146788318E9
62909140|1|2|0|9|1,1.780145937296E9,62909140,block_result,1,0F16A2A1A4970BD00A2892DB343F88655B6BBAE9D339D7425DD9FCCC70970218,2,0,9,0,1,osmo1jst6seuaspcqpkwggk0kvxmglfykvgzwsndqta,genesis1jst6seuaspcqpkwggk0kvxmglfykvgzwxp2xe6,5000000000000000000,ibc/F16FDC11A7662B86BC0B9CE61871CBACF7C20606F95E86260FD38915184B75B4,transfer/channel-253/el1,,channel-253,channel-1,connection-1539,1647,1.780145940018E9
62909483|1|0|0|9|1,1.780146299378E9,62909483,block_result,1,A0021A0AB6D3388B1D6CD6E7474E3AB4668FC38D59B444227C406DC546609614,0,0,9,0,1,osmo1jst6seuaspcqpkwggk0kvxmglfykvgzwsndqta,genesis1jst6seuaspcqpkwggk0kvxmglfykvgzwxp2xe6,94823870557218259074,ibc/F16FDC11A7662B86BC0B9CE61871CBACF7C20606F95E86260FD38915184B75B4,transfer/channel-253/el1,,channel-253,channel-1,connection-1539,1648,1.780146787247E9
62917983|1|0|0|9|1,1.780155353407E9,62917983,block_result,1,1E85140470F579C4E963144FF0A15DB56A9FB1E54663C07BBD11618B888710D4,0,0,9,0,1,osmo1kyly26j3kpac52d5chqar82c7m9eukfmy5707c,genesis1kyly26j3kpac52d5chqar82c7m9eukfmjxefvl,11692298663366419333010,ibc/F16FDC11A7662B86BC0B9CE61871CBACF7C20606F95E86260FD38915184B75B4,transfer/channel-253/el1,,channel-253,channel-1,connection-1539,1650,1.78015535575E9
67754170|1|0|0|9|1,1.785778537799E9,67754170,block_result,1,3406651A770A8AE15DAC7A8C42EE5170F060FB068A713C6C440CFCFE37B2B6B0,0,0,9,0,1,osmo1fpu6987zgdjf65yeyr2uuut82talr59g8c2p0l,genesis1fpu6987zgdjf65yeyr2uuut82talr59g32d8ac,8849577298916379745,ibc/F16FDC11A7662B86BC0B9CE61871CBACF7C20606F95E86260FD38915184B75B4,transfer/channel-253/el1,,channel-253,channel-1,connection-1539,1888,1.785778541154E9
67752496|1|0|0|9|1,1.785776447299E9,67752496,block_result,1,4A1593ACE0CA6B2E117483D5E96E96226E7F3B998EC925C55FF4A6B118395980,0,0,9,0,1,osmo1srgysthmuqpw4f6qsrektu2glj59hz6lt44dyp,genesis1srgysthmuqpw4f6qsrektu2glj59hz6la8jtkx,884194339226118005080,ibc/F16FDC11A7662B86BC0B9CE61871CBACF7C20606F95E86260FD38915184B75B4,transfer/channel-253/el1,,channel-253,channel-1,connection-1539,1887,1.78577645237E9
67746237|1|0|0|9|1,1.785768678077E9,67746237,block_result,1,1F668BEED4886B3B2C3F17E5A4840E58933D0EBFEFE734A02E1809A679D9F332,0,0,9,0,1,osmo1w24mmwxpl50n2hcyxjka7u942wl6zuz9jsjd8w,genesis1w24mmwxpl50n2hcyxjka7u942wl6zuz9yz4t4f,2194533219962504714103,ibc/F16FDC11A7662B86BC0B9CE61871CBACF7C20606F95E86260FD38915184B75B4,transfer/channel-253/el1,,channel-253,channel-1,connection-1539,1886,1.785768680642E9
68317388|1|0|0|9|1,1.78648792124E9,68317388,block_result,1,22877E67D0D1AEA9AB582CAD8F31C74B79E87BB82FA7263B94A0B5BBE97E97B4,0,0,9,0,1,osmo1c4gf4m92zxachuywrttymahyr63wdwp6k3p7j5,genesis1c4gf4m92zxachuywrttymahyr63wdwp6qrxcqn,86019858318794860710,ibc/F16FDC11A7662B86BC0B9CE61871CBACF7C20606F95E86260FD38915184B75B4,transfer/channel-253/el1,,channel-253,channel-1,connection-1539,1914,1.78648792671E9
8759616|1|9|0|7|1,1.679137155032E9,8759616,block_result,1,FA35D7DAFCC4D0ADEDB6490E6DABD77542B0800795864B4D5DF8004C04E72C1A,9,0,7,0,1,osmo1sntx5sf6w933f8pytpr2dh9sxns0u23mzvuqm9,genesis1sntx5sf6w933f8pytpr2dh9sxns0u23m57mxfz,7359939285874291233,ibc/F16FDC11A7662B86BC0B9CE61871CBACF7C20606F95E86260FD38915184B75B4,transfer/channel-253/el1,,channel-253,channel-1,connection-1539,1199,1.71745844677335E9
66522220|1|0|0|9|1,1.78429075963E9,66522220,block_result,1,7E54DCD02089E204B641A336B2CCF1B316F7B73471BDF2E969D8F97034303D2E,0,0,9,0,1,osmo12wgfhlj6xd9lnnp564kdetsgf4jark9cszx07u,genesis1r9sqeje2ppw9kva5x6j34kxh9npu2k0z2nchk9,6190000000000000000000,ibc/F16FDC11A7662B86BC0B9CE61871CBACF7C20606F95E86260FD38915184B75B4,transfer/channel-253/el1,,channel-253,channel-1,connection-1539,1744,1.784290764843E9
50707650|1|0|0|9|1,1.765871506685E9,50707650,block_result,1,5135E27827DEFDA90071C10F5F370A08A3B6F99BF832D5A7945764AE1EFA3FE1,0,0,9,0,1,osmo14rj9dl3l28t5lhumevlkheddygjvtxck8fx0ja,genesis1sh78xk4terehvp6966grk6a0gy7k90grjsnjsd,10000000000000000000,ibc/F16FDC11A7662B86BC0B9CE61871CBACF7C20606F95E86260FD38915184B75B4,transfer/channel-253/el1,,channel-253,channel-1,connection-1539,1522,1.765871509313264E9
50708527|1|1|0|9|1,1.765872568563E9,50708527,block_result,1,F15D9CAA6C2433CEA8F4BD2ED34235598FD5B8279DD44E219919569B57C18ED5,1,0,9,0,1,osmo14rj9dl3l28t5lhumevlkheddygjvtxck8fx0ja,genesis1sh78xk4terehvp6966grk6a0gy7k90grjsnjsd,10000000000000000000,ibc/F16FDC11A7662B86BC0B9CE61871CBACF7C20606F95E86260FD38915184B75B4,transfer/channel-253/el1,,channel-253,channel-1,connection-1539,1523,1.765872572022137E9
71043197|1|1|0|9|1,1.790013459218E9,71043197,block_result,1,78D74BE30C2DEFBA77A67411D889D9DEEC345F89BDEF37DE536B69A47D533B22,1,0,9,0,1,osmo1zkewm35hqzve3xet3rhc0kmzeldxjf22fwq990,genesis16jjxucde476dvfq7shvh65t3w09q6ftz2xta3u,1013811543863260873871,ibc/F16FDC11A7662B86BC0B9CE61871CBACF7C20606F95E86260FD38915184B75B4,transfer/channel-253/el1,,channel-253,channel-1,connection-1539,1992,1.790013462619E9
71043315|1|2|0|9|1,1.790013610267E9,71043315,block_result,1,5053EAFCD620B22A505F06DA2F8A4E057B636C8A110FFC8B9428D290BAD92518,2,0,9,0,1,osmo1zkewm35hqzve3xet3rhc0kmzeldxjf22fwq990,genesis16jjxucde476dvfq7shvh65t3w09q6ftz2xta3u,511664456152296157,ibc/F16FDC11A7662B86BC0B9CE61871CBACF7C20606F95E86260FD38915184B75B4,transfer/channel-253/el1,,channel-253,channel-1,connection-1539,1993,1.790013615392E9
71034938|1|5|0|9|1,1.790002725159E9,71034938,block_result,1,E82E9A28F250AA2943DB21AB857FC574423F3F927CB7AE59C5E217B9986476D2,5,0,9,0,1,osmo1kchq6hwcxykm847jugaf5c6x7aqvz4k9rrcl2w,genesis1jk3v4z3v34vfdkjn7yvve7fwdf8acyr5tydw22,3669000000000000000000,ibc/F16FDC11A7662B86BC0B9CE61871CBACF7C20606F95E86260FD38915184B75B4,transfer/channel-253/el1,,channel-253,channel-1,connection-1539,1990,1.790002730512E9
71035163|1|0|0|9|1,1.790003019947E9,71035163,block_result,1,0A1EE1138E8EC88592634470DD573F4E41A1CEE196135DC882D1FAFC44D9015E,0,0,9,0,1,osmo1srgysthmuqpw4f6qsrektu2glj59hz6lt44dyp,genesis1srgysthmuqpw4f6qsrektu2glj59hz6la8jtkx,8000000000000000000000,ibc/F16FDC11A7662B86BC0B9CE61871CBACF7C20606F95E86260FD38915184B75B4,transfer/channel-253/el1,,channel-253,channel-1,connection-1539,1991,1.790003022143E9
71021191|1|1|0|9|1,1.789984748912E9,71021191,block_result,1,41828CE8CCDB021BD58756581CBEEB717CBB86AB1465001176C13D18A70761A6,1,0,9,0,1,osmo1srgysthmuqpw4f6qsrektu2glj59hz6lt44dyp,genesis1srgysthmuqpw4f6qsrektu2glj59hz6la8jtkx,5000000000000000000000,ibc/F16FDC11A7662B86BC0B9CE61871CBACF7C20606F95E86260FD38915184B75B4,transfer/channel-253/el1,,channel-253,channel-1,connection-1539,1989,1.789984751206E9
71055956|1|0|0|9|1,1.790029878973E9,71055956,block_result,1,BC24C0111D8414869595863C8D967CE663A00C818EFF42B345019B7B96E0FE0F,0,0,9,0,1,osmo1xchgeynvgf63kuqlpzsnw20h393u4fxmdf3t3m,genesis1xchgeynvgf63kuqlpzsnw20h393u4fxmmmkdru,8181465973606175322871,ibc/F16FDC11A7662B86BC0B9CE61871CBACF7C20606F95E86260FD38915184B75B4,transfer/channel-253/el1,,channel-253,channel-1,connection-1539,1994,1.790029882575E9
71020629|1|0|0|9|1,1.789984002612E9,71020629,block_result,1,A9AAB68D22BE40F16059E52E09330E1CF6F3031565A55B909E99036F552C5289,0,0,9,0,1,osmo1xchgeynvgf63kuqlpzsnw20h393u4fxmdf3t3m,genesis1xchgeynvgf63kuqlpzsnw20h393u4fxmmmkdru,5000000000000000000,ibc/F16FDC11A7662B86BC0B9CE61871CBACF7C20606F95E86260FD38915184B75B4,transfer/channel-253/el1,,channel-253,channel-1,connection-1539,1988,1.789984004865E9
71018818|1|0|0|9|1,1.789981590202E9,71018818,block_result,1,C8C428F512AB6B2CA78EE18F3AA9493AAA7624C06B453CE430E84C3A07049866,0,0,9,0,1,osmo1xchgeynvgf63kuqlpzsnw20h393u4fxmdf3t3m,genesis1xchgeynvgf63kuqlpzsnw20h393u4fxmmmkdru,2882082670076203956,ibc/F16FDC11A7662B86BC0B9CE61871CBACF7C20606F95E86260FD38915184B75B4,transfer/channel-253/el1,,channel-253,channel-1,connection-1539,1987,1.789981593544E9
70852782|1|0|0|9|1,1.789765183967E9,70852782,block_result,1,4A9AEEF7C916949656D3D5E565B98D3BD73102FD210455A7EA09511789C4CA61,0,0,9,0,1,osmo1ag940t2gd4sn0wey7xgfjl83x2t5v62m6629pc,genesis107ff0tztguhn637e0jf3pjecs7kk333gaprfj3,2500000000000000000000,ibc/F16FDC11A7662B86BC0B9CE61871CBACF7C20606F95E86260FD38915184B75B4,transfer/channel-253/el1,,channel-253,channel-1,connection-1539,1986,1.789765186102E9
70822819|1|0|0|9|1,1.789726045449E9,70822819,block_result,1,3F28E17CE2E51508D6B681688BAEC22B1F4C0EA4DB2F965A5C045958BC163531,0,0,9,0,1,osmo192ak46sj5hpncqryqx67st8alnmjsuy3n6wjlh,genesis192ak46sj5hpncqryqx67st8alnmjsuy39gf5ds,555983135247323812821,ibc/F16FDC11A7662B86BC0B9CE61871CBACF7C20606F95E86260FD38915184B75B4,transfer/channel-253/el1,,channel-253,channel-1,connection-1539,1985,1.789726048977E9
32942048|1|4|0|9|1,1.74380565361E9,32942048,block_result,1,296168BD3A2B6098851C0F3821EB1A882F1E2D5AE5C5D858F76B10532202DA85,4,0,9,0,1,osmo16aypymlama0lk5s8c9s30s09eacpvwnav7ewjv,genesis16aypymlama0lk5s8c9s30s09eacpvwna6v7gqt,2000000000000000000000,ibc/F16FDC11A7662B86BC0B9CE61871CBACF7C20606F95E86260FD38915184B75B4,transfer/channel-253/el1,,channel-253,channel-1,connection-1539,1456,1.743805684563338E9
32943188|1|6|0|9|1,1.743807063694E9,32943188,block_result,1,72F93F18F2D866AD6F262AE882B424B835AB17491D3FF06568019B5A177024E3,6,0,9,0,1,osmo16aypymlama0lk5s8c9s30s09eacpvwnav7ewjv,genesis16aypymlama0lk5s8c9s30s09eacpvwna6v7gqt,2000000000000000000000,ibc/F16FDC11A7662B86BC0B9CE61871CBACF7C20606F95E86260FD38915184B75B4,transfer/channel-253/el1,,channel-253,channel-1,connection-1539,1457,1.743807127200926E9
32923563|1|1|0|9|1,1.743782330907E9,32923563,block_result,1,A4DD3BF49D73970F54C9B52F8BB4EB00EC13B1B9B947DF5D810905D115C57D18,1,0,9,0,1,osmo16aypymlama0lk5s8c9s30s09eacpvwnav7ewjv,genesis16aypymlama0lk5s8c9s30s09eacpvwna6v7gqt,25000000000000000000000,ibc/F16FDC11A7662B86BC0B9CE61871CBACF7C20606F95E86260FD38915184B75B4,transfer/channel-253/el1,,channel-253,channel-1,connection-1539,1455,1.743782347463629E9
32909187|1|1|0|9|1,1.743764291088E9,32909187,block_result,1,3BCEEEEDAA9EB2C141036FE0D0782C7EA1AB798CD0AD1C02E5657F68EFBA0F14,1,0,9,0,1,osmo19h65cmarqlpaz80ja26jtn4gamuvwla00r0f66,genesis19h65cmarqlpaz80ja26jtn4gamuvwla0e3g0ga,24220000000000000000000,ibc/F16FDC11A7662B86BC0B9CE61871CBACF7C20606F95E86260FD38915184B75B4,transfer/channel-253/el1,,channel-253,channel-1,connection-1539,1454,1.743764342623792E9
32909131|1|6|0|9|1,1.743764220135E9,32909131,block_result,1,7B8AF0E80015FB8B203620FE2A740F426C3950DBD2FD39AB926A7429A5B449B4,6,0,9,0,1,osmo19h65cmarqlpaz80ja26jtn4gamuvwla00r0f66,genesis19h65cmarqlpaz80ja26jtn4gamuvwla0e3g0ga,1000000000000000000000,ibc/F16FDC11A7662B86BC0B9CE61871CBACF7C20606F95E86260FD38915184B75B4,transfer/channel-253/el1,,channel-253,channel-1,connection-1539,1453,1.74376428517749E9
70317131|1|0|0|9|1,1.78907715673E9,70317131,block_result,1,E1C5BBCCEFB55081117A1BC13F725592D7D33D3A7208D94EDF74B4A33D98AA59,0,0,9,0,1,osmo15927y2rj2fhevpawxk3aatask53rj5c93988p4,genesis15927y2rj2fhevpawxk3aatask53rj5c98hqpnj,295887186798876932,ibc/F16FDC11A7662B86BC0B9CE61871CBACF7C20606F95E86260FD38915184B75B4,transfer/channel-253/el1,,channel-253,channel-1,connection-1539,1979,1.789077159254E9
70272174|1|2|0|9|1,1.789018117621E9,70272174,block_result,1,313359BF2F739E0FEDBB325F780F5633F46E1EBC1DC8F4D172B747237A4B9E1B,2,0,9,0,1,osmo1zkewm35hqzve3xet3rhc0kmzeldxjf22fwq990,genesis16jjxucde476dvfq7shvh65t3w09q6ftz2xta3u,894458486189824690408,ibc/F16FDC11A7662B86BC0B9CE61871CBACF7C20606F95E86260FD38915184B75B4,transfer/channel-253/el1,,channel-253,channel-1,connection-1539,1978,1.789018123143E9
70271375|1|0|0|9|1,1.789017063885E9,70271375,block_result,1,D78C4B22B1B56F1652A0B0C36DA3D013DCD1D58CF228830F7070414B425CD07E,0,0,9,0,1,osmo1srgysthmuqpw4f6qsrektu2glj59hz6lt44dyp,genesis1srgysthmuqpw4f6qsrektu2glj59hz6la8jtkx,5000000000000000000000,ibc/F16FDC11A7662B86BC0B9CE61871CBACF7C20606F95E86260FD38915184B75B4,transfer/channel-253/el1,,channel-253,channel-1,connection-1539,1977,1.789017077756E9
71207257|1|0|0|9|1,1.790225320456E9,71207257,block_result,1,1E07CA3F0399DAB290DD84A63BD9E5A14AF9792D055934981F5DB2949BDE25A3,0,0,9,0,1,osmo1zkewm35hqzve3xet3rhc0kmzeldxjf22fwq990,genesis16jjxucde476dvfq7shvh65t3w09q6ftz2xta3u,417980692924269837830,ibc/F16FDC11A7662B86BC0B9CE61871CBACF7C20606F95E86260FD38915184B75B4,transfer/channel-253/el1,,channel-253,channel-1,connection-1539,2007,1.790225323964E9
71207064|1|0|0|9|1,1.790225074995E9,71207064,block_result,1,0D39889E696E8309E950D72594902A3F7F2D41A1596962421B582741A213D8D6,0,0,9,0,1,osmo1zkewm35hqzve3xet3rhc0kmzeldxjf22fwq990,genesis16jjxucde476dvfq7shvh65t3w09q6ftz2xta3u,849682813469840247137,ibc/F16FDC11A7662B86BC0B9CE61871CBACF7C20606F95E86260FD38915184B75B4,transfer/channel-253/el1,,channel-253,channel-1,connection-1539,2006,1.790225077237E9
71234715|1|0|0|9|1,1.790260297116E9,71234715,block_result,1,C434D64B884E407CA47B8F16BB8D2D6A0C6E663963A1AE3F5F8D6654B9C2C335,0,0,9,0,1,osmo1h4d0dyh42fe3kgjggx6dr7n7ld3hlzvz37d332,genesis1h4d0dyh42fe3kgjggx6dr7n7ld3hlzvz8v2hrd,34793155608738928810,ibc/F16FDC11A7662B86BC0B9CE61871CBACF7C20606F95E86260FD38915184B75B4,transfer/channel-253/el1,,channel-253,channel-1,connection-1539,2008,1.790260300723E9
71245017|1|2|0|9|1,1.790273496941E9,71245017,block_result,1,339169031001286B8ECE1E75C84065C0A016FEA3B4A661E3CF65A8CB3A12B07D,2,0,9,0,1,osmo1h4d0dyh42fe3kgjggx6dr7n7ld3hlzvz37d332,genesis1h4d0dyh42fe3kgjggx6dr7n7ld3hlzvz8v2hrd,67552930461799243411,ibc/F16FDC11A7662B86BC0B9CE61871CBACF7C20606F95E86260FD38915184B75B4,transfer/channel-253/el1,,channel-253,channel-1,connection-1539,2009,1.790273502534E9
65736295|1|0|0|9|1,1.783383021854E9,65736295,block_result,1,371B6397A4A3093E46D9475823C6B11E3B3491E9D70F9D76BC2DDA2FEC41CA9E,0,0,9,0,1,osmo1qm8t0qwde65v6cyd727xxrj3sa3dm6472kpwv6,genesis1qm8t0qwde65v6cyd727xxrj3sa3dm647uyxg7a,32695572881002489802388,ibc/F16FDC11A7662B86BC0B9CE61871CBACF7C20606F95E86260FD38915184B75B4,transfer/channel-253/el1,,channel-253,channel-1,connection-1539,1711,1.783383025521E9
57260929|1|0|0|9|1,1.773694287896E9,57260929,block_result,1,B9A9E523A715B880A4D6D3D29D62E2DD94B53490CE0C39146C1F07548ED5A986,0,0,9,0,1,osmo16aypymlama0lk5s8c9s30s09eacpvwnav7ewjv,genesis16aypymlama0lk5s8c9s30s09eacpvwna6v7gqt,7860000000000000000000,ibc/F16FDC11A7662B86BC0B9CE61871CBACF7C20606F95E86260FD38915184B75B4,transfer/channel-253/el1,,channel-253,channel-1,connection-1539,1583,1.773694290333E9
57259393|1|0|0|9|1,1.773692359212E9,57259393,block_result,1,B668E2483ECD5C073931F319CA3AF161D5871A64A2B84E1BAE6AF7BD523A2EF6,0,0,9,0,1,osmo16aypymlama0lk5s8c9s30s09eacpvwnav7ewjv,genesis16aypymlama0lk5s8c9s30s09eacpvwna6v7gqt,7860000000000000000000,ibc/F16FDC11A7662B86BC0B9CE61871CBACF7C20606F95E86260FD38915184B75B4,transfer/channel-253/el1,,channel-253,channel-1,connection-1539,1581,1.773692364555E9
57260091|1|0|0|9|1,1.773693249713E9,57260091,block_result,1,9C4902EA5D281C74A56733E500E13AD10424C0D815066D1B82AFA0A993C77729,0,0,9,0,1,osmo16aypymlama0lk5s8c9s30s09eacpvwnav7ewjv,genesis16aypymlama0lk5s8c9s30s09eacpvwna6v7gqt,61800000000000000000000,ibc/F16FDC11A7662B86BC0B9CE61871CBACF7C20606F95E86260FD38915184B75B4,transfer/channel-253/el1,,channel-253,channel-1,connection-1539,1582,1.773693252077E9
54554386|1|2|0|9|1,1.770367641362E9,54554386,block_result,1,E04071D5557BB6B5D0D6C3E45D283913F6CD26E5B65E1132651DC52950DBAECA,2,0,9,0,1,osmo18vashg4h5gmkwt6kf4hkkeehkksazlq0xt8gc8,genesis18vashg4h5gmkwt6kf4hkkeehkksazlq0seqw2q,143501107940598975464,ibc/F16FDC11A7662B86BC0B9CE61871CBACF7C20606F95E86260FD38915184B75B4,transfer/channel-253/el1,,channel-253,channel-1,connection-1539,1543,1.770367646654512E9
68042681|1|0|0|9|1,1.786138675269E9,68042681,block_result,1,5CBE99649E2AD952BAB1515334F3714D28C11928FE5E0E46545D7669F3D1398E,0,0,9,0,1,osmo1kchq6hwcxykm847jugaf5c6x7aqvz4k9rrcl2w,genesis1jk3v4z3v34vfdkjn7yvve7fwdf8acyr5tydw22,1906000000000000000000,ibc/F16FDC11A7662B86BC0B9CE61871CBACF7C20606F95E86260FD38915184B75B4,transfer/channel-253/el1,,channel-253,channel-1,connection-1539,1907,1.786138680964E9
8751072|1|5|0|7|1,1.67908887596E9,8751072,block_result,1,057685272725762BAEDDBB062576A0ECA33B20868D0D0E837F4643CB53C327FC,5,0,7,0,1,osmo1ux3j2h446q9yf5dvsw4mwa5fnf07ja9v7hnlwd,genesis1ux3j2h446q9yf5dvsw4mwa5fnf07ja9vg95eu2,37339234128749079455,ibc/F16FDC11A7662B86BC0B9CE61871CBACF7C20606F95E86260FD38915184B75B4,transfer/channel-253/el1,,channel-253,channel-1,connection-1539,1198,1.717459433022071E9
68204413|1|0|0|9|1,1.786343530089E9,68204413,block_result,1,7496C79B4832EB21CE460F7CF82EE0723C15B21AD7CECC2D9D2B5327E6F1DB10,0,0,9,0,1,osmo166a7pw3jxyjzg38uuyjlqrs0z5amyu6cd554v4,genesis166a7pw3jxyjzg38uuyjlqrs0z5amyu6cmxnn7j,2397827506554416237,ibc/F16FDC11A7662B86BC0B9CE61871CBACF7C20606F95E86260FD38915184B75B4,transfer/channel-253/el1,,channel-253,channel-1,connection-1539,1912,1.786343533002E9
68239513|1|0|0|9|1,1.786388387769E9,68239513,block_result,1,B2E592A958EA40B7B1159ED9CEA9B59F81EA7A1FCC719BC008D6EF5C1CBD18CF,0,0,9,0,1,osmo1sz6a6kpsdum3g4kalumjj0gttlq4523kwlzgpg,genesis1sz6a6kpsdum3g4kalumjj0gttlq4523kcd9wn0,505986772454144820610,ibc/F16FDC11A7662B86BC0B9CE61871CBACF7C20606F95E86260FD38915184B75B4,transfer/channel-253/el1,,channel-253,channel-1,connection-1539,1913,1.786388390549E9
7703119|1|0|0|7|1,1.67315478499E9,7703119,block_result,1,9B4173FE653C7E125C22001EF855ED7E35B6BF5499C07F601F9E19F9E241D249,0,0,7,0,1,osmo1y6603qh08ttze6vaqr3ucmclq4xxj88x6gz5x8,genesis1y6603qh08ttze6vaqr3ucmclq4xxj88xv69j5q,500000000000000000,ibc/F16FDC11A7662B86BC0B9CE61871CBACF7C20606F95E86260FD38915184B75B4,transfer/channel-253/el1,,channel-253,channel-1,connection-1539,1095,1.717486496200173E9
62737181|1|0|0|9|1,1.779962430046E9,62737181,block_result,1,B4F07C20AEE632EB27AB58C0B29189544E8DAD22A7B070E71F40D82D491714F0,0,0,9,0,1,osmo1kyly26j3kpac52d5chqar82c7m9eukfmy5707c,genesis1kyly26j3kpac52d5chqar82c7m9eukfmjxefvl,19743334319974804286215,ibc/F16FDC11A7662B86BC0B9CE61871CBACF7C20606F95E86260FD38915184B75B4,transfer/channel-253/el1,,channel-253,channel-1,connection-1539,1645,1.779962432907E9
9030907|1|7|0|7|1,1.680685608236E9,9030907,block_result,1,C99DD515BF7475AB4F469071B9C45EA73609D5C45D04245C233CC4AEE16499BF,7,0,7,0,1,osmo1s8nzgwexdz8laux65600tkq6mq8pr6h5tftmat,genesis1s8nzgwexdz8laux65600tkq6mq8pr6h5amva0v,115133532029512408153,ibc/F16FDC11A7662B86BC0B9CE61871CBACF7C20606F95E86260FD38915184B75B4,transfer/channel-253/el1,,channel-253,channel-1,connection-1539,1222,1.717451917377711E9
68099349|1|1|0|9|1,1.786210563984E9,68099349,block_result,1,F3240D5597032F0F7E02E8AD8BEDC0432BED19FF026B4D0FB6A4AF7B2389E2BB,1,0,9,0,1,osmo1c4gf4m92zxachuywrttymahyr63wdwp6k3p7j5,genesis1c4gf4m92zxachuywrttymahyr63wdwp6qrxcqn,125396640589079523120,ibc/F16FDC11A7662B86BC0B9CE61871CBACF7C20606F95E86260FD38915184B75B4,transfer/channel-253/el1,,channel-253,channel-1,connection-1539,1909,1.786210569137E9
68091260|1|1|0|9|1,1.786200261328E9,68091260,block_result,1,C8A26CAD1EA66F8B27ACD655D59F813AF98436B9AB63BC9BFC7C163E78CC2411,1,0,9,0,1,osmo1qn9veg6hdw8kjfmpyl748qm9cgeumctvqfthe0,genesis1qn9veg6hdw8kjfmpyl748qm9cgeumctvkmv3tg,1634624974874853330,ibc/F16FDC11A7662B86BC0B9CE61871CBACF7C20606F95E86260FD38915184B75B4,transfer/channel-253/el1,,channel-253,channel-1,connection-1539,1908,1.786200266463E9
36252967|1|6|0|9|1,1.748047780541E9,36252967,block_result,1,8F46D7CA66B3A37A73247C022C2BABA56F186D123C31C397D3CF41ED5228E6D0,6,0,9,0,1,osmo1ag940t2gd4sn0wey7xgfjl83x2t5v62m6629pc,genesis1ag940t2gd4sn0wey7xgfjl83x2t5v62mvgdrnl,44000000000000000000000,ibc/F16FDC11A7662B86BC0B9CE61871CBACF7C20606F95E86260FD38915184B75B4,transfer/channel-253/el1,,channel-253,channel-1,connection-1539,1495,1.748047783085368E9
36252767|1|0|0|9|1,1.748047533729E9,36252767,block_result,1,1D6FE27C9D4AD0BFDDB9DF4EE4D58CABF1FD2B5E1C0117F167ECA7DFFBC84A8C,0,0,9,0,1,osmo1ag940t2gd4sn0wey7xgfjl83x2t5v62m6629pc,genesis1ag940t2gd4sn0wey7xgfjl83x2t5v62mvgdrnl,4880000000000000000000,ibc/F16FDC11A7662B86BC0B9CE61871CBACF7C20606F95E86260FD38915184B75B4,transfer/channel-253/el1,,channel-253,channel-1,connection-1539,1493,1.748047536433647E9
36252895|1|1|0|9|1,1.748047691359E9,36252895,block_result,1,033BB43342807568E75D4059ABCA6BCCFACAB6D7BF887745F1FB62B700EDC3AA,1,0,9,0,1,osmo1ag940t2gd4sn0wey7xgfjl83x2t5v62m6629pc,genesis1ag940t2gd4sn0wey7xgfjl83x2t5v62mvgdrnl,44000000000000000000,ibc/F16FDC11A7662B86BC0B9CE61871CBACF7C20606F95E86260FD38915184B75B4,transfer/channel-253/el1,,channel-253,channel-1,connection-1539,1494,1.748047695174614E9
9312300|1|1|0|7|1,1.682293172953E9,9312300,block_result,1,681F591AD6FB90FB46FA23C65487FD81028E6F619EBF58E900F19B64137657C2,1,0,7,0,1,osmo1s84q7zy0a0f7dchrpj2fk89gyglkwm2eqrzwxu,genesis1s84q7zy0a0f7dchrpj2fk89gyglkwm2ek39g5m,483304952851222918076,ibc/F16FDC11A7662B86BC0B9CE61871CBACF7C20606F95E86260FD38915184B75B4,transfer/channel-253/el1,,channel-253,channel-1,connection-1539,1248,1.717445297399642E9
30940409|1|0|0|9|1,1.741261623109E9,30940409,block_result,1,A2C3CBF5B463B061E05144817886388AE679798DD5CD376C1583469A04849175,0,0,9,0,1,osmo1yw97y5jma4azfyhky62t56nn2jfp2ana24ws4w,genesis1yw97y5jma4azfyhky62t56nn2jfp2anau8fk8f,2681487640068475030,ibc/F16FDC11A7662B86BC0B9CE61871CBACF7C20606F95E86260FD38915184B75B4,transfer/channel-253/el1,,channel-253,channel-1,connection-1539,1447,1.741320929385771E9
36097951|1|11|0|9|1,1.7478479619E9,36097951,block_result,1,35CFA911B8D6CE15F93184680DCEB3B0F2D80090EF5D7FC72D602535F4A75CFC,11,0,9,0,1,osmo16aypymlama0lk5s8c9s30s09eacpvwnav7ewjv,genesis16aypymlama0lk5s8c9s30s09eacpvwna6v7gqt,40000000000000000000000,ibc/F16FDC11A7662B86BC0B9CE61871CBACF7C20606F95E86260FD38915184B75B4,transfer/channel-253/el1,,channel-253,channel-1,connection-1539,1489,1.74784801172438E9
44055533|1|1|0|9|1,1.757773604561E9,44055533,block_result,1,A4EB1643E5F3BB9E523C6BD041F39D77897444DFC6F6B493930D78136061DC01,1,0,9,0,1,osmo1u57ekxxqsjrqe4k9yucv786tvc6yjj265a4cqm,genesis1u57ekxxqsjrqe4k9yucv786tvc6yjj26z0j7ju,5000000000000000000,ibc/F16FDC11A7662B86BC0B9CE61871CBACF7C20606F95E86260FD38915184B75B4,transfer/channel-253/el1,,channel-253,channel-1,connection-1539,1504,1.757773607274009E9
51747786|1|0|0|9|1,1.767105266532E9,51747786,block_result,1,AA887CA9ECB181728235EB93D3707F10E200ECF4DCE7F643F36903295C8CA1D5,0,0,9,0,1,osmo1hauvj3muyuswsfn5hc4cqj3zmwe6y33ls3093z,genesis1hauvj3muyuswsfn5hc4cqj3zmwe6y33lxrgrr9,1500000000000000000000,ibc/F16FDC11A7662B86BC0B9CE61871CBACF7C20606F95E86260FD38915184B75B4,transfer/channel-253/el1,,channel-253,channel-1,connection-1539,1526,1.767105269148544E9
7964097|1|4|0|7|1,1.67464179927E9,7964097,block_result,1,1D82303B6F1065E93A930609F937771E088BB99878D0ECA24D5011A1576C98FE,4,0,7,0,1,osmo1jev7zyn0zkln3gtsuprgwwxmrs6shsuxvxjf0g,genesis1jev7zyn0zkln3gtsuprgwwxmrs6shsux6540a0,14000889999999870000,ibc/F16FDC11A7662B86BC0B9CE61871CBACF7C20606F95E86260FD38915184B75B4,transfer/channel-253/el1,,channel-253,channel-1,connection-1539,1123,1.717479455530427E9
7960436|1|3|0|7|1,1.674621036421E9,7960436,block_result,1,A049D126C95F0AF76F5383EFAEB5DA4E1184F82AD5B91B6B929CE99AD84B6CE9,3,0,7,0,1,osmo1yxw7a7f5qxnhchzyfu0gx2j5nrhhachml6qrh7,genesis1yxw7a7f5qxnhchzyfu0gx2j5nrhhachmfg899e,232540542150697982276,ibc/F16FDC11A7662B86BC0B9CE61871CBACF7C20606F95E86260FD38915184B75B4,transfer/channel-253/el1,,channel-253,channel-1,connection-1539,1122,1.717480226727188E9
68839717|1|2|0|9|1,1.78715332852E9,68839717,block_result,1,F4713EA0B028BF1D1A72AE6A97B13186B1BF044B2DD19FA2C86678C761164BE0,2,0,9,0,1,osmo16aypymlama0lk5s8c9s30s09eacpvwnav7ewjv,genesis16aypymlama0lk5s8c9s30s09eacpvwna6v7gqt,2266052717450418766542,ibc/F16FDC11A7662B86BC0B9CE61871CBACF7C20606F95E86260FD38915184B75B4,transfer/channel-253/el1,,channel-253,channel-1,connection-1539,1933,1.787153334043E9
68832520|1|0|0|9|1,1.787144140581E9,68832520,block_result,1,366542313295745E971329657A2B4CA7C8A74E7FCCFCEC3CCA8D6BA88CC1A1BB,0,0,9,0,1,osmo1kchq6hwcxykm847jugaf5c6x7aqvz4k9rrcl2w,genesis1jk3v4z3v34vfdkjn7yvve7fwdf8acyr5tydw22,2655000000000000000000,ibc/F16FDC11A7662B86BC0B9CE61871CBACF7C20606F95E86260FD38915184B75B4,transfer/channel-253/el1,,channel-253,channel-1,connection-1539,1932,1.787144145817E9
68824783|1|0|0|9|1,1.787134309912E9,68824783,block_result,1,B3F9844ACBE027EC8CF503EEBBC24AA93D3A3ED64D8E9C0CC9972A39F42F851D,0,0,9,0,1,osmo1kchq6hwcxykm847jugaf5c6x7aqvz4k9rrcl2w,genesis1jk3v4z3v34vfdkjn7yvve7fwdf8acyr5tydw22,3220000000000000000000,ibc/F16FDC11A7662B86BC0B9CE61871CBACF7C20606F95E86260FD38915184B75B4,transfer/channel-253/el1,,channel-253,channel-1,connection-1539,1930,1.787134313127E9
68824695|1|1|0|9|1,1.787134194507E9,68824695,block_result,1,39D81A904B4AB3DC09DCFBE73359C34AABF548D9C8BAB89BF926D1DF85FF67A5,1,0,9,0,1,osmo1kchq6hwcxykm847jugaf5c6x7aqvz4k9rrcl2w,genesis1kchq6hwcxykm847jugaf5c6x7aqvz4k943lecf,3220000000000000000000,ibc/F16FDC11A7662B86BC0B9CE61871CBACF7C20606F95E86260FD38915184B75B4,transfer/channel-253/el1,,channel-253,channel-1,connection-1539,1929,1.78713419886E9
68815627|1|0|0|9|1,1.78712275635E9,68815627,block_result,1,6521A237D82A7BC0C52E9C4A55DFE128E4ADF6F3D20F5BD255F6BDA656D2590F,0,0,9,0,1,osmo1srgysthmuqpw4f6qsrektu2glj59hz6lt44dyp,genesis1srgysthmuqpw4f6qsrektu2glj59hz6la8jtkx,1500595462219790838914,ibc/F16FDC11A7662B86BC0B9CE61871CBACF7C20606F95E86260FD38915184B75B4,transfer/channel-253/el1,,channel-253,channel-1,connection-1539,1928,1.787122758731E9
68810233|1|0|0|9|1,1.787115956575E9,68810233,block_result,1,548D83373A47E52549DA7355B6A6AA0DAB722C5F107C0F4C8419A1F0F78F080F,0,0,9,0,1,osmo1srgysthmuqpw4f6qsrektu2glj59hz6lt44dyp,genesis1srgysthmuqpw4f6qsrektu2glj59hz6la8jtkx,1558670968059739792234,ibc/F16FDC11A7662B86BC0B9CE61871CBACF7C20606F95E86260FD38915184B75B4,transfer/channel-253/el1,,channel-253,channel-1,connection-1539,1927,1.787115960685E9
68827424|1|0|0|9|1,1.787137656845E9,68827424,block_result,1,D90D30EC7C848FB0426B8DBDE97F72438472CD1A836D5F24CB87F6994B321727,0,0,9,0,1,osmo1srgysthmuqpw4f6qsrektu2glj59hz6lt44dyp,genesis1srgysthmuqpw4f6qsrektu2glj59hz6la8jtkx,10165616190477596531321,ibc/F16FDC11A7662B86BC0B9CE61871CBACF7C20606F95E86260FD38915184B75B4,transfer/channel-253/el1,,channel-253,channel-1,connection-1539,1931,1.787137687465E9
15765120|1|3|0|9|1,1.71582855051E9,15765120,block_result,1,D794B0BD5594D1134BED2AE1A14D347C3489385790503F6CC01567F99C434485,3,0,9,0,1,osmo1ag940t2gd4sn0wey7xgfjl83x2t5v62m6629pc,genesis1ag940t2gd4sn0wey7xgfjl83x2t5v62mvgdrnl,100000000000000000000,ibc/F16FDC11A7662B86BC0B9CE61871CBACF7C20606F95E86260FD38915184B75B4,transfer/channel-253/el1,,channel-253,channel-1,connection-1539,1350,1.716992577491571E9
71113369|1|0|0|9|1,1.790104268639E9,71113369,block_result,1,3706771C57AA8C1A8A685D9DFEEB047E1A38A7510F7C221D45C50CFD0EFEBD25,0,0,9,0,1,osmo1srgysthmuqpw4f6qsrektu2glj59hz6lt44dyp,genesis1srgysthmuqpw4f6qsrektu2glj59hz6la8jtkx,3500000000000000000000,ibc/F16FDC11A7662B86BC0B9CE61871CBACF7C20606F95E86260FD38915184B75B4,transfer/channel-253/el1,,channel-253,channel-1,connection-1539,1995,1.79010427409E9
65906807|1|0|0|9|1,1.78358353679E9,65906807,block_result,1,49AB8BB8778AA5F4B292F2C348CABB6D4054C1074C9207CF6A1E244706D4DB35,0,0,9,0,1,osmo12wgfhlj6xd9lnnp564kdetsgf4jark9cszx07u,genesis1r9sqeje2ppw9kva5x6j34kxh9npu2k0z2nchk9,37730000000000000000000,ibc/F16FDC11A7662B86BC0B9CE61871CBACF7C20606F95E86260FD38915184B75B4,transfer/channel-253/el1,,channel-253,channel-1,connection-1539,1713,1.783583539375E9
65906766|1|0|0|9|1,1.783583490624E9,65906766,block_result,1,1584DC3A1BCB046CF05B9F927F2310688BC22B6229A5CAFA904EA8F6361B1F51,0,0,9,0,1,osmo12wgfhlj6xd9lnnp564kdetsgf4jark9cszx07u,genesis1r9sqeje2ppw9kva5x6j34kxh9npu2k0z2nchk9,100000000000000000000,ibc/F16FDC11A7662B86BC0B9CE61871CBACF7C20606F95E86260FD38915184B75B4,transfer/channel-253/el1,,channel-253,channel-1,connection-1539,1712,1.78358349432E9
65057344|1|1|0|9|1,1.782595646636E9,65057344,block_result,1,62BA5CA712C693D11C2512696FA35FC603EAA8EB5E5E667D724656FE2BEBC3E6,1,0,9,0,1,osmo1yaaemqhc8776gxy0e2l53nrw6dmewd7sfa82vg,genesis1yaaemqhc8776gxy0e2l53nrw6dmewd7sl0qv70,313837784007596692796,ibc/F16FDC11A7662B86BC0B9CE61871CBACF7C20606F95E86260FD38915184B75B4,transfer/channel-253/el1,,channel-253,channel-1,connection-1539,1693,1.782595648982E9
8005475|1|2|0|7|1,1.674875252725E9,8005475,block_result,1,58768CF5961D2EAF86E6037ACA6B8001F2BCBA50BB10A40B0FC2399B2F4410D8,2,0,7,0,1,osmo15lprtmks37df9m6mgz98qdpg8357uw78qr2teu,genesis15lprtmks37df9m6mgz98qdpg8357uw78k3ddtm,1034891385086471772,ibc/F16FDC11A7662B86BC0B9CE61871CBACF7C20606F95E86260FD38915184B75B4,transfer/channel-253/el1,,channel-253,channel-1,connection-1539,1126,1.717479136965485E9
71422111|1|0|0|9|1,1.790503095873E9,71422111,block_result,1,FCB26B10870CA988F57C5ED5B36EC3D1836DC5CF3FCFD5DEEC6274CCE0E9B725,0,0,9,0,1,osmo19zrtt2uncccycgcm9efgedu0hr27qfdvu5xj8n,genesis19zrtt2uncccycgcm9efgedu0hr27qfdv2xp545,44624385366678885439,ibc/F16FDC11A7662B86BC0B9CE61871CBACF7C20606F95E86260FD38915184B75B4,transfer/channel-253/el1,,channel-253,channel-1,connection-1539,2026,1.790503098175E9
66580716|1|0|0|9|1,1.784359160557E9,66580716,block_result,1,1B4A0FAFA3C0C9349D6F4EA78AFC6F129A5AA2A8D8E575F072FBFA58C2332165,0,0,9,0,1,osmo12wgfhlj6xd9lnnp564kdetsgf4jark9cszx07u,genesis1pscc4p8cynm6zcam3wcz7rnnzsazkh3lky3c9m,13500000000000000000000,ibc/F16FDC11A7662B86BC0B9CE61871CBACF7C20606F95E86260FD38915184B75B4,transfer/channel-253/el1,,channel-253,channel-1,connection-1539,1746,1.784359165718E9
66581515|1|0|0|9|1,1.784360107989E9,66581515,block_result,1,E06E1B2F420439A3DA87FE467AA22FD9867DD95AFA2CA596BA2745D35BAEEBB2,0,0,9,0,1,osmo1s0mcdnsp74relctt3nyfyx4zkuwfn5wff8n73a,genesis1s0mcdnsp74relctt3nyfyx4zkuwfn5wfl45cr6,31247589851318867418637,ibc/F16FDC11A7662B86BC0B9CE61871CBACF7C20606F95E86260FD38915184B75B4,transfer/channel-253/el1,,channel-253,channel-1,connection-1539,1747,1.784360110266E9
66579092|1|1|0|9|1,1.784357222317E9,66579092,block_result,1,D5D4BF23DB871CC450A357AF93A47D9ACD15AD228DD131A35A3BBC48B2D9A5C4,1,0,9,0,1,osmo1tmtpfl965s0mscqhgyfzxu02x28wym0lapp7a0,genesis1tmtpfl965s0mscqhgyfzxu02x28wym0ltnxc0g,72096442972025987742,ibc/F16FDC11A7662B86BC0B9CE61871CBACF7C20606F95E86260FD38915184B75B4,transfer/channel-253/el1,,channel-253,channel-1,connection-1539,1745,1.784357225976E9
8910874|1|1|0|7|1,1.680000183598E9,8910874,block_result,1,4E5F112B59820946D75DC32C2F75403A9107D18E373B68DF9A4711DFEC75C3FD,1,0,7,0,1,osmo1s8nzgwexdz8laux65600tkq6mq8pr6h5tftmat,genesis1s8nzgwexdz8laux65600tkq6mq8pr6h5amva0v,63365002717547987985,ibc/F16FDC11A7662B86BC0B9CE61871CBACF7C20606F95E86260FD38915184B75B4,transfer/channel-253/el1,,channel-253,channel-1,connection-1539,1213,1.717455446717287E9
7410249|1|9|0|7|1,1.671486166309E9,7410249,block_result,1,9BCF273065D6C121C92AFBC510F560CBDB316C747E0642681AA664F72DA18A18,9,0,7,0,1,osmo1svl4txrcxpwy55q5svr7lfa0fm20mzc90hzgg2,genesis1svl4txrcxpwy55q5svr7lfa0fm20mzc9e99w6d,575367631074151377628,ibc/F16FDC11A7662B86BC0B9CE61871CBACF7C20606F95E86260FD38915184B75B4,transfer/channel-253/el1,,channel-253,channel-1,connection-1539,1069,1.717494295296964E9
7401208|1|11|0|7|1,1.671434144985E9,7401208,block_result,1,7F1C4BB78E9CD60B74E05C167FCB0C17F57A3BFECCD1647D58497050F10EFB29,11,0,7,0,1,osmo1z024vgu2v80dv0gg64aawnz8kynh3apuqxs9jy,genesis1z024vgu2v80dv0gg64aawnz8kynh3apuk5hrqr,5000000000000000000,ibc/F16FDC11A7662B86BC0B9CE61871CBACF7C20606F95E86260FD38915184B75B4,transfer/channel-253/el1,,channel-253,channel-1,connection-1539,1068,1.717494478622905E9
67868725|1|0|0|9|1,1.785919419381E9,67868725,block_result,1,52E531BFB6F88E51BBD2125697A37958E661F8A1F1489A16FFE760E0C422FD3D,0,0,9,0,1,osmo10pdwjxyc9grn7n3aa4ua5zf28e7ynh3shcak2p,genesis10pdwjxyc9grn7n3aa4ua5zf28e7ynh3sp26scx,84256473578111295392,ibc/F16FDC11A7662B86BC0B9CE61871CBACF7C20606F95E86260FD38915184B75B4,transfer/channel-253/el1,,channel-253,channel-1,connection-1539,1897,1.785919421896E9
67891878|1|1|0|9|1,1.785948364386E9,67891878,block_result,1,A6ADD2E909975A9B51076F9BB039F7BBCFD36DE61DF056E6C372BB3F5A7D144C,1,0,9,0,1,osmo16xnzvl9zw74q2p2ldzl088wx3pmtxrwma2md9x,genesis16xnzvl9zw74q2p2ldzl088wx3pmtxrwmtcuthp,468254376915160915904,ibc/F16FDC11A7662B86BC0B9CE61871CBACF7C20606F95E86260FD38915184B75B4,transfer/channel-253/el1,,channel-253,channel-1,connection-1539,1900,1.785948369641E9
67865611|1|0|0|9|1,1.785915587936E9,67865611,block_result,1,7B34A54636245DBA22270FFAE4A5568DC89E29459895F19110951C02A24E09B2,0,0,9,0,1,osmo12wgfhlj6xd9lnnp564kdetsgf4jark9cszx07u,genesis1fnurwwfpjv0sm0hqevt9w525ye8nhlhc5mgp6k,874980000000000000000,ibc/F16FDC11A7662B86BC0B9CE61871CBACF7C20606F95E86260FD38915184B75B4,transfer/channel-253/el1,,channel-253,channel-1,connection-1539,1896,1.785915591494E9
67882821|1|1|0|9|1,1.785936931463E9,67882821,block_result,1,5F6E3FD8D1325D11C70767BDD883D61EC3E7FA768C22A418B229267770B3A24D,1,0,9,0,1,osmo1srgysthmuqpw4f6qsrektu2glj59hz6lt44dyp,genesis1srgysthmuqpw4f6qsrektu2glj59hz6la8jtkx,450917371266479815214,ibc/F16FDC11A7662B86BC0B9CE61871CBACF7C20606F95E86260FD38915184B75B4,transfer/channel-253/el1,,channel-253,channel-1,connection-1539,1899,1.785936934932E9
67880399|1|0|0|9|1,1.78593389893E9,67880399,block_result,1,E622C555EE0CC947A61B5BDD88DE933D46E18A4210A05E60FEA41359F38307EE,0,0,9,0,1,osmo1srgysthmuqpw4f6qsrektu2glj59hz6lt44dyp,genesis1srgysthmuqpw4f6qsrektu2glj59hz6la8jtkx,1368459686142291148662,ibc/F16FDC11A7662B86BC0B9CE61871CBACF7C20606F95E86260FD38915184B75B4,transfer/channel-253/el1,,channel-253,channel-1,connection-1539,1898,1.785933902429E9
9320687|1|13|0|7|1,1.682340742132E9,9320687,block_result,1,ABE9D1F37077A9BA98454A177A46D5896939B619B8301C7D7A23FAE400A26B47,13,0,7,0,1,osmo1u57ekxxqsjrqe4k9yucv786tvc6yjj265a4cqm,genesis1u57ekxxqsjrqe4k9yucv786tvc6yjj26z0j7ju,5000000000000000000000,ibc/F16FDC11A7662B86BC0B9CE61871CBACF7C20606F95E86260FD38915184B75B4,transfer/channel-253/el1,,channel-253,channel-1,connection-1539,1249,1.71744456195881E9
35831742|1|0|0|9|1,1.747507126841E9,35831742,block_result,1,BA1291D0BDFFD60FCB2A3EAAD7C7EA02F419042998A811B7058E2F53B89A2CA6,0,0,9,0,1,osmo1ag940t2gd4sn0wey7xgfjl83x2t5v62m6629pc,genesis1ag940t2gd4sn0wey7xgfjl83x2t5v62mvgdrnl,6500000000000000000000,ibc/F16FDC11A7662B86BC0B9CE61871CBACF7C20606F95E86260FD38915184B75B4,transfer/channel-253/el1,,channel-253,channel-1,connection-1539,1486,1.747507147793569E9
35833056|1|4|0|9|1,1.747508801064E9,35833056,block_result,1,8C437C780774203C948108E3B629D6B275DA7CB9EA3E83955C273A72446BD5ED,4,0,9,0,1,osmo16aypymlama0lk5s8c9s30s09eacpvwnav7ewjv,genesis1u47h9qyxufvrgf27hqhu66j092as9upjr5dy4f,14400000000000000000000,ibc/F16FDC11A7662B86BC0B9CE61871CBACF7C20606F95E86260FD38915184B75B4,transfer/channel-253/el1,,channel-253,channel-1,connection-1539,1487,1.747508839430677E9
5345368|1|143|0|7|1,1.659002274216E9,5345368,block_result,1,69A5FDBE821D03D512B5A5519A0D3A6159AB735C69365A59389343894DA08596,143,0,7,0,1,osmo100jvtv7wrgngwnc8qw32at27hzgsjyhum0rlrj,genesis100jvtv7wrgngwnc8qw32at27hzgsjyhudaye34,90095512246423353258,ibc/F16FDC11A7662B86BC0B9CE61871CBACF7C20606F95E86260FD38915184B75B4,transfer/channel-253/el1,,channel-253,channel-1,connection-1539,451,1.717573286863281E9
5352803|1|1|0|7|1,1.659048737566E9,5352803,block_result,1,6B1A27D003CA0E85BA713117D2AA90748FFE72C5FC045E75E5A3B874400685E9,1,0,7,0,1,osmo1gep50gr4jpg7qju2epckc03up0t9mjmlzxg0tj,genesis1gep50gr4jpg7qju2epckc03up0t9mjml550fe4,243378683508919259181,ibc/F16FDC11A7662B86BC0B9CE61871CBACF7C20606F95E86260FD38915184B75B4,transfer/channel-253/el1,,channel-253,channel-1,connection-1539,456,1.717555121030073E9
5349538|1|1|0|7|1,1.659028029993E9,5349538,block_result,1,A3A0EF79281730F17B0B609A5FF6A368FD76D7FC08C888EE88A6D69E5CDB90C3,1,0,7,0,1,osmo1v2wmsgvu3c7ss3altqqrxhsen8lwenttgduu7z,genesis1v2wmsgvu3c7ss3altqqrxhsen8lwentt7lm6v9,196627424683045613268,ibc/F16FDC11A7662B86BC0B9CE61871CBACF7C20606F95E86260FD38915184B75B4,transfer/channel-253/el1,,channel-253,channel-1,connection-1539,454,1.717556315704428E9
5349614|1|1|0|7|1,1.659028499432E9,5349614,block_result,1,4F7184B8D8A8B581D59D3994BA92FB77824452699969114AC1D3BB1C2FDBBA14,1,0,7,0,1,osmo1v2wmsgvu3c7ss3altqqrxhsen8lwenttgduu7z,genesis1v2wmsgvu3c7ss3altqqrxhsen8lwentt7lm6v9,101916157566352441140,ibc/F16FDC11A7662B86BC0B9CE61871CBACF7C20606F95E86260FD38915184B75B4,transfer/channel-253/el1,,channel-253,channel-1,connection-1539,455,1.717556323881583E9
5346657|1|301|0|7|1,1.65901024703E9,5346657,block_result,1,A0A22AAE5D23CAF156BDF1DBC4AD0A80DB18BE988DC9B10ABB69B430A0ED2A89,301,0,7,0,1,osmo1v2z9rwxt5y98pnrs6ryhqp08ay5azzvmw92wnm,genesis1v2z9rwxt5y98pnrs6ryhqp08ay5azzvmchdgpu,13591000000000000000000,ibc/F16FDC11A7662B86BC0B9CE61871CBACF7C20606F95E86260FD38915184B75B4,transfer/channel-253/el1,,channel-253,channel-1,connection-1539,453,1.71757324312961E9
5346089|1|2|0|7|1,1.659006740639E9,5346089,block_result,1,A6FEE4BB5E2E25C6D1DFE6A5E10639ABFD913DD7F8DE2E2C4827FDAE52CFBAC3,2,0,7,0,1,osmo1vyrp5ma6d2kzjww4crl4juefw79kstu4sy500r,genesis1vyrp5ma6d2kzjww4crl4juefw79kstu4xknfay,10999739999999870000,ibc/F16FDC11A7662B86BC0B9CE61871CBACF7C20606F95E86260FD38915184B75B4,transfer/channel-253/el1,,channel-253,channel-1,connection-1539,452,1.717556394331221E9
57017157|1|0|0|9|1,1.773390008138E9,57017157,block_result,1,DC5F4EAA5850EE94184603947F051DFFF03A48430870D5C875E2472CF3B4152B,0,0,9,0,1,osmo16aypymlama0lk5s8c9s30s09eacpvwnav7ewjv,genesis16aypymlama0lk5s8c9s30s09eacpvwna6v7gqt,17500000000000000000000,ibc/F16FDC11A7662B86BC0B9CE61871CBACF7C20606F95E86260FD38915184B75B4,transfer/channel-253/el1,,channel-253,channel-1,connection-1539,1580,1.773390010865E9
44489127|1|0|0|9|1,1.758307299543E9,44489127,block_result,1,E4810A02519A556718EEFEDB941BAAA22A78FE0E9E3D805D81C51FA30E229CDF,0,0,9,0,1,osmo1vmjdd0uh783h6068nvjsvw0uvs57v5h50793hw,genesis1vmjdd0uh783h6068nvjsvw0uvs57v5h5evzh9f,8886543201116686268,ibc/F16FDC11A7662B86BC0B9CE61871CBACF7C20606F95E86260FD38915184B75B4,transfer/channel-253/el1,,channel-253,channel-1,connection-1539,1505,1.758307302497345E9
69515704|1|0|0|9|1,1.788024734708E9,69515704,block_result,1,04AF085F65F7CF24547489BA3DE36183C884E24511B2EEE4A178DB2E6E641198,0,0,9,0,1,osmo1c4gf4m92zxachuywrttymahyr63wdwp6k3p7j5,genesis1c4gf4m92zxachuywrttymahyr63wdwp6qrxcqn,108490456162876778955,ibc/F16FDC11A7662B86BC0B9CE61871CBACF7C20606F95E86260FD38915184B75B4,transfer/channel-253/el1,,channel-253,channel-1,connection-1539,1948,1.788024738231E9
69491282|1|0|0|9|1,1.787993044026E9,69491282,block_result,1,6396E8B8AE86A3028306514837326F4CE28E772B40C4F76E0E5178305E57D8C6,0,0,9,0,1,osmo1zkewm35hqzve3xet3rhc0kmzeldxjf22fwq990,genesis1zkewm35hqzve3xet3rhc0kmzeldxjf22lu8rhg,1100934406256879717203,ibc/F16FDC11A7662B86BC0B9CE61871CBACF7C20606F95E86260FD38915184B75B4,transfer/channel-253/el1,,channel-253,channel-1,connection-1539,1947,1.787993046245E9
6736601|1|4|0|7|1,1.667531923643E9,6736601,block_result,1,23B4473F564AD7713CEA4A28F119958A94B9AF668637389105BE4B25B707295F,4,0,7,0,1,osmo1kvkm8p8dd6xamfcdk9es7hylsqgrvhdmxetzk2,genesis1kvkm8p8dd6xamfcdk9es7hylsqgrvhdmstvyyd,1995136371952285,ibc/F16FDC11A7662B86BC0B9CE61871CBACF7C20606F95E86260FD38915184B75B4,transfer/channel-253/el1,,channel-253,channel-1,connection-1539,997,1.717507982761816E9
6739143|1|4|0|7|1,1.667546928697E9,6739143,block_result,1,15A3FD3733D2B360498F0D426C6A5B1F4F0039BCAE1A90D0111D990592909F84,4,0,7,0,1,osmo1vgmslv3tc4r0kfzq3mpdugrkkn7sxq3eak6g84,genesis1vgmslv3tc4r0kfzq3mpdugrkkn7sxq3etyaw4j,7200217749353211258,ibc/F16FDC11A7662B86BC0B9CE61871CBACF7C20606F95E86260FD38915184B75B4,transfer/channel-253/el1,,channel-253,channel-1,connection-1539,998,1.717507924882635E9
57478343|1|0|0|9|1,1.773968265082E9,57478343,block_result,1,F149A86B0EF6D12270EBC616D795DBA6F6D712BBB6947075950C27DFAEE01C1B,0,0,9,0,1,osmo16aypymlama0lk5s8c9s30s09eacpvwnav7ewjv,genesis16aypymlama0lk5s8c9s30s09eacpvwna6v7gqt,10000000000000000000000,ibc/F16FDC11A7662B86BC0B9CE61871CBACF7C20606F95E86260FD38915184B75B4,transfer/channel-253/el1,,channel-253,channel-1,connection-1539,1586,1.773968267561E9
57478478|1|0|0|9|1,1.773968437479E9,57478478,block_result,1,72B11DB29EF6B3B9549FAF289972D4715E6BA8FE0DA433B077297F90F74E8751,0,0,9,0,1,osmo16aypymlama0lk5s8c9s30s09eacpvwnav7ewjv,genesis16aypymlama0lk5s8c9s30s09eacpvwna6v7gqt,9900000000000000000000,ibc/F16FDC11A7662B86BC0B9CE61871CBACF7C20606F95E86260FD38915184B75B4,transfer/channel-253/el1,,channel-253,channel-1,connection-1539,1587,1.773968440958E9
9097937|1|1|0|7|1,1.681068847913E9,9097937,block_result,1,C9913A89115269C03AD211370E90047000FD9267D4C3CE3C66CE53CEF4873DBC,1,0,7,0,1,osmo16aypymlama0lk5s8c9s30s09eacpvwnav7ewjv,genesis10pnjdnkpzqj4txk64f9w8yxc6lyjsu39qf7kul,100000000000000000000,ibc/F16FDC11A7662B86BC0B9CE61871CBACF7C20606F95E86260FD38915184B75B4,transfer/channel-253/el1,,channel-253,channel-1,connection-1539,1231,1.717450145995749E9
9097949|1|1|0|7|1,1.681068913166E9,9097949,block_result,1,A92CEBF84CE7FC67A04629DBA5DDF778EFD26991875CEFCD24F3DB497AD1F515,1,0,7,0,1,osmo16aypymlama0lk5s8c9s30s09eacpvwnav7ewjv,genesis16aypymlama0lk5s8c9s30s09eacpvwna6v7gqt,100000000000000000000,ibc/F16FDC11A7662B86BC0B9CE61871CBACF7C20606F95E86260FD38915184B75B4,transfer/channel-253/el1,,channel-253,channel-1,connection-1539,1232,1.717450146831637E9
9097133|1|6|0|7|1,1.681064235772E9,9097133,block_result,1,4F7AAD9378CD45A86C3C06C94167CFBFCEF946796084330E171397D3E71A44BF,6,0,7,0,1,osmo16aypymlama0lk5s8c9s30s09eacpvwnav7ewjv,genesis16aypymlama0lk5s8c9s30s09eacpvwna6v7gqt,500000000000000000000,ibc/F16FDC11A7662B86BC0B9CE61871CBACF7C20606F95E86260FD38915184B75B4,transfer/channel-253/el1,,channel-253,channel-1,connection-1539,1229,1.717450690961177E9
9091730|1|2|0|7|1,1.681033045288E9,9091730,block_result,1,D8DECAE298A4BC860067FCF9AEDA651CAC49C8021DC73488E5804F8596796B48,2,0,7,0,1,osmo1s8nzgwexdz8laux65600tkq6mq8pr6h5tftmat,genesis1s8nzgwexdz8laux65600tkq6mq8pr6h5amva0v,112344163680735585912,ibc/F16FDC11A7662B86BC0B9CE61871CBACF7C20606F95E86260FD38915184B75B4,transfer/channel-253/el1,,channel-253,channel-1,connection-1539,1226,1.717450737379775E9
9097130|1|1|0|7|1,1.681064217538E9,9097130,block_result,1,F1B8423384E4469D7CCCABF732D486310F465DF5C97C0D9D27A31D23CEBB8143,1,0,7,0,1,osmo16aypymlama0lk5s8c9s30s09eacpvwnav7ewjv,genesis1ujyjtywudg7nglp8e755n7qvc0rjww0lp4ax4j,500000000000000000000,ibc/F16FDC11A7662B86BC0B9CE61871CBACF7C20606F95E86260FD38915184B75B4,transfer/channel-253/el1,,channel-253,channel-1,connection-1539,1228,1.717450690232987E9
9096857|1|4|0|7|1,1.681062650657E9,9096857,block_result,1,8BD6E76C4CC73183A90E1314E5CFE81C19D97DD71C0D1A2908D1D571D95C67C1,4,0,7,0,1,osmo1xpfdf7nfsxygh0gu5ewgaw9gqlf7y2fu4y23u3,genesis1xpfdf7nfsxygh0gu5ewgaw9gqlf7y2furkdhwk,366475008955616490733,ibc/F16FDC11A7662B86BC0B9CE61871CBACF7C20606F95E86260FD38915184B75B4,transfer/channel-253/el1,,channel-253,channel-1,connection-1539,1227,1.717450693089109E9
9097205|1|2|0|7|1,1.681064641944E9,9097205,block_result,1,36AA4B68260A81F731C6AF02156C24FDC5E5980E454F776353B0D6DAB8B73C34,2,0,7,0,1,osmo16aypymlama0lk5s8c9s30s09eacpvwnav7ewjv,genesis1xpfdf7nfsxygh0gu5ewgaw9gqlf7y2furkdhwk,20000000000000000000,ibc/F16FDC11A7662B86BC0B9CE61871CBACF7C20606F95E86260FD38915184B75B4,transfer/channel-253/el1,,channel-253,channel-1,connection-1539,1230,1.717450685523483E9
35872275|1|10|0|9|1,1.747558665648E9,35872275,block_result,1,5D610182F52D4FEA93310BDF48A3FF5997D44F27FACE83F8B67C6B18C54A073D,10,0,9,0,1,osmo16aypymlama0lk5s8c9s30s09eacpvwnav7ewjv,genesis1h4lx8cm0vnrrahjjfgsjp79jjnyspy6w7ehrxd,50000000000000000000000,ibc/F16FDC11A7662B86BC0B9CE61871CBACF7C20606F95E86260FD38915184B75B4,transfer/channel-253/el1,,channel-253,channel-1,connection-1539,1488,1.747558687303111E9
54701937|1|0|0|9|1,1.770548098909E9,54701937,block_result,1,800FFA516286AAE7CBAD7726BFE2F0140FF2F75B2E27EFFCA371DDDDB39D18F3,0,0,9,0,1,osmo1nlgpgwq5ej5twqurxdt3k7a034uz6sacnae59u,0x92f0677a762c022e2c2e96f52999c340c29c1bc8,1000000000000000000,ibc/F16FDC11A7662B86BC0B9CE61871CBACF7C20606F95E86260FD38915184B75B4,transfer/channel-253/el1,,channel-253,channel-1,connection-1539,1545,1.770548115959885E9
54719537|1|0|0|9|1,1.770569577284E9,54719537,block_result,1,2CCE7902477EB43FC1E3E9CB0EC3F695B37A3B28EE7D3FC93CF74119F3C3F897,0,0,9,0,1,osmo10c3r27nekd9w7s3swwg3t9sf5hzrvqjftf2djk,genesis10c3r27nekd9w7s3swwg3t9sf5hzrvqjfamdtq3,10147232472175649823,ibc/F16FDC11A7662B86BC0B9CE61871CBACF7C20606F95E86260FD38915184B75B4,transfer/channel-253/el1,,channel-253,channel-1,connection-1539,1546,1.770569579863194E9
54682212|1|3|0|9|1,1.770523948751E9,54682212,block_result,1,E798EA288B6C1D800A9D6FEA5E15140630CB96A9B34700420906880B6030FEB5,3,0,9,0,1,osmo1qctsnew9jprsk2jdngu6ddemgd3h4f49sg49p8,genesis1qctsnew9jprsk2jdngu6ddemgd3h4f49x6jrnq,2210144244516528620,ibc/F16FDC11A7662B86BC0B9CE61871CBACF7C20606F95E86260FD38915184B75B4,transfer/channel-253/el1,,channel-253,channel-1,connection-1539,1544,1.770523954952673E9
54729305|1|0|0|9|1,1.770581486289E9,54729305,block_result,1,07D0D4417E07663F2AE5C66AFB505A4C0A5336B44EAE68AA82BB0E9FA00CA7F2,0,0,9,0,1,osmo1spw7c7et7pf3w5g27nlssnc9h6u7zf2j457z0x,genesis1spw7c7et7pf3w5g27nlssnc9h6u7zf2jrxeyap,43984661419027210537,ibc/F16FDC11A7662B86BC0B9CE61871CBACF7C20606F95E86260FD38915184B75B4,transfer/channel-253/el1,,channel-253,channel-1,connection-1539,1547,1.770581488704819E9
15082836|1|4|0|9|1,1.713650278769E9,15082836,block_result,1,08B7BDA0C7EC99898475BE937898CBB54E19A834D795D5122326C9785EA33213,4,0,9,0,1,osmo16aypymlama0lk5s8c9s30s09eacpvwnav7ewjv,genesis16aypymlama0lk5s8c9s30s09eacpvwna6v7gqt,1420000000000000000000,ibc/F16FDC11A7662B86BC0B9CE61871CBACF7C20606F95E86260FD38915184B75B4,transfer/channel-253/el1,,channel-253,channel-1,connection-1539,1329,1.717020417968426E9
66261348|1|0|0|9|1,1.783989039803E9,66261348,block_result,1,4B2CA13C80A599FE999E598334A62BA997CE427F7CF8FF8DA4521FF15B223119,0,0,9,0,1,osmo1c4gf4m92zxachuywrttymahyr63wdwp6k3p7j5,genesis1c4gf4m92zxachuywrttymahyr63wdwp6qrxcqn,100000000000000,ibc/F16FDC11A7662B86BC0B9CE61871CBACF7C20606F95E86260FD38915184B75B4,transfer/channel-253/el1,,channel-253,channel-1,connection-1539,1735,1.783989042181E9
66319909|1|0|0|9|1,1.784056037798E9,66319909,block_result,1,03C3B68DED22C459C5B0FE84207854E6365D1B2F46BA65D256275BE90295668F,0,0,9,0,1,osmo1j5mzxyej2rk0v48exukax7tn2w9axq8jft4ng3,genesis1g4udlv82qc665x53486808edcucqpeyz2d85u0,23000000000000000000,ibc/F16FDC11A7662B86BC0B9CE61871CBACF7C20606F95E86260FD38915184B75B4,transfer/channel-253/el1,,channel-253,channel-1,connection-1539,1740,1.784056040065E9
66285674|1|0|0|9|1,1.784016812242E9,66285674,block_result,1,0E33E4452FCC15E466F143D048D638A7E66ED1D48D0942FF1C8E8DAFF506D65C,0,0,9,0,1,osmo1g6zstj3qxu463chcgy878v9jh66culnvxy80fa,genesis1g6zstj3qxu463chcgy878v9jh66culnvskqfm6,1653706602574667492934,ibc/F16FDC11A7662B86BC0B9CE61871CBACF7C20606F95E86260FD38915184B75B4,transfer/channel-253/el1,,channel-253,channel-1,connection-1539,1736,1.78401681456E9
66317408|1|0|0|9|1,1.784053147092E9,66317408,block_result,1,D7F59E3DE3B94CCEDCB3179B2690C5CEC24134B0104BE4A8BA752401D06976F7,0,0,9,0,1,osmo1gzn6edx0r2mwavr4rxxzghumhyl77q68700v8f,genesis1gzn6edx0r2mwavr4rxxzghumhyl77q68gag24w,10482240920640350599248,ibc/F16FDC11A7662B86BC0B9CE61871CBACF7C20606F95E86260FD38915184B75B4,transfer/channel-253/el1,,channel-253,channel-1,connection-1539,1738,1.784053149289E9
66319002|1|0|0|9|1,1.784054988743E9,66319002,block_result,1,29E0A2FAF26A6AE7A9D261889D8E4CB14D65A95031E78FAC78F23A6159214A94,0,0,9,0,1,osmo1j5mzxyej2rk0v48exukax7tn2w9axq8jft4ng3,genesis1j5mzxyej2rk0v48exukax7tn2w9axq8jlej46k,24000000000000000000,ibc/F16FDC11A7662B86BC0B9CE61871CBACF7C20606F95E86260FD38915184B75B4,transfer/channel-253/el1,,channel-253,channel-1,connection-1539,1739,1.784054990821E9
66308169|1|0|0|9|1,1.784042437775E9,66308169,block_result,1,1ED7091D77969BA8BDE004582974D5295307F918E4103384E5C261547A0BC5D2,0,0,9,0,1,osmo12wgfhlj6xd9lnnp564kdetsgf4jark9cszx07u,genesis1r9sqeje2ppw9kva5x6j34kxh9npu2k0z2nchk9,25400000000000000000000,ibc/F16FDC11A7662B86BC0B9CE61871CBACF7C20606F95E86260FD38915184B75B4,transfer/channel-253/el1,,channel-253,channel-1,connection-1539,1737,1.78404244108E9
68761673|1|0|0|9|1,1.787054817786E9,68761673,block_result,1,FF77C071ABFA91F1369AECCF29C9811A8F7E3EECE6348905EF74D6A6712B0DCD,0,0,9,0,1,osmo1kchq6hwcxykm847jugaf5c6x7aqvz4k9rrcl2w,genesis1jk3v4z3v34vfdkjn7yvve7fwdf8acyr5tydw22,6677000000000000000000,ibc/F16FDC11A7662B86BC0B9CE61871CBACF7C20606F95E86260FD38915184B75B4,transfer/channel-253/el1,,channel-253,channel-1,connection-1539,1920,1.787054820126E9
68790182|1|0|0|9|1,1.787090735406E9,68790182,block_result,1,966CD74ED7C0263B4831F66049EEA378168DCB43703AAC0FA4FA93B321058008,0,0,9,0,1,osmo1srgysthmuqpw4f6qsrektu2glj59hz6lt44dyp,genesis1srgysthmuqpw4f6qsrektu2glj59hz6la8jtkx,1707787522852700329666,ibc/F16FDC11A7662B86BC0B9CE61871CBACF7C20606F95E86260FD38915184B75B4,transfer/channel-253/el1,,channel-253,channel-1,connection-1539,1923,1.787090737902E9
68791199|1|0|0|9|1,1.787092013317E9,68791199,block_result,1,140AFECD89067D73DB2D7384AE8A69D5F2D551D37C2FA34B3B5E8DD11026C40C,0,0,9,0,1,osmo1srgysthmuqpw4f6qsrektu2glj59hz6lt44dyp,genesis1srgysthmuqpw4f6qsrektu2glj59hz6la8jtkx,1634200310911917520430,ibc/F16FDC11A7662B86BC0B9CE61871CBACF7C20606F95E86260FD38915184B75B4,transfer/channel-253/el1,,channel-253,channel-1,connection-1539,1925,1.787092018538E9
68789181|1|0|0|9|1,1.787089473887E9,68789181,block_result,1,348126ECBF579504ED6EC7A0B000FCFD2180DC4E7C0026CEF604D84D2FE89456,0,0,9,0,1,osmo1srgysthmuqpw4f6qsrektu2glj59hz6lt44dyp,genesis1srgysthmuqpw4f6qsrektu2glj59hz6la8jtkx,1835780872678347303631,ibc/F16FDC11A7662B86BC0B9CE61871CBACF7C20606F95E86260FD38915184B75B4,transfer/channel-253/el1,,channel-253,channel-1,connection-1539,1921,1.787089476341E9
68789759|1|0|0|9|1,1.787090203894E9,68789759,block_result,1,926603B466154B878D3E59D214151C0830CA6204BA0FF5EC39205331AF8EFB36,0,0,9,0,1,osmo1srgysthmuqpw4f6qsrektu2glj59hz6lt44dyp,genesis1srgysthmuqpw4f6qsrektu2glj59hz6la8jtkx,1760860759428040092525,ibc/F16FDC11A7662B86BC0B9CE61871CBACF7C20606F95E86260FD38915184B75B4,transfer/channel-253/el1,,channel-253,channel-1,connection-1539,1922,1.787090206185E9
68761574|1|0|0|9|1,1.787054696103E9,68761574,block_result,1,E69BED65A8127FD5E430228D15D8E929CEA70C5A0C481185DBE23F15D1F773E3,0,0,9,0,1,osmo1srgysthmuqpw4f6qsrektu2glj59hz6lt44dyp,genesis1srgysthmuqpw4f6qsrektu2glj59hz6la8jtkx,3202525395674141054166,ibc/F16FDC11A7662B86BC0B9CE61871CBACF7C20606F95E86260FD38915184B75B4,transfer/channel-253/el1,,channel-253,channel-1,connection-1539,1919,1.78705469861E9
68791790|1|1|0|9|1,1.787092754462E9,68791790,block_result,1,2A547221D06A97636D52C73A43DAD2B232B218482CE74267CAD35080078C0374,1,0,9,0,1,osmo1srgysthmuqpw4f6qsrektu2glj59hz6lt44dyp,genesis1srgysthmuqpw4f6qsrektu2glj59hz6la8jtkx,1062479327915496512851,ibc/F16FDC11A7662B86BC0B9CE61871CBACF7C20606F95E86260FD38915184B75B4,transfer/channel-253/el1,,channel-253,channel-1,connection-1539,1926,1.787092757854E9
68790761|1|0|0|9|1,1.787091463635E9,68790761,block_result,1,F37CED7A3615D851DBC33E0879B2C34BE4688479386588AF20B8A51B0ED82466,0,0,9,0,1,osmo1yamxfey40t5r62ejss9g4kskptqq3a70e9we2l,genesis1yamxfey40t5r62ejss9g4kskptqq3a700hflcc,1125321906218883826724,ibc/F16FDC11A7662B86BC0B9CE61871CBACF7C20606F95E86260FD38915184B75B4,transfer/channel-253/el1,,channel-253,channel-1,connection-1539,1924,1.787091466955E9
9101629|1|18|0|7|1,1.681089921415E9,9101629,block_result,1,D649DA5770B7441E27D12F7370E17DA46F70F82FBBD75EEDD3506A92EA38FC19,18,0,7,0,1,osmo19xdmlygyfk69fpceeh8frcvspa4nkxzluvmdrj,genesis19xdmlygyfk69fpceeh8frcvspa4nkxzl27ut34,19057161098570673,ibc/F16FDC11A7662B86BC0B9CE61871CBACF7C20606F95E86260FD38915184B75B4,transfer/channel-253/el1,,channel-253,channel-1,connection-1539,1233,1.717450666721782E9
8684896|1|9|0|7|1,1.678709324174E9,8684896,block_result,1,512E03BCD3A859B6E414FCAEA0B45814EBDAFDDA1B4F3A4978864FF58E593C62,9,0,7,0,1,osmo16hp7wzudkeyw6fvgvalm0fh3elp9czhf9l3k7l,genesis16hp7wzudkeyw6fvgvalm0fh3elp9czhfndksvc,94629914511710687,ibc/F16FDC11A7662B86BC0B9CE61871CBACF7C20606F95E86260FD38915184B75B4,transfer/channel-253/el1,,channel-253,channel-1,connection-1539,1192,1.717460790328323E9
8641630|1|9|0|7|1,1.67846243442E9,8641630,block_result,1,04C00ABBA6BEBAB8915E340D2FF83ED17CD927CF3528A03186D290FA65DC5B74,9,0,7,0,1,osmo1ux3j2h446q9yf5dvsw4mwa5fnf07ja9v7hnlwd,genesis1ux3j2h446q9yf5dvsw4mwa5fnf07ja9vg95eu2,300894152636518943558,ibc/F16FDC11A7662B86BC0B9CE61871CBACF7C20606F95E86260FD38915184B75B4,transfer/channel-253/el1,,channel-253,channel-1,connection-1539,1188,1.717461259101301E9
35009470|1|7|0|9|1,1.746469336392E9,35009470,block_result,1,B209DB9B37A5D43316CA14E21259FCA10C685781D4CA139F78DD46D471C964BF,7,0,9,0,1,osmo16aypymlama0lk5s8c9s30s09eacpvwnav7ewjv,genesis16aypymlama0lk5s8c9s30s09eacpvwna6v7gqt,161800000000000000000000,ibc/F16FDC11A7662B86BC0B9CE61871CBACF7C20606F95E86260FD38915184B75B4,transfer/channel-253/el1,,channel-253,channel-1,connection-1539,1473,1.746469385947538E9
34990149|1|0|0|9|1,1.746445224282E9,34990149,block_result,1,5B27013147F4537CFB47A4FC023029D5A3AC760DC60A5E6E76E76FBE2288A699,0,0,9,0,1,osmo1ag940t2gd4sn0wey7xgfjl83x2t5v62m6629pc,genesis1ag940t2gd4sn0wey7xgfjl83x2t5v62mvgdrnl,50000000000000000000000,ibc/F16FDC11A7662B86BC0B9CE61871CBACF7C20606F95E86260FD38915184B75B4,transfer/channel-253/el1,,channel-253,channel-1,connection-1539,1472,1.74644528010604E9
62492833|1|0|0|9|1,1.779712399012E9,62492833,block_result,1,16610EF9A34C08E571CCB0ACF7F429D2565AF4E20F98EC055383AE5EBE261DA0,0,0,9,0,1,osmo1kwgs2nq6z0pxwtu75k5a6696wn2w8e2klgd3k3,genesis1kwgs2nq6z0pxwtu75k5a6696wn2w8e2kf62hyk,192000000000000000000,ibc/F16FDC11A7662B86BC0B9CE61871CBACF7C20606F95E86260FD38915184B75B4,transfer/channel-253/el1,,channel-253,channel-1,connection-1539,1644,1.779712406786E9
36122852|1|0|0|9|1,1.747880014276E9,36122852,block_result,1,5E844DF8BB87C830A04F13EEBC6D33C1B16BF3608D2CF4913805AAE017646BD2,0,0,9,0,1,osmo1ag940t2gd4sn0wey7xgfjl83x2t5v62m6629pc,genesis1ag940t2gd4sn0wey7xgfjl83x2t5v62mvgdrnl,47000000000000000000000,ibc/F16FDC11A7662B86BC0B9CE61871CBACF7C20606F95E86260FD38915184B75B4,transfer/channel-253/el1,,channel-253,channel-1,connection-1539,1490,1.747880048484907E9
36161665|1|1|0|9|1,1.747930153019E9,36161665,block_result,1,33BA8F9D3E1EC5F36EB077F79AA3630775B2EC78DEAD09704BEEF78E6041DB73,1,0,9,0,1,osmo16aypymlama0lk5s8c9s30s09eacpvwnav7ewjv,genesis1h4lx8cm0vnrrahjjfgsjp79jjnyspy6w7ehrxd,50000000000000000000000,ibc/F16FDC11A7662B86BC0B9CE61871CBACF7C20606F95E86260FD38915184B75B4,transfer/channel-253/el1,,channel-253,channel-1,connection-1539,1491,1.747930155952576E9
65536554|1|0|0|9|1,1.783152250495E9,65536554,block_result,1,8EA1E5FDB4375C9ADD71F260AD5F8F2C3EF9C62ED3CBE1EEF6B40026824E197F,0,0,9,0,1,osmo12wgfhlj6xd9lnnp564kdetsgf4jark9cszx07u,genesis12wgfhlj6xd9lnnp564kdetsgf4jark9cxspfvm,1000000000000000000,ibc/F16FDC11A7662B86BC0B9CE61871CBACF7C20606F95E86260FD38915184B75B4,transfer/channel-253/el1,,channel-253,channel-1,connection-1539,1701,1.783152253098E9
65536587|1|0|0|9|1,1.78315228521E9,65536587,block_result,1,F7568D14D40245D36000BBC93EE27B5C5B26ED469045C6EE7230617824808150,0,0,9,0,1,osmo12wgfhlj6xd9lnnp564kdetsgf4jark9cszx07u,genesis12wgfhlj6xd9lnnp564kdetsgf4jark9cxspfvm,2000000000000000000,ibc/F16FDC11A7662B86BC0B9CE61871CBACF7C20606F95E86260FD38915184B75B4,transfer/channel-253/el1,,channel-253,channel-1,connection-1539,1702,1.783152289671E9
65536771|1|0|0|9|1,1.783152498273E9,65536771,block_result,1,856CF5FEB29657F81177072D3C5A45BACF0F77E2E745BE5844DD204F0D4A9229,0,0,9,0,1,osmo12wgfhlj6xd9lnnp564kdetsgf4jark9cszx07u,genesis12wgfhlj6xd9lnnp564kdetsgf4jark9cxspfvm,200000000000000000000,ibc/F16FDC11A7662B86BC0B9CE61871CBACF7C20606F95E86260FD38915184B75B4,transfer/channel-253/el1,,channel-253,channel-1,connection-1539,1703,1.783152504443E9
65535044|1|0|0|9|1,1.783150499696E9,65535044,block_result,1,7B64D1D8A3F7871034B9CED07D6BE39FBAD3615DFD8C6DC27EB24036177A9C99,0,0,9,0,1,osmo12wgfhlj6xd9lnnp564kdetsgf4jark9cszx07u,genesis1pscc4p8cynm6zcam3wcz7rnnzsazkh3lky3c9m,1000000000000000000,ibc/F16FDC11A7662B86BC0B9CE61871CBACF7C20606F95E86260FD38915184B75B4,transfer/channel-253/el1,,channel-253,channel-1,connection-1539,1699,1.783150503284E9
65535133|1|0|0|9|1,1.783150601607E9,65535133,block_result,1,6FD08C51A245D08798F047DCFC77EC1495181CCF9D6CF61A1917C21AB208D60D,0,0,9,0,1,osmo12wgfhlj6xd9lnnp564kdetsgf4jark9cszx07u,genesis1pscc4p8cynm6zcam3wcz7rnnzsazkh3lky3c9m,9000000000000000000,ibc/F16FDC11A7662B86BC0B9CE61871CBACF7C20606F95E86260FD38915184B75B4,transfer/channel-253/el1,,channel-253,channel-1,connection-1539,1700,1.783150604006E9
65580904|1|0|0|9|1,1.783203565734E9,65580904,block_result,1,B6E1FBD79E2F72317922B9A87C50198BDDBBE3E86B8ED70AA9E33B2F510EBCF8,0,0,9,0,1,osmo1qm8t0qwde65v6cyd727xxrj3sa3dm6472kpwv6,genesis1qm8t0qwde65v6cyd727xxrj3sa3dm647uyxg7a,59682033388476286482072,ibc/F16FDC11A7662B86BC0B9CE61871CBACF7C20606F95E86260FD38915184B75B4,transfer/channel-253/el1,,channel-253,channel-1,connection-1539,1707,1.783203568032E9
65544599|1|0|0|9|1,1.783161578739E9,65544599,block_result,1,F413692C6AFDB0BB29BF59217D7B297B6BEADD87E782C7F23E8FA5D9B51405BF,0,0,9,0,1,osmo12wgfhlj6xd9lnnp564kdetsgf4jark9cszx07u,genesis1r9sqeje2ppw9kva5x6j34kxh9npu2k0z2nchk9,100000000000000000000,ibc/F16FDC11A7662B86BC0B9CE61871CBACF7C20606F95E86260FD38915184B75B4,transfer/channel-253/el1,,channel-253,channel-1,connection-1539,1705,1.783161582233E9
65544657|1|0|0|9|1,1.78316164512E9,65544657,block_result,1,84495E0D5F297CC80E0BEAF26C635FF5EBD5AF145FCEE19C563E0544277DF794,0,0,9,0,1,osmo12wgfhlj6xd9lnnp564kdetsgf4jark9cszx07u,genesis1r9sqeje2ppw9kva5x6j34kxh9npu2k0z2nchk9,7364890000000000000000,ibc/F16FDC11A7662B86BC0B9CE61871CBACF7C20606F95E86260FD38915184B75B4,transfer/channel-253/el1,,channel-253,channel-1,connection-1539,1706,1.783161650964E9
65543131|1|1|0|9|1,1.783159881148E9,65543131,block_result,1,3570881E323B2A375C4CC5D087FB550EEE77123C996775DB8028BDAFBCCC26FC,1,0,9,0,1,osmo12wgfhlj6xd9lnnp564kdetsgf4jark9cszx07u,genesis1r9sqeje2ppw9kva5x6j34kxh9npu2k0z2nchk9,10000000000000000000,ibc/F16FDC11A7662B86BC0B9CE61871CBACF7C20606F95E86260FD38915184B75B4,transfer/channel-253/el1,,channel-253,channel-1,connection-1539,1704,1.783159884584E9
9055550|1|1|0|7|1,1.680827097199E9,9055550,block_result,1,5B937F97DE2EDB4990C95ECA1045E4ADAD28F398B25B5956B40BC65CD01321AC,1,0,7,0,1,osmo1g0dd3yp0uxu2gx6hdsqths0ac2lcd7ntkxwv2q,genesis1g0dd3yp0uxu2gx6hdsqths0ac2lcd7ntq5f2c8,3570861659625140982,ibc/F16FDC11A7662B86BC0B9CE61871CBACF7C20606F95E86260FD38915184B75B4,transfer/channel-253/el1,,channel-253,channel-1,connection-1539,1223,1.717451674457339E9
9061394|1|1|0|7|1,1.680860062215E9,9061394,block_result,1,D455E4AE4C5D53E6D13A0AB3677DFB2CE7D06C3FB1E5F183F51A2A927E13B046,1,0,7,0,1,osmo1s8nzgwexdz8laux65600tkq6mq8pr6h5tftmat,genesis1s8nzgwexdz8laux65600tkq6mq8pr6h5amva0v,62273018937208112096,ibc/F16FDC11A7662B86BC0B9CE61871CBACF7C20606F95E86260FD38915184B75B4,transfer/channel-253/el1,,channel-253,channel-1,connection-1539,1224,1.717451623779582E9
65687407|1|0|0|9|1,1.783326302045E9,65687407,block_result,1,CD204AA17DF5576DDC24933C900F30848AE6902FCA23AFAC09D37CE2C72005F0,0,0,9,0,1,osmo10kn3t58pvyayg878umwyjcga02jsuvddts7unc,genesis10kn3t58pvyayg878umwyjcga02jsuvddaze6pl,25000000000000000000000,ibc/F16FDC11A7662B86BC0B9CE61871CBACF7C20606F95E86260FD38915184B75B4,transfer/channel-253/el1,,channel-253,channel-1,connection-1539,1708,1.783326305967E9
65700787|1|0|0|9|1,1.783341709666E9,65700787,block_result,1,E6BB5C71EEB7B1FC201C55C0FA7340B34389446CCB684BAC929330E49556A177,0,0,9,0,1,osmo12wgfhlj6xd9lnnp564kdetsgf4jark9cszx07u,genesis1r9sqeje2ppw9kva5x6j34kxh9npu2k0z2nchk9,19890000000000000000000,ibc/F16FDC11A7662B86BC0B9CE61871CBACF7C20606F95E86260FD38915184B75B4,transfer/channel-253/el1,,channel-253,channel-1,connection-1539,1710,1.783341714777E9
65700756|1|0|0|9|1,1.783341676276E9,65700756,block_result,1,C7D3748EF90A48566EA61F60105B9EAF1BE62272FF79E319CB386EC9A1FB8C60,0,0,9,0,1,osmo12wgfhlj6xd9lnnp564kdetsgf4jark9cszx07u,genesis1r9sqeje2ppw9kva5x6j34kxh9npu2k0z2nchk9,100000000000000000000,ibc/F16FDC11A7662B86BC0B9CE61871CBACF7C20606F95E86260FD38915184B75B4,transfer/channel-253/el1,,channel-253,channel-1,connection-1539,1709,1.783341678741E9
71698475|1|0|0|9|1,1.790864320324E9,71698475,block_result,1,10EB8AB4149F8A56E1E77FBCDB6CB552E5A6AB35D0BC3D18378832D1382F61F2,0,0,9,0,1,osmo1ag940t2gd4sn0wey7xgfjl83x2t5v62m6629pc,genesis107ff0tztguhn637e0jf3pjecs7kk333gaprfj3,5000000000000000000000,ibc/F16FDC11A7662B86BC0B9CE61871CBACF7C20606F95E86260FD38915184B75B4,transfer/channel-253/el1,,channel-253,channel-1,connection-1539,2108,1.790864323835E9
71690960|1|0|0|9|1,1.79085454627E9,71690960,block_result,1,5D5A5D0236156298BFCF3F43FAD0304830F68A6C7D12BF4DF510C1579EB7237D,0,0,9,0,1,osmo10cw359w6fvr7fv3qhh0mvq0vkuye5cqq4rmuf9,genesis10cw359w6fvr7fv3qhh0mvq0vkuye5cqqr3u6mz,35076874666542117594,ibc/F16FDC11A7662B86BC0B9CE61871CBACF7C20606F95E86260FD38915184B75B4,transfer/channel-253/el1,,channel-253,channel-1,connection-1539,2106,1.790854551285E9
71699503|1|0|0|9|1,1.790865665003E9,71699503,block_result,1,65DEE11D817D06A258A19AEF8402A30CF370C205A88B44F097E25A85C0082BB2,0,0,9,0,1,osmo1zkewm35hqzve3xet3rhc0kmzeldxjf22fwq990,genesis16jjxucde476dvfq7shvh65t3w09q6ftz2xta3u,156090700983643761427,ibc/F16FDC11A7662B86BC0B9CE61871CBACF7C20606F95E86260FD38915184B75B4,transfer/channel-253/el1,,channel-253,channel-1,connection-1539,2109,1.79086566842E9
71684451|1|0|0|9|1,1.790846097647E9,71684451,block_result,1,B7AA2A6CAABFC155E250612785064AF68639CC91D79601FFF76905BB6921C7BE,0,0,9,0,1,osmo1zkewm35hqzve3xet3rhc0kmzeldxjf22fwq990,genesis16jjxucde476dvfq7shvh65t3w09q6ftz2xta3u,311928171977827225964,ibc/F16FDC11A7662B86BC0B9CE61871CBACF7C20606F95E86260FD38915184B75B4,transfer/channel-253/el1,,channel-253,channel-1,connection-1539,2103,1.790846102941E9
71690618|1|0|0|9|1,1.790854102569E9,71690618,block_result,1,17DE269FD166CFA983D24CC5576926BC840B197CADFDF3A11DAC0C76CE16EFF6,0,0,9,0,1,osmo1zkewm35hqzve3xet3rhc0kmzeldxjf22fwq990,genesis16jjxucde476dvfq7shvh65t3w09q6ftz2xta3u,176837958520653250977,ibc/F16FDC11A7662B86BC0B9CE61871CBACF7C20606F95E86260FD38915184B75B4,transfer/channel-253/el1,,channel-253,channel-1,connection-1539,2104,1.790854104969E9
71699707|1|0|0|9|1,1.790865927958E9,71699707,block_result,1,65D6613A9E1E7A8BF3E1CEC5D70593E5EBD3DBC6699266C4C9546F276575B446,0,0,9,0,1,osmo1zkewm35hqzve3xet3rhc0kmzeldxjf22fwq990,genesis16jjxucde476dvfq7shvh65t3w09q6ftz2xta3u,247574932696071867350,ibc/F16FDC11A7662B86BC0B9CE61871CBACF7C20606F95E86260FD38915184B75B4,transfer/channel-253/el1,,channel-253,channel-1,connection-1539,2110,1.790865930304E9
71701781|1|1|0|9|1,1.790868647224E9,71701781,block_result,1,DB2A48A3B2AEB0FA2A4EE0A8816B9E8AD025712BDA7B30272FED1BD8843233DA,1,0,9,0,1,osmo1zkewm35hqzve3xet3rhc0kmzeldxjf22fwq990,genesis16jjxucde476dvfq7shvh65t3w09q6ftz2xta3u,299281602558160132114,ibc/F16FDC11A7662B86BC0B9CE61871CBACF7C20606F95E86260FD38915184B75B4,transfer/channel-253/el1,,channel-253,channel-1,connection-1539,2111,1.790868649509E9
71721214|1|1|0|9|1,1.7908939049E9,71721214,block_result,1,4C67505010034AB460571F1CF40F7079D7C22BF10B8DEBDD6AA11E584BAD6A77,1,0,9,0,1,osmo1dsgfpvas8gh8dyvy4jscrw2fhf3usj9chxu8fq,genesis1dsgfpvas8gh8dyvy4jscrw2fhf3usj9cp5mpm8,28874628947279168410698,ibc/F16FDC11A7662B86BC0B9CE61871CBACF7C20606F95E86260FD38915184B75B4,transfer/channel-253/el1,,channel-253,channel-1,connection-1539,2122,1.790893910048E9
71713165|1|4|0|9|1,1.790883427718E9,71713165,block_result,1,EDA000F9EFC691CA42DCA732E60DDFF10790904CE93E2710F37E312E92690A52,4,0,9,0,1,osmo1dsgfpvas8gh8dyvy4jscrw2fhf3usj9chxu8fq,genesis1dsgfpvas8gh8dyvy4jscrw2fhf3usj9cp5mpm8,288280657856569690230,ibc/F16FDC11A7662B86BC0B9CE61871CBACF7C20606F95E86260FD38915184B75B4,transfer/channel-253/el1,,channel-253,channel-1,connection-1539,2114,1.790883429916E9
71720101|1|0|0|9|1,1.790892448766E9,71720101,block_result,1,2B027D30CDD03E9AAB0C428A94470A792C62666DF83DEB3824691866E2EF6030,0,0,9,0,1,osmo1dsgfpvas8gh8dyvy4jscrw2fhf3usj9chxu8fq,genesis1dsgfpvas8gh8dyvy4jscrw2fhf3usj9cp5mpm8,2999085494238144212596,ibc/F16FDC11A7662B86BC0B9CE61871CBACF7C20606F95E86260FD38915184B75B4,transfer/channel-253/el1,,channel-253,channel-1,connection-1539,2120,1.790892452277E9
71718959|1|0|0|9|1,1.790890962949E9,71718959,block_result,1,984F4EF63EFCAE414BB43390F0EC77BF3E4C8A08B31FBDF081387A132CA639E0,0,0,9,0,1,osmo1dsgfpvas8gh8dyvy4jscrw2fhf3usj9chxu8fq,genesis1dsgfpvas8gh8dyvy4jscrw2fhf3usj9cp5mpm8,14493762336235499239003,ibc/F16FDC11A7662B86BC0B9CE61871CBACF7C20606F95E86260FD38915184B75B4,transfer/channel-253/el1,,channel-253,channel-1,connection-1539,2118,1.790890965267E9
71718882|1|0|0|9|1,1.790890859245E9,71718882,block_result,1,51C66EC9F1C6BA44DC307D98BC71EA6A2D5E124FD0AF959FFFD1487E08F8C007,0,0,9,0,1,osmo1dsgfpvas8gh8dyvy4jscrw2fhf3usj9chxu8fq,genesis1dsgfpvas8gh8dyvy4jscrw2fhf3usj9cp5mpm8,2898752467247099847801,ibc/F16FDC11A7662B86BC0B9CE61871CBACF7C20606F95E86260FD38915184B75B4,transfer/channel-253/el1,,channel-253,channel-1,connection-1539,2117,1.790890861634E9
71720211|1|0|0|9|1,1.790892590273E9,71720211,block_result,1,DAD280128183AA60636AE1A41941FB8CA2563A2C4E555ACE68FBFCEB235EBBCE,0,0,9,0,1,osmo1dsgfpvas8gh8dyvy4jscrw2fhf3usj9chxu8fq,genesis1dsgfpvas8gh8dyvy4jscrw2fhf3usj9cp5mpm8,30192828559748381148841,ibc/F16FDC11A7662B86BC0B9CE61871CBACF7C20606F95E86260FD38915184B75B4,transfer/channel-253/el1,,channel-253,channel-1,connection-1539,2121,1.790892595609E9
71719013|1|0|0|9|1,1.790891030467E9,71719013,block_result,1,E42664E1C07185AF3AA98B932492CA564FD5AEE2B56BDC48038C934CC9A44AB8,0,0,9,0,1,osmo1dsgfpvas8gh8dyvy4jscrw2fhf3usj9chxu8fq,genesis1dsgfpvas8gh8dyvy4jscrw2fhf3usj9cp5mpm8,14493762336235499239003,ibc/F16FDC11A7662B86BC0B9CE61871CBACF7C20606F95E86260FD38915184B75B4,transfer/channel-253/el1,,channel-253,channel-1,connection-1539,2119,1.790891033798E9
71712718|1|7|0|9|1,1.790882849411E9,71712718,block_result,1,A9052B6316C4D689E5D03D3A37C560A1B39BEC64D2972CF2F50A2C4D9AB2C598,7,0,9,0,1,osmo1kchq6hwcxykm847jugaf5c6x7aqvz4k9rrcl2w,genesis1jk3v4z3v34vfdkjn7yvve7fwdf8acyr5tydw22,570000000000000000000,ibc/F16FDC11A7662B86BC0B9CE61871CBACF7C20606F95E86260FD38915184B75B4,transfer/channel-253/el1,,channel-253,channel-1,connection-1539,2113,1.790882851609E9
71710582|1|0|0|9|1,1.790880096218E9,71710582,block_result,1,774E0DCF14D53546F67AB8A63579ACD44B041FBED184643B29E0D1F6BC484C1C,0,0,9,0,1,osmo1srgysthmuqpw4f6qsrektu2glj59hz6lt44dyp,genesis1srgysthmuqpw4f6qsrektu2glj59hz6la8jtkx,2700000000000000000000,ibc/F16FDC11A7662B86BC0B9CE61871CBACF7C20606F95E86260FD38915184B75B4,transfer/channel-253/el1,,channel-253,channel-1,connection-1539,2112,1.790880098448E9
71690804|1|1|0|9|1,1.790854343979E9,71690804,block_result,1,D83256723E04B78FA5FE059A3F341EBB0ABB8ADD5A62C47EF889FA4329CBDCA8,1,0,9,0,1,osmo1srgysthmuqpw4f6qsrektu2glj59hz6lt44dyp,genesis1srgysthmuqpw4f6qsrektu2glj59hz6la8jtkx,1400000000000000000000,ibc/F16FDC11A7662B86BC0B9CE61871CBACF7C20606F95E86260FD38915184B75B4,transfer/channel-253/el1,,channel-253,channel-1,connection-1539,2105,1.790854346336E9
71695698|1|1|0|9|1,1.790860680899E9,71695698,block_result,1,5F39A97EB18A0B97B1B31360531DC9AF5682C0DF2EE1D2E2B867A329AD9F1A76,1,0,9,0,1,osmo1srgysthmuqpw4f6qsrektu2glj59hz6lt44dyp,genesis1srgysthmuqpw4f6qsrektu2glj59hz6la8jtkx,3800000000000000000000,ibc/F16FDC11A7662B86BC0B9CE61871CBACF7C20606F95E86260FD38915184B75B4,transfer/channel-253/el1,,channel-253,channel-1,connection-1539,2107,1.790860686002E9
71715356|1|0|0|9|1,1.790886273095E9,71715356,block_result,1,57FC56D7424A246D1985F086920A5D2CA1F6EE3DBF4FECE5B50AAAA830FE487C,0,0,9,0,1,osmo1w5wehwhcma8ltrl62hfxxt8rx0eskr66d7rw4h,genesis1w5wehwhcma8ltrl62hfxxt8rx0eskr66mvyg8s,4795951154617922759427,ibc/F16FDC11A7662B86BC0B9CE61871CBACF7C20606F95E86260FD38915184B75B4,transfer/channel-253/el1,,channel-253,channel-1,connection-1539,2115,1.790886275502E9
71716801|1|0|0|9|1,1.79088815273E9,71716801,block_result,1,BDC0382359E3F888C6D72C67D80005A273AD1C2D1C3EFAFC6E646C6BBB39532E,0,0,9,0,1,osmo1wm4u5z7s26cl6ghz56tg9q9mm5jtfmz78g400r,genesis1wm4u5z7s26cl6ghz56tg9q9mm5jtfmz736jfay,2200262269401665189,ibc/F16FDC11A7662B86BC0B9CE61871CBACF7C20606F95E86260FD38915184B75B4,transfer/channel-253/el1,,channel-253,channel-1,connection-1539,2116,1.790888154927E9
70640200|1|1|0|9|1,1.789492893771E9,70640200,block_result,1,501231189627FC30D9A8030AFA27AE514F5E2DBBBB5DA61CB63C5455919B2E65,1,0,9,0,1,osmo1zkewm35hqzve3xet3rhc0kmzeldxjf22fwq990,genesis16jjxucde476dvfq7shvh65t3w09q6ftz2xta3u,1048904524808520215128,ibc/F16FDC11A7662B86BC0B9CE61871CBACF7C20606F95E86260FD38915184B75B4,transfer/channel-253/el1,,channel-253,channel-1,connection-1539,1982,1.789492897401E9
71561137|1|0|0|9|1,1.79068494003E9,71561137,block_result,1,B305F4EF62AAB8460DF4EBDAAB1FA15C72FB7A0C3428A9B1EA9E5E49A0865CA3,0,0,9,0,1,osmo1ag940t2gd4sn0wey7xgfjl83x2t5v62m6629pc,genesis107ff0tztguhn637e0jf3pjecs7kk333gaprfj3,6100000000000000000000,ibc/F16FDC11A7662B86BC0B9CE61871CBACF7C20606F95E86260FD38915184B75B4,transfer/channel-253/el1,,channel-253,channel-1,connection-1539,2068,1.790684942509E9
71580455|1|2|0|9|1,1.790710188197E9,71580455,block_result,1,036EE30933E003B360D908472693BCAB31D711B7A502CD007AE1D3C84622FAEE,2,0,9,0,1,osmo12epj9nrp73rmdctdu2qnvmqty9t4hsylupjhp7,genesis12epj9nrp73rmdctdu2qnvmqty9t4hsyl2n43ne,695660491741503944,ibc/F16FDC11A7662B86BC0B9CE61871CBACF7C20606F95E86260FD38915184B75B4,transfer/channel-253/el1,,channel-253,channel-1,connection-1539,2086,1.790710193438E9
71552801|1|0|0|9|1,1.790674108623E9,71552801,block_result,1,1E95E185F41B3896195F60275059DEC17AC855D9C8A79F5583704AEDB13F012D,0,0,9,0,1,osmo16aypymlama0lk5s8c9s30s09eacpvwnav7ewjv,genesis16aypymlama0lk5s8c9s30s09eacpvwna6v7gqt,1572943455285788627524,ibc/F16FDC11A7662B86BC0B9CE61871CBACF7C20606F95E86260FD38915184B75B4,transfer/channel-253/el1,,channel-253,channel-1,connection-1539,2058,1.790674111162E9
71562961|1|1|0|9|1,1.790687308123E9,71562961,block_result,1,3112A23122F3689DFFD2C9B58746B0701012C9A56527D110D01037303541F0FF,1,0,9,0,1,osmo16aypymlama0lk5s8c9s30s09eacpvwnav7ewjv,genesis16aypymlama0lk5s8c9s30s09eacpvwna6v7gqt,1266929302382640646287,ibc/F16FDC11A7662B86BC0B9CE61871CBACF7C20606F95E86260FD38915184B75B4,transfer/channel-253/el1,,channel-253,channel-1,connection-1539,2070,1.790687310655E9
71580003|1|0|0|9|1,1.790709604125E9,71580003,block_result,1,C2905D9BC2EF34530783928920F3E51F15E77177EBEA0FF93593BC55956A0C97,0,0,9,0,1,osmo1zkewm35hqzve3xet3rhc0kmzeldxjf22fwq990,genesis16jjxucde476dvfq7shvh65t3w09q6ftz2xta3u,191989343313108816839,ibc/F16FDC11A7662B86BC0B9CE61871CBACF7C20606F95E86260FD38915184B75B4,transfer/channel-253/el1,,channel-253,channel-1,connection-1539,2084,1.790709606591E9
71575629|1|0|0|9|1,1.790703868773E9,71575629,block_result,1,639D11DFDE62A71C70D673DF9121D6106CCB36877F592CB7165FCE01D9E3A02B,0,0,9,0,1,osmo1zkewm35hqzve3xet3rhc0kmzeldxjf22fwq990,genesis16jjxucde476dvfq7shvh65t3w09q6ftz2xta3u,160072120049880080397,ibc/F16FDC11A7662B86BC0B9CE61871CBACF7C20606F95E86260FD38915184B75B4,transfer/channel-253/el1,,channel-253,channel-1,connection-1539,2081,1.790703872376E9
71561502|1|0|0|9|1,1.790685414983E9,71561502,block_result,1,CF89499EE7220CF208BE0C1F91E9A97AA9BD2A5ED90184D6444D04D4DEE81F27,0,0,9,0,1,osmo1zkewm35hqzve3xet3rhc0kmzeldxjf22fwq990,genesis16jjxucde476dvfq7shvh65t3w09q6ftz2xta3u,328483069265552213940,ibc/F16FDC11A7662B86BC0B9CE61871CBACF7C20606F95E86260FD38915184B75B4,transfer/channel-253/el1,,channel-253,channel-1,connection-1539,2069,1.790685418897E9
71569849|1|0|0|9|1,1.790696274015E9,71569849,block_result,1,2434C788F875E95CCCB47175F9A317235045174799D2E02AA2E12A842E2F7054,0,0,9,0,1,osmo1zkewm35hqzve3xet3rhc0kmzeldxjf22fwq990,genesis16jjxucde476dvfq7shvh65t3w09q6ftz2xta3u,334099927781590057421,ibc/F16FDC11A7662B86BC0B9CE61871CBACF7C20606F95E86260FD38915184B75B4,transfer/channel-253/el1,,channel-253,channel-1,connection-1539,2076,1.790696277538E9
71570862|1|0|0|9|1,1.790697595057E9,71570862,block_result,1,1FDDBF3204579E9708E45200AFAFCA8B50DDC1B36440AE77AC93919B88757F52,0,0,9,0,1,osmo1zkewm35hqzve3xet3rhc0kmzeldxjf22fwq990,genesis16jjxucde476dvfq7shvh65t3w09q6ftz2xta3u,166205840313154182259,ibc/F16FDC11A7662B86BC0B9CE61871CBACF7C20606F95E86260FD38915184B75B4,transfer/channel-253/el1,,channel-253,channel-1,connection-1539,2078,1.790697597599E9
71560719|1|0|0|9|1,1.790684402948E9,71560719,block_result,1,04A10CDACF7E28CBF633922E52692D49EEB00DCDDB92BCCD32D7503839196103,0,0,9,0,1,osmo1zkewm35hqzve3xet3rhc0kmzeldxjf22fwq990,genesis16jjxucde476dvfq7shvh65t3w09q6ftz2xta3u,165814500384532031161,ibc/F16FDC11A7662B86BC0B9CE61871CBACF7C20606F95E86260FD38915184B75B4,transfer/channel-253/el1,,channel-253,channel-1,connection-1539,2066,1.790684405502E9
71541442|1|0|0|9|1,1.790659258587E9,71541442,block_result,1,E7304E0982CA03789C36BDACC150EE4F1528F1BFD5FC7DE166946A011C3FFAD4,0,0,9,0,1,osmo1zkewm35hqzve3xet3rhc0kmzeldxjf22fwq990,genesis16jjxucde476dvfq7shvh65t3w09q6ftz2xta3u,412432325195313914021,ibc/F16FDC11A7662B86BC0B9CE61871CBACF7C20606F95E86260FD38915184B75B4,transfer/channel-253/el1,,channel-253,channel-1,connection-1539,2050,1.790659261034E9
71551572|1|1|0|9|1,1.790672505444E9,71551572,block_result,1,20D5AECD7DE347B81F4DEA2A9CD9EC5FAAE0C731605C58BC61AE75224FC0C916,1,0,9,0,1,osmo1zkewm35hqzve3xet3rhc0kmzeldxjf22fwq990,genesis16jjxucde476dvfq7shvh65t3w09q6ftz2xta3u,694163118618260192088,ibc/F16FDC11A7662B86BC0B9CE61871CBACF7C20606F95E86260FD38915184B75B4,transfer/channel-253/el1,,channel-253,channel-1,connection-1539,2057,1.790672510508E9
71543981|1|0|0|9|1,1.79066257754E9,71543981,block_result,1,8097B985EB76AF6E4827A04BD98DE787978DB531E161497E24205A60588ABDE9,0,0,9,0,1,osmo1zkewm35hqzve3xet3rhc0kmzeldxjf22fwq990,genesis16jjxucde476dvfq7shvh65t3w09q6ftz2xta3u,401077452911899045710,ibc/F16FDC11A7662B86BC0B9CE61871CBACF7C20606F95E86260FD38915184B75B4,transfer/channel-253/el1,,channel-253,channel-1,connection-1539,2052,1.790662580133E9
71569777|1|0|0|9|1,1.790696180621E9,71569777,block_result,1,2C92F036EC78B7C6A4FB041DD28E464046750DDE13F0704392B932DB593122CD,0,0,9,0,1,osmo1zkewm35hqzve3xet3rhc0kmzeldxjf22fwq990,genesis16jjxucde476dvfq7shvh65t3w09q6ftz2xta3u,166348266358332048912,ibc/F16FDC11A7662B86BC0B9CE61871CBACF7C20606F95E86260FD38915184B75B4,transfer/channel-253/el1,,channel-253,channel-1,connection-1539,2075,1.790696183158E9
71571823|1|0|0|9|1,1.79069883959E9,71571823,block_result,1,D2B5D3FE5C4CBFC48843087B28976D58E9E9119F0949FF649E6D5E6B23E3BB5E,0,0,9,0,1,osmo1zkewm35hqzve3xet3rhc0kmzeldxjf22fwq990,genesis16jjxucde476dvfq7shvh65t3w09q6ftz2xta3u,257687810329053454112,ibc/F16FDC11A7662B86BC0B9CE61871CBACF7C20606F95E86260FD38915184B75B4,transfer/channel-253/el1,,channel-253,channel-1,connection-1539,2079,1.790698844785E9
71541572|1|0|0|9|1,1.790659427126E9,71541572,block_result,1,B2FF04D895D203C51A540DC03E0A22168E731EF038DFFDED524DF069B92E0BDF,0,0,9,0,1,osmo1zkewm35hqzve3xet3rhc0kmzeldxjf22fwq990,genesis16jjxucde476dvfq7shvh65t3w09q6ftz2xta3u,405950409413352633743,ibc/F16FDC11A7662B86BC0B9CE61871CBACF7C20606F95E86260FD38915184B75B4,transfer/channel-253/el1,,channel-253,channel-1,connection-1539,2051,1.790659432296E9
71544190|1|1|0|9|1,1.790662851018E9,71544190,block_result,1,D4A91CE084CF9AE7B08AC3ECD07442F63E8DE0C5D272BDC8792A1B9259F1407C,1,0,9,0,1,osmo1zkewm35hqzve3xet3rhc0kmzeldxjf22fwq990,genesis16jjxucde476dvfq7shvh65t3w09q6ftz2xta3u,200329651013412732690,ibc/F16FDC11A7662B86BC0B9CE61871CBACF7C20606F95E86260FD38915184B75B4,transfer/channel-253/el1,,channel-253,channel-1,connection-1539,2053,1.790662856393E9
71569077|1|1|0|9|1,1.790695269836E9,71569077,block_result,1,21768AF1A9EB7CB084FD9BFC09D97600E33629ED78D2AB26BF85832B43175BCC,1,0,9,0,1,osmo1zkewm35hqzve3xet3rhc0kmzeldxjf22fwq990,genesis16jjxucde476dvfq7shvh65t3w09q6ftz2xta3u,166392769309066703928,ibc/F16FDC11A7662B86BC0B9CE61871CBACF7C20606F95E86260FD38915184B75B4,transfer/channel-253/el1,,channel-253,channel-1,connection-1539,2073,1.790695272364E9
71567972|1|0|0|9|1,1.790693812345E9,71567972,block_result,1,C5498FDB43AA022AF9868159B9C567CEA3041AF74375345E908D80D2A009784B,0,0,9,0,1,osmo1zkewm35hqzve3xet3rhc0kmzeldxjf22fwq990,genesis16jjxucde476dvfq7shvh65t3w09q6ftz2xta3u,165800000000000000000,ibc/F16FDC11A7662B86BC0B9CE61871CBACF7C20606F95E86260FD38915184B75B4,transfer/channel-253/el1,,channel-253,channel-1,connection-1539,2072,1.790693814685E9
71575436|1|0|0|9|1,1.790703612033E9,71575436,block_result,1,5647CFC26B6B6FEC5B7C72D1493E0C347B808C6756C70AE526D278203F9D5E4B,0,0,9,0,1,osmo1zkewm35hqzve3xet3rhc0kmzeldxjf22fwq990,genesis16jjxucde476dvfq7shvh65t3w09q6ftz2xta3u,317474777319953218533,ibc/F16FDC11A7662B86BC0B9CE61871CBACF7C20606F95E86260FD38915184B75B4,transfer/channel-253/el1,,channel-253,channel-1,connection-1539,2080,1.790703614367E9
71559933|1|0|0|9|1,1.790683373865E9,71559933,block_result,1,B58AD3D5ADB89DE9EC0444265655EF48C6095E0C42779F87844C3E7AB8E88157,0,0,9,0,1,osmo1zkewm35hqzve3xet3rhc0kmzeldxjf22fwq990,genesis16jjxucde476dvfq7shvh65t3w09q6ftz2xta3u,333332550376999017868,ibc/F16FDC11A7662B86BC0B9CE61871CBACF7C20606F95E86260FD38915184B75B4,transfer/channel-253/el1,,channel-253,channel-1,connection-1539,2065,1.790683379142E9
71551431|1|0|0|9|1,1.790672309099E9,71551431,block_result,1,26AF19D3805628420899B683D4D153798D933A385483995C50BCC73600AB5E39,0,0,9,0,1,osmo1zkewm35hqzve3xet3rhc0kmzeldxjf22fwq990,genesis16jjxucde476dvfq7shvh65t3w09q6ftz2xta3u,422659323776676643886,ibc/F16FDC11A7662B86BC0B9CE61871CBACF7C20606F95E86260FD38915184B75B4,transfer/channel-253/el1,,channel-253,channel-1,connection-1539,2055,1.790672312679E9
71570039|1|0|0|9|1,1.790696520762E9,71570039,block_result,1,DF45E8B9751013B8D6943C9FB69A7012B7AAF95C2566FBA69669BE050ACB28E5,0,0,9,0,1,osmo1zkewm35hqzve3xet3rhc0kmzeldxjf22fwq990,genesis16jjxucde476dvfq7shvh65t3w09q6ftz2xta3u,166506566939998029941,ibc/F16FDC11A7662B86BC0B9CE61871CBACF7C20606F95E86260FD38915184B75B4,transfer/channel-253/el1,,channel-253,channel-1,connection-1539,2077,1.790696523555E9
71541365|1|0|0|9|1,1.790659155026E9,71541365,block_result,1,E5DB0558724FA5CE61EB4116FEE6C93170361F8284FF2EBA592BC4D69AB58537,0,0,9,0,1,osmo1zkewm35hqzve3xet3rhc0kmzeldxjf22fwq990,genesis16jjxucde476dvfq7shvh65t3w09q6ftz2xta3u,405897762282151695025,ibc/F16FDC11A7662B86BC0B9CE61871CBACF7C20606F95E86260FD38915184B75B4,transfer/channel-253/el1,,channel-253,channel-1,connection-1539,2049,1.790659160511E9
71559312|1|0|0|9|1,1.790682570563E9,71559312,block_result,1,3F3FA9BD483D29DE29468E1C56FBBB7ADBD8EEB511E6540AE25112F51AD568E1,0,0,9,0,1,osmo1gffqw3wdpdkjy4e8ajpakhx5x3zekw2lczexnr,genesis17gvjlatf9c8m8rzachgkltgsp05cvz2vc063vh,197557197752725235787831,ibc/F16FDC11A7662B86BC0B9CE61871CBACF7C20606F95E86260FD38915184B75B4,transfer/channel-253/el1,,channel-253,channel-1,connection-1539,2064,1.790682574027E9
71559204|1|0|0|9|1,1.790682430254E9,71559204,block_result,1,7C7D48ACDD6A50D0145B0C6525BE51D8A9BB5A8D87A73DC970D3CA6A5151415E,0,0,9,0,1,osmo1gffqw3wdpdkjy4e8ajpakhx5x3zekw2lczexnr,genesis17gvjlatf9c8m8rzachgkltgsp05cvz2vc063vh,177439597236357933809191,ibc/F16FDC11A7662B86BC0B9CE61871CBACF7C20606F95E86260FD38915184B75B4,transfer/channel-253/el1,,channel-253,channel-1,connection-1539,2063,1.79068243272E9
71559036|1|2|0|9|1,1.790682207326E9,71559036,block_result,1,C65CD9942147B886CE1A6F518A2F2DA66D8E773C011043E0FBE69DC68144B021,2,0,9,0,1,osmo1gffqw3wdpdkjy4e8ajpakhx5x3zekw2lczexnr,genesis17gvjlatf9c8m8rzachgkltgsp05cvz2vc063vh,35487919447271586762,ibc/F16FDC11A7662B86BC0B9CE61871CBACF7C20606F95E86260FD38915184B75B4,transfer/channel-253/el1,,channel-253,channel-1,connection-1539,2061,1.790682212553E9
71559171|1|0|0|9|1,1.79068238391E9,71559171,block_result,1,DB5BE542D4F2C3A217A8AF4C71D8DA35406CB7C1545B5181280D4168AD7A56B3,0,0,9,0,1,osmo1gffqw3wdpdkjy4e8ajpakhx5x3zekw2lczexnr,genesis17gvjlatf9c8m8rzachgkltgsp05cvz2vc063vh,35604229869859337130436,ibc/F16FDC11A7662B86BC0B9CE61871CBACF7C20606F95E86260FD38915184B75B4,transfer/channel-253/el1,,channel-253,channel-1,connection-1539,2062,1.790682387522E9
71547183|1|0|0|9|1,1.790666763987E9,71547183,block_result,1,4A088EE0F70D49DE86865753ADFE5CD035E53B4D9CD0D25BF14030AB98D865A3,0,0,9,0,1,osmo1cffqlxsq87myua4mxunv47jz65ly8makfpsuvs,genesis1cffqlxsq87myua4mxunv47jz65ly8maklnh67h,400446556008038734565,ibc/F16FDC11A7662B86BC0B9CE61871CBACF7C20606F95E86260FD38915184B75B4,transfer/channel-253/el1,,channel-253,channel-1,connection-1539,2054,1.790666769287E9
71533025|1|1|0|9|1,1.790648281675E9,71533025,block_result,1,8C6DFB1C18F8996D24A9C257055478D448F804A4013C6669BB474CDF02031C87,1,0,9,0,1,osmo1kchq6hwcxykm847jugaf5c6x7aqvz4k9rrcl2w,genesis1eqmkqk2csz75c2k8y2czp2kvnc2jh5j0uaa872,883000000000000000000,ibc/F16FDC11A7662B86BC0B9CE61871CBACF7C20606F95E86260FD38915184B75B4,transfer/channel-253/el1,,channel-253,channel-1,connection-1539,2042,1.790648285291E9
71560861|1|0|0|9|1,1.79068458479E9,71560861,block_result,1,89AA47F3981B1CADA07E5E7A4DFDD0812FF751760176232FB997DB1CD874C410,0,0,9,0,1,osmo1h4d0dyh42fe3kgjggx6dr7n7ld3hlzvz37d332,genesis1h4d0dyh42fe3kgjggx6dr7n7ld3hlzvz8v2hrd,97762053194485697333,ibc/F16FDC11A7662B86BC0B9CE61871CBACF7C20606F95E86260FD38915184B75B4,transfer/channel-253/el1,,channel-253,channel-1,connection-1539,2067,1.790684587146E9
71575642|1|0|0|9|1,1.790703883445E9,71575642,block_result,1,59FF40210E3C33998B4F48E8DB96660D1215258B3C9B245BC8DEC23B364090A2,0,0,9,0,1,osmo1hauvj3muyuswsfn5hc4cqj3zmwe6y33ls3093z,genesis1hauvj3muyuswsfn5hc4cqj3zmwe6y33lxrgrr9,10110915927614033437716,ibc/F16FDC11A7662B86BC0B9CE61871CBACF7C20606F95E86260FD38915184B75B4,transfer/channel-253/el1,,channel-253,channel-1,connection-1539,2082,1.790703888735E9
71533784|1|0|0|9|1,1.790649276803E9,71533784,block_result,1,22B4E86EA4516DA8C4BCC2296590C1CAC4031BFC17395DA8C5B5178470E0561D,0,0,9,0,1,osmo1kchq6hwcxykm847jugaf5c6x7aqvz4k9rrcl2w,genesis1jk3v4z3v34vfdkjn7yvve7fwdf8acyr5tydw22,1629000000000000000000,ibc/F16FDC11A7662B86BC0B9CE61871CBACF7C20606F95E86260FD38915184B75B4,transfer/channel-253/el1,,channel-253,channel-1,connection-1539,2044,1.790649279317E9
71533595|1|0|0|9|1,1.790649028555E9,71533595,block_result,1,B84D1571B44FE0C310CB3D8E87F68D8681873E2E7EF8AB33EC31C041E6BB0035,0,0,9,0,1,osmo1kchq6hwcxykm847jugaf5c6x7aqvz4k9rrcl2w,genesis1jk3v4z3v34vfdkjn7yvve7fwdf8acyr5tydw22,860000000000000000000,ibc/F16FDC11A7662B86BC0B9CE61871CBACF7C20606F95E86260FD38915184B75B4,transfer/channel-253/el1,,channel-253,channel-1,connection-1539,2043,1.790649031564E9
71531738|1|0|0|9|1,1.790646594537E9,71531738,block_result,1,89A96FA61137366B950F6CF2C76DA28BD49283B67A3616285898B683DDB8AE06,0,0,9,0,1,osmo1kchq6hwcxykm847jugaf5c6x7aqvz4k9rrcl2w,genesis1jk3v4z3v34vfdkjn7yvve7fwdf8acyr5tydw22,1300000000000000000000,ibc/F16FDC11A7662B86BC0B9CE61871CBACF7C20606F95E86260FD38915184B75B4,transfer/channel-253/el1,,channel-253,channel-1,connection-1539,2040,1.790646600139E9
71534151|1|0|0|9|1,1.790649756848E9,71534151,block_result,1,EA41F73206E6EBF5DBB70B3640818F262483AB23147D0F1DF366225EA9303AF6,0,0,9,0,1,osmo1kchq6hwcxykm847jugaf5c6x7aqvz4k9rrcl2w,genesis1jk3v4z3v34vfdkjn7yvve7fwdf8acyr5tydw22,763000000000000000000,ibc/F16FDC11A7662B86BC0B9CE61871CBACF7C20606F95E86260FD38915184B75B4,transfer/channel-253/el1,,channel-253,channel-1,connection-1539,2047,1.790649760471E9
71533847|1|0|0|9|1,1.790649354079E9,71533847,block_result,1,6EBC5368E19B5623A61A0D1FA7BC773BF52363DD628783F15E879661CC49FA4B,0,0,9,0,1,osmo1kchq6hwcxykm847jugaf5c6x7aqvz4k9rrcl2w,genesis1jk3v4z3v34vfdkjn7yvve7fwdf8acyr5tydw22,802000000000000000000,ibc/F16FDC11A7662B86BC0B9CE61871CBACF7C20606F95E86260FD38915184B75B4,transfer/channel-253/el1,,channel-253,channel-1,connection-1539,2045,1.790649356518E9
71531349|1|0|0|9|1,1.790646087312E9,71531349,block_result,1,9A365647CADE6EDF2A7EA9849706BC62CCCCCB6EB555F7CD53B9E1977D1D1821,0,0,9,0,1,osmo1kchq6hwcxykm847jugaf5c6x7aqvz4k9rrcl2w,genesis1jk3v4z3v34vfdkjn7yvve7fwdf8acyr5tydw22,1358000000000000000000,ibc/F16FDC11A7662B86BC0B9CE61871CBACF7C20606F95E86260FD38915184B75B4,transfer/channel-253/el1,,channel-253,channel-1,connection-1539,2039,1.79064609266E9
71579959|1|0|0|9|1,1.790709543546E9,71579959,block_result,1,74C0D7CBFFDDE3D380B0912492EC81B113B931CA5C419920B9F97B4F84BDCD61,0,0,9,0,1,osmo1kchq6hwcxykm847jugaf5c6x7aqvz4k9rrcl2w,genesis1jk3v4z3v34vfdkjn7yvve7fwdf8acyr5tydw22,778000000000000000000,ibc/F16FDC11A7662B86BC0B9CE61871CBACF7C20606F95E86260FD38915184B75B4,transfer/channel-253/el1,,channel-253,channel-1,connection-1539,2083,1.790709547138E9
71534012|1|1|0|9|1,1.790649572927E9,71534012,block_result,1,DC16CADF9F51232833222F1C55224F2F91B960BD3D4C683F296B280E39B20EAB,1,0,9,0,1,osmo1kchq6hwcxykm847jugaf5c6x7aqvz4k9rrcl2w,genesis1jk3v4z3v34vfdkjn7yvve7fwdf8acyr5tydw22,782000000000000000000,ibc/F16FDC11A7662B86BC0B9CE61871CBACF7C20606F95E86260FD38915184B75B4,transfer/channel-253/el1,,channel-253,channel-1,connection-1539,2046,1.790649578237E9
71531244|1|0|0|9|1,1.790645948967E9,71531244,block_result,1,5D043475D4773D13F1D45E545528E3EA34DE091025EFF5367A3A1476D0BB72E5,0,0,9,0,1,osmo1kchq6hwcxykm847jugaf5c6x7aqvz4k9rrcl2w,genesis1jk3v4z3v34vfdkjn7yvve7fwdf8acyr5tydw22,2786000000000000000000,ibc/F16FDC11A7662B86BC0B9CE61871CBACF7C20606F95E86260FD38915184B75B4,transfer/channel-253/el1,,channel-253,channel-1,connection-1539,2038,1.790645951389E9
71531046|1|2|0|9|1,1.790645684805E9,71531046,block_result,1,05A41C1B32C6563B7D74E2AB0A34B57B0ABAD476AED9FBC914FA04A50015FE45,2,0,9,0,1,osmo1kchq6hwcxykm847jugaf5c6x7aqvz4k9rrcl2w,genesis1jk3v4z3v34vfdkjn7yvve7fwdf8acyr5tydw22,4227000000000000000000,ibc/F16FDC11A7662B86BC0B9CE61871CBACF7C20606F95E86260FD38915184B75B4,transfer/channel-253/el1,,channel-253,channel-1,connection-1539,2037,1.790645688441E9
71569134|1|0|0|9|1,1.790695345144E9,71569134,block_result,1,1E57FA6E9BD2E86E32A7E465679A3D3A53EA4D497084B5163F247281FCE1AC74,0,0,9,0,1,osmo1lulklm2d20j6r9raxvq5fm5m8km7cdhttny6yj,genesis1lulklm2d20j6r9raxvq5fm5m8km7cdhtapruk4,100000000000000000,ibc/F16FDC11A7662B86BC0B9CE61871CBACF7C20606F95E86260FD38915184B75B4,transfer/channel-253/el1,,channel-253,channel-1,connection-1539,2074,1.790695348783E9
71580422|1|1|0|9|1,1.79071014937E9,71580422,block_result,1,F9B5240B9AD13513DBB505F670DCB34EA46BFEF9CBB11A4CD72FE35758D299BE,1,0,9,0,1,osmo1nvyqrve35fpzgrewnaxmyxsqtaq4dxvywkh2wj,genesis1nvyqrve35fpzgrewnaxmyxsqtaq4dxvycysvu4,753870402821068078785,ibc/F16FDC11A7662B86BC0B9CE61871CBACF7C20606F95E86260FD38915184B75B4,transfer/channel-253/el1,,channel-253,channel-1,connection-1539,2085,1.790710154593E9
71556846|1|0|0|9|1,1.790679373801E9,71556846,block_result,1,3A38DE05C7CDF0EFA3D58DB9659FFB8EB3CC2C02AC4ED6967C07B27A5E2FFD39,0,0,9,0,1,osmo1p4557mdpc2qk8vcemeqgrcg55gs2uyznvdya3j,genesis1p4557mdpc2qk8vcemeqgrcg55gs2uyzn6lrmr4,3749525256768356872,ibc/F16FDC11A7662B86BC0B9CE61871CBACF7C20606F95E86260FD38915184B75B4,transfer/channel-253/el1,,channel-253,channel-1,connection-1539,2060,1.790679376283E9
71553540|1|0|0|9|1,1.790675071797E9,71553540,block_result,1,C967B40F676FAA7B46C0720E1E3E5D655819102613258D6A335BF79B6D35514A,0,0,9,0,1,osmo1p4557mdpc2qk8vcemeqgrcg55gs2uyznvdya3j,genesis1p4557mdpc2qk8vcemeqgrcg55gs2uyzn6lrmr4,1872903850645332658,ibc/F16FDC11A7662B86BC0B9CE61871CBACF7C20606F95E86260FD38915184B75B4,transfer/channel-253/el1,,channel-253,channel-1,connection-1539,2059,1.790675074749E9
71590659|1|0|0|9|1,1.790723517925E9,71590659,block_result,1,35EDB1C1AC0EB904E01C2475B88577CA316D45D9FBCCB0AFE54EF4B8821BAA0B,0,0,9,0,1,osmo1qz7svv2tea95rhytyrhmqjkcuvrpean8dwsrtj,genesis1qz7svv2tea95rhytyrhmqjkcuvrpean8muh9e4,1945000000000000000,ibc/F16FDC11A7662B86BC0B9CE61871CBACF7C20606F95E86260FD38915184B75B4,transfer/channel-253/el1,,channel-253,channel-1,connection-1539,2090,1.790723520454E9
71590298|1|0|0|9|1,1.790723048745E9,71590298,block_result,1,AB5C6B105DFC507E3F79C14E50E24F03F1212DD379F44FE3BD557FBF4A309E2F,0,0,9,0,1,osmo1qz7svv2tea95rhytyrhmqjkcuvrpean8dwsrtj,genesis1qz7svv2tea95rhytyrhmqjkcuvrpean8muh9e4,33412831810403245,ibc/F16FDC11A7662B86BC0B9CE61871CBACF7C20606F95E86260FD38915184B75B4,transfer/channel-253/el1,,channel-253,channel-1,connection-1539,2089,1.790723051271E9
71540457|1|0|0|9|1,1.790657969082E9,71540457,block_result,1,3F8460C91CDFE0B4072BA9BA3A825E9154200A3DC7F7444BDD1BD6ED4EA9A9E9,0,0,9,0,1,osmo1srgysthmuqpw4f6qsrektu2glj59hz6lt44dyp,genesis1srgysthmuqpw4f6qsrektu2glj59hz6la8jtkx,6000000000000000000000,ibc/F16FDC11A7662B86BC0B9CE61871CBACF7C20606F95E86260FD38915184B75B4,transfer/channel-253/el1,,channel-253,channel-1,connection-1539,2048,1.790657971541E9
71567235|1|0|0|9|1,1.790692850965E9,71567235,block_result,1,D2D1073C077B5C117E0318E84FB1D9B574A79EB537D0579D3FCBCF5C720CA216,0,0,9,0,1,osmo1srgysthmuqpw4f6qsrektu2glj59hz6lt44dyp,genesis1srgysthmuqpw4f6qsrektu2glj59hz6la8jtkx,1800000000000000000000,ibc/F16FDC11A7662B86BC0B9CE61871CBACF7C20606F95E86260FD38915184B75B4,transfer/channel-253/el1,,channel-253,channel-1,connection-1539,2071,1.790692853565E9
71551486|1|0|0|9|1,1.790672389142E9,71551486,block_result,1,C141B4E0FE9D03EF076203B5A22C33FEEDEA456C77858A35243D774D487C83C7,0,0,9,0,1,osmo1srgysthmuqpw4f6qsrektu2glj59hz6lt44dyp,genesis1srgysthmuqpw4f6qsrektu2glj59hz6la8jtkx,5000000000000000000000,ibc/F16FDC11A7662B86BC0B9CE61871CBACF7C20606F95E86260FD38915184B75B4,transfer/channel-253/el1,,channel-253,channel-1,connection-1539,2056,1.790672391571E9
71583485|1|2|0|9|1,1.790714180299E9,71583485,block_result,1,1D2855CDDF0B7828370BE8E51AF3809A39791EDB568D47DAEDBB2F58A20E5B57,2,0,9,0,1,osmo1srgysthmuqpw4f6qsrektu2glj59hz6lt44dyp,genesis1srgysthmuqpw4f6qsrektu2glj59hz6la8jtkx,1700000000000000000000,ibc/F16FDC11A7662B86BC0B9CE61871CBACF7C20606F95E86260FD38915184B75B4,transfer/channel-253/el1,,channel-253,channel-1,connection-1539,2087,1.790714183728E9
71532273|1|1|0|9|1,1.790647294565E9,71532273,block_result,1,22BCC18BB7D3A2B86127104D5F4EEADC59C83DBD86D89039EB4C0CCC1AF4062F,1,0,9,0,1,osmo1kchq6hwcxykm847jugaf5c6x7aqvz4k9rrcl2w,genesis1tat77sppnc59s7652mpdcw7r8gzx5pf8z46n4y,877000000000000000000,ibc/F16FDC11A7662B86BC0B9CE61871CBACF7C20606F95E86260FD38915184B75B4,transfer/channel-253/el1,,channel-253,channel-1,connection-1539,2041,1.790647299729E9
71590072|1|0|0|9|1,1.790722752451E9,71590072,block_result,1,3B5D96E5344A500BCCF162ADA5D74DAA05322A06CCF019506A80029C5ED2E6CC,0,0,9,0,1,osmo1usfrtuvlv4rpyjfzz6d2jvevtmdmu6jzg4cr9r,genesis1usfrtuvlv4rpyjfzz6d2jvevtmdmu6jz78l9hy,26730508756391451,ibc/F16FDC11A7662B86BC0B9CE61871CBACF7C20606F95E86260FD38915184B75B4,transfer/channel-253/el1,,channel-253,channel-1,connection-1539,2088,1.790722755033E9
69446208|1|0|0|9|1,1.787935488174E9,69446208,block_result,1,DAA620BC1ECCF7847B7C0AD67B560BC783ACA5940B8E4A1CD7F1A37DAEF0A605,0,0,9,0,1,osmo1zkewm35hqzve3xet3rhc0kmzeldxjf22fwq990,genesis1zkewm35hqzve3xet3rhc0kmzeldxjf22lu8rhg,3023339257850958464438,ibc/F16FDC11A7662B86BC0B9CE61871CBACF7C20606F95E86260FD38915184B75B4,transfer/channel-253/el1,,channel-253,channel-1,connection-1539,1946,1.787935493246E9
70705687|1|0|0|9|1,1.789576192165E9,70705687,block_result,1,F2635293613083171C0A0C32F7C57DC36E6B193A80592A78C16F688D12C13967,0,0,9,0,1,osmo12epj9nrp73rmdctdu2qnvmqty9t4hsylupjhp7,genesis12epj9nrp73rmdctdu2qnvmqty9t4hsyl2n43ne,1446091394030780526071,ibc/F16FDC11A7662B86BC0B9CE61871CBACF7C20606F95E86260FD38915184B75B4,transfer/channel-253/el1,,channel-253,channel-1,connection-1539,1984,1.789576194505E9
70675455|1|0|0|9|1,1.789537828473E9,70675455,block_result,1,CCAF9F36C9827A2C7AFD048A24230B75016F8D798F2568D2D608C26CC7B20198,0,0,9,0,1,osmo1srgysthmuqpw4f6qsrektu2glj59hz6lt44dyp,genesis1srgysthmuqpw4f6qsrektu2glj59hz6la8jtkx,3500000000000000000000,ibc/F16FDC11A7662B86BC0B9CE61871CBACF7C20606F95E86260FD38915184B75B4,transfer/channel-253/el1,,channel-253,channel-1,connection-1539,1983,1.789537830752E9
5005056|1|24|0|7|1,1.656878358589E9,5005056,block_result,1,8EC81021D8E7F3A00C5D0A3018E7D6E0960239780358FFFA0D1549B8EA94F7F4,24,0,7,0,1,osmo1wcj02245uwe3xpn4sj9h5mnavmj0wlmj95qzf4,genesis1wcj02245uwe3xpn4sj9h5mnavmj0wlmjnx8ymj,1308308223836504452,ibc/F16FDC11A7662B86BC0B9CE61871CBACF7C20606F95E86260FD38915184B75B4,transfer/channel-253/el1,,channel-253,channel-1,connection-1539,364,1.717569422778964E9
5006794|1|1|0|7|1,1.656889219055E9,5006794,block_result,1,C52DBB152B19C4388A65E7DCFD16E291D2237432ECC515D02732DF8A79EC7EAC,1,0,7,0,1,osmo1ux3j2h446q9yf5dvsw4mwa5fnf07ja9v7hnlwd,genesis1ux3j2h446q9yf5dvsw4mwa5fnf07ja9vg95eu2,68575132888386393727,ibc/F16FDC11A7662B86BC0B9CE61871CBACF7C20606F95E86260FD38915184B75B4,transfer/channel-253/el1,,channel-253,channel-1,connection-1539,365,1.717592886434682E9
59574052|1|0|0|9|1,1.776425625251E9,59574052,block_result,1,019C39767B2A79A84500428AD3458FD9AE2C3EFD2725B869003E7F11D68995E2,0,0,9,0,1,osmo166a7pw3jxyjzg38uuyjlqrs0z5amyu6cd554v4,genesis166a7pw3jxyjzg38uuyjlqrs0z5amyu6cmxnn7j,242146763499890117808,ibc/F16FDC11A7662B86BC0B9CE61871CBACF7C20606F95E86260FD38915184B75B4,transfer/channel-253/el1,,channel-253,channel-1,connection-1539,1610,1.776425628833E9
59612163|1|0|0|9|1,1.776468317943E9,59612163,block_result,1,BFF8DBA2CAE327E9722B182D99D8ADB1CE223E01F0E73C17648F94B63FA2D5F9,0,0,9,0,1,osmo1yaaemqhc8776gxy0e2l53nrw6dmewd7sfa82vg,genesis1yaaemqhc8776gxy0e2l53nrw6dmewd7sl0qv70,854394366790094167945,ibc/F16FDC11A7662B86BC0B9CE61871CBACF7C20606F95E86260FD38915184B75B4,transfer/channel-253/el1,,channel-253,channel-1,connection-1539,1611,1.776468320813E9
71838219|1|0|0|9|1,1.791048699748E9,71838219,block_result,1,790DFB51781F0D9DEE7F6515778CA561B0CA6B13F378215D7C6109AEA0509C6B,0,0,9,0,1,osmo1yta84dql30lgxnqlkrvswc2j7264lww249uqnr,genesis1438z87yf92fqe66t2f03nfgxaudcn3qq6tupts,30000000000000000000000,ibc/F16FDC11A7662B86BC0B9CE61871CBACF7C20606F95E86260FD38915184B75B4,transfer/channel-253/el1,,channel-253,channel-1,connection-1539,2132,1.791048702141E9
71834704|1|0|0|9|1,1.791043739692E9,71834704,block_result,1,DFB9EFFD8765A631D31AB1DA73F4E03B98A71A0EA5D80E673BC708925EC01AC5,0,0,9,0,1,osmo1yta84dql30lgxnqlkrvswc2j7264lww249uqnr,genesis1438z87yf92fqe66t2f03nfgxaudcn3qq6tupts,16005000000000000000000,ibc/F16FDC11A7662B86BC0B9CE61871CBACF7C20606F95E86260FD38915184B75B4,transfer/channel-253/el1,,channel-253,channel-1,connection-1539,2131,1.791043745095E9
71834399|1|0|0|9|1,1.791043309836E9,71834399,block_result,1,FB4743169A38ACBBBC54B872BEC6C5C0F411D4D94AE7CCC9FFE091F07C3D780E,0,0,9,0,1,osmo1yta84dql30lgxnqlkrvswc2j7264lww249uqnr,genesis1438z87yf92fqe66t2f03nfgxaudcn3qq6tupts,5000000000000000000,ibc/F16FDC11A7662B86BC0B9CE61871CBACF7C20606F95E86260FD38915184B75B4,transfer/channel-253/el1,,channel-253,channel-1,connection-1539,2130,1.791043313759E9
71841510|1|0|0|9|1,1.791053305177E9,71841510,block_result,1,4907AFCCC6F788B2F651B6DA5B24B090D7FEFD7BA59B8A15A38B627CE69FB304,0,0,9,0,1,osmo1zkewm35hqzve3xet3rhc0kmzeldxjf22fwq990,genesis16jjxucde476dvfq7shvh65t3w09q6ftz2xta3u,206943383674690857049,ibc/F16FDC11A7662B86BC0B9CE61871CBACF7C20606F95E86260FD38915184B75B4,transfer/channel-253/el1,,channel-253,channel-1,connection-1539,2135,1.791053310397E9
71840685|1|0|0|9|1,1.791052144522E9,71840685,block_result,1,37298371663D19641E804F2EB7FAEF4FB12B7D1AE46D9CBB8F35942945DC67DE,0,0,9,0,1,osmo1zkewm35hqzve3xet3rhc0kmzeldxjf22fwq990,genesis16jjxucde476dvfq7shvh65t3w09q6ftz2xta3u,209700179067230937827,ibc/F16FDC11A7662B86BC0B9CE61871CBACF7C20606F95E86260FD38915184B75B4,transfer/channel-253/el1,,channel-253,channel-1,connection-1539,2133,1.79105215057E9
71840897|1|0|0|9|1,1.791052443705E9,71840897,block_result,1,B73DFA25F1005CFFAE6DCD0A3D81B93D39767D2C5A0E129D60BE437EBBB65C57,0,0,9,0,1,osmo1zkewm35hqzve3xet3rhc0kmzeldxjf22fwq990,genesis16jjxucde476dvfq7shvh65t3w09q6ftz2xta3u,208824474460965567162,ibc/F16FDC11A7662B86BC0B9CE61871CBACF7C20606F95E86260FD38915184B75B4,transfer/channel-253/el1,,channel-253,channel-1,connection-1539,2134,1.79105244606E9
71831710|1|0|0|9|1,1.79103952046E9,71831710,block_result,1,8E46261D69A238561955390FF6F81EB9D49DB60E620F983A46B45614E82C0443,0,0,9,0,1,osmo1c4gf4m92zxachuywrttymahyr63wdwp6k3p7j5,genesis1c4gf4m92zxachuywrttymahyr63wdwp6qrxcqn,17799642710749573179,ibc/F16FDC11A7662B86BC0B9CE61871CBACF7C20606F95E86260FD38915184B75B4,transfer/channel-253/el1,,channel-253,channel-1,connection-1539,2129,1.791039524336E9
71828564|1|1|0|9|1,1.791035084545E9,71828564,block_result,1,C67F319168069384A1FAC94F6AD77806287F4490121DCAB944F23E1029507E70,1,0,9,0,1,osmo1cwu50c3pjj5jwp8xukluy0a2r9wg7alqym6frs,genesis1cwu50c3pjj5jwp8xukluy0a2r9wg7alqjfa03h,16010120495466043205,ibc/F16FDC11A7662B86BC0B9CE61871CBACF7C20606F95E86260FD38915184B75B4,transfer/channel-253/el1,,channel-253,channel-1,connection-1539,2128,1.791035090697E9
71847277|1|1|0|9|1,1.7910614095E9,71847277,block_result,1,FD0E1504D8B60648D08432BF64DDCBE7F206103FDE8BFDA944BA4D7C9865D703,1,0,9,0,1,osmo1kchq6hwcxykm847jugaf5c6x7aqvz4k9rrcl2w,genesis1jk3v4z3v34vfdkjn7yvve7fwdf8acyr5tydw22,781000000000000000000,ibc/F16FDC11A7662B86BC0B9CE61871CBACF7C20606F95E86260FD38915184B75B4,transfer/channel-253/el1,,channel-253,channel-1,connection-1539,2136,1.7910614146E9
71848793|1|0|0|9|1,1.791063560043E9,71848793,block_result,1,0FAD9611991286F18B7D281644035151284DB8A55AB8AE01D5E54CBF0E260AEE,0,0,9,0,1,osmo1srgysthmuqpw4f6qsrektu2glj59hz6lt44dyp,genesis1srgysthmuqpw4f6qsrektu2glj59hz6la8jtkx,1850000000000000000000,ibc/F16FDC11A7662B86BC0B9CE61871CBACF7C20606F95E86260FD38915184B75B4,transfer/channel-253/el1,,channel-253,channel-1,connection-1539,2137,1.791063562297E9
8538852|1|18|0|7|1,1.677878968248E9,8538852,block_result,1,38AD27C06B6863DB808B1FB16619EB622CB7E7B948F57B87CAE4089B215138BE,18,0,7,0,1,osmo1vgu6mpatup4hsyt463mdkac4a6n7qh30laksq4,genesis1vgu6mpatup4hsyt463mdkac4a6n7qh30f03kjj,25232179939262044113,ibc/F16FDC11A7662B86BC0B9CE61871CBACF7C20606F95E86260FD38915184B75B4,transfer/channel-253/el1,,channel-253,channel-1,connection-1539,1170,1.717465667108656E9
8531085|1|28|0|7|1,1.67783473661E9,8531085,block_result,1,2F5DD9B6E04249539D795CAF6FB407DA85B33A7D4A3F84323DCBB4BFBBFCF34C,28,0,7,0,1,osmo1vgu6mpatup4hsyt463mdkac4a6n7qh30laksq4,genesis1vgu6mpatup4hsyt463mdkac4a6n7qh30f03kjj,22193341871329612245,ibc/F16FDC11A7662B86BC0B9CE61871CBACF7C20606F95E86260FD38915184B75B4,transfer/channel-253/el1,,channel-253,channel-1,connection-1539,1169,1.717465723092058E9
8531019|1|27|0|7|1,1.677834360071E9,8531019,block_result,1,1BAF82422AB0C141E4E1B3CC210A9F2C6A490C6E3A7AB28E04163AC814A4DD3B,27,0,7,0,1,osmo1vgu6mpatup4hsyt463mdkac4a6n7qh30laksq4,genesis1vgu6mpatup4hsyt463mdkac4a6n7qh30f03kjj,50000000000000000,ibc/F16FDC11A7662B86BC0B9CE61871CBACF7C20606F95E86260FD38915184B75B4,transfer/channel-253/el1,,channel-253,channel-1,connection-1539,1168,1.717465723884413E9
66696028|1|0|0|9|1,1.784493533874E9,66696028,block_result,1,8825880DA1B873CA4A2E90DA9185FA7DB8E91C5A6B63B272CF669D15C27F9D7E,0,0,9,0,1,osmo1s0mcdnsp74relctt3nyfyx4zkuwfn5wff8n73a,genesis1s0mcdnsp74relctt3nyfyx4zkuwfn5wfl45cr6,43685897613548304652599,ibc/F16FDC11A7662B86BC0B9CE61871CBACF7C20606F95E86260FD38915184B75B4,transfer/channel-253/el1,,channel-253,channel-1,connection-1539,1748,1.784493536147E9
66704826|1|0|0|9|1,1.784503835261E9,66704826,block_result,1,1FDBFCC3B4ABCAC8A5455F1DA8A465E6A4ACC663602AE921D8A4F0A3258A072B,0,0,9,0,1,osmo1w5wehwhcma8ltrl62hfxxt8rx0eskr66d7rw4h,genesis1w5wehwhcma8ltrl62hfxxt8rx0eskr66mvyg8s,7852159249914011980574,ibc/F16FDC11A7662B86BC0B9CE61871CBACF7C20606F95E86260FD38915184B75B4,transfer/channel-253/el1,,channel-253,channel-1,connection-1539,1749,1.784503837586E9
71292089|1|2|0|9|1,1.79033397935E9,71292089,block_result,1,0F02EA7C0DE6B85443F436601E0D6B58495CB070308F955309FC31B3685C0530,2,0,9,0,1,osmo1cffqlxsq87myua4mxunv47jz65ly8makfpsuvs,genesis1cffqlxsq87myua4mxunv47jz65ly8maklnh67h,400461216977038734565,ibc/F16FDC11A7662B86BC0B9CE61871CBACF7C20606F95E86260FD38915184B75B4,transfer/channel-253/el1,,channel-253,channel-1,connection-1539,2010,1.790333982209E9
71323680|1|2|0|9|1,1.790375441937E9,71323680,block_result,1,869E9493EB7F5414816199D4A61B36E83306A0210A0F2785B083E10B4A8EB088,2,0,9,0,1,osmo1kchq6hwcxykm847jugaf5c6x7aqvz4k9rrcl2w,genesis1kkd998vlpaqc0uaumxepgu8urg9sv5kns0zdpg,2603000000000000000000,ibc/F16FDC11A7662B86BC0B9CE61871CBACF7C20606F95E86260FD38915184B75B4,transfer/channel-253/el1,,channel-253,channel-1,connection-1539,2011,1.790375445773E9
16280230|1|2|0|9|1,1.717216767498E9,16280230,block_result,1,6D7CEBA50884655AF0A8E89D5AE251F8F104D589D68C0BBB4B53C3380E9A7EA1,2,0,9,0,1,osmo16aypymlama0lk5s8c9s30s09eacpvwnav7ewjv,genesis16aypymlama0lk5s8c9s30s09eacpvwna6v7gqt,5200000000000000000000,ibc/F16FDC11A7662B86BC0B9CE61871CBACF7C20606F95E86260FD38915184B75B4,transfer/channel-253/el1,,channel-253,channel-1,connection-1539,1369,1.717216873758258E9
8590559|1|1|0|7|1,1.678172125559E9,8590559,block_result,1,3505555FA12B3D04BE9899B3E40B97BA9BACCDC962207107D883E0CAF8482C8E,1,0,7,0,1,osmo12960s7qmmxcewmtyh5gf95dlg3yl7vh22xq9kx,genesis12960s7qmmxcewmtyh5gf95dlg3yl7vh2u58ryp,129129000000000000000000,ibc/F16FDC11A7662B86BC0B9CE61871CBACF7C20606F95E86260FD38915184B75B4,transfer/channel-253/el1,,channel-253,channel-1,connection-1539,1179,1.717463274331569E9
8596533|1|1|0|7|1,1.67820589624E9,8596533,block_result,1,8058AF0D04BDF80BA4A26CA89EFE4CE3204DE5567CB1577C0EEB1CA9EAD8430C,1,0,7,0,1,osmo1nvrz75nvlvv9redllux7dc9xeuvp6nhnw9s6lk,genesis1nvrz75nvlvv9redllux7dc9xeuvp6nhnchhud3,218690637256406602106,ibc/F16FDC11A7662B86BC0B9CE61871CBACF7C20606F95E86260FD38915184B75B4,transfer/channel-253/el1,,channel-253,channel-1,connection-1539,1181,1.717464882576732E9
8596165|1|13|0|7|1,1.678203802497E9,8596165,block_result,1,E290EED53C39D7DF8BF02969B462E857912BDA90263D8FA3E634B091C2545B73,13,0,7,0,1,osmo1nvrz75nvlvv9redllux7dc9xeuvp6nhnw9s6lk,genesis1nvrz75nvlvv9redllux7dc9xeuvp6nhnchhud3,1850085495256084732682,ibc/F16FDC11A7662B86BC0B9CE61871CBACF7C20606F95E86260FD38915184B75B4,transfer/channel-253/el1,,channel-253,channel-1,connection-1539,1180,1.717463997249516E9
8596578|1|4|0|7|1,1.678206156408E9,8596578,block_result,1,0FC1F80D6888A1F40DB832B1EDB6550E5E0752EF65495307E31DED01EEDBBD5B,4,0,7,0,1,osmo1nvrz75nvlvv9redllux7dc9xeuvp6nhnw9s6lk,genesis1nvrz75nvlvv9redllux7dc9xeuvp6nhnchhud3,10000000000000000,ibc/F16FDC11A7662B86BC0B9CE61871CBACF7C20606F95E86260FD38915184B75B4,transfer/channel-253/el1,,channel-253,channel-1,connection-1539,1182,1.717464598701725E9
49271927|1|6|0|9|1,1.7641423254E9,49271927,block_result,1,A4EDBD9650DB2081E06652CC20BC86D5CB414FC4319939CC1C0E249E82F33299,6,0,9,0,1,osmo14rj9dl3l28t5lhumevlkheddygjvtxck8fx0ja,genesis1lm59f9w6hte7wz83d4dxw5t40hz8cehznwjjc2,100000000000000000000,ibc/F16FDC11A7662B86BC0B9CE61871CBACF7C20606F95E86260FD38915184B75B4,transfer/channel-253/el1,,channel-253,channel-1,connection-1539,1516,1.764142331661395E9
49271892|1|2|0|9|1,1.764142285915E9,49271892,block_result,1,488119D84400BABB787DD6917C86E77D2240D4318D91D9C9E76BB5F33700C624,2,0,9,0,1,osmo14rj9dl3l28t5lhumevlkheddygjvtxck8fx0ja,genesis1lm59f9w6hte7wz83d4dxw5t40hz8cehznwjjc2,10000000000000000000,ibc/F16FDC11A7662B86BC0B9CE61871CBACF7C20606F95E86260FD38915184B75B4,transfer/channel-253/el1,,channel-253,channel-1,connection-1539,1515,1.7641422885985E9
7976352|1|3|0|7|1,1.67471132758E9,7976352,block_result,1,431803383F6135E1FDBD9B66A29B0B2402FC2663789EC848D643D456E7588E47,3,0,7,0,1,osmo163ndtplrrpkh2faf2c0y6t9v86llx86q6spzwl,genesis163ndtplrrpkh2faf2c0y6t9v86llx86qvzxyuc,48429865856455602,ibc/F16FDC11A7662B86BC0B9CE61871CBACF7C20606F95E86260FD38915184B75B4,transfer/channel-253/el1,,channel-253,channel-1,connection-1539,1124,1.717480104402652E9
63020625|1|0|0|9|1,1.780264794226E9,63020625,block_result,1,50BCC0DC6078DBC22BF7825872198D1C2C283807119D8ACD3BF960344A315AE0,0,0,9,0,1,osmo1yn5yelta2gkcnre7qssrk7eys9z4verlkacrd4,genesis1yn5yelta2gkcnre7qssrk7eys9z4verlq0l9lj,10000000000000000000,ibc/F16FDC11A7662B86BC0B9CE61871CBACF7C20606F95E86260FD38915184B75B4,transfer/channel-253/el1,,channel-253,channel-1,connection-1539,1651,1.780264807129E9
7366748|1|1|0|7|1,1.671236521396E9,7366748,block_result,1,5F178D7CDC78423F964FBD925CAA71B315708E767F6FA9143B3DDF1276DBD0E2,1,0,7,0,1,osmo1c6u8nz9elm3mhyw2mtmgx6ejg85x3xkknqaka3,genesis1c6u8nz9elm3mhyw2mtmgx6ejg85x3xkk9j6s0k,123675346661087280649685,ibc/F16FDC11A7662B86BC0B9CE61871CBACF7C20606F95E86260FD38915184B75B4,transfer/channel-253/el1,,channel-253,channel-1,connection-1539,1065,1.717495917090674E9
7380986|1|26|0|7|1,1.671318418258E9,7380986,block_result,1,46E770E8F6AF0447DADD3AE98E4B9E5A75739568C81D5936B74C7D477E1271BA,26,0,7,0,1,osmo1huaayys7a8uv9d6e7ps9avzxfm9ffe955sl7hf,genesis1huaayys7a8uv9d6e7ps9avzxfm9ffe95zzcc9w,9000000000000000000,ibc/F16FDC11A7662B86BC0B9CE61871CBACF7C20606F95E86260FD38915184B75B4,transfer/channel-253/el1,,channel-253,channel-1,connection-1539,1067,1.717494805735247E9
7370916|1|11|0|7|1,1.671260350752E9,7370916,block_result,1,BC06C6187F73BCCCF0658EDFD216B89C712403108CA1B66FE0889AF1966840AD,11,0,7,0,1,osmo1xhttwcewy0fdefgykd3hv49xjyllwu0v3u8rvl,genesis1xhttwcewy0fdefgykd3hv49xjyllwu0v8wq97c,100520050612474113432,ibc/F16FDC11A7662B86BC0B9CE61871CBACF7C20606F95E86260FD38915184B75B4,transfer/channel-253/el1,,channel-253,channel-1,connection-1539,1066,1.717495108614618E9
30133893|1|2|0|9|1,1.740234457578E9,30133893,block_result,1,1B1FF25550D4A65DE80CB1043ADC1A88DD453D3AB0386E816E76571AAF7FA4D6,2,0,9,0,1,osmo1hzghz9nmvhqu2qk96rq73qmt6u6znl9c4k0qva,genesis1hzghz9nmvhqu2qk96rq73qmt6u6znl9crygx76,50000000000000000000,ibc/F16FDC11A7662B86BC0B9CE61871CBACF7C20606F95E86260FD38915184B75B4,transfer/channel-253/el1,,channel-253,channel-1,connection-1539,1433,1.741475988035653E9
57586668|1|2|0|9|1,1.774104959482E9,57586668,block_result,1,B57ADAE328CAD42589911282660BD5529AD8959C0F2DE42DC07D4C204C496AFE,2,0,9,0,1,osmo16aypymlama0lk5s8c9s30s09eacpvwnav7ewjv,genesis16aypymlama0lk5s8c9s30s09eacpvwna6v7gqt,4236000000000000000000,ibc/F16FDC11A7662B86BC0B9CE61871CBACF7C20606F95E86260FD38915184B75B4,transfer/channel-253/el1,,channel-253,channel-1,connection-1539,1588,1.774104964672E9
69277926|1|0|0|9|1,1.787718441821E9,69277926,block_result,1,E19B397292B7089B972520D37729887D36FFFA55A3E0620B5AB6AB279B33FA0B,0,0,9,0,1,osmo1zkewm35hqzve3xet3rhc0kmzeldxjf22fwq990,genesis1zkewm35hqzve3xet3rhc0kmzeldxjf22lu8rhg,345678253876625261585,ibc/F16FDC11A7662B86BC0B9CE61871CBACF7C20606F95E86260FD38915184B75B4,transfer/channel-253/el1,,channel-253,channel-1,connection-1539,1944,1.787718445516E9
60701672|1|0|0|9|1,1.777676508667E9,60701672,block_result,1,ADE1F27B8DD8D21E06B0441D1C1E6E823D5D65F4D9C6DA88C0C24CE1A2FB67D7,0,0,9,0,1,osmo1cchda0fgmu5kqklcvhh0t6rq597a0ggfhd4w5h,genesis1cchda0fgmu5kqklcvhh0t6rq597a0ggfpljgxs,295547966933658091738,ibc/F16FDC11A7662B86BC0B9CE61871CBACF7C20606F95E86260FD38915184B75B4,transfer/channel-253/el1,,channel-253,channel-1,connection-1539,1626,1.777676513451E9
60650296|1|0|0|9|1,1.77761504842E9,60650296,block_result,1,636C81D7F518D544EEFAF532AFBE5F427935624CE33F4B9C2577BDD9798D31A2,0,0,9,0,1,osmo1llugk9nrw6pvtlty348h0nxlgpe09lg235vt0f,genesis1llugk9nrw6pvtlty348h0nxlgpe09lg28xtdaw,117449214690469121030,ibc/F16FDC11A7662B86BC0B9CE61871CBACF7C20606F95E86260FD38915184B75B4,transfer/channel-253/el1,,channel-253,channel-1,connection-1539,1621,1.777615069504E9
60656896|1|1|0|9|1,1.777622315954E9,60656896,block_result,1,D43D82268AE9C10D716069905B9535F3573EEF4D8F1A40A35F2EC0C8A4B042D4,1,0,9,0,1,osmo1s0mcdnsp74relctt3nyfyx4zkuwfn5wff8n73a,genesis1s0mcdnsp74relctt3nyfyx4zkuwfn5wfl45cr6,26847795471660912796742,ibc/F16FDC11A7662B86BC0B9CE61871CBACF7C20606F95E86260FD38915184B75B4,transfer/channel-253/el1,,channel-253,channel-1,connection-1539,1624,1.777622319511E9
60656963|1|0|0|9|1,1.777622386724E9,60656963,block_result,1,50FF1177C86D63E8B5D4C7A8C8A3D14110679646DEB16CD64BBFD0987D6A3D71,0,0,9,0,1,osmo1s0mcdnsp74relctt3nyfyx4zkuwfn5wff8n73a,genesis1s0mcdnsp74relctt3nyfyx4zkuwfn5wfl45cr6,6379042583109215990,ibc/F16FDC11A7662B86BC0B9CE61871CBACF7C20606F95E86260FD38915184B75B4,transfer/channel-253/el1,,channel-253,channel-1,connection-1539,1625,1.777622389151E9
60656779|1|0|0|9|1,1.777622185007E9,60656779,block_result,1,23EB88AAE1DA58040C0CEFE9D0548BA104392399D8A749924365ECDC1ABBD6E2,0,0,9,0,1,osmo1s0mcdnsp74relctt3nyfyx4zkuwfn5wff8n73a,genesis1s0mcdnsp74relctt3nyfyx4zkuwfn5wfl45cr6,1275808516621843198,ibc/F16FDC11A7662B86BC0B9CE61871CBACF7C20606F95E86260FD38915184B75B4,transfer/channel-253/el1,,channel-253,channel-1,connection-1539,1623,1.777622187408E9
60655501|1|0|0|9|1,1.777620782207E9,60655501,block_result,1,1C22A293E0F5AF4C133B1A32BB4E65BBF935B7F4381EF6DA75964DE01D3B989B,0,0,9,0,1,osmo1u57ekxxqsjrqe4k9yucv786tvc6yjj265a4cqm,genesis1u57ekxxqsjrqe4k9yucv786tvc6yjj26z0j7ju,4000000000000000000000,ibc/F16FDC11A7662B86BC0B9CE61871CBACF7C20606F95E86260FD38915184B75B4,transfer/channel-253/el1,,channel-253,channel-1,connection-1539,1622,1.777620954772E9
52854571|1|0|0|9|1,1.768404988886E9,52854571,block_result,1,E99FC3644C6D8C0C793640BD421FEAD6C0AECE202F8F9223270A88341B8E4AB7,0,0,9,0,1,osmo16aypymlama0lk5s8c9s30s09eacpvwnav7ewjv,genesis16aypymlama0lk5s8c9s30s09eacpvwna6v7gqt,16180000000000000000000,ibc/F16FDC11A7662B86BC0B9CE61871CBACF7C20606F95E86260FD38915184B75B4,transfer/channel-253/el1,,channel-253,channel-1,connection-1539,1527,1.768404992313539E9
71498263|1|1|0|9|1,1.790602611657E9,71498263,block_result,1,9BB2C3F7B0A1053F31559CB5C036632F2FE5DEEE2A69E877F3A2A776316DBB4A,1,0,9,0,1,osmo15dgljy4muj35h2mqqv4v56pzwprh38980p590a,genesis15dgljy4muj35h2mqqv4v56pzwprh3898ennra6,120405371628046389,ibc/F16FDC11A7662B86BC0B9CE61871CBACF7C20606F95E86260FD38915184B75B4,transfer/channel-253/el1,,channel-253,channel-1,connection-1539,2034,1.790602617241E9
71489187|1|0|0|9|1,1.790590682918E9,71489187,block_result,1,7810C7C35F7F241794D0CC69BDF1D9769C2BED22A3D03FF6C26102AB144BD07A,0,0,9,0,1,osmo1zkewm35hqzve3xet3rhc0kmzeldxjf22fwq990,genesis16jjxucde476dvfq7shvh65t3w09q6ftz2xta3u,334414642734184469127,ibc/F16FDC11A7662B86BC0B9CE61871CBACF7C20606F95E86260FD38915184B75B4,transfer/channel-253/el1,,channel-253,channel-1,connection-1539,2033,1.790590688593E9
71482826|1|0|0|9|1,1.790582383308E9,71482826,block_result,1,19A3F4782DB8176427C229C28A64B074ACA501343B98935E6BC98F0E6FD17D5F,0,0,9,0,1,osmo1zkewm35hqzve3xet3rhc0kmzeldxjf22fwq990,genesis16jjxucde476dvfq7shvh65t3w09q6ftz2xta3u,1054783086432754488578,ibc/F16FDC11A7662B86BC0B9CE61871CBACF7C20606F95E86260FD38915184B75B4,transfer/channel-253/el1,,channel-253,channel-1,connection-1539,2029,1.79058238565E9
71485752|1|2|0|9|1,1.790586189829E9,71485752,block_result,1,80807EBC051C4043034B65EF6DB2F7E31036F59D6A73F2916C82A1D97AB7ADC4,2,0,9,0,1,osmo1zkewm35hqzve3xet3rhc0kmzeldxjf22fwq990,genesis16jjxucde476dvfq7shvh65t3w09q6ftz2xta3u,692642726210382950280,ibc/F16FDC11A7662B86BC0B9CE61871CBACF7C20606F95E86260FD38915184B75B4,transfer/channel-253/el1,,channel-253,channel-1,connection-1539,2030,1.790586192266E9
71488532|1|0|0|9|1,1.79058983071E9,71488532,block_result,1,30871A90AED1DAA67868CBCC5E92A4DCAC13A2419DDA6411201B268378346D82,0,0,9,0,1,osmo1zkewm35hqzve3xet3rhc0kmzeldxjf22fwq990,genesis16jjxucde476dvfq7shvh65t3w09q6ftz2xta3u,685016976389415772182,ibc/F16FDC11A7662B86BC0B9CE61871CBACF7C20606F95E86260FD38915184B75B4,transfer/channel-253/el1,,channel-253,channel-1,connection-1539,2031,1.790589834351E9
71481079|1|1|0|9|1,1.790580102999E9,71481079,block_result,1,ED58B244537597266ADF176E0374F08F45C1C2DC1512F9E786E94CBD406FFB27,1,0,9,0,1,osmo1zkewm35hqzve3xet3rhc0kmzeldxjf22fwq990,genesis16jjxucde476dvfq7shvh65t3w09q6ftz2xta3u,364716165718465836341,ibc/F16FDC11A7662B86BC0B9CE61871CBACF7C20606F95E86260FD38915184B75B4,transfer/channel-253/el1,,channel-253,channel-1,connection-1539,2027,1.790580106382E9
71482547|1|1|0|9|1,1.790582019678E9,71482547,block_result,1,4A998CAAFA71D90D2FA8978B75E45751265804ABA5308585537EE407A13ADDDE,1,0,9,0,1,osmo1zkewm35hqzve3xet3rhc0kmzeldxjf22fwq990,genesis16jjxucde476dvfq7shvh65t3w09q6ftz2xta3u,577394895009258979657,ibc/F16FDC11A7662B86BC0B9CE61871CBACF7C20606F95E86260FD38915184B75B4,transfer/channel-253/el1,,channel-253,channel-1,connection-1539,2028,1.790582022065E9
71489005|1|0|0|9|1,1.790590446919E9,71489005,block_result,1,CCC265A979F7BEEFCDF19E5D7A1ECFDA2F8C78B64913CB22B18268210000DC09,0,0,9,0,1,osmo1zkewm35hqzve3xet3rhc0kmzeldxjf22fwq990,genesis16jjxucde476dvfq7shvh65t3w09q6ftz2xta3u,672446079197640791155,ibc/F16FDC11A7662B86BC0B9CE61871CBACF7C20606F95E86260FD38915184B75B4,transfer/channel-253/el1,,channel-253,channel-1,connection-1539,2032,1.79059044917E9
71498412|1|0|0|9|1,1.790602809627E9,71498412,block_result,1,9A292E27118B82742A16999410B4FE63A0C56D6B567F09ABC5E65442CEF7DC45,0,0,9,0,1,osmo1plnwlq7jgu9tzr2kzlnr0dfzss0w7rps7ncen5,genesis1plnwlq7jgu9tzr2kzlnr0dfzss0w7rpsgpllpn,120242620506763785,ibc/F16FDC11A7662B86BC0B9CE61871CBACF7C20606F95E86260FD38915184B75B4,transfer/channel-253/el1,,channel-253,channel-1,connection-1539,2035,1.790602813196E9
71518594|1|0|0|9|1,1.790629328913E9,71518594,block_result,1,E4CBEDB4874DABC5A8010D638DD83254A582B268EB85D9BB4ECE942C03D366D0,0,0,9,0,1,osmo1srgysthmuqpw4f6qsrektu2glj59hz6lt44dyp,genesis1srgysthmuqpw4f6qsrektu2glj59hz6la8jtkx,4800000000000000000000,ibc/F16FDC11A7662B86BC0B9CE61871CBACF7C20606F95E86260FD38915184B75B4,transfer/channel-253/el1,,channel-253,channel-1,connection-1539,2036,1.790629331413E9
63881315|1|1|0|9|1,1.781240576611E9,63881315,block_result,1,8181C55893C8D4AB6E80A40A96E9AB05F70E3CDD38B528CA57924E16AF9AF2D3,1,0,9,0,1,osmo1kyly26j3kpac52d5chqar82c7m9eukfmy5707c,genesis1kyly26j3kpac52d5chqar82c7m9eukfmjxefvl,31424570934226187662988,ibc/F16FDC11A7662B86BC0B9CE61871CBACF7C20606F95E86260FD38915184B75B4,transfer/channel-253/el1,,channel-253,channel-1,connection-1539,1673,1.78124058187E9
63866141|1|0|0|9|1,1.781223221339E9,63866141,block_result,1,E7C6EA24A834580C8082B5181B36E3CB74076F8F1ED19E82B9FE46C1EAF8394B,0,0,9,0,1,osmo1s6mdag35z5jn0xepmshunyp4dzg9mu3vh325gw,genesis1s6mdag35z5jn0xepmshunyp4dzg9mu3vprdj6f,21223185118193011408615,ibc/F16FDC11A7662B86BC0B9CE61871CBACF7C20606F95E86260FD38915184B75B4,transfer/channel-253/el1,,channel-253,channel-1,connection-1539,1671,1.781223223595E9
63866461|1|2|0|9|1,1.78122358803E9,63866461,block_result,1,821C16A7CCB9644B447C1B953D42C559303372624CE8996841A84C9F985AFABE,2,0,9,0,1,osmo1s6mdag35z5jn0xepmshunyp4dzg9mu3vh325gw,genesis1s6mdag35z5jn0xepmshunyp4dzg9mu3vprdj6f,36209916502959707910124,ibc/F16FDC11A7662B86BC0B9CE61871CBACF7C20606F95E86260FD38915184B75B4,transfer/channel-253/el1,,channel-253,channel-1,connection-1539,1672,1.781223592993E9
71762403|1|0|0|9|1,1.790947407263E9,71762403,block_result,1,231A4951FF01A54BC2E806665E8522C53E4BFE42CA4C3E06DBC4E3436777BEE5,0,0,9,0,1,osmo16aypymlama0lk5s8c9s30s09eacpvwnav7ewjv,genesis16aypymlama0lk5s8c9s30s09eacpvwna6v7gqt,380256446051461767290,ibc/F16FDC11A7662B86BC0B9CE61871CBACF7C20606F95E86260FD38915184B75B4,transfer/channel-253/el1,,channel-253,channel-1,connection-1539,2127,1.79094740973E9
71762306|1|0|0|9|1,1.790947278341E9,71762306,block_result,1,AA84A96A9A5A9A49DE317A3C51C3E224BF8AA6114B75D3E5B851B21EB47722D0,0,0,9,0,1,osmo16aypymlama0lk5s8c9s30s09eacpvwnav7ewjv,genesis16aypymlama0lk5s8c9s30s09eacpvwna6v7gqt,759322374045673195126,ibc/F16FDC11A7662B86BC0B9CE61871CBACF7C20606F95E86260FD38915184B75B4,transfer/channel-253/el1,,channel-253,channel-1,connection-1539,2126,1.790947280792E9
71742534|1|0|0|9|1,1.790921698905E9,71742534,block_result,1,A8B23BB742CE443D344A053C99813B235D7954443D9D9E5BB05AAFD771194892,0,0,9,0,1,osmo1zkewm35hqzve3xet3rhc0kmzeldxjf22fwq990,genesis16jjxucde476dvfq7shvh65t3w09q6ftz2xta3u,166910761571412519924,ibc/F16FDC11A7662B86BC0B9CE61871CBACF7C20606F95E86260FD38915184B75B4,transfer/channel-253/el1,,channel-253,channel-1,connection-1539,2123,1.790921701636E9
71754140|1|1|0|9|1,1.790936702242E9,71754140,block_result,1,4E7CA659EAC9D140F1E0670D705C0CB100C62495E9A174E78D10E6D75866ED4A,1,0,9,0,1,osmo1xs8cu3pmc58fzlxqqz8pkghugy2hxh7rhkvdyd,genesis1xs8cu3pmc58fzlxqqz8pkghugy2hxh7rpyttk2,271399879670025130503,ibc/F16FDC11A7662B86BC0B9CE61871CBACF7C20606F95E86260FD38915184B75B4,transfer/channel-253/el1,,channel-253,channel-1,connection-1539,2124,1.790936704706E9
71755313|1|0|0|9|1,1.790938215584E9,71755313,block_result,1,529275DDBDE991F5678D335C601F50B521B9EC15D795AC34E11A42D2CED06B9E,0,0,9,0,1,osmo1xs8cu3pmc58fzlxqqz8pkghugy2hxh7rhkvdyd,genesis1xs8cu3pmc58fzlxqqz8pkghugy2hxh7rpyttk2,19365061706614318346,ibc/F16FDC11A7662B86BC0B9CE61871CBACF7C20606F95E86260FD38915184B75B4,transfer/channel-253/el1,,channel-253,channel-1,connection-1539,2125,1.790938217865E9
66160727|1|0|0|9|1,1.783873967276E9,66160727,block_result,1,CA40053184A7BE1E34D21F28F860990DA533A0BDC1361758ADC197F49F2021D1,0,0,9,0,1,osmo12wgfhlj6xd9lnnp564kdetsgf4jark9cszx07u,genesis12wgfhlj6xd9lnnp564kdetsgf4jark9cxspfvm,3000000000000000000,ibc/F16FDC11A7662B86BC0B9CE61871CBACF7C20606F95E86260FD38915184B75B4,transfer/channel-253/el1,,channel-253,channel-1,connection-1539,1725,1.783873969564E9
66109322|1|1|0|9|1,1.783814593848E9,66109322,block_result,1,5BACBD955CAF2DB24054E0B56559B6FBF1D9D15A11CD61482D5D9D8676E01447,1,0,9,0,1,osmo1qm8t0qwde65v6cyd727xxrj3sa3dm6472kpwv6,genesis1qm8t0qwde65v6cyd727xxrj3sa3dm647uyxg7a,46273306986187453429029,ibc/F16FDC11A7662B86BC0B9CE61871CBACF7C20606F95E86260FD38915184B75B4,transfer/channel-253/el1,,channel-253,channel-1,connection-1539,1719,1.783814598852E9
66154998|1|1|0|9|1,1.783867329556E9,66154998,block_result,1,88DFFA7A506DA935B8CA38C794D8F82A0A967BE9FCBDAAF86236C951BBE4876F,1,0,9,0,1,osmo12wgfhlj6xd9lnnp564kdetsgf4jark9cszx07u,genesis1r9sqeje2ppw9kva5x6j34kxh9npu2k0z2nchk9,1000000000000000000000,ibc/F16FDC11A7662B86BC0B9CE61871CBACF7C20606F95E86260FD38915184B75B4,transfer/channel-253/el1,,channel-253,channel-1,connection-1539,1720,1.783867334872E9
66156565|1|0|0|9|1,1.783869158583E9,66156565,block_result,1,AFE2B77C40191B6F7E624EE3EB045063DB2C6D7A41DBA62BAD0E465681C28A54,0,0,9,0,1,osmo12wgfhlj6xd9lnnp564kdetsgf4jark9cszx07u,genesis1r9sqeje2ppw9kva5x6j34kxh9npu2k0z2nchk9,28600000000000000000000,ibc/F16FDC11A7662B86BC0B9CE61871CBACF7C20606F95E86260FD38915184B75B4,transfer/channel-253/el1,,channel-253,channel-1,connection-1539,1721,1.783869161052E9
66160645|1|0|0|9|1,1.783873866934E9,66160645,block_result,1,0574759A146650CB6129E0B7FBC30B4947A65239B17D3ADAA3C9EEA0992D2100,0,0,9,0,1,osmo12wgfhlj6xd9lnnp564kdetsgf4jark9cszx07u,genesis1w24mmwxpl50n2hcyxjka7u942wl6zuz9yz4t4f,17670000000000000000000,ibc/F16FDC11A7662B86BC0B9CE61871CBACF7C20606F95E86260FD38915184B75B4,transfer/channel-253/el1,,channel-253,channel-1,connection-1539,1724,1.783873872317E9
66160489|1|0|0|9|1,1.783873688026E9,66160489,block_result,1,4C055D965F1359BA55C8655F61F4E459B824F978C2B4A5575E4C754FA59A1C3A,0,0,9,0,1,osmo12wgfhlj6xd9lnnp564kdetsgf4jark9cszx07u,genesis1w24mmwxpl50n2hcyxjka7u942wl6zuz9yz4t4f,100000000000000000000,ibc/F16FDC11A7662B86BC0B9CE61871CBACF7C20606F95E86260FD38915184B75B4,transfer/channel-253/el1,,channel-253,channel-1,connection-1539,1723,1.783873693463E9
66160003|1|0|0|9|1,1.783873124175E9,66160003,block_result,1,3A7786D685498A033695C50F97A3643F94719E1FBC77B918CA3376207E6FA0E5,0,0,9,0,1,osmo12wgfhlj6xd9lnnp564kdetsgf4jark9cszx07u,genesis1w24mmwxpl50n2hcyxjka7u942wl6zuz9yz4t4f,3000000000000000000,ibc/F16FDC11A7662B86BC0B9CE61871CBACF7C20606F95E86260FD38915184B75B4,transfer/channel-253/el1,,channel-253,channel-1,connection-1539,1722,1.783873126421E9
69048908|1|1|0|9|1,1.787422073362E9,69048908,block_result,1,A2253A12B88A41CDED44F6B6ACE96A2E8BD27925CE7B9D8CCFB11CDD324E303F,1,0,9,0,1,osmo1c4gf4m92zxachuywrttymahyr63wdwp6k3p7j5,genesis1c4gf4m92zxachuywrttymahyr63wdwp6qrxcqn,80636202718436866917,ibc/F16FDC11A7662B86BC0B9CE61871CBACF7C20606F95E86260FD38915184B75B4,transfer/channel-253/el1,,channel-253,channel-1,connection-1539,1940,1.787422075587E9
69027616|1|0|0|9|1,1.78739462285E9,69027616,block_result,1,43795A4F503588E082C728CEADE8AF58740F157FBB70129D76758B325A87B3B1,0,0,9,0,1,osmo1kchq6hwcxykm847jugaf5c6x7aqvz4k9rrcl2w,genesis1jk3v4z3v34vfdkjn7yvve7fwdf8acyr5tydw22,2975000000000000000000,ibc/F16FDC11A7662B86BC0B9CE61871CBACF7C20606F95E86260FD38915184B75B4,transfer/channel-253/el1,,channel-253,channel-1,connection-1539,1937,1.787394626259E9
69038135|1|0|0|9|1,1.78740813812E9,69038135,block_result,1,3994224ED0763C655E81AF2F8D23F54919FA34B5F3CEF44A5BA6CAE531316AED,0,0,9,0,1,osmo1srgysthmuqpw4f6qsrektu2glj59hz6lt44dyp,genesis1srgysthmuqpw4f6qsrektu2glj59hz6la8jtkx,3150000000000000000000,ibc/F16FDC11A7662B86BC0B9CE61871CBACF7C20606F95E86260FD38915184B75B4,transfer/channel-253/el1,,channel-253,channel-1,connection-1539,1939,1.787408140612E9
69031769|1|0|0|9|1,1.787399956774E9,69031769,block_result,1,9C98AA9B185378C405652885CF9E5EC373411395DD6D1752CB9ED4A3D02AE981,0,0,9,0,1,osmo1srgysthmuqpw4f6qsrektu2glj59hz6lt44dyp,genesis1srgysthmuqpw4f6qsrektu2glj59hz6la8jtkx,1400000000000000000000,ibc/F16FDC11A7662B86BC0B9CE61871CBACF7C20606F95E86260FD38915184B75B4,transfer/channel-253/el1,,channel-253,channel-1,connection-1539,1938,1.787399961277E9
69027541|1|0|0|9|1,1.787394527338E9,69027541,block_result,1,1660AAEA437A551AA953C5D02A37A58FD320C106F396BD88EAA89580AFFF5528,0,0,9,0,1,osmo1ujlpup56n9a57kmur42c7petfdqq379l9t57yz,genesis1ujlpup56n9a57kmur42c7petfdqq379lnenck9,208826927542288571143,ibc/F16FDC11A7662B86BC0B9CE61871CBACF7C20606F95E86260FD38915184B75B4,transfer/channel-253/el1,,channel-253,channel-1,connection-1539,1936,1.787394532306E9
6989745|1|34|0|7|1,1.66903239992E9,6989745,block_result,1,A79E113FC001F4EF2BFA33609F4DD8D709DFCD04E928D8F913633E7DFCF0F4C1,34,0,7,0,1,osmo15pwqxvf22r750lt3pgfda24trheakx7283mgug,genesis15pwqxvf22r750lt3pgfda24trheakx723ruww0,160984186387781418855,ibc/F16FDC11A7662B86BC0B9CE61871CBACF7C20606F95E86260FD38915184B75B4,transfer/channel-253/el1,,channel-253,channel-1,connection-1539,1035,1.717511324932906E9
35146872|1|4|0|9|1,1.746639956124E9,35146872,block_result,1,030C5811A0A84C511D1B3ADB41AB7B524D7383DA4C95F429CFE1D4C6C0385F22,4,0,9,0,1,osmo16aypymlama0lk5s8c9s30s09eacpvwnav7ewjv,genesis16aypymlama0lk5s8c9s30s09eacpvwna6v7gqt,78600000000000000000000,ibc/F16FDC11A7662B86BC0B9CE61871CBACF7C20606F95E86260FD38915184B75B4,transfer/channel-253/el1,,channel-253,channel-1,connection-1539,1478,1.746640023825982E9
14726032|1|2|0|9|1,1.712405299661E9,14726032,block_result,1,8B03C2D2AAEBB4B8F65917A5323317CD477B246745B1E5E69DD3584CB7A9CAE6,2,0,9,0,1,osmo18tg85xnwmdfnmev254cv35scusfxspyu3mw57u,genesis18tg85xnwmdfnmev254cv35scusfxspyu8ffjvm,288180174896083940946,ibc/F16FDC11A7662B86BC0B9CE61871CBACF7C20606F95E86260FD38915184B75B4,transfer/channel-253/el1,,channel-253,channel-1,connection-1539,1318,1.717017677130561E9
14725980|1|5|0|9|1,1.712405078249E9,14725980,block_result,1,A3F49D7BE2C26E7A14543AFA977FCBFB218B4DD055130C9FBDFF34BD9FD3A2CA,5,0,9,0,1,osmo18tg85xnwmdfnmev254cv35scusfxspyu3mw57u,genesis18tg85xnwmdfnmev254cv35scusfxspyu8ffjvm,54508088035958739359,ibc/F16FDC11A7662B86BC0B9CE61871CBACF7C20606F95E86260FD38915184B75B4,transfer/channel-253/el1,,channel-253,channel-1,connection-1539,1317,1.71701767319084E9
9276139|1|4|0|7|1,1.68208426087E9,9276139,block_result,1,1BB409AC444893AEA03A0AF9E1691F5759A6DB005C34DBCE82584B5FDA57D394,4,0,7,0,1,osmo1nd86lwg7se890hau65eeq6ru9cxunc53wxeux0,genesis1nd86lwg7se890hau65eeq6ru9cxunc53c5765g,20792286446325029354,ibc/F16FDC11A7662B86BC0B9CE61871CBACF7C20606F95E86260FD38915184B75B4,transfer/channel-253/el1,,channel-253,channel-1,connection-1539,1247,1.717445971475567E9
63474931|1|0|0|9|1,1.780770069628E9,63474931,block_result,1,6105E85EFEE5C12CE351A71F3FE4204E2CF9ED4FE2EC6F5A24485B8084AA993B,0,0,9,0,1,osmo1gzn6edx0r2mwavr4rxxzghumhyl77q68700v8f,genesis1gzn6edx0r2mwavr4rxxzghumhyl77q68gag24w,2559986599460366241465,ibc/F16FDC11A7662B86BC0B9CE61871CBACF7C20606F95E86260FD38915184B75B4,transfer/channel-253/el1,,channel-253,channel-1,connection-1539,1662,1.780770072031E9
63479282|1|0|0|9|1,1.7807751663E9,63479282,block_result,1,7E2E2EABD276962AEFBF9E7D8D73FE8BE7A986F01402BE74C3E24D8670660330,0,0,9,0,1,osmo1gzn6edx0r2mwavr4rxxzghumhyl77q68700v8f,genesis1gzn6edx0r2mwavr4rxxzghumhyl77q68gag24w,3205513949285678330232,ibc/F16FDC11A7662B86BC0B9CE61871CBACF7C20606F95E86260FD38915184B75B4,transfer/channel-253/el1,,channel-253,channel-1,connection-1539,1663,1.780775169943E9
5332497|1|134|0|7|1,1.658921712362E9,5332497,block_result,1,737A83C36202FEB5D2AD4C2093507A3955D3958B60F431C8BE2FEDB67DF6DE41,134,0,7,0,1,osmo1me3hg2l74zn5ag9y879u7re4cp4dxea9h5d45s,genesis1me3hg2l74zn5ag9y879u7re4cp4dxea9px2nxh,1827711051336383060,ibc/F16FDC11A7662B86BC0B9CE61871CBACF7C20606F95E86260FD38915184B75B4,transfer/channel-253/el1,,channel-253,channel-1,connection-1539,449,1.717575734117431E9
5332406|1|411|0|7|1,1.658921156374E9,5332406,block_result,1,328EAA9FDFC1405057AA6C83CFB9001758B2B598DA1F2F83650A6F0812A19125,411,0,7,0,1,osmo1me3hg2l74zn5ag9y879u7re4cp4dxea9h5d45s,genesis1me3hg2l74zn5ag9y879u7re4cp4dxea9px2nxh,1000000000000000000,ibc/F16FDC11A7662B86BC0B9CE61871CBACF7C20606F95E86260FD38915184B75B4,transfer/channel-253/el1,,channel-253,channel-1,connection-1539,448,1.717575739050221E9
5333125|1|159|0|7|1,1.658925622654E9,5333125,block_result,1,843D1A71DF27D99310016EEBCB22032537985949393A6E80B5705FA841FE3396,159,0,7,0,1,osmo1u45envuksh5mgmauddhxw99gm3ztrdejhg09xk,genesis1u45envuksh5mgmauddhxw99gm3ztrdejp6gr53,10999869999999870000,ibc/F16FDC11A7662B86BC0B9CE61871CBACF7C20606F95E86260FD38915184B75B4,transfer/channel-253/el1,,channel-253,channel-1,connection-1539,450,1.717557194834305E9
34825339|1|0|0|9|1,1.746239877805E9,34825339,block_result,1,90D523BE53612B0049C5E6A75A7F4B1572AEAF10802A908DFD5A5AE24B9FE198,0,0,9,0,1,osmo1ag940t2gd4sn0wey7xgfjl83x2t5v62m6629pc,genesis1ag940t2gd4sn0wey7xgfjl83x2t5v62mvgdrnl,67185000000000000000000,ibc/F16FDC11A7662B86BC0B9CE61871CBACF7C20606F95E86260FD38915184B75B4,transfer/channel-253/el1,,channel-253,channel-1,connection-1539,1471,1.746239886780989E9
69105771|1|0|0|9|1,1.787494773566E9,69105771,block_result,1,38CB0E25507DA56F2967A36074A65A3E09232D87BEFA04DBFCA788A3117D36D9,0,0,9,0,1,osmo1ag940t2gd4sn0wey7xgfjl83x2t5v62m6629pc,genesis107ff0tztguhn637e0jf3pjecs7kk333gaprfj3,5025000000000000000000,ibc/F16FDC11A7662B86BC0B9CE61871CBACF7C20606F95E86260FD38915184B75B4,transfer/channel-253/el1,,channel-253,channel-1,connection-1539,1943,1.787494778621E9
69105602|1|1|0|9|1,1.787494561112E9,69105602,block_result,1,879A92BBDDEB176BCCC37C9465605FF465E8B9DDB44C72AC43673EA53BF18AD8,1,0,9,0,1,osmo1ag940t2gd4sn0wey7xgfjl83x2t5v62m6629pc,genesis1ag940t2gd4sn0wey7xgfjl83x2t5v62mvgdrnl,5025000000000000000000,ibc/F16FDC11A7662B86BC0B9CE61871CBACF7C20606F95E86260FD38915184B75B4,transfer/channel-253/el1,,channel-253,channel-1,connection-1539,1942,1.787494566198E9
69096156|1|0|0|9|1,1.78748249235E9,69096156,block_result,1,76B175619718AB449F05F18DFE0E21574F399E314FA8BA326C3D107D6D3FE6FD,0,0,9,0,1,osmo1srgysthmuqpw4f6qsrektu2glj59hz6lt44dyp,genesis1srgysthmuqpw4f6qsrektu2glj59hz6la8jtkx,4500000000000000000000,ibc/F16FDC11A7662B86BC0B9CE61871CBACF7C20606F95E86260FD38915184B75B4,transfer/channel-253/el1,,channel-253,channel-1,connection-1539,1941,1.78748249576E9
63304010|1|0|0|9|1,1.780572277901E9,63304010,block_result,1,336E384B7F930B12F2E1F280D854CA09032AE585AE0B5DC3E2A8CA8B5BE70963,0,0,9,0,1,osmo1gzn6edx0r2mwavr4rxxzghumhyl77q68700v8f,genesis1gzn6edx0r2mwavr4rxxzghumhyl77q68gag24w,10243674510614847079582,ibc/F16FDC11A7662B86BC0B9CE61871CBACF7C20606F95E86260FD38915184B75B4,transfer/channel-253/el1,,channel-253,channel-1,connection-1539,1661,1.780572280078E9
63299334|1|1|0|9|1,1.780566923347E9,63299334,block_result,1,A64C59747B38EFD4E9AA65F8A895C399FCD5C40D8EA3D36B69CB62B284D2D964,1,0,9,0,1,osmo1gzn6edx0r2mwavr4rxxzghumhyl77q68700v8f,genesis1gzn6edx0r2mwavr4rxxzghumhyl77q68gag24w,7233143797244027673798,ibc/F16FDC11A7662B86BC0B9CE61871CBACF7C20606F95E86260FD38915184B75B4,transfer/channel-253/el1,,channel-253,channel-1,connection-1539,1660,1.780566925634E9
54884675|1|0|0|9|1,1.770769874866E9,54884675,block_result,1,D5F8DFDA0E46620D9EB3B5F244D6E0865AABAB0C91CA4B68E2B80CED3632D62C,0,0,9,0,1,osmo10s986eprw3f89mdf3plvrku2t5p65u5cljpmms,genesis10s986eprw3f89mdf3plvrku2t5p65u5cfqxafh,5401159095014296966,ibc/F16FDC11A7662B86BC0B9CE61871CBACF7C20606F95E86260FD38915184B75B4,transfer/channel-253/el1,,channel-253,channel-1,connection-1539,1551,1.770769882192705E9
54884363|1|0|0|9|1,1.770769494689E9,54884363,block_result,1,FF002D937429EA4BB870CC64301DD91BFA2DD6470E8226BD5D10EE7AED4C429F,0,0,9,0,1,osmo10s986eprw3f89mdf3plvrku2t5p65u5cljpmms,genesis10s986eprw3f89mdf3plvrku2t5p65u5cfqxafh,54011590950142969658,ibc/F16FDC11A7662B86BC0B9CE61871CBACF7C20606F95E86260FD38915184B75B4,transfer/channel-253/el1,,channel-253,channel-1,connection-1539,1550,1.770769497138417E9
8603233|1|0|0|7|1,1.678244414689E9,8603233,block_result,1,C4AA42D6535757B050873D93FDFCBA1C4CA6CD30DA8ACCBC5AF761DE30A71E96,0,0,7,0,1,osmo1ux3j2h446q9yf5dvsw4mwa5fnf07ja9v7hnlwd,genesis1ux3j2h446q9yf5dvsw4mwa5fnf07ja9vg95eu2,38778278495842613275,ibc/F16FDC11A7662B86BC0B9CE61871CBACF7C20606F95E86260FD38915184B75B4,transfer/channel-253/el1,,channel-253,channel-1,connection-1539,1183,1.717464545947659E9
8614974|1|8|0|7|1,1.678311469641E9,8614974,block_result,1,8DE97D8719890FD5B13A0047DA9260CD1CE093D48C12B062A4DFE4550B43949E,8,0,7,0,1,osmo1ux3j2h446q9yf5dvsw4mwa5fnf07ja9v7hnlwd,genesis1ux3j2h446q9yf5dvsw4mwa5fnf07ja9vg95eu2,18134598353350726663,ibc/F16FDC11A7662B86BC0B9CE61871CBACF7C20606F95E86260FD38915184B75B4,transfer/channel-253/el1,,channel-253,channel-1,connection-1539,1185,1.717463019133508E9
8607161|1|2|0|7|1,1.678266655328E9,8607161,block_result,1,8BCF2715B49476D978D86FF0665E1476417EC3E71A012DEB2D7B761D20840F20,2,0,7,0,1,osmo1vgu6mpatup4hsyt463mdkac4a6n7qh30laksq4,genesis1vgu6mpatup4hsyt463mdkac4a6n7qh30f03kjj,34945232997746113100,ibc/F16FDC11A7662B86BC0B9CE61871CBACF7C20606F95E86260FD38915184B75B4,transfer/channel-253/el1,,channel-253,channel-1,connection-1539,1184,1.717464507492336E9
62150430|1|1|0|9|1,1.779351917609E9,62150430,block_result,1,A653738C30843A4690EE5A032AF6E6EC52785FCD4180F1B943C383CB417DBCC8,1,0,9,0,1,osmo1spfuppc6lycpzrdeavg4a5mplflru7yjmkm2y9,genesis1spfuppc6lycpzrdeavg4a5mplflru7yjdyuvkz,202074603999336405680,ibc/F16FDC11A7662B86BC0B9CE61871CBACF7C20606F95E86260FD38915184B75B4,transfer/channel-253/el1,,channel-253,channel-1,connection-1539,1638,1.779351919868E9
57919454|1|0|0|9|1,1.774526233572E9,57919454,block_result,1,D693A8091AD1365B731F10EF00C3E71E7CF0DAC295286D8AFF43624FD21C7557,0,0,9,0,1,osmo16aypymlama0lk5s8c9s30s09eacpvwnav7ewjv,genesis16aypymlama0lk5s8c9s30s09eacpvwna6v7gqt,26918685811947297953242,ibc/F16FDC11A7662B86BC0B9CE61871CBACF7C20606F95E86260FD38915184B75B4,transfer/channel-253/el1,,channel-253,channel-1,connection-1539,1595,1.774526235838E9
6123280|1|2|0|7|1,1.663808012185E9,6123280,block_result,1,2C4121B805D38BC1CDE1CB2FC30067B551941C4B1CFED4EF9FE2A70C9A5B352F,2,0,7,0,1,osmo1teflr7mzmp6t3ur45aglgjwf09k7znrfpn7s65,genesis1xc4x6p3mrdlpkmha82d8egmp9cl7qda2uxz2xy,711725995786094115113,ibc/F16FDC11A7662B86BC0B9CE61871CBACF7C20606F95E86260FD38915184B75B4,transfer/channel-253/el1,,channel-253,channel-1,connection-1539,844,1.717537073405141E9
71633599|1|0|0|9|1,1.79077975027E9,71633599,block_result,1,B14BF2C1CF99F95CDD9F95AAA3B10568ED95820724EA024E20ABCC2778E4B4D2,0,0,9,0,1,osmo1ukqv0kck646vegp4mht6ar049y9740753pvq9k,genesis10x5stkzceeefj87ku75uvjvxyr6zu9rds9d8xj,28776287715807265,ibc/F16FDC11A7662B86BC0B9CE61871CBACF7C20606F95E86260FD38915184B75B4,transfer/channel-253/el1,,channel-253,channel-1,connection-1539,2097,1.790779752633E9
71617169|1|0|0|9|1,1.790758209186E9,71617169,block_result,1,F6065B9174EA856AF848D46F064A32E5657F771B9AF109576206617F6A8649C2,0,0,9,0,1,osmo1zkewm35hqzve3xet3rhc0kmzeldxjf22fwq990,genesis16jjxucde476dvfq7shvh65t3w09q6ftz2xta3u,411120000000000000000,ibc/F16FDC11A7662B86BC0B9CE61871CBACF7C20606F95E86260FD38915184B75B4,transfer/channel-253/el1,,channel-253,channel-1,connection-1539,2091,1.790758212708E9
71626802|1|0|0|9|1,1.790770825671E9,71626802,block_result,1,40FF1D46197A2FC4C0107ABE8FF646E32E87868AE6EDB61B7621A1D7D0546996,0,0,9,0,1,osmo1zkewm35hqzve3xet3rhc0kmzeldxjf22fwq990,genesis16jjxucde476dvfq7shvh65t3w09q6ftz2xta3u,381535470017030875473,ibc/F16FDC11A7662B86BC0B9CE61871CBACF7C20606F95E86260FD38915184B75B4,transfer/channel-253/el1,,channel-253,channel-1,connection-1539,2092,1.790770829285E9
71641753|1|1|0|9|1,1.790790477491E9,71641753,block_result,1,DEB1F01BFB868D12BAE2D6C58CED516660AA69AACCEE7CFE2D9B3C3FF7F447F7,1,0,9,0,1,osmo1zkewm35hqzve3xet3rhc0kmzeldxjf22fwq990,genesis16jjxucde476dvfq7shvh65t3w09q6ftz2xta3u,194385558974167153776,ibc/F16FDC11A7662B86BC0B9CE61871CBACF7C20606F95E86260FD38915184B75B4,transfer/channel-253/el1,,channel-253,channel-1,connection-1539,2101,1.790790480922E9
71639332|1|1|0|9|1,1.79078726789E9,71639332,block_result,1,45BE9102825345160E8AF88A8BBE1DFB68B0D8694DFD477AAEE8589B4E4A1E94,1,0,9,0,1,osmo1zkewm35hqzve3xet3rhc0kmzeldxjf22fwq990,genesis16jjxucde476dvfq7shvh65t3w09q6ftz2xta3u,194098809688647127355,ibc/F16FDC11A7662B86BC0B9CE61871CBACF7C20606F95E86260FD38915184B75B4,transfer/channel-253/el1,,channel-253,channel-1,connection-1539,2100,1.79078727325E9
71634510|1|0|0|9|1,1.790780947718E9,71634510,block_result,1,481DFBB461E821478F79144248D141FDFCCF57749E84CA2B5D5D536B7EE3C451,0,0,9,0,1,osmo1zkewm35hqzve3xet3rhc0kmzeldxjf22fwq990,genesis16jjxucde476dvfq7shvh65t3w09q6ftz2xta3u,195452338034220736338,ibc/F16FDC11A7662B86BC0B9CE61871CBACF7C20606F95E86260FD38915184B75B4,transfer/channel-253/el1,,channel-253,channel-1,connection-1539,2098,1.790780951288E9
71628135|1|0|0|9|1,1.79077257583E9,71628135,block_result,1,B3F55C9C937152D4C3BEE77075559A05929B545ACA8BBC4A7F2C18A62BBF0786,0,0,9,0,1,osmo1zkewm35hqzve3xet3rhc0kmzeldxjf22fwq990,genesis16jjxucde476dvfq7shvh65t3w09q6ftz2xta3u,190389134055289545021,ibc/F16FDC11A7662B86BC0B9CE61871CBACF7C20606F95E86260FD38915184B75B4,transfer/channel-253/el1,,channel-253,channel-1,connection-1539,2093,1.790772578147E9
71635891|1|1|0|9|1,1.790782750375E9,71635891,block_result,1,37A49AA32678D3489EA9F779AD353B1F9169DD83F35C739DF75CC3E30B1E61C5,1,0,9,0,1,osmo1zkewm35hqzve3xet3rhc0kmzeldxjf22fwq990,genesis16jjxucde476dvfq7shvh65t3w09q6ftz2xta3u,194509517426681237395,ibc/F16FDC11A7662B86BC0B9CE61871CBACF7C20606F95E86260FD38915184B75B4,transfer/channel-253/el1,,channel-253,channel-1,connection-1539,2099,1.790782753866E9
71652157|1|0|0|9|1,1.790804030775E9,71652157,block_result,1,09C36B56444E552054E2AD7A44C356A5D0C826F654D4CA3DF7C9A9A300DC6AAC,0,0,9,0,1,osmo1srgysthmuqpw4f6qsrektu2glj59hz6lt44dyp,genesis1srgysthmuqpw4f6qsrektu2glj59hz6la8jtkx,2400000000000000000000,ibc/F16FDC11A7662B86BC0B9CE61871CBACF7C20606F95E86260FD38915184B75B4,transfer/channel-253/el1,,channel-253,channel-1,connection-1539,2102,1.790804033188E9
71632419|1|0|0|9|1,1.790778209805E9,71632419,block_result,1,A04491B3A4A9B822CDD19A7DE4F63C97C1E04346AE3B82A5801BAC94B3BE3BF6,0,0,9,0,1,osmo1srgysthmuqpw4f6qsrektu2glj59hz6lt44dyp,genesis1srgysthmuqpw4f6qsrektu2glj59hz6la8jtkx,2200000000000000000000,ibc/F16FDC11A7662B86BC0B9CE61871CBACF7C20606F95E86260FD38915184B75B4,transfer/channel-253/el1,,channel-253,channel-1,connection-1539,2095,1.790778212161E9
71632632|1|3|0|9|1,1.790778482849E9,71632632,block_result,1,842F3D9C63CFAF9E4D0E1C177CE0EA3E0B55CA490D35BDB5AB406FB16F99233D,3,0,9,0,1,osmo1u57ekxxqsjrqe4k9yucv786tvc6yjj265a4cqm,genesis1u57ekxxqsjrqe4k9yucv786tvc6yjj26z0j7ju,11000000000000000000,ibc/F16FDC11A7662B86BC0B9CE61871CBACF7C20606F95E86260FD38915184B75B4,transfer/channel-253/el1,,channel-253,channel-1,connection-1539,2096,1.790778486304E9
71631821|1|0|0|9|1,1.790777423701E9,71631821,block_result,1,6334C5D182B0F3431E7C228EBD38FE3684EFC819AAED8F82E762B309CE2B0332,0,0,9,0,1,osmo1084tlcxdev5d54ccy3f6j8a26hgzh2act7swjy,genesis1zkewm35hqzve3xet3rhc0kmzeldxjf22lu8rhg,195855764071383697455,ibc/F16FDC11A7662B86BC0B9CE61871CBACF7C20606F95E86260FD38915184B75B4,transfer/channel-253/el1,,channel-253,channel-1,connection-1539,2094,1.790777426073E9
55363078|1|0|0|9|1,1.771356099261E9,55363078,block_result,1,675E27749421494B2B9D0EB6AD74BDA3B818BE48B28348E110AFAA20EA638FBD,0,0,9,0,1,osmo1yaaemqhc8776gxy0e2l53nrw6dmewd7sfa82vg,genesis1yaaemqhc8776gxy0e2l53nrw6dmewd7sl0qv70,14599079314710891318844,ibc/F16FDC11A7662B86BC0B9CE61871CBACF7C20606F95E86260FD38915184B75B4,transfer/channel-253/el1,,channel-253,channel-1,connection-1539,1560,1.771356108587E9
63682897|1|0|0|9|1,1.781012449297E9,63682897,block_result,1,82E03B9861B14EB029D0B9809F9B1BA47E3D9BA767A86112045ACD20C2595A46,0,0,9,0,1,osmo1kyly26j3kpac52d5chqar82c7m9eukfmy5707c,genesis1kyly26j3kpac52d5chqar82c7m9eukfmjxefvl,8749603915769012161538,ibc/F16FDC11A7662B86BC0B9CE61871CBACF7C20606F95E86260FD38915184B75B4,transfer/channel-253/el1,,channel-253,channel-1,connection-1539,1668,1.781012454747E9
7799074|1|1|0|7|1,1.673701445234E9,7799074,block_result,1,C588B65F19D8553477440E224D7A406304741EE9C7535424CBDE8D7F4279E849,1,0,7,0,1,osmo163ndtplrrpkh2faf2c0y6t9v86llx86q6spzwl,genesis163ndtplrrpkh2faf2c0y6t9v86llx86qvzxyuc,33865015111464511,ibc/F16FDC11A7662B86BC0B9CE61871CBACF7C20606F95E86260FD38915184B75B4,transfer/channel-253/el1,,channel-253,channel-1,connection-1539,1106,1.717485347054767E9
7791913|1|0|0|7|1,1.673660569773E9,7791913,block_result,1,7349B80888C2012A18968F622B36E1B83EAE9431044A5457D4AB1C5AA6E9A89D,0,0,7,0,1,osmo1h9tahv95naedsc7gtr76wrr3lrgv6tnras7mz2,genesis1h9tahv95naedsc7gtr76wrr3lrgv6tnrtzeasd,90000000000000000000,ibc/F16FDC11A7662B86BC0B9CE61871CBACF7C20606F95E86260FD38915184B75B4,transfer/channel-253/el1,,channel-253,channel-1,connection-1539,1105,1.717484043443437E9
57744634|1|0|0|9|1,1.774305870409E9,57744634,block_result,1,C8775DE8BF2F62A54E1F01DE2FE1DA66ADA6E73EFE9E79D4E8D9D90D636A693F,0,0,9,0,1,osmo1c9mkft0d3sdjm3us883270veuww7qe3y587n8r,genesis1c9mkft0d3sdjm3us883270veuww7qe3yz4e44y,9261967054178729881,ibc/F16FDC11A7662B86BC0B9CE61871CBACF7C20606F95E86260FD38915184B75B4,transfer/channel-253/el1,,channel-253,channel-1,connection-1539,1591,1.77430587485E9
57686434|1|0|0|9|1,1.774231712023E9,57686434,block_result,1,6C5FD02C9E31E7B475724F4FD8DF08695510DA6D9C2922DA6414F8B95B9B6DDC,0,0,9,0,1,osmo1f4d6r3tyax8xzlhalkk949hraephc6ul4pf5z4,genesis1f4d6r3tyax8xzlhalkk949hraephc6ulrnwjsj,11888458058942136610,ibc/F16FDC11A7662B86BC0B9CE61871CBACF7C20606F95E86260FD38915184B75B4,transfer/channel-253/el1,,channel-253,channel-1,connection-1539,1590,1.774231714454E9
63124167|1|1|0|9|1,1.780374462989E9,63124167,block_result,1,C72E94BB963A84207AB0864F04EB419966D54483131628F3CFE3A368B2B1C827,1,0,9,0,1,osmo1gaqsrl4qxeqtks76essut6x4zv9dpzlvkxswdp,genesis1gaqsrl4qxeqtks76essut6x4zv9dpzlvq5hglx,1003844575842516927367,ibc/F16FDC11A7662B86BC0B9CE61871CBACF7C20606F95E86260FD38915184B75B4,transfer/channel-253/el1,,channel-253,channel-1,connection-1539,1654,1.780374466259E9
63144633|1|0|0|9|1,1.780396147086E9,63144633,block_result,1,8EFED09738E2FB163F00D8912C4F15B5B4229616EA201DB35CEFE5631FA230A3,0,0,9,0,1,osmo1gzn6edx0r2mwavr4rxxzghumhyl77q68700v8f,genesis1gzn6edx0r2mwavr4rxxzghumhyl77q68gag24w,2008380693386457917254,ibc/F16FDC11A7662B86BC0B9CE61871CBACF7C20606F95E86260FD38915184B75B4,transfer/channel-253/el1,,channel-253,channel-1,connection-1539,1655,1.780396151639E9
16429426|1|3|0|9|1,1.717592100963E9,16429426,block_result,1,2A265FA7475EB24073A00B5ACECB3524ED1E13930196669E0AD8E7A33FE1348F,3,0,9,0,1,osmo16aypymlama0lk5s8c9s30s09eacpvwnav7ewjv,genesis16aypymlama0lk5s8c9s30s09eacpvwna6v7gqt,6000000000000000000000,ibc/F16FDC11A7662B86BC0B9CE61871CBACF7C20606F95E86260FD38915184B75B4,transfer/channel-253/el1,,channel-253,channel-1,connection-1539,1374,1.717592174843953E9
57642400|1|0|0|9|1,1.774175713203E9,57642400,block_result,1,608E1FFBB172887F043CF5B095594A65C81812C294C1192B7A15866E0368B56E,0,0,9,0,1,osmo16aypymlama0lk5s8c9s30s09eacpvwnav7ewjv,genesis16aypymlama0lk5s8c9s30s09eacpvwna6v7gqt,11480000000000000000000,ibc/F16FDC11A7662B86BC0B9CE61871CBACF7C20606F95E86260FD38915184B75B4,transfer/channel-253/el1,,channel-253,channel-1,connection-1539,1589,1.774175717996E9
68962651|1|3|0|9|1,1.787310326023E9,68962651,block_result,1,3477E7994D7F4AC54487CD8705C8179CE8E46D93B06DD6E3F7CEB1085F7F34BD,3,0,9,0,1,osmo1kchq6hwcxykm847jugaf5c6x7aqvz4k9rrcl2w,genesis1jk3v4z3v34vfdkjn7yvve7fwdf8acyr5tydw22,1072000000000000000000,ibc/F16FDC11A7662B86BC0B9CE61871CBACF7C20606F95E86260FD38915184B75B4,transfer/channel-253/el1,,channel-253,channel-1,connection-1539,1935,1.787310331537E9
68961090|1|3|0|9|1,1.787308316469E9,68961090,block_result,1,56AC4940E7E72757EE5E1DBDAAF404AFB822566673B246963680729C693CC6EF,3,0,9,0,1,osmo1srgysthmuqpw4f6qsrektu2glj59hz6lt44dyp,genesis1srgysthmuqpw4f6qsrektu2glj59hz6la8jtkx,7000000000000000000000,ibc/F16FDC11A7662B86BC0B9CE61871CBACF7C20606F95E86260FD38915184B75B4,transfer/channel-253/el1,,channel-253,channel-1,connection-1539,1934,1.787308321592E9
7539092|1|4|0|7|1,1.672221676933E9,7539092,block_result,1,8199A0432F5D6867B312E143E6BD626ADB3E083697CD5E8D00B8B37DBAB08A23,4,0,7,0,1,osmo14a7ay4r87009lh4rs8ng5pts0qgy3m7nldf2x8,genesis14a7ay4r87009lh4rs8ng5pts0qgy3m7nflwv5q,165872979902810203068,ibc/F16FDC11A7662B86BC0B9CE61871CBACF7C20606F95E86260FD38915184B75B4,transfer/channel-253/el1,,channel-253,channel-1,connection-1539,1074,1.71749236516108E9
7545371|1|6|0|7|1,1.672257964554E9,7545371,block_result,1,A17E0C9460D50BA2012EBF031A8BC36F336700BE38906B9A5AF92F7BC9034420,6,0,7,0,1,osmo1ac2xqwdw0wfc74cyfpplf7g0qyl3p3zl3vpr6g,genesis1ac2xqwdw0wfc74cyfpplf7g0qyl3p3zl87x9g0,10999869999999870000,ibc/F16FDC11A7662B86BC0B9CE61871CBACF7C20606F95E86260FD38915184B75B4,transfer/channel-253/el1,,channel-253,channel-1,connection-1539,1075,1.717492352732516E9
4994710|1|3|0|7|1,1.656813504076E9,4994710,block_result,1,07944F5C29CA16EB7C1587BE3383339F2841CA032FCF23C4249FF01033583399,3,0,7,0,1,osmo1ytmwk4qwphevacssnxaq2c773s0smpmr5vxgn3,genesis1ytmwk4qwphevacssnxaq2c773s0smpmrz7pwpk,35427724006203959034,ibc/F16FDC11A7662B86BC0B9CE61871CBACF7C20606F95E86260FD38915184B75B4,transfer/channel-253/el1,,channel-253,channel-1,connection-1539,363,1.717569521597222E9
60942867|1|0|0|9|1,1.777974744154E9,60942867,block_result,1,1A969CE8AA8F35B0E4C37735CA3E034AA0DD56D6CFD04F050C19C966B6E42F2D,0,0,9,0,1,osmo1kyly26j3kpac52d5chqar82c7m9eukfmy5707c,genesis1kyly26j3kpac52d5chqar82c7m9eukfmjxefvl,324355081215941599198,ibc/F16FDC11A7662B86BC0B9CE61871CBACF7C20606F95E86260FD38915184B75B4,transfer/channel-253/el1,,channel-253,channel-1,connection-1539,1627,1.777974746388E9
7879870|1|4|0|7|1,1.674160798815E9,7879870,block_result,1,5D411BCAE919E23E7ACEFA458539E696CF53F9629E811BE99B120DFB91A80803,4,0,7,0,1,osmo12d6dxc8dg6kpfushws6wfx7pupur4ghxj263l0,genesis12d6dxc8dg6kpfushws6wfx7pupur4ghxycahdg,10000000000000000000,ibc/F16FDC11A7662B86BC0B9CE61871CBACF7C20606F95E86260FD38915184B75B4,transfer/channel-253/el1,,channel-253,channel-1,connection-1539,1113,1.717482001887923E9
7878276|1|7|0|7|1,1.674151708587E9,7878276,block_result,1,2A7377B6D451596F793F5923D6B09786323D7637D55E7DAC2B7D23E0EF706240,7,0,7,0,1,osmo12d6dxc8dg6kpfushws6wfx7pupur4ghxj263l0,genesis12d6dxc8dg6kpfushws6wfx7pupur4ghxycahdg,2000000000000000000,ibc/F16FDC11A7662B86BC0B9CE61871CBACF7C20606F95E86260FD38915184B75B4,transfer/channel-253/el1,,channel-253,channel-1,connection-1539,1112,1.717481515013434E9
7874857|1|15|0|7|1,1.674131855545E9,7874857,block_result,1,A4F633D41A928EDCFC59E74D33288D96CF36091F701A5254FA3F804974460E41,15,0,7,0,1,osmo17hn9qerymgd6ns55y8etx3csgydfpmf6lr5j3d,genesis17hn9qerymgd6ns55y8etx3csgydfpmf6f3n5r2,18461929694045996664,ibc/F16FDC11A7662B86BC0B9CE61871CBACF7C20606F95E86260FD38915184B75B4,transfer/channel-253/el1,,channel-253,channel-1,connection-1539,1110,1.717481858820748E9
7879924|1|2|0|7|1,1.674161103652E9,7879924,block_result,1,A5753E1BB1E48F2A3898E7E8AA2AC6D7DBF6356C75EFA7A877F67B370FFE8774,2,0,7,0,1,osmo12d6dxc8dg6kpfushws6wfx7pupur4ghxj263l0,genesis1g6zstj3qxu463chcgy878v9jh66culnvskqfm6,10000000000000000000,ibc/F16FDC11A7662B86BC0B9CE61871CBACF7C20606F95E86260FD38915184B75B4,transfer/channel-253/el1,,channel-253,channel-1,connection-1539,1114,1.717482004468447E9
7878222|1|27|0|7|1,1.674151382386E9,7878222,block_result,1,040AD3D560238EBC3FA8CB734B23307B9E737A88AB9A70639BF37D117C0D6119,27,0,7,0,1,osmo12d6dxc8dg6kpfushws6wfx7pupur4ghxj263l0,genesis1g6zstj3qxu463chcgy878v9jh66culnvskqfm6,3500000000000000000000,ibc/F16FDC11A7662B86BC0B9CE61871CBACF7C20606F95E86260FD38915184B75B4,transfer/channel-253/el1,,channel-253,channel-1,connection-1539,1111,1.717481659752579E9
7879973|1|3|0|7|1,1.674161373941E9,7879973,block_result,1,8244F608E0B197A510EAA7ADBEE15FBD0AB4B534BE53E4CE9FC2E9114C910A96,3,0,7,0,1,osmo12d6dxc8dg6kpfushws6wfx7pupur4ghxj263l0,genesis1g6zstj3qxu463chcgy878v9jh66culnvskqfm6,3480000000000000000000,ibc/F16FDC11A7662B86BC0B9CE61871CBACF7C20606F95E86260FD38915184B75B4,transfer/channel-253/el1,,channel-253,channel-1,connection-1539,1115,1.717481841608787E9
35647230|1|0|0|9|1,1.747272427881E9,35647230,block_result,1,3BE885A9B3CDFE3BA315BA2DD13084FB1A91FB2A9933DF39D7A7F20082095ECF,0,0,9,0,1,osmo16aypymlama0lk5s8c9s30s09eacpvwnav7ewjv,genesis1h4lx8cm0vnrrahjjfgsjp79jjnyspy6w7ehrxd,50000000000000000000000,ibc/F16FDC11A7662B86BC0B9CE61871CBACF7C20606F95E86260FD38915184B75B4,transfer/channel-253/el1,,channel-253,channel-1,connection-1539,1483,1.747272483522241E9
35691605|1|2|0|9|1,1.747329154674E9,35691605,block_result,1,6AE889C7EA096BCC6F416CC210E01BB7F0C8781B4F1D94B790AFE1ED8229193D,2,0,9,0,1,osmo1tlan9udzf8ud5xjgcyl7w293yjmnkz5mgdj7vd,genesis1tlan9udzf8ud5xjgcyl7w293yjmnkz5m7l4c72,48855209805296367342032,ibc/F16FDC11A7662B86BC0B9CE61871CBACF7C20606F95E86260FD38915184B75B4,transfer/channel-253/el1,,channel-253,channel-1,connection-1539,1484,1.747329184266646E9
55517702|1|0|0|9|1,1.771550655909E9,55517702,block_result,1,82EC0F03152C83A3F2E072E2AD2772AC5899E44C70AE427DF672FD4218C95208,0,0,9,0,1,osmo16aypymlama0lk5s8c9s30s09eacpvwnav7ewjv,genesis16aypymlama0lk5s8c9s30s09eacpvwna6v7gqt,100000000000000000000,ibc/F16FDC11A7662B86BC0B9CE61871CBACF7C20606F95E86260FD38915184B75B4,transfer/channel-253/el1,,channel-253,channel-1,connection-1539,1570,1.771550658408E9
55550691|1|0|0|9|1,1.771592540907E9,55550691,block_result,1,07D4ADED881C1C1578BF64F1246187ACA6BB38FEB7FA6D8E0E8F7B1C8DE42501,0,0,9,0,1,osmo1ag940t2gd4sn0wey7xgfjl83x2t5v62m6629pc,genesis1ag940t2gd4sn0wey7xgfjl83x2t5v62mvgdrnl,347122504513203860602,ibc/F16FDC11A7662B86BC0B9CE61871CBACF7C20606F95E86260FD38915184B75B4,transfer/channel-253/el1,,channel-253,channel-1,connection-1539,1571,1.771592543458E9
55514366|1|0|0|9|1,1.771546409912E9,55514366,block_result,1,7492AA7E5B74DB331ED04C37E6CB1CE04975B0FF98DFB866BD227642AC8E1008,0,0,9,0,1,osmo1yaaemqhc8776gxy0e2l53nrw6dmewd7sfa82vg,genesis1yaaemqhc8776gxy0e2l53nrw6dmewd7sl0qv70,285067039797180313733,ibc/F16FDC11A7662B86BC0B9CE61871CBACF7C20606F95E86260FD38915184B75B4,transfer/channel-253/el1,,channel-253,channel-1,connection-1539,1569,1.771546414053E9
7867527|1|31|0|7|1,1.674090754734E9,7867527,block_result,1,CF0FD392ADEDE817A6FE475D551A3FCBD96554E823CEF8A87D815945F2AA7817,31,0,7,0,1,osmo1wn6w5xs7n5q0lvxjsap75ytthmn93rsvmrd3lq,genesis1wn6w5xs7n5q0lvxjsap75ytthmn93rsvd32hd8,2233377426036624534,ibc/F16FDC11A7662B86BC0B9CE61871CBACF7C20606F95E86260FD38915184B75B4,transfer/channel-253/el1,,channel-253,channel-1,connection-1539,1109,1.717481925125168E9
8499123|1|17|0|7|1,1.677654570939E9,8499123,block_result,1,3DAA646C0B1AB337097C1E05CB5085966B46259A952F1E837DBFE61A5DE3CA8D,17,0,7,0,1,osmo14a7ay4r87009lh4rs8ng5pts0qgy3m7nldf2x8,genesis14a7ay4r87009lh4rs8ng5pts0qgy3m7nflwv5q,33000000000000000000,ibc/F16FDC11A7662B86BC0B9CE61871CBACF7C20606F95E86260FD38915184B75B4,transfer/channel-253/el1,,channel-253,channel-1,connection-1539,1165,1.717464487272652E9
9082896|1|4|0|7|1,1.680983193122E9,9082896,block_result,1,D7030011D8CC0972303F4F256867EC65158781E0BCEEC0C86DE3DEF09F8E6DC9,4,0,7,0,1,osmo1ec3fd9gajdzk4yt2pf6suzkfgqs2n7gp8fmp2c,genesis1ec3fd9gajdzk4yt2pf6suzkfgqs2n7gp3mu8cl,991981333016132442,ibc/F16FDC11A7662B86BC0B9CE61871CBACF7C20606F95E86260FD38915184B75B4,transfer/channel-253/el1,,channel-253,channel-1,connection-1539,1225,1.71745131390183E9
40356916|1|0|0|9|1,1.753206385481E9,40356916,block_result,1,74320003B680593202B4BA5C131CD08257583CDD694CE87CBEE499A1503D8533,0,0,9,0,1,osmo14rj9dl3l28t5lhumevlkheddygjvtxck8fx0ja,genesis14rj9dl3l28t5lhumevlkheddygjvtxck3mpfq6,295806000000000000000000,ibc/F16FDC11A7662B86BC0B9CE61871CBACF7C20606F95E86260FD38915184B75B4,transfer/channel-253/el1,,channel-253,channel-1,connection-1539,1502,1.753206387921707E9
9158481|1|1|0|7|1,1.681414207586E9,9158481,block_result,1,3CC58237476A7B0E73881BE092FDA1542D08D7DFC9FCF870EB20569275F09489,1,0,7,0,1,osmo13gfc7vp64lr8kcsyjpafskscuzeat49rtyc2mr,genesis13gfc7vp64lr8kcsyjpafskscuzeat49raklvfy,264710506963286460,ibc/F16FDC11A7662B86BC0B9CE61871CBACF7C20606F95E86260FD38915184B75B4,transfer/channel-253/el1,,channel-253,channel-1,connection-1539,1241,1.717448899156686E9
5935386|1|66|0|7|1,1.662658413877E9,5935386,block_result,1,81BB523D26AF0C0C51AAA293DFB846CD94B5E7AC72BF9D20BE94DA7D8D57F0E9,66,0,7,0,1,osmo1c9mkft0d3sdjm3us883270veuww7qe3y587n8r,genesis1c9mkft0d3sdjm3us883270veuww7qe3yz4e44y,42210284455148828094,ibc/F16FDC11A7662B86BC0B9CE61871CBACF7C20606F95E86260FD38915184B75B4,transfer/channel-253/el1,,channel-253,channel-1,connection-1539,782,1.717535265713175E9
5937222|1|0|0|7|1,1.662669609237E9,5937222,block_result,1,47C9064BD8328525DE5735D5A10923C5B6EA8F8173E2BE4FA368708C95230FD2,0,0,7,0,1,osmo1czxfjwladw79wrzjsjhxtphxmcutmtxxg0ht3f,genesis1czxfjwladw79wrzjsjhxtphxmcutmtxx7asdrw,15077447850740813793,ibc/F16FDC11A7662B86BC0B9CE61871CBACF7C20606F95E86260FD38915184B75B4,transfer/channel-253/el1,,channel-253,channel-1,connection-1539,783,1.717542487718067E9
71870945|1|0|0|9|1,1.791094546646E9,71870945,block_result,1,EC9E3DC771BC56929A9564ACBFFD7118049FA11CF27DD01CE407C9029727B49B,0,0,9,0,1,osmo1zkewm35hqzve3xet3rhc0kmzeldxjf22fwq990,genesis16jjxucde476dvfq7shvh65t3w09q6ftz2xta3u,183820898016958851330,ibc/F16FDC11A7662B86BC0B9CE61871CBACF7C20606F95E86260FD38915184B75B4,transfer/channel-253/el1,,channel-253,channel-1,connection-1539,2141,1.791094552012E9
71857315|1|0|0|9|1,1.791075486662E9,71857315,block_result,1,913DEC3FCA959AE66E65FCC4B4B44ADBD945DB2F586A1AB2D741B4C38EE389DB,0,0,9,0,1,osmo1sxaec74g6edjcjkf4tqezldvtuexycm2g9rvkl,genesis1sxaec74g6edjcjkf4tqezldvtuexycm27hy2yc,368660000000000000000,ibc/F16FDC11A7662B86BC0B9CE61871CBACF7C20606F95E86260FD38915184B75B4,transfer/channel-253/el1,,channel-253,channel-1,connection-1539,2138,1.791075488931E9
71858257|1|0|0|9|1,1.79107681273E9,71858257,block_result,1,65EF2D627EA9406EB69519CACE86E6C1B123AA32715097146A3AD6535670AF00,0,0,9,0,1,osmo1sxaec74g6edjcjkf4tqezldvtuexycm2g9rvkl,genesis1sxaec74g6edjcjkf4tqezldvtuexycm27hy2yc,376560000000000000000,ibc/F16FDC11A7662B86BC0B9CE61871CBACF7C20606F95E86260FD38915184B75B4,transfer/channel-253/el1,,channel-253,channel-1,connection-1539,2139,1.791076816447E9
71862622|1|0|0|9|1,1.791082937549E9,71862622,block_result,1,F9A25878E7D4F4453828E4C9C90D6295565E1144DF0ED7A57575AC8FB7549EA4,0,0,9,0,1,osmo1sxaec74g6edjcjkf4tqezldvtuexycm2g9rvkl,genesis1sxaec74g6edjcjkf4tqezldvtuexycm27hy2yc,372340000000000000000,ibc/F16FDC11A7662B86BC0B9CE61871CBACF7C20606F95E86260FD38915184B75B4,transfer/channel-253/el1,,channel-253,channel-1,connection-1539,2140,1.791082940063E9
71908864|1|0|0|9|1,1.791147251036E9,71908864,block_result,1,FDEB2C5445F46427C647E8571D471F7A9B1EF9A1E744ED6922C589CA3435D59A,0,0,9,0,1,osmo1sxaec74g6edjcjkf4tqezldvtuexycm2g9rvkl,genesis1sxaec74g6edjcjkf4tqezldvtuexycm27hy2yc,283370000000000000000,ibc/F16FDC11A7662B86BC0B9CE61871CBACF7C20606F95E86260FD38915184B75B4,transfer/channel-253/el1,,channel-253,channel-1,connection-1539,2143,1.791147253226E9
71893199|1|0|0|9|1,1.791125606895E9,71893199,block_result,1,23D434F10743EBCDD304EEA288AE9BB4061BC37C6B71FD8E9FB9EB2A944B2BB9,0,0,9,0,1,osmo1z9xpts34c996lk07j8neym6qc5smeyw92ue69z,genesis1z9xpts34c996lk07j8neym6qc5smeyw9uw7uh9,3000000000000000000,ibc/F16FDC11A7662B86BC0B9CE61871CBACF7C20606F95E86260FD38915184B75B4,transfer/channel-253/el1,,channel-253,channel-1,connection-1539,2142,1.791125609514E9
55151427|1|0|0|9|1,1.771096910196E9,55151427,block_result,1,984D3F193B594A6B0160F82CEE4F81E3DF77503A74136936A20947B78471F057,0,0,9,0,1,osmo10s986eprw3f89mdf3plvrku2t5p65u5cljpmms,genesis10s986eprw3f89mdf3plvrku2t5p65u5cfqxafh,1000000000000000000,ibc/F16FDC11A7662B86BC0B9CE61871CBACF7C20606F95E86260FD38915184B75B4,transfer/channel-253/el1,,channel-253,channel-1,connection-1539,1557,1.771096914357855E9
55151537|1|0|0|9|1,1.771097048954E9,55151537,block_result,1,15DA12BFC2484DB0F97CD808A1CAD9E37F6172EEFF1C665B24F31BC20C1637FC,0,0,9,0,1,osmo10s986eprw3f89mdf3plvrku2t5p65u5cljpmms,genesis10s986eprw3f89mdf3plvrku2t5p65u5cfqxafh,228754481644000000000000,ibc/F16FDC11A7662B86BC0B9CE61871CBACF7C20606F95E86260FD38915184B75B4,transfer/channel-253/el1,,channel-253,channel-1,connection-1539,1558,1.771097051286747E9
55095789|1|0|0|9|1,1.771028512855E9,55095789,block_result,1,BB7BA2D52B3A45C32B009C97760A35F686A4EEA2A20974845DDDE1B636DFB585,0,0,9,0,1,osmo153geda86h3d7gklw6e7a0wv9d8xuv4cwnz9re7,genesis153geda86h3d7gklw6e7a0wv9d8xuv4cw9sz9te,1000000000000000000,ibc/F16FDC11A7662B86BC0B9CE61871CBACF7C20606F95E86260FD38915184B75B4,transfer/channel-253/el1,,channel-253,channel-1,connection-1539,1556,1.771028548207874E9
55502102|1|1|0|9|1,1.771530901918E9,55502102,block_result,1,337699244DEBE384D3E40EDB8D7F7312AAAB967F6A86CD7C917C261835A5C860,1,0,9,0,1,osmo1e8efqy3nqsuxq4lptl8ldhmzuzwtye5fx5d34d,genesis1e8efqy3nqsuxq4lptl8ldhmzuzwtye5fsx2h82,1000000000000000000,ibc/F16FDC11A7662B86BC0B9CE61871CBACF7C20606F95E86260FD38915184B75B4,transfer/channel-253/el1,,channel-253,channel-1,connection-1539,1566,1.771530907329E9
55504710|1|0|0|9|1,1.771534174908E9,55504710,block_result,1,430B6BC39544FD3B65CB2B6F4890EE5C2A80D95A0E3E8762B467A504DFC8E1CB,0,0,9,0,1,osmo1rr54xgrumzvc32st45nwfj98z7sczh0rzt7d48,genesis1ma2ssfxfn07v9yx7plvcxxjjkcvltxqr8h3a0r,200000000000000000,ibc/F16FDC11A7662B86BC0B9CE61871CBACF7C20606F95E86260FD38915184B75B4,transfer/channel-253/el1,,channel-253,channel-1,connection-1539,1567,1.771534180044E9
55499425|1|2|0|9|1,1.771527536559E9,55499425,block_result,1,CBD4AD40F8B5683A9743FB6B4D3E1818FFEACB44256BC9053813E0A8B043F0A1,2,0,9,0,1,osmo1rr54xgrumzvc32st45nwfj98z7sczh0rzt7d48,genesis1ma2ssfxfn07v9yx7plvcxxjjkcvltxqr8h3a0r,1859000000000000000,ibc/F16FDC11A7662B86BC0B9CE61871CBACF7C20606F95E86260FD38915184B75B4,transfer/channel-253/el1,,channel-253,channel-1,connection-1539,1564,1.771527540166E9
55500909|1|0|0|9|1,1.771529396102E9,55500909,block_result,1,02F372DC84AF8828EF94B41221B26BB739B0B5ECCC2197A7CCE5BBB5FDA43133,0,0,9,0,1,osmo1rr54xgrumzvc32st45nwfj98z7sczh0rzt7d48,genesis1ma2ssfxfn07v9yx7plvcxxjjkcvltxqr8h3a0r,500000000000000000,ibc/F16FDC11A7662B86BC0B9CE61871CBACF7C20606F95E86260FD38915184B75B4,transfer/channel-253/el1,,channel-253,channel-1,connection-1539,1565,1.77152939867E9
55498515|1|1|0|9|1,1.771526389249E9,55498515,block_result,1,F11C1C28EE6D3A5529C39C9C6A1CFBE7347F5E9CBE4DDBB8ED9A04725AC5CE34,1,0,9,0,1,osmo1rr54xgrumzvc32st45nwfj98z7sczh0rzt7d48,genesis1rr54xgrumzvc32st45nwfj98z7sczh0r5eet8q,687596425025159027,ibc/F16FDC11A7662B86BC0B9CE61871CBACF7C20606F95E86260FD38915184B75B4,transfer/channel-253/el1,,channel-253,channel-1,connection-1539,1561,1.771526394494E9
55499248|1|0|0|9|1,1.77152731261E9,55499248,block_result,1,52EC0DA18D1CA6D2B2209EA7E773A9F80469DE87CB9CE68FDC47B574FBA33FBD,0,0,9,0,1,osmo1rr54xgrumzvc32st45nwfj98z7sczh0rzt7d48,genesis1rr54xgrumzvc32st45nwfj98z7sczh0r5eet8q,124000000000000000,ibc/F16FDC11A7662B86BC0B9CE61871CBACF7C20606F95E86260FD38915184B75B4,transfer/channel-253/el1,,channel-253,channel-1,connection-1539,1563,1.771527315264E9
55498839|1|1|0|9|1,1.77152679619E9,55498839,block_result,1,D1B1F5DC8E99A1568DBDCBE6BA2C83C45F4648027D0C2B32055CCF9E7482CEA3,1,0,9,0,1,osmo1rr54xgrumzvc32st45nwfj98z7sczh0rzt7d48,genesis1rr54xgrumzvc32st45nwfj98z7sczh0r5eet8q,2200000000000000000,ibc/F16FDC11A7662B86BC0B9CE61871CBACF7C20606F95E86260FD38915184B75B4,transfer/channel-253/el1,,channel-253,channel-1,connection-1539,1562,1.771526800617E9
55510791|1|0|0|9|1,1.771541864474E9,55510791,block_result,1,B1AB1710852FE6ED54B8B4B402176E318FEB783232AD41F507C7955F74BC5972,0,0,9,0,1,osmo1yaaemqhc8776gxy0e2l53nrw6dmewd7sfa82vg,genesis1yaaemqhc8776gxy0e2l53nrw6dmewd7sl0qv70,116754131506227888207,ibc/F16FDC11A7662B86BC0B9CE61871CBACF7C20606F95E86260FD38915184B75B4,transfer/channel-253/el1,,channel-253,channel-1,connection-1539,1568,1.771541866919E9
63497457|1|0|0|9|1,1.780796588452E9,63497457,block_result,1,ACF19904C486CC9433BBDC77BE835B8EB2718FFAF159CD5C2785A0B084A90C26,0,0,9,0,1,osmo1gzn6edx0r2mwavr4rxxzghumhyl77q68700v8f,genesis1gzn6edx0r2mwavr4rxxzghumhyl77q68gag24w,5410795712909510642016,ibc/F16FDC11A7662B86BC0B9CE61871CBACF7C20606F95E86260FD38915184B75B4,transfer/channel-253/el1,,channel-253,channel-1,connection-1539,1664,1.780796590875E9
63558852|1|0|0|9|1,1.78086907967E9,63558852,block_result,1,1E10A84E38206B8D41151ECA0E971DCD5C777928363C14C14BCEB932A364B950,0,0,9,0,1,osmo1z907tuemhsr3jaflwjhjtuh9wflfgkse4h9lwr,genesis1z907tuemhsr3jaflwjhjtuh9wflfgkser9zeuy,1013920975346293554,ibc/F16FDC11A7662B86BC0B9CE61871CBACF7C20606F95E86260FD38915184B75B4,transfer/channel-253/el1,,channel-253,channel-1,connection-1539,1667,1.780869127308E9
63557951|1|1|0|9|1,1.780868015583E9,63557951,block_result,1,14687657412355B9D0CCCD484EE972C45F13D2760F2A855B7DB0804F47436436,1,0,9,0,1,osmo1z907tuemhsr3jaflwjhjtuh9wflfgkse4h9lwr,genesis1z907tuemhsr3jaflwjhjtuh9wflfgkser9zeuy,1029845098946293554,ibc/F16FDC11A7662B86BC0B9CE61871CBACF7C20606F95E86260FD38915184B75B4,transfer/channel-253/el1,,channel-253,channel-1,connection-1539,1666,1.780868018169E9
63557774|1|2|0|9|1,1.780867800362E9,63557774,block_result,1,CBCB7EA01C565A86BADBBDF8003D9ADCCDB4039EA5EE49F5775503290BEA4539,2,0,9,0,1,osmo1z907tuemhsr3jaflwjhjtuh9wflfgkse4h9lwr,genesis1z907tuemhsr3jaflwjhjtuh9wflfgkser9zeuy,1038258475346293554,ibc/F16FDC11A7662B86BC0B9CE61871CBACF7C20606F95E86260FD38915184B75B4,transfer/channel-253/el1,,channel-253,channel-1,connection-1539,1665,1.780867802728E9
4894059|1|12|0|7|1,1.656185750893E9,4894059,block_result,1,D16C704A823CBB880768A94C772F7481377A4C422200A2191F6B157C49CAE3E9,12,0,7,0,1,osmo16jexsf558vvdwwl2cfj0mzr4x63xjpac5cs9rv,genesis16jexsf558vvdwwl2cfj0mzr4x63xjpacz2hr3t,2775735745761792733,ibc/F16FDC11A7662B86BC0B9CE61871CBACF7C20606F95E86260FD38915184B75B4,transfer/channel-253/el1,,channel-253,channel-1,connection-1539,325,1.717597730910357E9
4892777|1|15|0|7|1,1.656177778045E9,4892777,block_result,1,F0562E1470BAE9649945B0737D38EE70DE3FAFBFC83411CD4FCA513598E7578A,15,0,7,0,1,osmo1aadc3ew28ghvu43vvypw7s52rwatx2u7axcpny,genesis1aadc3ew28ghvu43vvypw7s52rwatx2u7t5l8pr,10999869999999870000,ibc/F16FDC11A7662B86BC0B9CE61871CBACF7C20606F95E86260FD38915184B75B4,transfer/channel-253/el1,,channel-253,channel-1,connection-1539,324,1.717578218662254E9
4895253|1|3|0|7|1,1.656193097118E9,4895253,block_result,1,13AAF8F01D92394F97F93B2F28E7747F91682E718BAB6F0B1A78B1375FA61DF3,3,0,7,0,1,osmo1qzdaav8ezcp3ugxz7wwzqzg5xlfxvgy92r7thm,genesis1qzdaav8ezcp3ugxz7wwzqzg5xlfxvgy9u3ed9u,10999739999999870000,ibc/F16FDC11A7662B86BC0B9CE61871CBACF7C20606F95E86260FD38915184B75B4,transfer/channel-253/el1,,channel-253,channel-1,connection-1539,326,1.717575027733481E9
26751145|1|3|0|9|1,1.735662397666E9,26751145,block_result,1,BF3D502EFE6692979C6BC126846E396611A3B2A7A43B6B8BCF9FEE8241AFCB29,3,0,9,0,1,osmo1k75w2s26rekktazwp5l9ghv2ccp4mvtxw55xag,genesis1k75w2s26rekktazwp5l9ghv2ccp4mvtxcxnq00,5000000000000000000,ibc/F16FDC11A7662B86BC0B9CE61871CBACF7C20606F95E86260FD38915184B75B4,transfer/channel-253/el1,,channel-253,channel-1,connection-1539,1399,1.735662402225291E9
7817591|1|2|0|7|1,1.673807793915E9,7817591,block_result,1,A8FAE8AD43CB39EBDEE9651C1220AEDD3FDD17C3CD22C59FC3CB6B4ABCD5001F,2,0,7,0,1,osmo1jzcdchuaft92tdgccrmewdwxsqwsfhrgf2r6yy,genesis1jzcdchuaft92tdgccrmewdwxsqwsfhrglcyukr,460803428776162052,ibc/F16FDC11A7662B86BC0B9CE61871CBACF7C20606F95E86260FD38915184B75B4,transfer/channel-253/el1,,channel-253,channel-1,connection-1539,1107,1.717483779683253E9
7817916|1|14|0|7|1,1.673809640342E9,7817916,block_result,1,21EF880D5FC65A48E61CE32F2A9B4C8637FE821C634E6BE0CF8F0C50A1BA9779,14,0,7,0,1,osmo1jzcdchuaft92tdgccrmewdwxsqwsfhrgf2r6yy,genesis1jzcdchuaft92tdgccrmewdwxsqwsfhrglcyukr,460803428776162052,ibc/F16FDC11A7662B86BC0B9CE61871CBACF7C20606F95E86260FD38915184B75B4,transfer/channel-253/el1,,channel-253,channel-1,connection-1539,1108,1.717483774669247E9
60522349|1|0|0|9|1,1.777474227276E9,60522349,block_result,1,19B65C6C9EAEFE5081EEC6C48CEA7ED91A1755697E33DAD0CA80988865EFC235,0,0,9,0,1,osmo1ag940t2gd4sn0wey7xgfjl83x2t5v62m6629pc,genesis1ag940t2gd4sn0wey7xgfjl83x2t5v62mvgdrnl,2120278108170883120415,ibc/F16FDC11A7662B86BC0B9CE61871CBACF7C20606F95E86260FD38915184B75B4,transfer/channel-253/el1,,channel-253,channel-1,connection-1539,1618,1.777474229898E9
60522489|1|0|0|9|1,1.777474377204E9,60522489,block_result,1,92638363F9A6FCA67DAFA17523243A03FBBBA140784ED4D4C89F58130EED38BE,0,0,9,0,1,osmo1ag940t2gd4sn0wey7xgfjl83x2t5v62m6629pc,genesis1ag940t2gd4sn0wey7xgfjl83x2t5v62mvgdrnl,500000000000000000000,ibc/F16FDC11A7662B86BC0B9CE61871CBACF7C20606F95E86260FD38915184B75B4,transfer/channel-253/el1,,channel-253,channel-1,connection-1539,1619,1.777474454939E9
60522921|1|0|0|9|1,1.777474839689E9,60522921,block_result,1,3BB364E38DF514B262A71BF795D95FA924D74D8D42CFA58CD37FF736608DBCB4,0,0,9,0,1,osmo1jpz5j46mavhrz8v6l58t7zxkpag35rz6p66rsf,genesis1jpz5j46mavhrz8v6l58t7zxkpag35rz6hga9zw,31804171622563246806,ibc/F16FDC11A7662B86BC0B9CE61871CBACF7C20606F95E86260FD38915184B75B4,transfer/channel-253/el1,,channel-253,channel-1,connection-1539,1620,1.777474875202E9
60518447|1|0|0|9|1,1.777470042001E9,60518447,block_result,1,CBB6B459C6140E4C2823248728FC117D04201A517045DA013E542CF7DC9B5117,0,0,9,0,1,osmo1s0mcdnsp74relctt3nyfyx4zkuwfn5wff8n73a,genesis1s0mcdnsp74relctt3nyfyx4zkuwfn5wfl45cr6,452304722370628654414,ibc/F16FDC11A7662B86BC0B9CE61871CBACF7C20606F95E86260FD38915184B75B4,transfer/channel-253/el1,,channel-253,channel-1,connection-1539,1617,1.777470044421E9
60518265|1|1|0|9|1,1.777469846613E9,60518265,block_result,1,E100B765C0B333DEFC9D5BFEE92185827D0D2D468962700E27075C4C7C010AA9,1,0,9,0,1,osmo1s0mcdnsp74relctt3nyfyx4zkuwfn5wff8n73a,genesis1s0mcdnsp74relctt3nyfyx4zkuwfn5wfl45cr6,26403957625002140880369,ibc/F16FDC11A7662B86BC0B9CE61871CBACF7C20606F95E86260FD38915184B75B4,transfer/channel-253/el1,,channel-253,channel-1,connection-1539,1616,1.777469849295E9
69373836|1|0|0|9|1,1.787843216859E9,69373836,block_result,1,BB4E239B0A62060926030FF25290FB6F3FCC14733F8C22C8A1762B608EECED75,0,0,9,0,1,osmo16aypymlama0lk5s8c9s30s09eacpvwnav7ewjv,genesis16aypymlama0lk5s8c9s30s09eacpvwna6v7gqt,1487907876493271649282,ibc/F16FDC11A7662B86BC0B9CE61871CBACF7C20606F95E86260FD38915184B75B4,transfer/channel-253/el1,,channel-253,channel-1,connection-1539,1945,1.787843219301E9
14924512|1|3|0|9|1,1.713149564068E9,14924512,block_result,1,B46D4AC7988576B74A28A5025D4C7CF1A34948BA6523905BE03C3407DA60A132,3,0,9,0,1,osmo1hmvnht5pmajf8gv6v9lqxe3yptl6zhpgdgw4es,genesis1hmvnht5pmajf8gv6v9lqxe3yptl6zhpgm6fnth,25481713750604669385,ibc/F16FDC11A7662B86BC0B9CE61871CBACF7C20606F95E86260FD38915184B75B4,transfer/channel-253/el1,,channel-253,channel-1,connection-1539,1328,1.717012973115865E9
60116448|1|0|0|9|1,1.777024177927E9,60116448,block_result,1,3EE01C8A66AB9700C2E52578A108D5AEDB5B2FC71DBB34762A42503DF9679F79,0,0,9,0,1,osmo1g0j9kmdn4a0dje9czsx0ggdzk9fsmh8rr7xvfa,genesis1g0j9kmdn4a0dje9czsx0ggdzk9fsmh8r4vp2m6,38255660134213582,ibc/F16FDC11A7662B86BC0B9CE61871CBACF7C20606F95E86260FD38915184B75B4,transfer/channel-253/el1,,channel-253,channel-1,connection-1539,1612,1.777024259978E9
60136751|1|4|0|9|1,1.777046868398E9,60136751,block_result,1,E6A1095C53EE9CC25BABABD39FB06B370F8F03DC4F800A1F3E2504297BDDF87D,4,0,9,0,1,osmo1g0j9kmdn4a0dje9czsx0ggdzk9fsmh8rr7xvfa,genesis1g0j9kmdn4a0dje9czsx0ggdzk9fsmh8r4vp2m6,387541000000000000,ibc/F16FDC11A7662B86BC0B9CE61871CBACF7C20606F95E86260FD38915184B75B4,transfer/channel-253/el1,,channel-253,channel-1,connection-1539,1613,1.777046870837E9
66743550|1|0|0|9|1,1.784550612427E9,66743550,block_result,1,ED1667C9D916CFD1FA8F2C2E65148068B83DB0197FCAA87933FB7582F9E52F9F,0,0,9,0,1,osmo1awav8afwjqy0f8uzcqek8pd0er7d9jgr5qv9p6,0xB3e2dbb695865273d8026E4b44f517CFd92C3660,1000000000000000000,ibc/F16FDC11A7662B86BC0B9CE61871CBACF7C20606F95E86260FD38915184B75B4,transfer/channel-253/el1,,channel-253,channel-1,connection-1539,1751,1.784550615134E9
66743014|1|0|0|9|1,1.78454996573E9,66743014,block_result,1,84594D221DF25F4DEEB92BB59738E51B344289086E112D33A8B3438FF3D248E6,0,0,9,0,1,osmo1awav8afwjqy0f8uzcqek8pd0er7d9jgr5qv9p6,genesis1awav8afwjqy0f8uzcqek8pd0er7d9jgrzjtrna,5000000000000000000,ibc/F16FDC11A7662B86BC0B9CE61871CBACF7C20606F95E86260FD38915184B75B4,transfer/channel-253/el1,,channel-253,channel-1,connection-1539,1750,1.784549968074E9
66744219|1|0|0|9|1,1.784551421136E9,66744219,block_result,1,908D6E87E45E5A703216AA48B0C2A34BA9AEA9A1F25A8167DDE15821A849DF39,0,0,9,0,1,osmo1w2y5w4zgmdvxsw799lrknxfmscd7gfazzv2gh7,genesis1k03dhd54sef88kqzde95faghelvjcdnqftm63w,100000000000000000,ibc/F16FDC11A7662B86BC0B9CE61871CBACF7C20606F95E86260FD38915184B75B4,transfer/channel-253/el1,,channel-253,channel-1,connection-1539,1753,1.784551424646E9
66744231|1|0|0|9|1,1.78455143514E9,66744231,block_result,1,550525FE1C81979CC08D7BA7D6110ADA70806A54B2CA26183811FF89F85BBBC9,0,0,9,0,1,osmo1w2y5w4zgmdvxsw799lrknxfmscd7gfazzv2gh7,genesis1k03dhd54sef88kqzde95faghelvjcdnqftm63w,100000000000000000,ibc/F16FDC11A7662B86BC0B9CE61871CBACF7C20606F95E86260FD38915184B75B4,transfer/channel-253/el1,,channel-253,channel-1,connection-1539,1754,1.784551437308E9
66744134|1|0|0|9|1,1.78455131853E9,66744134,block_result,1,1703899DC842930FA475B6C50B4D0291735622F9D862DBE1F1DA7BBB54035365,0,0,9,0,1,osmo1w2y5w4zgmdvxsw799lrknxfmscd7gfazzv2gh7,genesis1k03dhd54sef88kqzde95faghelvjcdnqftm63w,100000000000000000,ibc/F16FDC11A7662B86BC0B9CE61871CBACF7C20606F95E86260FD38915184B75B4,transfer/channel-253/el1,,channel-253,channel-1,connection-1539,1752,1.784551321006E9
66746197|1|0|0|9|1,1.784553873868E9,66746197,block_result,1,1F6DCD29CB06A153114E9CB2457A1257DB6A3E95FBD216B3AA93B244435993FD,0,0,9,0,1,osmo1q82vtum6cmft2jx5qundtmjrsq268w7hlcsvgr,genesis1q82vtum6cmft2jx5qundtmjrsq268w7hf2h26y,111712157238575661370,ibc/F16FDC11A7662B86BC0B9CE61871CBACF7C20606F95E86260FD38915184B75B4,transfer/channel-253/el1,,channel-253,channel-1,connection-1539,1756,1.784553877313E9
66746230|1|0|0|9|1,1.784553915704E9,66746230,block_result,1,C005FF2B3058A106A887491646DC5E994A695F9346621E42EE7AAB08068D7433,0,0,9,0,1,osmo1q82vtum6cmft2jx5qundtmjrsq268w7hlcsvgr,genesis1q82vtum6cmft2jx5qundtmjrsq268w7hf2h26y,729480386767899068748,ibc/F16FDC11A7662B86BC0B9CE61871CBACF7C20606F95E86260FD38915184B75B4,transfer/channel-253/el1,,channel-253,channel-1,connection-1539,1757,1.78455392177E9
66745765|1|1|0|9|1,1.784553320127E9,66745765,block_result,1,4808A54CF5286CB0EA2B70AE1D868A73267649AFC33F5C68E851B3453FD8254F,1,0,9,0,1,osmo1s0mcdnsp74relctt3nyfyx4zkuwfn5wff8n73a,genesis1s0mcdnsp74relctt3nyfyx4zkuwfn5wfl45cr6,10063497857765087293837,ibc/F16FDC11A7662B86BC0B9CE61871CBACF7C20606F95E86260FD38915184B75B4,transfer/channel-253/el1,,channel-253,channel-1,connection-1539,1755,1.784553327269E9
66758920|1|0|0|9|1,1.784569478571E9,66758920,block_result,1,D32D4AD338D84ED9A9C9B900EAD33103378208C0E71B8B141F77423C4E12C8AA,0,0,9,0,1,osmo1w24mmwxpl50n2hcyxjka7u942wl6zuz9jsjd8w,genesis1w24mmwxpl50n2hcyxjka7u942wl6zuz9yz4t4f,3332389828159247081823,ibc/F16FDC11A7662B86BC0B9CE61871CBACF7C20606F95E86260FD38915184B75B4,transfer/channel-253/el1,,channel-253,channel-1,connection-1539,1758,1.784569481937E9
35069526|1|4|0|9|1,1.746543697082E9,35069526,block_result,1,8C370809679E7B38BF06D01E6A1D0C4963CF81F26C7FAC9DB7B1678EA972D48B,4,0,9,0,1,osmo16aypymlama0lk5s8c9s30s09eacpvwnav7ewjv,genesis16aypymlama0lk5s8c9s30s09eacpvwna6v7gqt,50000000000000000000000,ibc/F16FDC11A7662B86BC0B9CE61871CBACF7C20606F95E86260FD38915184B75B4,transfer/channel-253/el1,,channel-253,channel-1,connection-1539,1476,1.746543726376778E9
35089112|1|1|0|9|1,1.746568069022E9,35089112,block_result,1,C53F9670FFAF1CE846FD81D64394336014ECCA0DDE003F5E3B6B4844593C5209,1,0,9,0,1,osmo1ag940t2gd4sn0wey7xgfjl83x2t5v62m6629pc,genesis1ag940t2gd4sn0wey7xgfjl83x2t5v62mvgdrnl,50000000000000000000000,ibc/F16FDC11A7662B86BC0B9CE61871CBACF7C20606F95E86260FD38915184B75B4,transfer/channel-253/el1,,channel-253,channel-1,connection-1539,1477,1.746568084731556E9
35067795|1|1|0|9|1,1.74654154919E9,35067795,block_result,1,9AAC35B2D0CBB22EBE653F859AD01946A4CF3FEF46A783BD3A9AC085714D62B1,1,0,9,0,1,osmo1ag940t2gd4sn0wey7xgfjl83x2t5v62m6629pc,genesis1ag940t2gd4sn0wey7xgfjl83x2t5v62mvgdrnl,48000000000000000000000,ibc/F16FDC11A7662B86BC0B9CE61871CBACF7C20606F95E86260FD38915184B75B4,transfer/channel-253/el1,,channel-253,channel-1,connection-1539,1474,1.746541565653269E9
35068256|1|2|0|9|1,1.746542122018E9,35068256,block_result,1,6A57958F09FB98A05EA2050194281B53C0EDCD2CCAB5AA3188CF2583F8C3C045,2,0,9,0,1,osmo1ag940t2gd4sn0wey7xgfjl83x2t5v62m6629pc,genesis1ag940t2gd4sn0wey7xgfjl83x2t5v62mvgdrnl,4000000000000000000000,ibc/F16FDC11A7662B86BC0B9CE61871CBACF7C20606F95E86260FD38915184B75B4,transfer/channel-253/el1,,channel-253,channel-1,connection-1539,1475,1.746542165802351E9
66406042|1|0|0|9|1,1.784155380304E9,66406042,block_result,1,E845B310E8EAC74C887BADC4C1907C96370AC43B84B5835BF62D2B799A4DFAD8,0,0,9,0,1,osmo1yye3q2u22redre3dhaucynfu78qezh9my8yu03,genesis1955gm0z8h378kae4d3uly93r77ykjwxhf7xffl,53807055697000000000000,ibc/F16FDC11A7662B86BC0B9CE61871CBACF7C20606F95E86260FD38915184B75B4,transfer/channel-253/el1,,channel-253,channel-1,connection-1539,1742,1.78415538371E9
66348933|1|2|0|9|1,1.784089393064E9,66348933,block_result,1,2D4A4414FA0708EFC690B5791278969835DF45C6F331F02A9B579F494FB5E54F,2,0,9,0,1,osmo12wgfhlj6xd9lnnp564kdetsgf4jark9cszx07u,genesis1r9sqeje2ppw9kva5x6j34kxh9npu2k0z2nchk9,16900000000000000000000,ibc/F16FDC11A7662B86BC0B9CE61871CBACF7C20606F95E86260FD38915184B75B4,transfer/channel-253/el1,,channel-253,channel-1,connection-1539,1741,1.784089398331E9
66407152|1|2|0|9|1,1.78415664936E9,66407152,block_result,1,9E54E4BD7BC2FF31703B508CFA639576E16048BE336B2CD2A7A995B76AF436E6,2,0,9,0,1,osmo1ru6cfycaxzqzypczy6w9ecy04nlrzzhda65h6z,genesis1ru6cfycaxzqzypczy6w9ecy04nlrzzhdtgn3g9,1929636198498126918551,ibc/F16FDC11A7662B86BC0B9CE61871CBACF7C20606F95E86260FD38915184B75B4,transfer/channel-253/el1,,channel-253,channel-1,connection-1539,1743,1.784156654419E9
7947099|1|10|0|7|1,1.674545608807E9,7947099,block_result,1,31CC55DC442CCABDC19B758903251C2F886AB27CA1B4633C68F52A155221A52B,10,0,7,0,1,osmo1d8754xqa9245pctlfcyv8eah468neqzn64g887,genesis1d8754xqa9245pctlfcyv8eah468neqznv80p4e,42000000000000000000,ibc/F16FDC11A7662B86BC0B9CE61871CBACF7C20606F95E86260FD38915184B75B4,transfer/channel-253/el1,,channel-253,channel-1,connection-1539,1120,1.717480704800288E9
7947118|1|3|0|7|1,1.674545705578E9,7947118,block_result,1,8161A8A59B87B4D85DF63148A11ACA28B6728BC57DDF9F479936A5D352C51EE6,3,0,7,0,1,osmo1d8754xqa9245pctlfcyv8eah468neqzn64g887,genesis1d8754xqa9245pctlfcyv8eah468neqznv80p4e,56181819208449160134066,ibc/F16FDC11A7662B86BC0B9CE61871CBACF7C20606F95E86260FD38915184B75B4,transfer/channel-253/el1,,channel-253,channel-1,connection-1539,1121,1.717480658337103E9
7095725|1|16|0|7|1,1.669655338457E9,7095725,block_result,1,F68E64355BEC187D3E1ED172F61A8CCE05F221AB0F81259C52B620B47E2C1EB3,16,0,7,0,1,osmo18n33ywygvrrzqspewsh7f5c4dkp00le0mjxfr8,genesis18n33ywygvrrzqspewsh7f5c4dkp00le0dqp03q,25118380017019346639,ibc/F16FDC11A7662B86BC0B9CE61871CBACF7C20606F95E86260FD38915184B75B4,transfer/channel-253/el1,,channel-253,channel-1,connection-1539,1049,1.717506766662437E9
16006640|1|2|0|9|1,1.716506420149E9,16006640,block_result,1,CB5AD6FE9066F0CDDD0913BB931CC3D04360C19E8DF3D65B8DAFA14193A93958,2,0,9,0,1,osmo16aypymlama0lk5s8c9s30s09eacpvwnav7ewjv,genesis16aypymlama0lk5s8c9s30s09eacpvwna6v7gqt,5600000000000000000000,ibc/F16FDC11A7662B86BC0B9CE61871CBACF7C20606F95E86260FD38915184B75B4,transfer/channel-253/el1,,channel-253,channel-1,connection-1539,1359,1.716985759247787E9
16001580|1|2|0|9|1,1.716493118311E9,16001580,block_result,1,EAAB53C173CD768CE7E3932BF104648F7BD41122EBC4D1213C6EB460F4CCCB6B,2,0,9,0,1,osmo1aedaw6l8emqaclg352xhuh6mt935tzcg26wgrh,genesis1aedaw6l8emqaclg352xhuh6mt935tzcgugfw3s,13801604568596186735,ibc/F16FDC11A7662B86BC0B9CE61871CBACF7C20606F95E86260FD38915184B75B4,transfer/channel-253/el1,,channel-253,channel-1,connection-1539,1358,1.716985558045518E9
35767964|1|0|0|9|1,1.747426214113E9,35767964,block_result,1,411B67424E9F396EB80F7CF116842C253D86DC70CE747DDD7B7497143261FF30,0,0,9,0,1,osmo16aypymlama0lk5s8c9s30s09eacpvwnav7ewjv,genesis1u47h9qyxufvrgf27hqhu66j092as9upjr5dy4f,15000000000000000000000,ibc/F16FDC11A7662B86BC0B9CE61871CBACF7C20606F95E86260FD38915184B75B4,transfer/channel-253/el1,,channel-253,channel-1,connection-1539,1485,1.747426266461421E9
7449041|1|2|0|7|1,1.671708539976E9,7449041,block_result,1,F3EEEBBAF4324182598080173DF42EC08CABE8E928E8C2323A2F65A2C0321FA2,2,0,7,0,1,osmo14a7ay4r87009lh4rs8ng5pts0qgy3m7nldf2x8,genesis14a7ay4r87009lh4rs8ng5pts0qgy3m7nflwv5q,3528283059413969476,ibc/F16FDC11A7662B86BC0B9CE61871CBACF7C20606F95E86260FD38915184B75B4,transfer/channel-253/el1,,channel-253,channel-1,connection-1539,1071,1.717490277242986E9
9205864|1|4|0|7|1,1.681685048942E9,9205864,block_result,1,E9B5CCDB9383A2039553BDC264D05065FE4BFB15D055BE61DBBE827EB554CD15,4,0,7,0,1,osmo17sy77fq0u3fzhatnhkv9jvfc9cgjkfzua89hxa,genesis17sy77fq0u3fzhatnhkv9jvfc9cgjkfzut4z356,4816059580735618557,ibc/F16FDC11A7662B86BC0B9CE61871CBACF7C20606F95E86260FD38915184B75B4,transfer/channel-253/el1,,channel-253,channel-1,connection-1539,1245,1.717449181837537E9
9197222|1|0|0|7|1,1.681635262801E9,9197222,block_result,1,EBC89EB09D2A4E3E97D37EF059C1E14D373C95A3C868FE59D8B555BB81888BFF,0,0,7,0,1,osmo17uyvfmejsljqmfgqqzv5y2vqrtaf4nlk87yxdz,genesis17uyvfmejsljqmfgqqzv5y2vqrtaf4nlk3vrql9,436780082613697344,ibc/F16FDC11A7662B86BC0B9CE61871CBACF7C20606F95E86260FD38915184B75B4,transfer/channel-253/el1,,channel-253,channel-1,connection-1539,1244,1.717449231885927E9
5944600|1|42|0|7|1,1.662714757218E9,5944600,block_result,1,8773561B81F58E807E614F5A4CCC0C8BF7D00E39060EC954D0276F09D925DF21,42,0,7,0,1,osmo1387htldezj0d5sjh3a8de5vthasjg2hmceys5s,genesis1387htldezj0d5sjh3a8de5vthasjg2hmwtrkxh,1079029000000000000,ibc/F16FDC11A7662B86BC0B9CE61871CBACF7C20606F95E86260FD38915184B75B4,transfer/channel-253/el1,,channel-253,channel-1,connection-1539,784,1.717534950986078E9
5944861|1|2|0|7|1,1.662716352606E9,5944861,block_result,1,76FE5FDB8C517F109BA4BCE92D07D955F62D3DC5A73B877CC4B668F0F70E906E,2,0,7,0,1,osmo1jl82qy8645dpmrcxe64wfxtq8rygyxlrxa4glj,genesis1jl82qy8645dpmrcxe64wfxtq8rygyxlrs0jwd4,253990775901182931751,ibc/F16FDC11A7662B86BC0B9CE61871CBACF7C20606F95E86260FD38915184B75B4,transfer/channel-253/el1,,channel-253,channel-1,connection-1539,785,1.717534483349897E9
5947284|1|17|0|7|1,1.662731190346E9,5947284,block_result,1,67E91BE3BFB04C99D4BA164866B1BD2E0DE5479BEC2D99CF5758093EC808A6DA,17,0,7,0,1,osmo1nfu9j53v3dd650usnnatea8vywz5sz84vk0m6q,genesis1nfu9j53v3dd650usnnatea8vywz5sz846ygag8,3136947024307516470,ibc/F16FDC11A7662B86BC0B9CE61871CBACF7C20606F95E86260FD38915184B75B4,transfer/channel-253/el1,,channel-253,channel-1,connection-1539,786,1.717541679482933E9
14680699|1|7|1|53|1,1.712211699423E9,14680699,block_result,1,49E9CB261EED0D562DD4B8092B6B09CA9935FFDAEC1127445AD8DE0CBE65CC21,7,1,53,0,1,osmo1ucr8zsryuhluyhj22h9ksnuxr68qct5aq3juvnyykwvr339f42vq0psdhk,genesis16aypymlama0lk5s8c9s30s09eacpvwna6v7gqt,204296181353399729431,ibc/F16FDC11A7662B86BC0B9CE61871CBACF7C20606F95E86260FD38915184B75B4,transfer/channel-253/el1,,channel-253,channel-1,connection-1539,1315,1.717019690160684E9
14692133|1|4|0|9|1,1.712260977743E9,14692133,block_result,1,53AD667C22BF0477970FE984EF8475AA045663EF29F772006CA28E0E52FDC9DB,4,0,9,0,1,osmo1cchda0fgmu5kqklcvhh0t6rq597a0ggfhd4w5h,genesis1cchda0fgmu5kqklcvhh0t6rq597a0ggfpljgxs,239361324318347039200,ibc/F16FDC11A7662B86BC0B9CE61871CBACF7C20606F95E86260FD38915184B75B4,transfer/channel-253/el1,,channel-253,channel-1,connection-1539,1316,1.716992498137729E9
7432325|1|1|0|7|1,1.671612606214E9,7432325,block_result,1,739C9E4748CD4FF7905BF7A377304A72882B5878B271C52859C9D43EE70753F3,1,0,7,0,1,osmo1y4e53uwpevedz9qjfvw7x0qndp72u54z6kksmr,genesis1y4e53uwpevedz9qjfvw7x0qndp72u54zvy3kfy,2019882231018405319,ibc/F16FDC11A7662B86BC0B9CE61871CBACF7C20606F95E86260FD38915184B75B4,transfer/channel-253/el1,,channel-253,channel-1,connection-1539,1070,1.717493936052503E9
57776577|1|1|0|9|1,1.774346409297E9,57776577,block_result,1,F902C598698CEFCCDBECAFA57F158F0F55BE44B53A8589402363DA5F08F52D32,1,0,9,0,1,osmo16aypymlama0lk5s8c9s30s09eacpvwnav7ewjv,genesis16aypymlama0lk5s8c9s30s09eacpvwna6v7gqt,7498099665041020917848,ibc/F16FDC11A7662B86BC0B9CE61871CBACF7C20606F95E86260FD38915184B75B4,transfer/channel-253/el1,,channel-253,channel-1,connection-1539,1593,1.774346412443E9
57776427|1|2|0|9|1,1.77434621752E9,57776427,block_result,1,E34C42E2BE6F67670F89636E13ACF6A47DFB385A493A9658F4584A7E9B37E1FD,2,0,9,0,1,osmo16aypymlama0lk5s8c9s30s09eacpvwnav7ewjv,genesis16aypymlama0lk5s8c9s30s09eacpvwna6v7gqt,11800000000000000000000,ibc/F16FDC11A7662B86BC0B9CE61871CBACF7C20606F95E86260FD38915184B75B4,transfer/channel-253/el1,,channel-253,channel-1,connection-1539,1592,1.774346222944E9
57786685|1|0|0|9|1,1.774359374406E9,57786685,block_result,1,2759D92A9DF56C9942CFAE563EFA25EDC11B2BF0B9FF956DF5545921B24FC636,0,0,9,0,1,osmo1qnlxnneluedfg3lusv8r36t5c0s4r2p0dlsn28,genesis1qnlxnneluedfg3lusv8r36t5c0s4r2p0mdh4cq,4494244198828508061,ibc/F16FDC11A7662B86BC0B9CE61871CBACF7C20606F95E86260FD38915184B75B4,transfer/channel-253/el1,,channel-253,channel-1,connection-1539,1594,1.774359378028E9
63830547|1|0|0|9|1,1.781182407759E9,63830547,block_result,1,8920BFCC35529D34D39949E085BF293780949DFC2DE175530772325EF50DBD19,0,0,9,0,1,osmo1gzn6edx0r2mwavr4rxxzghumhyl77q68700v8f,genesis1gzn6edx0r2mwavr4rxxzghumhyl77q68gag24w,37915215840923933367276,ibc/F16FDC11A7662B86BC0B9CE61871CBACF7C20606F95E86260FD38915184B75B4,transfer/channel-253/el1,,channel-253,channel-1,connection-1539,1670,1.781182411622E9
63817418|1|1|0|9|1,1.781167375074E9,63817418,block_result,1,B5C1493A5F22F2515BA1FEC5810FC6F3148C79E7B3A23D073EFF9DD5B225B457,1,0,9,0,1,osmo1h4lx8cm0vnrrahjjfgsjp79jjnyspy6wgts952,genesis1h4lx8cm0vnrrahjjfgsjp79jjnyspy6w7ehrxd,3724022052828568268925,ibc/F16FDC11A7662B86BC0B9CE61871CBACF7C20606F95E86260FD38915184B75B4,transfer/channel-253/el1,,channel-253,channel-1,connection-1539,1669,1.781167377507E9
7075141|1|0|0|7|1,1.669534271253E9,7075141,block_result,1,2BB565E1054C6E05376294F5A56FD21665B5F86D48C362064C49C2BB12F86203,0,0,7,0,1,osmo1dyf5jxsg97nw20t3pl60yx0ln5uaux2puvy4a5,genesis1dyf5jxsg97nw20t3pl60yx0ln5uaux2p27rn0n,10999869999999870000,ibc/F16FDC11A7662B86BC0B9CE61871CBACF7C20606F95E86260FD38915184B75B4,transfer/channel-253/el1,,channel-253,channel-1,connection-1539,1047,1.717508674432739E9
7082491|1|9|0|7|1,1.669577746392E9,7082491,block_result,1,F2E2B93C83073A4B9A4E21C5DF56AB2977001CBEA1CDAB14208C09003ECDD373,9,0,7,0,1,osmo13qwtj862uu4xms49r0jyjcxcjrd4x0twa3mw0v,genesis13qwtj862uu4xms49r0jyjcxcjrd4x0twtrugat,216553547197897129944,ibc/F16FDC11A7662B86BC0B9CE61871CBACF7C20606F95E86260FD38915184B75B4,transfer/channel-253/el1,,channel-253,channel-1,connection-1539,1048,1.71750827340481E9
7074543|1|13|0|7|1,1.669530803956E9,7074543,block_result,1,F81D7ECD4F771BB31F05F5BB2FB3B195F09B889AFB7D729D0A68802364687FF1,13,0,7,0,1,osmo1m7347zj42fwsqvvdmpshwtdrcvl3xur420r6jx,genesis1m7347zj42fwsqvvdmpshwtdrcvl3xur4uayuqp,195596328276384920,ibc/F16FDC11A7662B86BC0B9CE61871CBACF7C20606F95E86260FD38915184B75B4,transfer/channel-253/el1,,channel-253,channel-1,connection-1539,1046,1.71750109144388E9
8921517|1|3|0|7|1,1.680061120614E9,8921517,block_result,1,0D586DBDCAE0E4729F3F5D46823038E41AD10215925820CFF98940A233406F34,3,0,7,0,1,osmo1xhttwcewy0fdefgykd3hv49xjyllwu0v3u8rvl,genesis1xhttwcewy0fdefgykd3hv49xjyllwu0v8wq97c,958646976174699171677,ibc/F16FDC11A7662B86BC0B9CE61871CBACF7C20606F95E86260FD38915184B75B4,transfer/channel-253/el1,,channel-253,channel-1,connection-1539,1214,1.717455435770136E9
7471575|1|11|0|7|1,1.671836912307E9,7471575,block_result,1,F3822A8F0CEFE972FC705CDF99806333EA65F4D9384895B044B853704B01CB72,11,0,7,0,1,osmo163ndtplrrpkh2faf2c0y6t9v86llx86q6spzwl,genesis163ndtplrrpkh2faf2c0y6t9v86llx86qvzxyuc,16244502732837531,ibc/F16FDC11A7662B86BC0B9CE61871CBACF7C20606F95E86260FD38915184B75B4,transfer/channel-253/el1,,channel-253,channel-1,connection-1539,1072,1.717493070127504E9
7770886|1|0|0|7|1,1.673540689786E9,7770886,block_result,1,640A183E18C78BE6A7BC76D20607A953009D4E6483C9D208DAFBD6CD147C6BD8,0,0,7,0,1,osmo122hjrmj8k2f0lc0m8nepdysgx9f2gan2jn8s3u,genesis122hjrmj8k2f0lc0m8nepdysgx9f2gan2ypqkrm,24126530970313197854,ibc/F16FDC11A7662B86BC0B9CE61871CBACF7C20606F95E86260FD38915184B75B4,transfer/channel-253/el1,,channel-253,channel-1,connection-1539,1102,1.717484256320898E9
63942495|1|0|0|9|1,1.781310520373E9,63942495,block_result,1,F6D158F48806429CF9F9C3A9C69DD00B2E9B7C57D85290B41B0830F7EE163E0B,0,0,9,0,1,osmo1s6mdag35z5jn0xepmshunyp4dzg9mu3vh325gw,genesis1s6mdag35z5jn0xepmshunyp4dzg9mu3vprdj6f,30868550696071501899646,ibc/F16FDC11A7662B86BC0B9CE61871CBACF7C20606F95E86260FD38915184B75B4,transfer/channel-253/el1,,channel-253,channel-1,connection-1539,1674,1.781310525462E9
6445006|1|27|0|7|1,1.66578857454E9,6445006,block_result,1,9C49E3837FE6FCBB1727213AB54A7D795DE946575351F9DC3BB27B369E576F01,27,0,7,0,1,osmo10dc7lataqm62tze9tm47f8sesrws709zfd3xhh,genesis10dc7lataqm62tze9tm47f8sesrws709zllkq9s,149349571050205993,ibc/F16FDC11A7662B86BC0B9CE61871CBACF7C20606F95E86260FD38915184B75B4,transfer/channel-253/el1,,channel-253,channel-1,connection-1539,934,1.717516679438273E9
6445250|1|12|0|7|1,1.66579001771E9,6445250,block_result,1,A998374BCB69482EBCC2E7CE76248948D56620C1A4D4F29B89BFC36BB4F64777,12,0,7,0,1,osmo10dc7lataqm62tze9tm47f8sesrws709zfd3xhh,genesis10dc7lataqm62tze9tm47f8sesrws709zllkq9s,15176103826794817729,ibc/F16FDC11A7662B86BC0B9CE61871CBACF7C20606F95E86260FD38915184B75B4,transfer/channel-253/el1,,channel-253,channel-1,connection-1539,935,1.717516672549116E9
6442302|1|1|0|7|1,1.665772326126E9,6442302,block_result,1,7B67911F721A1B97B1C3B8556FBD522E1A515A463AD176417619521500FA6BF3,1,0,7,0,1,osmo1a7er44z6lm9l97d4ur0lht8ul8r2ep5ljpquv8,genesis1a7er44z6lm9l97d4ur0lht8ul8r2ep5lyn867q,10000000000000000000,ibc/F16FDC11A7662B86BC0B9CE61871CBACF7C20606F95E86260FD38915184B75B4,transfer/channel-253/el1,,channel-253,channel-1,connection-1539,933,1.717526871856198E9
6438843|1|6|0|7|1,1.665751254239E9,6438843,block_result,1,114C7CC1723428D6B61C76B1C934DFD6C403AC4235F3F287394098580224AC59,6,0,7,0,1,osmo1kvkm8p8dd6xamfcdk9es7hylsqgrvhdmxetzk2,genesis1kvkm8p8dd6xamfcdk9es7hylsqgrvhdmstvyyd,1552948436246022,ibc/F16FDC11A7662B86BC0B9CE61871CBACF7C20606F95E86260FD38915184B75B4,transfer/channel-253/el1,,channel-253,channel-1,connection-1539,932,1.717516820418623E9
6432424|1|29|0|7|1,1.665713134732E9,6432424,block_result,1,7379554135EF6D2E6D7C8CA2ED7FB2A7C915421AA6786FCBC797461F30B081AE,29,0,7,0,1,osmo1pqwnzfym86fct6qz5ewymrvt3xg2jslgs97gy4,genesis1pqwnzfym86fct6qz5ewymrvt3xg2jslgxhewkj,10999739999999870000,ibc/F16FDC11A7662B86BC0B9CE61871CBACF7C20606F95E86260FD38915184B75B4,transfer/channel-253/el1,,channel-253,channel-1,connection-1539,931,1.717527130912138E9
8545006|1|0|0|7|1,1.67791332046E9,8545006,block_result,1,764C1F46E07B70B737FC1867FFA338C273FB0D82E9CD4BE17305DE94BF5A058F,0,0,7,0,1,osmo163ndtplrrpkh2faf2c0y6t9v86llx86q6spzwl,genesis163ndtplrrpkh2faf2c0y6t9v86llx86qvzxyuc,122851505140423309,ibc/F16FDC11A7662B86BC0B9CE61871CBACF7C20606F95E86260FD38915184B75B4,transfer/channel-253/el1,,channel-253,channel-1,connection-1539,1173,1.717463867148811E9
8542257|1|16|0|7|1,1.677897962426E9,8542257,block_result,1,795BF4403C31FB1A51D54E9C719D86689011235D3586DD62D48FCDF1B80AAB3D,16,0,7,0,1,osmo18n33ywygvrrzqspewsh7f5c4dkp00le0mjxfr8,genesis18n33ywygvrrzqspewsh7f5c4dkp00le0dqp03q,2184154396774675980677,ibc/F16FDC11A7662B86BC0B9CE61871CBACF7C20606F95E86260FD38915184B75B4,transfer/channel-253/el1,,channel-253,channel-1,connection-1539,1171,1.717463880468366E9
8544861|1|8|0|7|1,1.677912514769E9,8544861,block_result,1,1224BEFCAD9BBAA1366D95B2D4EAE7A22323DD2EE8B351EB3A676F448EF1DE80,8,0,7,0,1,osmo1gtke29g72hw6n9hrj8y7m9qxl3k6mmjzs06p95,genesis1gtke29g72hw6n9hrj8y7m9qxl3k6mmjzxaa8hn,15544500705350970335145,ibc/F16FDC11A7662B86BC0B9CE61871CBACF7C20606F95E86260FD38915184B75B4,transfer/channel-253/el1,,channel-253,channel-1,connection-1539,1172,1.71746386981538E9
8551484|1|10|0|7|1,1.677949680228E9,8551484,block_result,1,F39F2E1B5D4BD3FF42F289CA7789CE1A6FE3B50F4E7E9B8B37E58AB35A1354DB,10,0,7,0,1,osmo1vgu6mpatup4hsyt463mdkac4a6n7qh30laksq4,genesis1vgu6mpatup4hsyt463mdkac4a6n7qh30f03kjj,45832918633814941764,ibc/F16FDC11A7662B86BC0B9CE61871CBACF7C20606F95E86260FD38915184B75B4,transfer/channel-253/el1,,channel-253,channel-1,connection-1539,1174,1.717465284398901E9
9131194|1|4|0|7|1,1.681258731786E9,9131194,block_result,1,897AD31803D633EB0BB12AC36848CB537804242215F5AE6C151DFBAA87CDB0B2,4,0,7,0,1,osmo16aypymlama0lk5s8c9s30s09eacpvwnav7ewjv,genesis16aypymlama0lk5s8c9s30s09eacpvwna6v7gqt,2000000000000000000,ibc/F16FDC11A7662B86BC0B9CE61871CBACF7C20606F95E86260FD38915184B75B4,transfer/channel-253/el1,,channel-253,channel-1,connection-1539,1238,1.717449760180175E9
9137726|1|0|0|7|1,1.681295862714E9,9137726,block_result,1,DAA7E8143295E17512470FCD382AF41399652B549E8B40881FEEEC4C0BF1D1DE,0,0,7,0,1,osmo1s8nzgwexdz8laux65600tkq6mq8pr6h5tftmat,genesis1s8nzgwexdz8laux65600tkq6mq8pr6h5amva0v,112344163680735585912,ibc/F16FDC11A7662B86BC0B9CE61871CBACF7C20606F95E86260FD38915184B75B4,transfer/channel-253/el1,,channel-253,channel-1,connection-1539,1239,1.717450251207556E9
9142344|1|5|0|7|1,1.681322522325E9,9142344,block_result,1,E1B3B8C8A8B91A2475C50FF96B80C7E22A983735E67A111DE2A26644B6A1A9E8,5,0,7,0,1,osmo1vgu6mpatup4hsyt463mdkac4a6n7qh30laksq4,genesis1vgu6mpatup4hsyt463mdkac4a6n7qh30f03kjj,13109640798501402631,ibc/F16FDC11A7662B86BC0B9CE61871CBACF7C20606F95E86260FD38915184B75B4,transfer/channel-253/el1,,channel-253,channel-1,connection-1539,1240,1.717448637765724E9
8665486|1|9|0|7|1,1.678598652041E9,8665486,block_result,1,C958FEFB60047F2ED3B54894AEAB4494959655725BA4183D0B2C2604D4F082B9,9,0,7,0,1,osmo163ndtplrrpkh2faf2c0y6t9v86llx86q6spzwl,genesis163ndtplrrpkh2faf2c0y6t9v86llx86qvzxyuc,1251716933339086,ibc/F16FDC11A7662B86BC0B9CE61871CBACF7C20606F95E86260FD38915184B75B4,transfer/channel-253/el1,,channel-253,channel-1,connection-1539,1191,1.717462034872337E9
7760009|1|6|0|7|1,1.673479216924E9,7760009,block_result,1,C5D57DEC6998F9E42B0EFDD1F13C65C7D5185DBE183D4EEF3EE0B9D9CC82EC67,6,0,7,0,1,osmo12d6dxc8dg6kpfushws6wfx7pupur4ghxj263l0,genesis12d6dxc8dg6kpfushws6wfx7pupur4ghxycahdg,50000000000000000000,ibc/F16FDC11A7662B86BC0B9CE61871CBACF7C20606F95E86260FD38915184B75B4,transfer/channel-253/el1,,channel-253,channel-1,connection-1539,1101,1.717485725509286E9
4909623|1|25|0|7|1,1.656282285193E9,4909623,block_result,1,BD4FDF4BA6B93E380C94B91682D5AAF5F45A79E262E0D8F005AF381809C21527,25,0,7,0,1,osmo13eygl5q6rgt7uhmnef4ddmsjund9v5hp2y2xsf,genesis13eygl5q6rgt7uhmnef4ddmsjund9v5hpukdqzw,10900000000000000000,ibc/F16FDC11A7662B86BC0B9CE61871CBACF7C20606F95E86260FD38915184B75B4,transfer/channel-253/el1,,channel-253,channel-1,connection-1539,336,1.717574841517825E9
4909240|1|9|0|7|1,1.656279900901E9,4909240,block_result,1,B6DB8DF0826936326141A9D5D47C9EFF5AE277D28FC536A95423AB04AA8B93E0,9,0,7,0,1,osmo1ej4hw9zvn8wz559xkrdcerjcauagr3xszskduy,genesis1ej4hw9zvn8wz559xkrdcerjcauagr3xs5z3twr,1000000000000000000,ibc/F16FDC11A7662B86BC0B9CE61871CBACF7C20606F95E86260FD38915184B75B4,transfer/channel-253/el1,,channel-253,channel-1,connection-1539,335,1.717574830180062E9
4900059|1|0|0|7|1,1.656222585025E9,4900059,block_result,1,F05DFB66CD4B399E235C72A988DBE8DE05A156E9E81B0AB7632C7857318443E2,0,0,7,0,1,osmo1kncpt05lez932qynpzduekrplzfdhn2zltfx6g,genesis1kncpt05lez932qynpzduekrplzfdhn2zfewqg0,320873122039059242595,ibc/F16FDC11A7662B86BC0B9CE61871CBACF7C20606F95E86260FD38915184B75B4,transfer/channel-253/el1,,channel-253,channel-1,connection-1539,327,1.717574985088302E9
4906320|1|3|0|7|1,1.656261242661E9,4906320,block_result,1,E63667BC3F8A635309BAD3567D185D8E3BE8967773E948A34A7C73A13B5DCB9E,3,0,7,0,1,osmo1ux3j2h446q9yf5dvsw4mwa5fnf07ja9v7hnlwd,genesis1ux3j2h446q9yf5dvsw4mwa5fnf07ja9vg95eu2,61971390521264874929,ibc/F16FDC11A7662B86BC0B9CE61871CBACF7C20606F95E86260FD38915184B75B4,transfer/channel-253/el1,,channel-253,channel-1,connection-1539,334,1.717597352631037E9
4901197|1|1|0|7|1,1.656229594091E9,4901197,block_result,1,A45061B045C5CFB8089295B747236CA7180E99A1EEF8BF72EA1C817244982A6E,1,0,7,0,1,osmo1ux3j2h446q9yf5dvsw4mwa5fnf07ja9v7hnlwd,genesis1ux3j2h446q9yf5dvsw4mwa5fnf07ja9vg95eu2,34843112298304176136,ibc/F16FDC11A7662B86BC0B9CE61871CBACF7C20606F95E86260FD38915184B75B4,transfer/channel-253/el1,,channel-253,channel-1,connection-1539,329,1.717597388385128E9
4900977|1|2|0|7|1,1.656228242519E9,4900977,block_result,1,AA8DF959C8F8E3785C5DA0A7F3F82335241F92249AC4CD448CAEC1494B6EAE9E,2,0,7,0,1,osmo1ux3j2h446q9yf5dvsw4mwa5fnf07ja9v7hnlwd,genesis1ux3j2h446q9yf5dvsw4mwa5fnf07ja9vg95eu2,9463767385898179414,ibc/F16FDC11A7662B86BC0B9CE61871CBACF7C20606F95E86260FD38915184B75B4,transfer/channel-253/el1,,channel-253,channel-1,connection-1539,328,1.717597390589205E9
4902455|1|2|0|7|1,1.656237374409E9,4902455,block_result,1,61E0B817C0DCA2D3A765ED845947D4C44C8CA3BE6EAD6700DB428963E4C171AC,2,0,7,0,1,osmo1ym0dmpfg6pmgqqf69uq958gaxkpe3ch9x2j79d,genesis1ym0dmpfg6pmgqqf69uq958gaxkpe3ch9sc4ch2,1000000000000000000,ibc/F16FDC11A7662B86BC0B9CE61871CBACF7C20606F95E86260FD38915184B75B4,transfer/channel-253/el1,,channel-253,channel-1,connection-1539,331,1.717597378630049E9
4902495|1|2|0|7|1,1.656237619965E9,4902495,block_result,1,1512E210061E50955AC5A9A695E87784722E067F67094624DA325DD80726AD75,2,0,7,0,1,osmo1ym0dmpfg6pmgqqf69uq958gaxkpe3ch9x2j79d,genesis1ym0dmpfg6pmgqqf69uq958gaxkpe3ch9sc4ch2,3967919605890342299,ibc/F16FDC11A7662B86BC0B9CE61871CBACF7C20606F95E86260FD38915184B75B4,transfer/channel-253/el1,,channel-253,channel-1,connection-1539,333,1.717597377122415E9
4902338|1|7|0|7|1,1.656236649528E9,4902338,block_result,1,9394F57E3A69906B8591A5816E76E11E7EDEFBF36B6C54AFF5CCAB8FA5E0D057,7,0,7,0,1,osmo1ym0dmpfg6pmgqqf69uq958gaxkpe3ch9x2j79d,genesis1ym0dmpfg6pmgqqf69uq958gaxkpe3ch9sc4ch2,100000000000000,ibc/F16FDC11A7662B86BC0B9CE61871CBACF7C20606F95E86260FD38915184B75B4,transfer/channel-253/el1,,channel-253,channel-1,connection-1539,330,1.717597379999938E9
4902461|1|3|0|7|1,1.656237410682E9,4902461,block_result,1,FB5752DB4CABF3B4026419C3984E6CF6EF67380E3A47A718E7E693D1637C2FEA,3,0,7,0,1,osmo1ym0dmpfg6pmgqqf69uq958gaxkpe3ch9x2j79d,genesis1ym0dmpfg6pmgqqf69uq958gaxkpe3ch9sc4ch2,9555775461514794567,ibc/F16FDC11A7662B86BC0B9CE61871CBACF7C20606F95E86260FD38915184B75B4,transfer/channel-253/el1,,channel-253,channel-1,connection-1539,332,1.717597380159675E9
7779947|1|15|0|7|1,1.673592420204E9,7779947,block_result,1,BE6D3C3ED0BFAF11B26F8F4ECEEBE5A12EFE4825F3DC2A13371003464C7AB3C5,15,0,7,0,1,osmo1hqyr7t0shsqfl303cp7ea03fs2lfc5npavgtx7,genesis1hqyr7t0shsqfl303cp7ea03fs2lfc5npt70d5e,11839297529471022636,ibc/F16FDC11A7662B86BC0B9CE61871CBACF7C20606F95E86260FD38915184B75B4,transfer/channel-253/el1,,channel-253,channel-1,connection-1539,1104,1.71748552281693E9
7778122|1|5|0|7|1,1.673582144799E9,7778122,block_result,1,C74EB4173ABCFC46D0480D57E4A1BB752520BC32C53D6031FC5E3AD856DAE9D4,5,0,7,0,1,osmo1lucch767n6ykc6n087zxgpxph8xhkrj2z5xdth,genesis1lucch767n6ykc6n087zxgpxph8xhkrj25xptes,7588584253232026296980,ibc/F16FDC11A7662B86BC0B9CE61871CBACF7C20606F95E86260FD38915184B75B4,transfer/channel-253/el1,,channel-253,channel-1,connection-1539,1103,1.717484299997448E9
7207918|1|7|0|7|1,1.670310999953E9,7207918,block_result,1,FBA9BA5E9A4277A1905F535542B48EF01D1DD5BFDACDA44AFE4885EECE10AC1B,7,0,7,0,1,osmo1a20c4f5280pwza4649e88hjrq6qlaptxtzt57r,genesis1a20c4f5280pwza4649e88hjrq6qlaptxasvjvy,422566664015980991,ibc/F16FDC11A7662B86BC0B9CE61871CBACF7C20606F95E86260FD38915184B75B4,transfer/channel-253/el1,,channel-253,channel-1,connection-1539,1055,1.717498483876096E9
5488674|1|9|0|7|1,1.659901104309E9,5488674,block_result,1,4E614C9A1E2883B32F760B2514792323F7BD9BA09F2663F3DEF1F11EFCEBC54D,9,0,7,0,1,osmo1rgf4dznny6fx60yjwmq27xxs42vl34yl54cce0,genesis1rgf4dznny6fx60yjwmq27xxs42vl34ylz8l7tg,153147290995108660678,ibc/F16FDC11A7662B86BC0B9CE61871CBACF7C20606F95E86260FD38915184B75B4,transfer/channel-253/el1,,channel-253,channel-1,connection-1539,480,1.717549907532349E9
7737269|1|1|0|7|1,1.673348967451E9,7737269,block_result,1,3EE0362001E1ACD91D517EA62BCD49A6E71D93611F5942BEC5D12C47901AA059,1,0,7,0,1,osmo1qryf6wja8fx0aad58x8j8z7vvysqx5xzagtr43,genesis1qryf6wja8fx0aad58x8j8z7vvysqx5xzt6v98k,10999869999999870000,ibc/F16FDC11A7662B86BC0B9CE61871CBACF7C20606F95E86260FD38915184B75B4,transfer/channel-253/el1,,channel-253,channel-1,connection-1539,1100,1.717484678870045E9
7731434|1|0|0|7|1,1.673316049317E9,7731434,block_result,1,FEAE5BFDF85754AA829134E0303DBEC1EF30CD6BA9AAFD5430BD186E2D6CD1A0,0,0,7,0,1,osmo1sd2qegpgxq8wzg2evm93nscmz3ucxrma6mxwg9,genesis1sd2qegpgxq8wzg2evm93nscmz3ucxrmavfpg6z,1378519513242448418023,ibc/F16FDC11A7662B86BC0B9CE61871CBACF7C20606F95E86260FD38915184B75B4,transfer/channel-253/el1,,channel-253,channel-1,connection-1539,1099,1.71748489122406E9
55092879|1|0|0|9|1,1.771024916903E9,55092879,block_result,1,7BCA425C2C9B3057BFA9C708B5422025534D89E2645EF99ADC80E1E41ED1571D,0,0,9,0,1,osmo16aypymlama0lk5s8c9s30s09eacpvwnav7ewjv,genesis16aypymlama0lk5s8c9s30s09eacpvwna6v7gqt,265039569340238738504,ibc/F16FDC11A7662B86BC0B9CE61871CBACF7C20606F95E86260FD38915184B75B4,transfer/channel-253/el1,,channel-253,channel-1,connection-1539,1555,1.771024920434615E9
55089004|1|0|0|9|1,1.771020184088E9,55089004,block_result,1,C732101CE1F6779B19056E69A3DC4DB2CBF3B672C75A644AC8193FB42A290C35,0,0,9,0,1,osmo16aypymlama0lk5s8c9s30s09eacpvwnav7ewjv,genesis16aypymlama0lk5s8c9s30s09eacpvwna6v7gqt,146000000000000000000000,ibc/F16FDC11A7662B86BC0B9CE61871CBACF7C20606F95E86260FD38915184B75B4,transfer/channel-253/el1,,channel-253,channel-1,connection-1539,1552,1.771020195635789E9
55091187|1|0|0|9|1,1.771022852944E9,55091187,block_result,1,629156C2F58D7A1F41F6EEDDFE3B74FC19AB66B836C3E96B442E0D65AFAFD4BC,0,0,9,0,1,osmo16aypymlama0lk5s8c9s30s09eacpvwnav7ewjv,genesis16aypymlama0lk5s8c9s30s09eacpvwna6v7gqt,60000000000000000000000,ibc/F16FDC11A7662B86BC0B9CE61871CBACF7C20606F95E86260FD38915184B75B4,transfer/channel-253/el1,,channel-253,channel-1,connection-1539,1554,1.771022856063943E9
55091107|1|0|0|9|1,1.771022754406E9,55091107,block_result,1,739B0B7D71DA92F28B74DC2FBE90AA306074726AB5C0889894590CAC9DAA56C7,0,0,9,0,1,osmo16aypymlama0lk5s8c9s30s09eacpvwnav7ewjv,genesis16aypymlama0lk5s8c9s30s09eacpvwna6v7gqt,160000000000000000000000,ibc/F16FDC11A7662B86BC0B9CE61871CBACF7C20606F95E86260FD38915184B75B4,transfer/channel-253/el1,,channel-253,channel-1,connection-1539,1553,1.771022764416962E9
5380234|1|116|0|7|1,1.659219752935E9,5380234,block_result,1,FCEA12BE8F33E9BD6AE428BFA70A07CAD86849ECD71A86061692D48B8EAC6F50,116,0,7,0,1,osmo1j2xdrrk74mnwkxa4tnp8m7jrlynr37rsk7ycqc,genesis1j2xdrrk74mnwkxa4tnp8m7jrlynr37rsqvr7jl,10999869999999870000,ibc/F16FDC11A7662B86BC0B9CE61871CBACF7C20606F95E86260FD38915184B75B4,transfer/channel-253/el1,,channel-253,channel-1,connection-1539,459,1.717571426478658E9
5375076|1|130|0|7|1,1.659186550284E9,5375076,block_result,1,0B9ACAB4AD795CC83F35EEB5D03FD55FCD30D4EAF2F036C1998CD7E20C1CB4A1,130,0,7,0,1,osmo1k66akvqfp636yvtlqz9saauwktq72cqvskxwl2,genesis1k66akvqfp636yvtlqz9saauwktq72cqvxypgdd,11059053431117646335,ibc/F16FDC11A7662B86BC0B9CE61871CBACF7C20606F95E86260FD38915184B75B4,transfer/channel-253/el1,,channel-253,channel-1,connection-1539,457,1.71755367485964E9
5379404|1|0|0|7|1,1.659214602673E9,5379404,block_result,1,31E62664C1E6839866A91E4D9B23857CEFBC9929EE336D097F3ACC94623E3F97,0,0,7,0,1,osmo1xxznmq3a0647kygevplz9ltlu4fzw2uyhhgc4e,genesis1xxznmq3a0647kygevplz9ltlu4fzw2uyp90787,23071941923662585491,ibc/F16FDC11A7662B86BC0B9CE61871CBACF7C20606F95E86260FD38915184B75B4,transfer/channel-253/el1,,channel-253,channel-1,connection-1539,458,1.717551997310843E9
61024488|1|0|0|9|1,1.778070228706E9,61024488,block_result,1,BAF3C8A2BC8B83C040096AF1BDB53CDEF832F6ABC07297D289953FDAD4C4705B,0,0,9,0,1,osmo166a7pw3jxyjzg38uuyjlqrs0z5amyu6cd554v4,genesis166a7pw3jxyjzg38uuyjlqrs0z5amyu6cmxnn7j,15433521451815060852,ibc/F16FDC11A7662B86BC0B9CE61871CBACF7C20606F95E86260FD38915184B75B4,transfer/channel-253/el1,,channel-253,channel-1,connection-1539,1628,1.77807023092E9
61041718|1|0|0|9|1,1.778090307238E9,61041718,block_result,1,44AE43749A4F4948CF42B359946D6442BEBC2B267ACF6359D59D48C75A855A9F,0,0,9,0,1,osmo166a7pw3jxyjzg38uuyjlqrs0z5amyu6cd554v4,genesis166a7pw3jxyjzg38uuyjlqrs0z5amyu6cmxnn7j,32132310880382007604,ibc/F16FDC11A7662B86BC0B9CE61871CBACF7C20606F95E86260FD38915184B75B4,transfer/channel-253/el1,,channel-253,channel-1,connection-1539,1629,1.778090312306E9
15602448|1|1|0|9|1,1.715311478773E9,15602448,block_result,1,C5DB57F59D948743225F2AD801F37A9DD0AB3B7A7A1A8D725482A9607CEB9686,1,0,9,0,1,osmo1jjtm8ty3lh8m3zzy2v5gfuc8l4vh5gthdhge87,genesis1jjtm8ty3lh8m3zzy2v5gfuc8l4vh5gthm90l4e,12588419900000000000,ibc/F16FDC11A7662B86BC0B9CE61871CBACF7C20606F95E86260FD38915184B75B4,transfer/channel-253/el1,,channel-253,channel-1,connection-1539,1345,1.716994857578266E9
63225465|1|0|0|9|1,1.780481618681E9,63225465,block_result,1,942344A0C98BB81ECF33EA60524B0C2875D49E27122E4DDB102C51DD6C21C3C5,0,0,9,0,1,osmo1gzn6edx0r2mwavr4rxxzghumhyl77q68700v8f,genesis1gzn6edx0r2mwavr4rxxzghumhyl77q68gag24w,2350489724781852020829,ibc/F16FDC11A7662B86BC0B9CE61871CBACF7C20606F95E86260FD38915184B75B4,transfer/channel-253/el1,,channel-253,channel-1,connection-1539,1657,1.780481622345E9
63266153|1|0|0|9|1,1.78052898766E9,63266153,block_result,1,CA70CA27E6549F2CF670166D9D49E2788CBED3E84BE11ADDC20315C60FAEB86B,0,0,9,0,1,osmo1gzn6edx0r2mwavr4rxxzghumhyl77q68700v8f,genesis1gzn6edx0r2mwavr4rxxzghumhyl77q68gag24w,3584940832029655340161,ibc/F16FDC11A7662B86BC0B9CE61871CBACF7C20606F95E86260FD38915184B75B4,transfer/channel-253/el1,,channel-253,channel-1,connection-1539,1659,1.780528993825E9
63193783|1|0|0|9|1,1.780447959741E9,63193783,block_result,1,56DE99DFE2DA068D0DC76066C6E1D5644054EF69A2A11BF00184C96A17170907,0,0,9,0,1,osmo1gzn6edx0r2mwavr4rxxzghumhyl77q68700v8f,genesis1gzn6edx0r2mwavr4rxxzghumhyl77q68gag24w,1788265911267904376023,ibc/F16FDC11A7662B86BC0B9CE61871CBACF7C20606F95E86260FD38915184B75B4,transfer/channel-253/el1,,channel-253,channel-1,connection-1539,1656,1.780448015664E9
63260896|1|0|0|9|1,1.780522917092E9,63260896,block_result,1,EDEA0A7D8EB45422EC9F4429BC346669F3EACFAD1EAA958D7EFDFF79CB8B9BC1,0,0,9,0,1,osmo1gzn6edx0r2mwavr4rxxzghumhyl77q68700v8f,genesis1gzn6edx0r2mwavr4rxxzghumhyl77q68gag24w,1476190674101314307347,ibc/F16FDC11A7662B86BC0B9CE61871CBACF7C20606F95E86260FD38915184B75B4,transfer/channel-253/el1,,channel-253,channel-1,connection-1539,1658,1.780522919395E9
8281187|1|11|0|7|1,1.676426977428E9,8281187,block_result,1,87A29ED52C08D529832E579C95FCE018C97421663D2325A1F59F7FA3AADD3B9E,11,0,7,0,1,osmo18n33ywygvrrzqspewsh7f5c4dkp00le0mjxfr8,genesis18n33ywygvrrzqspewsh7f5c4dkp00le0dqp03q,1014130922117633773162,ibc/F16FDC11A7662B86BC0B9CE61871CBACF7C20606F95E86260FD38915184B75B4,transfer/channel-253/el1,,channel-253,channel-1,connection-1539,1143,1.717472045197149E9
8289592|1|12|0|7|1,1.676474274418E9,8289592,block_result,1,C318A523F2FC28B8D5AD0A6DD743556CD418FE955C53A0BE4997E9AB41B3ECFD,12,0,7,0,1,osmo1ag940t2gd4sn0wey7xgfjl83x2t5v62m6629pc,genesis1ag940t2gd4sn0wey7xgfjl83x2t5v62mvgdrnl,26650000000000000000000,ibc/F16FDC11A7662B86BC0B9CE61871CBACF7C20606F95E86260FD38915184B75B4,transfer/channel-253/el1,,channel-253,channel-1,connection-1539,1144,1.717471913108641E9
8619289|1|1|0|7|1,1.678335844292E9,8619289,block_result,1,8B542A144A364E46BD3E2C480066193A6309CB2AD7C0B8249D23E59BC0ABFF7C,1,0,7,0,1,osmo1ut38cwtznyqcnkusghxy39erv2mcxexx9ylzqy,genesis1ut38cwtznyqcnkusghxy39erv2mcxexxnkcyjr,87094020000000000000000,ibc/F16FDC11A7662B86BC0B9CE61871CBACF7C20606F95E86260FD38915184B75B4,transfer/channel-253/el1,,channel-253,channel-1,connection-1539,1187,1.717462993263217E9
8617819|1|3|0|7|1,1.678327562376E9,8617819,block_result,1,0DD71B23085DA93CA65620B4195A5860C95A1A2ADFDA48C6845D1CBB7CCE4BE7,3,0,7,0,1,osmo1uvnk984yhpw48jfu5srvsrqdt03kkvlcjqx8x5,genesis1uvnk984yhpw48jfu5srvsrqdt03kkvlcyjpp5n,30755259945098075229,ibc/F16FDC11A7662B86BC0B9CE61871CBACF7C20606F95E86260FD38915184B75B4,transfer/channel-253/el1,,channel-253,channel-1,connection-1539,1186,1.717463007651396E9
6058000|1|6|0|7|1,1.663408612871E9,6058000,block_result,1,0C67EE782C40A0C1C72D8CE0EA377F11CCC22AFEF40C965AD54EC8877E6766FE,6,0,7,0,1,osmo1243yhe2plcqqkhwkl8dwv53nzvxrdye2u77fvg,genesis1243yhe2plcqqkhwkl8dwv53nzvxrdye22ve070,11000869999999870000,ibc/F16FDC11A7662B86BC0B9CE61871CBACF7C20606F95E86260FD38915184B75B4,transfer/channel-253/el1,,channel-253,channel-1,connection-1539,824,1.717539815986298E9
6054394|1|4|0|7|1,1.663386756849E9,6054394,block_result,1,90BD68A50BF44509816F4B9C930AE602C375A2B616F0918C3BBB48F67533B639,4,0,7,0,1,osmo17gl6er5798z79ckqv99kz8an2dryl5n5ak95dj,genesis17gl6er5798z79ckqv99kz8an2dryl5n5tyzjl4,20800000000000000000,ibc/F16FDC11A7662B86BC0B9CE61871CBACF7C20606F95E86260FD38915184B75B4,transfer/channel-253/el1,,channel-253,channel-1,connection-1539,823,1.717540031915162E9
6063469|1|18|0|7|1,1.663442396772E9,6063469,block_result,1,AF507F4A8FB7CB5BD4B7CED8DDEECA5E0A64369D43164F663C0DC9690B326AAA,18,0,7,0,1,osmo19l9wsymdh3mp7munzrlk8rs03ttnu2uaujyktu,genesis19l9wsymdh3mp7munzrlk8rs03ttnu2ua2qrsem,54377159669503725625,ibc/F16FDC11A7662B86BC0B9CE61871CBACF7C20606F95E86260FD38915184B75B4,transfer/channel-253/el1,,channel-253,channel-1,connection-1539,833,1.717539386246647E9
6059337|1|19|0|7|1,1.663416751708E9,6059337,block_result,1,AC2148A5C2787A61EF223844954E1A918B50FE17B21BE2379EC9B27BC9B5B1F0,19,0,7,0,1,osmo1232ej49wzu69ew6r5rutk28dtl0ezern30dyuy,genesis1lunnwmyez79fqd7p3cqgx99dwjrhu8ml6ydrfv,11000869999999870000,ibc/F16FDC11A7662B86BC0B9CE61871CBACF7C20606F95E86260FD38915184B75B4,transfer/channel-253/el1,,channel-253,channel-1,connection-1539,831,1.717530738906309E9
6059316|1|12|0|7|1,1.66341662652E9,6059316,block_result,1,485262CDAEC8CFBD6E150DFBF72C71C41BA4A0CEF31A42D4731887B37C29F1C6,12,0,7,0,1,osmo12gt0qnf99n02lu7gmu6lud8j7mu8ugepm2l62a,genesis1lunnwmyez79fqd7p3cqgx99dwjrhu8ml6ydrfv,11000869999999870000,ibc/F16FDC11A7662B86BC0B9CE61871CBACF7C20606F95E86260FD38915184B75B4,transfer/channel-253/el1,,channel-253,channel-1,connection-1539,829,1.717539767601118E9
6059140|1|2|0|7|1,1.663415555954E9,6059140,block_result,1,C22245A7ADA9CD040B643DFEB1A8921FBF75D70C9A5DDDD6EA6B67DDD8A00CC9,2,0,7,0,1,osmo160sdph7hhkw2lyq6eusp6hrx8m0lkg0skjufw2,genesis1lunnwmyez79fqd7p3cqgx99dwjrhu8ml6ydrfv,10999869999999870000,ibc/F16FDC11A7662B86BC0B9CE61871CBACF7C20606F95E86260FD38915184B75B4,transfer/channel-253/el1,,channel-253,channel-1,connection-1539,827,1.717539772702831E9
6059129|1|14|0|7|1,1.663415488758E9,6059129,block_result,1,24061CBFDAD0A8349F13A6E963848AEB200208DD7F1C18B94FBC4A7CB431E596,14,0,7,0,1,osmo1eu7ajvsee6tfpup28cryxv5ed0vmj5843q9jke,genesis1lunnwmyez79fqd7p3cqgx99dwjrhu8ml6ydrfv,10999869999999870000,ibc/F16FDC11A7662B86BC0B9CE61871CBACF7C20606F95E86260FD38915184B75B4,transfer/channel-253/el1,,channel-253,channel-1,connection-1539,826,1.717539774678796E9
6059327|1|11|0|7|1,1.663416694104E9,6059327,block_result,1,384A137B3E9F1F30851E3184DCD7EC86DB39C1FF890F4B70407C8B8CA4ED2F7E,11,0,7,0,1,osmo1qcq0384j3s30hhnqa3tnd8pg7gdw47aza96nwn,genesis1lunnwmyez79fqd7p3cqgx99dwjrhu8ml6ydrfv,10999869999999870000,ibc/F16FDC11A7662B86BC0B9CE61871CBACF7C20606F95E86260FD38915184B75B4,transfer/channel-253/el1,,channel-253,channel-1,connection-1539,830,1.717539827395329E9
6058965|1|2|0|7|1,1.663414488221E9,6058965,block_result,1,E36B99BF6C5B3509D1EDB64A6C7384A7D2B185E5D05ADC076683A9F706E05D4A,2,0,7,0,1,osmo1rjjx4yrystwtr3cy50ccg9znrqhlg7lvh3mmnc,genesis1lunnwmyez79fqd7p3cqgx99dwjrhu8ml6ydrfv,10999739999999740000,ibc/F16FDC11A7662B86BC0B9CE61871CBACF7C20606F95E86260FD38915184B75B4,transfer/channel-253/el1,,channel-253,channel-1,connection-1539,825,1.717539777840327E9
6059423|1|30|0|7|1,1.663417277587E9,6059423,block_result,1,EC6CCD17F30DBA359262CB8A0F83E1DE43651F672B3FBB4B4C872A416F88CE1C,30,0,7,0,1,osmo1csfx30uh766qpjjxzgas6uc4n5jq5qy9ukrk6d,genesis1lunnwmyez79fqd7p3cqgx99dwjrhu8ml6ydrfv,10999739999999870000,ibc/F16FDC11A7662B86BC0B9CE61871CBACF7C20606F95E86260FD38915184B75B4,transfer/channel-253/el1,,channel-253,channel-1,connection-1539,832,1.71753072981526E9
6059278|1|6|0|7|1,1.663416397672E9,6059278,block_result,1,1D18F36A141517CBA8B33FD9FB461E6FC52F0D1C24AE1029BD3B6DF0644EDB8E,6,0,7,0,1,osmo107z70m2f9vq0qkyveutnqzt3yjh7f9v70gjqan,genesis1lunnwmyez79fqd7p3cqgx99dwjrhu8ml6ydrfv,11000869999999870000,ibc/F16FDC11A7662B86BC0B9CE61871CBACF7C20606F95E86260FD38915184B75B4,transfer/channel-253/el1,,channel-253,channel-1,connection-1539,828,1.717539832654703E9
5820667|1|12|0|7|1,1.661950234783E9,5820667,block_result,1,6BA6D9A5B0709CE000D316B46EF81E36D9135738EDD3A001E3AC2BF2E9DF8C0B,12,0,7,0,1,osmo12e7x392uux4xx3suzf7xmhnzdmwalzuma7tmrl,genesis12e7x392uux4xx3suzf7xmhnzdmwalzumtvva3c,11000739999999870000,ibc/F16FDC11A7662B86BC0B9CE61871CBACF7C20606F95E86260FD38915184B75B4,transfer/channel-253/el1,,channel-253,channel-1,connection-1539,749,1.717547469757168E9
5820267|1|6|0|7|1,1.661947785508E9,5820267,block_result,1,8B9A707D500B1EB0B311C1346B4A3510C1BFB0816C409FB9803EA389E4EE778B,6,0,7,0,1,osmo1ayy8knfdhepp2rws2m8kq5jzjm67fsyl2a790p,genesis1ayy8knfdhepp2rws2m8kq5jzjm67fsylu0erax,33299039467991664,ibc/F16FDC11A7662B86BC0B9CE61871CBACF7C20606F95E86260FD38915184B75B4,transfer/channel-253/el1,,channel-253,channel-1,connection-1539,748,1.717540682588257E9
5820718|1|1|0|7|1,1.661950553373E9,5820718,block_result,1,8055F93C2C4217608C8FB58F55F2B4A0F601776946C8FE25CDF43030ECB033CB,1,0,7,0,1,osmo1jnpevf3zg3wc3vyqssxu96lz899g00skk60rtg,genesis1jnpevf3zg3wc3vyqssxu96lz899g00skqgg9e0,20509189353218542023,ibc/F16FDC11A7662B86BC0B9CE61871CBACF7C20606F95E86260FD38915184B75B4,transfer/channel-253/el1,,channel-253,channel-1,connection-1539,750,1.717550305859972E9
5819466|1|10|0|7|1,1.66194286999E9,5819466,block_result,1,FE0550F797C100F4A20C4B8825F793B8ED7BF8591986146EB4E8E193650C6B87,10,0,7,0,1,osmo1me3hg2l74zn5ag9y879u7re4cp4dxea9h5d45s,genesis1me3hg2l74zn5ag9y879u7re4cp4dxea9px2nxh,10000000000000000000,ibc/F16FDC11A7662B86BC0B9CE61871CBACF7C20606F95E86260FD38915184B75B4,transfer/channel-253/el1,,channel-253,channel-1,connection-1539,747,1.717549221183694E9
66246768|1|0|0|9|1,1.783972498026E9,66246768,block_result,1,5127DA9EC85C6E96B81E32CA8D645180446E2A1A31D088D41496BB9A6567538C,0,0,9,0,1,osmo13mr29znad38tju9dws3fr3qvjrva7rp2d5ajsa,genesis16rcl8973e80a9wk9v4x893p4u6y8xjy2f6zm3m,300000000000000000000,ibc/F16FDC11A7662B86BC0B9CE61871CBACF7C20606F95E86260FD38915184B75B4,transfer/channel-253/el1,,channel-253,channel-1,connection-1539,1732,1.783972500239E9
66246889|1|2|0|9|1,1.783972636618E9,66246889,block_result,1,21B4FFB6E8CE3B7C904E38BC5F1B5E436E818F8CA6F785113E7BDD9566C6EDBB,2,0,9,0,1,osmo13mr29znad38tju9dws3fr3qvjrva7rp2d5ajsa,genesis16rcl8973e80a9wk9v4x893p4u6y8xjy2f6zm3m,11547530000000000000000,ibc/F16FDC11A7662B86BC0B9CE61871CBACF7C20606F95E86260FD38915184B75B4,transfer/channel-253/el1,,channel-253,channel-1,connection-1539,1733,1.783972639007E9
66216353|1|0|0|9|1,1.783937837307E9,66216353,block_result,1,4F79D4444CF5B48F2040D0569093A96DF0D8310B354BDBC21574F83EE6746C6A,0,0,9,0,1,osmo1yye3q2u22redre3dhaucynfu78qezh9my8yu03,genesis1955gm0z8h378kae4d3uly93r77ykjwxhf7xffl,5000000000000000000,ibc/F16FDC11A7662B86BC0B9CE61871CBACF7C20606F95E86260FD38915184B75B4,transfer/channel-253/el1,,channel-253,channel-1,connection-1539,1728,1.783937839826E9
66207017|1|0|0|9|1,1.783927173441E9,66207017,block_result,1,88D19E6223916EDB1AAF55BA43ED98307EE9A3A4B5A9ECE351CC43C280757962,0,0,9,0,1,osmo1uy0kmccvyhqehj7052g5v86lluna744yarcfh2,genesis1k0qvnqlugjf543vf6uf3cz98y4zwhwfw5hvdqx,5000000000000000000,ibc/F16FDC11A7662B86BC0B9CE61871CBACF7C20606F95E86260FD38915184B75B4,transfer/channel-253/el1,,channel-253,channel-1,connection-1539,1726,1.783927177387E9
66237290|1|1|0|9|1,1.783961684666E9,66237290,block_result,1,6CC5050947A56CA4824124D990ADFA3016BB2CCF0979E635F139E03C26B2FC39,1,0,9,0,1,osmo1qm8t0qwde65v6cyd727xxrj3sa3dm6472kpwv6,genesis1qm8t0qwde65v6cyd727xxrj3sa3dm647uyxg7a,32302140851199067503336,ibc/F16FDC11A7662B86BC0B9CE61871CBACF7C20606F95E86260FD38915184B75B4,transfer/channel-253/el1,,channel-253,channel-1,connection-1539,1730,1.783961688182E9
66245946|1|0|0|9|1,1.783971561386E9,66245946,block_result,1,81BE9966E3C24F23CCA657C90352341A0279AE4165A8442DE18238FFF6C27FD6,0,0,9,0,1,osmo12wgfhlj6xd9lnnp564kdetsgf4jark9cszx07u,genesis1r9sqeje2ppw9kva5x6j34kxh9npu2k0z2nchk9,17400000000000000000000,ibc/F16FDC11A7662B86BC0B9CE61871CBACF7C20606F95E86260FD38915184B75B4,transfer/channel-253/el1,,channel-253,channel-1,connection-1539,1731,1.783971563728E9
66221688|1|0|0|9|1,1.783943937069E9,66221688,block_result,1,238A427E253945C790A09C6E85942DC8B570F64AC06ECC7BBDF746312D15F4C9,0,0,9,0,1,osmo12wgfhlj6xd9lnnp564kdetsgf4jark9cszx07u,genesis1r9sqeje2ppw9kva5x6j34kxh9npu2k0z2nchk9,19830000000000000000000,ibc/F16FDC11A7662B86BC0B9CE61871CBACF7C20606F95E86260FD38915184B75B4,transfer/channel-253/el1,,channel-253,channel-1,connection-1539,1729,1.783943940659E9
66253624|1|11|0|9|1,1.783980296829E9,66253624,block_result,1,E19DCB88B10C552AD0A385B1AB9F2A1F9ACBBAD2869C615E262FDFC955E0ABF9,11,0,9,0,1,osmo1w5wehwhcma8ltrl62hfxxt8rx0eskr66d7rw4h,genesis1w5wehwhcma8ltrl62hfxxt8rx0eskr66mvyg8s,1752051064600206210,ibc/F16FDC11A7662B86BC0B9CE61871CBACF7C20606F95E86260FD38915184B75B4,transfer/channel-253/el1,,channel-253,channel-1,connection-1539,1734,1.783980302053E9
66216048|1|0|0|9|1,1.783937491371E9,66216048,block_result,1,505B57BC67C96B85C7A78D26468ADE2C3E36F8CF126618D81E9F1ACEAEF22BB5,0,0,9,0,1,osmo1yye3q2u22redre3dhaucynfu78qezh9my8yu03,genesis1yye3q2u22redre3dhaucynfu78qezh9mj4r6ak,2149169000000000000,ibc/F16FDC11A7662B86BC0B9CE61871CBACF7C20606F95E86260FD38915184B75B4,transfer/channel-253/el1,,channel-253,channel-1,connection-1539,1727,1.783937495766E9
30730247|1|1|0|9|1,1.74099881247E9,30730247,block_result,1,71296B0A3D8701E4C151E6F4836D39C1AF2386D1A1785E3F616835F05F8F3D09,1,0,9,0,1,osmo1mw47fsnfw856k0qlw2hc27me4udtq8kkknqal5,genesis1mw47fsnfw856k0qlw2hc27me4udtq8kkqp8mdn,24000000000000000000,ibc/F16FDC11A7662B86BC0B9CE61871CBACF7C20606F95E86260FD38915184B75B4,transfer/channel-253/el1,,channel-253,channel-1,connection-1539,1438,1.741346439465521E9
71952590|1|0|0|9|1,1.79120740627E9,71952590,block_result,1,32223625C7386241B7EB165D5F67BDC88EFDF9BEA7E54D1107991C45EF89DC59,0,0,9,0,1,osmo1zkewm35hqzve3xet3rhc0kmzeldxjf22fwq990,genesis16jjxucde476dvfq7shvh65t3w09q6ftz2xta3u,437093386904665820048,ibc/F16FDC11A7662B86BC0B9CE61871CBACF7C20606F95E86260FD38915184B75B4,transfer/channel-253/el1,,channel-253,channel-1,connection-1539,2145,1.791207411289E9
71953390|1|1|0|9|1,1.79120851647E9,71953390,block_result,1,FCF0A1CC78D2A2C9F85DAF659F6E2404584DF0C2C93FD0EE43319B4BE9F98C0D,1,0,9,0,1,osmo1zkewm35hqzve3xet3rhc0kmzeldxjf22fwq990,genesis16jjxucde476dvfq7shvh65t3w09q6ftz2xta3u,214791342660919623059,ibc/F16FDC11A7662B86BC0B9CE61871CBACF7C20606F95E86260FD38915184B75B4,transfer/channel-253/el1,,channel-253,channel-1,connection-1539,2148,1.791208518799E9
71977008|1|0|0|9|1,1.791241222806E9,71977008,block_result,1,E2CCA3B594C206833522F764292E6571BECE74DBF6C0B5901E6F1E08B4A80692,0,0,9,0,1,osmo194lta9864uydejmxcf97nrjn0v0mdcj7pauaa0,genesis194lta9864uydejmxcf97nrjn0v0mdcj7h0mm0g,510612231054418369,ibc/F16FDC11A7662B86BC0B9CE61871CBACF7C20606F95E86260FD38915184B75B4,transfer/channel-253/el1,,channel-253,channel-1,connection-1539,2151,1.79124122528E9
71958237|1|0|0|9|1,1.791215220899E9,71958237,block_result,1,47CADE569BE0F686A2A1CBC0B82F77AE77C316F44104CC7F72BD7B7379772093,0,0,9,0,1,osmo1dl6cphw4mln4wl40l0j9z7qaqdmchjd3dhwj6h,genesis1dl6cphw4mln4wl40l0j9z7qaqdmchjd3m9f5gs,110000000000000000,ibc/F16FDC11A7662B86BC0B9CE61871CBACF7C20606F95E86260FD38915184B75B4,transfer/channel-253/el1,,channel-253,channel-1,connection-1539,2149,1.791215223233E9
71929255|1|2|0|9|1,1.79117530575E9,71929255,block_result,1,8F904C55E827762CA7600382A6C75F16E2E6F9ED37B578B46D97139300474D3B,2,0,9,0,1,osmo1rrk0hgawmg5lzlkf948f395ksqmhr867xp86k7,genesis1rrk0hgawmg5lzlkf948f395ksqmhr867snquye,141040899917823982,ibc/F16FDC11A7662B86BC0B9CE61871CBACF7C20606F95E86260FD38915184B75B4,transfer/channel-253/el1,,channel-253,channel-1,connection-1539,2144,1.791175310144E9
71953261|1|0|0|9|1,1.791208338124E9,71953261,block_result,1,95B1FC89DF279041A5231DB6D30D61CC03CDF7312978BC1B77F247AA7ADC0D19,0,0,9,0,1,osmo1sxaec74g6edjcjkf4tqezldvtuexycm2g9rvkl,genesis1sxaec74g6edjcjkf4tqezldvtuexycm27hy2yc,436380000000000000000,ibc/F16FDC11A7662B86BC0B9CE61871CBACF7C20606F95E86260FD38915184B75B4,transfer/channel-253/el1,,channel-253,channel-1,connection-1539,2147,1.791208341788E9
71952743|1|1|0|9|1,1.791207614037E9,71952743,block_result,1,3BC6F60D7FDBF0C3AE5B274AE537044E92E64EA6D8847FBE78254F6A5604ED80,1,0,9,0,1,osmo1sxaec74g6edjcjkf4tqezldvtuexycm2g9rvkl,genesis1sxaec74g6edjcjkf4tqezldvtuexycm27hy2yc,334730000000000000000,ibc/F16FDC11A7662B86BC0B9CE61871CBACF7C20606F95E86260FD38915184B75B4,transfer/channel-253/el1,,channel-253,channel-1,connection-1539,2146,1.791207616301E9
71965851|1|0|0|9|1,1.791225854977E9,71965851,block_result,1,23321386AC5CB1139043CB0BB971C9F532B0013635C1C079B06E316FF7CC8552,0,0,9,0,1,osmo1ygau56ny66jrq4kjuwsmu283mm78fka9v3dy9p,genesis1ygau56ny66jrq4kjuwsmu283mm78fka96r2zhx,132037989236528068116,ibc/F16FDC11A7662B86BC0B9CE61871CBACF7C20606F95E86260FD38915184B75B4,transfer/channel-253/el1,,channel-253,channel-1,connection-1539,2150,1.791225858439E9
55169293|1|0|0|9|1,1.771118895861E9,55169293,block_result,1,3B6BC58ECF83F230D9BA72CB5D61AA61DA675BE4EE880B55E16E263171E93DC5,0,0,9,0,1,osmo1qnlxnneluedfg3lusv8r36t5c0s4r2p0dlsn28,genesis1qnlxnneluedfg3lusv8r36t5c0s4r2p0mdh4cq,2000000000000000000,ibc/F16FDC11A7662B86BC0B9CE61871CBACF7C20606F95E86260FD38915184B75B4,transfer/channel-253/el1,,channel-253,channel-1,connection-1539,1559,1.771118898904747E9
16988428|1|0|0|9|1,1.718958126318E9,16988428,block_result,1,17D0499D69F98A2C9CF8F0853E1E0AB66763C5FF87F1FCE05FA1A13C0BDCC2B3,0,0,9,0,1,osmo1e8597agptv59rnvl3rvk4pyjylm8syq6fgkls0,genesis1e8597agptv59rnvl3rvk4pyjylm8syq6l63ezg,1206382080189427953105,ibc/F16FDC11A7662B86BC0B9CE61871CBACF7C20606F95E86260FD38915184B75B4,transfer/channel-253/el1,,channel-253,channel-1,connection-1539,1379,1.718958217023823E9
16988396|1|3|0|9|1,1.718958063703E9,16988396,block_result,1,531B39451C8401BF02EB5DE2CD47730B1331FE375880B4A1959BC0806F01516F,3,0,9,0,1,osmo1e8597agptv59rnvl3rvk4pyjylm8syq6fgkls0,genesis1e8597agptv59rnvl3rvk4pyjylm8syq6l63ezg,1000000000000000000,ibc/F16FDC11A7662B86BC0B9CE61871CBACF7C20606F95E86260FD38915184B75B4,transfer/channel-253/el1,,channel-253,channel-1,connection-1539,1378,1.718958153055403E9
8939600|1|2|0|7|1,1.680163932566E9,8939600,block_result,1,05B56EF4812FBD7829D5EBE0D37617CF4675A5DBD01E90ED8E0D71B6398014CF,2,0,7,0,1,osmo1s8nzgwexdz8laux65600tkq6mq8pr6h5tftmat,genesis1s8nzgwexdz8laux65600tkq6mq8pr6h5amva0v,56732824682069495299,ibc/F16FDC11A7662B86BC0B9CE61871CBACF7C20606F95E86260FD38915184B75B4,transfer/channel-253/el1,,channel-253,channel-1,connection-1539,1215,1.717454978447518E9
8446211|1|5|0|7|1,1.677356373435E9,8446211,block_result,1,23346317DA9E8F3F00864F5A8DBEC68E574723BA7524BFBB6D0122EECA8ACD51,5,0,7,0,1,osmo16aypymlama0lk5s8c9s30s09eacpvwnav7ewjv,genesis16aypymlama0lk5s8c9s30s09eacpvwna6v7gqt,33281213546896638374,ibc/F16FDC11A7662B86BC0B9CE61871CBACF7C20606F95E86260FD38915184B75B4,transfer/channel-253/el1,,channel-253,channel-1,connection-1539,1159,1.717467749406359E9
8434196|1|5|0|7|1,1.677288629516E9,8434196,block_result,1,F2F83863F62B9E24CFC383C7ECC1E27DBAB57661F36189ABC94CC3B1310F26F7,5,0,7,0,1,osmo1v2z9rwxt5y98pnrs6ryhqp08ay5azzvmw92wnm,genesis1v2z9rwxt5y98pnrs6ryhqp08ay5azzvmchdgpu,12635000000000000000000,ibc/F16FDC11A7662B86BC0B9CE61871CBACF7C20606F95E86260FD38915184B75B4,transfer/channel-253/el1,,channel-253,channel-1,connection-1539,1158,1.717467796023235E9
71365095|1|0|0|9|1,1.790429160972E9,71365095,block_result,1,BB523DC5B4113859E5AFA016CF31705824E33E21265876B0CF2A9D789EF8BA6C,0,0,9,0,1,osmo1ag940t2gd4sn0wey7xgfjl83x2t5v62m6629pc,genesis107ff0tztguhn637e0jf3pjecs7kk333gaprfj3,3500000000000000000000,ibc/F16FDC11A7662B86BC0B9CE61871CBACF7C20606F95E86260FD38915184B75B4,transfer/channel-253/el1,,channel-253,channel-1,connection-1539,2024,1.790429163512E9
71356052|1|1|0|9|1,1.790417486051E9,71356052,block_result,1,AF71A43F101EE88118641F96C87CFE374D11E0720647C1D6BA6A07E51CCBA98A,1,0,9,0,1,osmo16aypymlama0lk5s8c9s30s09eacpvwnav7ewjv,genesis16aypymlama0lk5s8c9s30s09eacpvwna6v7gqt,3545996113084453764511,ibc/F16FDC11A7662B86BC0B9CE61871CBACF7C20606F95E86260FD38915184B75B4,transfer/channel-253/el1,,channel-253,channel-1,connection-1539,2022,1.79041749159E9
71341687|1|0|0|9|1,1.790398884971E9,71341687,block_result,1,A9E7CD79DF41C8FDDB119C01AF2D379BC15609099DAD808FCC0384E4CF50FD42,0,0,9,0,1,osmo1zkewm35hqzve3xet3rhc0kmzeldxjf22fwq990,genesis16jjxucde476dvfq7shvh65t3w09q6ftz2xta3u,289035700286385512918,ibc/F16FDC11A7662B86BC0B9CE61871CBACF7C20606F95E86260FD38915184B75B4,transfer/channel-253/el1,,channel-253,channel-1,connection-1539,2015,1.790398887282E9
71380104|1|2|0|9|1,1.790448547719E9,71380104,block_result,1,1669A664FAC245F30508AB42F4EA0967C4E16EB54757B6D32C948785027DD643,2,0,9,0,1,osmo1zkewm35hqzve3xet3rhc0kmzeldxjf22fwq990,genesis16jjxucde476dvfq7shvh65t3w09q6ftz2xta3u,622765196729605758561,ibc/F16FDC11A7662B86BC0B9CE61871CBACF7C20606F95E86260FD38915184B75B4,transfer/channel-253/el1,,channel-253,channel-1,connection-1539,2025,1.790448550227E9
71341166|1|0|0|9|1,1.790398213002E9,71341166,block_result,1,4CA92DE594A8E3D0E19E29235EB8A5C3EC6E4143CE5072D07BDCD70CBDBB13C6,0,0,9,0,1,osmo1zkewm35hqzve3xet3rhc0kmzeldxjf22fwq990,genesis16jjxucde476dvfq7shvh65t3w09q6ftz2xta3u,883666949949055625513,ibc/F16FDC11A7662B86BC0B9CE61871CBACF7C20606F95E86260FD38915184B75B4,transfer/channel-253/el1,,channel-253,channel-1,connection-1539,2012,1.790398215621E9
71344140|1|0|0|9|1,1.790402068737E9,71344140,block_result,1,6A86DA0AD2DC9917ABE29F72CFD3FB649696A9C1FBFE5F77B0834655F260A5D2,0,0,9,0,1,osmo1zkewm35hqzve3xet3rhc0kmzeldxjf22fwq990,genesis16jjxucde476dvfq7shvh65t3w09q6ftz2xta3u,287443728002726420790,ibc/F16FDC11A7662B86BC0B9CE61871CBACF7C20606F95E86260FD38915184B75B4,transfer/channel-253/el1,,channel-253,channel-1,connection-1539,2017,1.790402071665E9
71342246|1|0|0|9|1,1.790399607075E9,71342246,block_result,1,B5900BDA0A2D43597AFFF6A133CE1A49E8403A8910725A8076E207017F0F90C7,0,0,9,0,1,osmo1zkewm35hqzve3xet3rhc0kmzeldxjf22fwq990,genesis16jjxucde476dvfq7shvh65t3w09q6ftz2xta3u,287853710187901235937,ibc/F16FDC11A7662B86BC0B9CE61871CBACF7C20606F95E86260FD38915184B75B4,transfer/channel-253/el1,,channel-253,channel-1,connection-1539,2016,1.790399610829E9
71355777|1|1|0|9|1,1.790417128355E9,71355777,block_result,1,B8C9A5999C5A82B0BFDDF26B3E2ACAAF4A180BE928D5E757BFFF450116B499D2,1,0,9,0,1,osmo1zkewm35hqzve3xet3rhc0kmzeldxjf22fwq990,genesis16jjxucde476dvfq7shvh65t3w09q6ftz2xta3u,610691252608147283667,ibc/F16FDC11A7662B86BC0B9CE61871CBACF7C20606F95E86260FD38915184B75B4,transfer/channel-253/el1,,channel-253,channel-1,connection-1539,2021,1.790417133761E9
71341350|1|0|0|9|1,1.790398448496E9,71341350,block_result,1,4DE3CD737157377F2BD4930EEEC9BA65C25A7E5939F13D9AA1680592C4E0F592,0,0,9,0,1,osmo1zkewm35hqzve3xet3rhc0kmzeldxjf22fwq990,genesis16jjxucde476dvfq7shvh65t3w09q6ftz2xta3u,579522977213430991069,ibc/F16FDC11A7662B86BC0B9CE61871CBACF7C20606F95E86260FD38915184B75B4,transfer/channel-253/el1,,channel-253,channel-1,connection-1539,2014,1.790398451189E9
71354735|1|0|0|9|1,1.790415781626E9,71354735,block_result,1,131B2099DF40AAAAF0ECD79D27DD5DBDD9A2B618C71ABCAEEDBB94DF32198BBC,0,0,9,0,1,osmo1d8754xqa9245pctlfcyv8eah468neqzn64g887,genesis1d8754xqa9245pctlfcyv8eah468neqznv80p4e,25230000000000000000000,ibc/F16FDC11A7662B86BC0B9CE61871CBACF7C20606F95E86260FD38915184B75B4,transfer/channel-253/el1,,channel-253,channel-1,connection-1539,2020,1.790415784051E9
71354160|1|0|0|9|1,1.790415037751E9,71354160,block_result,1,5A4D5A4BF701ED4F4A8D02D180767AE7F77674931B5AF90F72299ED6D56434F4,0,0,9,0,1,osmo1d8754xqa9245pctlfcyv8eah468neqzn64g887,genesis1d8754xqa9245pctlfcyv8eah468neqznv80p4e,100000000000000000000,ibc/F16FDC11A7662B86BC0B9CE61871CBACF7C20606F95E86260FD38915184B75B4,transfer/channel-253/el1,,channel-253,channel-1,connection-1539,2019,1.790415040143E9
71358790|1|2|0|9|1,1.790421020775E9,71358790,block_result,1,EBD60E7BF966A24E9FA4A6468C738B0E27CB6A9C03664269A6EE67891FBF6D90,2,0,9,0,1,osmo1jmk7se8zcswaqnudtsfmuka7xl0267njdpxack,genesis1jgpcmrqqc87c8h49yahpjpcdw76app77g692fz,400000000000000000000,ibc/F16FDC11A7662B86BC0B9CE61871CBACF7C20606F95E86260FD38915184B75B4,transfer/channel-253/el1,,channel-253,channel-1,connection-1539,2023,1.790421024388E9
71354050|1|0|0|9|1,1.790414899284E9,71354050,block_result,1,046FB991C0007406D82CC9067E91A085D7B981564570AFD2F0DD3DA94487FEDE,0,0,9,0,1,osmo1kchq6hwcxykm847jugaf5c6x7aqvz4k9rrcl2w,genesis1jk3v4z3v34vfdkjn7yvve7fwdf8acyr5tydw22,2453000000000000000000,ibc/F16FDC11A7662B86BC0B9CE61871CBACF7C20606F95E86260FD38915184B75B4,transfer/channel-253/el1,,channel-253,channel-1,connection-1539,2018,1.790414901678E9
71341239|1|0|0|9|1,1.79039830549E9,71341239,block_result,1,D93328CAEF9D7C11B3A0883A7728FCFEA734D5D1FB61BB7BF8983BDCDE11F991,0,0,9,0,1,osmo1srgysthmuqpw4f6qsrektu2glj59hz6lt44dyp,genesis1srgysthmuqpw4f6qsrektu2glj59hz6la8jtkx,9000000000000000000000,ibc/F16FDC11A7662B86BC0B9CE61871CBACF7C20606F95E86260FD38915184B75B4,transfer/channel-253/el1,,channel-253,channel-1,connection-1539,2013,1.790398308066E9
30862327|1|3|0|9|1,1.741163392557E9,30862327,block_result,1,C846915257370FD451970E7D4B56141B8A91F684FC2CEAA1D1F6F5DB0F93645E,3,0,9,0,1,osmo16aypymlama0lk5s8c9s30s09eacpvwnav7ewjv,genesis16aypymlama0lk5s8c9s30s09eacpvwna6v7gqt,42360000000000000000000,ibc/F16FDC11A7662B86BC0B9CE61871CBACF7C20606F95E86260FD38915184B75B4,transfer/channel-253/el1,,channel-253,channel-1,connection-1539,1442,1.741328577129948E9
30903385|1|0|0|9|1,1.741215026515E9,30903385,block_result,1,57AB73160ACEA7E750B51ED33F77AB0C18994CF582E7E75557987B2E5F7169E9,0,0,9,0,1,osmo1sr05ce344s86n0f90pew3wy3xdkrzjnkqlf5sz,genesis1sr05ce344s86n0f90pew3wy3xdkrzjnkkdwjz9,1005000000000000000000,ibc/F16FDC11A7662B86BC0B9CE61871CBACF7C20606F95E86260FD38915184B75B4,transfer/channel-253/el1,,channel-253,channel-1,connection-1539,1445,1.741324675706738E9
30903439|1|0|0|9|1,1.741215096893E9,30903439,block_result,1,DE2ED723F5528D56CB22A48CBA11582B7AEB83D2C077755A68308792A624E415,0,0,9,0,1,osmo1sr05ce344s86n0f90pew3wy3xdkrzjnkqlf5sz,genesis1sr05ce344s86n0f90pew3wy3xdkrzjnkkdwjz9,9000000000000000000000,ibc/F16FDC11A7662B86BC0B9CE61871CBACF7C20606F95E86260FD38915184B75B4,transfer/channel-253/el1,,channel-253,channel-1,connection-1539,1446,1.741324688908187E9
30887241|1|6|0|9|1,1.741194572043E9,30887241,block_result,1,F5809CC251793FF8F091080ED7329C6EE932B1DF358BDE4437DAAD1E7DDBE477,6,0,9,0,1,osmo1g6zstj3qxu463chcgy878v9jh66culnvxy80fa,genesis1uxx7lczky6nc2tcuw26wsekns8akrkfyh90tra,250000000000000000000,ibc/F16FDC11A7662B86BC0B9CE61871CBACF7C20606F95E86260FD38915184B75B4,transfer/channel-253/el1,,channel-253,channel-1,connection-1539,1443,1.741325191759929E9
30888790|1|1|0|9|1,1.741196569693E9,30888790,block_result,1,BECB147955EDADEC712E80783619D93547C7EBE1BC25F3E1A8F95EC879CD419D,1,0,9,0,1,osmo1g6zstj3qxu463chcgy878v9jh66culnvxy80fa,genesis1uxx7lczky6nc2tcuw26wsekns8akrkfyh90tra,200000000000000000000000,ibc/F16FDC11A7662B86BC0B9CE61871CBACF7C20606F95E86260FD38915184B75B4,transfer/channel-253/el1,,channel-253,channel-1,connection-1539,1444,1.741325177275932E9
6567288|1|0|0|7|1,1.666518101325E9,6567288,block_result,1,F770E2971593D53A0A238B54214B3F360A1DA4E1C6349903D4F0EFBEBC0FDD65,0,0,7,0,1,osmo1r7sp8qf07jtj437tcz47jpthlqw3ffthlvdjjy,genesis1r7sp8qf07jtj437tcz47jpthlqw3ffthf725qr,1618782310037895578,ibc/F16FDC11A7662B86BC0B9CE61871CBACF7C20606F95E86260FD38915184B75B4,transfer/channel-253/el1,,channel-253,channel-1,connection-1539,967,1.717522681066146E9
59019411|1|1|0|9|1,1.77580639404E9,59019411,block_result,1,973A2F70CA0326349F608739049F5EA8ACBC305C9207038AE02C423704C08055,1,0,9,0,1,osmo166a7pw3jxyjzg38uuyjlqrs0z5amyu6cd554v4,genesis166a7pw3jxyjzg38uuyjlqrs0z5amyu6cmxnn7j,23451896052398500235,ibc/F16FDC11A7662B86BC0B9CE61871CBACF7C20606F95E86260FD38915184B75B4,transfer/channel-253/el1,,channel-253,channel-1,connection-1539,1605,1.775806398308E9
59055050|1|0|0|9|1,1.77584688799E9,59055050,block_result,1,F01FAD9C8CF380F9E8ABB599651E9F5C806F6DB1E6DFAB637925864A293C7145,0,0,9,0,1,osmo16aypymlama0lk5s8c9s30s09eacpvwnav7ewjv,genesis16aypymlama0lk5s8c9s30s09eacpvwna6v7gqt,2000000000000000000000,ibc/F16FDC11A7662B86BC0B9CE61871CBACF7C20606F95E86260FD38915184B75B4,transfer/channel-253/el1,,channel-253,channel-1,connection-1539,1606,1.775846890211E9
29054459|1|3|0|9|1,1.738803690397E9,29054459,block_result,1,A6422C7384BD88700A259CC4A01AC0FF209721E3D4F5F5C68CC534B2AA0A5EC8,3,0,9,0,1,osmo1dukrdemgcr0crh8jxdspjmk3ukl934rkcvxeq3,genesis1dukrdemgcr0crh8jxdspjmk3ukl934rkw7pljk,127484287728910000000000,ibc/F16FDC11A7662B86BC0B9CE61871CBACF7C20606F95E86260FD38915184B75B4,transfer/channel-253/el1,,channel-253,channel-1,connection-1539,1422,1.738803693357095E9
29059154|1|0|0|9|1,1.738809828278E9,29059154,block_result,1,EE42AAEAF19DE7F9B19591FDD3EB81F9A677DA42D6A6BC4962EABDEE60CB4052,0,0,9,0,1,osmo1ug54mpujhgp588fyyywes74gm8p4wjgsrrarph,genesis1ug54mpujhgp588fyyywes74gm8p4wjgs4369ns,177096914610000000000,ibc/F16FDC11A7662B86BC0B9CE61871CBACF7C20606F95E86260FD38915184B75B4,transfer/channel-253/el1,,channel-253,channel-1,connection-1539,1423,1.738809831939182E9
8957008|1|7|0|7|1,1.680263285713E9,8957008,block_result,1,F08EB0AE0E2C5388F9D04EAFDF67358540950421D3265FFC9AF2DF9A5B0870CC,7,0,7,0,1,osmo1gakeuauc2akv9rs0c3ezws3qa46hhuj4ug9p3c,genesis1gakeuauc2akv9rs0c3ezws3qa46hhuj426z8rl,10800000000000000000,ibc/F16FDC11A7662B86BC0B9CE61871CBACF7C20606F95E86260FD38915184B75B4,transfer/channel-253/el1,,channel-253,channel-1,connection-1539,1217,1.717454877873228E9
8955391|1|5|0|7|1,1.680254132785E9,8955391,block_result,1,C054151CD74CC2D9122A16E661241CE464EF38BDD2317EC645B541A744602D65,5,0,7,0,1,osmo1s8nzgwexdz8laux65600tkq6mq8pr6h5tftmat,genesis1s8nzgwexdz8laux65600tkq6mq8pr6h5amva0v,70500265736536270302,ibc/F16FDC11A7662B86BC0B9CE61871CBACF7C20606F95E86260FD38915184B75B4,transfer/channel-253/el1,,channel-253,channel-1,connection-1539,1216,1.717454761872615E9
7504349|1|1|0|7|1,1.672023838373E9,7504349,block_result,1,E25723DDDEB06B0829D7216CCD4736FABD84A72141278A902D448E12D595AF9C,1,0,7,0,1,osmo1h4d0dyh42fe3kgjggx6dr7n7ld3hlzvz37d332,genesis1h4d0dyh42fe3kgjggx6dr7n7ld3hlzvz8v2hrd,51311755055068675331,ibc/F16FDC11A7662B86BC0B9CE61871CBACF7C20606F95E86260FD38915184B75B4,transfer/channel-253/el1,,channel-253,channel-1,connection-1539,1073,1.717489339982129E9
4818673|1|6|0|7|1,1.655716554245E9,4818673,block_result,1,4ECEAB0DB67F10F18F57146FFA8D188DFAFEC995D0AE1B91C3FA05A291B4AD62,6,0,7,0,1,osmo17uz7dmrzetfpr67lva70rghvggta670gamctqw,genesis17uz7dmrzetfpr67lva70rghvggta670gtfldjf,10999869999999870000,ibc/F16FDC11A7662B86BC0B9CE61871CBACF7C20606F95E86260FD38915184B75B4,transfer/channel-253/el1,,channel-253,channel-1,connection-1539,319,1.717581230817649E9
4823587|1|14|0|7|1,1.65574749406E9,4823587,block_result,1,BCDF51911EAA4936A6258469043281B84C5424F600A88DE1CB1AB4EEBE18B163,14,0,7,0,1,osmo1u0yklqs5hfy6y6dan8sf4ct4qwt3spwpkjktyq,genesis1u0yklqs5hfy6y6dan8sf4ct4qwt3spwpqq3dk8,10999869999999870000,ibc/F16FDC11A7662B86BC0B9CE61871CBACF7C20606F95E86260FD38915184B75B4,transfer/channel-253/el1,,channel-253,channel-1,connection-1539,320,1.717599621769933E9
4815192|1|11|0|7|1,1.655694958837E9,4815192,block_result,1,38E366EC6FA4E3BF19F5FFA21DEF2DEB0699968A2F0BFB2F579F747A11A593CA,11,0,7,0,1,osmo1xjvhpmflhue38mc8j75gqj2h0fds9guxqen8zj,genesis1xjvhpmflhue38mc8j75gqj2h0fds9guxkt5ps4,383418417523329937444,ibc/F16FDC11A7662B86BC0B9CE61871CBACF7C20606F95E86260FD38915184B75B4,transfer/channel-253/el1,,channel-253,channel-1,connection-1539,317,1.717581245227568E9
4816339|1|0|0|7|1,1.655702082588E9,4816339,block_result,1,16EF23B893DAA2D7BA0CD6EA00DF6D7FC4284FBCDC0A3426BE90002A8E1DEB76,0,0,7,0,1,osmo1yj5v3qyfm64jd376gv37xl7vekmju72g6t0yfx,genesis1yj5v3qyfm64jd376gv37xl7vekmju72gvegzmp,337474645343750287532,ibc/F16FDC11A7662B86BC0B9CE61871CBACF7C20606F95E86260FD38915184B75B4,transfer/channel-253/el1,,channel-253,channel-1,connection-1539,318,1.717600084723761E9
4921277|1|4|0|7|1,1.656354984419E9,4921277,block_result,1,BB041B0C1233FB5D475C92752655BB99EA16DECCE0DCA4E26BA4E24BFE941229,4,0,7,0,1,osmo1vm7wfrwdax0eqhulsvxaawztucxecyyf2gmwws,genesis1vm7wfrwdax0eqhulsvxaawztucxecyyfu6uguh,10000000000000000000,ibc/F16FDC11A7662B86BC0B9CE61871CBACF7C20606F95E86260FD38915184B75B4,transfer/channel-253/el1,,channel-253,channel-1,connection-1539,339,1.71757457977089E9
4912250|1|6|0|7|1,1.656298580274E9,4912250,block_result,1,C19FACF1321379C57D43DDED2A83298ECE912637BC051E1F468814B3DCF8A4E3,6,0,7,0,1,osmo1ctr7hk5l2gkh7wh5dyukal3vyh35ryh65g504r,genesis1ctr7hk5l2gkh7wh5dyukal3vyh35ryh6z6nf8y,141229180520692564376,ibc/F16FDC11A7662B86BC0B9CE61871CBACF7C20606F95E86260FD38915184B75B4,transfer/channel-253/el1,,channel-253,channel-1,connection-1539,338,1.717597187933444E9
4911147|1|7|0|7|1,1.656291728588E9,4911147,block_result,1,37611ED0E368CA3412963E79B1ED829D1DDE706A234264A9D1E89AC329611D13,7,0,7,0,1,osmo1ux3j2h446q9yf5dvsw4mwa5fnf07ja9v7hnlwd,genesis1ux3j2h446q9yf5dvsw4mwa5fnf07ja9vg95eu2,63803711764519932463,ibc/F16FDC11A7662B86BC0B9CE61871CBACF7C20606F95E86260FD38915184B75B4,transfer/channel-253/el1,,channel-253,channel-1,connection-1539,337,1.717575010546331E9
4921637|1|10|0|7|1,1.656357223031E9,4921637,block_result,1,50087E4BF789FA8B063B8F49FF4F4A0738558C33076471D026D58D689DB49C1A,10,0,7,0,1,osmo1ux3j2h446q9yf5dvsw4mwa5fnf07ja9v7hnlwd,genesis1ux3j2h446q9yf5dvsw4mwa5fnf07ja9vg95eu2,51359801935835169742,ibc/F16FDC11A7662B86BC0B9CE61871CBACF7C20606F95E86260FD38915184B75B4,transfer/channel-253/el1,,channel-253,channel-1,connection-1539,341,1.717596558379755E9
4922938|1|11|0|7|1,1.656365287446E9,4922938,block_result,1,D7D1344E8DD62350145E22771BF07D0FE9D8816A5F8D5AFBB71926352ECB5CCD,11,0,7,0,1,osmo16jexsf558vvdwwl2cfj0mzr4x63xjpac5cs9rv,genesis16jexsf558vvdwwl2cfj0mzr4x63xjpacz2hr3t,17330961456798806905,ibc/F16FDC11A7662B86BC0B9CE61871CBACF7C20606F95E86260FD38915184B75B4,transfer/channel-253/el1,,channel-253,channel-1,connection-1539,342,1.717574314488415E9
4921327|1|14|0|7|1,1.656355290963E9,4921327,block_result,1,F9E0EACDA21613AE2D68980E8192E0EB03BF2512DD0ADCDD065C5A082D964277,14,0,7,0,1,osmo1wqx8gt8tsn05eanmwfl6qjr4np2mgeyhuj09z9,genesis1wqx8gt8tsn05eanmwfl6qjr4np2mgeyh2qgrsz,101094908133733823808,ibc/F16FDC11A7662B86BC0B9CE61871CBACF7C20606F95E86260FD38915184B75B4,transfer/channel-253/el1,,channel-253,channel-1,connection-1539,340,1.717574570487252E9
15674942|1|6|0|9|1,1.715540891225E9,15674942,block_result,1,E5578CDCFD6B25740C483A53EC09EC9703889A7A9FFEC4C8F9C6A7B9D09337F5,6,0,9,0,1,osmo16aypymlama0lk5s8c9s30s09eacpvwnav7ewjv,genesis16aypymlama0lk5s8c9s30s09eacpvwna6v7gqt,5000000000000000000000,ibc/F16FDC11A7662B86BC0B9CE61871CBACF7C20606F95E86260FD38915184B75B4,transfer/channel-253/el1,,channel-253,channel-1,connection-1539,1348,1.716993350588803E9
15674651|1|3|0|9|1,1.715539980131E9,15674651,block_result,1,605303EE8AA431B0B1F45589BA776BCB5668790CA471B09B9723DC6F8C840D32,3,0,9,0,1,osmo16aypymlama0lk5s8c9s30s09eacpvwnav7ewjv,genesis16aypymlama0lk5s8c9s30s09eacpvwna6v7gqt,2618000000000000000000,ibc/F16FDC11A7662B86BC0B9CE61871CBACF7C20606F95E86260FD38915184B75B4,transfer/channel-253/el1,,channel-253,channel-1,connection-1539,1347,1.716993548001216E9
58185090|1|1|0|9|1,1.774862726579E9,58185090,block_result,1,947AD62AA4E61E7CD717CD09BC548A90FFABB4A34B26A506CF9FCDE5F2A670B2,1,0,9,0,1,osmo16aypymlama0lk5s8c9s30s09eacpvwnav7ewjv,genesis16aypymlama0lk5s8c9s30s09eacpvwna6v7gqt,15000000000000000000000,ibc/F16FDC11A7662B86BC0B9CE61871CBACF7C20606F95E86260FD38915184B75B4,transfer/channel-253/el1,,channel-253,channel-1,connection-1539,1596,1.774862729086E9
58197533|1|0|0|9|1,1.774878392563E9,58197533,block_result,1,A14574DFB254D0109387479BDEE5096EB64C4CA0457AF03BD7BBDFA7E510E36A,0,0,9,0,1,osmo16aypymlama0lk5s8c9s30s09eacpvwnav7ewjv,genesis16aypymlama0lk5s8c9s30s09eacpvwna6v7gqt,14000000000000000000000,ibc/F16FDC11A7662B86BC0B9CE61871CBACF7C20606F95E86260FD38915184B75B4,transfer/channel-253/el1,,channel-253,channel-1,connection-1539,1597,1.774878394993E9
9130691|1|0|0|7|1,1.681255855674E9,9130691,block_result,1,D334D250C852A51FF169C2BA63968599003A5CF599142FF93F898F185202D3C7,0,0,7,0,1,osmo16aypymlama0lk5s8c9s30s09eacpvwnav7ewjv,Genesis15k30eauyy7nt4dw598s5rdw0dm4pjw4uunwda8,5500000000000000,ibc/F16FDC11A7662B86BC0B9CE61871CBACF7C20606F95E86260FD38915184B75B4,transfer/channel-253/el1,,channel-253,channel-1,connection-1539,1237,1.717449766554193E9
9130668|1|0|0|7|1,1.681255727667E9,9130668,block_result,1,DB2C8C27895504ADC8F684E4B08E70C04DE7C687F7F2190000D7B305D433B924,0,0,7,0,1,osmo16aypymlama0lk5s8c9s30s09eacpvwnav7ewjv,Genesis15k30eauyy7nt4dw598s5rdw0dm4pjw4uunwda8,150000000000000,ibc/F16FDC11A7662B86BC0B9CE61871CBACF7C20606F95E86260FD38915184B75B4,transfer/channel-253/el1,,channel-253,channel-1,connection-1539,1236,1.717449769762394E9
9116370|1|2|0|7|1,1.681174080188E9,9116370,block_result,1,986E7CBBC038B3842B0AE435502EF3A02A1E9C158745DFB324A89819D5794410,2,0,7,0,1,osmo163ndtplrrpkh2faf2c0y6t9v86llx86q6spzwl,genesis163ndtplrrpkh2faf2c0y6t9v86llx86qvzxyuc,212958162627090086,ibc/F16FDC11A7662B86BC0B9CE61871CBACF7C20606F95E86260FD38915184B75B4,transfer/channel-253/el1,,channel-253,channel-1,connection-1539,1234,1.717450458562839E9
9124006|1|3|0|7|1,1.681217421511E9,9124006,block_result,1,5F948506D73468062B8685AFE7ABFCFF1A20C3EC781B7D74ABCDCF8AE2ACB556,3,0,7,0,1,osmo16aypymlama0lk5s8c9s30s09eacpvwnav7ewjv,genesis16aypymlama0lk5s8c9s30s09eacpvwna6v7gqt,119145280857789309088,ibc/F16FDC11A7662B86BC0B9CE61871CBACF7C20606F95E86260FD38915184B75B4,transfer/channel-253/el1,,channel-253,channel-1,connection-1539,1235,1.717449807784599E9
28947480|1|9|0|9|1,1.738659908908E9,28947480,block_result,1,22DCA45888D164047E462441B8EE093A6E2D97CD2A06EF67248A261EBA7EC456,9,0,9,0,1,osmo16aypymlama0lk5s8c9s30s09eacpvwnav7ewjv,genesis16aypymlama0lk5s8c9s30s09eacpvwna6v7gqt,16000000000000000000000,ibc/F16FDC11A7662B86BC0B9CE61871CBACF7C20606F95E86260FD38915184B75B4,transfer/channel-253/el1,,channel-253,channel-1,connection-1539,1421,1.738659911656801E9
6597985|1|0|0|7|1,1.666702698775E9,6597985,block_result,1,9A37AEE26670673AE667BA9A0EE365522BEF2A26811B5FF13BB639910CC7BE7D,0,0,7,0,1,osmo1t70lfft98c22aqmlgqv6tgyrex7yu4wvyq4z4r,genesis1t70lfft98c22aqmlgqv6tgyrex7yu4wvjjjy8y,10999869999999870000,ibc/F16FDC11A7662B86BC0B9CE61871CBACF7C20606F95E86260FD38915184B75B4,transfer/channel-253/el1,,channel-253,channel-1,connection-1539,976,1.717522159851079E9
6597342|1|3|0|7|1,1.666698850377E9,6597342,block_result,1,2EC99EABD4D88E4F110747E1B86C952C949A0E3F787639C9211ECD1A46E8B4A0,3,0,7,0,1,osmo16a5k7je4afcv9dmqmz8cawd6mple2etmk96h44,genesis16a5k7je4afcv9dmqmz8cawd6mple2etmqha38j,46446623404026793363,ibc/F16FDC11A7662B86BC0B9CE61871CBACF7C20606F95E86260FD38915184B75B4,transfer/channel-253/el1,,channel-253,channel-1,connection-1539,975,1.717522173969679E9
32270197|1|0|0|9|1,1.74294713932E9,32270197,block_result,1,A968C4D4595F536A822A0AA68D596037B1619AD562BF7FBAA4F2362BF234B9C8,0,0,9,0,1,osmo1vmjdd0uh783h6068nvjsvw0uvs57v5h50793hw,genesis1vmjdd0uh783h6068nvjsvw0uvs57v5h5evzh9f,1000000000000000000,ibc/F16FDC11A7662B86BC0B9CE61871CBACF7C20606F95E86260FD38915184B75B4,transfer/channel-253/el1,,channel-253,channel-1,connection-1539,1449,1.742947204364254E9
5828602|1|11|0|7|1,1.661999451536E9,5828602,block_result,1,8691151D65735309275C02F49F4FD4F6D56D5A0ACEDF497A6854D3184952F429,11,0,7,0,1,osmo12mwqeytdm5c8v22e9skjeltw3hql5n9hu3zh7j,genesis12mwqeytdm5c8v22e9skjeltw3hql5n9h2r93v4,14233882019900335275,ibc/F16FDC11A7662B86BC0B9CE61871CBACF7C20606F95E86260FD38915184B75B4,transfer/channel-253/el1,,channel-253,channel-1,connection-1539,756,1.717544379327184E9
5838523|1|6|0|7|1,1.662060742507E9,5838523,block_result,1,97A70995F7CE1383720D881B3AAA996A68523884DF7365A9875D1F45333F0472,6,0,7,0,1,osmo18n33ywygvrrzqspewsh7f5c4dkp00le0mjxfr8,genesis18n33ywygvrrzqspewsh7f5c4dkp00le0dqp03q,9114339760149936495,ibc/F16FDC11A7662B86BC0B9CE61871CBACF7C20606F95E86260FD38915184B75B4,transfer/channel-253/el1,,channel-253,channel-1,connection-1539,758,1.717544958183978E9
5827160|1|19|0|7|1,1.66199061361E9,5827160,block_result,1,6CDBBD788E4A740D40418F690E06C03240083AB66F7C5E264A556FB241473E60,19,0,7,0,1,osmo1fqw737clwwwe6l04gk6q03xutq37knm2v39d2x,genesis1fqw737clwwwe6l04gk6q03xutq37knm26rztcp,2640169107673379090,ibc/F16FDC11A7662B86BC0B9CE61871CBACF7C20606F95E86260FD38915184B75B4,transfer/channel-253/el1,,channel-253,channel-1,connection-1539,755,1.717540084030328E9
5832751|1|17|0|7|1,1.662024855836E9,5832751,block_result,1,5D5CA8A58702C89DCD98B09265885C88FCB91350EB411E275C3B2C17BF03E9F5,17,0,7,0,1,osmo1kmu7g26zm0ptn0tfe8eph429k3snnc7kghjptg,genesis1kmu7g26zm0ptn0tfe8eph429k3snnc7k7948e0,10999869999999870000,ibc/F16FDC11A7662B86BC0B9CE61871CBACF7C20606F95E86260FD38915184B75B4,transfer/channel-253/el1,,channel-253,channel-1,connection-1539,757,1.717538988136764E9
6022416|1|1|0|7|1,1.663191008799E9,6022416,block_result,1,B6B82C6A85C7C2E5B7BFB28D0D9347D325475DE55D817F2331C75403AC5FB28F,1,0,7,0,1,osmo163ndtplrrpkh2faf2c0y6t9v86llx86q6spzwl,genesis163ndtplrrpkh2faf2c0y6t9v86llx86qvzxyuc,7486547598355429,ibc/F16FDC11A7662B86BC0B9CE61871CBACF7C20606F95E86260FD38915184B75B4,transfer/channel-253/el1,,channel-253,channel-1,connection-1539,819,1.71753997289774E9
6014311|1|2|0|7|1,1.663141023983E9,6014311,block_result,1,827FB1FF5F3DF4D48722EDB8043960338CC724A812122B00DBA0B0E36DF23AC3,2,0,7,0,1,osmo1nd86lwg7se890hau65eeq6ru9cxunc53wxeux0,genesis1nd86lwg7se890hau65eeq6ru9cxunc53c5765g,9458429135746473758,ibc/F16FDC11A7662B86BC0B9CE61871CBACF7C20606F95E86260FD38915184B75B4,transfer/channel-253/el1,,channel-253,channel-1,connection-1539,818,1.717532932943533E9
6022528|1|8|0|7|1,1.663191692749E9,6022528,block_result,1,1323E04819EBE2296E14E35F0BE800BE3CDD16B741B619BB87BF6530AF2094B1,8,0,7,0,1,osmo1xt8gjx303p0egj0cqzccaycumhesuvda3twa8k,genesis1xt8gjx303p0egj0cqzccaycumhesuvda8efm43,10900000000000000000,ibc/F16FDC11A7662B86BC0B9CE61871CBACF7C20606F95E86260FD38915184B75B4,transfer/channel-253/el1,,channel-253,channel-1,connection-1539,820,1.717540880621257E9
6011868|1|18|0|7|1,1.66312614449E9,6011868,block_result,1,00219ED3482960937B005FF883B122C1E3B0E1346BC744ACDD1F405A1F6D987E,18,0,7,0,1,osmo1m9wr2ey7lh3l7h4grvfty96zfdtjvwz3yen28w,genesis1m9wr2ey7lh3l7h4grvfty96zfdtjvwz3jt5v4f,7000000000000209775,ibc/F16FDC11A7662B86BC0B9CE61871CBACF7C20606F95E86260FD38915184B75B4,transfer/channel-253/el1,,channel-253,channel-1,connection-1539,817,1.717532515739937E9
71165084|1|0|0|9|1,1.790170636156E9,71165084,block_result,1,6A8BF62992C039082EF87A6898C7E0D0757DFE7E7FB6F4BFF1F76311FEFD2303,0,0,9,0,1,osmo1c95984pds84l09d9z6v8g77l96hslr0f90427q,genesis1c95984pds84l09d9z6v8g77l96hslr0fnajvv8,811775272380351089318,ibc/F16FDC11A7662B86BC0B9CE61871CBACF7C20606F95E86260FD38915184B75B4,transfer/channel-253/el1,,channel-253,channel-1,connection-1539,2003,1.790170639611E9
71160616|1|0|0|9|1,1.790164831071E9,71160616,block_result,1,A79AF79F0A1E84FFCA93BFC999894D4768A15F05A3C22DCBEEF32FE3D4923442,0,0,9,0,1,osmo1c95984pds84l09d9z6v8g77l96hslr0f90427q,genesis1c95984pds84l09d9z6v8g77l96hslr0fnajvv8,7703940610026246551,ibc/F16FDC11A7662B86BC0B9CE61871CBACF7C20606F95E86260FD38915184B75B4,transfer/channel-253/el1,,channel-253,channel-1,connection-1539,1999,1.790164834965E9
71165141|1|5|0|9|1,1.790170708563E9,71165141,block_result,1,01DC028A314139D95FD9820F81A9323B9A4C6BB29F3D3A157E82565D57596FD3,5,0,9,0,1,osmo1kchq6hwcxykm847jugaf5c6x7aqvz4k9rrcl2w,genesis1jk3v4z3v34vfdkjn7yvve7fwdf8acyr5tydw22,1560000000000000000000,ibc/F16FDC11A7662B86BC0B9CE61871CBACF7C20606F95E86260FD38915184B75B4,transfer/channel-253/el1,,channel-253,channel-1,connection-1539,2004,1.790170713839E9
71164953|1|4|0|9|1,1.790170463643E9,71164953,block_result,1,F4399CE9CBE35C0C7DCB2EDB0D23055B25285D0BE58248D9037568846F9FC684,4,0,9,0,1,osmo1kchq6hwcxykm847jugaf5c6x7aqvz4k9rrcl2w,genesis1jk3v4z3v34vfdkjn7yvve7fwdf8acyr5tydw22,3280000000000000000000,ibc/F16FDC11A7662B86BC0B9CE61871CBACF7C20606F95E86260FD38915184B75B4,transfer/channel-253/el1,,channel-253,channel-1,connection-1539,2002,1.790170469056E9
71153007|1|0|0|9|1,1.790155058252E9,71153007,block_result,1,8C47CAA6623B804F9222AED52EDACC4FCB9884F5ADB75415CA5BB8D9BC779181,0,0,9,0,1,osmo1jx7zl2c9h4cfneffd023fz9320y9pqquj0z8hz,genesis1jx7zl2c9h4cfneffd023fz9320y9pqquya9p99,4000000000000000000,ibc/F16FDC11A7662B86BC0B9CE61871CBACF7C20606F95E86260FD38915184B75B4,transfer/channel-253/el1,,channel-253,channel-1,connection-1539,1997,1.790155063352E9
71164807|1|0|0|9|1,1.790170276326E9,71164807,block_result,1,339E07DF566B5AD65A52743599D65E3A9DA3E20AA6B90214ACC0BF3EF5D99831,0,0,9,0,1,osmo1srgysthmuqpw4f6qsrektu2glj59hz6lt44dyp,genesis1srgysthmuqpw4f6qsrektu2glj59hz6la8jtkx,4500000000000000000000,ibc/F16FDC11A7662B86BC0B9CE61871CBACF7C20606F95E86260FD38915184B75B4,transfer/channel-253/el1,,channel-253,channel-1,connection-1539,2000,1.790170278922E9
71140242|1|0|0|9|1,1.790138675487E9,71140242,block_result,1,A79B430783C650F2DC3385D97F7F9A79BA27577A1145D08B826A7FB76D4450DD,0,0,9,0,1,osmo1srgysthmuqpw4f6qsrektu2glj59hz6lt44dyp,genesis1srgysthmuqpw4f6qsrektu2glj59hz6la8jtkx,5000000000000000000000,ibc/F16FDC11A7662B86BC0B9CE61871CBACF7C20606F95E86260FD38915184B75B4,transfer/channel-253/el1,,channel-253,channel-1,connection-1539,1996,1.79013867812E9
71164837|1|0|0|9|1,1.790170313566E9,71164837,block_result,1,A5C7838BD0E14C6FA09D97D413558F369451107B40502821B78A9F39B2A3DF36,0,0,9,0,1,osmo1srgysthmuqpw4f6qsrektu2glj59hz6lt44dyp,genesis1srgysthmuqpw4f6qsrektu2glj59hz6la8jtkx,4000000000000000000000,ibc/F16FDC11A7662B86BC0B9CE61871CBACF7C20606F95E86260FD38915184B75B4,transfer/channel-253/el1,,channel-253,channel-1,connection-1539,2001,1.790170316021E9
71186735|1|1|0|9|1,1.790198908502E9,71186735,block_result,1,753F5A454660BD45B20A273169A723A8D2129D682AAB3E167AD236C82D438900,1,0,9,0,1,osmo1srgysthmuqpw4f6qsrektu2glj59hz6lt44dyp,genesis1srgysthmuqpw4f6qsrektu2glj59hz6la8jtkx,6000000000000000000000,ibc/F16FDC11A7662B86BC0B9CE61871CBACF7C20606F95E86260FD38915184B75B4,transfer/channel-253/el1,,channel-253,channel-1,connection-1539,2005,1.790198913645E9
71160515|1|0|0|9|1,1.790164701432E9,71160515,block_result,1,A13A052DBFC6ED3C2E7DAD6806AF3819F96E8D8C3F2AB66622E685B51AA05B0F,0,0,9,0,1,osmo1srgysthmuqpw4f6qsrektu2glj59hz6lt44dyp,genesis1srgysthmuqpw4f6qsrektu2glj59hz6la8jtkx,5000000000000000000000,ibc/F16FDC11A7662B86BC0B9CE61871CBACF7C20606F95E86260FD38915184B75B4,transfer/channel-253/el1,,channel-253,channel-1,connection-1539,1998,1.790164703681E9
7277854|1|2|0|7|1,1.670720288154E9,7277854,block_result,1,EA18477EBBB255D5C585720A5C80C470714F0B76DAB8C930852400036667D932,2,0,7,0,1,osmo182lpnqqq0umc07hut7xp7j23k32ss3pa9pltx0,genesis182lpnqqq0umc07hut7xp7j23k32ss3panncd5g,51042841115342316519713,ibc/F16FDC11A7662B86BC0B9CE61871CBACF7C20606F95E86260FD38915184B75B4,transfer/channel-253/el1,,channel-253,channel-1,connection-1539,1058,1.717497252446726E9
7287740|1|10|0|7|1,1.670777100209E9,7287740,block_result,1,BD10464BC998647BA69A9618E601929A850B621CE404858A7A29DC386144602E,10,0,7,0,1,osmo19l9wsymdh3mp7munzrlk8rs03ttnu2uaujyktu,genesis19l9wsymdh3mp7munzrlk8rs03ttnu2ua2qrsem,880061414936775963,ibc/F16FDC11A7662B86BC0B9CE61871CBACF7C20606F95E86260FD38915184B75B4,transfer/channel-253/el1,,channel-253,channel-1,connection-1539,1060,1.7174976848184E9
7285979|1|13|0|7|1,1.670766972255E9,7285979,block_result,1,7DE27D49A3B8F5BFCF3C09AA0BC31DDFCB610C732C6794E7C92EF6C697BCD538,13,0,7,0,1,osmo1c9mkft0d3sdjm3us883270veuww7qe3y587n8r,genesis1c9mkft0d3sdjm3us883270veuww7qe3yz4e44y,247528101830789294055,ibc/F16FDC11A7662B86BC0B9CE61871CBACF7C20606F95E86260FD38915184B75B4,transfer/channel-253/el1,,channel-253,channel-1,connection-1539,1059,1.71749689708903E9
7290660|1|17|0|7|1,1.670794506413E9,7290660,block_result,1,66AFA795BDFFF815394DBA80F1C1D31E6CBE66883BE3D416BB5D9FF23F2EEB09,17,0,7,0,1,osmo1p72xfy6scz0f9je8sj5mqcx262jcf3yj4relr7,genesis1p72xfy6scz0f9je8sj5mqcx262jcf3yjr37e3e,12668594039321348390,ibc/F16FDC11A7662B86BC0B9CE61871CBACF7C20606F95E86260FD38915184B75B4,transfer/channel-253/el1,,channel-253,channel-1,connection-1539,1061,1.717497162787456E9
4961979|1|2|0|7|1,1.656609379481E9,4961979,block_result,1,88162809408817BB7E7622E5E5F9CF9155346F739795C9F290508EB5580E2FC1,2,0,7,0,1,osmo1jpxd6eatnkpw04d6fkzc9n3pmfdx0a35lajpsw,genesis1jpxd6eatnkpw04d6fkzc9n3pmfdx0a35f048zf,10700000000000000000,ibc/F16FDC11A7662B86BC0B9CE61871CBACF7C20606F95E86260FD38915184B75B4,transfer/channel-253/el1,,channel-253,channel-1,connection-1539,354,1.717573626670581E9
4952823|1|2|0|7|1,1.656552441699E9,4952823,block_result,1,301C46A2464F951198E781C50C9D3EFF4B2C826823FDE87E9D9CB9AEC795ACA1,2,0,7,0,1,osmo1yqvxyhzqd4e6mg6hhd0x08jr5yg6mdzjk95q9c,genesis1yqvxyhzqd4e6mg6hhd0x08jr5yg6mdzjqhnxhl,1000000000000000000,ibc/F16FDC11A7662B86BC0B9CE61871CBACF7C20606F95E86260FD38915184B75B4,transfer/channel-253/el1,,channel-253,channel-1,connection-1539,352,1.71757361789326E9
4962443|1|3|0|7|1,1.656612694877E9,4962443,block_result,1,DB7304325B9E4F0D132E053A583D43CD6452D801F017DCDEA6EA149CF0CB3987,3,0,7,0,1,osmo16jexsf558vvdwwl2cfj0mzr4x63xjpac5cs9rv,genesis16jexsf558vvdwwl2cfj0mzr4x63xjpacz2hr3t,7238804431942992665,ibc/F16FDC11A7662B86BC0B9CE61871CBACF7C20606F95E86260FD38915184B75B4,transfer/channel-253/el1,,channel-253,channel-1,connection-1539,355,1.71759400979778E9
4964622|1|7|0|7|1,1.656626274662E9,4964622,block_result,1,45F98C90C4133F045B1864FC61BDBD20BB40DE545F69FB333F5DC3FCBD1ABD81,7,0,7,0,1,osmo1aq4usrgpgre72zlfp4lzqjtqyrqhpmskpdykdc,genesis1aq4usrgpgre72zlfp4lzqjtqyrqhpmskhlrsll,10000000000000000000,ibc/F16FDC11A7662B86BC0B9CE61871CBACF7C20606F95E86260FD38915184B75B4,transfer/channel-253/el1,,channel-253,channel-1,connection-1539,356,1.717593763718777E9
4961426|1|9|0|7|1,1.65660594462E9,4961426,block_result,1,457B26A1A54A5989E11343495E31487D004131753AF00664D2B04CE7D19E750A,9,0,7,0,1,osmo1f20ldd6ulwlmmqzhux3l687p479wf9z6aaxn2d,genesis1f20ldd6ulwlmmqzhux3l687p479wf9z6t0p4c2,9000000000000000000,ibc/F16FDC11A7662B86BC0B9CE61871CBACF7C20606F95E86260FD38915184B75B4,transfer/channel-253/el1,,channel-253,channel-1,connection-1539,353,1.717573428726203E9
6490770|1|1|0|7|1,1.666061195225E9,6490770,block_result,1,03336588BB6471F519F4207D7C8DF2F975BB53B3FD2398AD12B605C8E9A2C107,1,0,7,0,1,osmo19l9wsymdh3mp7munzrlk8rs03ttnu2uaujyktu,genesis19l9wsymdh3mp7munzrlk8rs03ttnu2ua2qrsem,55470274234731245315,ibc/F16FDC11A7662B86BC0B9CE61871CBACF7C20606F95E86260FD38915184B75B4,transfer/channel-253/el1,,channel-253,channel-1,connection-1539,953,1.717525223679579E9
6497200|1|2|0|7|1,1.666099405904E9,6497200,block_result,1,5E84C7360E7E18A58DF6F123B28490BF98432AF8BF81E109208B3EBECA804869,2,0,7,0,1,osmo1u26l6ky9nsyw8ltryd3cwq82tnfx8z62j0xgav,genesis1u26l6ky9nsyw8ltryd3cwq82tnfx8z62yapw0t,160795957709954084641,ibc/F16FDC11A7662B86BC0B9CE61871CBACF7C20606F95E86260FD38915184B75B4,transfer/channel-253/el1,,channel-253,channel-1,connection-1539,955,1.717514524424275E9
6490727|1|5|0|7|1,1.666060943316E9,6490727,block_result,1,4D074AD8FB3B9398F4F000ACB1C37025AF899F97F839AFA06B200F1FC643B65F,5,0,7,0,1,osmo1snnphc4n9d2cpfg0a8w3d3qmt8sh7ha4dnzt6v,genesis1snnphc4n9d2cpfg0a8w3d3qmt8sh7ha4mp9dgt,40032377022485125911,ibc/F16FDC11A7662B86BC0B9CE61871CBACF7C20606F95E86260FD38915184B75B4,transfer/channel-253/el1,,channel-253,channel-1,connection-1539,952,1.717525195568075E9
6495128|1|7|0|7|1,1.666087107784E9,6495128,block_result,1,E3A1FC39A6977B349939276C5D74BADC6565723DB2422FAFD9510803B3860D7D,7,0,7,0,1,osmo1qnlxnneluedfg3lusv8r36t5c0s4r2p0dlsn28,genesis1qnlxnneluedfg3lusv8r36t5c0s4r2p0mdh4cq,55000000000000000000,ibc/F16FDC11A7662B86BC0B9CE61871CBACF7C20606F95E86260FD38915184B75B4,transfer/channel-253/el1,,channel-253,channel-1,connection-1539,954,1.717525100987221E9
6499370|1|14|0|7|1,1.666112317654E9,6499370,block_result,1,B1F9125FF6403132604280B31BCD30C556465580562F44830184C3D09D875C95,14,0,7,0,1,osmo1c9tpxanexwfmrj5ywf282rvnw29vlesepdg79a,genesis1c9tpxanexwfmrj5ywf282rvnw29vlesehl0ch6,600000000000000000000,ibc/F16FDC11A7662B86BC0B9CE61871CBACF7C20606F95E86260FD38915184B75B4,transfer/channel-253/el1,,channel-253,channel-1,connection-1539,956,1.717525080238186E9
6490689|1|15|0|7|1,1.666060712068E9,6490689,block_result,1,9AFA5D237E089998784325176A41AE188D52AE9BDEF7E9A4AE7024F068E2D8D0,15,0,7,0,1,osmo19xdmlygyfk69fpceeh8frcvspa4nkxzluvmdrj,genesis19xdmlygyfk69fpceeh8frcvspa4nkxzl27ut34,204081617553581650071,ibc/F16FDC11A7662B86BC0B9CE61871CBACF7C20606F95E86260FD38915184B75B4,transfer/channel-253/el1,,channel-253,channel-1,connection-1539,951,1.717525248589576E9
6410369|1|5|0|7|1,1.665580347801E9,6410369,block_result,1,2986D03D446DCD64AE819422A155F626D7A5D6209384B640DEC7CF4F747605F6,5,0,7,0,1,osmo182lpnqqq0umc07hut7xp7j23k32ss3pa9pltx0,genesis182lpnqqq0umc07hut7xp7j23k32ss3panncd5g,3139292134113354744543,ibc/F16FDC11A7662B86BC0B9CE61871CBACF7C20606F95E86260FD38915184B75B4,transfer/channel-253/el1,,channel-253,channel-1,connection-1539,925,1.717527504315972E9
45687754|1|0|0|9|1,1.759805375745E9,45687754,block_result,1,A0A311BB17DE3B934CFED1B7E0E082E053990CA972E27D3202521EE502279526,0,0,9,0,1,osmo1ag940t2gd4sn0wey7xgfjl83x2t5v62m6629pc,genesis1ag940t2gd4sn0wey7xgfjl83x2t5v62mvgdrnl,10000000000000000000,ibc/F16FDC11A7662B86BC0B9CE61871CBACF7C20606F95E86260FD38915184B75B4,transfer/channel-253/el1,,channel-253,channel-1,connection-1539,1513,1.759805378753974E9
8454448|1|14|0|7|1,1.677402712068E9,8454448,block_result,1,BD00DA4997620AB01F2999404C91C052B960B7429DCFDDE38FEEECB86942A2AF,14,0,7,0,1,osmo12eqnft0nryx0qp75nhmdawcsv9mdhceju3yf47,genesis12eqnft0nryx0qp75nhmdawcsv9mdhcej2rr08e,26584808239203988905,ibc/F16FDC11A7662B86BC0B9CE61871CBACF7C20606F95E86260FD38915184B75B4,transfer/channel-253/el1,,channel-253,channel-1,connection-1539,1160,1.717467495682183E9
8455111|1|2|0|7|1,1.677406449686E9,8455111,block_result,1,670B27CF544654FBB3F8BA59001B0872EAE788D16A86E4792CFE7E339768C2CC,2,0,7,0,1,osmo1vgu6mpatup4hsyt463mdkac4a6n7qh30laksq4,genesis1vgu6mpatup4hsyt463mdkac4a6n7qh30f03kjj,15697733624942832040,ibc/F16FDC11A7662B86BC0B9CE61871CBACF7C20606F95E86260FD38915184B75B4,transfer/channel-253/el1,,channel-253,channel-1,connection-1539,1161,1.717467081320165E9
47241722|1|0|0|9|1,1.761717175803E9,47241722,block_result,1,0BD32A87F12FE07D17EB40C14DB48DA7653A12633DB5C62E9A81FEB2DA035AFE,0,0,9,0,1,osmo1u57ekxxqsjrqe4k9yucv786tvc6yjj265a4cqm,genesis1u57ekxxqsjrqe4k9yucv786tvc6yjj26z0j7ju,1000000000000000000000,ibc/F16FDC11A7662B86BC0B9CE61871CBACF7C20606F95E86260FD38915184B75B4,transfer/channel-253/el1,,channel-253,channel-1,connection-1539,1514,1.76171717841346E9
9345769|1|4|0|7|1,1.68248377906E9,9345769,block_result,1,815BF8B013F818B3EBD6A90A8904D44EA51B170A9BB5176298D91642DD1CCEC8,4,0,7,0,1,osmo103verdnv4pzztty50ua7gs5gj25l2gwu3jq0h2,genesis103verdnv4pzztty50ua7gs5gj25l2gwu8q8f9d,714877715787955683,ibc/F16FDC11A7662B86BC0B9CE61871CBACF7C20606F95E86260FD38915184B75B4,transfer/channel-253/el1,,channel-253,channel-1,connection-1539,1250,1.717444956345093E9
39841253|1|0|0|9|1,1.752564626418E9,39841253,block_result,1,26FBE0CEC42803A37F79AB019A8DE35E1D08C4E9985110F801ABB7C284AD6B8F,0,0,9,0,1,osmo16aypymlama0lk5s8c9s30s09eacpvwnav7ewjv,genesis1h4lx8cm0vnrrahjjfgsjp79jjnyspy6w7ehrxd,61800000000000000000000,ibc/F16FDC11A7662B86BC0B9CE61871CBACF7C20606F95E86260FD38915184B75B4,transfer/channel-253/el1,,channel-253,channel-1,connection-1539,1501,1.752564629996627E9
5853417|1|3|0|7|1,1.662152277461E9,5853417,block_result,1,0467A431A6AEDD2EFE0F3D7565315D53722F5F6E7FE1C97219B991384929275E,3,0,7,0,1,osmo13uup3md785lsd74aws4hx2et052mferw8n6yat,genesis13uup3md785lsd74aws4hx2et052mferw3paz0v,437024053603936345965,ibc/F16FDC11A7662B86BC0B9CE61871CBACF7C20606F95E86260FD38915184B75B4,transfer/channel-253/el1,,channel-253,channel-1,connection-1539,761,1.717538322913057E9
5851110|1|31|0|7|1,1.662137622729E9,5851110,block_result,1,F3D4CA8621F54A381BF39BD4346E22FC24E055D582740EB27002B54DAAE1AB61,31,0,7,0,1,osmo163ndtplrrpkh2faf2c0y6t9v86llx86q6spzwl,genesis163ndtplrrpkh2faf2c0y6t9v86llx86qvzxyuc,10617295769073738,ibc/F16FDC11A7662B86BC0B9CE61871CBACF7C20606F95E86260FD38915184B75B4,transfer/channel-253/el1,,channel-253,channel-1,connection-1539,760,1.71753822252516E9
5848673|1|33|0|7|1,1.662122750068E9,5848673,block_result,1,3E5AF14CF6D34443176278FDBB6C4978E14C3A6DFA84E10FB1330B6580E2F380,33,0,7,0,1,osmo163ndtplrrpkh2faf2c0y6t9v86llx86q6spzwl,genesis163ndtplrrpkh2faf2c0y6t9v86llx86qvzxyuc,37014465070614996,ibc/F16FDC11A7662B86BC0B9CE61871CBACF7C20606F95E86260FD38915184B75B4,transfer/channel-253/el1,,channel-253,channel-1,connection-1539,759,1.717538241649882E9
5185501|1|14|0|7|1,1.658007495403E9,5185501,block_result,1,769D7988EB87F660C2258F2D6CD371ED729B8992F94CF751553A0F1084A898C8,14,0,7,0,1,osmo1fr4dse2hghkw2sd3ve4mm4kml76km97xukjzhc,genesis1fr4dse2hghkw2sd3ve4mm4kml76km97x2y4y9l,10999869999999870000,ibc/F16FDC11A7662B86BC0B9CE61871CBACF7C20606F95E86260FD38915184B75B4,transfer/channel-253/el1,,channel-253,channel-1,connection-1539,408,1.717584148620626E9
5185921|1|33|0|7|1,1.658010110482E9,5185921,block_result,1,F4CD81ABA249E7F2177D6D6DC2103C634490C33BEC448AD10E3B27A0A6445B0B,33,0,7,0,1,osmo1fr4dse2hghkw2sd3ve4mm4kml76km97xukjzhc,genesis1fr4dse2hghkw2sd3ve4mm4kml76km97x2y4y9l,815264558624697136978,ibc/F16FDC11A7662B86BC0B9CE61871CBACF7C20606F95E86260FD38915184B75B4,transfer/channel-253/el1,,channel-253,channel-1,connection-1539,409,1.717565025995989E9
5182648|1|13|0|7|1,1.657989302224E9,5182648,block_result,1,C7F7E5DD12D47F685E6ADB004F765D6A1848C6DBDC0E105A9584580F4B7D070C,13,0,7,0,1,osmo1s84q7zy0a0f7dchrpj2fk89gyglkwm2eqrzwxu,genesis1s84q7zy0a0f7dchrpj2fk89gyglkwm2ek39g5m,14331627360258953635,ibc/F16FDC11A7662B86BC0B9CE61871CBACF7C20606F95E86260FD38915184B75B4,transfer/channel-253/el1,,channel-253,channel-1,connection-1539,407,1.717584166577453E9
5174271|1|6|0|7|1,1.657937185374E9,5174271,block_result,1,09DB396FE397262E22B55CDC83187D541430BEF48F45A139115F87E43E4C5FEA,6,0,7,0,1,osmo1s84q7zy0a0f7dchrpj2fk89gyglkwm2eqrzwxu,genesis1s84q7zy0a0f7dchrpj2fk89gyglkwm2ek39g5m,2641437972920279007,ibc/F16FDC11A7662B86BC0B9CE61871CBACF7C20606F95E86260FD38915184B75B4,transfer/channel-253/el1,,channel-253,channel-1,connection-1539,405,1.717565055868585E9
5180769|1|5|0|7|1,1.657977618989E9,5180769,block_result,1,17E1617507F4AAA75D22FE68E3A83B7288D325FE2944F486A51AC17A15583A54,5,0,7,0,1,osmo1v2z9rwxt5y98pnrs6ryhqp08ay5azzvmw92wnm,genesis1v2z9rwxt5y98pnrs6ryhqp08ay5azzvmchdgpu,22384000000000000000000,ibc/F16FDC11A7662B86BC0B9CE61871CBACF7C20606F95E86260FD38915184B75B4,transfer/channel-253/el1,,channel-253,channel-1,connection-1539,406,1.717584194405708E9
39779476|1|0|0|9|1,1.752487268093E9,39779476,block_result,1,6DE66F2635057E80CD25395852967763F9D6BDE950CE0958909F221A959000B6,0,0,9,0,1,osmo1wfw3cdg5uvt0r5lawxr300lpthj48wx23f9y2q,genesis1wfw3cdg5uvt0r5lawxr300lpthj48wx28mzzc8,1050416600000000000,ibc/F16FDC11A7662B86BC0B9CE61871CBACF7C20606F95E86260FD38915184B75B4,transfer/channel-253/el1,,channel-253,channel-1,connection-1539,1500,1.75248727089778E9
7066690|1|3|0|7|1,1.669485030088E9,7066690,block_result,1,3F0F8E2428C0A84A00B5E0DF92EEA652F8EAF672F3F7CBA62F725AAE77106621,3,0,7,0,1,osmo1ag940t2gd4sn0wey7xgfjl83x2t5v62m6629pc,genesis1ag940t2gd4sn0wey7xgfjl83x2t5v62mvgdrnl,5400000000000000000000,ibc/F16FDC11A7662B86BC0B9CE61871CBACF7C20606F95E86260FD38915184B75B4,transfer/channel-253/el1,,channel-253,channel-1,connection-1539,1045,1.717508398722866E9
7055923|1|0|0|7|1,1.669421866399E9,7055923,block_result,1,88675399853A627348D357DACF1F7FA54D95FAE8AB1FCC856C1C086788A50EE9,0,0,7,0,1,osmo1gett53d9e38gj0t3cxq8ew3hkge7s6kpupmyt9,genesis1gett53d9e38gj0t3cxq8ew3hkge7s6kp2nuzez,10000000000000000000,ibc/F16FDC11A7662B86BC0B9CE61871CBACF7C20606F95E86260FD38915184B75B4,transfer/channel-253/el1,,channel-253,channel-1,connection-1539,1043,1.717508681668478E9
7061055|1|6|0|7|1,1.66945165628E9,7061055,block_result,1,CA73777915362449903BFE28B1BE73C043162ECD9865D961C422574099E155B6,6,0,7,0,1,osmo1p59gee55s8gu5j05ejxvr56elv2pewtvl35lzt,genesis1p59gee55s8gu5j05ejxvr56elv2pewtvfrnesv,364071600079410473524,ibc/F16FDC11A7662B86BC0B9CE61871CBACF7C20606F95E86260FD38915184B75B4,transfer/channel-253/el1,,channel-253,channel-1,connection-1539,1044,1.717508529081636E9
8864754|1|3|0|7|1,1.679737713999E9,8864754,block_result,1,C91C9DFABA3AA61F96FC94FEF019AD1884643864EF5E2C2EB5285F49D92F4D4D,3,0,7,0,1,osmo1qq84kujmpk23m9cfcs0wzmdrxadsy6v4fneydh,genesis1qq84kujmpk23m9cfcs0wzmdrxadsy6v4lp7zls,10500000000000000000,ibc/F16FDC11A7662B86BC0B9CE61871CBACF7C20606F95E86260FD38915184B75B4,transfer/channel-253/el1,,channel-253,channel-1,connection-1539,1207,1.717456542344814E9
8863248|1|0|0|7|1,1.679729146879E9,8863248,block_result,1,2EE3474F16B2D30D994C40AB2E1E5295F4BF9EE5AD061D86F750AB3FFE359960,0,0,7,0,1,osmo1s8nzgwexdz8laux65600tkq6mq8pr6h5tftmat,genesis1s8nzgwexdz8laux65600tkq6mq8pr6h5amva0v,71686990464445586602,ibc/F16FDC11A7662B86BC0B9CE61871CBACF7C20606F95E86260FD38915184B75B4,transfer/channel-253/el1,,channel-253,channel-1,connection-1539,1206,1.717456558958842E9
8073451|1|39|0|7|1,1.675257327406E9,8073451,block_result,1,68C5896B42898D90304D18C1AC98329F055693F94F863AA343D7C40E2DAD631B,39,0,7,0,1,osmo1d8754xqa9245pctlfcyv8eah468neqzn64g887,genesis1qn8sr2hzmktlecusdtxj9hwj0upnm0jfklsk83,31891504382227783541219,ibc/F16FDC11A7662B86BC0B9CE61871CBACF7C20606F95E86260FD38915184B75B4,transfer/channel-253/el1,,channel-253,channel-1,connection-1539,1130,1.717477479719028E9
8073366|1|23|0|7|1,1.675256859824E9,8073366,block_result,1,47065D4C2EA51BA78F781FB5B1E58105B50DDB9002443E5828C10204F4CCF3C1,23,0,7,0,1,osmo1qn8sr2hzmktlecusdtxj9hwj0upnm0jfqdhs4k,genesis1qn8sr2hzmktlecusdtxj9hwj0upnm0jfklsk83,14584705844657052170524,ibc/F16FDC11A7662B86BC0B9CE61871CBACF7C20606F95E86260FD38915184B75B4,transfer/channel-253/el1,,channel-253,channel-1,connection-1539,1129,1.717477481794826E9
69565984|1|14|0|9|1,1.788089945489E9,69565984,block_result,1,0DC531B9437A08E40F5D42EA0A893BF03D88685EC9C5EC2EE9CAC3BB82DFF3B7,14,0,9,0,1,osmo1kchq6hwcxykm847jugaf5c6x7aqvz4k9rrcl2w,genesis1jk3v4z3v34vfdkjn7yvve7fwdf8acyr5tydw22,2114000000000000000000,ibc/F16FDC11A7662B86BC0B9CE61871CBACF7C20606F95E86260FD38915184B75B4,transfer/channel-253/el1,,channel-253,channel-1,connection-1539,1951,1.788089947958E9
69565561|1|0|0|9|1,1.788089394635E9,69565561,block_result,1,AACDC8DBD5EA06BDF83E85D898F253C83F6EEA32E27467644DE720D9B41D6F22,0,0,9,0,1,osmo1srgysthmuqpw4f6qsrektu2glj59hz6lt44dyp,genesis1srgysthmuqpw4f6qsrektu2glj59hz6la8jtkx,7500000000000000000000,ibc/F16FDC11A7662B86BC0B9CE61871CBACF7C20606F95E86260FD38915184B75B4,transfer/channel-253/el1,,channel-253,channel-1,connection-1539,1950,1.788089397023E9
69559860|1|1|0|9|1,1.788081972899E9,69559860,block_result,1,835798B888741066946142B4B29B3C37DD06F576ABCE49D36A71620FF048DA83,1,0,9,0,1,osmo1srgysthmuqpw4f6qsrektu2glj59hz6lt44dyp,genesis1srgysthmuqpw4f6qsrektu2glj59hz6la8jtkx,5000000000000000000000,ibc/F16FDC11A7662B86BC0B9CE61871CBACF7C20606F95E86260FD38915184B75B4,transfer/channel-253/el1,,channel-253,channel-1,connection-1539,1949,1.78808197854E9
69589597|1|2|0|9|1,1.788120653883E9,69589597,block_result,1,430CC72C2875B49482C640012D73365851ECE6A69DA4732336A3A59D5D3057F3,2,0,9,0,1,osmo1srgysthmuqpw4f6qsrektu2glj59hz6lt44dyp,genesis1srgysthmuqpw4f6qsrektu2glj59hz6la8jtkx,6500000000000000000000,ibc/F16FDC11A7662B86BC0B9CE61871CBACF7C20606F95E86260FD38915184B75B4,transfer/channel-253/el1,,channel-253,channel-1,connection-1539,1952,1.788120656328E9
66827065|1|1|0|9|1,1.784651879196E9,66827065,block_result,1,A7585F2A6207348299B8F2A898ABBE17AADC59C3F95EB5DB0E49C0AE3359F384,1,0,9,0,1,osmo12wgfhlj6xd9lnnp564kdetsgf4jark9cszx07u,genesis1r9sqeje2ppw9kva5x6j34kxh9npu2k0z2nchk9,36615000000000000000000,ibc/F16FDC11A7662B86BC0B9CE61871CBACF7C20606F95E86260FD38915184B75B4,transfer/channel-253/el1,,channel-253,channel-1,connection-1539,1759,1.784651882937E9
30530779|1|5|0|9|1,1.740749715641E9,30530779,block_result,1,E8319C884998A42A51F82F2C6B86962C420609F49DFA257EC26217B10ECB7B4F,5,0,9,0,1,osmo1hauvj3muyuswsfn5hc4cqj3zmwe6y33ls3093z,genesis1hauvj3muyuswsfn5hc4cqj3zmwe6y33lxrgrr9,10000000000000000000,ibc/F16FDC11A7662B86BC0B9CE61871CBACF7C20606F95E86260FD38915184B75B4,transfer/channel-253/el1,,channel-253,channel-1,connection-1539,1434,1.741368534337376E9
30530888|1|14|0|9|1,1.740749856116E9,30530888,block_result,1,83C639C6B26DA3A56CB776CBD78BB14B41E3D1BA3AFE54DBBB9180B00F0CA55B,14,0,9,0,1,osmo1hauvj3muyuswsfn5hc4cqj3zmwe6y33ls3093z,genesis1hauvj3muyuswsfn5hc4cqj3zmwe6y33lxrgrr9,314217021966603039616,ibc/F16FDC11A7662B86BC0B9CE61871CBACF7C20606F95E86260FD38915184B75B4,transfer/channel-253/el1,,channel-253,channel-1,connection-1539,1435,1.741368517725615E9
5908221|1|19|0|7|1,1.662490387563E9,5908221,block_result,1,5B4FF1F865456F07CFBDABBA7184EAEB69D0A635EE80C8B12C6AFCB4A1AA247C,19,0,7,0,1,osmo16aypymlama0lk5s8c9s30s09eacpvwnav7ewjv,genesis16aypymlama0lk5s8c9s30s09eacpvwna6v7gqt,41674180241832239162,ibc/F16FDC11A7662B86BC0B9CE61871CBACF7C20606F95E86260FD38915184B75B4,transfer/channel-253/el1,,channel-253,channel-1,connection-1539,777,1.717543089914426E9
67193354|1|0|0|9|1,1.785093753765E9,67193354,block_result,1,FC63722897A680FE06F67DB40974D7593A0248B9A62A3EF1AC05556F3ACACE2B,0,0,9,0,1,osmo1g5tn2xq4m0ch0c7nxdr4usf08aqfnu2urxd2f3,genesis1g5tn2xq4m0ch0c7nxdr4usf08aqfnu2u452vmk,10000000000000000,ibc/F16FDC11A7662B86BC0B9CE61871CBACF7C20606F95E86260FD38915184B75B4,transfer/channel-253/el1,,channel-253,channel-1,connection-1539,1833,1.785093756076E9
67173439|1|0|0|9|1,1.785069821011E9,67173439,block_result,1,87E89D275F7BBA95FA0E7BE169ADA58E5B9E943DACF278FA497493EB9B949AD5,0,0,9,0,1,osmo1nzgxusarw7tn3w9pz9mtxplwu8jnwrhlgkppxv,genesis1nzgxusarw7tn3w9pz9mtxplwu8jnwrhl7yx85t,20000000000000000000,ibc/F16FDC11A7662B86BC0B9CE61871CBACF7C20606F95E86260FD38915184B75B4,transfer/channel-253/el1,,channel-253,channel-1,connection-1539,1831,1.785069824723E9
67171469|1|0|0|9|1,1.78506745815E9,67171469,block_result,1,8540DAFF62EA22F9C186455A918754917AB46B4DBAA462371D366059158C92EA,0,0,9,0,1,osmo1srgysthmuqpw4f6qsrektu2glj59hz6lt44dyp,genesis1srgysthmuqpw4f6qsrektu2glj59hz6la8jtkx,489038647327766507,ibc/F16FDC11A7662B86BC0B9CE61871CBACF7C20606F95E86260FD38915184B75B4,transfer/channel-253/el1,,channel-253,channel-1,connection-1539,1830,1.785067463316E9
67180415|1|0|0|9|1,1.785078207934E9,67180415,block_result,1,DF710A8C6892DB7F6D75487CE5698CF48C20A2103117C109F1CFF666DE1B27B8,0,0,9,0,1,osmo1srgysthmuqpw4f6qsrektu2glj59hz6lt44dyp,genesis1srgysthmuqpw4f6qsrektu2glj59hz6la8jtkx,584075765954684087881,ibc/F16FDC11A7662B86BC0B9CE61871CBACF7C20606F95E86260FD38915184B75B4,transfer/channel-253/el1,,channel-253,channel-1,connection-1539,1832,1.785078211315E9
67170257|1|0|0|9|1,1.785066005858E9,67170257,block_result,1,2263809DE5746C81F8F28FDF4C8FB1CFC6D74A6D74FADC3CD0592928473A9E64,0,0,9,0,1,osmo1srgysthmuqpw4f6qsrektu2glj59hz6lt44dyp,genesis1srgysthmuqpw4f6qsrektu2glj59hz6la8jtkx,831508523947029370276,ibc/F16FDC11A7662B86BC0B9CE61871CBACF7C20606F95E86260FD38915184B75B4,transfer/channel-253/el1,,channel-253,channel-1,connection-1539,1829,1.785066009361E9
6585874|1|1|0|7|1,1.666629706966E9,6585874,block_result,1,200912FE18548FD73B92835E51A11EBA13F3F273E7CDD3D07D1DECA23FE29E56,1,0,7,0,1,osmo1lymq2xq3dn6pyvpfc9hq8jd5960mlt65ctfwa6,genesis1nwxhmg73wf7uflmh8p8c4f207nhfwq82fs5k4k,10000000000000000000,ibc/F16FDC11A7662B86BC0B9CE61871CBACF7C20606F95E86260FD38915184B75B4,transfer/channel-253/el1,,channel-253,channel-1,connection-1539,972,1.717513131277919E9
6585418|1|1|0|7|1,1.666626971582E9,6585418,block_result,1,60FD65C812CE7902D15C1C00E03561CB1DFC7E55F8FFB69689BAC4FBFC9F551F,1,0,7,0,1,osmo1lymq2xq3dn6pyvpfc9hq8jd5960mlt65ctfwa6,genesis1nwxhmg73wf7uflmh8p8c4f207nhfwq82fs5k4k,50000000000000000000,ibc/F16FDC11A7662B86BC0B9CE61871CBACF7C20606F95E86260FD38915184B75B4,transfer/channel-253/el1,,channel-253,channel-1,connection-1539,970,1.717513147942389E9
6585881|1|3|0|7|1,1.666629749763E9,6585881,block_result,1,720BA03232A0CC48DE11D622209FD19682A7DF44184688B77F0F3CD10D9D0EFF,3,0,7,0,1,osmo1lymq2xq3dn6pyvpfc9hq8jd5960mlt65ctfwa6,genesis1nwxhmg73wf7uflmh8p8c4f207nhfwq82fs5k4k,10000000000000000000,ibc/F16FDC11A7662B86BC0B9CE61871CBACF7C20606F95E86260FD38915184B75B4,transfer/channel-253/el1,,channel-253,channel-1,connection-1539,974,1.717513140273642E9
6585866|1|3|0|7|1,1.66662965549E9,6585866,block_result,1,77FF87DE4804DC0EBC9C3F48A2987972C4BC17CDB7A41460C556DF75D2373B4C,3,0,7,0,1,osmo1lymq2xq3dn6pyvpfc9hq8jd5960mlt65ctfwa6,genesis1nwxhmg73wf7uflmh8p8c4f207nhfwq82fs5k4k,1000000000000000000,ibc/F16FDC11A7662B86BC0B9CE61871CBACF7C20606F95E86260FD38915184B75B4,transfer/channel-253/el1,,channel-253,channel-1,connection-1539,971,1.717513164598805E9
6585875|1|3|0|7|1,1.666629713199E9,6585875,block_result,1,E38694307FC5EC9B80EDC1A1D0BE1B3693FE90A733C30B095C3182DE6C9EAF53,3,0,7,0,1,osmo1lymq2xq3dn6pyvpfc9hq8jd5960mlt65ctfwa6,genesis1nwxhmg73wf7uflmh8p8c4f207nhfwq82fs5k4k,10000000000000000000,ibc/F16FDC11A7662B86BC0B9CE61871CBACF7C20606F95E86260FD38915184B75B4,transfer/channel-253/el1,,channel-253,channel-1,connection-1539,973,1.717513129037401E9
6584626|1|9|0|7|1,1.666622216868E9,6584626,block_result,1,E4372730A09240E55C1FEECD8D5407247143F2CB74BA606E3CCD442DECDBDB07,9,0,7,0,1,osmo152pyztkleex9phvgauhkpqsszp38ul6xg9vv2r,genesis152pyztkleex9phvgauhkpqsszp38ul6x7ht2cy,10999869999999870000,ibc/F16FDC11A7662B86BC0B9CE61871CBACF7C20606F95E86260FD38915184B75B4,transfer/channel-253/el1,,channel-253,channel-1,connection-1539,969,1.717522475253478E9
6579359|1|14|0|7|1,1.666590671465E9,6579359,block_result,1,CE5988BCFB9EC0D41B1BF86038A24CEE7B8847C1E657ED10CB1918977347EE13,14,0,7,0,1,osmo1e8597agptv59rnvl3rvk4pyjylm8syq6fgkls0,genesis1e8597agptv59rnvl3rvk4pyjylm8syq6l63ezg,42000000000000000000,ibc/F16FDC11A7662B86BC0B9CE61871CBACF7C20606F95E86260FD38915184B75B4,transfer/channel-253/el1,,channel-253,channel-1,connection-1539,968,1.717513154869612E9
6220247|1|2|0|7|1,1.664401878574E9,6220247,block_result,1,C6DE8428B40B6CDFB553CF372F5FD8364B714D9FF7A77082B274D5D81F25F77A,2,0,7,0,1,osmo17gl6er5798z79ckqv99kz8an2dryl5n5ak95dj,genesis17gl6er5798z79ckqv99kz8an2dryl5n5tyzjl4,22000000000000000000,ibc/F16FDC11A7662B86BC0B9CE61871CBACF7C20606F95E86260FD38915184B75B4,transfer/channel-253/el1,,channel-253,channel-1,connection-1539,867,1.717525928522527E9
6219019|1|30|0|7|1,1.66439435954E9,6219019,block_result,1,99D2CD9DAACEB3F63FB1EB188F5DF282210EAF707B545D29B09687FF9D060D02,30,0,7,0,1,osmo19x53pcdduljg9sfn8fzfalkt0g4l988qgqx95u,genesis19x53pcdduljg9sfn8fzfalkt0g4l988q7jprxm,6889054589867508890482,ibc/F16FDC11A7662B86BC0B9CE61871CBACF7C20606F95E86260FD38915184B75B4,transfer/channel-253/el1,,channel-253,channel-1,connection-1539,866,1.71752452254472E9
6217399|1|5|0|7|1,1.664383968607E9,6217399,block_result,1,884FD0831D927E5B3CA5DCC5432B880D9927A782FC1B5E7F23ECEF1CED64DBCF,5,0,7,0,1,osmo1ej4hw9zvn8wz559xkrdcerjcauagr3xszskduy,genesis1ej4hw9zvn8wz559xkrdcerjcauagr3xs5z3twr,3000000000000000000,ibc/F16FDC11A7662B86BC0B9CE61871CBACF7C20606F95E86260FD38915184B75B4,transfer/channel-253/el1,,channel-253,channel-1,connection-1539,864,1.717533419857086E9
6213746|1|44|0|7|1,1.664361674591E9,6213746,block_result,1,A14C3F2D7FA0D76805060F51720974EF4F2EEF458C069AD720F05E3521A87413,44,0,7,0,1,osmo1kq5frkl9g8qsxnywsdvtw7ej7t7mm2e5kshklr,genesis1kq5frkl9g8qsxnywsdvtw7ej7t7mm2e5qzssdy,10999869999999870000,ibc/F16FDC11A7662B86BC0B9CE61871CBACF7C20606F95E86260FD38915184B75B4,transfer/channel-253/el1,,channel-253,channel-1,connection-1539,862,1.717524591777883E9
6214375|1|6|0|7|1,1.664365514127E9,6214375,block_result,1,745209E46E57F6E23B7E6D0040A2DA53ED26C37F91E730CE7CD37970B811DDDB,6,0,7,0,1,osmo1m234dnn4huwga92r44f23xmu03qa90xm5sktyu,genesis1m234dnn4huwga92r44f23xmu03qa90xmzz3dkm,11000000000000000000,ibc/F16FDC11A7662B86BC0B9CE61871CBACF7C20606F95E86260FD38915184B75B4,transfer/channel-253/el1,,channel-253,channel-1,connection-1539,863,1.717533425081564E9
6218590|1|9|0|7|1,1.664391730779E9,6218590,block_result,1,7CBFF38E9515D773580C138D6F7697EF6BDBF1375BEF6EED69ABB23385AB20A5,9,0,7,0,1,osmo1psaav9mslme6kcsspqjemjfn7m0acwyz983jvc,genesis1psaav9mslme6kcsspqjemjfn7m0acwyzn4k57l,990000000000000000,ibc/F16FDC11A7662B86BC0B9CE61871CBACF7C20606F95E86260FD38915184B75B4,transfer/channel-253/el1,,channel-253,channel-1,connection-1539,865,1.71752453579481E9
4992552|1|0|0|7|1,1.656800075074E9,4992552,block_result,1,FF5C0607627E85ACA5FE5C1A87521A1EF23B52EE00F1A1E3B9ACE0CD47A8B824,0,0,7,0,1,osmo1ux3j2h446q9yf5dvsw4mwa5fnf07ja9v7hnlwd,genesis1ux3j2h446q9yf5dvsw4mwa5fnf07ja9vg95eu2,51020574723670468270,ibc/F16FDC11A7662B86BC0B9CE61871CBACF7C20606F95E86260FD38915184B75B4,transfer/channel-253/el1,,channel-253,channel-1,connection-1539,362,1.717592913620281E9
29944549|1|0|0|9|1,1.739988038411E9,29944549,block_result,1,ACEA75B3ED0A613340F15CDF94EA35AE3A43105F5476B5152CE8520593E5052F,0,0,9,0,1,osmo1hauvj3muyuswsfn5hc4cqj3zmwe6y33ls3093z,genesis1hauvj3muyuswsfn5hc4cqj3zmwe6y33lxrgrr9,2000000000000000000,ibc/F16FDC11A7662B86BC0B9CE61871CBACF7C20606F95E86260FD38915184B75B4,transfer/channel-253/el1,,channel-253,channel-1,connection-1539,1430,1.739988041126588E9
29944434|1|1|0|9|1,1.739987890244E9,29944434,block_result,1,30B1AB36CC4DC2545D689D4A15253621CAD0519214A73F233C7068DC1F59A515,1,0,9,0,1,osmo1hauvj3muyuswsfn5hc4cqj3zmwe6y33ls3093z,genesis1hauvj3muyuswsfn5hc4cqj3zmwe6y33lxrgrr9,5000000000000000000,ibc/F16FDC11A7662B86BC0B9CE61871CBACF7C20606F95E86260FD38915184B75B4,transfer/channel-253/el1,,channel-253,channel-1,connection-1539,1429,1.739987893047909E9
29944981|1|2|0|9|1,1.739988590165E9,29944981,block_result,1,BC979587F7A01563498F341F8B44546459C0697435CA9E43F0E4A51795AA1954,2,0,9,0,1,osmo1hauvj3muyuswsfn5hc4cqj3zmwe6y33ls3093z,genesis1hauvj3muyuswsfn5hc4cqj3zmwe6y33lxrgrr9,1000000000000000000,ibc/F16FDC11A7662B86BC0B9CE61871CBACF7C20606F95E86260FD38915184B75B4,transfer/channel-253/el1,,channel-253,channel-1,connection-1539,1431,1.739988592876029E9
29954862|1|0|0|9|1,1.740001228246E9,29954862,block_result,1,D8BB96A4F6555FD06F97A207B6D89C77511E3585AAC98BE71D33CD346CA0F560,0,0,9,0,1,osmo1mw47fsnfw856k0qlw2hc27me4udtq8kkknqal5,genesis1mw47fsnfw856k0qlw2hc27me4udtq8kkqp8mdn,2200899824350000000000,ibc/F16FDC11A7662B86BC0B9CE61871CBACF7C20606F95E86260FD38915184B75B4,transfer/channel-253/el1,,channel-253,channel-1,connection-1539,1432,1.740001231065295E9
30589040|1|2|0|9|1,1.740822275572E9,30589040,block_result,1,C9243A16A84911D5DD7A4073E2B47AEDAA70D0C7F29A8EC8B05A6EDEBB88ADBF,2,0,9,0,1,osmo1hauvj3muyuswsfn5hc4cqj3zmwe6y33ls3093z,genesis1hauvj3muyuswsfn5hc4cqj3zmwe6y33lxrgrr9,2324122602849941772145,ibc/F16FDC11A7662B86BC0B9CE61871CBACF7C20606F95E86260FD38915184B75B4,transfer/channel-253/el1,,channel-253,channel-1,connection-1539,1436,1.741361608170017E9
8255508|1|1|0|7|1,1.676281535296E9,8255508,block_result,1,97CCCDD48949B3734B250253E285EF66197308CD15E3E2B543AFE7322182FD67,1,0,7,0,1,osmo16hp7wzudkeyw6fvgvalm0fh3elp9czhf9l3k7l,genesis16hp7wzudkeyw6fvgvalm0fh3elp9czhfndksvc,14085078680758600832,ibc/F16FDC11A7662B86BC0B9CE61871CBACF7C20606F95E86260FD38915184B75B4,transfer/channel-253/el1,,channel-253,channel-1,connection-1539,1142,1.717472317731174E9
8253516|1|16|0|7|1,1.676270382926E9,8253516,block_result,1,6CF4EAB1B890A9DC91410B0E35A84C8EAC37CD44051C7BF95AD6E0318DF69BE7,16,0,7,0,1,osmo1d8754xqa9245pctlfcyv8eah468neqzn64g887,genesis1d8754xqa9245pctlfcyv8eah468neqznv80p4e,8771087648758665693101,ibc/F16FDC11A7662B86BC0B9CE61871CBACF7C20606F95E86260FD38915184B75B4,transfer/channel-253/el1,,channel-253,channel-1,connection-1539,1141,1.717472420669557E9
8207295|1|4|0|7|1,1.676009973374E9,8207295,block_result,1,D6994A46FD913AE2DC4D609106E8247BA6DBF46FD4FA6B61F250A874D279D255,4,0,7,0,1,osmo1leg58myn2lx4mxfqtzv0yysd3mauy76zeuemc3,genesis1leg58myn2lx4mxfqtzv0yysd3mauy76z0w7a2k,2000000000000000000,ibc/F16FDC11A7662B86BC0B9CE61871CBACF7C20606F95E86260FD38915184B75B4,transfer/channel-253/el1,,channel-253,channel-1,connection-1539,1138,1.717474349055982E9
8205186|1|11|0|7|1,1.675998148493E9,8205186,block_result,1,197F71E0EAE75DB30EBAC005BD5C8FDC8BA3B763E2CCF9AE0713F6B59CD4AFDD,11,0,7,0,1,osmo1dtc9eky6pt0zfssh60k3duywjacfu88y93tpx6,genesis1dtc9eky6pt0zfssh60k3duywjacfu88ynrv85a,66389000000000000000000,ibc/F16FDC11A7662B86BC0B9CE61871CBACF7C20606F95E86260FD38915184B75B4,transfer/channel-253/el1,,channel-253,channel-1,connection-1539,1137,1.717473226135871E9
66914358|1|0|0|9|1,1.784758131006E9,66914358,block_result,1,3950AB520F4F3C252EDEC012AA98320FF817C5BC30C5A64EDE5E01A3417F336F,0,0,9,0,1,osmo1kchq6hwcxykm847jugaf5c6x7aqvz4k9rrcl2w,genesis13z5q0p8g4dythknsfyalul55mp3d92xr53ujqd,2541000000000000000000,ibc/F16FDC11A7662B86BC0B9CE61871CBACF7C20606F95E86260FD38915184B75B4,transfer/channel-253/el1,,channel-253,channel-1,connection-1539,1782,1.784758133219E9
66907962|1|1|0|9|1,1.784750440274E9,66907962,block_result,1,9F1E28B362E1055335914F7A2560FF16C943276E66D864F264D3F1FE2BB57DEE,1,0,9,0,1,osmo1kchq6hwcxykm847jugaf5c6x7aqvz4k9rrcl2w,genesis13z5q0p8g4dythknsfyalul55mp3d92xr53ujqd,100000000000000000000,ibc/F16FDC11A7662B86BC0B9CE61871CBACF7C20606F95E86260FD38915184B75B4,transfer/channel-253/el1,,channel-253,channel-1,connection-1539,1774,1.784750444191E9
66915428|1|1|0|9|1,1.784759421338E9,66915428,block_result,1,DDF8F949C2D59A8BA6ED826756331C90B8801DBB968E4E67A481A4942BE42E95,1,0,9,0,1,osmo1kchq6hwcxykm847jugaf5c6x7aqvz4k9rrcl2w,genesis13z5q0p8g4dythknsfyalul55mp3d92xr53ujqd,1329000000000000000000,ibc/F16FDC11A7662B86BC0B9CE61871CBACF7C20606F95E86260FD38915184B75B4,transfer/channel-253/el1,,channel-253,channel-1,connection-1539,1785,1.784759426689E9
66907514|1|0|0|9|1,1.78474990003E9,66907514,block_result,1,64947FA4C427EFCA6BC85021F27A4417B8067C2AB0136126B6AFB0D931593E23,0,0,9,0,1,osmo1kchq6hwcxykm847jugaf5c6x7aqvz4k9rrcl2w,genesis13z5q0p8g4dythknsfyalul55mp3d92xr53ujqd,2447000000000000000000,ibc/F16FDC11A7662B86BC0B9CE61871CBACF7C20606F95E86260FD38915184B75B4,transfer/channel-253/el1,,channel-253,channel-1,connection-1539,1769,1.784749905122E9
66907983|1|0|0|9|1,1.784750464976E9,66907983,block_result,1,B4E17B7798357DFF6B32F0062FD98BC7A892353D5C2CD55954AE8AC539E440A2,0,0,9,0,1,osmo1kchq6hwcxykm847jugaf5c6x7aqvz4k9rrcl2w,genesis13z5q0p8g4dythknsfyalul55mp3d92xr53ujqd,1330000000000000000000,ibc/F16FDC11A7662B86BC0B9CE61871CBACF7C20606F95E86260FD38915184B75B4,transfer/channel-253/el1,,channel-253,channel-1,connection-1539,1775,1.784750467123E9
66907331|1|0|0|9|1,1.784749679456E9,66907331,block_result,1,F1A479069F8255E5A5AF28D6D441CB887E07265CBBA5AD9A7CB0EBA17D949563,0,0,9,0,1,osmo1kchq6hwcxykm847jugaf5c6x7aqvz4k9rrcl2w,genesis13z5q0p8g4dythknsfyalul55mp3d92xr53ujqd,1000000000000000000,ibc/F16FDC11A7662B86BC0B9CE61871CBACF7C20606F95E86260FD38915184B75B4,transfer/channel-253/el1,,channel-253,channel-1,connection-1539,1766,1.784749682854E9
66915950|1|0|0|9|1,1.784760049249E9,66915950,block_result,1,9EC70492035D6B53E156A1E4AC4A046A2F7FC38682E5765D687BF8BD8B661B19,0,0,9,0,1,osmo1kchq6hwcxykm847jugaf5c6x7aqvz4k9rrcl2w,genesis13z5q0p8g4dythknsfyalul55mp3d92xr53ujqd,1038000000000000000000,ibc/F16FDC11A7662B86BC0B9CE61871CBACF7C20606F95E86260FD38915184B75B4,transfer/channel-253/el1,,channel-253,channel-1,connection-1539,1787,1.784760054305E9
66907430|1|0|0|9|1,1.784749798339E9,66907430,block_result,1,6D0145277A62A5DE18E06EDE58FE8CD4878FFADC7B1B49BE5E096E8DFBDD5D65,0,0,9,0,1,osmo1kchq6hwcxykm847jugaf5c6x7aqvz4k9rrcl2w,genesis13z5q0p8g4dythknsfyalul55mp3d92xr53ujqd,1000000000000000000000,ibc/F16FDC11A7662B86BC0B9CE61871CBACF7C20606F95E86260FD38915184B75B4,transfer/channel-253/el1,,channel-253,channel-1,connection-1539,1767,1.784749800531E9
66914638|1|0|0|9|1,1.784758469824E9,66914638,block_result,1,F760273FB44D07A96606CED6E3293365ED7C7FA314CC0AF7B4F58C8D548254C6,0,0,9,0,1,osmo1kchq6hwcxykm847jugaf5c6x7aqvz4k9rrcl2w,genesis13z5q0p8g4dythknsfyalul55mp3d92xr53ujqd,2372000000000000000000,ibc/F16FDC11A7662B86BC0B9CE61871CBACF7C20606F95E86260FD38915184B75B4,transfer/channel-253/el1,,channel-253,channel-1,connection-1539,1783,1.784758472115E9
66914983|1|0|0|9|1,1.784758890409E9,66914983,block_result,1,00AFFB790AEEE39521300639B2166EB3E5F7437654F379B55ACC4DC4C8F11C09,0,0,9,0,1,osmo1kchq6hwcxykm847jugaf5c6x7aqvz4k9rrcl2w,genesis13z5q0p8g4dythknsfyalul55mp3d92xr53ujqd,1351000000000000000000,ibc/F16FDC11A7662B86BC0B9CE61871CBACF7C20606F95E86260FD38915184B75B4,transfer/channel-253/el1,,channel-253,channel-1,connection-1539,1784,1.784758893785E9
66907632|1|0|0|9|1,1.784750038745E9,66907632,block_result,1,04C12C758F7DC8599FF72B45C2D2467AC307417DB8272E8C6806F539DEC6058C,0,0,9,0,1,osmo1kchq6hwcxykm847jugaf5c6x7aqvz4k9rrcl2w,genesis13z5q0p8g4dythknsfyalul55mp3d92xr53ujqd,563000000000000000000,ibc/F16FDC11A7662B86BC0B9CE61871CBACF7C20606F95E86260FD38915184B75B4,transfer/channel-253/el1,,channel-253,channel-1,connection-1539,1771,1.784750041231E9
66907947|1|0|0|9|1,1.784750419099E9,66907947,block_result,1,36142D7175F661F38409D3A9A0625D7F635CDFB29944E339775AB76AB346E8F9,0,0,9,0,1,osmo1kchq6hwcxykm847jugaf5c6x7aqvz4k9rrcl2w,genesis13z5q0p8g4dythknsfyalul55mp3d92xr53ujqd,100000000000000000000,ibc/F16FDC11A7662B86BC0B9CE61871CBACF7C20606F95E86260FD38915184B75B4,transfer/channel-253/el1,,channel-253,channel-1,connection-1539,1773,1.784750421499E9
66909659|1|0|0|9|1,1.784752465723E9,66909659,block_result,1,3B79E1022020A621E04CC2E19B481ABDA1650A8580A156D2CA7A9446E58EB7E6,0,0,9,0,1,osmo16aypymlama0lk5s8c9s30s09eacpvwnav7ewjv,genesis16aypymlama0lk5s8c9s30s09eacpvwna6v7gqt,2429540557691703983499,ibc/F16FDC11A7662B86BC0B9CE61871CBACF7C20606F95E86260FD38915184B75B4,transfer/channel-253/el1,,channel-253,channel-1,connection-1539,1778,1.784752469156E9
66907440|1|0|0|9|1,1.784749813623E9,66907440,block_result,1,568E3746CE2786E225A4F2535895054ECCB71904D54873E6D90F423AB202D3FC,0,0,9,0,1,osmo16aypymlama0lk5s8c9s30s09eacpvwnav7ewjv,genesis16aypymlama0lk5s8c9s30s09eacpvwna6v7gqt,2845292401357280548577,ibc/F16FDC11A7662B86BC0B9CE61871CBACF7C20606F95E86260FD38915184B75B4,transfer/channel-253/el1,,channel-253,channel-1,connection-1539,1768,1.784749815761E9
66911224|1|1|0|9|1,1.784754351108E9,66911224,block_result,1,785200DD7BC50381F838BCADDA4A5993600905617013911781D9E7DC56E5217D,1,0,9,0,1,osmo16aypymlama0lk5s8c9s30s09eacpvwnav7ewjv,genesis16aypymlama0lk5s8c9s30s09eacpvwna6v7gqt,1016063250083659523953,ibc/F16FDC11A7662B86BC0B9CE61871CBACF7C20606F95E86260FD38915184B75B4,transfer/channel-253/el1,,channel-253,channel-1,connection-1539,1779,1.784754356307E9
66906778|1|0|0|9|1,1.784749017727E9,66906778,block_result,1,46ABC89DA29211826BC1C897F8B7849871A27EF3A2D46DEA5388BC7165A03B80,0,0,9,0,1,osmo16aypymlama0lk5s8c9s30s09eacpvwnav7ewjv,genesis16aypymlama0lk5s8c9s30s09eacpvwna6v7gqt,1458995540085432448730,ibc/F16FDC11A7662B86BC0B9CE61871CBACF7C20606F95E86260FD38915184B75B4,transfer/channel-253/el1,,channel-253,channel-1,connection-1539,1763,1.78474901982E9
66907604|1|0|0|9|1,1.784750007153E9,66907604,block_result,1,115E484C8C625F67B08FB42EA7736D7B1439E6323B49AF00CC3A329A7D4233F1,0,0,9,0,1,osmo1yye3q2u22redre3dhaucynfu78qezh9my8yu03,genesis1955gm0z8h378kae4d3uly93r77ykjwxhf7xffl,5452509073000000000000,ibc/F16FDC11A7662B86BC0B9CE61871CBACF7C20606F95E86260FD38915184B75B4,transfer/channel-253/el1,,channel-253,channel-1,connection-1539,1770,1.784750009454E9
66906925|1|2|0|9|1,1.784749194922E9,66906925,block_result,1,FEB18D66C685525C88D1420F16460810E5A696BE534220D44BEBD35D207E93D0,2,0,9,0,1,osmo1ag940t2gd4sn0wey7xgfjl83x2t5v62m6629pc,genesis1ag940t2gd4sn0wey7xgfjl83x2t5v62mvgdrnl,5048664618726418366455,ibc/F16FDC11A7662B86BC0B9CE61871CBACF7C20606F95E86260FD38915184B75B4,transfer/channel-253/el1,,channel-253,channel-1,connection-1539,1765,1.784749198303E9
66917401|1|0|0|9|1,1.784761796032E9,66917401,block_result,1,3998E4D60473BBF18EA0BA930FC9A6F07DB0AC76327C98F676A5DA85CCD7FBCC,0,0,9,0,1,osmo1awav8afwjqy0f8uzcqek8pd0er7d9jgr5qv9p6,genesis1awav8afwjqy0f8uzcqek8pd0er7d9jgrzjtrna,1000000000000000000,ibc/F16FDC11A7662B86BC0B9CE61871CBACF7C20606F95E86260FD38915184B75B4,transfer/channel-253/el1,,channel-253,channel-1,connection-1539,1788,1.784761798355E9
66917587|1|3|0|9|1,1.784762022781E9,66917587,block_result,1,69EAB3FD52E66DE3325B2491E6F24CE6346254C3649EFDA41096A9A64BBA4069,3,0,9,0,1,osmo1awav8afwjqy0f8uzcqek8pd0er7d9jgr5qv9p6,genesis1edhjfa474cemzcg525p7nx9f8umr8zftft9eud,1000000000000000000,ibc/F16FDC11A7662B86BC0B9CE61871CBACF7C20606F95E86260FD38915184B75B4,transfer/channel-253/el1,,channel-253,channel-1,connection-1539,1789,1.784762028154E9
66906896|1|3|0|9|1,1.784749161842E9,66906896,block_result,1,007CAFB4E9BD05327F246CADD5096C119DA4C34B8ADCD0382B57CC8CB6EEFA6B,3,0,9,0,1,osmo1kchq6hwcxykm847jugaf5c6x7aqvz4k9rrcl2w,genesis1kchq6hwcxykm847jugaf5c6x7aqvz4k943lecf,84313419053892375881,ibc/F16FDC11A7662B86BC0B9CE61871CBACF7C20606F95E86260FD38915184B75B4,transfer/channel-253/el1,,channel-253,channel-1,connection-1539,1764,1.784749164234E9
66915481|1|0|0|9|1,1.784759485485E9,66915481,block_result,1,63C58AE2DD757E7F02A7FA0999223E366A3E21B30FF6D8CF20F8A1E8369C905C,0,0,9,0,1,osmo1kyv95mq6juj3y9yd3pthflz6w6h0cseje9kv7x,genesis1kyv95mq6juj3y9yd3pthflz6w6h0csej0h32vp,21813520622091941376,ibc/F16FDC11A7662B86BC0B9CE61871CBACF7C20606F95E86260FD38915184B75B4,transfer/channel-253/el1,,channel-253,channel-1,connection-1539,1786,1.784759487671E9
66911578|1|0|0|9|1,1.784754773165E9,66911578,block_result,1,C46F30FBE1CEF153761645F979771E0F9877D0A384EEB887FADC412A8BA4EBAA,0,0,9,0,1,osmo1p4r5lv6pdchdnxw9ekqjwa08kzefrcrgtmz2hx,genesis1p4r5lv6pdchdnxw9ekqjwa08kzefrcrgaf9v9p,176774278982476673,ibc/F16FDC11A7662B86BC0B9CE61871CBACF7C20606F95E86260FD38915184B75B4,transfer/channel-253/el1,,channel-253,channel-1,connection-1539,1780,1.784754775434E9
66903850|1|0|0|9|1,1.784745501056E9,66903850,block_result,1,6374C31B1BFBAFC1E275C01694EFFC412D77FD85550414F35015774AEC5F2437,0,0,9,0,1,osmo1s0mcdnsp74relctt3nyfyx4zkuwfn5wff8n73a,genesis1s0mcdnsp74relctt3nyfyx4zkuwfn5wfl45cr6,11241000000000000000000,ibc/F16FDC11A7662B86BC0B9CE61871CBACF7C20606F95E86260FD38915184B75B4,transfer/channel-253/el1,,channel-253,channel-1,connection-1539,1762,1.784745503294E9
66873747|1|0|0|9|1,1.784709337039E9,66873747,block_result,1,1996C4851A231E45BDD6CEA3A49C5A98EEB3D9BF928A4C2568AA2CDDA5132583,0,0,9,0,1,osmo1s0mcdnsp74relctt3nyfyx4zkuwfn5wff8n73a,genesis1s0mcdnsp74relctt3nyfyx4zkuwfn5wfl45cr6,9325259677108470371,ibc/F16FDC11A7662B86BC0B9CE61871CBACF7C20606F95E86260FD38915184B75B4,transfer/channel-253/el1,,channel-253,channel-1,connection-1539,1761,1.784709340615E9
66907814|1|6|0|9|1,1.784750257493E9,66907814,block_result,1,20D4874DE1061786258043858C9CE1024F166409832DA8667B78ACA08B9E959C,6,0,9,0,1,osmo1t8uhtpcwh8gf5l8w0uncjk02d70d2qlfqx39ys,genesis1t8uhtpcwh8gf5l8w0uncjk02d70d2qlfk5krkh,3600000000000000000000,ibc/F16FDC11A7662B86BC0B9CE61871CBACF7C20606F95E86260FD38915184B75B4,transfer/channel-253/el1,,channel-253,channel-1,connection-1539,1772,1.784750262811E9
66909193|1|0|0|9|1,1.784751912721E9,66909193,block_result,1,CCB50511D9F83F906289E0CAEDE4DAAF79D775E10BDE7C4830A2B0DAB48253A9,0,0,9,0,1,osmo1kchq6hwcxykm847jugaf5c6x7aqvz4k9rrcl2w,genesis1tat77sppnc59s7652mpdcw7r8gzx5pf8z46n4y,1461000000000000000000,ibc/F16FDC11A7662B86BC0B9CE61871CBACF7C20606F95E86260FD38915184B75B4,transfer/channel-253/el1,,channel-253,channel-1,connection-1539,1776,1.78475191485E9
66869483|1|0|0|9|1,1.784704045339E9,66869483,block_result,1,99F24F61D307E05017498C8E76C60B56251E98A4885CD15EFD56FEA3338E867A,0,0,9,0,1,osmo1w24mmwxpl50n2hcyxjka7u942wl6zuz9jsjd8w,genesis1w24mmwxpl50n2hcyxjka7u942wl6zuz9yz4t4f,4258026811079663586686,ibc/F16FDC11A7662B86BC0B9CE61871CBACF7C20606F95E86260FD38915184B75B4,transfer/channel-253/el1,,channel-253,channel-1,connection-1539,1760,1.78470405038E9
66909314|1|0|0|9|1,1.784752053919E9,66909314,block_result,1,914178D4F2AB2502B36FEC471ED547A31C3CA0605FB751EB2E1DCBEC963E788E,0,0,9,0,1,osmo1w24mmwxpl50n2hcyxjka7u942wl6zuz9jsjd8w,genesis1w24mmwxpl50n2hcyxjka7u942wl6zuz9yz4t4f,6262547124512576742231,ibc/F16FDC11A7662B86BC0B9CE61871CBACF7C20606F95E86260FD38915184B75B4,transfer/channel-253/el1,,channel-253,channel-1,connection-1539,1777,1.784752056482E9
66914098|1|3|0|9|1,1.784757811985E9,66914098,block_result,1,4F76B372BE69C4BC2312C14EB3111556D8E6855E2ED18144CB813A653199ACA9,3,0,9,0,1,osmo1kchq6hwcxykm847jugaf5c6x7aqvz4k9rrcl2w,genesis1ztmm4jra800j3k0f2xqejgy3fchf9ljesv4sv2,1459000000000000000000,ibc/F16FDC11A7662B86BC0B9CE61871CBACF7C20606F95E86260FD38915184B75B4,transfer/channel-253/el1,,channel-253,channel-1,connection-1539,1781,1.784757817151E9
64348075|1|1|0|9|1,1.78177663758E9,64348075,block_result,1,3419EB91147121D4BEF257570A3DD30B15AABC603D35F5203C48A2D42CE24E4B,1,0,9,0,1,osmo10kn3t58pvyayg878umwyjcga02jsuvddts7unc,genesis10kn3t58pvyayg878umwyjcga02jsuvddaze6pl,5000000000000000000,ibc/F16FDC11A7662B86BC0B9CE61871CBACF7C20606F95E86260FD38915184B75B4,transfer/channel-253/el1,,channel-253,channel-1,connection-1539,1683,1.781776642718E9
64348131|1|0|0|9|1,1.781776703592E9,64348131,block_result,1,9A11BD021B676CF435F3784DAA15372B01A9FAABDEEA13AA26AAB3E5F66905F8,0,0,9,0,1,osmo10kn3t58pvyayg878umwyjcga02jsuvddts7unc,genesis10kn3t58pvyayg878umwyjcga02jsuvddaze6pl,8495662146372774916044,ibc/F16FDC11A7662B86BC0B9CE61871CBACF7C20606F95E86260FD38915184B75B4,transfer/channel-253/el1,,channel-253,channel-1,connection-1539,1684,1.781776709737E9
64319385|1|0|0|9|1,1.781743492271E9,64319385,block_result,1,76257AB116C06490DE0D1FAB9771551DDBE7781BCC4E5D772706D896FB064AD9,0,0,9,0,1,osmo1gaqsrl4qxeqtks76essut6x4zv9dpzlvkxswdp,genesis1gaqsrl4qxeqtks76essut6x4zv9dpzlvq5hglx,1194086366033592212,ibc/F16FDC11A7662B86BC0B9CE61871CBACF7C20606F95E86260FD38915184B75B4,transfer/channel-253/el1,,channel-253,channel-1,connection-1539,1682,1.781743494521E9
64378887|1|1|0|9|1,1.781812713226E9,64378887,block_result,1,10A9BC7DAB6939DDEBFC68472557FD7989C5F36FC660A4EC8D93E4ED9FE7C556,1,0,9,0,1,osmo1gzn6edx0r2mwavr4rxxzghumhyl77q68700v8f,genesis1gzn6edx0r2mwavr4rxxzghumhyl77q68gag24w,10585539500000000000000,ibc/F16FDC11A7662B86BC0B9CE61871CBACF7C20606F95E86260FD38915184B75B4,transfer/channel-253/el1,,channel-253,channel-1,connection-1539,1685,1.781812721634E9
64381074|1|1|0|9|1,1.781815249966E9,64381074,block_result,1,9D58A059B09BC57671934CCC604DFF857A15E7D72D2900F0F4CDB68313663F57,1,0,9,0,1,osmo1gzn6edx0r2mwavr4rxxzghumhyl77q68700v8f,genesis1gzn6edx0r2mwavr4rxxzghumhyl77q68gag24w,3500000048456132582300,ibc/F16FDC11A7662B86BC0B9CE61871CBACF7C20606F95E86260FD38915184B75B4,transfer/channel-253/el1,,channel-253,channel-1,connection-1539,1686,1.78181526807E9
69610566|1|0|0|9|1,1.788148040877E9,69610566,block_result,1,66AFE7C2FDE98760D4A0C5FF5D1DAD7E4948FC86D87E93F51B3706A197D95DC6,0,0,9,0,1,osmo1srgysthmuqpw4f6qsrektu2glj59hz6lt44dyp,genesis1srgysthmuqpw4f6qsrektu2glj59hz6la8jtkx,5000000000000000000000,ibc/F16FDC11A7662B86BC0B9CE61871CBACF7C20606F95E86260FD38915184B75B4,transfer/channel-253/el1,,channel-253,channel-1,connection-1539,1953,1.788148043166E9
6430185|1|0|0|7|1,1.665699844392E9,6430185,block_result,1,E7869A24B5BBC822D1D1360BC07BCFD79B7384971989C81AB65918E4D9136E78,0,0,7,0,1,osmo126e6k82fwwywf9mps9zjqky8hevfyjy54m2vdc,genesis126e6k82fwwywf9mps9zjqky8hevfyjy5rfd2ll,1096176788795752,ibc/F16FDC11A7662B86BC0B9CE61871CBACF7C20606F95E86260FD38915184B75B4,transfer/channel-253/el1,,channel-253,channel-1,connection-1539,930,1.71751691701659E9
6428389|1|57|0|7|1,1.665689112294E9,6428389,block_result,1,8432F218095D12431654154036DF1B433EB716ED1E5FA6BB3EC9CA4BF7499D15,57,0,7,0,1,osmo14d8v9hw2ev43gffkuk5d3wk4gpfu9vdtppjhmy,genesis14d8v9hw2ev43gffkuk5d3wk4gpfu9vdthn43fr,1349517893120511777978,ibc/F16FDC11A7662B86BC0B9CE61871CBACF7C20606F95E86260FD38915184B75B4,transfer/channel-253/el1,,channel-253,channel-1,connection-1539,929,1.717527184376835E9
6417699|1|5|0|7|1,1.665624639785E9,6417699,block_result,1,EF7955C038604CDA85F1614DB216B648C4A7167159CE490AB61F668EFCC89D8C,5,0,7,0,1,osmo1f0su7dw6zjhf9924rqlmxx7eecuzwr9w9q6fag,genesis1f0su7dw6zjhf9924rqlmxx7eecuzwr9wnja000,24120000000000000000000,ibc/F16FDC11A7662B86BC0B9CE61871CBACF7C20606F95E86260FD38915184B75B4,transfer/channel-253/el1,,channel-253,channel-1,connection-1539,926,1.717527418125329E9
6420267|1|21|0|7|1,1.66563991257E9,6420267,block_result,1,E918575C4F01B2E8BDD1DCAAB579772CEECB419D5D8155F9A302E49885F0F414,21,0,7,0,1,osmo1m2mm7kzvw6m3464h94ryqg8xvr6tyeyy3rj39j,genesis1m2mm7kzvw6m3464h94ryqg8xvr6tyeyy834hh4,1284068648504341688,ibc/F16FDC11A7662B86BC0B9CE61871CBACF7C20606F95E86260FD38915184B75B4,transfer/channel-253/el1,,channel-253,channel-1,connection-1539,928,1.71751707629596E9
6419500|1|1|0|7|1,1.665635342246E9,6419500,block_result,1,1D07A71940C3B4F8250B34CA2214F806C024BAC7932C46CF041D1377EE9C2814,1,0,7,0,1,osmo1qnlxnneluedfg3lusv8r36t5c0s4r2p0dlsn28,genesis1qnlxnneluedfg3lusv8r36t5c0s4r2p0mdh4cq,16000000000000000000,ibc/F16FDC11A7662B86BC0B9CE61871CBACF7C20606F95E86260FD38915184B75B4,transfer/channel-253/el1,,channel-253,channel-1,connection-1539,927,1.717527254769228E9
7718205|1|1|0|7|1,1.673240624495E9,7718205,block_result,1,7C7973D3F9ED8798BA2E6AE5661F92AC8978E8F804A60DC3FB591E8CF3E56D9D,1,0,7,0,1,osmo1klx6z8yplryeydlxrfl9umu6gwj2lvsg8ly60k,genesis1klx6z8yplryeydlxrfl9umu6gwj2lvsg3drua3,12940000000000000000000,ibc/F16FDC11A7662B86BC0B9CE61871CBACF7C20606F95E86260FD38915184B75B4,transfer/channel-253/el1,,channel-253,channel-1,connection-1539,1098,1.717486147889693E9
7715948|1|55|0|7|1,1.673227926222E9,7715948,block_result,1,FCCD6CFEB6AECBD761C227A457603DDD112CEC71D8DD65049EED09435478390E,55,0,7,0,1,osmo1nmx6m0ax89t3lgl3xmyjmt6nxjdq4kxfl46exf,genesis1nmx6m0ax89t3lgl3xmyjmt6nxjdq4kxff8al5w,32132000000000000000000,ibc/F16FDC11A7662B86BC0B9CE61871CBACF7C20606F95E86260FD38915184B75B4,transfer/channel-253/el1,,channel-253,channel-1,connection-1539,1097,1.717486124646331E9
7715312|1|14|0|7|1,1.673224336372E9,7715312,block_result,1,E00AB29EAAFB02D5D8D2D0DBD49840A12B1A212E594207EC80C55DC71651B7B5,14,0,7,0,1,osmo1qnlxnneluedfg3lusv8r36t5c0s4r2p0dlsn28,genesis1qnlxnneluedfg3lusv8r36t5c0s4r2p0mdh4cq,520000000000000000000,ibc/F16FDC11A7662B86BC0B9CE61871CBACF7C20606F95E86260FD38915184B75B4,transfer/channel-253/el1,,channel-253,channel-1,connection-1539,1096,1.717487389621894E9
17557915|1|7|0|9|1,1.720179947511E9,17557915,block_result,1,957B74B737520B9AC5D64B697A425420B451D0B0C1741FAABF07DFD18FC8B95C,7,0,9,0,1,osmo1ag940t2gd4sn0wey7xgfjl83x2t5v62m6629pc,genesis1ag940t2gd4sn0wey7xgfjl83x2t5v62mvgdrnl,350000000000000000000,ibc/F16FDC11A7662B86BC0B9CE61871CBACF7C20606F95E86260FD38915184B75B4,transfer/channel-253/el1,,channel-253,channel-1,connection-1539,1380,1.720179951749398E9
64409929|1|2|0|9|1,1.781848602599E9,64409929,block_result,1,949B920818D40F94DFEA769E742479FF9AB674727FAC8F83B499435A5A64F9C9,2,0,9,0,1,osmo1zgpk47fdq32rc6wh8s0qh9wcz0wut0apcaqpr2,genesis1u6tmrt4wg0xvghe9phjhylzrte6muvnvlulz7f,1000000000000000000,ibc/F16FDC11A7662B86BC0B9CE61871CBACF7C20606F95E86260FD38915184B75B4,transfer/channel-253/el1,,channel-253,channel-1,connection-1539,1687,1.78184860817E9
6640527|1|8|0|7|1,1.666957090848E9,6640527,block_result,1,E1C4E6BF252B32BAFE85279D0FB6F21F3A46D8D61D8798E0AA1B951AECA725EB,8,0,7,0,1,osmo13gu73wcxa084n74fhxdgxfv3z8qe5h6em0cj7j,genesis13gu73wcxa084n74fhxdgxfv3z8qe5h6edal5v4,293224910691808662505,ibc/F16FDC11A7662B86BC0B9CE61871CBACF7C20606F95E86260FD38915184B75B4,transfer/channel-253/el1,,channel-253,channel-1,connection-1539,984,1.717520268111699E9
6636147|1|9|0|7|1,1.666930817754E9,6636147,block_result,1,FA0BEA0FEB80231CE47B951580DE00B46C2AA215E415DA9B79FAA33F7E318A86,9,0,7,0,1,osmo18sfflzjtercqwv3w4dtg9w6dlgvx0ps97dkrgz,genesis18sfflzjtercqwv3w4dtg9w6dlgvx0ps9gl3969,10999869999999870000,ibc/F16FDC11A7662B86BC0B9CE61871CBACF7C20606F95E86260FD38915184B75B4,transfer/channel-253/el1,,channel-253,channel-1,connection-1539,981,1.717520302866561E9
6636695|1|11|0|7|1,1.666934117761E9,6636695,block_result,1,25EE9FA07356E81944216397C646279F6613E65154DCB9E4405590B3C699B341,11,0,7,0,1,osmo1jgcpfh7ft5y8wch47nasuwx5gkmgfkurj2ap3l,genesis1jgcpfh7ft5y8wch47nasuwx5gkmgfkuryc68rc,400017748430738592138,ibc/F16FDC11A7662B86BC0B9CE61871CBACF7C20606F95E86260FD38915184B75B4,transfer/channel-253/el1,,channel-253,channel-1,connection-1539,983,1.717521690025398E9
6636620|1|20|0|7|1,1.666933666943E9,6636620,block_result,1,D5E41C10FBCD3D1F34BBDA8F4D757595BF94C05D442BE06B255A0996CF293330,20,0,7,0,1,osmo1jgcpfh7ft5y8wch47nasuwx5gkmgfkurj2ap3l,genesis1jgcpfh7ft5y8wch47nasuwx5gkmgfkuryc68rc,10999869999999870000,ibc/F16FDC11A7662B86BC0B9CE61871CBACF7C20606F95E86260FD38915184B75B4,transfer/channel-253/el1,,channel-253,channel-1,connection-1539,982,1.717521740835267E9
64016768|1|0|0|9|1,1.781395579542E9,64016768,block_result,1,EF3280230AAB2A3328B06A091E2B7D72CF6E5A19E27D2B916FB247E5AFCC27B1,0,0,9,0,1,osmo1s6mdag35z5jn0xepmshunyp4dzg9mu3vh325gw,genesis1s6mdag35z5jn0xepmshunyp4dzg9mu3vprdj6f,20103236900696320338711,ibc/F16FDC11A7662B86BC0B9CE61871CBACF7C20606F95E86260FD38915184B75B4,transfer/channel-253/el1,,channel-253,channel-1,connection-1539,1675,1.781395581705E9
64064849|1|3|0|9|1,1.781451190913E9,64064849,block_result,1,CF8B5C945990FEC3E6256DA7755E8291C23D79AF7AD8462B86CD7A347CCB6811,3,0,9,0,1,osmo1zgpk47fdq32rc6wh8s0qh9wcz0wut0apcaqpr2,genesis1u6tmrt4wg0xvghe9phjhylzrte6muvnvlulz7f,3181000000000000000000,ibc/F16FDC11A7662B86BC0B9CE61871CBACF7C20606F95E86260FD38915184B75B4,transfer/channel-253/el1,,channel-253,channel-1,connection-1539,1676,1.781451195898E9
4788558|1|0|0|7|1,1.65552749833E9,4788558,block_result,1,358A90154B0F12A2A29B290A49032556E8F2B0CCAA3BD913F80D278A6E26F2AA,0,0,7,0,1,osmo10yu8w9p4p0szf2xwhtndmfjnp0gfk4j7j3azdm,genesis10yu8w9p4p0szf2xwhtndmfjnp0gfk4j7yr6ylu,13139000000000000000000,ibc/F16FDC11A7662B86BC0B9CE61871CBACF7C20606F95E86260FD38915184B75B4,transfer/channel-253/el1,,channel-253,channel-1,connection-1539,298,1.717582144600691E9
4798486|1|0|0|7|1,1.655590102356E9,4798486,block_result,1,121AFAD81D92C7ABD26E6270207BE6AC6C3248B600BC4C42D91454D64D18E978,0,0,7,0,1,osmo1yp97lt0y483gv5m6f7kdu7x2arv8ka6hhlgcvt,genesis1yp97lt0y483gv5m6f7kdu7x2arv8ka6hpd077v,732835704609633838,ibc/F16FDC11A7662B86BC0B9CE61871CBACF7C20606F95E86260FD38915184B75B4,transfer/channel-253/el1,,channel-253,channel-1,connection-1539,308,1.717582133038716E9
4796178|1|2|0|7|1,1.655575624348E9,4796178,block_result,1,68035BE8D3E9FD8E4D0D8AD1F4BCC9862559C231758C93F73D1D5E21C5881AA9,2,0,7,0,1,osmo1l6y25dxyhnzcpm0sgkknelpmtfn9nw5u7zcf64,genesis1l6y25dxyhnzcpm0sgkknelpmtfn9nw5ugsl0gj,10999869999999870000,ibc/F16FDC11A7662B86BC0B9CE61871CBACF7C20606F95E86260FD38915184B75B4,transfer/channel-253/el1,,channel-253,channel-1,connection-1539,304,1.717600212109426E9
4791040|1|2|0|7|1,1.655543004773E9,4791040,block_result,1,C1C55FFC4B93CB10C1993590859BBB194C25C4786BF96DFBBECA997ECB5E2589,2,0,7,0,1,osmo1v0rc5c6r0j064e2prmhkwqr8sed7hpmkk8rlv7,genesis1v0rc5c6r0j064e2prmhkwqr8sed7hpmkq4ye7e,10999869999999870000,ibc/F16FDC11A7662B86BC0B9CE61871CBACF7C20606F95E86260FD38915184B75B4,transfer/channel-253/el1,,channel-253,channel-1,connection-1539,299,1.71760014035057E9
4794909|1|2|0|7|1,1.655567188785E9,4794909,block_result,1,824720814FB19973FD77E6AA0FF8CDA002432E0F6375821C192FA67B4A35D579,2,0,7,0,1,osmo1w7vxy07fusax24gcsntwk09fu2p8y8xsf6erk3,genesis1w7vxy07fusax24gcsntwk09fu2p8y8xslg79yk,10999869999999870000,ibc/F16FDC11A7662B86BC0B9CE61871CBACF7C20606F95E86260FD38915184B75B4,transfer/channel-253/el1,,channel-253,channel-1,connection-1539,302,1.717582065984743E9
4798421|1|3|0|7|1,1.655589696605E9,4798421,block_result,1,B71CAAA68317B9012604FB9226ED1474423DA5CCEBEBC18A839DEB6252DD6120,3,0,7,0,1,osmo1yp97lt0y483gv5m6f7kdu7x2arv8ka6hhlgcvt,genesis1yp97lt0y483gv5m6f7kdu7x2arv8ka6hpd077v,2244052210613664233,ibc/F16FDC11A7662B86BC0B9CE61871CBACF7C20606F95E86260FD38915184B75B4,transfer/channel-253/el1,,channel-253,channel-1,connection-1539,307,1.717582049672548E9
4793311|1|4|0|7|1,1.655557198835E9,4793311,block_result,1,D4B6841F2A1A2A9347782B15B3E25FC39F49F77E004AF601F12C07A212C5EFBD,4,0,7,0,1,osmo1wyyu0n549ph0p6pcj4qchppdrh40rpk9dx7gnj,genesis1wyyu0n549ph0p6pcj4qchppdrh40rpk9m5ewp4,10999869999999870000,ibc/F16FDC11A7662B86BC0B9CE61871CBACF7C20606F95E86260FD38915184B75B4,transfer/channel-253/el1,,channel-253,channel-1,connection-1539,300,1.717582075650373E9
4794846|1|5|0|7|1,1.655566798409E9,4794846,block_result,1,EA6E423EF522504D5E4CEDA2ABF31EA555CEB56DB7039E32FA4906A765DF9426,5,0,7,0,1,osmo1cdla0q73d8t838q75q6z64srv4zrn4vps7hkcd,genesis1cdla0q73d8t838q75q6z64srv4zrn4vpxvss22,10999869999999870000,ibc/F16FDC11A7662B86BC0B9CE61871CBACF7C20606F95E86260FD38915184B75B4,transfer/channel-253/el1,,channel-253,channel-1,connection-1539,301,1.717582069912347E9
4796901|1|6|0|7|1,1.655580151515E9,4796901,block_result,1,DF63A681BF7597B1A1B91369076EC6BB8076D310DB7D17D4ECF93B8C1583E785,6,0,7,0,1,osmo142wl5w6krkhmhaucnl75rzfh77wuydruz00ak5,genesis142wl5w6krkhmhaucnl75rzfh77wuydru5agmyn,11000869999999870000,ibc/F16FDC11A7662B86BC0B9CE61871CBACF7C20606F95E86260FD38915184B75B4,transfer/channel-253/el1,,channel-253,channel-1,connection-1539,306,1.717600133396694E9
4786722|1|6|0|7|1,1.655516038937E9,4786722,block_result,1,C1ADF8F1E038FB57B3050CD3743FF0FB947F0E5D04F67851A2D7D84839D304E4,6,0,7,0,1,osmo16mcugkhrt8m30ctrnyfwmdt7gcp0unup0ztl8z,genesis16mcugkhrt8m30ctrnyfwmdt7gcp0unupesve49,10999869999999870000,ibc/F16FDC11A7662B86BC0B9CE61871CBACF7C20606F95E86260FD38915184B75B4,transfer/channel-253/el1,,channel-253,channel-1,connection-1539,297,1.717600164171065E9
4796541|1|8|0|7|1,1.655577897517E9,4796541,block_result,1,7A683AB7391C02C0DD3749D7EE538BE723182115B316CA087141E41C2F432C07,8,0,7,0,1,osmo1qxts5avx4cr55fm6mfz4xdtrq446wqxpgevhcx,genesis1qxts5avx4cr55fm6mfz4xdtrq446wqxp7tt32p,10999869999999870000,ibc/F16FDC11A7662B86BC0B9CE61871CBACF7C20606F95E86260FD38915184B75B4,transfer/channel-253/el1,,channel-253,channel-1,connection-1539,305,1.717582351176875E9
4795591|1|13|0|7|1,1.655571468653E9,4795591,block_result,1,39AECDFBB7BE159F68FE8449E557F58701AACF15BAC424C643C38B6A1F5AB736,13,0,7,0,1,osmo1s84q7zy0a0f7dchrpj2fk89gyglkwm2eqrzwxu,genesis1s84q7zy0a0f7dchrpj2fk89gyglkwm2ek39g5m,17000000000000000000,ibc/F16FDC11A7662B86BC0B9CE61871CBACF7C20606F95E86260FD38915184B75B4,transfer/channel-253/el1,,channel-253,channel-1,connection-1539,303,1.71760299238959E9
4841053|1|27|0|7|1,1.655856911318E9,4841053,block_result,1,B634A6E9C3EDB62DA165FE8638D937BBD9E69451C15C5FE6E5E60BB80AADE74B,27,0,7,0,1,osmo10yu8w9p4p0szf2xwhtndmfjnp0gfk4j7j3azdm,genesis10yu8w9p4p0szf2xwhtndmfjnp0gfk4j7yr6ylu,14360000000000000000000,ibc/F16FDC11A7662B86BC0B9CE61871CBACF7C20606F95E86260FD38915184B75B4,transfer/channel-253/el1,,channel-253,channel-1,connection-1539,322,1.717579715917697E9
4842832|1|0|0|7|1,1.655867915039E9,4842832,block_result,1,450973F193EF5D39AD14AE0576B5249AC6BB818E9D94E861A7E9254636A70FF9,0,0,7,0,1,osmo1v2z9rwxt5y98pnrs6ryhqp08ay5azzvmw92wnm,genesis1v2z9rwxt5y98pnrs6ryhqp08ay5azzvmchdgpu,99447000000000000000000,ibc/F16FDC11A7662B86BC0B9CE61871CBACF7C20606F95E86260FD38915184B75B4,transfer/channel-253/el1,,channel-253,channel-1,connection-1539,323,1.717599287932707E9
6509269|1|5|0|7|1,1.666171544621E9,6509269,block_result,1,97AC6776B1F796CD4943107EB03559142591C64E8F58204DE0C519456B9231E0,5,0,7,0,1,osmo1vgu6mpatup4hsyt463mdkac4a6n7qh30laksq4,genesis1vgu6mpatup4hsyt463mdkac4a6n7qh30f03kjj,17809880278704602581,ibc/F16FDC11A7662B86BC0B9CE61871CBACF7C20606F95E86260FD38915184B75B4,transfer/channel-253/el1,,channel-253,channel-1,connection-1539,957,1.717514424702549E9
6513124|1|13|0|7|1,1.666194367594E9,6513124,block_result,1,A97AB9F17474046493BB30AF88F17106C2A3E19179E8DF81B704D28780488B54,13,0,7,0,1,osmo17c6syh2twxa3tqwlrg945kj7exvz825xwqzlad,genesis17c6syh2twxa3tqwlrg945kj7exvz825xcj9e02,10000000000000000000,ibc/F16FDC11A7662B86BC0B9CE61871CBACF7C20606F95E86260FD38915184B75B4,transfer/channel-253/el1,,channel-253,channel-1,connection-1539,958,1.717514083295195E9
8322183|1|12|0|7|1,1.676658129371E9,8322183,block_result,1,4FB04A274EE8ADEC1B42C5D8415293FEC971BBC872C4601296C02E34E158A926,12,0,7,0,1,osmo1rgzad49ewenppz89tn2jwehp59czn6k4tg2wsq,genesis1rgzad49ewenppz89tn2jwehp59czn6k4a6dgz8,86039473176870707,ibc/F16FDC11A7662B86BC0B9CE61871CBACF7C20606F95E86260FD38915184B75B4,transfer/channel-253/el1,,channel-253,channel-1,connection-1539,1146,1.717470824389558E9
8322151|1|17|0|7|1,1.676657939309E9,8322151,block_result,1,34D59B084C9F6591F87A0CACF21BF0099F9922A98C362E503480F64C11793DBB,17,0,7,0,1,osmo1rgzad49ewenppz89tn2jwehp59czn6k4tg2wsq,genesis1rgzad49ewenppz89tn2jwehp59czn6k4a6dgz8,99582492145561172,ibc/F16FDC11A7662B86BC0B9CE61871CBACF7C20606F95E86260FD38915184B75B4,transfer/channel-253/el1,,channel-253,channel-1,connection-1539,1145,1.717470978937874E9
9002581|1|2|0|7|1,1.680523118455E9,9002581,block_result,1,476F6A98300BC2E25AFA623C1C0D46683DE30F3EA2F3F119FCD4EC056794A282,2,0,7,0,1,osmo1s8nzgwexdz8laux65600tkq6mq8pr6h5tftmat,genesis1s8nzgwexdz8laux65600tkq6mq8pr6h5amva0v,50880999847113687734,ibc/F16FDC11A7662B86BC0B9CE61871CBACF7C20606F95E86260FD38915184B75B4,transfer/channel-253/el1,,channel-253,channel-1,connection-1539,1218,1.717454223885187E9
6283460|1|0|0|7|1,1.664790563992E9,6283460,block_result,1,BDA251614A0DC4CFD1C52EAF72497D210FC30F6044101E4122271904E969AA49,0,0,7,0,1,osmo15fh6qz7w8eccak0clczsjxzvw4t5sl9ke2q7pl,genesis15fh6qz7w8eccak0clczsjxzvw4t5sl9k0c8cnc,10999869999999870000,ibc/F16FDC11A7662B86BC0B9CE61871CBACF7C20606F95E86260FD38915184B75B4,transfer/channel-253/el1,,channel-253,channel-1,connection-1539,890,1.717530785256652E9
6287973|1|2|0|7|1,1.664840993187E9,6287973,block_result,1,6C894E03E94ACD9407C5FA16C105A611C54C5C4C0C12C2C5C469C09788B89A9F,2,0,7,0,1,osmo17gl6er5798z79ckqv99kz8an2dryl5n5ak95dj,genesis17gl6er5798z79ckqv99kz8an2dryl5n5tyzjl4,30000000000000000000,ibc/F16FDC11A7662B86BC0B9CE61871CBACF7C20606F95E86260FD38915184B75B4,transfer/channel-253/el1,,channel-253,channel-1,connection-1539,892,1.71752965340745E9
6287247|1|8|0|7|1,1.664836053919E9,6287247,block_result,1,FB6FB1BC8BE73F80953B9C71E54234E7F7E9B9968F01D5AC91E14145526C0ED5,8,0,7,0,1,osmo1a7er44z6lm9l97d4ur0lht8ul8r2ep5ljpquv8,genesis1a7er44z6lm9l97d4ur0lht8ul8r2ep5lyn867q,10000000000000000000,ibc/F16FDC11A7662B86BC0B9CE61871CBACF7C20606F95E86260FD38915184B75B4,transfer/channel-253/el1,,channel-253,channel-1,connection-1539,891,1.71752967157212E9
67351444|1|0|0|9|1,1.785283636546E9,67351444,block_result,1,FD3A982698709B8D13C4611F2ED131B66256FF1BD87FB90D3DCEA30FC8F3C30C,0,0,9,0,1,osmo1ag940t2gd4sn0wey7xgfjl83x2t5v62m6629pc,genesis107ff0tztguhn637e0jf3pjecs7kk333gaprfj3,5000000000000000000000,ibc/F16FDC11A7662B86BC0B9CE61871CBACF7C20606F95E86260FD38915184B75B4,transfer/channel-253/el1,,channel-253,channel-1,connection-1539,1851,1.785283640301E9
67400453|1|0|0|9|1,1.785342586021E9,67400453,block_result,1,DB27C78FC2704D184D69344D88FB890434FB1B86B8860C6B18CDC5BE197A667C,0,0,9,0,1,osmo1w24mmwxpl50n2hcyxjka7u942wl6zuz9jsjd8w,genesis1w24mmwxpl50n2hcyxjka7u942wl6zuz9yz4t4f,1889489078950024769706,ibc/F16FDC11A7662B86BC0B9CE61871CBACF7C20606F95E86260FD38915184B75B4,transfer/channel-253/el1,,channel-253,channel-1,connection-1539,1852,1.785342588604E9
67012552|1|0|0|9|1,1.784876436237E9,67012552,block_result,1,49E366C66A7DF3B4021AAAFB70293560CC17AA3DE780999E21EE88386ED45F2B,0,0,9,0,1,osmo15z5fvkqv25zcpkp5hrceapazyn3dkynrc5ap4g,genesis15z5fvkqv25zcpkp5hrceapazyn3dkynrwx6880,426116644935866712,ibc/F16FDC11A7662B86BC0B9CE61871CBACF7C20606F95E86260FD38915184B75B4,transfer/channel-253/el1,,channel-253,channel-1,connection-1539,1815,1.784876439106E9
67016810|1|0|0|9|1,1.784881560934E9,67016810,block_result,1,9410ECAB43CE4B6A0C9F966E7C47CD61B842BCB3126A74EAFBB7ADF07352D2D8,0,0,9,0,1,osmo1kyly26j3kpac52d5chqar82c7m9eukfmy5707c,genesis1kyly26j3kpac52d5chqar82c7m9eukfmjxefvl,7008594944527488268900,ibc/F16FDC11A7662B86BC0B9CE61871CBACF7C20606F95E86260FD38915184B75B4,transfer/channel-253/el1,,channel-253,channel-1,connection-1539,1818,1.784881563733E9
67016171|1|0|0|9|1,1.784880785758E9,67016171,block_result,1,0527581A54B261EACEC80EA32FCFD23E0F7B673EC68FD37E10EFD0D14F687C3E,0,0,9,0,1,osmo1myvczdz58c7ew2wlwgj2s7w7d56e00y86t6ylq,genesis1myvczdz58c7ew2wlwgj2s7w7d56e00y8veazd8,7091145942461738621,ibc/F16FDC11A7662B86BC0B9CE61871CBACF7C20606F95E86260FD38915184B75B4,transfer/channel-253/el1,,channel-253,channel-1,connection-1539,1817,1.784880789182E9
67038903|1|0|0|9|1,1.78490810332E9,67038903,block_result,1,5496F21528895A4678535274AA2A2579BC623902886AC7AEF59474EF17E772EC,0,0,9,0,1,osmo1srgysthmuqpw4f6qsrektu2glj59hz6lt44dyp,genesis1srgysthmuqpw4f6qsrektu2glj59hz6la8jtkx,1340493948698100252,ibc/F16FDC11A7662B86BC0B9CE61871CBACF7C20606F95E86260FD38915184B75B4,transfer/channel-253/el1,,channel-253,channel-1,connection-1539,1819,1.784908108813E9
67012939|1|0|0|9|1,1.784876905284E9,67012939,block_result,1,B71F091190FE8AB641E59D75C7350D716E9F5014E612F9CE0762526A1132D582,0,0,9,0,1,osmo1tx706k3h46vfrltur2c0wjg53gp0e0syrnjmp9,genesis1tx706k3h46vfrltur2c0wjg53gp0e0sy4p4anz,8569597255581761756,ibc/F16FDC11A7662B86BC0B9CE61871CBACF7C20606F95E86260FD38915184B75B4,transfer/channel-253/el1,,channel-253,channel-1,connection-1539,1816,1.784876910494E9
8389916|1|17|0|7|1,1.677038524911E9,8389916,block_result,1,61913387195FB3491C1D76FF20FEC6EB2C1B3D585BC6FABCDB3694445175A0A6,17,0,7,0,1,osmo14ch295rgshayusha4eg3kkqlzg0xhnxdhjy8xr,genesis14ch295rgshayusha4eg3kkqlzg0xhnxdpqrp5y,26356000000000000000000,ibc/F16FDC11A7662B86BC0B9CE61871CBACF7C20606F95E86260FD38915184B75B4,transfer/channel-253/el1,,channel-253,channel-1,connection-1539,1152,1.717468758383302E9
8398036|1|7|0|7|1,1.677084218191E9,8398036,block_result,1,E16832E5E3DCBD3CF49EA1D060004A8C3AB467E32CD00A179F4252EA0111E194,7,0,7,0,1,osmo16cxs9lzngthknnhp7u7aqwktkda8t0ze83mfdg,genesis16cxs9lzngthknnhp7u7aqwktkda8t0ze3ru0l0,995979447519860019,ibc/F16FDC11A7662B86BC0B9CE61871CBACF7C20606F95E86260FD38915184B75B4,transfer/channel-253/el1,,channel-253,channel-1,connection-1539,1154,1.717468626219638E9
8397995|1|0|0|7|1,1.677083985851E9,8397995,block_result,1,29A4F6873F436BDD207D14E108F234CD28701FC397949650A807452CAE1C612E,0,0,7,0,1,osmo1k7nssnnvxezpp4una7lvk6j53895vadpt3a3l0,genesis1k7nssnnvxezpp4una7lvk6j53895vadpar6hdg,189035662345080154119,ibc/F16FDC11A7662B86BC0B9CE61871CBACF7C20606F95E86260FD38915184B75B4,transfer/channel-253/el1,,channel-253,channel-1,connection-1539,1153,1.717468629632506E9
5503901|1|37|0|7|1,1.659995139519E9,5503901,block_result,1,EE5239E882E5AD8B41D894312CD8B19AF01C5202A88FAE729DE061B813535C37,37,0,7,0,1,osmo13uup3md785lsd74aws4hx2et052mferw8n6yat,genesis13uup3md785lsd74aws4hx2et052mferw3paz0v,235881196364620132063,ibc/F16FDC11A7662B86BC0B9CE61871CBACF7C20606F95E86260FD38915184B75B4,transfer/channel-253/el1,,channel-253,channel-1,connection-1539,482,1.717549438609989E9
5500997|1|11|0|7|1,1.659976896582E9,5500997,block_result,1,94305D9BC757E58F8E92BA34B16FD6D8D2A7448E374422E351FBBFDFE60FD7FF,11,0,7,0,1,osmo17lfqk0f03kccjt2u86ydcxnxjy6d8tfjef875y,genesis17lfqk0f03kccjt2u86ydcxnxjy6d8tfj0mqcxr,1418275669112272035,ibc/F16FDC11A7662B86BC0B9CE61871CBACF7C20606F95E86260FD38915184B75B4,transfer/channel-253/el1,,channel-253,channel-1,connection-1539,481,1.717549524845776E9
28783285|1|2|0|9|1,1.738437205052E9,28783285,block_result,1,760981CB11B245CA717290C970C042897725068E330AA4577802366022D1CE01,2,0,9,0,1,osmo16aypymlama0lk5s8c9s30s09eacpvwnav7ewjv,genesis1h4lx8cm0vnrrahjjfgsjp79jjnyspy6w7ehrxd,6000000000000000000000,ibc/F16FDC11A7662B86BC0B9CE61871CBACF7C20606F95E86260FD38915184B75B4,transfer/channel-253/el1,,channel-253,channel-1,connection-1539,1418,1.738437207950217E9
28785005|1|4|0|9|1,1.73843952501E9,28785005,block_result,1,B7F3E42EA33E8E7F92FAA8D467D4FB054DE63813DA4C93985E5F8F751200E13F,4,0,9,0,1,osmo16aypymlama0lk5s8c9s30s09eacpvwnav7ewjv,genesis1h4lx8cm0vnrrahjjfgsjp79jjnyspy6w7ehrxd,28000000000000000000000,ibc/F16FDC11A7662B86BC0B9CE61871CBACF7C20606F95E86260FD38915184B75B4,transfer/channel-253/el1,,channel-253,channel-1,connection-1539,1419,1.738439528950635E9
28788107|1|12|0|9|1,1.738443744123E9,28788107,block_result,1,974DE8ED5CB53BC9430067F794A7B05C211EBBB5418E62D83EACA42005BFDC3D,12,0,9,0,1,osmo16aypymlama0lk5s8c9s30s09eacpvwnav7ewjv,genesis1h4lx8cm0vnrrahjjfgsjp79jjnyspy6w7ehrxd,55000000000000000000000,ibc/F16FDC11A7662B86BC0B9CE61871CBACF7C20606F95E86260FD38915184B75B4,transfer/channel-253/el1,,channel-253,channel-1,connection-1539,1420,1.741342778213773E9
14352716|1|8|0|9|1,1.710687107175E9,14352716,block_result,1,69AE52761E60AFE410BDA36244212F3648D012D09C6082771A108148F400481F,8,0,9,0,1,osmo19qmgcwr9rrj7heveqeakn7g450yqtkngw884ld,genesis19qmgcwr9rrj7heveqeakn7g450yqtkngc4qnd2,10000000000000000000,ibc/F16FDC11A7662B86BC0B9CE61871CBACF7C20606F95E86260FD38915184B75B4,transfer/channel-253/el1,,channel-253,channel-1,connection-1539,1275,1.717040684661333E9
14352746|1|34|0|9|1,1.710687249844E9,14352746,block_result,1,92045B83481DF325240161BB6989CD5E696C525D46EFDF9531709BE850643045,34,0,9,0,1,osmo19qmgcwr9rrj7heveqeakn7g450yqtkngw884ld,genesis19qmgcwr9rrj7heveqeakn7g450yqtkngc4qnd2,55744354480039484673054,ibc/F16FDC11A7662B86BC0B9CE61871CBACF7C20606F95E86260FD38915184B75B4,transfer/channel-253/el1,,channel-253,channel-1,connection-1539,1276,1.717040428423939E9
14352937|1|3|0|9|1,1.710688196224E9,14352937,block_result,1,01FFB619746368552FAE55A64D9AD0E3436EBA0DCE58AF023117990331D0DCEB,3,0,9,0,1,osmo1cddkj9qt534dgv0lpqfvcltl8fkq55rap5zkgj,genesis1cddkj9qt534dgv0lpqfvcltl8fkq55rahx9s64,68000000000000000000,ibc/F16FDC11A7662B86BC0B9CE61871CBACF7C20606F95E86260FD38915184B75B4,transfer/channel-253/el1,,channel-253,channel-1,connection-1539,1277,1.717040679254591E9
14354573|1|19|0|9|1,1.710696478151E9,14354573,block_result,1,0C6ECBAB91AF935A040F91B42013580ACE13A937D6E1098EACB2D5A624002437,19,0,9,0,1,osmo1hmvnht5pmajf8gv6v9lqxe3yptl6zhpgdgw4es,genesis1hmvnht5pmajf8gv6v9lqxe3yptl6zhpgm6fnth,663609238955687778,ibc/F16FDC11A7662B86BC0B9CE61871CBACF7C20606F95E86260FD38915184B75B4,transfer/channel-253/el1,,channel-253,channel-1,connection-1539,1278,1.717040377382268E9
14357574|1|7|0|9|1,1.710711292431E9,14357574,block_result,1,85336517D344709D0F74E705B6161BF016C4D9BFF133057FA0AF09C44D516986,7,0,9,0,1,osmo1hmvnht5pmajf8gv6v9lqxe3yptl6zhpgdgw4es,genesis1hmvnht5pmajf8gv6v9lqxe3yptl6zhpgm6fnth,44932336703035520106,ibc/F16FDC11A7662B86BC0B9CE61871CBACF7C20606F95E86260FD38915184B75B4,transfer/channel-253/el1,,channel-253,channel-1,connection-1539,1279,1.717040361008625E9
14357934|1|1|0|9|1,1.710713052012E9,14357934,block_result,1,1DC8AE6804D4FA155D6303F5D3EB1ABFD9910180F2785B0F8AF86DEA1ABD46E3,1,0,9,0,1,osmo1hmvnht5pmajf8gv6v9lqxe3yptl6zhpgdgw4es,genesis1hmvnht5pmajf8gv6v9lqxe3yptl6zhpgm6fnth,150248321220385377725,ibc/F16FDC11A7662B86BC0B9CE61871CBACF7C20606F95E86260FD38915184B75B4,transfer/channel-253/el1,,channel-253,channel-1,connection-1539,1280,1.717040329085608E9
8327467|1|0|0|7|1,1.676687611926E9,8327467,block_result,1,A14BF8551EE0AF536552820F31B203BEB571DA32D7B9721E40AA0DD1C254419B,0,0,7,0,1,osmo12960s7qmmxcewmtyh5gf95dlg3yl7vh22xq9kx,genesis12960s7qmmxcewmtyh5gf95dlg3yl7vh2u58ryp,21255000000000000000000,ibc/F16FDC11A7662B86BC0B9CE61871CBACF7C20606F95E86260FD38915184B75B4,transfer/channel-253/el1,,channel-253,channel-1,connection-1539,1147,1.717470271710549E9
6399895|1|12|0|7|1,1.665517779114E9,6399895,block_result,1,0C173110066F8034CDA745A5AF2B2B5D41800BF8891C50B29C871D1F5324C074,12,0,7,0,1,osmo103verdnv4pzztty50ua7gs5gj25l2gwu3jq0h2,genesis103verdnv4pzztty50ua7gs5gj25l2gwu8q8f9d,144144098196973162,ibc/F16FDC11A7662B86BC0B9CE61871CBACF7C20606F95E86260FD38915184B75B4,transfer/channel-253/el1,,channel-253,channel-1,connection-1539,924,1.717519223676199E9
6066960|1|0|0|7|1,1.663463638035E9,6066960,block_result,1,8FA9D76A1130DCF8F153F8475E14E9C4293C152006B23714CE52A06684C8CB96,0,0,7,0,1,osmo137a5g8dqa4v0ex5c42595fhn09fu06ghvj7wsh,genesis137a5g8dqa4v0ex5c42595fhn09fu06gh6qegzs,931822765262339187,ibc/F16FDC11A7662B86BC0B9CE61871CBACF7C20606F95E86260FD38915184B75B4,transfer/channel-253/el1,,channel-253,channel-1,connection-1539,834,1.717539419075206E9
6080331|1|18|0|7|1,1.66354534664E9,6080331,block_result,1,A93EA2D22BFA646AC3238B8A8AC680EC319A9E2347C20BC980156C0FB001755C,18,0,7,0,1,osmo157z90gd97m5cs2sky7ddenvuvnjr7xypsmrvkd,genesis157z90gd97m5cs2sky7ddenvuvnjr7xypxfy2y2,103904151846653115595,ibc/F16FDC11A7662B86BC0B9CE61871CBACF7C20606F95E86260FD38915184B75B4,transfer/channel-253/el1,,channel-253,channel-1,connection-1539,838,1.717539150469038E9
6072241|1|3|0|7|1,1.663495730809E9,6072241,block_result,1,8AB26D00D4A64CE52F295DAFC29B6D382245B91A3E466185E9B35525197C67E0,3,0,7,0,1,osmo1q8zrfyv7muv7aflr5xzn069zfumy4xs8qjtw6e,genesis1lph08kzqqqmvrgqax3gta33e0svuhamt8z2az2,465388603706872911,ibc/F16FDC11A7662B86BC0B9CE61871CBACF7C20606F95E86260FD38915184B75B4,transfer/channel-253/el1,,channel-253,channel-1,connection-1539,836,1.717539527284233E9
6068257|1|1|0|7|1,1.663471535686E9,6068257,block_result,1,34957BA7636E57309ABF190EE4A00CB9D74D0626A1E0FB7652493E6CF610266C,1,0,7,0,1,osmo1tdlzylelj5kjtqxtnknl05qy6tdgm2gv52qkjj,genesis1tdlzylelj5kjtqxtnknl05qy6tdgm2gvzc8sq4,54107124399037584772,ibc/F16FDC11A7662B86BC0B9CE61871CBACF7C20606F95E86260FD38915184B75B4,transfer/channel-253/el1,,channel-253,channel-1,connection-1539,835,1.717530598001271E9
6077767|1|12|0|7|1,1.663529750116E9,6077767,block_result,1,E70B90AEBCEBBE9AEA601AA44192A22AFEBE3AAACC8C1C6BB9356C6E9782D395,12,0,7,0,1,osmo1zmd2dgrh25r39f0rj404jzsq9trq76cdylk50c,genesis1zmd2dgrh25r39f0rj404jzsq9trq76cdjd3jal,221300074860352771809,ibc/F16FDC11A7662B86BC0B9CE61871CBACF7C20606F95E86260FD38915184B75B4,transfer/channel-253/el1,,channel-253,channel-1,connection-1539,837,1.717539222977206E9
6647902|1|14|0|7|1,1.667001937888E9,6647902,block_result,1,21F31561D9EC100CA8EE4880B88DB6528B5F570630E7680CB8DEC2AA460B0971,14,0,7,0,1,osmo1jgcpfh7ft5y8wch47nasuwx5gkmgfkurj2ap3l,genesis1jgcpfh7ft5y8wch47nasuwx5gkmgfkuryc68rc,168476415788432875071,ibc/F16FDC11A7662B86BC0B9CE61871CBACF7C20606F95E86260FD38915184B75B4,transfer/channel-253/el1,,channel-253,channel-1,connection-1539,985,1.717520252779817E9
14617989|1|2|0|9|1,1.711940397731E9,14617989,block_result,1,68189439E652F0B061FA5984DBAAF004EBDB8EF91B8341C2036FE77369DE3657,2,0,9,0,1,osmo1shnh6jq6c9gt2uaynzee7eh47806lx9wrm09rm,genesis1shnh6jq6c9gt2uaynzee7eh47806lx9w4fgr3u,2891982978147398771,ibc/F16FDC11A7662B86BC0B9CE61871CBACF7C20606F95E86260FD38915184B75B4,transfer/channel-253/el1,,channel-253,channel-1,connection-1539,1314,1.717019409116065E9
5914320|1|5|0|7|1,1.662527839028E9,5914320,block_result,1,08868D936296830E6D22EF257AE936E9CF7EE36945AA7DEFB2682024F282BFCA,5,0,7,0,1,osmo1h5shnh6dnjtalh84cxl04taa2klvkz5fg6fjr7,genesis1h5shnh6dnjtalh84cxl04taa2klvkz5f7gw53e,5364623128873404078,ibc/F16FDC11A7662B86BC0B9CE61871CBACF7C20606F95E86260FD38915184B75B4,transfer/channel-253/el1,,channel-253,channel-1,connection-1539,778,1.717535681722124E9
5916502|1|1|0|7|1,1.662541208295E9,5916502,block_result,1,AEE78A598BA88330B94B44457ECE77E4420486495B4F441F7888992272E0A97A,1,0,7,0,1,osmo1qawq9fnx5rz7walpj5feryrhat7pjwkac3fvwd,genesis1qawq9fnx5rz7walpj5feryrhat7pjwkawrw2u2,10000000000000000000,ibc/F16FDC11A7662B86BC0B9CE61871CBACF7C20606F95E86260FD38915184B75B4,transfer/channel-253/el1,,channel-253,channel-1,connection-1539,779,1.717542806392559E9
5919466|1|0|0|7|1,1.662559385435E9,5919466,block_result,1,3695169953C15F2A541E4AA2615EECA5CD46F587062B6103BF3A25FD6EB32DCD,0,0,7,0,1,osmo1qgssys0tk4rg0xdf4mpjzqdpvscejmtc4wlqt7,genesis1qgssys0tk4rg0xdf4mpjzqdpvscejmtcrucxee,10000000000000000000,ibc/F16FDC11A7662B86BC0B9CE61871CBACF7C20606F95E86260FD38915184B75B4,transfer/channel-253/el1,,channel-253,channel-1,connection-1539,780,1.717542466119094E9
5921528|1|0|0|7|1,1.662572503513E9,5921528,block_result,1,A00993E00B3F24901FF75B717AB977706E45CE9AAAFFCB8FAB2F5BFC74C4B7DE,0,0,7,0,1,osmo1v3um4h8ljp26frtjczzd0jse8gqhr82vxwvmrm,genesis1v3um4h8ljp26frtjczzd0jse8gqhr82vsuta3u,5000000000000000000,ibc/F16FDC11A7662B86BC0B9CE61871CBACF7C20606F95E86260FD38915184B75B4,transfer/channel-253/el1,,channel-253,channel-1,connection-1539,781,1.71754276068219E9
15780452|1|5|0|9|1,1.715873920578E9,15780452,block_result,1,2511FF749B4C657771670CFC1275C0786D6B1C94C1A803DCE3E6DFEA0E525713,5,0,9,0,1,osmo16aypymlama0lk5s8c9s30s09eacpvwnav7ewjv,genesis16aypymlama0lk5s8c9s30s09eacpvwna6v7gqt,12500000000000000000000,ibc/F16FDC11A7662B86BC0B9CE61871CBACF7C20606F95E86260FD38915184B75B4,transfer/channel-253/el1,,channel-253,channel-1,connection-1539,1351,1.716989282951372E9
6818213|1|69|0|7|1,1.668015499217E9,6818213,block_result,1,76E719B6AF18D8F78D0DF4033725972F6D19C95BB3B56AC6EFAB42A9767CABB5,69,0,7,0,1,osmo1378dkrevhzm4tjnyfpqczt7ks3z5f6fyhgl4yl,genesis1378dkrevhzm4tjnyfpqczt7ks3z5f6fyp6cnkc,4000000000000000000,ibc/F16FDC11A7662B86BC0B9CE61871CBACF7C20606F95E86260FD38915184B75B4,transfer/channel-253/el1,,channel-253,channel-1,connection-1539,1014,1.717506047293731E9
6822031|1|15|0|7|1,1.668038095668E9,6822031,block_result,1,DFFC7EC113A2EE0A2433CA5CB137CE0A8357BC5AC2C7EDBFB991EA9A58E1943B,15,0,7,0,1,osmo1me3hg2l74zn5ag9y879u7re4cp4dxea9h5d45s,genesis1me3hg2l74zn5ag9y879u7re4cp4dxea9px2nxh,4000000000000000000,ibc/F16FDC11A7662B86BC0B9CE61871CBACF7C20606F95E86260FD38915184B75B4,transfer/channel-253/el1,,channel-253,channel-1,connection-1539,1016,1.717515797273909E9
6821522|1|11|0|7|1,1.668035122065E9,6821522,block_result,1,08740BA09B159A88945645242B8B8F9FE035B8E64D48AFC5058640E478DDA9A1,11,0,7,0,1,osmo1zg453l326xgrk5nm2prru4teqkym8zc9pe5r0z,genesis1zg453l326xgrk5nm2prru4teqkym8zc9htn9a9,46398033061284034062,ibc/F16FDC11A7662B86BC0B9CE61871CBACF7C20606F95E86260FD38915184B75B4,transfer/channel-253/el1,,channel-253,channel-1,connection-1539,1015,1.717505912768919E9
6762385|1|1|0|7|1,1.667684016602E9,6762385,block_result,1,38B9209328CC578CF9A7977154F6C533819A46A187B96F4A0E406BA113043445,1,0,7,0,1,osmo19xeucpasxg08jthuhktw3m82gcnz8myx0cw7hx,genesis19xeucpasxg08jthuhktw3m82gcnz8myxe2fc9p,10000000000000000000,ibc/F16FDC11A7662B86BC0B9CE61871CBACF7C20606F95E86260FD38915184B75B4,transfer/channel-253/el1,,channel-253,channel-1,connection-1539,1001,1.717507482710104E9
6755570|1|16|0|7|1,1.667643515137E9,6755570,block_result,1,F0AD4F9E04C81372F40145B52272FCB32EF00EC487B8A342A5B9A1D9A050C40E,16,0,7,0,1,osmo1gr4xqrhmn44a7uu4ddhdulyrngxs0w2nqhw8pj,genesis1gr4xqrhmn44a7uu4ddhdulyrngxs0w2nk9fpn4,16671591374839071656,ibc/F16FDC11A7662B86BC0B9CE61871CBACF7C20606F95E86260FD38915184B75B4,transfer/channel-253/el1,,channel-253,channel-1,connection-1539,1000,1.717507665989589E9
6750867|1|4|0|7|1,1.667616054403E9,6750867,block_result,1,AE994A236C576524334BDCAED735D4504C72F47FC88143D058776013F8077BE6,4,0,7,0,1,osmo1px2q40q3twagt23d4jc7nwdu2kdw59dhce078d,genesis1px2q40q3twagt23d4jc7nwdu2kdw59dhwtgc42,321682843606767511,ibc/F16FDC11A7662B86BC0B9CE61871CBACF7C20606F95E86260FD38915184B75B4,transfer/channel-253/el1,,channel-253,channel-1,connection-1539,999,1.717507700760095E9
6763179|1|17|0|7|1,1.667688677186E9,6763179,block_result,1,4489D45E8585566C4A2DED4198749F66F5960DDFB6E06AF28A7644CC1972F5F8,17,0,7,0,1,osmo1ze0h7kf8044ekqkcmwcxnhrjcevwk0tzg4wmyj,genesis1ze0h7kf8044ekqkcmwcxnhrjcevwk0tz78fak4,1000000000000000000,ibc/F16FDC11A7662B86BC0B9CE61871CBACF7C20606F95E86260FD38915184B75B4,transfer/channel-253/el1,,channel-253,channel-1,connection-1539,1002,1.717507427977294E9
34191177|1|0|0|9|1,1.745434480381E9,34191177,block_result,1,0548DC7DF03E305860A4F5FB5B8754E9B181BB65AB848C2383C5B86F47247364,0,0,9,0,1,osmo1vmjdd0uh783h6068nvjsvw0uvs57v5h50793hw,genesis1vmjdd0uh783h6068nvjsvw0uvs57v5h5evzh9f,10000000000000000000,ibc/F16FDC11A7662B86BC0B9CE61871CBACF7C20606F95E86260FD38915184B75B4,transfer/channel-253/el1,,channel-253,channel-1,connection-1539,1467,1.745434508303124E9
34191037|1|0|0|9|1,1.745434300987E9,34191037,block_result,1,68EF33D151FA42B3EA9236DF48B8827FEDD5F39CCDB3B5984D7A4AD3C41A901B,0,0,9,0,1,osmo1vmjdd0uh783h6068nvjsvw0uvs57v5h50793hw,genesis1vmjdd0uh783h6068nvjsvw0uvs57v5h5evzh9f,10000000000000000000,ibc/F16FDC11A7662B86BC0B9CE61871CBACF7C20606F95E86260FD38915184B75B4,transfer/channel-253/el1,,channel-253,channel-1,connection-1539,1466,1.745434324527027E9
64219416|1|0|0|9|1,1.781628716056E9,64219416,block_result,1,63EB73C9BE03ECD367EF9926C9DFA3B52BFAB7504B7BD0A2C05209172B36EC3D,0,0,9,0,1,osmo1gzn6edx0r2mwavr4rxxzghumhyl77q68700v8f,genesis1gzn6edx0r2mwavr4rxxzghumhyl77q68gag24w,6950634829720943416042,ibc/F16FDC11A7662B86BC0B9CE61871CBACF7C20606F95E86260FD38915184B75B4,transfer/channel-253/el1,,channel-253,channel-1,connection-1539,1679,1.781628718342E9
64218580|1|1|0|9|1,1.78162775582E9,64218580,block_result,1,F0DBE58C9132F2EA58D52C4ADCD4E6FC81A618F471709D363BADFFADB8F35BB5,1,0,9,0,1,osmo1gzn6edx0r2mwavr4rxxzghumhyl77q68700v8f,genesis1gzn6edx0r2mwavr4rxxzghumhyl77q68gag24w,33078267325792806474297,ibc/F16FDC11A7662B86BC0B9CE61871CBACF7C20606F95E86260FD38915184B75B4,transfer/channel-253/el1,,channel-253,channel-1,connection-1539,1678,1.781627760942E9
64234844|1|1|0|9|1,1.781646557519E9,64234844,block_result,1,B5CFCA972314608E69FBBC64C68E6B64F4EF86B0D60ADD5A4C112E0B7E473854,1,0,9,0,1,osmo1gzn6edx0r2mwavr4rxxzghumhyl77q68700v8f,genesis1gzn6edx0r2mwavr4rxxzghumhyl77q68gag24w,21815818435201254330035,ibc/F16FDC11A7662B86BC0B9CE61871CBACF7C20606F95E86260FD38915184B75B4,transfer/channel-253/el1,,channel-253,channel-1,connection-1539,1681,1.781646562479E9
64224438|1|0|0|9|1,1.781634632763E9,64224438,block_result,1,AA5F684E86862E3BDDCD592292EAF2269B61610DC1CC05E54E8A64FB70AB6A5B,0,0,9,0,1,osmo1kyly26j3kpac52d5chqar82c7m9eukfmy5707c,genesis1kyly26j3kpac52d5chqar82c7m9eukfmjxefvl,25500690976488189345126,ibc/F16FDC11A7662B86BC0B9CE61871CBACF7C20606F95E86260FD38915184B75B4,transfer/channel-253/el1,,channel-253,channel-1,connection-1539,1680,1.781634635009E9
64204186|1|1|0|9|1,1.781611264228E9,64204186,block_result,1,D950010995F17D097860F3E6AD33D77DC84CD4782D66CC0CC45A64A951D3B0E2,1,0,9,0,1,osmo1zgpk47fdq32rc6wh8s0qh9wcz0wut0apcaqpr2,genesis1u6tmrt4wg0xvghe9phjhylzrte6muvnvlulz7f,5000000000000000000,ibc/F16FDC11A7662B86BC0B9CE61871CBACF7C20606F95E86260FD38915184B75B4,transfer/channel-253/el1,,channel-253,channel-1,connection-1539,1677,1.781611267708E9
34742873|1|0|0|9|1,1.7461366619E9,34742873,block_result,1,088C8D747676B688BD0318A000DCD1E200D4D28E8D3E80AC9D186B1FA84E2C8E,0,0,9,0,1,osmo1wfw3cdg5uvt0r5lawxr300lpthj48wx23f9y2q,genesis1wfw3cdg5uvt0r5lawxr300lpthj48wx28mzzc8,171793571380000000000,ibc/F16FDC11A7662B86BC0B9CE61871CBACF7C20606F95E86260FD38915184B75B4,transfer/channel-253/el1,,channel-253,channel-1,connection-1539,1470,1.746136688937669E9
66019491|1|0|0|9|1,1.783711825952E9,66019491,block_result,1,1559F4B9F6CB03B8745A77E2F7AA5E3211A12762FF465803BC5D17DF21DBA550,0,0,9,0,1,osmo1gzn6edx0r2mwavr4rxxzghumhyl77q68700v8f,genesis1gzn6edx0r2mwavr4rxxzghumhyl77q68gag24w,18767724103180482877170,ibc/F16FDC11A7662B86BC0B9CE61871CBACF7C20606F95E86260FD38915184B75B4,transfer/channel-253/el1,,channel-253,channel-1,connection-1539,1718,1.783711830888E9
65995581|1|0|0|9|1,1.78368462279E9,65995581,block_result,1,1545D553CF534EDEC32DD49A03DDC31816225FF537A355D5C8DAB76C9DDCAB1D,0,0,9,0,1,osmo1s0mcdnsp74relctt3nyfyx4zkuwfn5wff8n73a,genesis1s0mcdnsp74relctt3nyfyx4zkuwfn5wfl45cr6,12208575933054248831833,ibc/F16FDC11A7662B86BC0B9CE61871CBACF7C20606F95E86260FD38915184B75B4,transfer/channel-253/el1,,channel-253,channel-1,connection-1539,1714,1.783684625042E9
66016199|1|0|0|9|1,1.783708074804E9,66016199,block_result,1,B5B0EB89CAD9FD5413BDA0422AD56B20D83C12514D0B4B98E65F0EC40ADD003E,0,0,9,0,1,osmo1yaaemqhc8776gxy0e2l53nrw6dmewd7sfa82vg,genesis1yaaemqhc8776gxy0e2l53nrw6dmewd7sl0qv70,23400798949934588714,ibc/F16FDC11A7662B86BC0B9CE61871CBACF7C20606F95E86260FD38915184B75B4,transfer/channel-253/el1,,channel-253,channel-1,connection-1539,1715,1.783708079823E9
66016253|1|0|0|9|1,1.783708139137E9,66016253,block_result,1,EC0638545D2A39BCED721083E77B55DC1B5A07C7A47CC3C3D7E2FCFF635F2CB6,0,0,9,0,1,osmo1yaaemqhc8776gxy0e2l53nrw6dmewd7sfa82vg,genesis1yaaemqhc8776gxy0e2l53nrw6dmewd7sl0qv70,391027350453406977418,ibc/F16FDC11A7662B86BC0B9CE61871CBACF7C20606F95E86260FD38915184B75B4,transfer/channel-253/el1,,channel-253,channel-1,connection-1539,1716,1.783708141296E9
66016310|1|0|0|9|1,1.783708202948E9,66016310,block_result,1,2B89A4B2A79DAE9F18A8D150FACFD5D23142A06291E4A850FC80EF608591DB0B,0,0,9,0,1,osmo1yaaemqhc8776gxy0e2l53nrw6dmewd7sfa82vg,genesis1yaaemqhc8776gxy0e2l53nrw6dmewd7sl0qv70,4680159789986917743,ibc/F16FDC11A7662B86BC0B9CE61871CBACF7C20606F95E86260FD38915184B75B4,transfer/channel-253/el1,,channel-253,channel-1,connection-1539,1717,1.783708208336E9
67094431|1|2|0|9|1,1.784974804602E9,67094431,block_result,1,E03EB334492D5B7985DDC8150609F8CB348CCE9095067BFFC0BC0C73B75D7759,2,0,9,0,1,osmo1336llh99tvewtfakjsd450k7xndc9xh8rhuf7e,genesis1336llh99tvewtfakjsd450k7xndc9xh849m0v7,6949550355069172263,ibc/F16FDC11A7662B86BC0B9CE61871CBACF7C20606F95E86260FD38915184B75B4,transfer/channel-253/el1,,channel-253,channel-1,connection-1539,1822,1.784974889969E9
67068031|1|0|0|9|1,1.784943119175E9,67068031,block_result,1,9445081CDC34C5D1487779A6519096BEF0982740B8E80EF1927BCBE14DCF09D1,0,0,9,0,1,osmo15kpatpaxymy2vygy2wsgc48v7dm0c2efgnr3wf,genesis15kpatpaxymy2vygy2wsgc48v7dm0c2ef7pyhuw,51022353615163798746993,ibc/F16FDC11A7662B86BC0B9CE61871CBACF7C20606F95E86260FD38915184B75B4,transfer/channel-253/el1,,channel-253,channel-1,connection-1539,1820,1.78494312292E9
67099782|1|0|0|9|1,1.78498124371E9,67099782,block_result,1,66F4BEFE970A2F84DC364641FFFC031642C82B583B8783BA19D58E6C6F5D79BD,0,0,9,0,1,osmo1kchq6hwcxykm847jugaf5c6x7aqvz4k9rrcl2w,genesis1jk3v4z3v34vfdkjn7yvve7fwdf8acyr5tydw22,4362000000000000000000,ibc/F16FDC11A7662B86BC0B9CE61871CBACF7C20606F95E86260FD38915184B75B4,transfer/channel-253/el1,,channel-253,channel-1,connection-1539,1825,1.784981245949E9
67099753|1|0|0|9|1,1.784981205268E9,67099753,block_result,1,AE0CDEC8EEE1D37A700B084DCFCA907B0BF03366B7F9FFB86C6B94D0F044EDC6,0,0,9,0,1,osmo1kchq6hwcxykm847jugaf5c6x7aqvz4k9rrcl2w,genesis1jk3v4z3v34vfdkjn7yvve7fwdf8acyr5tydw22,100000000000000000000,ibc/F16FDC11A7662B86BC0B9CE61871CBACF7C20606F95E86260FD38915184B75B4,transfer/channel-253/el1,,channel-253,channel-1,connection-1539,1824,1.784981207547E9
67115043|1|0|0|9|1,1.784999605633E9,67115043,block_result,1,EED7407909F40EDD0FBF0BB45B78B0686F2AC9949B209B18B4175A8E741ECA9F,0,0,9,0,1,osmo1kchq6hwcxykm847jugaf5c6x7aqvz4k9rrcl2w,genesis1jk3v4z3v34vfdkjn7yvve7fwdf8acyr5tydw22,2533000000000000000000,ibc/F16FDC11A7662B86BC0B9CE61871CBACF7C20606F95E86260FD38915184B75B4,transfer/channel-253/el1,,channel-253,channel-1,connection-1539,1826,1.784999607889E9
67096356|1|0|0|9|1,1.784977122815E9,67096356,block_result,1,241D002107357CF093590153F62347ECD8C9D9C7776903E0869D128F1F1FBE2F,0,0,9,0,1,osmo1rd0r2ucp4t6u6j6jqese8xjgy44qswe5j387ga,genesis1rd0r2ucp4t6u6j6jqese8xjgy44qswe5yrqc66,1083819060867187003,ibc/F16FDC11A7662B86BC0B9CE61871CBACF7C20606F95E86260FD38915184B75B4,transfer/channel-253/el1,,channel-253,channel-1,connection-1539,1823,1.784977126195E9
67082154|1|0|0|9|1,1.784960072854E9,67082154,block_result,1,6489F55A74DEBEA0CA040A31455EFD7B1C1C98934864D839EC96308B54CD7ED9,0,0,9,0,1,osmo1srgysthmuqpw4f6qsrektu2glj59hz6lt44dyp,genesis1srgysthmuqpw4f6qsrektu2glj59hz6la8jtkx,702772779846669103157,ibc/F16FDC11A7662B86BC0B9CE61871CBACF7C20606F95E86260FD38915184B75B4,transfer/channel-253/el1,,channel-253,channel-1,connection-1539,1821,1.784960075121E9
67116854|1|0|0|9|1,1.785001816956E9,67116854,block_result,1,DF76C5B430C306B7694106E1380F529A6AE4914BEC3CA9873F6EEAD9088B96D5,0,0,9,0,1,osmo1srgysthmuqpw4f6qsrektu2glj59hz6lt44dyp,genesis1srgysthmuqpw4f6qsrektu2glj59hz6la8jtkx,2142938006914893812097,ibc/F16FDC11A7662B86BC0B9CE61871CBACF7C20606F95E86260FD38915184B75B4,transfer/channel-253/el1,,channel-253,channel-1,connection-1539,1828,1.785001819176E9
67115110|1|0|0|9|1,1.784999688799E9,67115110,block_result,1,8B26F7B1BCFF642B00146BE4F6CE4BAEF98177A88998DC6100CE0AD105D297F3,0,0,9,0,1,osmo1srgysthmuqpw4f6qsrektu2glj59hz6lt44dyp,genesis1srgysthmuqpw4f6qsrektu2glj59hz6la8jtkx,822723704304108125673,ibc/F16FDC11A7662B86BC0B9CE61871CBACF7C20606F95E86260FD38915184B75B4,transfer/channel-253/el1,,channel-253,channel-1,connection-1539,1827,1.784999691193E9
5096200|1|1|0|7|1,1.657447948246E9,5096200,block_result,1,7C9E9BDA0AA96001D8A89BB218A9FA895B9198808CB4B5A6B29A417059314063,1,0,7,0,1,osmo1lgkh6g26jqr7gcgy3afz0w2m5unxyqv7zshsem,genesis1lgkh6g26jqr7gcgy3afz0w2m5unxyqv75zsktu,2376967962714470257,ibc/F16FDC11A7662B86BC0B9CE61871CBACF7C20606F95E86260FD38915184B75B4,transfer/channel-253/el1,,channel-253,channel-1,connection-1539,388,1.71758867336193E9
5096153|1|1|0|7|1,1.657447658132E9,5096153,block_result,1,FFF9CDE4DDCB49F71A976F957359EB285586B66F857CBDAE14CB5B8A8DA165A3,1,0,7,0,1,osmo1lgkh6g26jqr7gcgy3afz0w2m5unxyqv7zshsem,genesis1lgkh6g26jqr7gcgy3afz0w2m5unxyqv75zsktu,1000000000000000000,ibc/F16FDC11A7662B86BC0B9CE61871CBACF7C20606F95E86260FD38915184B75B4,transfer/channel-253/el1,,channel-253,channel-1,connection-1539,387,1.717588673691766E9
5103313|1|2|0|7|1,1.657492649702E9,5103313,block_result,1,88347C27442B8AD596448D1AEFC56568B17BF8BB4CD458A42393D33058CF98FC,2,0,7,0,1,osmo1s84q7zy0a0f7dchrpj2fk89gyglkwm2eqrzwxu,genesis1s84q7zy0a0f7dchrpj2fk89gyglkwm2ek39g5m,143963193392453096424,ibc/F16FDC11A7662B86BC0B9CE61871CBACF7C20606F95E86260FD38915184B75B4,transfer/channel-253/el1,,channel-253,channel-1,connection-1539,390,1.717588426813252E9
5090420|1|3|0|7|1,1.657411971859E9,5090420,block_result,1,2D27B3B50D0EF3ECC09BD93344A5E35754911EBCAD4E8DD9184E7D05F5AA32F8,3,0,7,0,1,osmo1v2z9rwxt5y98pnrs6ryhqp08ay5azzvmw92wnm,genesis1v2z9rwxt5y98pnrs6ryhqp08ay5azzvmchdgpu,14086000000000000000000,ibc/F16FDC11A7662B86BC0B9CE61871CBACF7C20606F95E86260FD38915184B75B4,transfer/channel-253/el1,,channel-253,channel-1,connection-1539,386,1.717588745156586E9
5096598|1|2|0|7|1,1.657450421618E9,5096598,block_result,1,34858FE4EC2B74F1F8A2ADD434786B68454ABC2A495364D0456E096ED6820772,2,0,7,0,1,osmo1zlnj7v8p37ypdjph8gqxva4w4ptl95g93swhgf,genesis1zlnj7v8p37ypdjph8gqxva4w4ptl95g98zf36w,47525418758708401628,ibc/F16FDC11A7662B86BC0B9CE61871CBACF7C20606F95E86260FD38915184B75B4,transfer/channel-253/el1,,channel-253,channel-1,connection-1539,389,1.717588917659099E9
5386435|1|11|0|7|1,1.659258343272E9,5386435,block_result,1,685DBF50EEACBD717A1E960894E64AD6D6D8F1340E61CB0F92F6A3F37AD33119,11,0,7,0,1,osmo16nnr0uecq8yn6arana4rddfmaecyj68xae932a,genesis16nnr0uecq8yn6arana4rddfmaecyj68xttzhc6,10999869999999870000,ibc/F16FDC11A7662B86BC0B9CE61871CBACF7C20606F95E86260FD38915184B75B4,transfer/channel-253/el1,,channel-253,channel-1,connection-1539,462,1.717552975520739E9
5382790|1|5|0|7|1,1.659235693023E9,5382790,block_result,1,B4E70B2F51316E72419C1C26E1F5FF16B264FDB9C17B27D442B8D864572CFD58,5,0,7,0,1,osmo1qly96sy3yklkwv6cf4he5ves4qu8yn58jnqsyy,genesis1qly96sy3yklkwv6cf4he5ves4qu8yn58yp8kkr,2000000000000000000,ibc/F16FDC11A7662B86BC0B9CE61871CBACF7C20606F95E86260FD38915184B75B4,transfer/channel-253/el1,,channel-253,channel-1,connection-1539,460,1.717552439648587E9
5384297|1|11|0|7|1,1.65924508819E9,5384297,block_result,1,1546E7319E2015D71D61C6D39DC900818B1BB021AEF70F5CB5D236BC5CD44B88,11,0,7,0,1,osmo1tw2k54qzxd90kfc2nwnrjek3kkp8wrfg2qkpyk,genesis1tw2k54qzxd90kfc2nwnrjek3kkp8wrfguj38k3,2293490614154975532,ibc/F16FDC11A7662B86BC0B9CE61871CBACF7C20606F95E86260FD38915184B75B4,transfer/channel-253/el1,,channel-253,channel-1,connection-1539,461,1.717552335661677E9
5389956|1|3|0|7|1,1.659280219147E9,5389956,block_result,1,05439C8BE4B2A53D4C22AA90AD3244BC591CDEF3533BE79D18FA653AC9A14529,3,0,7,0,1,osmo1v2z9rwxt5y98pnrs6ryhqp08ay5azzvmw92wnm,genesis1v2z9rwxt5y98pnrs6ryhqp08ay5azzvmchdgpu,21837000000000000000000,ibc/F16FDC11A7662B86BC0B9CE61871CBACF7C20606F95E86260FD38915184B75B4,transfer/channel-253/el1,,channel-253,channel-1,connection-1539,463,1.717553088693527E9
6699460|1|8|0|7|1,1.66731070125E9,6699460,block_result,1,04AB84804BB43AF97EEA6ED0FBDA36E36F05D828734B214F505F11A63A688E86,8,0,7,0,1,osmo1gctysa67efud575ch9yg5r3eufd5s0ghsse5cy,genesis1gctysa67efud575ch9yg5r3eufd5s0ghxz7j2r,10000000000000000000,ibc/F16FDC11A7662B86BC0B9CE61871CBACF7C20606F95E86260FD38915184B75B4,transfer/channel-253/el1,,channel-253,channel-1,connection-1539,990,1.717508847816037E9
6698437|1|20|0|7|1,1.667304598271E9,6698437,block_result,1,9EC39F64DBD6EF8B528B3A20123E2F8562A14DBD77DB8BC2A45D769ABBDB5C95,20,0,7,0,1,osmo1kh6g3rt23p29kvp0hwjwk3j54fmtu7g7lrna0j,genesis1kh6g3rt23p29kvp0hwjwk3j54fmtu7g7f35ma4,55757648371509623745,ibc/F16FDC11A7662B86BC0B9CE61871CBACF7C20606F95E86260FD38915184B75B4,transfer/channel-253/el1,,channel-253,channel-1,connection-1539,989,1.717519055481178E9
6696142|1|28|0|7|1,1.667290930072E9,6696142,block_result,1,D13D8562828F7732B6F205F96B08DEC323301DC0539C6F740B95DA3FA7671E50,28,0,7,0,1,osmo1z5dlp3eehqh20lgv8u25devedkjm567a2zzmlj,genesis1z5dlp3eehqh20lgv8u25devedkjm567aus9ad4,8459003606660953362,ibc/F16FDC11A7662B86BC0B9CE61871CBACF7C20606F95E86260FD38915184B75B4,transfer/channel-253/el1,,channel-253,channel-1,connection-1539,988,1.717519169210588E9
32838140|1|1|0|9|1,1.743674618101E9,32838140,block_result,1,E8E7217B76244E417506CC7E4BD4FF177BFFFA55D793B96E5A99F89B0B2DCEBC,1,0,9,0,1,osmo16aypymlama0lk5s8c9s30s09eacpvwnav7ewjv,genesis16aypymlama0lk5s8c9s30s09eacpvwna6v7gqt,20000000000000000000000,ibc/F16FDC11A7662B86BC0B9CE61871CBACF7C20606F95E86260FD38915184B75B4,transfer/channel-253/el1,,channel-253,channel-1,connection-1539,1452,1.743674649120845E9
32813047|1|0|0|9|1,1.743642551215E9,32813047,block_result,1,B26B53099F0E8EB67333E6AA19D965943F93550ABBC1279B6ABE3C34D7529A00,0,0,9,0,1,osmo1zpfvdg466yte80pgye4ycfkyndnq222nv7yxke,genesis1zpfvdg466yte80pgye4ycfkyndnq222n6vrqy7,13141897000000000000,ibc/F16FDC11A7662B86BC0B9CE61871CBACF7C20606F95E86260FD38915184B75B4,transfer/channel-253/el1,,channel-253,channel-1,connection-1539,1450,1.743642604320949E9
32813149|1|0|0|9|1,1.743642680965E9,32813149,block_result,1,5045EF42C7750D46459B0B9E58CE6D2C02010B69786A304ED7B8EE1C6022D3CA,0,0,9,0,1,osmo1zpfvdg466yte80pgye4ycfkyndnq222nv7yxke,genesis1zpfvdg466yte80pgye4ycfkyndnq222n6vrqy7,79400000000010000000000,ibc/F16FDC11A7662B86BC0B9CE61871CBACF7C20606F95E86260FD38915184B75B4,transfer/channel-253/el1,,channel-253,channel-1,connection-1539,1451,1.743642724874856E9
26635394|1|2|0|9|1,1.735504999136E9,26635394,block_result,1,6DC022D35EA8E6FBF76AEA99D812F342F6A63FA4A551C53621292598E647E90E,2,0,9,0,1,osmo1k75w2s26rekktazwp5l9ghv2ccp4mvtxw55xag,genesis1k75w2s26rekktazwp5l9ghv2ccp4mvtxcxnq00,10000000000000000000,ibc/F16FDC11A7662B86BC0B9CE61871CBACF7C20606F95E86260FD38915184B75B4,transfer/channel-253/el1,,channel-253,channel-1,connection-1539,1398,1.735505001925428E9
61269283|1|0|0|9|1,1.778358778803E9,61269283,block_result,1,083B77A40BE3379B9E093665048E0C293593B00A992361174FE7BE9CA64F8AA5,0,0,9,0,1,osmo10yu8w9p4p0szf2xwhtndmfjnp0gfk4j7j3azdm,genesis10yu8w9p4p0szf2xwhtndmfjnp0gfk4j7yr6ylu,19999000000000000000000,ibc/F16FDC11A7662B86BC0B9CE61871CBACF7C20606F95E86260FD38915184B75B4,transfer/channel-253/el1,,channel-253,channel-1,connection-1539,1632,1.778358784581E9
61267217|1|2|0|9|1,1.778356371312E9,61267217,block_result,1,FF55AFCF6413CE87764591B34CB51A374F6D8B6D0AA945494587468FEE858DCB,2,0,9,0,1,osmo1kyly26j3kpac52d5chqar82c7m9eukfmy5707c,genesis1kyly26j3kpac52d5chqar82c7m9eukfmjxefvl,29583223214813054475174,ibc/F16FDC11A7662B86BC0B9CE61871CBACF7C20606F95E86260FD38915184B75B4,transfer/channel-253/el1,,channel-253,channel-1,connection-1539,1630,1.778356377261E9
61267398|1|0|0|9|1,1.778356578069E9,61267398,block_result,1,F85A7CD788C6F9576082EB22016FFAE9E25394EC3EA46B9CA3B7622329851C43,0,0,9,0,1,osmo1kyly26j3kpac52d5chqar82c7m9eukfmy5707c,genesis1kyly26j3kpac52d5chqar82c7m9eukfmjxefvl,83720521697920944164743,ibc/F16FDC11A7662B86BC0B9CE61871CBACF7C20606F95E86260FD38915184B75B4,transfer/channel-253/el1,,channel-253,channel-1,connection-1539,1631,1.778356581233E9
16302355|1|2|0|9|1,1.71727269099E9,16302355,block_result,1,EF885DA47588A08AB871A6B57E8A90E500D18758C12D6C35AD6BE944B5BF78C4,2,0,9,0,1,osmo16aypymlama0lk5s8c9s30s09eacpvwnav7ewjv,genesis16aypymlama0lk5s8c9s30s09eacpvwna6v7gqt,5400000000000000000000,ibc/F16FDC11A7662B86BC0B9CE61871CBACF7C20606F95E86260FD38915184B75B4,transfer/channel-253/el1,,channel-253,channel-1,connection-1539,1370,1.717272789217722E9
8174273|1|15|0|7|1,1.675824022433E9,8174273,block_result,1,681116D33C2B42986AB5AE0A7A27CA28E2986B41E05EFB31DE80F3BC55F9ADF3,15,0,7,0,1,osmo1st78h3fws34rdlcr80rcwrx96u228rvevzxzm5,genesis1st78h3fws34rdlcr80rcwrx96u228rve6spyfn,10900000000000000000,ibc/F16FDC11A7662B86BC0B9CE61871CBACF7C20606F95E86260FD38915184B75B4,transfer/channel-253/el1,,channel-253,channel-1,connection-1539,1135,1.717474706943719E9
15820545|1|1|0|9|1,1.715992171001E9,15820545,block_result,1,E64A505C9730BFBB4098895115F7DCD550564AB37CCC898E93A629630E9F71BE,1,0,9,0,1,osmo1kwpeul6jcfgpm6flurkgu22u4u9t4jjxldcj7t,genesis1z5psswlgxn7ap0uckqrxkullp9au2tpgqtk6gh,11000000000000000000,ibc/F16FDC11A7662B86BC0B9CE61871CBACF7C20606F95E86260FD38915184B75B4,transfer/channel-253/el1,,channel-253,channel-1,connection-1539,1353,1.716990324044725E9
15896610|1|3|0|9|1,1.716213354123E9,15896610,block_result,1,9DFB45EB436C9319A0EFBDA78FCFFEC2D55C1A4BEC187D116329BDA72B35D3B5,3,0,9,0,1,osmo1s84q7zy0a0f7dchrpj2fk89gyglkwm2eqrzwxu,genesis1s84q7zy0a0f7dchrpj2fk89gyglkwm2ek39g5m,1000000000000000000,ibc/F16FDC11A7662B86BC0B9CE61871CBACF7C20606F95E86260FD38915184B75B4,transfer/channel-253/el1,,channel-253,channel-1,connection-1539,1356,1.716988895030301E9
67318459|1|5|0|9|1,1.785243918555E9,67318459,block_result,1,59D002EA05DC816A876F1EEE2E1726B8210BEA868701595B5C1B24DBCDCC0664,5,0,9,0,1,osmo16aypymlama0lk5s8c9s30s09eacpvwnav7ewjv,genesis16aypymlama0lk5s8c9s30s09eacpvwna6v7gqt,1674140508221225710015,ibc/F16FDC11A7662B86BC0B9CE61871CBACF7C20606F95E86260FD38915184B75B4,transfer/channel-253/el1,,channel-253,channel-1,connection-1539,1846,1.785243920948E9
67327115|1|3|0|9|1,1.785254257015E9,67327115,block_result,1,55837D9767DB9558DB1C0DA897899F0292F65D80BA13B11CCD9D9AF6B53A9F49,3,0,9,0,1,osmo1hgp002gnpvas3jz0xawh8ek39nghjycxqg8t8e,genesis1hgp002gnpvas3jz0xawh8ek39nghjycxk6qd47,10270250904618030261414,ibc/F16FDC11A7662B86BC0B9CE61871CBACF7C20606F95E86260FD38915184B75B4,transfer/channel-253/el1,,channel-253,channel-1,connection-1539,1850,1.78525426224E9
67317805|1|0|0|9|1,1.785243135666E9,67317805,block_result,1,AB7F55DD11049501EFDB7D56789299D2A59B31F721FB50E633B197B1CC1F5076,0,0,9,0,1,osmo1hgp002gnpvas3jz0xawh8ek39nghjycxqg8t8e,genesis1hgp002gnpvas3jz0xawh8ek39nghjycxk6qd47,2977578475336322869955,ibc/F16FDC11A7662B86BC0B9CE61871CBACF7C20606F95E86260FD38915184B75B4,transfer/channel-253/el1,,channel-253,channel-1,connection-1539,1845,1.78524313798E9
67316870|1|0|0|9|1,1.785242020018E9,67316870,block_result,1,EED547AC6144C09151771569A64C9EAC99B3DAA28A54DFA08E2BD7595550CC3A,0,0,9,0,1,osmo1hgp002gnpvas3jz0xawh8ek39nghjycxqg8t8e,genesis1hgp002gnpvas3jz0xawh8ek39nghjycxk6qd47,11958146487294469357,ibc/F16FDC11A7662B86BC0B9CE61871CBACF7C20606F95E86260FD38915184B75B4,transfer/channel-253/el1,,channel-253,channel-1,connection-1539,1844,1.785242022712E9
67318801|1|0|0|9|1,1.785244332474E9,67318801,block_result,1,AFD40EBA803949BB70F8B2AA99918423898E0CA5C15C004780B1438529C4896C,0,0,9,0,1,osmo1ag940t2gd4sn0wey7xgfjl83x2t5v62m6629pc,genesis1jkz3a9w9p5ats6y8wpaf5azhpm39zzu024acug,5000000000000000000000,ibc/F16FDC11A7662B86BC0B9CE61871CBACF7C20606F95E86260FD38915184B75B4,transfer/channel-253/el1,,channel-253,channel-1,connection-1539,1847,1.785244335076E9
67319143|1|0|0|9|1,1.785244739708E9,67319143,block_result,1,704113AD1CE4E7DD174D8FF44D2BEE181C9C91345A2A37CAE6921227120C9E71,0,0,9,0,1,osmo1ag940t2gd4sn0wey7xgfjl83x2t5v62m6629pc,genesis1jkz3a9w9p5ats6y8wpaf5azhpm39zzu024acug,5000000000000000000000,ibc/F16FDC11A7662B86BC0B9CE61871CBACF7C20606F95E86260FD38915184B75B4,transfer/channel-253/el1,,channel-253,channel-1,connection-1539,1848,1.785244743205E9
67319964|1|45|0|9|1,1.785245717542E9,67319964,block_result,1,98846B4A63887A3BDE51E2440965ACF1CFCA8416F0B1B5461D8C1F6ADC46EA08,45,0,9,0,1,osmo1yaaemqhc8776gxy0e2l53nrw6dmewd7sfa82vg,genesis1yaaemqhc8776gxy0e2l53nrw6dmewd7sl0qv70,215246636771300448430,ibc/F16FDC11A7662B86BC0B9CE61871CBACF7C20606F95E86260FD38915184B75B4,transfer/channel-253/el1,,channel-253,channel-1,connection-1539,1849,1.78524572157E9
16103765|1|2|0|9|1,1.716760639085E9,16103765,block_result,1,FC958E1C71EE89BBDB0BAA00D6E89503E3D9857FA08ECD64AA67B0EA506E6274,2,0,9,0,1,osmo16aypymlama0lk5s8c9s30s09eacpvwnav7ewjv,genesis16aypymlama0lk5s8c9s30s09eacpvwna6v7gqt,4330434855498530123228,ibc/F16FDC11A7662B86BC0B9CE61871CBACF7C20606F95E86260FD38915184B75B4,transfer/channel-253/el1,,channel-253,channel-1,connection-1539,1365,1.716983960183071E9
28472763|1|1|0|9|1,1.737997468022E9,28472763,block_result,1,FF9BAEF8083715B3848807838FB8786C164C7FE2689807E12B1203ABA17ECB9F,1,0,9,0,1,osmo16aypymlama0lk5s8c9s30s09eacpvwnav7ewjv,genesis16aypymlama0lk5s8c9s30s09eacpvwna6v7gqt,3700000000000000000000,ibc/F16FDC11A7662B86BC0B9CE61871CBACF7C20606F95E86260FD38915184B75B4,transfer/channel-253/el1,,channel-253,channel-1,connection-1539,1409,1.737997475566131E9
28472878|1|0|0|9|1,1.73799762038E9,28472878,block_result,1,2542148A8F4F6867F6B21B5818FBCA8A20D9E9638CAA2694557FEBEB508A13C5,0,0,9,0,1,osmo16aypymlama0lk5s8c9s30s09eacpvwnav7ewjv,genesis1jvh8rple9vrc0egw6edk0t98tnpx4ffm2gwfta,14000000000000000000000,ibc/F16FDC11A7662B86BC0B9CE61871CBACF7C20606F95E86260FD38915184B75B4,transfer/channel-253/el1,,channel-253,channel-1,connection-1539,1410,1.737997623276202E9
8166300|1|2|0|7|1,1.675778663932E9,8166300,block_result,1,8085DBB708F240DBFCC5256C45E5BC69C2CA9C3A4935E7BE105982B3A31AECDD,2,0,7,0,1,osmo15aq8hur3uz7yz2q8juewm2s2rjchgma0s6ujxr,genesis15aq8hur3uz7yz2q8juewm2s2rjchgma0xgm55y,118112987381900365775,ibc/F16FDC11A7662B86BC0B9CE61871CBACF7C20606F95E86260FD38915184B75B4,transfer/channel-253/el1,,channel-253,channel-1,connection-1539,1134,1.717474911433412E9
8137642|1|17|0|5|1,1.675618166916E9,8137642,block_result,1,518B9C83858F8E2100AB04ECED01C1080DDE36F313AF42561593F15E2255988C,17,0,5,0,1,osmo1k9pv0gdryvu9nfacfhvyffmvnhqzsaj6njdxp0,terra18guxg3qqvtzal0fd3n907v6cupnhr95v5n67dq,66666000000,ibc/F16FDC11A7662B86BC0B9CE61871CBACF7C20606F95E86260FD38915184B75B4,transfer/channel-253/el1,,channel-251,channel-1,connection-1536,7107,1.717475245033253E9
50961578|1|0|0|9|1,1.766175050344E9,50961578,block_result,1,F352FFC512E6399CD9BAAE54C739AF95D486BD809641574DABAB912A93380061,0,0,9,0,1,osmo19h65cmarqlpaz80ja26jtn4gamuvwla00r0f66,genesis19h65cmarqlpaz80ja26jtn4gamuvwla0e3g0ga,500000000000000000000,ibc/F16FDC11A7662B86BC0B9CE61871CBACF7C20606F95E86260FD38915184B75B4,transfer/channel-253/el1,,channel-253,channel-1,connection-1539,1524,1.766175052861522E9
50961642|1|1|0|9|1,1.766175123816E9,50961642,block_result,1,E1CA4344604AB8CAD08C58FA8B5EE550312423835FF73CA5638F06DAF60EB2F3,1,0,9,0,1,osmo19h65cmarqlpaz80ja26jtn4gamuvwla00r0f66,genesis19h65cmarqlpaz80ja26jtn4gamuvwla0e3g0ga,30530000000000000000000,ibc/F16FDC11A7662B86BC0B9CE61871CBACF7C20606F95E86260FD38915184B75B4,transfer/channel-253/el1,,channel-253,channel-1,connection-1539,1525,1.766175126386466E9
9016000|1|2|0|7|1,1.680600097161E9,9016000,block_result,1,C6CF37B0B0394CCFC73A256F84B6ABDF223514E3FB0A689AF1A9DCE75AF8444E,2,0,7,0,1,osmo12trcwfd0e82g6904ntgka7y72efjp82hxc5csg,genesis12trcwfd0e82g6904ntgka7y72efjp82hs2n7z0,753938391490734056,ibc/F16FDC11A7662B86BC0B9CE61871CBACF7C20606F95E86260FD38915184B75B4,transfer/channel-253/el1,,channel-253,channel-1,connection-1539,1220,1.717452827156301E9
9017428|1|12|0|7|1,1.680608227357E9,9017428,block_result,1,68882DA5986FB3687775F0BCAD33DA10121B0CAB660907C5813878B18F822DA0,12,0,7,0,1,osmo1u0mwg4z3etpa2aesleq8l5fp3cpacwqhgv0gcf,genesis1u0mwg4z3etpa2aesleq8l5fp3cpacwqh77gw2w,993599512499790000,ibc/F16FDC11A7662B86BC0B9CE61871CBACF7C20606F95E86260FD38915184B75B4,transfer/channel-253/el1,,channel-253,channel-1,connection-1539,1221,1.717452703529446E9
9011391|1|0|0|7|1,1.680573733506E9,9011391,block_result,1,B83B401C7AD3C23CF613CD0DFCA38443D29FF04563424EA960C4D84539E385A0,0,0,7,0,1,osmo1uvnk984yhpw48jfu5srvsrqdt03kkvlcjqx8x5,genesis1uvnk984yhpw48jfu5srvsrqdt03kkvlcyjpp5n,17895786746549827542,ibc/F16FDC11A7662B86BC0B9CE61871CBACF7C20606F95E86260FD38915184B75B4,transfer/channel-253/el1,,channel-253,channel-1,connection-1539,1219,1.717453701118858E9
14410344|1|4|0|9|1,1.710971664219E9,14410344,block_result,1,959C659C459FF15F4159FB4F732746EEE87BD7A710AA9D8F7F677BFEE5637FC0,4,0,9,0,1,osmo182dudq2zyucgrax5uk6tws0mxne7zv39v08u6r,genesis182dudq2zyucgrax5uk6tws0mxne7zv396aq6gy,722441964317087624,ibc/F16FDC11A7662B86BC0B9CE61871CBACF7C20606F95E86260FD38915184B75B4,transfer/channel-253/el1,,channel-253,channel-1,connection-1539,1290,1.717033152784431E9
55838587|1|0|0|9|1,1.771959053749E9,55838587,block_result,1,46FD618E29DB3E4FD0267F248EECD1252C020D4612DB499FFA54F1A5D5C43286,0,0,9,0,1,osmo1yaaemqhc8776gxy0e2l53nrw6dmewd7sfa82vg,genesis1yaaemqhc8776gxy0e2l53nrw6dmewd7sl0qv70,627058837994931321572,ibc/F16FDC11A7662B86BC0B9CE61871CBACF7C20606F95E86260FD38915184B75B4,transfer/channel-253/el1,,channel-253,channel-1,connection-1539,1572,1.771959056364E9
55838716|1|2|0|9|1,1.771959216549E9,55838716,block_result,1,3768B99748A677CEE0E8D6DA80143AD1C9FEA2EEDB6030F287D2CF5EE961C907,2,0,9,0,1,osmo1yaaemqhc8776gxy0e2l53nrw6dmewd7sfa82vg,genesis1yaaemqhc8776gxy0e2l53nrw6dmewd7sl0qv70,24455294681802321541306,ibc/F16FDC11A7662B86BC0B9CE61871CBACF7C20606F95E86260FD38915184B75B4,transfer/channel-253/el1,,channel-253,channel-1,connection-1539,1573,1.771959222938E9
4713032|1|1|0|7|1,1.654656327238E9,4713032,block_result,1,2E251C6E561B5AB066D6955F65B2A1BA635198A40A42EBF85A1F24F2BED01844,1,0,7,0,1,osmo10yu8w9p4p0szf2xwhtndmfjnp0gfk4j7j3azdm,genesis10yu8w9p4p0szf2xwhtndmfjnp0gfk4j7yr6ylu,11005000000000000000000,ibc/F16FDC11A7662B86BC0B9CE61871CBACF7C20606F95E86260FD38915184B75B4,transfer/channel-253/el1,,channel-253,channel-1,connection-1539,218,1.717584587875434E9
35194282|1|3|0|9|1,1.746699195998E9,35194282,block_result,1,BD6095569ED45847BC87059D8FB96A679AC0336D473B602787E1A659C11747F3,3,0,9,0,1,osmo1tlan9udzf8ud5xjgcyl7w293yjmnkz5mgdj7vd,genesis1tlan9udzf8ud5xjgcyl7w293yjmnkz5m7l4c72,56534914484861350811963,ibc/F16FDC11A7662B86BC0B9CE61871CBACF7C20606F95E86260FD38915184B75B4,transfer/channel-253/el1,,channel-253,channel-1,connection-1539,1479,1.746699244064519E9
28141628|1|3|0|9|1,1.737546342999E9,28141628,block_result,1,EBC338C0C5F30BE47A5495C6FFE8559512048AF9FBA4CF634AD10DF948C0A10B,3,0,9,0,1,osmo16aypymlama0lk5s8c9s30s09eacpvwnav7ewjv,genesis16aypymlama0lk5s8c9s30s09eacpvwna6v7gqt,15000000000000000000000,ibc/F16FDC11A7662B86BC0B9CE61871CBACF7C20606F95E86260FD38915184B75B4,transfer/channel-253/el1,,channel-253,channel-1,connection-1539,1405,1.737546345934181E9
9214999|1|2|0|7|1,1.681736698103E9,9214999,block_result,1,7767C9DCABA81AA3529B41FECE1BECD63DD9AD004D53A2A59A9F0FF0D8E9649E,2,0,7,0,1,osmo13gjvhglmljamj6rvl5s6klt4e4dr0ukswekqlc,genesis13gjvhglmljamj6rvl5s6klt4e4dr0uksct3xdl,3423157870744740301,ibc/F16FDC11A7662B86BC0B9CE61871CBACF7C20606F95E86260FD38915184B75B4,transfer/channel-253/el1,,channel-253,channel-1,connection-1539,1246,1.717447674313268E9
67268261|1|0|0|9|1,1.785183767032E9,67268261,block_result,1,E448983FF84A5A7B773E3C9AD3BE01F4BA7868812E7E8D0FF656A200F96CF0C2,0,0,9,0,1,osmo1ag940t2gd4sn0wey7xgfjl83x2t5v62m6629pc,genesis107ff0tztguhn637e0jf3pjecs7kk333gaprfj3,5000000000000000000000,ibc/F16FDC11A7662B86BC0B9CE61871CBACF7C20606F95E86260FD38915184B75B4,transfer/channel-253/el1,,channel-253,channel-1,connection-1539,1843,1.785183769707E9
67267751|1|0|0|9|1,1.785183152271E9,67267751,block_result,1,B18A73DEFBB53186D9ABA7B0FF4C915436612DB88A54E4A8104AAA7B4962EB36,0,0,9,0,1,osmo1ag940t2gd4sn0wey7xgfjl83x2t5v62m6629pc,genesis107ff0tztguhn637e0jf3pjecs7kk333gaprfj3,2000000000000000000000,ibc/F16FDC11A7662B86BC0B9CE61871CBACF7C20606F95E86260FD38915184B75B4,transfer/channel-253/el1,,channel-253,channel-1,connection-1539,1842,1.785183154653E9
67267658|1|1|0|9|1,1.785183037535E9,67267658,block_result,1,9134C3A095C9670B7228A7C9640164440B3543ADF3E2DE9213F104C0E464B558,1,0,9,0,1,osmo1ag940t2gd4sn0wey7xgfjl83x2t5v62m6629pc,genesis107ff0tztguhn637e0jf3pjecs7kk333gaprfj3,100000000000000000000,ibc/F16FDC11A7662B86BC0B9CE61871CBACF7C20606F95E86260FD38915184B75B4,transfer/channel-253/el1,,channel-253,channel-1,connection-1539,1841,1.785183040942E9
67246255|1|0|0|9|1,1.785157230987E9,67246255,block_result,1,6F704161C08BC13F9DC05CE62AD0BCD8B642980A1FD49169295E734E4CD4B813,0,0,9,0,1,osmo14jyz5lnr63nqva6xcppf05hnv64e7gwsc27z7q,genesis14jyz5lnr63nqva6xcppf05hnv64e7gwswceyv8,1009212140489104954541,ibc/F16FDC11A7662B86BC0B9CE61871CBACF7C20606F95E86260FD38915184B75B4,transfer/channel-253/el1,,channel-253,channel-1,connection-1539,1839,1.785157233538E9
67241347|1|1|0|9|1,1.785151340854E9,67241347,block_result,1,E9C19CB20960C98A4F6A575A62F62F0ECA21BB33CEA6364D11D0BAC8F6030398,1,0,9,0,1,osmo15z5fvkqv25zcpkp5hrceapazyn3dkynrc5ap4g,genesis1566f897wyxakygqwj985r0ehrev5pw6pmnftlg,1000000000000000000,ibc/F16FDC11A7662B86BC0B9CE61871CBACF7C20606F95E86260FD38915184B75B4,transfer/channel-253/el1,,channel-253,channel-1,connection-1539,1838,1.78515134309E9
67239081|1|0|0|9|1,1.785148623367E9,67239081,block_result,1,1D569ACF3C2A26076A2DD78CAE252BA9EF2FD9CCD2E08F56A94D01AB34A0001B,0,0,9,0,1,osmo1jmk7se8zcswaqnudtsfmuka7xl0267njdpxack,genesis1n3acf0jadxa5rfcc5jhey8jywv9zwlusd3sk80,4000000000000000000,ibc/F16FDC11A7662B86BC0B9CE61871CBACF7C20606F95E86260FD38915184B75B4,transfer/channel-253/el1,,channel-253,channel-1,connection-1539,1836,1.785148625663E9
67240669|1|1|0|9|1,1.785150528626E9,67240669,block_result,1,4B31E6A57CEF80350F1BB20F3037AF7651BAAB9734EFF9E9C9C34676693E7EA8,1,0,9,0,1,osmo1srgysthmuqpw4f6qsrektu2glj59hz6lt44dyp,genesis1srgysthmuqpw4f6qsrektu2glj59hz6la8jtkx,483540192931225707330,ibc/F16FDC11A7662B86BC0B9CE61871CBACF7C20606F95E86260FD38915184B75B4,transfer/channel-253/el1,,channel-253,channel-1,connection-1539,1837,1.785150530928E9
67232109|1|0|0|9|1,1.785140235773E9,67232109,block_result,1,60EC3332DB11BD03311BC009C38D237029CDE74C34C7D62AA9C332531A747379,0,0,9,0,1,osmo1srgysthmuqpw4f6qsrektu2glj59hz6lt44dyp,genesis1srgysthmuqpw4f6qsrektu2glj59hz6la8jtkx,1447350708200067410025,ibc/F16FDC11A7662B86BC0B9CE61871CBACF7C20606F95E86260FD38915184B75B4,transfer/channel-253/el1,,channel-253,channel-1,connection-1539,1835,1.785140238013E9
67249807|1|0|0|9|1,1.785161492034E9,67249807,block_result,1,7A4F124A987F637BD05738ADADD5ECF9CAF04E8B7CBEEA07EE35EB8F6C41BBF7,0,0,9,0,1,osmo1srgysthmuqpw4f6qsrektu2glj59hz6lt44dyp,genesis1srgysthmuqpw4f6qsrektu2glj59hz6la8jtkx,1616006914773785897806,ibc/F16FDC11A7662B86BC0B9CE61871CBACF7C20606F95E86260FD38915184B75B4,transfer/channel-253/el1,,channel-253,channel-1,connection-1539,1840,1.785161494302E9
67232092|1|1|0|9|1,1.785140212937E9,67232092,block_result,1,54EFD3BEF69CE14CF5271136727DF09D8C2F35B5A713C4C6874D42F3A7F1DA4B,1,0,9,0,1,osmo1srgysthmuqpw4f6qsrektu2glj59hz6lt44dyp,genesis1srgysthmuqpw4f6qsrektu2glj59hz6la8jtkx,5068050841656779902061,ibc/F16FDC11A7662B86BC0B9CE61871CBACF7C20606F95E86260FD38915184B75B4,transfer/channel-253/el1,,channel-253,channel-1,connection-1539,1834,1.785140215509E9
7015888|1|18|0|7|1,1.669186680812E9,7015888,block_result,1,4C9D484682A426FF90AF16EDAC9FAC9347A7C0F6A5C4420B23464996F3CC9A41,18,0,7,0,1,osmo1fje95rhe9te60pmvwqt436kf8my6ty6cz7ev2l,genesis1fje95rhe9te60pmvwqt436kf8my6ty6c5v72cc,10999869999999870000,ibc/F16FDC11A7662B86BC0B9CE61871CBACF7C20606F95E86260FD38915184B75B4,transfer/channel-253/el1,,channel-253,channel-1,connection-1539,1036,1.717501796420624E9
7023732|1|7|0|7|1,1.669233214426E9,7023732,block_result,1,4FBC5D1A0DC33777D88024505C7B39A20DB20D5DB96CBEC7D03284E3E747933B,7,0,7,0,1,osmo1r9kzs6cqz7l52d0qjnwa0c9v4szc2tnsmpch7y,genesis1r9kzs6cqz7l52d0qjnwa0c9v4szc2tnsdnl3vr,10199869999999870000,ibc/F16FDC11A7662B86BC0B9CE61871CBACF7C20606F95E86260FD38915184B75B4,transfer/channel-253/el1,,channel-253,channel-1,connection-1539,1037,1.717501934633406E9
7025485|1|9|0|7|1,1.669243516861E9,7025485,block_result,1,6730CDA2E544271835D284D3167BD1E546DBE2F00D29483A56767563BA708A4B,9,0,7,0,1,osmo1zg453l326xgrk5nm2prru4teqkym8zc9pe5r0z,genesis1zg453l326xgrk5nm2prru4teqkym8zc9htn9a9,16282162755151119391,ibc/F16FDC11A7662B86BC0B9CE61871CBACF7C20606F95E86260FD38915184B75B4,transfer/channel-253/el1,,channel-253,channel-1,connection-1539,1038,1.717509725918533E9
6530403|1|27|0|7|1,1.666297921959E9,6530403,block_result,1,7EF29887F7B9D5930D6193D2194BA7EA371A6AA83468A890F6385C91ACA55852,27,0,7,0,1,osmo120ynu7jqzennwqmhzuxzqhsencnpwa539tlfde,genesis120ynu7jqzennwqmhzuxzqhsencnpwa53nec0l7,11000869999999870000,ibc/F16FDC11A7662B86BC0B9CE61871CBACF7C20606F95E86260FD38915184B75B4,transfer/channel-253/el1,,channel-253,channel-1,connection-1539,963,1.717523331424902E9
6523714|1|0|0|7|1,1.666257656176E9,6523714,block_result,1,A87B9B495B6D605163166E461E2A3321B21CE562767A548C50DB82BF6A197DAD,0,0,7,0,1,osmo15hycee5ppgttjt96kju83jc9hm00qh5wqs0psq,genesis15hycee5ppgttjt96kju83jc9hm00qh5wkzg8z8,5480000000000000000,ibc/F16FDC11A7662B86BC0B9CE61871CBACF7C20606F95E86260FD38915184B75B4,transfer/channel-253/el1,,channel-253,channel-1,connection-1539,960,1.717523446908277E9
6523865|1|12|0|7|1,1.666258547182E9,6523865,block_result,1,FB60144CDA1A7CF0D8DAFF045F7A1D2456F8C4DBF8B1D6AF78A0947F4D001EC7,12,0,7,0,1,osmo18lxka45l78ljrceejj336kqc4j0r4kenrslnmh,genesis18lxka45l78ljrceejj336kqc4j0r4ken4zc4fs,5480000000000000000,ibc/F16FDC11A7662B86BC0B9CE61871CBACF7C20606F95E86260FD38915184B75B4,transfer/channel-253/el1,,channel-253,channel-1,connection-1539,961,1.717513871438876E9
6518271|1|11|0|7|1,1.666225451654E9,6518271,block_result,1,1C020725230FED53C89E5D1C7F57DBD6C3EE1409094CA40D644AE3DBE60352DF,11,0,7,0,1,osmo18n33ywygvrrzqspewsh7f5c4dkp00le0mjxfr8,genesis18n33ywygvrrzqspewsh7f5c4dkp00le0dqp03q,249169278232484685078,ibc/F16FDC11A7662B86BC0B9CE61871CBACF7C20606F95E86260FD38915184B75B4,transfer/channel-253/el1,,channel-253,channel-1,connection-1539,959,1.717514271424515E9
6524005|1|18|0|7|1,1.666259381046E9,6524005,block_result,1,9020A6B4B9F07B00AC67954416863D5B7E732C6DFF2C6833939B21ED5B4815E0,18,0,7,0,1,osmo1zyfgmmctnhllyhydmtry8epagdk4328a6hx2gu,genesis1zyfgmmctnhllyhydmtry8epagdk4328av9pv6m,5480000000000000000,ibc/F16FDC11A7662B86BC0B9CE61871CBACF7C20606F95E86260FD38915184B75B4,transfer/channel-253/el1,,channel-253,channel-1,connection-1539,962,1.717513858727004E9
21755272|1|2|0|9|1,1.727893706617E9,21755272,block_result,1,5EF06ADDB13643A0DC5D038196370575F4912911F7C5D535F7D799464320A626,2,0,9,0,1,osmo1vmjdd0uh783h6068nvjsvw0uvs57v5h50793hw,genesis1vmjdd0uh783h6068nvjsvw0uvs57v5h5evzh9f,100000000000000000000,ibc/F16FDC11A7662B86BC0B9CE61871CBACF7C20606F95E86260FD38915184B75B4,transfer/channel-253/el1,,channel-253,channel-1,connection-1539,1392,1.727893709489372E9
21755177|1|0|0|9|1,1.727893546857E9,21755177,block_result,1,678064FCDC8163CFC2E035DB988C06E641DD9DB88B116628201CC11CF0B3122A,0,0,9,0,1,osmo1vmjdd0uh783h6068nvjsvw0uvs57v5h50793hw,genesis1vmjdd0uh783h6068nvjsvw0uvs57v5h5evzh9f,100000000000000000000,ibc/F16FDC11A7662B86BC0B9CE61871CBACF7C20606F95E86260FD38915184B75B4,transfer/channel-253/el1,,channel-253,channel-1,connection-1539,1391,1.727893554493166E9
6175987|1|2|0|7|1,1.664130362156E9,6175987,block_result,1,4DF8FE9F81A344569A05F585D96F1D952827851DDBBB870BFFE8D8B7588F3540,2,0,7,0,1,osmo1cznz25m7sxngn4q5rgncec4uaxkfz04gmlt5wk,genesis1cznz25m7sxngn4q5rgncec4uaxkfz04gddvju3,10999869999999870000,ibc/F16FDC11A7662B86BC0B9CE61871CBACF7C20606F95E86260FD38915184B75B4,transfer/channel-253/el1,,channel-253,channel-1,connection-1539,856,1.717526301869377E9
6165647|1|3|0|7|1,1.664067152906E9,6165647,block_result,1,3641E89F280E0BA879E77CA3B1056B31A3AFB8E3FB48FAA885AFF69723394AEA,3,0,7,0,1,osmo1l7s5a7vp9j7welu48g8ply3eg8mce33ch5400n,genesis1l7s5a7vp9j7welu48g8ply3eg8mce33cpxjfa5,313386532967501981,ibc/F16FDC11A7662B86BC0B9CE61871CBACF7C20606F95E86260FD38915184B75B4,transfer/channel-253/el1,,channel-253,channel-1,connection-1539,855,1.717526419563162E9
6177249|1|0|0|7|1,1.6641380754E9,6177249,block_result,1,CA3C8BA38D6BF12B797576F37F6A20B0A910EA61858583A0A9CB3BC1E07EA5C9,0,0,7,0,1,osmo1tnsd8354rp3flf5je9zva0s2xktrgweccmttcf,genesis1tnsd8354rp3flf5je9zva0s2xktrgwecwfvd2w,79261599211470966143,ibc/F16FDC11A7662B86BC0B9CE61871CBACF7C20606F95E86260FD38915184B75B4,transfer/channel-253/el1,,channel-253,channel-1,connection-1539,857,1.717526287145485E9
6556409|1|9|0|7|1,1.66645265275E9,6556409,block_result,1,4AA2B53569B00D524FDEB0E62282F7B2A32F05870B216239AFCDC4469D359FFD,9,0,7,0,1,osmo1ym0dmpfg6pmgqqf69uq958gaxkpe3ch9x2j79d,genesis1ym0dmpfg6pmgqqf69uq958gaxkpe3ch9sc4ch2,26410093420631029642,ibc/F16FDC11A7662B86BC0B9CE61871CBACF7C20606F95E86260FD38915184B75B4,transfer/channel-253/el1,,channel-253,channel-1,connection-1539,966,1.717522938282817E9
6554936|1|24|0|7|1,1.666443918186E9,6554936,block_result,1,28184C23120F6EEB3C464A36A3C62BC029291E75787C2D9F7BC420B117C1EFA8,24,0,7,0,1,osmo1f0su7dw6zjhf9924rqlmxx7eecuzwr9w9q6fag,genesis1f0su7dw6zjhf9924rqlmxx7eecuzwr9wnja000,32207000000000000000000,ibc/F16FDC11A7662B86BC0B9CE61871CBACF7C20606F95E86260FD38915184B75B4,transfer/channel-253/el1,,channel-253,channel-1,connection-1539,965,1.717522956320756E9
4976961|1|24|0|7|1,1.656703445193E9,4976961,block_result,1,2B74BFFBB05DD59D83AF9CBD0C3DA8F3AD6A5C68E9FA4A2799C1A1C42540DC06,24,0,7,0,1,osmo16jexsf558vvdwwl2cfj0mzr4x63xjpac5cs9rv,genesis16jexsf558vvdwwl2cfj0mzr4x63xjpacz2hr3t,33009561457723940379,ibc/F16FDC11A7662B86BC0B9CE61871CBACF7C20606F95E86260FD38915184B75B4,transfer/channel-253/el1,,channel-253,channel-1,connection-1539,359,1.717593174380784E9
4966807|1|3|0|7|1,1.656639861193E9,4966807,block_result,1,FEA8676767CCE52D7A2432FCDDCD499E068747A7C5046E33DAEF6EC4CE12EB2B,3,0,7,0,1,osmo10yu8w9p4p0szf2xwhtndmfjnp0gfk4j7j3azdm,genesis10yu8w9p4p0szf2xwhtndmfjnp0gfk4j7yr6ylu,33067000000000000000000,ibc/F16FDC11A7662B86BC0B9CE61871CBACF7C20606F95E86260FD38915184B75B4,transfer/channel-253/el1,,channel-253,channel-1,connection-1539,357,1.717573391685186E9
4975472|1|3|0|7|1,1.656693706743E9,4975472,block_result,1,33F2C7C14227A8C3A4CED903E7778D5CAA510E729970771194C45C8580C61D68,3,0,7,0,1,osmo1ux3j2h446q9yf5dvsw4mwa5fnf07ja9v7hnlwd,genesis1ux3j2h446q9yf5dvsw4mwa5fnf07ja9vg95eu2,90660939915800841858,ibc/F16FDC11A7662B86BC0B9CE61871CBACF7C20606F95E86260FD38915184B75B4,transfer/channel-253/el1,,channel-253,channel-1,connection-1539,358,1.717569611880196E9
4979042|1|4|0|7|1,1.656716385541E9,4979042,block_result,1,6317064EE6EEDBEEDFBD9C37C7095A6DE95CB9D778058DAD2CADF43E4E8F6C53,4,0,7,0,1,osmo1ym0dmpfg6pmgqqf69uq958gaxkpe3ch9x2j79d,genesis1ym0dmpfg6pmgqqf69uq958gaxkpe3ch9sc4ch2,25155245669275171997,ibc/F16FDC11A7662B86BC0B9CE61871CBACF7C20606F95E86260FD38915184B75B4,transfer/channel-253/el1,,channel-253,channel-1,connection-1539,361,1.717593213170874E9
4978665|1|9|0|7|1,1.656714059055E9,4978665,block_result,1,FFBE7A826BC626597165337A9A8BF5174A6268134461A1E971E69A68C1B6F931,9,0,7,0,1,osmo1ux3j2h446q9yf5dvsw4mwa5fnf07ja9v7hnlwd,genesis1ux3j2h446q9yf5dvsw4mwa5fnf07ja9vg95eu2,49770816433842237723,ibc/F16FDC11A7662B86BC0B9CE61871CBACF7C20606F95E86260FD38915184B75B4,transfer/channel-253/el1,,channel-253,channel-1,connection-1539,360,1.717572798944636E9
63083570|1|0|0|9|1,1.780331416016E9,63083570,block_result,1,A08A9E8A4903F4CF5C0AC4347C04BFD6DB602844E73E2674C4B432365575CE52,0,0,9,0,1,osmo1gzn6edx0r2mwavr4rxxzghumhyl77q68700v8f,genesis1gzn6edx0r2mwavr4rxxzghumhyl77q68gag24w,293974886042310355280,ibc/F16FDC11A7662B86BC0B9CE61871CBACF7C20606F95E86260FD38915184B75B4,transfer/channel-253/el1,,channel-253,channel-1,connection-1539,1653,1.780331418572E9
63083357|1|0|0|9|1,1.780331189512E9,63083357,block_result,1,B2EA67BC12D2B2264B9FC5C7DB1F3968E191F620C6C1F7D0BDFE240C557AD4EB,0,0,9,0,1,osmo1yn5yelta2gkcnre7qssrk7eys9z4verlkacrd4,genesis1yn5yelta2gkcnre7qssrk7eys9z4verlq0l9lj,1783601925876323421110,ibc/F16FDC11A7662B86BC0B9CE61871CBACF7C20606F95E86260FD38915184B75B4,transfer/channel-253/el1,,channel-253,channel-1,connection-1539,1652,1.780331192096E9
6622560|1|13|0|7|1,1.666849475065E9,6622560,block_result,1,19A7E19FC5243183B2EE21B59E48E755DD8DE87DC84113C639560B794005A1A0,13,0,7,0,1,osmo17vx59a9897ltpyw6dwr7jvcjk8wyxhc0dlgj0s,genesis1dkjcas3j43u3v6l94jhhhnjxhlnwxt3mr30nfu,17000000000000000000,ibc/F16FDC11A7662B86BC0B9CE61871CBACF7C20606F95E86260FD38915184B75B4,transfer/channel-253/el1,,channel-253,channel-1,connection-1539,980,1.717511296284319E9
16378299|1|2|0|9|1,1.717463892005E9,16378299,block_result,1,96B0136C8EE48E0DEA586E7DCC7C396CDFEC8EE97A7C8F3184086105869CBB99,2,0,9,0,1,osmo16aypymlama0lk5s8c9s30s09eacpvwnav7ewjv,genesis16aypymlama0lk5s8c9s30s09eacpvwna6v7gqt,12000000000000000000000,ibc/F16FDC11A7662B86BC0B9CE61871CBACF7C20606F95E86260FD38915184B75B4,transfer/channel-253/el1,,channel-253,channel-1,connection-1539,1373,1.717463973980718E9
5966389|1|3|0|7|1,1.662848413708E9,5966389,block_result,1,83E61BDEE77E5DD9F504024B7E212AB72D0271CDA0C05D3C311E9987C05146AC,3,0,7,0,1,osmo15zwd722c425xyu6rwkvcd3dmzgxqd69465jtnq,genesis15zwd722c425xyu6rwkvcd3dmzgxqd694vx4dp8,1130000000000000000,ibc/F16FDC11A7662B86BC0B9CE61871CBACF7C20606F95E86260FD38915184B75B4,transfer/channel-253/el1,,channel-253,channel-1,connection-1539,799,1.717534381823702E9
5955648|1|10|0|7|1,1.662782670513E9,5955648,block_result,1,CF6054C1D5BC5FCC07A6EADBE95F74BB66BEF42CE3D9F328A79D58EB7776DC87,10,0,7,0,1,osmo163ndtplrrpkh2faf2c0y6t9v86llx86q6spzwl,genesis163ndtplrrpkh2faf2c0y6t9v86llx86qvzxyuc,106128457453647683,ibc/F16FDC11A7662B86BC0B9CE61871CBACF7C20606F95E86260FD38915184B75B4,transfer/channel-253/el1,,channel-253,channel-1,connection-1539,788,1.717534701487776E9
5955078|1|0|0|7|1,1.662779214862E9,5955078,block_result,1,67AC4EE24340C43446C53267E6BD8A573748A1DAFA1AA6EF23F7C36153CC8684,0,0,7,0,1,osmo16mcugkhrt8m30ctrnyfwmdt7gcp0unup0ztl8z,genesis16mcugkhrt8m30ctrnyfwmdt7gcp0unupesve49,10999609999999870000,ibc/F16FDC11A7662B86BC0B9CE61871CBACF7C20606F95E86260FD38915184B75B4,transfer/channel-253/el1,,channel-253,channel-1,connection-1539,787,1.717542255780183E9
5956604|1|0|0|7|1,1.662788475252E9,5956604,block_result,1,A386797B8CCF505A96605E2094C070563AC27618E8AA3AEE7F67A56FD63AEF3F,0,0,7,0,1,osmo1czxfjwladw79wrzjsjhxtphxmcutmtxxg0ht3f,genesis1czxfjwladw79wrzjsjhxtphxmcutmtxx7asdrw,15000000000000000000,ibc/F16FDC11A7662B86BC0B9CE61871CBACF7C20606F95E86260FD38915184B75B4,transfer/channel-253/el1,,channel-253,channel-1,connection-1539,789,1.717542226663271E9
5961907|1|14|0|7|1,1.662820710879E9,5961907,block_result,1,24AEDE70967589D3514D8A9082C3F0E81A7E110EFC872DCF44A13FC2D8DE8868,14,0,7,0,1,osmo1h5shnh6dnjtalh84cxl04taa2klvkz5fg6fjr7,genesis1h5shnh6dnjtalh84cxl04taa2klvkz5f7gw53e,1515323229237256946,ibc/F16FDC11A7662B86BC0B9CE61871CBACF7C20606F95E86260FD38915184B75B4,transfer/channel-253/el1,,channel-253,channel-1,connection-1539,791,1.717542245418352E9
5962516|1|4|0|7|1,1.662824421221E9,5962516,block_result,1,CF38F8ECFC30E7FB30EE32CB5012C146B7D6C9FFCEF9EE4D3E122377CEA4D753,4,0,7,0,1,osmo1hk46nud6u79u3dzhfwdmszfeq2y5gkvqldkfuz,genesis1hk46nud6u79u3dzhfwdmszfeq2y5gkvqfl30w9,182158474655551982467,ibc/F16FDC11A7662B86BC0B9CE61871CBACF7C20606F95E86260FD38915184B75B4,transfer/channel-253/el1,,channel-253,channel-1,connection-1539,792,1.717534435453799E9
5958260|1|0|0|7|1,1.662798542007E9,5958260,block_result,1,57C8DABD0034EF983AA8B17413A9D038DBD4720F7BE3E91299724F6605D2809D,0,0,7,0,1,osmo1l2h0y53f0ehg23vps9ljmawlegzjd5r8afzmv2,genesis1l2h0y53f0ehg23vps9ljmawlegzjd5r8tm9a7d,10999869999999870000,ibc/F16FDC11A7662B86BC0B9CE61871CBACF7C20606F95E86260FD38915184B75B4,transfer/channel-253/el1,,channel-253,channel-1,connection-1539,790,1.717534650305632E9
5965546|1|6|0|7|1,1.662843290378E9,5965546,block_result,1,B1452BCF6D635A14A9FE49F43609CB108E88B3B59DD685D510EEB171472F999D,6,0,7,0,1,osmo1lunnwmyez79fqd7p3cqgx99dwjrhu8mlvk29mt,genesis1lunnwmyez79fqd7p3cqgx99dwjrhu8ml6ydrfv,10999869999999870000,ibc/F16FDC11A7662B86BC0B9CE61871CBACF7C20606F95E86260FD38915184B75B4,transfer/channel-253/el1,,channel-253,channel-1,connection-1539,794,1.71753429624167E9
5965552|1|8|0|7|1,1.662843331767E9,5965552,block_result,1,82FFC1A9F6AF30F04BAEA3312FDC43116DF583E44B57D5C1DDF875CF1493C619,8,0,7,0,1,osmo1kyuuk7ytmzskfh8v3z3q5lyxc9g5rmhk3mc4a7,genesis1lunnwmyez79fqd7p3cqgx99dwjrhu8ml6ydrfv,10999869999999870000,ibc/F16FDC11A7662B86BC0B9CE61871CBACF7C20606F95E86260FD38915184B75B4,transfer/channel-253/el1,,channel-253,channel-1,connection-1539,795,1.717534294319467E9
5965512|1|28|0|7|1,1.66284308459E9,5965512,block_result,1,D5F0476907E85667B0B5ACFAC7AEB86E40254925DA67B75FB7B1092A90462A5F,28,0,7,0,1,osmo1derzataa20f84y9d6lgx6geqacf4ktrfnvat6n,genesis1lunnwmyez79fqd7p3cqgx99dwjrhu8ml6ydrfv,10999869999999870000,ibc/F16FDC11A7662B86BC0B9CE61871CBACF7C20606F95E86260FD38915184B75B4,transfer/channel-253/el1,,channel-253,channel-1,connection-1539,793,1.717534340158826E9
5965582|1|49|0|7|1,1.662843513181E9,5965582,block_result,1,CFFEBA0299ABF0AE552B48214E70F2729313737997BE86A89FF3A82B850BD238,49,0,7,0,1,osmo1kjvv6pkd0t0l2mk6l32whmhxz8t02w5aw2dk40,genesis1lunnwmyez79fqd7p3cqgx99dwjrhu8ml6ydrfv,10999869999999870000,ibc/F16FDC11A7662B86BC0B9CE61871CBACF7C20606F95E86260FD38915184B75B4,transfer/channel-253/el1,,channel-253,channel-1,connection-1539,796,1.717534404386714E9
5965649|1|2|0|7|1,1.662843918473E9,5965649,block_result,1,FEAE49A92E79BB9798F6C153A9D2E8505CCDDF904281BE3BE896DC55B00ED1FF,2,0,7,0,1,osmo1lv3j4q4fwjtp7722p33efg2wc8e6xlxd6ymher,genesis1lunnwmyez79fqd7p3cqgx99dwjrhu8ml6ydrfv,10999869999999870000,ibc/F16FDC11A7662B86BC0B9CE61871CBACF7C20606F95E86260FD38915184B75B4,transfer/channel-253/el1,,channel-253,channel-1,connection-1539,798,1.717534683761474E9
5965617|1|20|0|7|1,1.662843725003E9,5965617,block_result,1,4619BEF3498BC851BADB0196BE9EF0DE28B8E3D519F6EBDFC2EA9F8D3979D1DC,20,0,7,0,1,osmo1slr30wyfdry67ctn7pe32gan9e4dptg78pfdtc,genesis1lunnwmyez79fqd7p3cqgx99dwjrhu8ml6ydrfv,10999869999999870000,ibc/F16FDC11A7662B86BC0B9CE61871CBACF7C20606F95E86260FD38915184B75B4,transfer/channel-253/el1,,channel-253,channel-1,connection-1539,797,1.717534401439119E9
5967091|1|26|0|7|1,1.662852673711E9,5967091,block_result,1,BFB37A73AC7BF49670E406045456F431A74AD460F512C2F35F07D41695A35831,26,0,7,0,1,osmo1q598gmmltugefxxxp76z3re8sedw5gdx2z5qq5,genesis1q598gmmltugefxxxp76z3re8sedw5gdxusnxjn,8539713794674840983400,ibc/F16FDC11A7662B86BC0B9CE61871CBACF7C20606F95E86260FD38915184B75B4,transfer/channel-253/el1,,channel-253,channel-1,connection-1539,800,1.717542121694166E9
5967138|1|1|0|7|1,1.662852963922E9,5967138,block_result,1,6D315DCC2CC9709C2214E465516A8C33E5315D21AD31C4E6C8EDC5DD0F5E9004,1,0,7,0,1,osmo1tt4t3c6sdr9w0pfljx54zkw0g8negdrsjjhp50,genesis1tt4t3c6sdr9w0pfljx54zkw0g8negdrsyqs8xg,983135248934037866922,ibc/F16FDC11A7662B86BC0B9CE61871CBACF7C20606F95E86260FD38915184B75B4,transfer/channel-253/el1,,channel-253,channel-1,connection-1539,801,1.717542092819473E9
5967287|1|1|0|7|1,1.662853870375E9,5967287,block_result,1,04A3D334EA1AF731058FEAB89E134410BABE7BA26C4BE8AF70E7634526936195,1,0,7,0,1,osmo1tt4t3c6sdr9w0pfljx54zkw0g8negdrsjjhp50,genesis1tt4t3c6sdr9w0pfljx54zkw0g8negdrsyqs8xg,511213040627207875662,ibc/F16FDC11A7662B86BC0B9CE61871CBACF7C20606F95E86260FD38915184B75B4,transfer/channel-253/el1,,channel-253,channel-1,connection-1539,802,1.717542077656394E9
5590048|1|34|0|7|1,1.660527193225E9,5590048,block_result,1,4603D34EDACEED980A0A609BAE062D5B6A832E19E9B0C3A43376DF863E0A991A,34,0,7,0,1,osmo1qly96sy3yklkwv6cf4he5ves4qu8yn58jnqsyy,genesis1qly96sy3yklkwv6cf4he5ves4qu8yn58yp8kkr,34800000000000000000,ibc/F16FDC11A7662B86BC0B9CE61871CBACF7C20606F95E86260FD38915184B75B4,transfer/channel-253/el1,,channel-253,channel-1,connection-1539,519,1.717548006079091E9
5590222|1|23|0|7|1,1.660528251221E9,5590222,block_result,1,B06A604B96817CCA0BAEB1F5FECE2F2BD13F65C501A4A40276D84F9422D52AF9,23,0,7,0,1,osmo1qly96sy3yklkwv6cf4he5ves4qu8yn58jnqsyy,genesis1qly96sy3yklkwv6cf4he5ves4qu8yn58yp8kkr,13280103281364693585,ibc/F16FDC11A7662B86BC0B9CE61871CBACF7C20606F95E86260FD38915184B75B4,transfer/channel-253/el1,,channel-253,channel-1,connection-1539,520,1.717548022878112E9
5590593|1|2|0|7|1,1.660530512334E9,5590593,block_result,1,4DF3FF6563A18627152970FD5D712DA44CD5B7FB12D9990E01799F184D18E890,2,0,7,0,1,osmo13uup3md785lsd74aws4hx2et052mferw8n6yat,genesis13uup3md785lsd74aws4hx2et052mferw3paz0v,177305967776668006496,ibc/F16FDC11A7662B86BC0B9CE61871CBACF7C20606F95E86260FD38915184B75B4,transfer/channel-253/el1,,channel-253,channel-1,connection-1539,521,1.71756167538045E9
5593408|1|0|0|7|1,1.66054768636E9,5593408,block_result,1,0AE3B03255CC428F40527235CCA17A152B09B79D34084D6EA08D3CB3B1EBCFF0,0,0,7,0,1,osmo1r3vdmrjpd29zfh58k5n9p7ccl9x6a5wmyxkwnl,genesis1r3vdmrjpd29zfh58k5n9p7ccl9x6a5wmj53gpc,5499934999999935000,ibc/F16FDC11A7662B86BC0B9CE61871CBACF7C20606F95E86260FD38915184B75B4,transfer/channel-253/el1,,channel-253,channel-1,connection-1539,522,1.717561577659184E9
5593754|1|0|0|7|1,1.660549797479E9,5593754,block_result,1,C501C5A792AE211DAAC1AA18657B662B48593888ABE5F9E190196F220D1DA4BD,0,0,7,0,1,osmo1rmpmkqmzzjx4t0s7unj7tehvj7p5g9dfzyjazc,genesis1dmgfmq8f3ls4meguneag394t78ervhp7h90qf8,10999869999999870000,ibc/F16FDC11A7662B86BC0B9CE61871CBACF7C20606F95E86260FD38915184B75B4,transfer/channel-253/el1,,channel-253,channel-1,connection-1539,523,1.717561681640832E9
5594745|1|6|0|7|1,1.660555843806E9,5594745,block_result,1,6FA17B4DB6401442200ECA574BB4FD0CC78F22919537F753D9AD6FCD096C5A87,6,0,7,0,1,osmo170wqczhmetlzrmqn9zxhk8c6mp6a6783ze0dlz,genesis170wqczhmetlzrmqn9zxhk8c6mp6a67835tgtd9,10999869999999870000,ibc/F16FDC11A7662B86BC0B9CE61871CBACF7C20606F95E86260FD38915184B75B4,transfer/channel-253/el1,,channel-253,channel-1,connection-1539,524,1.717561512791889E9
5595520|1|6|0|7|1,1.660560573118E9,5595520,block_result,1,4E349908DC7729358204E483E0BC0CBEA91B8B3B1FFCFFA9B44B9293F1BE934D,6,0,7,0,1,osmo1rmpmkqmzzjx4t0s7unj7tehvj7p5g9dfzyjazc,genesis1dmgfmq8f3ls4meguneag394t78ervhp7h90qf8,133048209628810136464,ibc/F16FDC11A7662B86BC0B9CE61871CBACF7C20606F95E86260FD38915184B75B4,transfer/channel-253/el1,,channel-253,channel-1,connection-1539,525,1.717561490025473E9
5596766|1|2|0|7|1,1.660568182003E9,5596766,block_result,1,291ECCA8A614AB65733BEC869F18F927DDBED4B86F91602874951FED82141ADD,2,0,7,0,1,osmo1xq2r0t4548t3qzks67m8svzj9f0q4d0fs4ghju,genesis1xq2r0t4548t3qzks67m8svzj9f0q4d0fx803qm,10999869999999870000,ibc/F16FDC11A7662B86BC0B9CE61871CBACF7C20606F95E86260FD38915184B75B4,transfer/channel-253/el1,,channel-253,channel-1,connection-1539,526,1.717547937753646E9
5596794|1|10|0|7|1,1.660568349922E9,5596794,block_result,1,37A06C461A1F5FEA28AC2499F69FA67B09002C785494359D2A606EBF4301FAFC,10,0,7,0,1,osmo1fllahuvz3mtrq0d57m7ucastu9e9gq20920u75,genesis1fllahuvz3mtrq0d57m7ucastu9e9gq20ncg6vn,10999869999999870000,ibc/F16FDC11A7662B86BC0B9CE61871CBACF7C20606F95E86260FD38915184B75B4,transfer/channel-253/el1,,channel-253,channel-1,connection-1539,527,1.717548068169967E9
5596943|1|3|0|7|1,1.660569261965E9,5596943,block_result,1,6193A3CD4C37CB5EFB37CFA6683F102E3076E0DDDB92376817E4097DD452D951,3,0,7,0,1,osmo1me3hg2l74zn5ag9y879u7re4cp4dxea9h5d45s,genesis1me3hg2l74zn5ag9y879u7re4cp4dxea9px2nxh,1500000000000000000,ibc/F16FDC11A7662B86BC0B9CE61871CBACF7C20606F95E86260FD38915184B75B4,transfer/channel-253/el1,,channel-253,channel-1,connection-1539,528,1.717547957572808E9
5598117|1|1|0|7|1,1.660576419377E9,5598117,block_result,1,4D00A7E8A4F3D80667F203F2B9CD5DD2D8FB97B7463F94B1B1DE38D9D6DDBC5E,1,0,7,0,1,osmo1r53fsf392ty2ag6e3edj9722muqhnptd5t65rh,genesis1r53fsf392ty2ag6e3edj9722muqhnptdzeaj3s,10000000000000000000,ibc/F16FDC11A7662B86BC0B9CE61871CBACF7C20606F95E86260FD38915184B75B4,transfer/channel-253/el1,,channel-253,channel-1,connection-1539,529,1.717561510947628E9
5598514|1|6|0|7|1,1.660578839627E9,5598514,block_result,1,FBFFD8C235CD6E7AA0817006F71B8DA98F11E36D2E987FF315AB84BD12552E12,6,0,7,0,1,osmo1k09afxhedzgrkn60rrnpa0u66yv3vz7yd6e34s,genesis1k09afxhedzgrkn60rrnpa0u66yv3vz7ymg7h8h,170000802542678,ibc/F16FDC11A7662B86BC0B9CE61871CBACF7C20606F95E86260FD38915184B75B4,transfer/channel-253/el1,,channel-253,channel-1,connection-1539,530,1.717561498091474E9
5599143|1|3|0|7|1,1.660582692913E9,5599143,block_result,1,D25FCB53A590E2BB419C45B077F50895CF08F5F5FE633F5B0285290DA83735C5,3,0,7,0,1,osmo1s84q7zy0a0f7dchrpj2fk89gyglkwm2eqrzwxu,genesis1s84q7zy0a0f7dchrpj2fk89gyglkwm2ek39g5m,12295858651518659348,ibc/F16FDC11A7662B86BC0B9CE61871CBACF7C20606F95E86260FD38915184B75B4,transfer/channel-253/el1,,channel-253,channel-1,connection-1539,531,1.717561416540669E9
5601051|1|29|0|7|1,1.660594806038E9,5601051,block_result,1,C3DE37CDA91E4BA0743C4F2786F111EE11E275B6F0E53E67EFD23BD3C339D5DA,29,0,7,0,1,osmo195ea098ndztvdt286l02y0jcg6des7pyl5n959,genesis195ea098ndztvdt286l02y0jcg6des7pyfx5rxz,83304847065674428940,ibc/F16FDC11A7662B86BC0B9CE61871CBACF7C20606F95E86260FD38915184B75B4,transfer/channel-253/el1,,channel-253,channel-1,connection-1539,532,1.717548051004521E9
5601078|1|50|0|7|1,1.66059497836E9,5601078,block_result,1,95B39BE5E35C865A2576463A707C220A6C34B82D0E4180B5FE5772A049EC3271,50,0,7,0,1,osmo1rgf4dznny6fx60yjwmq27xxs42vl34yl54cce0,genesis1rgf4dznny6fx60yjwmq27xxs42vl34ylz8l7tg,81631054081930539644,ibc/F16FDC11A7662B86BC0B9CE61871CBACF7C20606F95E86260FD38915184B75B4,transfer/channel-253/el1,,channel-253,channel-1,connection-1539,533,1.717547997588082E9
5601485|1|10|0|7|1,1.660597470383E9,5601485,block_result,1,B91FCC72E16D9426ADAE61B430EBD749922E7D0A3363900356B0641C86543BCC,10,0,7,0,1,osmo1jdy48c7eltvmrnr49a9z3405u6gragxwmnmw66,genesis1jdy48c7eltvmrnr49a9z3405u6gragxwdpugga,10999869999999870000,ibc/F16FDC11A7662B86BC0B9CE61871CBACF7C20606F95E86260FD38915184B75B4,transfer/channel-253/el1,,channel-253,channel-1,connection-1539,534,1.717547700497168E9
5602100|1|0|0|7|1,1.660601237808E9,5602100,block_result,1,AC957275D70145B22CCFD3D78BCED598166CF0F8AB48DF4B02235252DCCA987B,0,0,7,0,1,osmo1elh4p9x86j4v0vyysyhd6e2mhpqz6jp4f8qz57,genesis1elh4p9x86j4v0vyysyhd6e2mhpqz6jp4l48yxe,5499934999999935000,ibc/F16FDC11A7662B86BC0B9CE61871CBACF7C20606F95E86260FD38915184B75B4,transfer/channel-253/el1,,channel-253,channel-1,connection-1539,535,1.717547693752421E9
5602409|1|20|0|7|1,1.660603122777E9,5602409,block_result,1,F891DF6C98BC67131F7BB21D93D0935EAD5A38E66F271AA2F2BE055FE4E29B10,20,0,7,0,1,osmo1308hlxk36vd8mt5sm8zh2m90379vlg2mzdyakz,genesis1308hlxk36vd8mt5sm8zh2m90379vlg2m5lrmy9,11000869999999870000,ibc/F16FDC11A7662B86BC0B9CE61871CBACF7C20606F95E86260FD38915184B75B4,transfer/channel-253/el1,,channel-253,channel-1,connection-1539,536,1.717561377804113E9
7141724|1|4|0|7|1,1.669925685441E9,7141724,block_result,1,5582299283F4EFDAE651DFD1E66092BE5519084F30B2D0E7306AB47605E94A08,4,0,7,0,1,osmo106mzn687t60uj0n4z4w24qjsk4v2xtcesesdty,genesis106mzn687t60uj0n4z4w24qjsk4v2xtcexthter,1001612860412003396657,ibc/F16FDC11A7662B86BC0B9CE61871CBACF7C20606F95E86260FD38915184B75B4,transfer/channel-253/el1,,channel-253,channel-1,connection-1539,1052,1.717499345304253E9
7142714|1|0|0|7|1,1.669931626217E9,7142714,block_result,1,1CA20BB863DCE6BD61962F7B2A6B0315EB72E02DC3258497FE8881039ACAC565,0,0,7,0,1,osmo1hauvj3muyuswsfn5hc4cqj3zmwe6y33ls3093z,genesis1hauvj3muyuswsfn5hc4cqj3zmwe6y33lxrgrr9,94700000000000000000,ibc/F16FDC11A7662B86BC0B9CE61871CBACF7C20606F95E86260FD38915184B75B4,transfer/channel-253/el1,,channel-253,channel-1,connection-1539,1053,1.717499297804518E9
7130296|1|17|0|7|1,1.669858672367E9,7130296,block_result,1,87DC43940E21F16F4AA29EB683437F98C5FAEA2B15E61AEDD60AD890077A5955,17,0,7,0,1,osmo1ym0dmpfg6pmgqqf69uq958gaxkpe3ch9x2j79d,genesis1ym0dmpfg6pmgqqf69uq958gaxkpe3ch9sc4ch2,84902469855534236257,ibc/F16FDC11A7662B86BC0B9CE61871CBACF7C20606F95E86260FD38915184B75B4,transfer/channel-253/el1,,channel-253,channel-1,connection-1539,1051,1.717499543318714E9
6783916|1|3|0|7|1,1.667810875587E9,6783916,block_result,1,B8E31CCAF95B46801DFFC79784562277FE70AA5D33354B597D31BA28E5718683,3,0,7,0,1,osmo12rysvymj2qthvpgeqj9eglrj0pcgyyjmtq6dm4,genesis12rysvymj2qthvpgeqj9eglrj0pcgyyjmajatfj,11000869999999870000,ibc/F16FDC11A7662B86BC0B9CE61871CBACF7C20606F95E86260FD38915184B75B4,transfer/channel-253/el1,,channel-253,channel-1,connection-1539,1008,1.717517580040798E9
6790827|1|11|0|7|1,1.667852007804E9,6790827,block_result,1,95081C81CA33BB4DA49480703744C5C47CAE6AB70D77D61D53B0B9476D146BE5,11,0,7,0,1,osmo1ng478yy6kay6dvjndn8cz2jty80xphxxfrexkk,genesis1ng478yy6kay6dvjndn8cz2jty80xphxxl37qy3,130000000000000,ibc/F16FDC11A7662B86BC0B9CE61871CBACF7C20606F95E86260FD38915184B75B4,transfer/channel-253/el1,,channel-253,channel-1,connection-1539,1012,1.71751752046381E9
6782185|1|8|0|7|1,1.667800711872E9,6782185,block_result,1,B1813B47ACCE6120F8182B55A7D4C47020F20A7FFF95A5B3141D2E14077BCF51,8,0,7,0,1,osmo1pp6lwvukkjsw3a9awen34k7uy7rt879h9vykde,genesis1pp6lwvukkjsw3a9awen34k7uy7rt879hn7rsl7,10700000000000000000,ibc/F16FDC11A7662B86BC0B9CE61871CBACF7C20606F95E86260FD38915184B75B4,transfer/channel-253/el1,,channel-253,channel-1,connection-1539,1007,1.717507829751565E9
6783958|1|21|0|7|1,1.667811123891E9,6783958,block_result,1,0EC7022AFF3A45356C32903A9031CEBBA4C172E7E8732C93B22C2C8C4FB3A418,21,0,7,0,1,osmo1wnyflquhthu76f47763pemygur9y4amu8juayj,genesis1wnyflquhthu76f47763pemygur9y4amu3qmmk4,10999869999999870000,ibc/F16FDC11A7662B86BC0B9CE61871CBACF7C20606F95E86260FD38915184B75B4,transfer/channel-253/el1,,channel-253,channel-1,connection-1539,1011,1.717517580443035E9
6783944|1|12|0|7|1,1.667811040261E9,6783944,block_result,1,5AC2099E1823F3F7F864E36EDE6F4D55BB2AB528D2F9AA981AF4A21682AF6E0E,12,0,7,0,1,osmo1xq249w2klsyqkxwdumquvva3j268ec52lyp2uc,genesis1xq249w2klsyqkxwdumquvva3j268ec52fkxvwl,10999869999999870000,ibc/F16FDC11A7662B86BC0B9CE61871CBACF7C20606F95E86260FD38915184B75B4,transfer/channel-253/el1,,channel-253,channel-1,connection-1539,1010,1.717517582127459E9
6783926|1|0|0|7|1,1.667810935855E9,6783926,block_result,1,F5E74D55ECE242802BBB70B94B76C582F71447087C52F1E4C0DF2FF0E751035B,0,0,7,0,1,osmo1zamagtm8gejx6kd4tdpnsjdwfjsdyvz3ac5a7r,genesis1zamagtm8gejx6kd4tdpnsjdwfjsdyvz3t2nmvy,10999869999999870000,ibc/F16FDC11A7662B86BC0B9CE61871CBACF7C20606F95E86260FD38915184B75B4,transfer/channel-253/el1,,channel-253,channel-1,connection-1539,1009,1.717517579744758E9
30808813|1|1|0|9|1,1.74109694694E9,30808813,block_result,1,84018F15A6E105AE9C39C336FFB0D0AD943547620932C321453E0E77AE244221,1,0,9,0,1,osmo1g6zstj3qxu463chcgy878v9jh66culnvxy80fa,genesis1g6zstj3qxu463chcgy878v9jh66culnvskqfm6,100000000000000000000,ibc/F16FDC11A7662B86BC0B9CE61871CBACF7C20606F95E86260FD38915184B75B4,transfer/channel-253/el1,,channel-253,channel-1,connection-1539,1441,1.741335681208231E9
30792185|1|13|0|9|1,1.741076382001E9,30792185,block_result,1,D194A1C1AF78F61AFE1B8CE5D51FB7EB38EC85C246FB36D84769BB112F64F738,13,0,9,0,1,osmo16aypymlama0lk5s8c9s30s09eacpvwnav7ewjv,genesis1jvh8rple9vrc0egw6edk0t98tnpx4ffm2gwfta,8000000000000000000000,ibc/F16FDC11A7662B86BC0B9CE61871CBACF7C20606F95E86260FD38915184B75B4,transfer/channel-253/el1,,channel-253,channel-1,connection-1539,1439,1.7413387990173E9
30797163|1|0|0|9|1,1.741082520713E9,30797163,block_result,1,8A75A55792F4C36186B05A1FC2CBC3B8AC5322E4997061A30A30CC5D2636228D,0,0,9,0,1,osmo16aypymlama0lk5s8c9s30s09eacpvwnav7ewjv,genesis1jvh8rple9vrc0egw6edk0t98tnpx4ffm2gwfta,11000000000000000000000,ibc/F16FDC11A7662B86BC0B9CE61871CBACF7C20606F95E86260FD38915184B75B4,transfer/channel-253/el1,,channel-253,channel-1,connection-1539,1440,1.74133604761602E9
8563952|1|20|0|7|1,1.67802061797E9,8563952,block_result,1,0B3EF5316D07BC1F8316D91BD4A9B0AADE3B154A8CD10DF6860CA2B94EA0DBBE,20,0,7,0,1,osmo1vgu6mpatup4hsyt463mdkac4a6n7qh30laksq4,genesis1vgu6mpatup4hsyt463mdkac4a6n7qh30f03kjj,16462781933714253187,ibc/F16FDC11A7662B86BC0B9CE61871CBACF7C20606F95E86260FD38915184B75B4,transfer/channel-253/el1,,channel-253,channel-1,connection-1539,1175,1.717463555472045E9
5018658|1|1|0|7|1,1.656963495684E9,5018658,block_result,1,C9516BA52716169B445D62E1E4281C97DF37C8051C3FAF03D6F8A0D41EFF69B9,1,0,7,0,1,osmo1dg2425sj50yf3narap87qqcm5gc48hasvzz33u,genesis1dg2425sj50yf3narap87qqcm5gc48has6s9hrm,10999739999999870000,ibc/F16FDC11A7662B86BC0B9CE61871CBACF7C20606F95E86260FD38915184B75B4,transfer/channel-253/el1,,channel-253,channel-1,connection-1539,369,1.717569194647836E9
5011421|1|1|0|7|1,1.656918132309E9,5011421,block_result,1,528FE05A6E2AD40CB2C69BC682AD4EE37AD1DA59678DB188DB9A09B056727374,1,0,7,0,1,osmo1x4nsrhgak74fne0gv66alfje64cqgfs8lsp4z9,genesis1x4nsrhgak74fne0gv66alfje64cqgfs8fzxnsz,1000000000000000000,ibc/F16FDC11A7662B86BC0B9CE61871CBACF7C20606F95E86260FD38915184B75B4,transfer/channel-253/el1,,channel-253,channel-1,connection-1539,368,1.717592837517114E9
5010158|1|2|0|7|1,1.656910251769E9,5010158,block_result,1,B0D0C9F58ED75C0D8C4EA9AEF98415B86A9AD73C5508E76848E9E8D6EBBC56DD,2,0,7,0,1,osmo1gw6yu9jetj2vrht8qrf9wmpjdq4weuee3hqxtg,genesis1gw6yu9jetj2vrht8qrf9wmpjdq4weuee898qe0,10999869999999870000,ibc/F16FDC11A7662B86BC0B9CE61871CBACF7C20606F95E86260FD38915184B75B4,transfer/channel-253/el1,,channel-253,channel-1,connection-1539,366,1.717568521334632E9
5011259|1|6|0|7|1,1.656917126236E9,5011259,block_result,1,31DF8BA5BF8F5B541221D394538A2F250B78C0CCCCA4AB56A6DAA03E7C852D98,6,0,7,0,1,osmo17um7sz9ap29vtkn0xz8ll38qcq8jhrufkhwrvr,genesis17um7sz9ap29vtkn0xz8ll38qcq8jhrufq9f97y,10999869999999870000,ibc/F16FDC11A7662B86BC0B9CE61871CBACF7C20606F95E86260FD38915184B75B4,transfer/channel-253/el1,,channel-253,channel-1,connection-1539,367,1.717592843851624E9
5556829|1|10|0|7|1,1.660321496544E9,5556829,block_result,1,7B90D8AFC479C48661DADB579771126C36230816D642A0F4218AF7D9650522A7,10,0,7,0,1,osmo10yk9a424j87xvaud8rvyu2ezumcmyg0kyq25zl,genesis10yk9a424j87xvaud8rvyu2ezumcmyg0kjjdjsc,6607938316836863607,ibc/F16FDC11A7662B86BC0B9CE61871CBACF7C20606F95E86260FD38915184B75B4,transfer/channel-253/el1,,channel-253,channel-1,connection-1539,498,1.71756229111907E9
5554895|1|9|0|7|1,1.66030960529E9,5554895,block_result,1,B44FA1BBDE9A57B5A03FE845A34D31F934F08426270AA6EFB8373B1F97201B8E,9,0,7,0,1,osmo13qnx730qsvhr3jweq6ux5mhz65hfedkvyyxeel,genesis13qnx730qsvhr3jweq6ux5mhz65hfedkvjkpltc,12599693661339606480,ibc/F16FDC11A7662B86BC0B9CE61871CBACF7C20606F95E86260FD38915184B75B4,transfer/channel-253/el1,,channel-253,channel-1,connection-1539,497,1.71754829294063E9
5557350|1|38|0|7|1,1.66032514202E9,5557350,block_result,1,8E44C2B1D2B7D7D60A9DD31B8A1017F5E848585EEC1791A9C38816C8BFB21BA8,38,0,7,0,1,osmo18qy9h0hqampt33h6wqs6pauy28xssjfcsea84j,genesis14ffhw6jplvhx0kn449hg55m5dd58f245h56u30,92775031290393533466,ibc/F16FDC11A7662B86BC0B9CE61871CBACF7C20606F95E86260FD38915184B75B4,transfer/channel-253/el1,,channel-253,channel-1,connection-1539,499,1.717548143429233E9
5558901|1|3|0|7|1,1.660334693308E9,5558901,block_result,1,860BAA4588108E1212A59115F96D15A7ABF8B3765D3345BEAEE7616DBD5D0F0E,3,0,7,0,1,osmo179zyslay4geae37cxua2gvt97lhg3ec2ll3209,genesis179zyslay4geae37cxua2gvt97lhg3ec2fdkvaz,13977768418152994382,ibc/F16FDC11A7662B86BC0B9CE61871CBACF7C20606F95E86260FD38915184B75B4,transfer/channel-253/el1,,channel-253,channel-1,connection-1539,500,1.717562605893023E9
5559774|1|0|0|7|1,1.660340074517E9,5559774,block_result,1,11F6A9E731C8ECF9295C977FED55AA5D2E171966728EFDCFEF6015049920CB62,0,0,7,0,1,osmo1h64jzmldjwdkzsyqf8cyqle2tx5eltcqx5w8m8,genesis1h64jzmldjwdkzsyqf8cyqle2tx5eltcqsxfpfq,13313288373401410,ibc/F16FDC11A7662B86BC0B9CE61871CBACF7C20606F95E86260FD38915184B75B4,transfer/channel-253/el1,,channel-253,channel-1,connection-1539,501,1.717548458802787E9
5553671|1|18|0|7|1,1.660302096629E9,5553671,block_result,1,12751A587D9B9C873E5C76A4144FE383796637B2C8ECAECD549FD3BC078BF62A,18,0,7,0,1,osmo1kyk34neg7phak2949exrryqf4ejaevxnfuxg66,genesis1kyk34neg7phak2949exrryqf4ejaevxnlwpwga,10999869999999870000,ibc/F16FDC11A7662B86BC0B9CE61871CBACF7C20606F95E86260FD38915184B75B4,transfer/channel-253/el1,,channel-253,channel-1,connection-1539,496,1.717548514546258E9
5552183|1|3|0|7|1,1.660292952909E9,5552183,block_result,1,8BDAFA80A8A10B11E26317F6AF52B4F17EEEC0EB56C1C33BAC48212E4DF81FAB,3,0,7,0,1,osmo1lupm9k6w3kxczleu7wkjkjjcknawwyc67dtmph,genesis1lupm9k6w3kxczleu7wkjkjjcknawwyc6glvans,10000000000000000000,ibc/F16FDC11A7662B86BC0B9CE61871CBACF7C20606F95E86260FD38915184B75B4,transfer/channel-253/el1,,channel-253,channel-1,connection-1539,494,1.717563135930536E9
5549676|1|3|0|7|1,1.660277563155E9,5549676,block_result,1,41A82F6E0C1C68E83B505597E9829993BE5E7C39D98E0D964806C007EAB2CA62,3,0,7,0,1,osmo1p59gee55s8gu5j05ejxvr56elv2pewtvl35lzt,genesis1p59gee55s8gu5j05ejxvr56elv2pewtvfrnesv,25839679843209458109,ibc/F16FDC11A7662B86BC0B9CE61871CBACF7C20606F95E86260FD38915184B75B4,transfer/channel-253/el1,,channel-253,channel-1,connection-1539,493,1.717563223619209E9
5552760|1|0|0|7|1,1.660296498091E9,5552760,block_result,1,D088B5A2377698DAC2D4582F386C78A24A45AC327717AF559FDF171A3206C743,0,0,7,0,1,osmo1we7n7caqkkqznt04xatyyrfayy042vtpgs03tq,genesis1we7n7caqkkqznt04xatyyrfayy042vtp7zghe8,10900000000000000000,ibc/F16FDC11A7662B86BC0B9CE61871CBACF7C20606F95E86260FD38915184B75B4,transfer/channel-253/el1,,channel-253,channel-1,connection-1539,495,1.71754851463436E9
9176092|1|11|0|7|1,1.68151488346E9,9176092,block_result,1,071AC4FAFFD07C2FDB5A827AA6CA19380E3B332C731E5F59B988076897351772,11,0,7,0,1,osmo16aypymlama0lk5s8c9s30s09eacpvwnav7ewjv,genesis16aypymlama0lk5s8c9s30s09eacpvwna6v7gqt,50000000000000000000,ibc/F16FDC11A7662B86BC0B9CE61871CBACF7C20606F95E86260FD38915184B75B4,transfer/channel-253/el1,,channel-253,channel-1,connection-1539,1243,1.717448269440028E9
9170914|1|0|0|7|1,1.681484959995E9,9170914,block_result,1,A48DB9127F508EF41F398A70BD844CD1D22C61E2EF31248F11BB60C96DC23175,0,0,7,0,1,osmo16hp7wzudkeyw6fvgvalm0fh3elp9czhf9l3k7l,genesis16hp7wzudkeyw6fvgvalm0fh3elp9czhfndksvc,2531671163694648498,ibc/F16FDC11A7662B86BC0B9CE61871CBACF7C20606F95E86260FD38915184B75B4,transfer/channel-253/el1,,channel-253,channel-1,connection-1539,1242,1.717448334019952E9
5417155|1|19|0|7|1,1.659454724052E9,5417155,block_result,1,F8007010DBA3DEDAF62DD30616762E22831809159C6676D4E4E57FF64DE723BE,19,0,7,0,1,osmo163ndtplrrpkh2faf2c0y6t9v86llx86q6spzwl,genesis163ndtplrrpkh2faf2c0y6t9v86llx86qvzxyuc,14475920595981158,ibc/F16FDC11A7662B86BC0B9CE61871CBACF7C20606F95E86260FD38915184B75B4,transfer/channel-253/el1,,channel-253,channel-1,connection-1539,473,1.717570328029465E9
5410606|1|0|0|7|1,1.65941368682E9,5410606,block_result,1,EB054F8C6A9D16956293BE6AF7FD07BA03AAAACCED16A7490F71C95915C94F6D,0,0,7,0,1,osmo1v2z9rwxt5y98pnrs6ryhqp08ay5azzvmw92wnm,genesis1v2z9rwxt5y98pnrs6ryhqp08ay5azzvmchdgpu,16314000000000000000000,ibc/F16FDC11A7662B86BC0B9CE61871CBACF7C20606F95E86260FD38915184B75B4,transfer/channel-253/el1,,channel-253,channel-1,connection-1539,470,1.717570392969517E9
5413557|1|5|0|7|1,1.6594320135E9,5413557,block_result,1,14849EB003453466E89A98A48703668E46B0F3C3ACD61B598E3BDAD7595838CF,5,0,7,0,1,osmo1wh0evrrxrdlph6nl98v9z43555fufy2qxe6q8x,genesis1wh0evrrxrdlph6nl98v9z43555fufy2qstax4p,20168129724563527898,ibc/F16FDC11A7662B86BC0B9CE61871CBACF7C20606F95E86260FD38915184B75B4,transfer/channel-253/el1,,channel-253,channel-1,connection-1539,471,1.717570375511885E9
5413667|1|0|0|7|1,1.659432692924E9,5413667,block_result,1,283B1C5A372C3F2639374ABDCF6693886EFB12D1D7E31F66CCC64B7E74026B28,0,0,7,0,1,osmo1ytmwk4qwphevacssnxaq2c773s0smpmr5vxgn3,genesis1ytmwk4qwphevacssnxaq2c773s0smpmrz7pwpk,59371748993564918487,ibc/F16FDC11A7662B86BC0B9CE61871CBACF7C20606F95E86260FD38915184B75B4,transfer/channel-253/el1,,channel-253,channel-1,connection-1539,472,1.717570365223779E9
28493837|1|4|0|9|1,1.738026028089E9,28493837,block_result,1,1488727BA690723D4B16F9E461E2C20B24823251C2A86A0DAA2950810795977E,4,0,9,0,1,osmo186s6d2y88whr9jjzxu62y8en2x53sh9d0t50dk,genesis186s6d2y88whr9jjzxu62y8en2x53sh9deenfl3,120351818916170000000000,ibc/F16FDC11A7662B86BC0B9CE61871CBACF7C20606F95E86260FD38915184B75B4,transfer/channel-253/el1,,channel-253,channel-1,connection-1539,1412,1.738026034125977E9
28493763|1|4|0|9|1,1.738025923848E9,28493763,block_result,1,DAF2F97D646578AA70F08EB9F5AE3664CD26684924BCEA6AA3000A769B1B8E8A,4,0,9,0,1,osmo186s6d2y88whr9jjzxu62y8en2x53sh9d0t50dk,genesis186s6d2y88whr9jjzxu62y8en2x53sh9deenfl3,1000000000000000000,ibc/F16FDC11A7662B86BC0B9CE61871CBACF7C20606F95E86260FD38915184B75B4,transfer/channel-253/el1,,channel-253,channel-1,connection-1539,1411,1.738025927734644E9
28536793|1|6|0|9|1,1.738085079794E9,28536793,block_result,1,CA46FC2DCD72DA14B0F7FF8F4EEC28BD171D6FB83508CC07993BED06B24CEC12,6,0,9,0,1,osmo1k75w2s26rekktazwp5l9ghv2ccp4mvtxw55xag,genesis1k75w2s26rekktazwp5l9ghv2ccp4mvtxcxnq00,10000000000000000000,ibc/F16FDC11A7662B86BC0B9CE61871CBACF7C20606F95E86260FD38915184B75B4,transfer/channel-253/el1,,channel-253,channel-1,connection-1539,1413,1.738085082472483E9
28536904|1|1|0|9|1,1.738085239596E9,28536904,block_result,1,03772F508C9424293F476FC0EECA439042697D55079F8663B47EF3558B3E4121,1,0,9,0,1,osmo1k75w2s26rekktazwp5l9ghv2ccp4mvtxw55xag,genesis1k75w2s26rekktazwp5l9ghv2ccp4mvtxcxnq00,10000000000000000000,ibc/F16FDC11A7662B86BC0B9CE61871CBACF7C20606F95E86260FD38915184B75B4,transfer/channel-253/el1,,channel-253,channel-1,connection-1539,1414,1.738085242332447E9
18628445|1|0|0|9|1,1.722320910407E9,18628445,block_result,1,06C0260E9B9773FB8970A0B4FB217AC8A1173894CE07CBC3B11C83145380D58D,0,0,9,0,1,osmo1qly96sy3yklkwv6cf4he5ves4qu8yn58jnqsyy,genesis1qly96sy3yklkwv6cf4he5ves4qu8yn58yp8kkr,16340160555857300551,ibc/F16FDC11A7662B86BC0B9CE61871CBACF7C20606F95E86260FD38915184B75B4,transfer/channel-253/el1,,channel-253,channel-1,connection-1539,1383,1.722320913406347E9
18628482|1|3|0|9|1,1.722320980738E9,18628482,block_result,1,F2C1C41F698B97EA9C065BD0DA98C4088B21E6A5B3AE3290E142B6EB0F780709,3,0,9,0,1,osmo1qly96sy3yklkwv6cf4he5ves4qu8yn58jnqsyy,genesis1qly96sy3yklkwv6cf4he5ves4qu8yn58yp8kkr,100000000000000000000,ibc/F16FDC11A7662B86BC0B9CE61871CBACF7C20606F95E86260FD38915184B75B4,transfer/channel-253/el1,,channel-253,channel-1,connection-1539,1384,1.722320985275305E9
5448893|1|9|0|7|1,1.659654820341E9,5448893,block_result,1,7941B6484A62223229E76FF6A74898DA1799E9BA8EBD439F2E849561870EA8CA,9,0,7,0,1,osmo1me3hg2l74zn5ag9y879u7re4cp4dxea9h5d45s,genesis1me3hg2l74zn5ag9y879u7re4cp4dxea9px2nxh,5000000000000000000,ibc/F16FDC11A7662B86BC0B9CE61871CBACF7C20606F95E86260FD38915184B75B4,transfer/channel-253/el1,,channel-253,channel-1,connection-1539,476,1.71756887419468E9
5448097|1|1|0|7|1,1.659649899793E9,5448097,block_result,1,A27D587C95AB15C3C495C2D07F4DDE4281B08C59BD4754BFB57F1D4387B01AD7,1,0,7,0,1,osmo1me3hg2l74zn5ag9y879u7re4cp4dxea9h5d45s,genesis1me3hg2l74zn5ag9y879u7re4cp4dxea9px2nxh,6150000000000000000,ibc/F16FDC11A7662B86BC0B9CE61871CBACF7C20606F95E86260FD38915184B75B4,transfer/channel-253/el1,,channel-253,channel-1,connection-1539,475,1.717550869469245E9
5445841|1|2|0|7|1,1.659635921695E9,5445841,block_result,1,B60FB584349B1FA3EDD4BF146986A3539E9072B98BDDFD015C24901316B7FE16,2,0,7,0,1,osmo1wu2rp75wqnh82wu3peh9ftqv36e030vj8lfq9d,genesis1wu2rp75wqnh82wu3peh9ftqv36e030vj3dwxh2,1000000000000000000,ibc/F16FDC11A7662B86BC0B9CE61871CBACF7C20606F95E86260FD38915184B75B4,transfer/channel-253/el1,,channel-253,channel-1,connection-1539,474,1.717550861785514E9
6453019|1|0|0|7|1,1.665836093916E9,6453019,block_result,1,65F7875A0B38DBC12A4AA1884F9EDDB9FADEBBE063F4683F443E4E475B8197F3,0,0,7,0,1,osmo1ag940t2gd4sn0wey7xgfjl83x2t5v62m6629pc,genesis1ag940t2gd4sn0wey7xgfjl83x2t5v62mvgdrnl,2000000000000000000,ibc/F16FDC11A7662B86BC0B9CE61871CBACF7C20606F95E86260FD38915184B75B4,transfer/channel-253/el1,,channel-253,channel-1,connection-1539,936,1.717525724075479E9
6455677|1|0|0|7|1,1.66585182465E9,6455677,block_result,1,8B3D6935F4C182765749CD1A1DA42617995C973A873F4D3B3C91DC3EF73262D9,0,0,7,0,1,osmo1snnphc4n9d2cpfg0a8w3d3qmt8sh7ha4dnzt6v,genesis1snnphc4n9d2cpfg0a8w3d3qmt8sh7ha4mp9dgt,583127732278035543594,ibc/F16FDC11A7662B86BC0B9CE61871CBACF7C20606F95E86260FD38915184B75B4,transfer/channel-253/el1,,channel-253,channel-1,connection-1539,937,1.717516650170031E9
6455910|1|13|0|7|1,1.66585320456E9,6455910,block_result,1,2601314BE50B5EC75B9F824ABECD821961257816BA42C0ABDC24DDCEC7A59080,13,0,7,0,1,osmo1c5g8xw3dfcxypw65j7aa4j29hetr4wy4v4lzsn,genesis1c5g8xw3dfcxypw65j7aa4j29hetr4wy468cyz5,192712779484051380,ibc/F16FDC11A7662B86BC0B9CE61871CBACF7C20606F95E86260FD38915184B75B4,transfer/channel-253/el1,,channel-253,channel-1,connection-1539,938,1.717516406590153E9
7105005|1|5|0|7|1,1.669710256296E9,7105005,block_result,1,23F371D9E7AE8E4AB50EF4D2F07E5E2E658F99503EA5F3F2F0B345DF8DE7A489,5,0,7,0,1,osmo167dw6rkgsm5jza3saq8ecr0lg4ddleggpt4yzj,genesis167dw6rkgsm5jza3saq8ecr0lg4ddlegghejzs4,10999869999999870000,ibc/F16FDC11A7662B86BC0B9CE61871CBACF7C20606F95E86260FD38915184B75B4,transfer/channel-253/el1,,channel-253,channel-1,connection-1539,1050,1.717499818496886E9
7304709|1|6|0|7|1,1.670876109269E9,7304709,block_result,1,F6BC3ADA87D2F5420C96B4292788BA707823BC76D857B5510BBFBF8599CA3A48,6,0,7,0,1,osmo1zlnj7v8p37ypdjph8gqxva4w4ptl95g93swhgf,genesis1zlnj7v8p37ypdjph8gqxva4w4ptl95g98zf36w,144000000000000000000,ibc/F16FDC11A7662B86BC0B9CE61871CBACF7C20606F95E86260FD38915184B75B4,transfer/channel-253/el1,,channel-253,channel-1,connection-1539,1062,1.717496871981323E9
8370617|1|9|0|7|1,1.676929742509E9,8370617,block_result,1,9530E8ED450D2AE63B04934C0DC7AF023AB9F3FC65EF9BBF6CED965CFD6F4936,9,0,7,0,1,osmo1634lrxjrjcqwdxw6x9at63meylrcsnvttsf0e8,genesis1634lrxjrjcqwdxw6x9at63meylrcsnvtazwftq,27154631922510279723,ibc/F16FDC11A7662B86BC0B9CE61871CBACF7C20606F95E86260FD38915184B75B4,transfer/channel-253/el1,,channel-253,channel-1,connection-1539,1151,1.717469494127113E9
8363448|1|3|0|7|1,1.676888911988E9,8363448,block_result,1,97B4589CB94E76C37FA594D59EA93085CE051B8E39E3AA375A5F9AACCFADD682,3,0,7,0,1,osmo1gtke29g72hw6n9hrj8y7m9qxl3k6mmjzs06p95,genesis1gtke29g72hw6n9hrj8y7m9qxl3k6mmjzxaa8hn,8526587387012580688107,ibc/F16FDC11A7662B86BC0B9CE61871CBACF7C20606F95E86260FD38915184B75B4,transfer/channel-253/el1,,channel-253,channel-1,connection-1539,1149,1.717469997865997E9
8370518|1|9|0|7|1,1.676929186333E9,8370518,block_result,1,77C76C567595A4FBCBC1757CC3C7A4CCC6506562B66AC62C2468BD77D6EB2393,9,0,7,0,1,osmo1kllcrueu7lf3uy8v5hqsvt894khcy867zuhw30,genesis1kllcrueu7lf3uy8v5hqsvt894khcy8675wsgrg,241211709116385030,ibc/F16FDC11A7662B86BC0B9CE61871CBACF7C20606F95E86260FD38915184B75B4,transfer/channel-253/el1,,channel-253,channel-1,connection-1539,1150,1.717469456351321E9
15460889|1|1|0|9|1,1.714865005134E9,15460889,block_result,1,3C8285E6D7AB9EAE23EFD2D8DD82CC94A209B56763C839A0895E73ACAE96F044,1,0,9,0,1,osmo182lpnqqq0umc07hut7xp7j23k32ss3pa9pltx0,genesis182lpnqqq0umc07hut7xp7j23k32ss3panncd5g,43400000000000000000000,ibc/F16FDC11A7662B86BC0B9CE61871CBACF7C20606F95E86260FD38915184B75B4,transfer/channel-253/el1,,channel-253,channel-1,connection-1539,1334,1.716996529125007E9
4715921|1|9|0|7|1,1.655071031741E9,4715921,block_result,1,4B8AA92BECD4CFCC0CA16EAA0D4F6577378AB9BD4660F1DAA161E703FA84C1C5,9,0,7,0,1,osmo12r546klch5z63j3vm6e72qcqjqz4wf7u9lqg9r,genesis12r546klch5z63j3vm6e72qcqjqz4wf7und8why,303340366177165471,ibc/F16FDC11A7662B86BC0B9CE61871CBACF7C20606F95E86260FD38915184B75B4,transfer/channel-253/el1,,channel-253,channel-1,connection-1539,226,1.717605849406823E9
4715906|1|2|0|7|1,1.655070938192E9,4715906,block_result,1,567451723480E35D4834950EFBACBE9EF34B8FEA7EEBEE6F6E3C3DF4BEF9652D,2,0,7,0,1,osmo14tsmxmf2aqpu7e6snj2gvp4datl9hzrc4zxkjv,genesis14tsmxmf2aqpu7e6snj2gvp4datl9hzrcrspsqt,5000000000000000000,ibc/F16FDC11A7662B86BC0B9CE61871CBACF7C20606F95E86260FD38915184B75B4,transfer/channel-253/el1,,channel-253,channel-1,connection-1539,225,1.717605845471798E9
4713092|1|307|0|7|1,1.655051957655E9,4713092,block_result,1,BA9C05B2DD44ADE24277BCAB37F133EA2B15C4A8DC060B00C8BF7198C25A04E3,307,0,7,0,1,osmo17h6aflsyu8vvtusqgg5maksgnpsmnapncuv7u5,genesis17h6aflsyu8vvtusqgg5maksgnpsmnapnwwtcwn,10999869999999870000,ibc/F16FDC11A7662B86BC0B9CE61871CBACF7C20606F95E86260FD38915184B75B4,transfer/channel-253/el1,,channel-253,channel-1,connection-1539,220,1.717584044010848E9
4714963|1|0|0|7|1,1.655064897325E9,4714963,block_result,1,247A361BC23F0E0FC6CD9A735F2C7B211722E0B0F229703EC6D2A95DEA339721,0,0,7,0,1,osmo1j6frpjqy0qg9dvm8n8vd5tgnrftpqfp9a0ump6,genesis1j6frpjqy0qg9dvm8n8vd5tgnrftpqfp9tamana,10000000000000000000,ibc/F16FDC11A7662B86BC0B9CE61871CBACF7C20606F95E86260FD38915184B75B4,transfer/channel-253/el1,,channel-253,channel-1,connection-1539,224,1.717583942281793E9
4714075|1|22|0|7|1,1.655059110988E9,4714075,block_result,1,F32BFB48BBF6D3C435A028A2CFA40242112F1AAAD31D9A65934362F90123D7A2,22,0,7,0,1,osmo1l56z09rcgnamet6st2sm25ez6jc3ynp5dyezvd,genesis1l56z09rcgnamet6st2sm25ez6jc3ynp5mk7y72,2000000000000000000,ibc/F16FDC11A7662B86BC0B9CE61871CBACF7C20606F95E86260FD38915184B75B4,transfer/channel-253/el1,,channel-253,channel-1,connection-1539,223,1.717583876695651E9
4716551|1|10|0|7|1,1.655075064552E9,4716551,block_result,1,4D14E17B1F52C076C68AA6C1F146517D0BD358A5F4BF70E3A17D3677FB729743,10,0,7,0,1,osmo1lzrrnuucj7s5ajjzvhg0kn7t8xxwq98wrn7089,genesis1lzrrnuucj7s5ajjzvhg0kn7t8xxwq98w4pef4z,10999869999999870000,ibc/F16FDC11A7662B86BC0B9CE61871CBACF7C20606F95E86260FD38915184B75B4,transfer/channel-253/el1,,channel-253,channel-1,connection-1539,227,1.717605832110007E9
4713483|1|111|0|7|1,1.655055173965E9,4713483,block_result,1,2F25CEB42A81502F2964E95D11DA74FA543C597A0D8C990998770930F17461F0,111,0,7,0,1,osmo1rgf4dznny6fx60yjwmq27xxs42vl34yl54cce0,genesis1rgf4dznny6fx60yjwmq27xxs42vl34ylz8l7tg,10999869999999870000,ibc/F16FDC11A7662B86BC0B9CE61871CBACF7C20606F95E86260FD38915184B75B4,transfer/channel-253/el1,,channel-253,channel-1,connection-1539,222,1.717606051273288E9
4713092|1|321|0|7|1,1.655051957655E9,4713092,block_result,1,15858DB6B157D22B9CF3D7ED500DBA67B31786658A7B54DDA263783C7E9D1210,321,0,7,0,1,osmo1s9tj8efw36uegzuujk2zxuda3deslk23xfhunf,genesis1s9tj8efw36uegzuujk2zxuda3deslk23sms6pw,10500000000000000000,ibc/F16FDC11A7662B86BC0B9CE61871CBACF7C20606F95E86260FD38915184B75B4,transfer/channel-253/el1,,channel-253,channel-1,connection-1539,221,1.717584045807242E9
4713091|1|192|0|7|1,1.655051951221E9,4713091,block_result,1,0D8636AD8B7C9DF9C3722A6D9EC3C233A963A6A0CDA2E89D16759AF218858CDA,192,0,7,0,1,osmo1yar6k9z6ugmunfl536ljr6wlhwjdpd6jf2udsz,genesis1yar6k9z6ugmunfl536ljr6wlhwjdpd6jlcmtz9,1000000000000000000,ibc/F16FDC11A7662B86BC0B9CE61871CBACF7C20606F95E86260FD38915184B75B4,transfer/channel-253/el1,,channel-253,channel-1,connection-1539,219,1.71758402961439E9
8459610|1|21|0|7|1,1.677432255702E9,8459610,block_result,1,CF757AB4D753FC52E9431CE36FFA6AC46B7C2EBAF173DDDC9B85ED252C2912E2,21,0,7,0,1,osmo16hp7wzudkeyw6fvgvalm0fh3elp9czhf9l3k7l,genesis16hp7wzudkeyw6fvgvalm0fh3elp9czhfndksvc,2531671163694648498,ibc/F16FDC11A7662B86BC0B9CE61871CBACF7C20606F95E86260FD38915184B75B4,transfer/channel-253/el1,,channel-253,channel-1,connection-1539,1162,1.71746716636773E9
8461805|1|13|0|7|1,1.677444746285E9,8461805,block_result,1,40DA4D3D696E703930C59A0839F098B6567FD7E36054E87F68F56BBBB347073A,13,0,7,0,1,osmo1vgu6mpatup4hsyt463mdkac4a6n7qh30laksq4,genesis1vgu6mpatup4hsyt463mdkac4a6n7qh30f03kjj,13109640798501402631,ibc/F16FDC11A7662B86BC0B9CE61871CBACF7C20606F95E86260FD38915184B75B4,transfer/channel-253/el1,,channel-253,channel-1,connection-1539,1163,1.717466800380374E9
5319475|1|67|0|7|1,1.658840721327E9,5319475,block_result,1,F699BDF325167B15A07B95D964C46697D6233BC8942B313B90F7206A12F9EEF1,67,0,7,0,1,osmo1xjvhpmflhue38mc8j75gqj2h0fds9guxqen8zj,genesis1xjvhpmflhue38mc8j75gqj2h0fds9guxkt5ps4,49951122314426816639,ibc/F16FDC11A7662B86BC0B9CE61871CBACF7C20606F95E86260FD38915184B75B4,transfer/channel-253/el1,,channel-253,channel-1,connection-1539,447,1.717574744127729E9
6922380|1|6|0|7|1,1.668631648844E9,6922380,block_result,1,A771643633930730F3EA4D4C701544E882F13329651109FE6E7CEE70F6A03794,6,0,7,0,1,osmo1kdq49puwa5pjptxjnldagdc29sm7ghemuqmp5c,genesis1kdq49puwa5pjptxjnldagdc29sm7ghem2ju8xl,3000000000000000000,ibc/F16FDC11A7662B86BC0B9CE61871CBACF7C20606F95E86260FD38915184B75B4,transfer/channel-253/el1,,channel-253,channel-1,connection-1539,1030,1.7175041674968E9
6918287|1|1|0|7|1,1.66860704542E9,6918287,block_result,1,2F8DCDF040357617DC3FDC6A794670CE51727F6753B4DF90CB6D952522D38562,1,0,7,0,1,osmo1kllcrueu7lf3uy8v5hqsvt894khcy867zuhw30,genesis1kllcrueu7lf3uy8v5hqsvt894khcy8675wsgrg,54141731709116515030,ibc/F16FDC11A7662B86BC0B9CE61871CBACF7C20606F95E86260FD38915184B75B4,transfer/channel-253/el1,,channel-253,channel-1,connection-1539,1029,1.717512539467928E9
5891527|1|28|0|7|1,1.662387114059E9,5891527,block_result,1,457FDE9D4E52EDB684623B938113D3FCBD67A04025DF5AD44CB2063C5F5F47CF,28,0,7,0,1,osmo10mkczsrf8snhdhazkf7lav2hjdctyupvm8whys,genesis10mkczsrf8snhdhazkf7lav2hjdctyupvd4f3kh,11000000000000000000,ibc/F16FDC11A7662B86BC0B9CE61871CBACF7C20606F95E86260FD38915184B75B4,transfer/channel-253/el1,,channel-253,channel-1,connection-1539,773,1.717537953557982E9
5892074|1|16|0|7|1,1.662390445701E9,5892074,block_result,1,F15D327A1762C9B39154E74E3C9338C343ECE59954A7069F9A4A428ED6932A78,16,0,7,0,1,osmo1f0su7dw6zjhf9924rqlmxx7eecuzwr9w9q6fag,genesis1f0su7dw6zjhf9924rqlmxx7eecuzwr9wnja000,56001000000000000000000,ibc/F16FDC11A7662B86BC0B9CE61871CBACF7C20606F95E86260FD38915184B75B4,transfer/channel-253/el1,,channel-253,channel-1,connection-1539,774,1.717536671595364E9
5887357|1|0|0|7|1,1.662361652914E9,5887357,block_result,1,C853EC1F16E64B2B7E64BD416F9960F9C9E82C129488DEBF6DD061A54229A233,0,0,7,0,1,osmo1nyc6eykp7xwuptuy9w09zvt3lrzynez6t4e6wy,genesis1nyc6eykp7xwuptuy9w09zvt3lrzynez6a87uur,40469010231478348,ibc/F16FDC11A7662B86BC0B9CE61871CBACF7C20606F95E86260FD38915184B75B4,transfer/channel-253/el1,,channel-253,channel-1,connection-1539,772,1.717538115673899E9
5892333|1|0|0|7|1,1.662392024259E9,5892333,block_result,1,8B0A0EA83862B38BFB0B9AF35E46CC95FD52A929E33C09F74DBD68323BD6A10C,0,0,7,0,1,osmo1s84q7zy0a0f7dchrpj2fk89gyglkwm2eqrzwxu,genesis1s84q7zy0a0f7dchrpj2fk89gyglkwm2ek39g5m,200000000000000000000,ibc/F16FDC11A7662B86BC0B9CE61871CBACF7C20606F95E86260FD38915184B75B4,transfer/channel-253/el1,,channel-253,channel-1,connection-1539,775,1.717537663304379E9
5896840|1|16|0|7|1,1.662420131658E9,5896840,block_result,1,2664795CFA6CF237529E974E63DA2004395B8872716C5F48E156AE7C33544B88,16,0,7,0,1,osmo1zf3f5xcsh34twg4ulf6h2d84qx3fwupcntxdsk,genesis1zf3f5xcsh34twg4ulf6h2d84qx3fwupc9eptz3,13842840628082288236,ibc/F16FDC11A7662B86BC0B9CE61871CBACF7C20606F95E86260FD38915184B75B4,transfer/channel-253/el1,,channel-253,channel-1,connection-1539,776,1.717543754578343E9
6201530|1|6|0|7|1,1.664286616861E9,6201530,block_result,1,14B8909183E6999103899BCFAB593CC3BC1E8E561AE8DD89C3E5FA8CF4B10E4A,6,0,7,0,1,osmo1x8tcv75ut45zw9y2dcxrda6u4evmhtppm9h4el,genesis1x8tcv75ut45zw9y2dcxrda6u4evmhtppdhsntc,10999479999999870000,ibc/F16FDC11A7662B86BC0B9CE61871CBACF7C20606F95E86260FD38915184B75B4,transfer/channel-253/el1,,channel-253,channel-1,connection-1539,861,1.717524733729929E9
66984800|1|0|0|9|1,1.784843110573E9,66984800,block_result,1,CDCF8048FD723B40EAEDE288B8477D896FE69BDC8AB3AA84DBE51944BC4931B4,0,0,9,0,1,osmo13k072z6ua8258533glfrrsep4ff6f4j5j3k3pc,genesis13k072z6ua8258533glfrrsep4ff6f4j5yr3hnl,27029000000000000000000,ibc/F16FDC11A7662B86BC0B9CE61871CBACF7C20606F95E86260FD38915184B75B4,transfer/channel-253/el1,,channel-253,channel-1,connection-1539,1813,1.784843112876E9
66963694|1|0|0|9|1,1.784817702132E9,66963694,block_result,1,354607F825816D7A31D59C7DD9F545AB6B80A3932F604BD329743BD61B247D78,0,0,9,0,1,osmo1kchq6hwcxykm847jugaf5c6x7aqvz4k9rrcl2w,genesis13z5q0p8g4dythknsfyalul55mp3d92xr53ujqd,2573000000000000000000,ibc/F16FDC11A7662B86BC0B9CE61871CBACF7C20606F95E86260FD38915184B75B4,transfer/channel-253/el1,,channel-253,channel-1,connection-1539,1809,1.784817704426E9
66962882|1|0|0|9|1,1.784816723257E9,66962882,block_result,1,EC4182CD3F4C3A30A6BD70BBCF4ABE1DC4B4891DE54781AAE8F65F665D76DED5,0,0,9,0,1,osmo1kchq6hwcxykm847jugaf5c6x7aqvz4k9rrcl2w,genesis13z5q0p8g4dythknsfyalul55mp3d92xr53ujqd,1918000000000000000000,ibc/F16FDC11A7662B86BC0B9CE61871CBACF7C20606F95E86260FD38915184B75B4,transfer/channel-253/el1,,channel-253,channel-1,connection-1539,1808,1.784816728426E9
66986309|1|0|0|9|1,1.784844926586E9,66986309,block_result,1,41B8849E6AC19A502EBD0C48DCEDAF67A77465498FF168D0970BFA60649A2CE7,0,0,9,0,1,osmo1kchq6hwcxykm847jugaf5c6x7aqvz4k9rrcl2w,genesis13z5q0p8g4dythknsfyalul55mp3d92xr53ujqd,1999000000000000000000,ibc/F16FDC11A7662B86BC0B9CE61871CBACF7C20606F95E86260FD38915184B75B4,transfer/channel-253/el1,,channel-253,channel-1,connection-1539,1814,1.784844929984E9
66975843|1|0|0|9|1,1.784832375576E9,66975843,block_result,1,00CBCB0A2D61B1F862140D2DEED87144012253EEDB4F86DA0ECCBE69EC2673A1,0,0,9,0,1,osmo1kchq6hwcxykm847jugaf5c6x7aqvz4k9rrcl2w,genesis13z5q0p8g4dythknsfyalul55mp3d92xr53ujqd,5445000000000000000000,ibc/F16FDC11A7662B86BC0B9CE61871CBACF7C20606F95E86260FD38915184B75B4,transfer/channel-253/el1,,channel-253,channel-1,connection-1539,1812,1.784832377802E9
66959108|1|0|0|9|1,1.784812150559E9,66959108,block_result,1,CAEFDD5481A9AB10EE8E2EBF10013273A3BCBDFD50255369EE6C1315A9772796,0,0,9,0,1,osmo1kchq6hwcxykm847jugaf5c6x7aqvz4k9rrcl2w,genesis13z5q0p8g4dythknsfyalul55mp3d92xr53ujqd,2416000000000000000000,ibc/F16FDC11A7662B86BC0B9CE61871CBACF7C20606F95E86260FD38915184B75B4,transfer/channel-253/el1,,channel-253,channel-1,connection-1539,1800,1.784812152908E9
66964149|1|1|0|9|1,1.784818253977E9,66964149,block_result,1,F512466EB1D01F3FE298D8EB19C5310A646FA9D072FF971DB233F5D9196F84D0,1,0,9,0,1,osmo1kchq6hwcxykm847jugaf5c6x7aqvz4k9rrcl2w,genesis13z5q0p8g4dythknsfyalul55mp3d92xr53ujqd,2398000000000000000000,ibc/F16FDC11A7662B86BC0B9CE61871CBACF7C20606F95E86260FD38915184B75B4,transfer/channel-253/el1,,channel-253,channel-1,connection-1539,1811,1.784818256123E9
66961917|1|0|0|9|1,1.784815554729E9,66961917,block_result,1,49F03111234E7047189FC8E3FFF0F77F15E9495A9AE2406FA3D8210FCB6DAD04,0,0,9,0,1,osmo1kchq6hwcxykm847jugaf5c6x7aqvz4k9rrcl2w,genesis13z5q0p8g4dythknsfyalul55mp3d92xr53ujqd,5521000000000000000000,ibc/F16FDC11A7662B86BC0B9CE61871CBACF7C20606F95E86260FD38915184B75B4,transfer/channel-253/el1,,channel-253,channel-1,connection-1539,1807,1.784815560048E9
66961548|1|0|0|9|1,1.784815094537E9,66961548,block_result,1,E13A221ECC6FEF1FCA29748F68C9A587468597CFCDB8143CF9076505CB5C29B3,0,0,9,0,1,osmo1kchq6hwcxykm847jugaf5c6x7aqvz4k9rrcl2w,genesis13z5q0p8g4dythknsfyalul55mp3d92xr53ujqd,3528000000000000000000,ibc/F16FDC11A7662B86BC0B9CE61871CBACF7C20606F95E86260FD38915184B75B4,transfer/channel-253/el1,,channel-253,channel-1,connection-1539,1804,1.784815097893E9
66955873|1|1|0|9|1,1.784808235349E9,66955873,block_result,1,C5DD2AA5454C762DF655BBDEB5817FFB7981C4E90D43C992E8567D62EAAC5EBB,1,0,9,0,1,osmo1kchq6hwcxykm847jugaf5c6x7aqvz4k9rrcl2w,genesis13z5q0p8g4dythknsfyalul55mp3d92xr53ujqd,1741000000000000000000,ibc/F16FDC11A7662B86BC0B9CE61871CBACF7C20606F95E86260FD38915184B75B4,transfer/channel-253/el1,,channel-253,channel-1,connection-1539,1798,1.784808240415E9
66953432|1|0|0|9|1,1.784805270007E9,66953432,block_result,1,688EB495C4410A1D6B7FBCA7E669884307C92DE48218EBC9BE96F1989FACCF27,0,0,9,0,1,osmo14jyz5lnr63nqva6xcppf05hnv64e7gwsc27z7q,genesis14jyz5lnr63nqva6xcppf05hnv64e7gwswceyv8,3000000000000000000,ibc/F16FDC11A7662B86BC0B9CE61871CBACF7C20606F95E86260FD38915184B75B4,transfer/channel-253/el1,,channel-253,channel-1,connection-1539,1792,1.784805272209E9
66953498|1|3|0|9|1,1.78480535433E9,66953498,block_result,1,444B957ADA50C9DB53D5A61187FC9D4D806BA331BBF3BA628DCC7D08125A60F5,3,0,9,0,1,osmo14jyz5lnr63nqva6xcppf05hnv64e7gwsc27z7q,genesis14jyz5lnr63nqva6xcppf05hnv64e7gwswceyv8,44755228509556778155,ibc/F16FDC11A7662B86BC0B9CE61871CBACF7C20606F95E86260FD38915184B75B4,transfer/channel-253/el1,,channel-253,channel-1,connection-1539,1793,1.784805359547E9
66953577|1|0|0|9|1,1.784805452525E9,66953577,block_result,1,CA341718FACDCDA4779DEC91C840E774068A7C299EA3CB03C2339E8CF30835F9,0,0,9,0,1,osmo14jyz5lnr63nqva6xcppf05hnv64e7gwsc27z7q,genesis14jyz5lnr63nqva6xcppf05hnv64e7gwswceyv8,3073806259426746775760,ibc/F16FDC11A7662B86BC0B9CE61871CBACF7C20606F95E86260FD38915184B75B4,transfer/channel-253/el1,,channel-253,channel-1,connection-1539,1795,1.784805454858E9
66954266|1|0|0|9|1,1.784806289326E9,66954266,block_result,1,10F6606DECD7BE3B7EA4E6A97908C21C7E10833A154526535E7DD7C0E4A75A1B,0,0,9,0,1,osmo19h65cmarqlpaz80ja26jtn4gamuvwla00r0f66,genesis19h65cmarqlpaz80ja26jtn4gamuvwla0e3g0ga,14000000000000000002,ibc/F16FDC11A7662B86BC0B9CE61871CBACF7C20606F95E86260FD38915184B75B4,transfer/channel-253/el1,,channel-253,channel-1,connection-1539,1796,1.784806291589E9
66964052|1|0|0|9|1,1.784818132622E9,66964052,block_result,1,112026A4037762EDB8E05DFC136E1A6D46C3B57B8CF831983076CE1C82207021,0,0,9,0,1,osmo1awav8afwjqy0f8uzcqek8pd0er7d9jgr5qv9p6,genesis1awav8afwjqy0f8uzcqek8pd0er7d9jgrzjtrna,5836602627793243046019,ibc/F16FDC11A7662B86BC0B9CE61871CBACF7C20606F95E86260FD38915184B75B4,transfer/channel-253/el1,,channel-253,channel-1,connection-1539,1810,1.784818135125E9
66961633|1|1|0|9|1,1.784815202656E9,66961633,block_result,1,65CCA4DD16F297E81D69154C3FBF9D48C1FED124A321C25B1BE7E6A84E6E4262,1,0,9,0,1,osmo1awav8afwjqy0f8uzcqek8pd0er7d9jgr5qv9p6,genesis1awav8afwjqy0f8uzcqek8pd0er7d9jgrzjtrna,2271613169637494836536,ibc/F16FDC11A7662B86BC0B9CE61871CBACF7C20606F95E86260FD38915184B75B4,transfer/channel-253/el1,,channel-253,channel-1,connection-1539,1805,1.78481521778E9
66959103|1|0|0|9|1,1.784812142046E9,66959103,block_result,1,35AEBF63CAA899C741D68C3FADEF093235DA11B530CACE5D3449297237BBF6C1,0,0,9,0,1,osmo1awav8afwjqy0f8uzcqek8pd0er7d9jgr5qv9p6,genesis1awav8afwjqy0f8uzcqek8pd0er7d9jgrzjtrna,1345797916261760988723,ibc/F16FDC11A7662B86BC0B9CE61871CBACF7C20606F95E86260FD38915184B75B4,transfer/channel-253/el1,,channel-253,channel-1,connection-1539,1799,1.78481214743E9
66959824|1|1|0|9|1,1.784813006787E9,66959824,block_result,1,6916DABAA68D7B3F0D0CD9C3A5C88800F1AB6C918138B58AB9BAEBDE9DAC7D05,1,0,9,0,1,osmo1awav8afwjqy0f8uzcqek8pd0er7d9jgr5qv9p6,genesis1awav8afwjqy0f8uzcqek8pd0er7d9jgrzjtrna,2681800338009700602509,ibc/F16FDC11A7662B86BC0B9CE61871CBACF7C20606F95E86260FD38915184B75B4,transfer/channel-253/el1,,channel-253,channel-1,connection-1539,1801,1.78481301025E9
66961286|1|0|0|9|1,1.78481478008E9,66961286,block_result,1,213880B3D8F11FAB1F5A7ADE739738C8E2B6C905B06DD15AABB558595ADD5B15,0,0,9,0,1,osmo1awav8afwjqy0f8uzcqek8pd0er7d9jgr5qv9p6,genesis1awav8afwjqy0f8uzcqek8pd0er7d9jgrzjtrna,4040073717821013096318,ibc/F16FDC11A7662B86BC0B9CE61871CBACF7C20606F95E86260FD38915184B75B4,transfer/channel-253/el1,,channel-253,channel-1,connection-1539,1803,1.784814782311E9
66961853|1|0|0|9|1,1.784815474902E9,66961853,block_result,1,DB0950D07ADEF9024FC98E07AD937B7567B191E7B1AD0D440B776400539A0E62,0,0,9,0,1,osmo1awav8afwjqy0f8uzcqek8pd0er7d9jgr5qv9p6,genesis1awav8afwjqy0f8uzcqek8pd0er7d9jgrzjtrna,4868135676043331775740,ibc/F16FDC11A7662B86BC0B9CE61871CBACF7C20606F95E86260FD38915184B75B4,transfer/channel-253/el1,,channel-253,channel-1,connection-1539,1806,1.78481547752E9
66955207|1|0|0|9|1,1.784807427542E9,66955207,block_result,1,89769C304928B410A74E93B783C6F2A352E0D9F22D79F0AEB7637FF6F7BEC09E,0,0,9,0,1,osmo1s0mcdnsp74relctt3nyfyx4zkuwfn5wff8n73a,genesis1s0mcdnsp74relctt3nyfyx4zkuwfn5wfl45cr6,171461000000000000,ibc/F16FDC11A7662B86BC0B9CE61871CBACF7C20606F95E86260FD38915184B75B4,transfer/channel-253/el1,,channel-253,channel-1,connection-1539,1797,1.784807431717E9
66959877|1|0|0|9|1,1.784813067409E9,66959877,block_result,1,E7914F6D186BB5EED7B7C7D3DF4D22A7FCF4A2CAF1CB4B0A4D2034C0E792724C,0,0,9,0,1,osmo1kchq6hwcxykm847jugaf5c6x7aqvz4k9rrcl2w,genesis1tat77sppnc59s7652mpdcw7r8gzx5pf8z46n4y,1954000000000000000000,ibc/F16FDC11A7662B86BC0B9CE61871CBACF7C20606F95E86260FD38915184B75B4,transfer/channel-253/el1,,channel-253,channel-1,connection-1539,1802,1.784813070775E9
66953503|1|0|0|9|1,1.7848053627E9,66953503,block_result,1,47F94D78673D668E32A0D0374F59933000588377C86C263C249AD96B6E51CB23,0,0,9,0,1,osmo1z7ml3yp2sqguptlehv2fmhexpjw8sqsvsfk2xl,genesis1z7ml3yp2sqguptlehv2fmhexpjw8sqsvxm3v5c,297039948743096174,ibc/F16FDC11A7662B86BC0B9CE61871CBACF7C20606F95E86260FD38915184B75B4,transfer/channel-253/el1,,channel-253,channel-1,connection-1539,1794,1.784805364984E9
66936690|1|0|0|9|1,1.784785068113E9,66936690,block_result,1,7656C48F4F5A116A6725E8787969A2D18E3E696B31FF4C3E4292774317B3F246,0,0,9,0,1,osmo1z907tuemhsr3jaflwjhjtuh9wflfgkse4h9lwr,genesis1z907tuemhsr3jaflwjhjtuh9wflfgkser9zeuy,14008168300788205,ibc/F16FDC11A7662B86BC0B9CE61871CBACF7C20606F95E86260FD38915184B75B4,transfer/channel-253/el1,,channel-253,channel-1,connection-1539,1790,1.7847850704E9
66944167|1|2|0|9|1,1.784794079895E9,66944167,block_result,1,4C80288487F845BEE59C52188CE6D26AA5CD22FB7CC045C3382D2D1E0EBB5AD5,2,0,9,0,1,osmo1z907tuemhsr3jaflwjhjtuh9wflfgkse4h9lwr,genesis1z907tuemhsr3jaflwjhjtuh9wflfgkser9zeuy,19076007169107697862,ibc/F16FDC11A7662B86BC0B9CE61871CBACF7C20606F95E86260FD38915184B75B4,transfer/channel-253/el1,,channel-253,channel-1,connection-1539,1791,1.784794082221E9
27714150|1|2|0|9|1,1.736965485341E9,27714150,block_result,1,A6D4F23009A18665BA9C6A26EAFC965154A74A62EBE28C86AF2C099ACEEB27D3,2,0,9,0,1,osmo1k75w2s26rekktazwp5l9ghv2ccp4mvtxw55xag,genesis1k75w2s26rekktazwp5l9ghv2ccp4mvtxcxnq00,10000000000000000000,ibc/F16FDC11A7662B86BC0B9CE61871CBACF7C20606F95E86260FD38915184B75B4,transfer/channel-253/el1,,channel-253,channel-1,connection-1539,1404,1.736965488567742E9
8422870|1|13|0|7|1,1.677224631895E9,8422870,block_result,1,F4426C24B3FA09A4A7B0F6D1A52EEA51D0EBE27273BB60EE03ECE23CA6F247CA,13,0,7,0,1,osmo1k7nssnnvxezpp4una7lvk6j53895vadpt3a3l0,genesis1k7nssnnvxezpp4una7lvk6j53895vadpar6hdg,211522225264817914855,ibc/F16FDC11A7662B86BC0B9CE61871CBACF7C20606F95E86260FD38915184B75B4,transfer/channel-253/el1,,channel-253,channel-1,connection-1539,1156,1.71746806419399E9
8424813|1|1|0|7|1,1.67723542821E9,8424813,block_result,1,76804F1A7890956A627B38D7A3E649D6B8A25172F8E2518CA4E5F6B65D95FD01,1,0,7,0,1,osmo1gtke29g72hw6n9hrj8y7m9qxl3k6mmjzs06p95,genesis1gtke29g72hw6n9hrj8y7m9qxl3k6mmjzxaa8hn,10481993509555864456904,ibc/F16FDC11A7662B86BC0B9CE61871CBACF7C20606F95E86260FD38915184B75B4,transfer/channel-253/el1,,channel-253,channel-1,connection-1539,1157,1.717468131164125E9
57370039|1|1|0|9|1,1.77383145456E9,57370039,block_result,1,2625BCE2915193A8E85B2C8B6B670A9DC44AC7CEAC08023E1E6FEE884E95ACDF,1,0,9,0,1,osmo16aypymlama0lk5s8c9s30s09eacpvwnav7ewjv,genesis16aypymlama0lk5s8c9s30s09eacpvwna6v7gqt,10000000000000000000000,ibc/F16FDC11A7662B86BC0B9CE61871CBACF7C20606F95E86260FD38915184B75B4,transfer/channel-253/el1,,channel-253,channel-1,connection-1539,1585,1.773831457977E9
8083204|1|4|0|7|1,1.675312402681E9,8083204,block_result,1,B5B561388FF17329416074501E81AD8B8B4BA83B9A548844F9E1842FEA92947B,4,0,7,0,1,osmo163ndtplrrpkh2faf2c0y6t9v86llx86q6spzwl,genesis163ndtplrrpkh2faf2c0y6t9v86llx86qvzxyuc,2072832267685902,ibc/F16FDC11A7662B86BC0B9CE61871CBACF7C20606F95E86260FD38915184B75B4,transfer/channel-253/el1,,channel-253,channel-1,connection-1539,1131,1.717476527383351E9
5042043|1|1|0|7|1,1.657109670661E9,5042043,block_result,1,81791B0637241CF221DDECFD1C5A528FE78D5E3F806F388258DDDD210AB7F292,1,0,7,0,1,osmo16jexsf558vvdwwl2cfj0mzr4x63xjpac5cs9rv,genesis16jexsf558vvdwwl2cfj0mzr4x63xjpacz2hr3t,9010086400851178812,ibc/F16FDC11A7662B86BC0B9CE61871CBACF7C20606F95E86260FD38915184B75B4,transfer/channel-253/el1,,channel-253,channel-1,connection-1539,376,1.7175914004555E9
5036236|1|3|0|7|1,1.657073405299E9,5036236,block_result,1,DCA01FE8DD35717BF5E97B8F4DF7865768E3EBB49C94D466B6C6AD8ADE3B1AC4,3,0,7,0,1,osmo177r0g3keaq5ur8rq9rzh0uyzuyymmz8tz0gap8,genesis177r0g3keaq5ur8rq9rzh0uyzuyymmz8t5a0mnq,270567298595589742,ibc/F16FDC11A7662B86BC0B9CE61871CBACF7C20606F95E86260FD38915184B75B4,transfer/channel-253/el1,,channel-253,channel-1,connection-1539,374,1.717568386861768E9
5040073|1|4|0|7|1,1.657097258991E9,5040073,block_result,1,23009B54D209BCEB6AB62B51199667AB1D8EC07A6E6AE69D4F5FFDC296797049,4,0,7,0,1,osmo1fhayyy4u5n5vffh640esjx9he3zgds7mz3n20w,genesis1fhayyy4u5n5vffh640esjx9he3zgds7m5r5vaf,10999869999999870000,ibc/F16FDC11A7662B86BC0B9CE61871CBACF7C20606F95E86260FD38915184B75B4,transfer/channel-253/el1,,channel-253,channel-1,connection-1539,375,1.717569121039214E9
5035262|1|5|0|7|1,1.657067377899E9,5035262,block_result,1,B1986DE4D413C190FE85E81B799798E079B52113146659A6CE6C5F0C045970A2,5,0,7,0,1,osmo18f03tpajx65xuj4h44mmjhag65jeslngshsp0m,genesis18f03tpajx65xuj4h44mmjhag65jeslngx9h8au,300000000000000000,ibc/F16FDC11A7662B86BC0B9CE61871CBACF7C20606F95E86260FD38915184B75B4,transfer/channel-253/el1,,channel-253,channel-1,connection-1539,373,1.717592230654744E9
6156595|1|0|0|7|1,1.66401169674E9,6156595,block_result,1,37DD1798FB3AB4DF68D747E331CCD2747A67034C3067DA58EA7E5EDDE5F46D9E,0,0,7,0,1,osmo15dlvx82yt5evgrl9z32khlaw7q8zdwnkxsnm6t,genesis15dlvx82yt5evgrl9z32khlaw7q8zdwnksz5agv,8910000000000000000000,ibc/F16FDC11A7662B86BC0B9CE61871CBACF7C20606F95E86260FD38915184B75B4,transfer/channel-253/el1,,channel-253,channel-1,connection-1539,849,1.71752663048699E9
6152456|1|0|0|7|1,1.663986642795E9,6152456,block_result,1,A087660200B80837D93BD102E5362A1DFA36BE4F5F0EBA80A9A047F938779573,0,0,7,0,1,osmo182lpnqqq0umc07hut7xp7j23k32ss3pa9pltx0,genesis182lpnqqq0umc07hut7xp7j23k32ss3panncd5g,796201399368702596582,ibc/F16FDC11A7662B86BC0B9CE61871CBACF7C20606F95E86260FD38915184B75B4,transfer/channel-253/el1,,channel-253,channel-1,connection-1539,847,1.717536505232601E9
6154892|1|13|0|7|1,1.664001376959E9,6154892,block_result,1,20F9F9C5A3E04554976148396C044DA8C245A3AA022EE22BE17A127A5109ECB5,13,0,7,0,1,osmo185cd5utlg02pw2jvz7fdfqgn0ud8gu6hulh4kd,genesis185cd5utlg02pw2jvz7fdfqgn0ud8gu6h2dsny2,63343828800264128643,ibc/F16FDC11A7662B86BC0B9CE61871CBACF7C20606F95E86260FD38915184B75B4,transfer/channel-253/el1,,channel-253,channel-1,connection-1539,848,1.717526582501081E9
6159135|1|0|0|7|1,1.664027130731E9,6159135,block_result,1,70B3CEBE035CD8F5D2DCA4A81D8DC5B1B40EAC22DDC5DCCCE7F4BF7468B78649,0,0,7,0,1,osmo18cpvvupy2xd8s6xurnzfh7z7c3ystll8cffm6j,genesis18cpvvupy2xd8s6xurnzfh7z7c3ystll8wmwag4,39998993702254781284648,ibc/F16FDC11A7662B86BC0B9CE61871CBACF7C20606F95E86260FD38915184B75B4,transfer/channel-253/el1,,channel-253,channel-1,connection-1539,852,1.717536137173046E9
6161924|1|7|0|7|1,1.664044530754E9,6161924,block_result,1,A1BBC095C3E60E57F1D2CA42C927DDE0F8EB9A6EA98718504B4119AD3FD7493F,7,0,7,0,1,osmo1fgrz6t7dm8aj7lc4nkk8ezpuc3pxsv2uucvdts,genesis1fgrz6t7dm8aj7lc4nkk8ezpuc3pxsv2u22tteh,216513526296918078640,ibc/F16FDC11A7662B86BC0B9CE61871CBACF7C20606F95E86260FD38915184B75B4,transfer/channel-253/el1,,channel-253,channel-1,connection-1539,854,1.717536541756654E9
6157646|1|1|0|7|1,1.664018095958E9,6157646,block_result,1,DF0260AC702F6CAF9482BC33009548237BFD1EE74E44389D23093EAF4660796C,1,0,7,0,1,osmo1qnlxnneluedfg3lusv8r36t5c0s4r2p0dlsn28,genesis1qnlxnneluedfg3lusv8r36t5c0s4r2p0mdh4cq,10400000000000000000,ibc/F16FDC11A7662B86BC0B9CE61871CBACF7C20606F95E86260FD38915184B75B4,transfer/channel-253/el1,,channel-253,channel-1,connection-1539,851,1.71753646380459E9
6159421|1|35|0|7|1,1.664028866385E9,6159421,block_result,1,C74A33EEA5E9E3BBDB954838A6734E70CDF515B05DDD7F04310EFB32AFDFE4EC,35,0,7,0,1,osmo1s8fjq6q7hnywn6x0ya4lsccvlp977qu4v2funy,genesis1s8fjq6q7hnywn6x0ya4lsccvlp977qu46cw6pr,10999869999999870000,ibc/F16FDC11A7662B86BC0B9CE61871CBACF7C20606F95E86260FD38915184B75B4,transfer/channel-253/el1,,channel-253,channel-1,connection-1539,853,1.717536428265887E9
6157479|1|2|0|7|1,1.664017075901E9,6157479,block_result,1,4EDD8757EB2A4A6CA1296FEB1895F76C43E43BE3DC3B4281BD4EE09DD14AC8F8,2,0,7,0,1,osmo1zlnj7v8p37ypdjph8gqxva4w4ptl95g93swhgf,genesis1zlnj7v8p37ypdjph8gqxva4w4ptl95g98zf36w,64581420439218497326,ibc/F16FDC11A7662B86BC0B9CE61871CBACF7C20606F95E86260FD38915184B75B4,transfer/channel-253/el1,,channel-253,channel-1,connection-1539,850,1.71753646741059E9
6234024|1|15|0|7|1,1.664486361529E9,6234024,block_result,1,4914A65533A11111EDBAE9A61EB24699789DA68A0A935AA6D631B1B1FB9463B1,15,0,7,0,1,osmo17msqx8vns6uls6f7yqvfqzlys7gljl9997evfe,genesis12hckdk0k5wvpucxa5q77vhn7hhtnsshz6r40vx,1000000000000000000,ibc/F16FDC11A7662B86BC0B9CE61871CBACF7C20606F95E86260FD38915184B75B4,transfer/channel-253/el1,,channel-253,channel-1,connection-1539,875,1.717524426208903E9
6221818|1|8|0|7|1,1.664411445302E9,6221818,block_result,1,8D3F98EAD07357F4D1BB10441C59E08A4A3393B5357291AED8B1CF85CB5B40C0,8,0,7,0,1,osmo16aypymlama0lk5s8c9s30s09eacpvwnav7ewjv,genesis16aypymlama0lk5s8c9s30s09eacpvwna6v7gqt,100000000000000000000,ibc/F16FDC11A7662B86BC0B9CE61871CBACF7C20606F95E86260FD38915184B75B4,transfer/channel-253/el1,,channel-253,channel-1,connection-1539,868,1.717533840598684E9
6232834|1|40|0|7|1,1.664479095994E9,6232834,block_result,1,4278C7D4D6AEFB32DBD31AB380D3CA3B855A2A7391668247B3CB26994CF4B600,40,0,7,0,1,osmo1ag940t2gd4sn0wey7xgfjl83x2t5v62m6629pc,genesis1ag940t2gd4sn0wey7xgfjl83x2t5v62mvgdrnl,10000000000000000000,ibc/F16FDC11A7662B86BC0B9CE61871CBACF7C20606F95E86260FD38915184B75B4,transfer/channel-253/el1,,channel-253,channel-1,connection-1539,874,1.717523632837722E9
6231425|1|2|0|7|1,1.66447002787E9,6231425,block_result,1,59B8DC55697EC98970DA93A7BCA2297417D0E47C2649BC1A05A8E15D4C6D83FA,2,0,7,0,1,osmo1ak4z9zdm4g438tffl8hzt4kkk9j0gxsmwkzw48,genesis1ak4z9zdm4g438tffl8hzt4kkk9j0gxsmcy9g8q,7292828827284774337,ibc/F16FDC11A7662B86BC0B9CE61871CBACF7C20606F95E86260FD38915184B75B4,transfer/channel-253/el1,,channel-253,channel-1,connection-1539,872,1.717523642335301E9
6229864|1|9|0|7|1,1.664460484445E9,6229864,block_result,1,BEBBF608ACD5B68AA57D16FD52D94379CF31F92AD0610C3DFCB1FE89E787C28B,9,0,7,0,1,osmo1f0su7dw6zjhf9924rqlmxx7eecuzwr9w9q6fag,genesis1f0su7dw6zjhf9924rqlmxx7eecuzwr9wnja000,9859000000000000000000,ibc/F16FDC11A7662B86BC0B9CE61871CBACF7C20606F95E86260FD38915184B75B4,transfer/channel-253/el1,,channel-253,channel-1,connection-1539,871,1.717523654745845E9
6235595|1|10|0|7|1,1.664495927518E9,6235595,block_result,1,851A8E4997BFC92357B4D5CF0F6699C681565672055E224FC22FD7E77F1F17CC,10,0,7,0,1,osmo1gg4s7a3nf7wnlcmn70l5ckh7qspk27d34j3rvw,genesis1gg4s7a3nf7wnlcmn70l5ckh7qspk27d3rqk97f,29496589206927818596,ibc/F16FDC11A7662B86BC0B9CE61871CBACF7C20606F95E86260FD38915184B75B4,transfer/channel-253/el1,,channel-253,channel-1,connection-1539,876,1.717533365086184E9
6223276|1|7|0|7|1,1.664420321926E9,6223276,block_result,1,A070DFA5DE0F40C2E4975B46A966EBF398DEBB75C3F97B823AD41C422CEB3A43,7,0,7,0,1,osmo1qnlxnneluedfg3lusv8r36t5c0s4r2p0dlsn28,genesis1qnlxnneluedfg3lusv8r36t5c0s4r2p0mdh4cq,28000000000000000000,ibc/F16FDC11A7662B86BC0B9CE61871CBACF7C20606F95E86260FD38915184B75B4,transfer/channel-253/el1,,channel-253,channel-1,connection-1539,869,1.71752472303865E9
6228248|1|23|0|7|1,1.664450642469E9,6228248,block_result,1,09E1DE8C1C8ADBB31D2CF446B948597BAFE00F6002DF9107E44ECCDA94640C8F,23,0,7,0,1,osmo1s84q7zy0a0f7dchrpj2fk89gyglkwm2eqrzwxu,genesis1s84q7zy0a0f7dchrpj2fk89gyglkwm2ek39g5m,572423935513394129577,ibc/F16FDC11A7662B86BC0B9CE61871CBACF7C20606F95E86260FD38915184B75B4,transfer/channel-253/el1,,channel-253,channel-1,connection-1539,870,1.717524465365418E9
6232279|1|28|0|7|1,1.664475690648E9,6232279,block_result,1,553D5CAE630283CDD6B667990C516A7D0DFEE138A8228007814B5F559AA3E128,28,0,7,0,1,osmo1s84q7zy0a0f7dchrpj2fk89gyglkwm2eqrzwxu,genesis1s84q7zy0a0f7dchrpj2fk89gyglkwm2ek39g5m,1000000000000000000,ibc/F16FDC11A7662B86BC0B9CE61871CBACF7C20606F95E86260FD38915184B75B4,transfer/channel-253/el1,,channel-253,channel-1,connection-1539,873,1.717533020271804E9
5073421|1|3|0|7|1,1.657306275259E9,5073421,block_result,1,18773D3D4C6A8B2692481A29129DA9CD68A9E0346A1AD91F4D0A41B0367F6CEA,3,0,7,0,1,osmo14vgp7l8ap53tlp0kg2gk259e9lmyza8ep8lvsp,genesis14vgp7l8ap53tlp0kg2gk259e9lmyza8eh4c2zx,11000739999999870000,ibc/F16FDC11A7662B86BC0B9CE61871CBACF7C20606F95E86260FD38915184B75B4,transfer/channel-253/el1,,channel-253,channel-1,connection-1539,379,1.717588988613423E9
17668914|1|2|0|9|1,1.720410564304E9,17668914,block_result,1,53443E57EA59FE8631A27018324B863D122645155E942D9C6ADAAA597C563E6F,2,0,9,0,1,osmo1cddkj9qt534dgv0lpqfvcltl8fkq55rap5zkgj,genesis1cddkj9qt534dgv0lpqfvcltl8fkq55rahx9s64,107876612111721471408,ibc/F16FDC11A7662B86BC0B9CE61871CBACF7C20606F95E86260FD38915184B75B4,transfer/channel-253/el1,,channel-253,channel-1,connection-1539,1381,1.720410568285288E9
14599519|1|3|0|9|1,1.711860209926E9,14599519,block_result,1,FDEDA078D7D69AF6E3D2C043CAF8CB5B665FE7A5FD322C02CA6EC3C58D65C916,3,0,9,0,1,osmo1ug54mpujhgp588fyyywes74gm8p4wjgsrrarph,genesis1ug54mpujhgp588fyyywes74gm8p4wjgs4369ns,83087421418266272068,ibc/F16FDC11A7662B86BC0B9CE61871CBACF7C20606F95E86260FD38915184B75B4,transfer/channel-253/el1,,channel-253,channel-1,connection-1539,1312,1.71702441236341E9
14596128|1|4|0|9|1,1.711845567025E9,14596128,block_result,1,54762228E6F1056F7903D5DDB9F549F636F7EBA251FD9C1C535E1D3FADE86114,4,0,9,0,1,osmo1ug54mpujhgp588fyyywes74gm8p4wjgsrrarph,genesis1ug54mpujhgp588fyyywes74gm8p4wjgs4369ns,10558172261575594529,ibc/F16FDC11A7662B86BC0B9CE61871CBACF7C20606F95E86260FD38915184B75B4,transfer/channel-253/el1,,channel-253,channel-1,connection-1539,1311,1.71702444508265E9
14599565|1|17|0|9|1,1.711860403916E9,14599565,block_result,1,6132F6BB290F08C6A59C0E96A552A3E646D75C3E9F1F2DCD722D0F96FBA89EB2,17,0,9,0,1,osmo1ug54mpujhgp588fyyywes74gm8p4wjgsrrarph,genesis1ug54mpujhgp588fyyywes74gm8p4wjgs4369ns,83051126707176245895,ibc/F16FDC11A7662B86BC0B9CE61871CBACF7C20606F95E86260FD38915184B75B4,transfer/channel-253/el1,,channel-253,channel-1,connection-1539,1313,1.717024415400491E9
15756088|1|1|0|9|1,1.715801399988E9,15756088,block_result,1,9194E4DECAAFED0D99922CB06E5369AABD740E6E302FD085F8D5013DBC8A94D5,1,0,9,0,1,osmo1u57ekxxqsjrqe4k9yucv786tvc6yjj265a4cqm,genesis1u57ekxxqsjrqe4k9yucv786tvc6yjj26z0j7ju,1000000000000000000,ibc/F16FDC11A7662B86BC0B9CE61871CBACF7C20606F95E86260FD38915184B75B4,transfer/channel-253/el1,,channel-253,channel-1,connection-1539,1349,1.716986909103411E9
16136007|1|5|0|9|1,1.716844889168E9,16136007,block_result,1,70299ADF99B46022F3E024294BD00F5F7384BC2A174BD452D031F8A3BDD7DE7F,5,0,9,0,1,osmo16aypymlama0lk5s8c9s30s09eacpvwnav7ewjv,genesis16aypymlama0lk5s8c9s30s09eacpvwna6v7gqt,4700000000000000000000,ibc/F16FDC11A7662B86BC0B9CE61871CBACF7C20606F95E86260FD38915184B75B4,transfer/channel-253/el1,,channel-253,channel-1,connection-1539,1366,1.716983035071483E9
16136530|1|4|0|9|1,1.716846263521E9,16136530,block_result,1,4C329E7049A4E5FB63AAD494BB6ED5090D4757AFE65A5B62FAE1EBD2DBC584CE,4,0,9,0,1,osmo16aypymlama0lk5s8c9s30s09eacpvwnav7ewjv,genesis16aypymlama0lk5s8c9s30s09eacpvwna6v7gqt,1900000000000000000000,ibc/F16FDC11A7662B86BC0B9CE61871CBACF7C20606F95E86260FD38915184B75B4,transfer/channel-253/el1,,channel-253,channel-1,connection-1539,1367,1.71698325764242E9
5620571|1|11|0|7|1,1.660714899656E9,5620571,block_result,1,791955A3789CD060E7C5974E2759B6DE55CBD9D8D743168CF454EEEDEA909834,11,0,7,0,1,osmo10au2ltan847ewdw5c5dfpnwsnvhh5ggk0fa90e,genesis10au2ltan847ewdw5c5dfpnwsnvhh5ggkem6ra7,1000000000000000000,ibc/F16FDC11A7662B86BC0B9CE61871CBACF7C20606F95E86260FD38915184B75B4,transfer/channel-253/el1,,channel-253,channel-1,connection-1539,558,1.71756109201401E9
5627188|1|13|0|7|1,1.660755306589E9,5627188,block_result,1,1D235CDCA8A114BEDD5E565C092A25E9C8AC654FD3C55B48F8CB691E8BB71394,13,0,7,0,1,osmo12cq90xeg0828dtdqgtkgkl60xfgvwa3jj8va22,genesis12cq90xeg0828dtdqgtkgkl60xfgvwa3jy4tmcd,5000000000000000000,ibc/F16FDC11A7662B86BC0B9CE61871CBACF7C20606F95E86260FD38915184B75B4,transfer/channel-253/el1,,channel-253,channel-1,connection-1539,574,1.717546782340329E9
5622815|1|0|0|7|1,1.660728597436E9,5622815,block_result,1,6E84924E39AFE7FBC53820A39B959828C7F9B30A3862D67ACA8328CF416738B9,0,0,7,0,1,osmo12qeqjds4nlrxpkjka9g30s438glneej8pcutz5,genesis12qeqjds4nlrxpkjka9g30s438glneej8h2mdsn,54600869999999870000,ibc/F16FDC11A7662B86BC0B9CE61871CBACF7C20606F95E86260FD38915184B75B4,transfer/channel-253/el1,,channel-253,channel-1,connection-1539,565,1.717561086293759E9
5626770|1|9|0|7|1,1.66075274831E9,5626770,block_result,1,6AA123BE63C131150B5BDDBEE616CCA7B4949831A9425B3B4371E7C6E07CD51A,9,0,7,0,1,osmo12xlrsfte5c7x45qd88e8t7pv34calr59jfszuv,genesis12xlrsfte5c7x45qd88e8t7pv34calr59ymhywt,12141760052637868338,ibc/F16FDC11A7662B86BC0B9CE61871CBACF7C20606F95E86260FD38915184B75B4,transfer/channel-253/el1,,channel-253,channel-1,connection-1539,571,1.717560881460267E9
5624615|1|72|0|7|1,1.660739582001E9,5624615,block_result,1,A77FBF7619E63B8E76B2FF1339AA2FC0B1CADB9AEE3868375715F7B955B99C6E,72,0,7,0,1,osmo134c3cg4m9mhak7d4q936etvmm6w8wsp2yre9w5,genesis134c3cg4m9mhak7d4q936etvmm6w8wsp2j37run,10000000000000000000,ibc/F16FDC11A7662B86BC0B9CE61871CBACF7C20606F95E86260FD38915184B75B4,transfer/channel-253/el1,,channel-253,channel-1,connection-1539,569,1.717547335337555E9
5619097|1|9|0|7|1,1.660705901895E9,5619097,block_result,1,917672C238A1A2FDEF8D45AF4CE0D8BB3F0741A0BEC3C8A8F036150EB8BE6436,9,0,7,0,1,osmo13uup3md785lsd74aws4hx2et052mferw8n6yat,genesis13uup3md785lsd74aws4hx2et052mferw3paz0v,175510099075845922521,ibc/F16FDC11A7662B86BC0B9CE61871CBACF7C20606F95E86260FD38915184B75B4,transfer/channel-253/el1,,channel-253,channel-1,connection-1539,553,1.717547383540455E9
5621468|1|13|0|7|1,1.660720376221E9,5621468,block_result,1,721CC9E3AEA0790C2369C7C8F30248C7516ED2FF8D672959BCE7A49A88B50622,13,0,7,0,1,osmo13xq3hgcl6h9r5nce76sq6v35echjdmsvjy3cgn,genesis13xq3hgcl6h9r5nce76sq6v35echjdmsvykk765,11000000000000000000,ibc/F16FDC11A7662B86BC0B9CE61871CBACF7C20606F95E86260FD38915184B75B4,transfer/channel-253/el1,,channel-253,channel-1,connection-1539,561,1.717547353722202E9
5630750|1|6|0|7|1,1.660777582861E9,5630750,block_result,1,F9D5E14272656CBF3B34AF9E194CDA7297C3ADE19DFAA1DBCE7F8A6E24B8F380,6,0,7,0,1,osmo1j64nlm43umrrv62krql2ek48dfdjkh385t24gs,genesis17msqx8vns6uls6f7yqvfqzlys7gljl99nv72m7,1438743639785359865899,ibc/F16FDC11A7662B86BC0B9CE61871CBACF7C20606F95E86260FD38915184B75B4,transfer/channel-253/el1,,channel-253,channel-1,connection-1539,581,1.717560416886943E9
5621459|1|3|0|7|1,1.660720320638E9,5621459,block_result,1,AB79F66F6BB5DB52566887C27DA4792080943B198F21EF12D0993B7FF9A48A46,3,0,7,0,1,osmo1alksfa6zvlhrdkzyy55qhkamj33ytcdul4tsr7,genesis1alksfa6zvlhrdkzyy55qhkamj33ytcduf8vk3e,11000869999999870000,ibc/F16FDC11A7662B86BC0B9CE61871CBACF7C20606F95E86260FD38915184B75B4,transfer/channel-253/el1,,channel-253,channel-1,connection-1539,559,1.717547351448108E9
5628210|1|62|0|7|1,1.660762008454E9,5628210,block_result,1,052894F72EE08F4FADAF63113974E6E10B17DD3A4C5A2295B9821C07149B9CA2,62,0,7,0,1,osmo1cxyjsjj7qjkh9gearccn563hwujrqdewz6yq2h,genesis1cxyjsjj7qjkh9gearccn563hwujrqdew5grxcs,10500000000000000000,ibc/F16FDC11A7662B86BC0B9CE61871CBACF7C20606F95E86260FD38915184B75B4,transfer/channel-253/el1,,channel-253,channel-1,connection-1539,577,1.717560732007311E9
5627177|1|4|0|7|1,1.660755238715E9,5627177,block_result,1,7C1FC4996E7DB28D4777BC2AE9B5C79212813762FE9AE7D854D7CB75EC70CB02,4,0,7,0,1,osmo1dkpc7akx3anmhjymzh5cytzmy4vr3dqdqk800u,genesis1dkpc7akx3anmhjymzh5cytzmy4vr3dqdkyqfam,66857192319087500341,ibc/F16FDC11A7662B86BC0B9CE61871CBACF7C20606F95E86260FD38915184B75B4,transfer/channel-253/el1,,channel-253,channel-1,connection-1539,573,1.717546796476058E9
5630827|1|3|0|7|1,1.660778054196E9,5630827,block_result,1,FD64F8C85D8159CB6954C64F31B00AE3F7C337AA44D3F17576DCC174B6403158,3,0,7,0,1,osmo1dkpc7akx3anmhjymzh5cytzmy4vr3dqdqk800u,genesis1dkpc7akx3anmhjymzh5cytzmy4vr3dqdkyqfam,67207644113081143781,ibc/F16FDC11A7662B86BC0B9CE61871CBACF7C20606F95E86260FD38915184B75B4,transfer/channel-253/el1,,channel-253,channel-1,connection-1539,583,1.717560428952129E9
5628766|1|1|0|7|1,1.66076541823E9,5628766,block_result,1,B117744D6239A352FE7C6A6C10567C9D40445720B8E40ED544C50BC9BF1BA1F6,1,0,7,0,1,osmo1dkpc7akx3anmhjymzh5cytzmy4vr3dqdqk800u,genesis1dkpc7akx3anmhjymzh5cytzmy4vr3dqdkyqfam,19414508585666293310,ibc/F16FDC11A7662B86BC0B9CE61871CBACF7C20606F95E86260FD38915184B75B4,transfer/channel-253/el1,,channel-253,channel-1,connection-1539,578,1.717560432098031E9
5619887|1|23|0|7|1,1.660710720495E9,5619887,block_result,1,EB0138A01A3E388CADCBE329C9B4BF6ECB666210B7137CDE3E4400715DB508AD,23,0,7,0,1,osmo1ej4hw9zvn8wz559xkrdcerjcauagr3xszskduy,genesis1ej4hw9zvn8wz559xkrdcerjcauagr3xs5z3twr,9095574805246756436,ibc/F16FDC11A7662B86BC0B9CE61871CBACF7C20606F95E86260FD38915184B75B4,transfer/channel-253/el1,,channel-253,channel-1,connection-1539,555,1.717547950449723E9
5630752|1|2|0|7|1,1.660777595488E9,5630752,block_result,1,B99F403B309437E009AFD7B6CB9D89EBB06D913A914173E923423F0B322D6843,2,0,7,0,1,osmo1eyu7a2uahgdp9jlm5vulu5hs0xcyp4wzltt5a5,genesis1eyu7a2uahgdp9jlm5vulu5hs0xcyp4wzfevj0n,10000000000000000000,ibc/F16FDC11A7662B86BC0B9CE61871CBACF7C20606F95E86260FD38915184B75B4,transfer/channel-253/el1,,channel-253,channel-1,connection-1539,582,1.717560417341923E9
5624351|1|5|0|7|1,1.660737967929E9,5624351,block_result,1,4BA6557C7D3ED229E086620F9375660348ED0240FDA9121F81F57D74BC89D7ED,5,0,7,0,1,osmo1fa59jlnx2aljljp7v2n9thc8ul9y74pwx35srk,genesis1fa59jlnx2aljljp7v2n9thc8ul9y74pwsrnk33,67690621081258097765,ibc/F16FDC11A7662B86BC0B9CE61871CBACF7C20606F95E86260FD38915184B75B4,transfer/channel-253/el1,,channel-253,channel-1,connection-1539,568,1.717547523824432E9
5619364|1|0|0|7|1,1.6607075247E9,5619364,block_result,1,0C10C4049D0F9549F6C378D47ADA3CBAB5B800BB5B598A451DFAA367CE4364B2,0,0,7,0,1,osmo1h5shnh6dnjtalh84cxl04taa2klvkz5fg6fjr7,genesis1h5shnh6dnjtalh84cxl04taa2klvkz5f7gw53e,176767705236747289001,ibc/F16FDC11A7662B86BC0B9CE61871CBACF7C20606F95E86260FD38915184B75B4,transfer/channel-253/el1,,channel-253,channel-1,connection-1539,554,1.717561104133646E9
5627050|1|3|0|7|1,1.660754460887E9,5627050,block_result,1,CF6445E517FBEE5B6B733E0D74E016D948E5DB022B933EA09B16864BE457264B,3,0,7,0,1,osmo1h5shnh6dnjtalh84cxl04taa2klvkz5fg6fjr7,genesis1h5shnh6dnjtalh84cxl04taa2klvkz5f7gw53e,140290289333191883206,ibc/F16FDC11A7662B86BC0B9CE61871CBACF7C20606F95E86260FD38915184B75B4,transfer/channel-253/el1,,channel-253,channel-1,connection-1539,572,1.717546808856864E9
5629937|1|0|0|7|1,1.660772603603E9,5629937,block_result,1,06F1E235CE1BDFA8B42347792188A4410AB0D50C6CDA1089CF456FBC158F9997,0,0,7,0,1,osmo1hdvzqrgjqgm98vrz6jpevx53udwa52l3snwkmp,genesis1hdvzqrgjqgm98vrz6jpevx53udwa52l3xpfsfx,10000000000000000000,ibc/F16FDC11A7662B86BC0B9CE61871CBACF7C20606F95E86260FD38915184B75B4,transfer/channel-253/el1,,channel-253,channel-1,connection-1539,580,1.717546733678084E9
5621998|1|1|0|7|1,1.660723607987E9,5621998,block_result,1,BF819DFAD7FD9FED0DA44E527DAA17C0C2601B2725B25475BE97425AAA320946,1,0,7,0,1,osmo1hx5eeyjep4dwgckys9xx34akvtpy4ga3sjz2lk,genesis1hx5eeyjep4dwgckys9xx34akvtpy4ga3xq9vd3,20999869999999870000,ibc/F16FDC11A7662B86BC0B9CE61871CBACF7C20606F95E86260FD38915184B75B4,transfer/channel-253/el1,,channel-253,channel-1,connection-1539,563,1.717547531276662E9
5622375|1|5|0|7|1,1.660725916101E9,5622375,block_result,1,6DC48CBA79162F14C7CC0E4E70ECB5653F3ED9915C8D539A06F40DD8ABB6C3DB,5,0,7,0,1,osmo1j5ftntpz7y2sda5t0y27ll26sj0vxm43p3jvgr,genesis1j5ftntpz7y2sda5t0y27ll26sj0vxm43hr426y,10999869999999870000,ibc/F16FDC11A7662B86BC0B9CE61871CBACF7C20606F95E86260FD38915184B75B4,transfer/channel-253/el1,,channel-253,channel-1,connection-1539,564,1.717561089972441E9
5627856|1|25|0|7|1,1.660759839888E9,5627856,block_result,1,4E010A0E8AB43E72B9A32BA812CD2CF36489EE21F4877EB89B92DA8150B44D1A,25,0,7,0,1,osmo1me3hg2l74zn5ag9y879u7re4cp4dxea9h5d45s,genesis1me3hg2l74zn5ag9y879u7re4cp4dxea9px2nxh,654217004567430432,ibc/F16FDC11A7662B86BC0B9CE61871CBACF7C20606F95E86260FD38915184B75B4,transfer/channel-253/el1,,channel-253,channel-1,connection-1539,576,1.717560716462778E9
5627752|1|11|0|7|1,1.660759196051E9,5627752,block_result,1,5BDED6F67FFF4DB1DC9497DEC45EDF8B6A389E47D5532749AB35A7974ADF7326,11,0,7,0,1,osmo1qctsnew9jprsk2jdngu6ddemgd3h4f49sg49p8,genesis1qctsnew9jprsk2jdngu6ddemgd3h4f49x6jrnq,10999869999999870000,ibc/F16FDC11A7662B86BC0B9CE61871CBACF7C20606F95E86260FD38915184B75B4,transfer/channel-253/el1,,channel-253,channel-1,connection-1539,575,1.717560728060895E9
5628980|1|0|0|7|1,1.660766727602E9,5628980,block_result,1,735C7C4A33FEB6F55E3E8CBF004B315BE13DC8521EFE6EE6521D6B981638D7DA,0,0,7,0,1,osmo1s723xv5m4s2526ahj8a26fykvjtdhxsezpvvjz,genesis1s723xv5m4s2526ahj8a26fykvjtdhxse5nt2q9,10999869999999870000,ibc/F16FDC11A7662B86BC0B9CE61871CBACF7C20606F95E86260FD38915184B75B4,transfer/channel-253/el1,,channel-253,channel-1,connection-1539,579,1.717560434673059E9
5625078|1|9|0|7|1,1.660742405336E9,5625078,block_result,1,E8F8A8B453805D1B0EA045E095ECDF353397D772CEA9AD6670B613FB149E4751,9,0,7,0,1,osmo1ulskjvjmggnveyjdraz29a3gtf2hzefvwd4apy,genesis1ulskjvjmggnveyjdraz29a3gtf2hzefvcljmnr,1000000000000000000,ibc/F16FDC11A7662B86BC0B9CE61871CBACF7C20606F95E86260FD38915184B75B4,transfer/channel-253/el1,,channel-253,channel-1,connection-1539,570,1.717546933263463E9
5618470|1|2|0|7|1,1.660702076547E9,5618470,block_result,1,87098A5D6AAC15D5F43CEE1722713976FE76F74F050B87848333C5B602F7486A,2,0,7,0,1,osmo1vzcy66ls4pdjqtscr077559frlsatfzcj44ygl,genesis1vzcy66ls4pdjqtscr077559frlsatfzcy8jz6c,109759622435103143028,ibc/F16FDC11A7662B86BC0B9CE61871CBACF7C20606F95E86260FD38915184B75B4,transfer/channel-253/el1,,channel-253,channel-1,connection-1539,551,1.717561107111605E9
5623171|1|12|0|7|1,1.660730775521E9,5623171,block_result,1,EFCB5ED07BE3135E91BFEC1F1E2EBEEAD05744450F82FBD60FBECD57D3FEBE96,12,0,7,0,1,osmo1w5dx3ey3zwdhqjgw3l3f7qlrmwwey4kwvkd83w,genesis1w5dx3ey3zwdhqjgw3l3f7qlrmwwey4kw6y2prf,10000000000000000000,ibc/F16FDC11A7662B86BC0B9CE61871CBACF7C20606F95E86260FD38915184B75B4,transfer/channel-253/el1,,channel-253,channel-1,connection-1539,566,1.717560907862331E9
5620533|1|13|0|7|1,1.660714665822E9,5620533,block_result,1,DD38E6E4FD371B67F8F83BE187C2473E885B8B3D240CFFB4D043DC453D01A740,13,0,7,0,1,osmo1c8p9rzecuw8lt8ph6dq04rg26w78gsp07sfal6,genesis1wqfvpdzudz3vqemyfwwnuhw6q6yjc62hg2ks0z,49099838566050189132,ibc/F16FDC11A7662B86BC0B9CE61871CBACF7C20606F95E86260FD38915184B75B4,transfer/channel-253/el1,,channel-253,channel-1,connection-1539,557,1.717561091798484E9
5620488|1|5|0|7|1,1.660714388906E9,5620488,block_result,1,F4F00D08973172C5AC910F4D299DF55A9D07ECC8A051902ADBCCA5CF713C8B08,5,0,7,0,1,osmo1y8men6lptm9yh8aux73yr3yke0w3jmcwlfw3aq,genesis1y8men6lptm9yh8aux73yr3yke0w3jmcwfmfh08,10999869999999870000,ibc/F16FDC11A7662B86BC0B9CE61871CBACF7C20606F95E86260FD38915184B75B4,transfer/channel-253/el1,,channel-253,channel-1,connection-1539,556,1.717561077698399E9
5623454|1|2|0|7|1,1.660732499539E9,5623454,block_result,1,9F447AC164B90DF5EB8CBA057C5F842D8128C5725D13BD0B40EC9E1644B8E874,2,0,7,0,1,osmo1zg453l326xgrk5nm2prru4teqkym8zc9pe5r0z,genesis1zg453l326xgrk5nm2prru4teqkym8zc9htn9a9,50000000000000000000,ibc/F16FDC11A7662B86BC0B9CE61871CBACF7C20606F95E86260FD38915184B75B4,transfer/channel-253/el1,,channel-253,channel-1,connection-1539,567,1.717560887710337E9
5618736|1|14|0|7|1,1.660703700521E9,5618736,block_result,1,C9FED3DCACF59EA0E37B7B557BB1A195429264C7CEC8A08DC01427A995EC041D,14,0,7,0,1,osmo1zpc5e4zxq36w9cr596ayvpp9my0t7gt96kt48n,genesis1zpc5e4zxq36w9cr596ayvpp9my0t7gt9vyvn45,10999869999999870000,ibc/F16FDC11A7662B86BC0B9CE61871CBACF7C20606F95E86260FD38915184B75B4,transfer/channel-253/el1,,channel-253,channel-1,connection-1539,552,1.717561104071576E9
5621460|1|34|0|7|1,1.660720326637E9,5621460,block_result,1,1F272259CD8450576F77EDD85F9090E9EF4ED4889A55BE1BC68F4DB6C53C4E40,34,0,7,0,1,osmo1zu9acv9yjl89ugzuqu9459fm9zth8v8fzezgef,genesis1zu9acv9yjl89ugzuqu9459fm9zth8v8f5t9wtw,1111092152880350910,ibc/F16FDC11A7662B86BC0B9CE61871CBACF7C20606F95E86260FD38915184B75B4,transfer/channel-253/el1,,channel-253,channel-1,connection-1539,560,1.717547447440913E9
5621949|1|2|0|7|1,1.660723309236E9,5621949,block_result,1,3289F0BD346B3D6E4AAF83DC3AA5C473C80F78148CFFE19332C2D65E6039B2DB,2,0,7,0,1,osmo1zyty63st4234xvypd5389tgqdvkzv6e6vcmzpf,genesis1zyty63st4234xvypd5389tgqdvkzv6e662uynw,10999869999999870000,ibc/F16FDC11A7662B86BC0B9CE61871CBACF7C20606F95E86260FD38915184B75B4,transfer/channel-253/el1,,channel-253,channel-1,connection-1539,562,1.717547311361792E9
14741886|1|0|0|9|1,1.712473160264E9,14741886,block_result,1,378C2DDC2985286594FC74955143DE272F650987079888652FC5632B7822FF56,0,0,9,0,1,osmo182dudq2zyucgrax5uk6tws0mxne7zv39v08u6r,genesis182dudq2zyucgrax5uk6tws0mxne7zv396aq6gy,722441964317087624,ibc/F16FDC11A7662B86BC0B9CE61871CBACF7C20606F95E86260FD38915184B75B4,transfer/channel-253/el1,,channel-253,channel-1,connection-1539,1319,1.717017247040471E9
14372277|1|6|0|9|1,1.710783698636E9,14372277,block_result,1,43C1B938819522666EA5944A8189A395A40068F86F040BA2208038DD37EFA743,6,0,9,0,1,osmo1ctdj2dk67fd9yp2xt48m0f3jr45v3xyps5akh6,genesis1ctdj2dk67fd9yp2xt48m0f3jr45v3xypxx6s9a,100000000000000000,ibc/F16FDC11A7662B86BC0B9CE61871CBACF7C20606F95E86260FD38915184B75B4,transfer/channel-253/el1,,channel-253,channel-1,connection-1539,1286,1.717039637688611E9
14359874|1|2|0|9|1,1.710722528092E9,14359874,block_result,1,704E1DADAFFF7E81E92B526C775BB6F0DD37568D2300C11B53BDE316CAE8E3DA,2,0,9,0,1,osmo1hmvnht5pmajf8gv6v9lqxe3yptl6zhpgdgw4es,genesis1hmvnht5pmajf8gv6v9lqxe3yptl6zhpgm6fnth,67770943824118987732,ibc/F16FDC11A7662B86BC0B9CE61871CBACF7C20606F95E86260FD38915184B75B4,transfer/channel-253/el1,,channel-253,channel-1,connection-1539,1281,1.71703432776797E9
14373925|1|8|0|9|1,1.710791803668E9,14373925,block_result,1,CD5AB6051A15A111C71AC52054FD4E4AD4C1354A073C26FA5F09F82BA01FE97D,8,0,9,0,1,osmo1llugk9nrw6pvtlty348h0nxlgpe09lg235vt0f,genesis1llugk9nrw6pvtlty348h0nxlgpe09lg28xtdaw,1000000000000000000,ibc/F16FDC11A7662B86BC0B9CE61871CBACF7C20606F95E86260FD38915184B75B4,transfer/channel-253/el1,,channel-253,channel-1,connection-1539,1288,1.717034063142007E9
14373948|1|7|0|9|1,1.710791920848E9,14373948,block_result,1,8C2C69232F05B0390DD122B553CA9EBEDC43403D6765750BAFEA164E61133351,7,0,9,0,1,osmo1llugk9nrw6pvtlty348h0nxlgpe09lg235vt0f,genesis1llugk9nrw6pvtlty348h0nxlgpe09lg28xtdaw,1000000000000000000,ibc/F16FDC11A7662B86BC0B9CE61871CBACF7C20606F95E86260FD38915184B75B4,transfer/channel-253/el1,,channel-253,channel-1,connection-1539,1289,1.717034066196642E9
14373885|1|36|0|9|1,1.710791602377E9,14373885,block_result,1,D072CB712FD0EA3A7A2F4AB14E8934115B9D2279186E846672C029BBE3124BB9,36,0,9,0,1,osmo1llugk9nrw6pvtlty348h0nxlgpe09lg235vt0f,genesis1llugk9nrw6pvtlty348h0nxlgpe09lg28xtdaw,1000000000000000000,ibc/F16FDC11A7662B86BC0B9CE61871CBACF7C20606F95E86260FD38915184B75B4,transfer/channel-253/el1,,channel-253,channel-1,connection-1539,1287,1.717034078379487E9
14372000|1|24|0|9|1,1.71078202062E9,14372000,block_result,1,F3885DD9F4E0E0F27C41336D18EFFCFC6EEAEB99CCD53A2E1E01FD951A00CDB6,24,0,9,0,1,osmo1nzgxusarw7tn3w9pz9mtxplwu8jnwrhlgkppxv,genesis1nzgxusarw7tn3w9pz9mtxplwu8jnwrhl7yx85t,1000000000000000000,ibc/F16FDC11A7662B86BC0B9CE61871CBACF7C20606F95E86260FD38915184B75B4,transfer/channel-253/el1,,channel-253,channel-1,connection-1539,1285,1.717039668015543E9
14370284|1|61|0|9|1,1.710773601098E9,14370284,block_result,1,3A9E4096647A418399233C2D74C1D6415B194ED4C2EBB05A43E0377D84CEAB54,61,0,9,0,1,osmo1q00xe47xx26ppjll89pl4afxzvvm9pjewpq0v6,genesis1q00xe47xx26ppjll89pl4afxzvvm9pjecn8f7a,1230000000000000000,ibc/F16FDC11A7662B86BC0B9CE61871CBACF7C20606F95E86260FD38915184B75B4,transfer/channel-253/el1,,channel-253,channel-1,connection-1539,1283,1.717039709458061E9
14370473|1|7|0|9|1,1.710774523313E9,14370473,block_result,1,D0D465458609601D35EEB20A151B9C46C1ED48D64AD5B5CD535C23A5B82BC798,7,0,9,0,1,osmo1q00xe47xx26ppjll89pl4afxzvvm9pjewpq0v6,genesis1q00xe47xx26ppjll89pl4afxzvvm9pjecn8f7a,98015364458052375599654,ibc/F16FDC11A7662B86BC0B9CE61871CBACF7C20606F95E86260FD38915184B75B4,transfer/channel-253/el1,,channel-253,channel-1,connection-1539,1284,1.717039697651395E9
14370212|1|5|0|9|1,1.710773246981E9,14370212,block_result,1,E53A9D58E25A7C12F8A934D23387A962C15B5DC3427CC995FC0034571F7E427E,5,0,9,0,1,osmo1q00xe47xx26ppjll89pl4afxzvvm9pjewpq0v6,genesis1q00xe47xx26ppjll89pl4afxzvvm9pjecn8f7a,1100000000000000000,ibc/F16FDC11A7662B86BC0B9CE61871CBACF7C20606F95E86260FD38915184B75B4,transfer/channel-253/el1,,channel-253,channel-1,connection-1539,1282,1.717039665091845E9
5276266|1|36|0|7|1,1.658571816968E9,5276266,block_result,1,E1ADBBC639222A94F7DA3114147B3D8272A6537249D3787D2E016C2B0249A87C,36,0,7,0,1,osmo122hjrmj8k2f0lc0m8nepdysgx9f2gan2jn8s3u,genesis122hjrmj8k2f0lc0m8nepdysgx9f2gan2ypqkrm,10240000000000000000,ibc/F16FDC11A7662B86BC0B9CE61871CBACF7C20606F95E86260FD38915184B75B4,transfer/channel-253/el1,,channel-253,channel-1,connection-1539,440,1.717559310120045E9
5278538|1|4|0|7|1,1.658585731872E9,5278538,block_result,1,618A1838D991C50D292E917915F5D92145BE65568099C57F78234E6C5409B4D2,4,0,7,0,1,osmo169ms87axhd77gtl4058czf33yssec45t6yptpy,genesis169ms87axhd77gtl4058czf33yssec45tvkxdnr,10999869999999870000,ibc/F16FDC11A7662B86BC0B9CE61871CBACF7C20606F95E86260FD38915184B75B4,transfer/channel-253/el1,,channel-253,channel-1,connection-1539,442,1.717558198316076E9
5280771|1|12|0|7|1,1.658600381215E9,5280771,block_result,1,AF9120A990363509852354F3C0E8B2F81D21BCD69A72D8ED2BD97BA3F62C7783,12,0,7,0,1,osmo1l97vh5wfrg783ts2mdm9ctkmhjhc8envsel4ta,genesis1l97vh5wfrg783ts2mdm9ctkmhjhc8envxtcne6,9128138963741529994,ibc/F16FDC11A7662B86BC0B9CE61871CBACF7C20606F95E86260FD38915184B75B4,transfer/channel-253/el1,,channel-253,channel-1,connection-1539,444,1.717558007004925E9
5279849|1|146|0|7|1,1.658593780332E9,5279849,block_result,1,1328DBD807AA265754B2FA31B1CA3DFC1B5A5932C118DA0878F9F6C3B3E22AB8,146,0,7,0,1,osmo1pptln64s9zllu9rzkfsnjl9zx6x3vnshfgdxwm,genesis1pptln64s9zllu9rzkfsnjl9zx6x3vnshl62quu,10999869999999870000,ibc/F16FDC11A7662B86BC0B9CE61871CBACF7C20606F95E86260FD38915184B75B4,transfer/channel-253/el1,,channel-253,channel-1,connection-1539,443,1.717558009697124E9
5277450|1|263|0|7|1,1.658579058025E9,5277450,block_result,1,BEB2549A030A292D853A2517B6D0D75F6BEF17AB0CCBA99A1E265568997E020C,263,0,7,0,1,osmo1qp39re424d78puvywlafhsddx7zt6r2884qkz5,genesis1qp39re424d78puvywlafhsddx7zt6r28388ssn,10999869999999870000,ibc/F16FDC11A7662B86BC0B9CE61871CBACF7C20606F95E86260FD38915184B75B4,transfer/channel-253/el1,,channel-253,channel-1,connection-1539,441,1.717577319008672E9
5271131|1|2|0|7|1,1.658540394558E9,5271131,block_result,1,0720299B0B665C3F600DB7AB8D357C928489CDC3210EBDF7FC49F62883B185DA,2,0,7,0,1,osmo1v2z9rwxt5y98pnrs6ryhqp08ay5azzvmw92wnm,genesis1v2z9rwxt5y98pnrs6ryhqp08ay5azzvmchdgpu,8643000000000000000000,ibc/F16FDC11A7662B86BC0B9CE61871CBACF7C20606F95E86260FD38915184B75B4,transfer/channel-253/el1,,channel-253,channel-1,connection-1539,439,1.717560227247103E9
14774320|1|2|0|9|1,1.712613129837E9,14774320,block_result,1,459B827B29A28F194536CEB1515F19DBA313947711B829BE59D22CB0C41A0DD3,2,0,9,0,1,osmo16aypymlama0lk5s8c9s30s09eacpvwnav7ewjv,genesis16aypymlama0lk5s8c9s30s09eacpvwna6v7gqt,1700000000000000000000,ibc/F16FDC11A7662B86BC0B9CE61871CBACF7C20606F95E86260FD38915184B75B4,transfer/channel-253/el1,,channel-253,channel-1,connection-1539,1321,1.717016540328497E9
14773756|1|0|0|9|1,1.712610695532E9,14773756,block_result,1,0E84A2F6040C529C6FA887EB1CCE0382823383283544720D2B46B70619372D1E,0,0,9,0,1,osmo16aypymlama0lk5s8c9s30s09eacpvwnav7ewjv,genesis16aypymlama0lk5s8c9s30s09eacpvwna6v7gqt,5000000000000000000000,ibc/F16FDC11A7662B86BC0B9CE61871CBACF7C20606F95E86260FD38915184B75B4,transfer/channel-253/el1,,channel-253,channel-1,connection-1539,1320,1.717016558205959E9
36234139|1|3|0|9|1,1.74802388665E9,36234139,block_result,1,2A7873905D1B7A83B50655992A387EDC3A4DFB488E5F04D59C5725333C00CA4C,3,0,9,0,1,osmo16aypymlama0lk5s8c9s30s09eacpvwnav7ewjv,genesis1h4lx8cm0vnrrahjjfgsjp79jjnyspy6w7ehrxd,50000000000000000000000,ibc/F16FDC11A7662B86BC0B9CE61871CBACF7C20606F95E86260FD38915184B75B4,transfer/channel-253/el1,,channel-253,channel-1,connection-1539,1492,1.748023889418644E9
5564168|1|15|0|7|1,1.660366964965E9,5564168,block_result,1,4A6B7AA178FA946715450E7017A25188C91ED7F4F825239EED302F7EA44D5089,15,0,7,0,1,osmo12jfvctjm2jjj0xflzjyrj0gc5umqjq8jdljx64,genesis12jfvctjm2jjj0xflzjyrj0gc5umqjq8jmd4qgj,47328000000000000000000,ibc/F16FDC11A7662B86BC0B9CE61871CBACF7C20606F95E86260FD38915184B75B4,transfer/channel-253/el1,,channel-253,channel-1,connection-1539,503,1.717548583795365E9
5564891|1|9|0|7|1,1.660371377897E9,5564891,block_result,1,B8695572F886328E4275AF52D973559DD16CD259D995671EC8292DE91800FCB3,9,0,7,0,1,osmo13d5ztr9ydpfdqwmf5yh4xd5n54ytk0m6234hyg,genesis13d5ztr9ydpfdqwmf5yh4xd5n54ytk0m6urj3k0,10138000000000000,ibc/F16FDC11A7662B86BC0B9CE61871CBACF7C20606F95E86260FD38915184B75B4,transfer/channel-253/el1,,channel-253,channel-1,connection-1539,505,1.717548439614396E9
5563437|1|6|0|7|1,1.660362500077E9,5563437,block_result,1,9B956B7BF2274779FC990D0762C4307F788CCA1BDB7B6DC8EAA923FA9AA0866B,6,0,7,0,1,osmo13uup3md785lsd74aws4hx2et052mferw8n6yat,genesis13uup3md785lsd74aws4hx2et052mferw3paz0v,209137528590565733776,ibc/F16FDC11A7662B86BC0B9CE61871CBACF7C20606F95E86260FD38915184B75B4,transfer/channel-253/el1,,channel-253,channel-1,connection-1539,502,1.717548447080324E9
5568611|1|2|0|7|1,1.660394406591E9,5568611,block_result,1,BAFD1E4C7B94D14854CEB248E35B2B1BE88122ADB6AE24BAEDCEB02CE6E02653,2,0,7,0,1,osmo17mmhl3d3rsmc7457gw30p20qgj3d36mgcefprd,genesis17mmhl3d3rsmc7457gw30p20qgj3d36mgwtw832,7554831591428588976,ibc/F16FDC11A7662B86BC0B9CE61871CBACF7C20606F95E86260FD38915184B75B4,transfer/channel-253/el1,,channel-253,channel-1,connection-1539,507,1.717548412582627E9
5569729|1|0|0|7|1,1.660401361177E9,5569729,block_result,1,2FC1992F222635D22DE4672EFD9FB0B20F89A99FC9F9475FBC493E958480775E,0,0,7,0,1,osmo18w70c6a8w7f8q3vlv0uktgkxnsr5rxrxfv7jja,genesis18w70c6a8w7f8q3vlv0uktgkxnsr5rxrxl7e5q6,10999869999999870000,ibc/F16FDC11A7662B86BC0B9CE61871CBACF7C20606F95E86260FD38915184B75B4,transfer/channel-253/el1,,channel-253,channel-1,connection-1539,509,1.717548288978721E9
5564209|1|2|0|7|1,1.660367219284E9,5564209,block_result,1,1A906B584AB98F97B84860E8FC40638F524F400CBD8F9165D0E5AC605B4F4EB3,2,0,7,0,1,osmo1dkjcas3j43u3v6l94jhhhnjxhlnwxt3m4rg4mm,genesis1p4n3fy8wqmn4ja0fp4lenaemyzlxrp6y5ma6w5,7490347591331110530,ibc/F16FDC11A7662B86BC0B9CE61871CBACF7C20606F95E86260FD38915184B75B4,transfer/channel-253/el1,,channel-253,channel-1,connection-1539,504,1.717548444290406E9
5568860|1|9|0|7|1,1.660395953996E9,5568860,block_result,1,2F448530D8289502E50A07D9A2C52E5276FE53A5CDFE22C83D894A91C8DC4F8D,9,0,7,0,1,osmo1qpvem7qvpygc87e0aqtjqz6lx7r3z35cgsqvtg,genesis1qpvem7qvpygc87e0aqtjqz6lx7r3z35c7z82e0,10999869999999870000,ibc/F16FDC11A7662B86BC0B9CE61871CBACF7C20606F95E86260FD38915184B75B4,transfer/channel-253/el1,,channel-253,channel-1,connection-1539,508,1.717548432227295E9
5566032|1|10|0|7|1,1.660378384345E9,5566032,block_result,1,87FCD335A8E34E82569CBA0E63F880F0378706FA00E01C1196DAE396334D198C,10,0,7,0,1,osmo1tdlzylelj5kjtqxtnknl05qy6tdgm2gv52qkjj,genesis1tdlzylelj5kjtqxtnknl05qy6tdgm2gvzc8sq4,10000000000000000000,ibc/F16FDC11A7662B86BC0B9CE61871CBACF7C20606F95E86260FD38915184B75B4,transfer/channel-253/el1,,channel-253,channel-1,connection-1539,506,1.717548382993162E9
21268069|1|0|0|9|1,1.727069898613E9,21268069,block_result,1,C90979D23A1C48124F836AAF4FAF0309D40E99D248E21030E877B068047D2DE5,0,0,9,0,1,osmo1esemcd3kp8xw9h76q7u5tgxzc7zksngdamjeky,genesis1esemcd3kp8xw9h76q7u5tgxzc7zksngdtf4lyr,1600000000000000000000,ibc/F16FDC11A7662B86BC0B9CE61871CBACF7C20606F95E86260FD38915184B75B4,transfer/channel-253/el1,,channel-253,channel-1,connection-1539,1390,1.72706990135405E9
58232171|1|0|0|9|1,1.774919808183E9,58232171,block_result,1,DF67745F0150E1E0CB170884DF98C05D54D14EE5A746352E48E537A8C9E58E88,0,0,9,0,1,osmo1c4gf4m92zxachuywrttymahyr63wdwp6k3p7j5,genesis1c4gf4m92zxachuywrttymahyr63wdwp6qrxcqn,173709665148181644029,ibc/F16FDC11A7662B86BC0B9CE61871CBACF7C20606F95E86260FD38915184B75B4,transfer/channel-253/el1,,channel-253,channel-1,connection-1539,1598,1.774919810621E9
5722978|1|8|0|7|1,1.661346741641E9,5722978,block_result,1,E5DB4882E20855F2B67D1AF13561BF6A63CE3987A86DF4F6F4831968BE29CD00,8,0,7,0,1,osmo106mzn687t60uj0n4z4w24qjsk4v2xtcesesdty,genesis106mzn687t60uj0n4z4w24qjsk4v2xtcexthter,170457738791196936678,ibc/F16FDC11A7662B86BC0B9CE61871CBACF7C20606F95E86260FD38915184B75B4,transfer/channel-253/el1,,channel-253,channel-1,connection-1539,677,1.717555377309243E9
5727069|1|10|0|7|1,1.661372385146E9,5727069,block_result,1,31BD8FAEC966D4DA65856862C7F62CC5DC206473B7B9DCBB7157F4806209C0EE,10,0,7,0,1,osmo10p06xpqkq2ggmzs8nlqczmfc0nl85s8klwt3v2,genesis10p06xpqkq2ggmzs8nlqczmfc0nl85s8kfuvh7d,120974623315802970,ibc/F16FDC11A7662B86BC0B9CE61871CBACF7C20606F95E86260FD38915184B75B4,transfer/channel-253/el1,,channel-253,channel-1,connection-1539,688,1.717555248233351E9
5726929|1|46|0|7|1,1.661371523325E9,5726929,block_result,1,D8A6999FF99CC17F2CA74B72167E3D4219F2B88B392022B936932697DE051ABD,46,0,7,0,1,osmo12jfvctjm2jjj0xflzjyrj0gc5umqjq8jdljx64,genesis12jfvctjm2jjj0xflzjyrj0gc5umqjq8jmd4qgj,29858000000000000000000,ibc/F16FDC11A7662B86BC0B9CE61871CBACF7C20606F95E86260FD38915184B75B4,transfer/channel-253/el1,,channel-253,channel-1,connection-1539,687,1.717555317535456E9
5722550|1|11|0|7|1,1.661344102922E9,5722550,block_result,1,4BA5A696CE18EAAE6093D9031AE04B240D96AE798096796AD1D55E2882F00617,11,0,7,0,1,osmo13gjvhglmljamj6rvl5s6klt4e4dr0ukswekqlc,genesis13gjvhglmljamj6rvl5s6klt4e4dr0uksct3xdl,11000869999999870000,ibc/F16FDC11A7662B86BC0B9CE61871CBACF7C20606F95E86260FD38915184B75B4,transfer/channel-253/el1,,channel-253,channel-1,connection-1539,673,1.717555355910503E9
5722852|1|13|0|7|1,1.661345962773E9,5722852,block_result,1,7A94FDE5989C8AE8CAC51E7D727BBDD50974EB3A4C94216207AC2E1E0F0B5A39,13,0,7,0,1,osmo13gjvhglmljamj6rvl5s6klt4e4dr0ukswekqlc,genesis13gjvhglmljamj6rvl5s6klt4e4dr0uksct3xdl,95158238513273401175,ibc/F16FDC11A7662B86BC0B9CE61871CBACF7C20606F95E86260FD38915184B75B4,transfer/channel-253/el1,,channel-253,channel-1,connection-1539,675,1.717555551687102E9
5725715|1|20|0|7|1,1.661364041301E9,5725715,block_result,1,BF4F46EEA7AC20BF5D2F2E5DBDE16398DDC62408CF16B7B321E178DDC3AC7B21,20,0,7,0,1,osmo1868rjzdgw7mfk33qddrmx59e3keu2eztdnmr2r,genesis1868rjzdgw7mfk33qddrmx59e3keu2eztmpu9cy,106182968258120463973,ibc/F16FDC11A7662B86BC0B9CE61871CBACF7C20606F95E86260FD38915184B75B4,transfer/channel-253/el1,,channel-253,channel-1,connection-1539,683,1.717545192546719E9
5724754|1|0|0|7|1,1.661357672537E9,5724754,block_result,1,62F1C3CC03D340497ADB051471286E619A898F30FAAB338D146F9AD75BE656D6,0,0,7,0,1,osmo19l9wsymdh3mp7munzrlk8rs03ttnu2uaujyktu,genesis19l9wsymdh3mp7munzrlk8rs03ttnu2ua2qrsem,338277024957171052907,ibc/F16FDC11A7662B86BC0B9CE61871CBACF7C20606F95E86260FD38915184B75B4,transfer/channel-253/el1,,channel-253,channel-1,connection-1539,680,1.717545227248653E9
5722964|1|9|0|7|1,1.661346656457E9,5722964,block_result,1,148619B3AF1ECB6F896A3DEABC981E302F15DE0716056648CCFA15924BC4314A,9,0,7,0,1,osmo19l9wsymdh3mp7munzrlk8rs03ttnu2uaujyktu,genesis19l9wsymdh3mp7munzrlk8rs03ttnu2ua2qrsem,3955158327698281292,ibc/F16FDC11A7662B86BC0B9CE61871CBACF7C20606F95E86260FD38915184B75B4,transfer/channel-253/el1,,channel-253,channel-1,connection-1539,676,1.717555408624749E9
5726479|1|8|0|7|1,1.661368749342E9,5726479,block_result,1,7D382393F76A3F83FAB9079A669668F7185766D0620E74F0BD043D81A98A685B,8,0,7,0,1,osmo1h5shnh6dnjtalh84cxl04taa2klvkz5fg6fjr7,genesis1h5shnh6dnjtalh84cxl04taa2klvkz5f7gw53e,2253289754055063665,ibc/F16FDC11A7662B86BC0B9CE61871CBACF7C20606F95E86260FD38915184B75B4,transfer/channel-253/el1,,channel-253,channel-1,connection-1539,685,1.717545184660045E9
5719051|1|0|0|7|1,1.661322658594E9,5719051,block_result,1,F16C592FC621A6E87ADB9E9E95EC1F2296E0EC4896A799BF7177339C13E7DBA1,0,0,7,0,1,osmo1h8uj22du0ka3ylq6rnx00cupey9y6e4jdxrpvp,genesis1h8uj22du0ka3ylq6rnx00cupey9y6e4jm5y87x,2318399823410671492181,ibc/F16FDC11A7662B86BC0B9CE61871CBACF7C20606F95E86260FD38915184B75B4,transfer/channel-253/el1,,channel-253,channel-1,connection-1539,669,1.717545267987569E9
5724552|1|13|0|7|1,1.661356429291E9,5724552,block_result,1,FA55E2869DF7CC23B7A9D52FFE7D7BAEA8965E10214B2F9CE55A2346DECDF452,13,0,7,0,1,osmo1jgyp33kykapv24nv5a8r9v5tpqrrsy0njkpmt5,genesis1jgyp33kykapv24nv5a8r9v5tpqrrsy0nyyxaen,107425415617197474207,ibc/F16FDC11A7662B86BC0B9CE61871CBACF7C20606F95E86260FD38915184B75B4,transfer/channel-253/el1,,channel-253,channel-1,connection-1539,679,1.717545227815741E9
5726032|1|1|0|7|1,1.661365990952E9,5726032,block_result,1,81B5D80650BA07F2DD087D952E8B92AD2937769463DD2369D16F3B8F862BF2E8,1,0,7,0,1,osmo1jnpevf3zg3wc3vyqssxu96lz899g00skk60rtg,genesis1jnpevf3zg3wc3vyqssxu96lz899g00skqgg9e0,955358527575607346455,ibc/F16FDC11A7662B86BC0B9CE61871CBACF7C20606F95E86260FD38915184B75B4,transfer/channel-253/el1,,channel-253,channel-1,connection-1539,684,1.717555345689127E9
5722668|1|38|0|7|1,1.661344833323E9,5722668,block_result,1,45F14698AC6C94BEED1A52DC1E889B47EE2B1EDD48941E92FFEF251BB0FF3293,38,0,7,0,1,osmo1kz9a3m46sxert8w2s243mkrkrmhrvf3lha55q4,genesis1kz9a3m46sxert8w2s243mkrkrmhrvf3lp0njjj,10999869999999870000,ibc/F16FDC11A7662B86BC0B9CE61871CBACF7C20606F95E86260FD38915184B75B4,transfer/channel-253/el1,,channel-253,channel-1,connection-1539,674,1.717555931499547E9
5725123|1|5|0|7|1,1.661359943502E9,5725123,block_result,1,A3C40764219A75BFCDF6C5570C3201C1920444651E5D5C17F4AE8C3FBC77C985,5,0,7,0,1,osmo1llf63weea9zwqd0mnhrqn0nspr2tjvex3dq9l3,genesis1llf63weea9zwqd0mnhrqn0nspr2tjvex8l8rdk,110397571547503597525,ibc/F16FDC11A7662B86BC0B9CE61871CBACF7C20606F95E86260FD38915184B75B4,transfer/channel-253/el1,,channel-253,channel-1,connection-1539,681,1.717545604814072E9
5728676|1|8|0|7|1,1.661382300369E9,5728676,block_result,1,773DFC9C742228457CCB1EF1618A3C52D52D1F66F3A407FD675C71D32D6CB783,8,0,7,0,1,osmo1me3hg2l74zn5ag9y879u7re4cp4dxea9h5d45s,genesis1me3hg2l74zn5ag9y879u7re4cp4dxea9px2nxh,7494759354111614515,ibc/F16FDC11A7662B86BC0B9CE61871CBACF7C20606F95E86260FD38915184B75B4,transfer/channel-253/el1,,channel-253,channel-1,connection-1539,689,1.717554720980963E9
5715920|1|10|0|7|1,1.661303548201E9,5715920,block_result,1,FE521EB211733454C63C9644BD2B7A7A531BAA97613EBBB3B84973615536B1A9,10,0,7,0,1,osmo1me3hg2l74zn5ag9y879u7re4cp4dxea9h5d45s,genesis1me3hg2l74zn5ag9y879u7re4cp4dxea9px2nxh,1327877727793982563,ibc/F16FDC11A7662B86BC0B9CE61871CBACF7C20606F95E86260FD38915184B75B4,transfer/channel-253/el1,,channel-253,channel-1,connection-1539,667,1.717545362630587E9
5721724|1|16|0|7|1,1.661339020153E9,5721724,block_result,1,EAE63AF0CB6AB7462D5BFA86E0D59228F0066D3328F0A34BB4D97EFA576DA303,16,0,7,0,1,osmo1me3hg2l74zn5ag9y879u7re4cp4dxea9h5d45s,genesis1me3hg2l74zn5ag9y879u7re4cp4dxea9px2nxh,10817463367394424413,ibc/F16FDC11A7662B86BC0B9CE61871CBACF7C20606F95E86260FD38915184B75B4,transfer/channel-253/el1,,channel-253,channel-1,connection-1539,671,1.717555457679384E9
5715877|1|22|0|7|1,1.661303279764E9,5715877,block_result,1,0EE2C9B14F438DFC4234C4C3D259C780F22FCD2ED9EE0E1E09C56A2BDBAA8979,22,0,7,0,1,osmo1me3hg2l74zn5ag9y879u7re4cp4dxea9h5d45s,genesis1me3hg2l74zn5ag9y879u7re4cp4dxea9px2nxh,3004574813107405064,ibc/F16FDC11A7662B86BC0B9CE61871CBACF7C20606F95E86260FD38915184B75B4,transfer/channel-253/el1,,channel-253,channel-1,connection-1539,666,1.717545442964721E9
5718342|1|1|0|7|1,1.661318324892E9,5718342,block_result,1,CC99A9CE980D8F59EDD157D9D867E2F46AE4DCD216FDC3BE94B69CFAD39E273A,1,0,7,0,1,osmo1qctsnew9jprsk2jdngu6ddemgd3h4f49sg49p8,genesis1qctsnew9jprsk2jdngu6ddemgd3h4f49x6jrnq,16223964837446921641,ibc/F16FDC11A7662B86BC0B9CE61871CBACF7C20606F95E86260FD38915184B75B4,transfer/channel-253/el1,,channel-253,channel-1,connection-1539,668,1.717555321955727E9
5724149|1|11|0|7|1,1.661353939883E9,5724149,block_result,1,672C4CD0FCC4F4B317174724A4B136FAC54856F7B3E8CB2BCBAF1FEAD3875C1B,11,0,7,0,1,osmo1rtthrjf5aatwhlm57avpedesywk2svwnjc2p6a,genesis1rtthrjf5aatwhlm57avpedesywk2svwny2d8g6,108175595649064385602,ibc/F16FDC11A7662B86BC0B9CE61871CBACF7C20606F95E86260FD38915184B75B4,transfer/channel-253/el1,,channel-253,channel-1,connection-1539,678,1.717555354795538E9
5722208|1|8|0|7|1,1.661341992223E9,5722208,block_result,1,7EA99DC9745E7F211359847804F9F43153A2F5B5E26FD07DFC464B638DEDFC4A,8,0,7,0,1,osmo1s84q7zy0a0f7dchrpj2fk89gyglkwm2eqrzwxu,genesis1s84q7zy0a0f7dchrpj2fk89gyglkwm2ek39g5m,1000000000000000000,ibc/F16FDC11A7662B86BC0B9CE61871CBACF7C20606F95E86260FD38915184B75B4,transfer/channel-253/el1,,channel-253,channel-1,connection-1539,672,1.717545242055656E9
5720712|1|2|0|7|1,1.661332803058E9,5720712,block_result,1,E2FD13413FA62D0252D8184A166CB668350F451C5948E2B8D355603AD35C6CBD,2,0,7,0,1,osmo1wkwqg6h23z5nz77n8hv4zk23v6eyvvcan50wve,genesis1wkwqg6h23z5nz77n8hv4zk23v6eyvvca9xgg77,10900000000000000000,ibc/F16FDC11A7662B86BC0B9CE61871CBACF7C20606F95E86260FD38915184B75B4,transfer/channel-253/el1,,channel-253,channel-1,connection-1539,670,1.717545260227627E9
5725586|1|14|0|7|1,1.661363241622E9,5725586,block_result,1,A89E1E4AF966915B3875388EC8B78380190B1B2BBF331D70BC59793EC0A56765,14,0,7,0,1,osmo1yht8762nseqwaklagtc372w4999puqwm9vga37,genesis1yht8762nseqwaklagtc372w4999puqwmn70mre,106750285905989092046,ibc/F16FDC11A7662B86BC0B9CE61871CBACF7C20606F95E86260FD38915184B75B4,transfer/channel-253/el1,,channel-253,channel-1,connection-1539,682,1.717545200080264E9
5726733|1|7|0|7|1,1.661370308559E9,5726733,block_result,1,81B37364A7D27316505B29BD2E229E572D1F1B28AEF04A5C19F10621C8EF979F,7,0,7,0,1,osmo1ypk8p72lqfezjpypxwu6n69de6qzm2syhcpnxh,genesis1ypk8p72lqfezjpypxwu6n69de6qzm2syp2x45s,9990000000000000000,ibc/F16FDC11A7662B86BC0B9CE61871CBACF7C20606F95E86260FD38915184B75B4,transfer/channel-253/el1,,channel-253,channel-1,connection-1539,686,1.717545266571241E9
6965628|1|42|0|7|1,1.668887054215E9,6965628,block_result,1,B3795C641DE17FA285AC2AF5916FFBC745BAEBDCDDF34CDCFD460047FD1FE73B,42,0,7,0,1,osmo18n33ywygvrrzqspewsh7f5c4dkp00le0mjxfr8,genesis18n33ywygvrrzqspewsh7f5c4dkp00le0dqp03q,31482709101224456304,ibc/F16FDC11A7662B86BC0B9CE61871CBACF7C20606F95E86260FD38915184B75B4,transfer/channel-253/el1,,channel-253,channel-1,connection-1539,1034,1.717511834916278E9
6964466|1|0|0|7|1,1.668880246657E9,6964466,block_result,1,14AE48BEFB38CF9F4C9B2FB749019AA88B55B31FACD116FDF281CCE4D59B25CA,0,0,7,0,1,osmo1hv4rlv94dwwsj3z7l6muye6ndmup0hta7a4v3p,genesis1hv4rlv94dwwsj3z7l6muye6ndmup0htag0j2rx,384000449999995450000,ibc/F16FDC11A7662B86BC0B9CE61871CBACF7C20606F95E86260FD38915184B75B4,transfer/channel-253/el1,,channel-253,channel-1,connection-1539,1033,1.717502259646182E9
7320006|1|18|0|7|1,1.670964552721E9,7320006,block_result,1,FA429525AD42FB55E97DCBD1ABABC48A2BEE131640E600C564977240EDB8EBDA,18,0,7,0,1,osmo1tg8he6zqlust7alpx5tq5fcmwm237xqg0a2pat,genesis1tg8he6zqlust7alpx5tq5fcmwm237xqge0d80v,15095512334866520849,ibc/F16FDC11A7662B86BC0B9CE61871CBACF7C20606F95E86260FD38915184B75B4,transfer/channel-253/el1,,channel-253,channel-1,connection-1539,1064,1.71749661842496E9
7308232|1|42|0|7|1,1.670896463351E9,7308232,block_result,1,3C3231898A11FC76509D19B8E86FA6DB82837E47F84ECF343E29213595D24BE7,42,0,7,0,1,osmo1v2z9rwxt5y98pnrs6ryhqp08ay5azzvmw92wnm,genesis1v2z9rwxt5y98pnrs6ryhqp08ay5azzvmchdgpu,2839000000000000000000,ibc/F16FDC11A7662B86BC0B9CE61871CBACF7C20606F95E86260FD38915184B75B4,transfer/channel-253/el1,,channel-253,channel-1,connection-1539,1063,1.717496847467374E9
6384985|1|14|0|7|1,1.665428827743E9,6384985,block_result,1,FBA1BBDCAB9CC60D5E603B2A1B854EB8EBC29E1253802C439D91EB3255D848FB,14,0,7,0,1,osmo1kvkm8p8dd6xamfcdk9es7hylsqgrvhdmxetzk2,genesis1kvkm8p8dd6xamfcdk9es7hylsqgrvhdmstvyyd,586405348403354,ibc/F16FDC11A7662B86BC0B9CE61871CBACF7C20606F95E86260FD38915184B75B4,transfer/channel-253/el1,,channel-253,channel-1,connection-1539,923,1.717517489694443E9
6378932|1|15|0|7|1,1.665392449759E9,6378932,block_result,1,CBE4BF9BFFB798793C2A8E2F0ACBD7F7EE1843A805C7D7663A96A52ABA74EE3C,15,0,7,0,1,osmo1pcga5s6s2eyjlgnm4p67vxr8v67k0nh8v08qj9,genesis1pcga5s6s2eyjlgnm4p67vxr8v67k0nh86aqxqz,3270144583676585461,ibc/F16FDC11A7662B86BC0B9CE61871CBACF7C20606F95E86260FD38915184B75B4,transfer/channel-253/el1,,channel-253,channel-1,connection-1539,920,1.717519165137907E9
6381837|1|6|0|7|1,1.665409690321E9,6381837,block_result,1,D22B810BA1511161A1AA5D8A2AE9FF75539C66FF435B9A38A98DAAC59BD03462,6,0,7,0,1,osmo1u7yec5t9c898jae9hxqnzf3x2ta34pvsj7d943,genesis1u7yec5t9c898jae9hxqnzf3x2ta34pvsyv2r8k,47755072049701921762,ibc/F16FDC11A7662B86BC0B9CE61871CBACF7C20606F95E86260FD38915184B75B4,transfer/channel-253/el1,,channel-253,channel-1,connection-1539,921,1.717525895079392E9
6384293|1|0|0|7|1,1.665424712574E9,6384293,block_result,1,8113734DDA0A1440E0666DE7F69989DAFEFF9E4A6CEFFCED5AE4F76D84EE48DB,0,0,7,0,1,osmo1zg453l326xgrk5nm2prru4teqkym8zc9pe5r0z,genesis1zg453l326xgrk5nm2prru4teqkym8zc9htn9a9,38151264066935222562,ibc/F16FDC11A7662B86BC0B9CE61871CBACF7C20606F95E86260FD38915184B75B4,transfer/channel-253/el1,,channel-253,channel-1,connection-1539,922,1.717519979269414E9
6180678|1|2|0|7|1,1.664158822427E9,6180678,block_result,1,29EA537CBBAE5505BEEF455D96390F84C9B35E6DCD6BC8BD5F49A03D562583F2,2,0,7,0,1,osmo1qnlxnneluedfg3lusv8r36t5c0s4r2p0dlsn28,genesis1qnlxnneluedfg3lusv8r36t5c0s4r2p0mdh4cq,4000000000000000000,ibc/F16FDC11A7662B86BC0B9CE61871CBACF7C20606F95E86260FD38915184B75B4,transfer/channel-253/el1,,channel-253,channel-1,connection-1539,858,1.717535115396949E9
6191334|1|1|0|7|1,1.664224215807E9,6191334,block_result,1,BEF6ECFC62DD281EE11505CF87EBF61915FAFBF8DE549E0D9F1DFCF65B4C06F4,1,0,7,0,1,osmo1ed873quhcqg5gtzgqgvkjgpj8qmcmuc5uzcjxn,genesis1t04gj7prg8ucz3ljmqgmqcleru9w04al6k7v50,580000000000000000000,ibc/F16FDC11A7662B86BC0B9CE61871CBACF7C20606F95E86260FD38915184B75B4,transfer/channel-253/el1,,channel-253,channel-1,connection-1539,860,1.717526329166068E9
6191320|1|2|0|7|1,1.664224129919E9,6191320,block_result,1,5661416206699CA815C06EBC5097ABFDD4FF5ED689749FA046609FFE0617829C,2,0,7,0,1,osmo1ed873quhcqg5gtzgqgvkjgpj8qmcmuc5uzcjxn,genesis1t04gj7prg8ucz3ljmqgmqcleru9w04al6k7v50,10000000000000000000,ibc/F16FDC11A7662B86BC0B9CE61871CBACF7C20606F95E86260FD38915184B75B4,transfer/channel-253/el1,,channel-253,channel-1,connection-1539,859,1.717526094015621E9
30696506|1|0|0|9|1,1.740956973516E9,30696506,block_result,1,8173910A514D25A97610784A64CF176591311765095331FF415B7D97B03FE7F4,0,0,9,0,1,osmo1qly96sy3yklkwv6cf4he5ves4qu8yn58jnqsyy,genesis1qly96sy3yklkwv6cf4he5ves4qu8yn58yp8kkr,100000000000000000000,ibc/F16FDC11A7662B86BC0B9CE61871CBACF7C20606F95E86260FD38915184B75B4,transfer/channel-253/el1,,channel-253,channel-1,connection-1539,1437,1.741350448756638E9
4630227|1|26|0|7|1,1.654122203652E9,4630227,block_result,1,414838C56195EFEEE5AA7D6C79EFFDD773276FEBDBBF71DAA74307260318A652,26,0,7,0,1,osmo1zzq5fulfm6k88x42g4fqncxurqk36qlc52l73m,genesis1zzq5fulfm6k88x42g4fqncxurqk36qlczcccru,40000000000000000000,ibc/F16FDC11A7662B86BC0B9CE61871CBACF7C20606F95E86260FD38915184B75B4,transfer/channel-253/el1,,channel-253,channel-1,connection-1539,1,1.71761103080497E9
14193922|1|15|0|9|1,1.709903781632E9,14193922,block_result,1,E2CFDAC7E51E8396476637C668293DDC3D0424D41F9E9D638719EC272B14ABA3,15,0,9,0,1,osmo1cd00477kc8yxny77rs7jpspw8uvczclmaqp3vr,genesis1cd00477kc8yxny77rs7jpspw8uvczclmtjxh7y,1000000000000000000,ibc/F16FDC11A7662B86BC0B9CE61871CBACF7C20606F95E86260FD38915184B75B4,transfer/channel-253/el1,,channel-253,channel-1,connection-1539,1251,1.717048402054763E9
5057585|1|1|0|7|1,1.657207057223E9,5057585,block_result,1,343987C33F35AFEE5973BEDDE1B010402AEE15B704601878AB6562AE91131D6F,1,0,7,0,1,osmo1me3hg2l74zn5ag9y879u7re4cp4dxea9h5d45s,genesis1me3hg2l74zn5ag9y879u7re4cp4dxea9px2nxh,10000000000000000000,ibc/F16FDC11A7662B86BC0B9CE61871CBACF7C20606F95E86260FD38915184B75B4,transfer/channel-253/el1,,channel-253,channel-1,connection-1539,377,1.717589812359467E9
5058857|1|21|0|7|1,1.65721542047E9,5058857,block_result,1,43F06AE723C837469C2C26212F9EBD4B527948F5BC2EA8979C8D1053A7631128,21,0,7,0,1,osmo1k3vrxedjju3xpq8tzjkyry08j8nup8ms42fgqw,genesis1k3vrxedjju3xpq8tzjkyry08j8nup8msrcwwjf,10999869999999870000,ibc/F16FDC11A7662B86BC0B9CE61871CBACF7C20606F95E86260FD38915184B75B4,transfer/channel-253/el1,,channel-253,channel-1,connection-1539,378,1.717568537646063E9
15551056|1|1|0|9|1,1.715149971426E9,15551056,block_result,1,2D6DF1FBACCE4CD1C31CB6E471FD19E84000DD65B6C7EC4EADD6F226B502CE01,1,0,9,0,1,osmo1aedaw6l8emqaclg352xhuh6mt935tzcg26wgrh,genesis1aedaw6l8emqaclg352xhuh6mt935tzcgugfw3s,13801604568596186735,ibc/F16FDC11A7662B86BC0B9CE61871CBACF7C20606F95E86260FD38915184B75B4,transfer/channel-253/el1,,channel-253,channel-1,connection-1539,1337,1.716996797921304E9
5222106|1|155|0|7|1,1.658235873777E9,5222106,block_result,1,8A212AF1FF189CB176276B0668063E37976F8A35F70D7B797B8205C49DC3AB6D,155,0,7,0,1,osmo18l2965me2kzsjdz0tuqtagm78l8c2g5qzwcs0f,genesis18l2965me2kzsjdz0tuqtagm78l8c2g5q5ulkaw,2798486216358305,ibc/F16FDC11A7662B86BC0B9CE61871CBACF7C20606F95E86260FD38915184B75B4,transfer/channel-253/el1,,channel-253,channel-1,connection-1539,425,1.717580763836989E9
5217282|1|5|0|7|1,1.658206043659E9,5217282,block_result,1,ADB01FA181F8CA45FAFB11C57799673A6E656C2D3895D194866F69070C654EDD,5,0,7,0,1,osmo19l9wsymdh3mp7munzrlk8rs03ttnu2uaujyktu,genesis19l9wsymdh3mp7munzrlk8rs03ttnu2ua2qrsem,27090392417539113872,ibc/F16FDC11A7662B86BC0B9CE61871CBACF7C20606F95E86260FD38915184B75B4,transfer/channel-253/el1,,channel-253,channel-1,connection-1539,424,1.717579336377709E9
5224478|1|4|0|7|1,1.658250471186E9,5224478,block_result,1,6E2D155B3BC1E9454EAD207FE0155BF91A8E7F34B65718991A71F540102FCB28,4,0,7,0,1,osmo1v2z9rwxt5y98pnrs6ryhqp08ay5azzvmw92wnm,genesis1v2z9rwxt5y98pnrs6ryhqp08ay5azzvmchdgpu,10686000000000000000000,ibc/F16FDC11A7662B86BC0B9CE61871CBACF7C20606F95E86260FD38915184B75B4,transfer/channel-253/el1,,channel-253,channel-1,connection-1539,426,1.717580523394876E9
5822602|1|0|0|7|1,1.661962086453E9,5822602,block_result,1,35D7653F7334E1B78B18828658F68223DB240B688A2A20594E99F53A38C6A69D,0,0,7,0,1,osmo1ke6k7eslpxsp2rdj3zsdjqdku8rza5gz8cj0jd,genesis1ke6k7eslpxsp2rdj3zsdjqdku8rza5gz324fq2,10999869999999870000,ibc/F16FDC11A7662B86BC0B9CE61871CBACF7C20606F95E86260FD38915184B75B4,transfer/channel-253/el1,,channel-253,channel-1,connection-1539,751,1.717539859630049E9
5822982|1|0|0|7|1,1.661964419374E9,5822982,block_result,1,357B271294F300593F22352BD1650EBFB9F477E971A428F68C454EEB2A8C96D9,0,0,7,0,1,osmo1rd40c3t4r3kqmyhwlj778aeteyqygj3uppkvuh,genesis1rd40c3t4r3kqmyhwlj778aeteyqygj3uhn32ws,17660413188632432850,ibc/F16FDC11A7662B86BC0B9CE61871CBACF7C20606F95E86260FD38915184B75B4,transfer/channel-253/el1,,channel-253,channel-1,connection-1539,752,1.717547079311719E9
5823588|1|3|0|7|1,1.66196866123E9,5823588,block_result,1,F8DA90B7086E3A85EBD197E3A3E1B8E79FE9A4124269FCB1B84BE7BEC3BF3CC6,3,0,7,0,1,osmo1jnpevf3zg3wc3vyqssxu96lz899g00skk60rtg,genesis1jnpevf3zg3wc3vyqssxu96lz899g00skqgg9e0,22315505553140248676,ibc/F16FDC11A7662B86BC0B9CE61871CBACF7C20606F95E86260FD38915184B75B4,transfer/channel-253/el1,,channel-253,channel-1,connection-1539,753,1.717547100059271E9
5826315|1|16|0|7|1,1.66198544253E9,5826315,block_result,1,4AD652E30AE1C26BA9D6B5979EF4637A8D21256F3624482133C6ADEFAE0B1BD7,16,0,7,0,1,osmo14cz5e0pdtcqqzcfw6qq98046mgsljns93xuhpr,genesis14cz5e0pdtcqqzcfw6qq98046mgsljns985m3ny,11000869999999870000,ibc/F16FDC11A7662B86BC0B9CE61871CBACF7C20606F95E86260FD38915184B75B4,transfer/channel-253/el1,,channel-253,channel-1,connection-1539,754,1.717547050239996E9
5511859|1|3|0|7|1,1.660043851202E9,5511859,block_result,1,79C19322DEE7EBC1A3DDE0B9D52F33671062775CF6F59A3291B5F3856CD837FA,3,0,7,0,1,osmo133rmftw6qzjcup8es6xwrv0pkhh820u95f5h2p,genesis133rmftw6qzjcup8es6xwrv0pkhh820u9zmn3cx,20021652742468661969,ibc/F16FDC11A7662B86BC0B9CE61871CBACF7C20606F95E86260FD38915184B75B4,transfer/channel-253/el1,,channel-253,channel-1,connection-1539,483,1.717549356537963E9
5518229|1|4|0|7|1,1.660083387786E9,5518229,block_result,1,E8791B23C736B739AC7D1EE75543302D27D979E718015FAB9EF21D5D09E40B27,4,0,7,0,1,osmo1tt4t3c6sdr9w0pfljx54zkw0g8negdrsjjhp50,genesis1tt4t3c6sdr9w0pfljx54zkw0g8negdrsyqs8xg,147724519917029974698,ibc/F16FDC11A7662B86BC0B9CE61871CBACF7C20606F95E86260FD38915184B75B4,transfer/channel-253/el1,,channel-253,channel-1,connection-1539,484,1.717563545214809E9
14495957|1|8|0|9|1,1.711388809445E9,14495957,block_result,1,FF0294F65E3A6DC2CA058270B8ACB86E3DF9EC6DCD3C6EFF538E92F37220CE59,8,0,9,0,1,osmo1cchda0fgmu5kqklcvhh0t6rq597a0ggfhd4w5h,genesis1cchda0fgmu5kqklcvhh0t6rq597a0ggfpljgxs,377498407291478103036,ibc/F16FDC11A7662B86BC0B9CE61871CBACF7C20606F95E86260FD38915184B75B4,transfer/channel-253/el1,,channel-253,channel-1,connection-1539,1301,1.717029590235932E9
14497758|1|15|0|9|1,1.711397311496E9,14497758,block_result,1,E8846B072C813DD4B48C5B746AE76B4F0FD38178ADDB6F8365DB39E333BE3B82,15,0,9,0,1,osmo1vmjdd0uh783h6068nvjsvw0uvs57v5h50793hw,genesis1vmjdd0uh783h6068nvjsvw0uvs57v5h5evzh9f,7000000000000000000,ibc/F16FDC11A7662B86BC0B9CE61871CBACF7C20606F95E86260FD38915184B75B4,transfer/channel-253/el1,,channel-253,channel-1,connection-1539,1302,1.717029578776372E9
21012347|1|6|0|9|1,1.726612953703E9,21012347,block_result,1,6D16936733AD8061E15284BCE0B9F175A484FDD7E17082333F9F5D92909FB90B,6,0,9,0,1,osmo15g802arytagdv7uurc2a70yxfefdkntqsg04x4,genesis15g802arytagdv7uurc2a70yxfefdkntqx6gn5j,759246016120000000000,ibc/F16FDC11A7662B86BC0B9CE61871CBACF7C20606F95E86260FD38915184B75B4,transfer/channel-253/el1,,channel-253,channel-1,connection-1539,1389,1.726612958644594E9
20992744|1|2|0|9|1,1.726578346661E9,20992744,block_result,1,30BA448B042575ACED13D982788002FFAEA2991E216DE686C85BE0D181E3AA01,2,0,9,0,1,osmo1ag940t2gd4sn0wey7xgfjl83x2t5v62m6629pc,genesis1ag940t2gd4sn0wey7xgfjl83x2t5v62mvgdrnl,42000000000000000000000,ibc/F16FDC11A7662B86BC0B9CE61871CBACF7C20606F95E86260FD38915184B75B4,transfer/channel-253/el1,,channel-253,channel-1,connection-1539,1388,1.726578349549908E9
20992666|1|2|0|9|1,1.726578210686E9,20992666,block_result,1,10E15D7B76476C6AD906DBD09685D79711103FDADF012C85CD32037E294FA09E,2,0,9,0,1,osmo1ag940t2gd4sn0wey7xgfjl83x2t5v62m6629pc,genesis1ag940t2gd4sn0wey7xgfjl83x2t5v62mvgdrnl,20000000000000000000000,ibc/F16FDC11A7662B86BC0B9CE61871CBACF7C20606F95E86260FD38915184B75B4,transfer/channel-253/el1,,channel-253,channel-1,connection-1539,1387,1.726578214640178E9
20992582|1|3|0|9|1,1.726578068783E9,20992582,block_result,1,D3AEAEBED08C3466920D754AA3E04EF9F21FC5818DD98CE9EE25EEA631186BB4,3,0,9,0,1,osmo1ag940t2gd4sn0wey7xgfjl83x2t5v62m6629pc,genesis1ag940t2gd4sn0wey7xgfjl83x2t5v62mvgdrnl,875339191528546809151,ibc/F16FDC11A7662B86BC0B9CE61871CBACF7C20606F95E86260FD38915184B75B4,transfer/channel-253/el1,,channel-253,channel-1,connection-1539,1386,1.726578073417212E9
8021932|1|19|0|7|1,1.674967734912E9,8021932,block_result,1,15F1329EDED4540BA96B7D6DB80A0AC8B82F13E201D16B21DCC26B175601A97A,19,0,7,0,1,osmo122hjrmj8k2f0lc0m8nepdysgx9f2gan2jn8s3u,genesis122hjrmj8k2f0lc0m8nepdysgx9f2gan2ypqkrm,6013545185465810000,ibc/F16FDC11A7662B86BC0B9CE61871CBACF7C20606F95E86260FD38915184B75B4,transfer/channel-253/el1,,channel-253,channel-1,connection-1539,1127,1.717478916827297E9
8025628|1|1|0|7|1,1.674988341281E9,8025628,block_result,1,96C94AC3BE6AB65024EC33E5597DA1FFA73E7F72B430D0EFF1F1E54360484601,1,0,7,0,1,osmo1f0zelt4x8t9yx9wjfeqgy02t30ck792qcuxgyx,genesis1f0zelt4x8t9yx9wjfeqgy02t30ck792qwwpwkp,2000000000000000000,ibc/F16FDC11A7662B86BC0B9CE61871CBACF7C20606F95E86260FD38915184B75B4,transfer/channel-253/el1,,channel-253,channel-1,connection-1539,1128,1.717477772952779E9
5254485|1|12|0|7|1,1.658437201692E9,5254485,block_result,1,0AB6BD1CD96F64CF8031A6E7165DFE48EF015034745F91FECC789B816BAEE0DD,12,0,7,0,1,osmo13l99wap9jchfvlghtd70seqn9pnw9aleptsps2,genesis13l99wap9jchfvlghtd70seqn9pnw9aleheh8zd,3000000075053182646,ibc/F16FDC11A7662B86BC0B9CE61871CBACF7C20606F95E86260FD38915184B75B4,transfer/channel-253/el1,,channel-253,channel-1,connection-1539,433,1.71757858090287E9
5246299|1|11|0|7|1,1.6583862668E9,5246299,block_result,1,FCFDCEF0C05B1B8A38EA001E3BD3D74CEAA8E4C6018CC83D6A2D5C313DF181DF,11,0,7,0,1,osmo163ndtplrrpkh2faf2c0y6t9v86llx86q6spzwl,genesis163ndtplrrpkh2faf2c0y6t9v86llx86qvzxyuc,4123529492848744,ibc/F16FDC11A7662B86BC0B9CE61871CBACF7C20606F95E86260FD38915184B75B4,transfer/channel-253/el1,,channel-253,channel-1,connection-1539,430,1.717560856895001E9
5247122|1|178|0|7|1,1.658391318564E9,5247122,block_result,1,BFF061AC542B795758290516957AB0C330AE0CFC08A2C47BEF56CCE4B9898216,178,0,7,0,1,osmo1psaav9mslme6kcsspqjemjfn7m0acwyz983jvc,genesis1psaav9mslme6kcsspqjemjfn7m0acwyzn4k57l,119582148475948330905,ibc/F16FDC11A7662B86BC0B9CE61871CBACF7C20606F95E86260FD38915184B75B4,transfer/channel-253/el1,,channel-253,channel-1,connection-1539,431,1.71757896497113E9
5254361|1|46|0|7|1,1.658436440494E9,5254361,block_result,1,D0D73DB26F96748D685F1480EE85BE9F3739194FFF23F20926767432686C9214,46,0,7,0,1,osmo1v2z9rwxt5y98pnrs6ryhqp08ay5azzvmw92wnm,genesis1v2z9rwxt5y98pnrs6ryhqp08ay5azzvmchdgpu,8857000000000000000000,ibc/F16FDC11A7662B86BC0B9CE61871CBACF7C20606F95E86260FD38915184B75B4,transfer/channel-253/el1,,channel-253,channel-1,connection-1539,432,1.717578483271974E9
14333884|1|13|0|9|1,1.710594108244E9,14333884,block_result,1,131D992CBBC8A9A0330B3D7B72616BA409F3881A7213A651513B8763F4A8051A,13,0,9,0,1,osmo1c2w7sxnp423935c47zwv32rgmk2zmgt8maswnx,genesis1c2w7sxnp423935c47zwv32rgmk2zmgt8d0hgpp,3000000000000000000,ibc/F16FDC11A7662B86BC0B9CE61871CBACF7C20606F95E86260FD38915184B75B4,transfer/channel-253/el1,,channel-253,channel-1,connection-1539,1269,1.717035160624245E9
14329141|1|12|0|9|1,1.710570692541E9,14329141,block_result,1,F8F4DBF8C67F4C02FEF97A54CFF3A2A08A3477EC0B5EB8287FCFF003B8F183CE,12,0,9,0,1,osmo1ctdj2dk67fd9yp2xt48m0f3jr45v3xyps5akh6,genesis1ctdj2dk67fd9yp2xt48m0f3jr45v3xypxx6s9a,79256000000000000000000,ibc/F16FDC11A7662B86BC0B9CE61871CBACF7C20606F95E86260FD38915184B75B4,transfer/channel-253/el1,,channel-253,channel-1,connection-1539,1267,1.717041542259866E9
14334178|1|13|0|9|1,1.710595558139E9,14334178,block_result,1,0EFA948124349A90E4FED5B3643E32760DE051C53894183D183CBF97A8F93ADF,13,0,9,0,1,osmo1em87y9tmpge28xmr9u6vxn2hcc0s07czl3qktd,genesis1em87y9tmpge28xmr9u6vxn2hcc0s07czfr8se2,1000000000000000000,ibc/F16FDC11A7662B86BC0B9CE61871CBACF7C20606F95E86260FD38915184B75B4,transfer/channel-253/el1,,channel-253,channel-1,connection-1539,1271,1.717035174570356E9
14334196|1|5|0|9|1,1.710595645349E9,14334196,block_result,1,068916FC473B335A03A9967672D68AFC16A43E6EAE51FFAE9329E0014787ED14,5,0,9,0,1,osmo1em87y9tmpge28xmr9u6vxn2hcc0s07czl3qktd,genesis1em87y9tmpge28xmr9u6vxn2hcc0s07czfr8se2,53960949500490263119490,ibc/F16FDC11A7662B86BC0B9CE61871CBACF7C20606F95E86260FD38915184B75B4,transfer/channel-253/el1,,channel-253,channel-1,connection-1539,1272,1.71703516834538E9
14329113|1|7|0|9|1,1.710570551723E9,14329113,block_result,1,182811D23D9518F42EB94C163CF1726D45E4CDB7FFBED20D6AEF89446A7237A4,7,0,9,0,1,osmo1g8lsgaukudrj2y7nuv27yew5c6e7a829z9jztu,genesis1g8lsgaukudrj2y7nuv27yew5c6e7a8295h4yem,32545000000000000000000,ibc/F16FDC11A7662B86BC0B9CE61871CBACF7C20606F95E86260FD38915184B75B4,transfer/channel-253/el1,,channel-253,channel-1,connection-1539,1266,1.717041551078722E9
14334169|1|9|0|9|1,1.710595512587E9,14334169,block_result,1,7E3A3D422700C2A586A5E35BAA40EF9BE345648CA0DF2CCC6417838B24BEEB4B,9,0,9,0,1,osmo1qawq9fnx5rz7walpj5feryrhat7pjwkac3fvwd,genesis1qawq9fnx5rz7walpj5feryrhat7pjwkawrw2u2,80000000000000000000000,ibc/F16FDC11A7662B86BC0B9CE61871CBACF7C20606F95E86260FD38915184B75B4,transfer/channel-253/el1,,channel-253,channel-1,connection-1539,1270,1.717035171171425E9
14333746|1|5|0|9|1,1.710593425714E9,14333746,block_result,1,6A332776F484B0958A64DB091FAC552A2B60C5EAFE32E65A8852A7CCC306A462,5,0,9,0,1,osmo1vmjdd0uh783h6068nvjsvw0uvs57v5h50793hw,genesis1vmjdd0uh783h6068nvjsvw0uvs57v5h5evzh9f,1000000000000000000,ibc/F16FDC11A7662B86BC0B9CE61871CBACF7C20606F95E86260FD38915184B75B4,transfer/channel-253/el1,,channel-253,channel-1,connection-1539,1268,1.717041739777186E9
5405031|1|13|0|7|1,1.65937905439E9,5405031,block_result,1,A4C5AF5E11E65E17B62C8C676E13BF9BC2280856D150E1288DF72B4583824D91,13,0,7,0,1,osmo13sf2ldn9mdrenp77pt2c7gq2h2l8lf0jj8zz5q,genesis13sf2ldn9mdrenp77pt2c7gq2h2l8lf0jy49yx8,11000869999999870000,ibc/F16FDC11A7662B86BC0B9CE61871CBACF7C20606F95E86260FD38915184B75B4,transfer/channel-253/el1,,channel-253,channel-1,connection-1539,464,1.717551730287236E9
5407545|1|24|0|7|1,1.6593946558E9,5407545,block_result,1,ABEBDEAD3A0B6BFBED692F19CA877260F91DAEE422ECF08D71C5859B3481B905,24,0,7,0,1,osmo1jsdkx6f4ghen437lhv4ehchg2s5jwyqnqd0xsh,genesis1jsdkx6f4ghen437lhv4ehchg2s5jwyqnklgqzs,10999869999999870000,ibc/F16FDC11A7662B86BC0B9CE61871CBACF7C20606F95E86260FD38915184B75B4,transfer/channel-253/el1,,channel-253,channel-1,connection-1539,468,1.717569942315514E9
5407926|1|0|0|7|1,1.659397021791E9,5407926,block_result,1,B073BB74ED9073D8B2761881C648D47E71896B1C8BA5488A020419B901F146A7,0,0,7,0,1,osmo1qly96sy3yklkwv6cf4he5ves4qu8yn58jnqsyy,genesis1qly96sy3yklkwv6cf4he5ves4qu8yn58yp8kkr,18072719938324748802,ibc/F16FDC11A7662B86BC0B9CE61871CBACF7C20606F95E86260FD38915184B75B4,transfer/channel-253/el1,,channel-253,channel-1,connection-1539,469,1.717570172554033E9
5405969|1|8|0|7|1,1.659384882775E9,5405969,block_result,1,A8C7EE87AB1B3D054C097B209BA9BD4D279A420A918A25EA523C33EE728055CD,8,0,7,0,1,osmo1qly96sy3yklkwv6cf4he5ves4qu8yn58jnqsyy,genesis1qly96sy3yklkwv6cf4he5ves4qu8yn58yp8kkr,21321557121073697867,ibc/F16FDC11A7662B86BC0B9CE61871CBACF7C20606F95E86260FD38915184B75B4,transfer/channel-253/el1,,channel-253,channel-1,connection-1539,466,1.717551669295972E9
5406143|1|10|0|7|1,1.659385956389E9,5406143,block_result,1,9561341A5AA28DDF4D36B1284023FA3BDF8CF6987D8B6C1C6C8C643D40437C5D,10,0,7,0,1,osmo1u5r0j0jytzk2c5z5wswlzy4h385elwwx9j9clc,genesis1u5r0j0jytzk2c5z5wswlzy4h385elwwxnqz7dl,23743060809179808516,ibc/F16FDC11A7662B86BC0B9CE61871CBACF7C20606F95E86260FD38915184B75B4,transfer/channel-253/el1,,channel-253,channel-1,connection-1539,467,1.717551656936599E9
5405922|1|35|0|7|1,1.659384593799E9,5405922,block_result,1,EE879AA12E76EE604477180690DE3B3E8FFAF810A1D329C5D2535C49188CB863,35,0,7,0,1,osmo1u5r0j0jytzk2c5z5wswlzy4h385elwwx9j9clc,genesis1u5r0j0jytzk2c5z5wswlzy4h385elwwxnqz7dl,9266954020053911719,ibc/F16FDC11A7662B86BC0B9CE61871CBACF7C20606F95E86260FD38915184B75B4,transfer/channel-253/el1,,channel-253,channel-1,connection-1539,465,1.717551672898459E9
14426985|1|4|0|9|1,1.711053853669E9,14426985,block_result,1,2BEB50DB764C67B0CD502DFA0AF53FF87E0CF950F62DB65A827B1EEDACDC67C8,4,0,9,0,1,osmo16hp7wzudkeyw6fvgvalm0fh3elp9czhf9l3k7l,genesis16hp7wzudkeyw6fvgvalm0fh3elp9czhfndksvc,337323585044120654,ibc/F16FDC11A7662B86BC0B9CE61871CBACF7C20606F95E86260FD38915184B75B4,transfer/channel-253/el1,,channel-253,channel-1,connection-1539,1294,1.717032514550312E9
14413706|1|11|0|9|1,1.710988263603E9,14413706,block_result,1,CFE2057895C553F667FF77715C19289ACB3FD60AE12F3A85D0EA792DFEE2A2AF,11,0,9,0,1,osmo1nzgxusarw7tn3w9pz9mtxplwu8jnwrhlgkppxv,genesis1nzgxusarw7tn3w9pz9mtxplwu8jnwrhl7yx85t,1000000000000000000,ibc/F16FDC11A7662B86BC0B9CE61871CBACF7C20606F95E86260FD38915184B75B4,transfer/channel-253/el1,,channel-253,channel-1,connection-1539,1292,1.71703284201681E9
14413640|1|1|0|9|1,1.710987940697E9,14413640,block_result,1,FB11755CED26B71752E92DC0E7E39CB5DEBF2CB83D4EEAF136437459AC731955,1,0,9,0,1,osmo1nzgxusarw7tn3w9pz9mtxplwu8jnwrhlgkppxv,genesis1nzgxusarw7tn3w9pz9mtxplwu8jnwrhl7yx85t,1000000000000000000,ibc/F16FDC11A7662B86BC0B9CE61871CBACF7C20606F95E86260FD38915184B75B4,transfer/channel-253/el1,,channel-253,channel-1,connection-1539,1291,1.717032847387999E9
14413723|1|7|0|9|1,1.710988345622E9,14413723,block_result,1,42F3765E66E9AC95832E48726C73BAD6994001C2E0615FB9A6E4A6F12529DDF1,7,0,9,0,1,osmo1nzgxusarw7tn3w9pz9mtxplwu8jnwrhlgkppxv,genesis1nzgxusarw7tn3w9pz9mtxplwu8jnwrhl7yx85t,5000000000000000000000,ibc/F16FDC11A7662B86BC0B9CE61871CBACF7C20606F95E86260FD38915184B75B4,transfer/channel-253/el1,,channel-253,channel-1,connection-1539,1293,1.717032847233871E9
16315560|1|0|0|9|1,1.717306134916E9,16315560,block_result,1,07E72B6FEB0BED3344848ECE911507A42EC1827C4B87F085EE46EA8E350C216F,0,0,9,0,1,osmo16aypymlama0lk5s8c9s30s09eacpvwnav7ewjv,genesis16aypymlama0lk5s8c9s30s09eacpvwna6v7gqt,4110000000000000000000,ibc/F16FDC11A7662B86BC0B9CE61871CBACF7C20606F95E86260FD38915184B75B4,transfer/channel-253/el1,,channel-253,channel-1,connection-1539,1371,1.717306224715456E9
16328414|1|2|0|9|1,1.717338506235E9,16328414,block_result,1,5E1FBDC2F48519BE6D3E3091345681B5DAE323E337B16D2A6FE091ADDF27FCB5,2,0,9,0,1,osmo1nzgxusarw7tn3w9pz9mtxplwu8jnwrhlgkppxv,genesis1nzgxusarw7tn3w9pz9mtxplwu8jnwrhl7yx85t,500000000000000000000,ibc/F16FDC11A7662B86BC0B9CE61871CBACF7C20606F95E86260FD38915184B75B4,transfer/channel-253/el1,,channel-253,channel-1,connection-1539,1372,1.717338545473866E9
15813233|1|3|0|9|1,1.715970371988E9,15813233,block_result,1,280D4181FEA425628ABD54F89454894B931093F50477C1D1950A14058A7012E8,3,0,9,0,1,osmo1s84q7zy0a0f7dchrpj2fk89gyglkwm2eqrzwxu,genesis1s84q7zy0a0f7dchrpj2fk89gyglkwm2ek39g5m,7004641205119276820,ibc/F16FDC11A7662B86BC0B9CE61871CBACF7C20606F95E86260FD38915184B75B4,transfer/channel-253/el1,,channel-253,channel-1,connection-1539,1352,1.716991683102569E9
14525234|1|7|0|9|1,1.711527455202E9,14525234,block_result,1,47CF4BC9EABC38DB92218D2CD3DF9FE50465FC796D2E75A070A01549587C99DD,7,0,9,0,1,osmo1cchda0fgmu5kqklcvhh0t6rq597a0ggfhd4w5h,genesis1cchda0fgmu5kqklcvhh0t6rq597a0ggfpljgxs,263228315223491823912,ibc/F16FDC11A7662B86BC0B9CE61871CBACF7C20606F95E86260FD38915184B75B4,transfer/channel-253/el1,,channel-253,channel-1,connection-1539,1304,1.717028526886035E9
14532549|1|11|0|9|1,1.711562207451E9,14532549,block_result,1,DCFF893AF46A1940ABA02F110E7BF4C0C29F69D1201B54557D287DFC3C678D98,11,0,9,0,1,osmo1cchda0fgmu5kqklcvhh0t6rq597a0ggfhd4w5h,genesis1cchda0fgmu5kqklcvhh0t6rq597a0ggfpljgxs,1308843615191864307247,ibc/F16FDC11A7662B86BC0B9CE61871CBACF7C20606F95E86260FD38915184B75B4,transfer/channel-253/el1,,channel-253,channel-1,connection-1539,1307,1.717028272316991E9
14525885|1|11|0|9|1,1.711530539836E9,14525885,block_result,1,80D1B7F06171F608A69C7EBD1AC572604084D7D404F33F4AF59152B87992C66E,11,0,9,0,1,osmo1llugk9nrw6pvtlty348h0nxlgpe09lg235vt0f,genesis1llugk9nrw6pvtlty348h0nxlgpe09lg28xtdaw,40000000000000000000,ibc/F16FDC11A7662B86BC0B9CE61871CBACF7C20606F95E86260FD38915184B75B4,transfer/channel-253/el1,,channel-253,channel-1,connection-1539,1305,1.717028380545747E9
14518957|1|2|0|9|1,1.711497949609E9,14518957,block_result,1,53B685C38887DD3A1ACA91D3737AD795E5D31EAB7569ABD7710A10FA7C4A2D02,2,0,9,0,1,osmo1llugk9nrw6pvtlty348h0nxlgpe09lg235vt0f,genesis1llugk9nrw6pvtlty348h0nxlgpe09lg28xtdaw,20000000000000000000,ibc/F16FDC11A7662B86BC0B9CE61871CBACF7C20606F95E86260FD38915184B75B4,transfer/channel-253/el1,,channel-253,channel-1,connection-1539,1303,1.717028602388656E9
14526788|1|8|0|9|1,1.711534801154E9,14526788,block_result,1,A5A68D270E2EF1CDF7AB65D1A3602032C13F9EE4A71C8C250D99F91AA1B30662,8,0,9,0,1,osmo1vmjdd0uh783h6068nvjsvw0uvs57v5h50793hw,genesis1vmjdd0uh783h6068nvjsvw0uvs57v5h5evzh9f,1000000000000000000000,ibc/F16FDC11A7662B86BC0B9CE61871CBACF7C20606F95E86260FD38915184B75B4,transfer/channel-253/el1,,channel-253,channel-1,connection-1539,1306,1.717029260149667E9
5605076|1|5|0|7|1,1.660619407746E9,5605076,block_result,1,062DC498AC02310063935621098A91D1C3A257ABF76EC52BFE595059DA6B96B3,5,0,7,0,1,osmo1v8j4ut3s46jy8arz48czu4ajl6squ5xfed5es9,genesis1v8j4ut3s46jy8arz48czu4ajl6squ5xf0lnlzz,10999869999999870000,ibc/F16FDC11A7662B86BC0B9CE61871CBACF7C20606F95E86260FD38915184B75B4,transfer/channel-253/el1,,channel-253,channel-1,connection-1539,537,1.717547679796886E9
5605620|1|1|0|7|1,1.660622729981E9,5605620,block_result,1,345951BBED778E6A9116957F03F31E3425C0EE9511456D17B58A0A0E0527C9DA,1,0,7,0,1,osmo1h5shnh6dnjtalh84cxl04taa2klvkz5fg6fjr7,genesis1h5shnh6dnjtalh84cxl04taa2klvkz5f7gw53e,27763494079031383445,ibc/F16FDC11A7662B86BC0B9CE61871CBACF7C20606F95E86260FD38915184B75B4,transfer/channel-253/el1,,channel-253,channel-1,connection-1539,538,1.717561318045357E9
5605753|1|2|0|7|1,1.660623545026E9,5605753,block_result,1,7A870215B2EE270D273B533E18B59F53337387F497FC94D23AE055BC88B5798E,2,0,7,0,1,osmo1h5shnh6dnjtalh84cxl04taa2klvkz5fg6fjr7,genesis1h5shnh6dnjtalh84cxl04taa2klvkz5f7gw53e,11641718395673716007,ibc/F16FDC11A7662B86BC0B9CE61871CBACF7C20606F95E86260FD38915184B75B4,transfer/channel-253/el1,,channel-253,channel-1,connection-1539,539,1.717561316011462E9
5611250|1|39|0|7|1,1.660657404177E9,5611250,block_result,1,1A1AEC3E7F20D1B48E03FA5FF5AE10788A882B4EE028684121CE7E7A262EABC9,39,0,7,0,1,osmo1x8tcv75ut45zw9y2dcxrda6u4evmhtppm9h4el,genesis1x8tcv75ut45zw9y2dcxrda6u4evmhtppdhsntc,10999869999999870000,ibc/F16FDC11A7662B86BC0B9CE61871CBACF7C20606F95E86260FD38915184B75B4,transfer/channel-253/el1,,channel-253,channel-1,connection-1539,540,1.717547580964397E9
5611544|1|14|0|7|1,1.660659207836E9,5611544,block_result,1,A33C9CD37271F7187E2E7CECB40EE68D23193B6D6592C9E8976A22CD611CAA02,14,0,7,0,1,osmo1rd40c3t4r3kqmyhwlj778aeteyqygj3uppkvuh,genesis1rd40c3t4r3kqmyhwlj778aeteyqygj3uhn32ws,8870339500403419794,ibc/F16FDC11A7662B86BC0B9CE61871CBACF7C20606F95E86260FD38915184B75B4,transfer/channel-253/el1,,channel-253,channel-1,connection-1539,541,1.717547604374307E9
5613495|1|17|0|7|1,1.660671634187E9,5613495,block_result,1,D7F20544B596EE2AA99926B75F4C7D019B95CEE2DC5B7595C059A52A9C422EE9,17,0,7,0,1,osmo1me3hg2l74zn5ag9y879u7re4cp4dxea9h5d45s,genesis1me3hg2l74zn5ag9y879u7re4cp4dxea9px2nxh,624187802012477892,ibc/F16FDC11A7662B86BC0B9CE61871CBACF7C20606F95E86260FD38915184B75B4,transfer/channel-253/el1,,channel-253,channel-1,connection-1539,542,1.717561168946054E9
5614022|1|1|0|7|1,1.660674871334E9,5614022,block_result,1,39D5CB3B9DF3E8746984ABEB20AB6E5969E2B317C7C761314ED233F2F0F0D5DD,1,0,7,0,1,osmo1njn4zjjrhs89nfwskjtzerchdkur5pfx0jdnsk,genesis1njn4zjjrhs89nfwskjtzerchdkur5pfxeq24z3,10999869999999870000,ibc/F16FDC11A7662B86BC0B9CE61871CBACF7C20606F95E86260FD38915184B75B4,transfer/channel-253/el1,,channel-253,channel-1,connection-1539,543,1.717547466449291E9
5614608|1|6|0|7|1,1.660678456949E9,5614608,block_result,1,5C8E1759DE04600B0A32871AAA9C4D8C51A9D71D55381C7406D3F499DA6A6988,6,0,7,0,1,osmo1h5shnh6dnjtalh84cxl04taa2klvkz5fg6fjr7,genesis1h5shnh6dnjtalh84cxl04taa2klvkz5f7gw53e,35806965558687116120,ibc/F16FDC11A7662B86BC0B9CE61871CBACF7C20606F95E86260FD38915184B75B4,transfer/channel-253/el1,,channel-253,channel-1,connection-1539,544,1.717547456292201E9
5614779|1|0|0|7|1,1.66067950903E9,5614779,block_result,1,6073840D27F1A0197781F9EC32E76DA6BC0336A033F9A9734AD9AD61146527D8,0,0,7,0,1,osmo1rgf4dznny6fx60yjwmq27xxs42vl34yl54cce0,genesis1rgf4dznny6fx60yjwmq27xxs42vl34ylz8l7tg,185079791660238871841,ibc/F16FDC11A7662B86BC0B9CE61871CBACF7C20606F95E86260FD38915184B75B4,transfer/channel-253/el1,,channel-253,channel-1,connection-1539,545,1.717547553284715E9
5614884|1|5|0|7|1,1.660680151904E9,5614884,block_result,1,91AA81923926CB5D9F967713BCADC36D751563A2167CE9392EBDC00D1607F889,5,0,7,0,1,osmo1t5k8hym2vmr9c6p2vhv2rhznlfddzfkegzreat,genesis1t5k8hym2vmr9c6p2vhv2rhznlfddzfke7syl0v,2000000000000000000,ibc/F16FDC11A7662B86BC0B9CE61871CBACF7C20606F95E86260FD38915184B75B4,transfer/channel-253/el1,,channel-253,channel-1,connection-1539,546,1.717561135940406E9
5616018|1|9|0|7|1,1.660687097949E9,5616018,block_result,1,068E5A90DFAF8B3402A0C765A939AB990C9ADF82BBE7A3C50FDD98D3D17BB90D,9,0,7,0,1,osmo12gyanks8lsf52n3dgptrwakxdxa0qjmyht0p2a,genesis12gyanks8lsf52n3dgptrwakxdxa0qjmypeg8c6,3995451398603282101,ibc/F16FDC11A7662B86BC0B9CE61871CBACF7C20606F95E86260FD38915184B75B4,transfer/channel-253/el1,,channel-253,channel-1,connection-1539,547,1.717547550737199E9
5616480|1|19|0|7|1,1.660689921655E9,5616480,block_result,1,2D80BC381031964F27523FBBBF8A362AFB3D5023650D8B614DA7A17E1AE6BE26,19,0,7,0,1,osmo1pqwnzfym86fct6qz5ewymrvt3xg2jslgs97gy4,genesis1pqwnzfym86fct6qz5ewymrvt3xg2jslgxhewkj,10999869999999870000,ibc/F16FDC11A7662B86BC0B9CE61871CBACF7C20606F95E86260FD38915184B75B4,transfer/channel-253/el1,,channel-253,channel-1,connection-1539,548,1.717546750451392E9
5616512|1|0|0|7|1,1.660690119331E9,5616512,block_result,1,A6A12B2EF3B039146A5B7AAC4989107538E33FF27BA9C4AA008402921016B103,0,0,7,0,1,osmo1m8sxn5fnn74ftw2npw5d2fu4gxlha64ttur36x,genesis1m8sxn5fnn74ftw2npw5d2fu4gxlha64tawyhgp,3000000000000000000,ibc/F16FDC11A7662B86BC0B9CE61871CBACF7C20606F95E86260FD38915184B75B4,transfer/channel-253/el1,,channel-253,channel-1,connection-1539,549,1.717546748102432E9
5616659|1|26|0|7|1,1.660691022473E9,5616659,block_result,1,32A5E24122A6DF7740B5266BB08F0368DFFE9E13F8A720170BC5B7D7F272B702,26,0,7,0,1,osmo1m8sxn5fnn74ftw2npw5d2fu4gxlha64ttur36x,genesis1m8sxn5fnn74ftw2npw5d2fu4gxlha64tawyhgp,7999869999999870000,ibc/F16FDC11A7662B86BC0B9CE61871CBACF7C20606F95E86260FD38915184B75B4,transfer/channel-253/el1,,channel-253,channel-1,connection-1539,550,1.717546740685386E9
5674022|1|3|0|7|1,1.661044932835E9,5674022,block_result,1,25C02382D89F2FF546CF11C978E74F87CF052A5B8AF5DFA94FEDC0ED6E7AB9EC,3,0,7,0,1,osmo12z2988anxfkyrn9jtd942xgjlxqk6t8m5cxage,genesis12z2988anxfkyrn9jtd942xgjlxqk6t8mz2pm67,11000000000000000000,ibc/F16FDC11A7662B86BC0B9CE61871CBACF7C20606F95E86260FD38915184B75B4,transfer/channel-253/el1,,channel-253,channel-1,connection-1539,640,1.717546116184339E9
5673549|1|1|0|7|1,1.661042021939E9,5673549,block_result,1,F66AA5311DBB060C1FEC9E7F2A7E1FAE070AB2711C6D5B2E6CAA6141B74F570F,1,0,7,0,1,osmo13uup3md785lsd74aws4hx2et052mferw8n6yat,genesis13uup3md785lsd74aws4hx2et052mferw3paz0v,555982327769163444655,ibc/F16FDC11A7662B86BC0B9CE61871CBACF7C20606F95E86260FD38915184B75B4,transfer/channel-253/el1,,channel-253,channel-1,connection-1539,638,1.71755595695414E9
5679983|1|1|0|7|1,1.661081607634E9,5679983,block_result,1,7BAD8A2AFB6C379EE13A8E77381BB0E3FF531B9EFF37B0F47F8165118E891442,1,0,7,0,1,osmo17gck0fwef5py2m5dfpyw3laq6h0e7xpguqrj9d,genesis17gck0fwef5py2m5dfpyw3laq6h0e7xpg2jy5h2,10999869999999870000,ibc/F16FDC11A7662B86BC0B9CE61871CBACF7C20606F95E86260FD38915184B75B4,transfer/channel-253/el1,,channel-253,channel-1,connection-1539,642,1.717556521738265E9
5685516|1|0|0|7|1,1.661116007677E9,5685516,block_result,1,A7A984F2E9B0E58FEDF380E11CECDE57C177F07C63689B10B60E637F60C091B0,0,0,7,0,1,osmo194ssjvyp3djq0kwwqnchxrz2jfl7dvxq9lry9z,genesis194ssjvyp3djq0kwwqnchxrz2jfl7dvxqndyzh9,10999869999999870000,ibc/F16FDC11A7662B86BC0B9CE61871CBACF7C20606F95E86260FD38915184B75B4,transfer/channel-253/el1,,channel-253,channel-1,connection-1539,648,1.717555987119105E9
5682972|1|3|0|7|1,1.661099919707E9,5682972,block_result,1,0738BF6B8F40A6A96C85AF208D5E4E79B2B9223942E6FA07C677B69133B34AF6,3,0,7,0,1,osmo1axhv45srq4rtzd2duu6y3dhyn6flycypn20whq,genesis1axhv45srq4rtzd2duu6y3dhyn6flycyp9cgg98,10999869999999870000,ibc/F16FDC11A7662B86BC0B9CE61871CBACF7C20606F95E86260FD38915184B75B4,transfer/channel-253/el1,,channel-253,channel-1,connection-1539,645,1.717545916240186E9
5681127|1|3|0|7|1,1.661088609987E9,5681127,block_result,1,B983A968F62DBBADC21DF54990A01682FAE4DBE23E7482B8D8442C2F71185460,3,0,7,0,1,osmo1h5shnh6dnjtalh84cxl04taa2klvkz5fg6fjr7,genesis1h5shnh6dnjtalh84cxl04taa2klvkz5f7gw53e,66031684245825749706,ibc/F16FDC11A7662B86BC0B9CE61871CBACF7C20606F95E86260FD38915184B75B4,transfer/channel-253/el1,,channel-253,channel-1,connection-1539,644,1.717546071560823E9
5684327|1|56|0|7|1,1.661108699534E9,5684327,block_result,1,83F2D8B377E0D5ED4750636D6AD9E6380F3B9DEF237F651E962C03F7BAB2585B,56,0,7,0,1,osmo1kdq49puwa5pjptxjnldagdc29sm7ghemuqmp5c,genesis1kdq49puwa5pjptxjnldagdc29sm7ghem2ju8xl,10999869999999870000,ibc/F16FDC11A7662B86BC0B9CE61871CBACF7C20606F95E86260FD38915184B75B4,transfer/channel-253/el1,,channel-253,channel-1,connection-1539,646,1.71755570507564E9
5680457|1|2|0|7|1,1.661084502253E9,5680457,block_result,1,42A0992C1CF83623992DFF8D76F70C7F175688C6DD53A0287075190B501CB033,2,0,7,0,1,osmo1lcfgsnhlgxtq8dklaljz87d4yak666k55znjmw,genesis1lcfgsnhlgxtq8dklaljz87d4yak666k5zs55ff,164601795330814784338,ibc/F16FDC11A7662B86BC0B9CE61871CBACF7C20606F95E86260FD38915184B75B4,transfer/channel-253/el1,,channel-253,channel-1,connection-1539,643,1.717556144721579E9
5677214|1|1|0|7|1,1.661064594518E9,5677214,block_result,1,F00310619D7553024BBA6932C1457C4F4C8BFBC041C2661C8145794943FA06BD,1,0,7,0,1,osmo1ltyf7zmnmddhrr08n4e2u4fe43mnx9f5hr03jv,genesis1ltyf7zmnmddhrr08n4e2u4fe43mnx9f5p3ghqt,10999882925000000000,ibc/F16FDC11A7662B86BC0B9CE61871CBACF7C20606F95E86260FD38915184B75B4,transfer/channel-253/el1,,channel-253,channel-1,connection-1539,641,1.717546139344714E9
5684552|1|35|0|7|1,1.661110078819E9,5684552,block_result,1,9EBF9964682EE0E7CB6A0717CBCCB183956A1CC7D5AEF41A8A1279BE5856481F,35,0,7,0,1,osmo1rgf4dznny6fx60yjwmq27xxs42vl34yl54cce0,genesis1rgf4dznny6fx60yjwmq27xxs42vl34ylz8l7tg,118230375384004398111,ibc/F16FDC11A7662B86BC0B9CE61871CBACF7C20606F95E86260FD38915184B75B4,transfer/channel-253/el1,,channel-253,channel-1,connection-1539,647,1.71755602535567E9
5673944|1|22|0|7|1,1.661044449956E9,5673944,block_result,1,AD754E11CFDAB09887C83975D0EEA30319B8F2543C2B53DE5204F45864583C45,22,0,7,0,1,osmo1vm7vszms82n8kt9xs7r3xetv66ptumurxdhdqt,genesis1vm7vszms82n8kt9xs7r3xetv66ptumurslstjv,1010900000000000000000,ibc/F16FDC11A7662B86BC0B9CE61871CBACF7C20606F95E86260FD38915184B75B4,transfer/channel-253/el1,,channel-253,channel-1,connection-1539,639,1.717546116118809E9
29148762|1|1|0|9|1,1.738928138868E9,29148762,block_result,1,851C19C9EBD8BACA351A7DAB98537FF873F495FB915D0FF8A7CA96AD31C78536,1,0,9,0,1,osmo16aypymlama0lk5s8c9s30s09eacpvwnav7ewjv,genesis16aypymlama0lk5s8c9s30s09eacpvwna6v7gqt,25000000000000000000000,ibc/F16FDC11A7662B86BC0B9CE61871CBACF7C20606F95E86260FD38915184B75B4,transfer/channel-253/el1,,channel-253,channel-1,connection-1539,1424,1.738928141639986E9
5801509|1|0|0|7|1,1.661832302661E9,5801509,block_result,1,0AA1452C7A158E5A71E5CAD7636D7F7E5B1F9CFACA73C1CB1AA85939E54BB256,0,0,7,0,1,osmo12jfvctjm2jjj0xflzjyrj0gc5umqjq8jdljx64,genesis12jfvctjm2jjj0xflzjyrj0gc5umqjq8jmd4qgj,20550000000000000000000,ibc/F16FDC11A7662B86BC0B9CE61871CBACF7C20606F95E86260FD38915184B75B4,transfer/channel-253/el1,,channel-253,channel-1,connection-1539,741,1.717541316396488E9
5807976|1|30|0|7|1,1.661871972985E9,5807976,block_result,1,0D245EDA080DF95F46B9D83C3E2B3AA0BC311F9631B70E67A303067079E4CEF0,30,0,7,0,1,osmo1dlpduk3aakrv0adjkp7m8rfw8k3dvh0yyc2fk4,genesis1dlpduk3aakrv0adjkp7m8rfw8k3dvh0yj2d0yj,10999869999999870000,ibc/F16FDC11A7662B86BC0B9CE61871CBACF7C20606F95E86260FD38915184B75B4,transfer/channel-253/el1,,channel-253,channel-1,connection-1539,744,1.717540739336114E9
5807987|1|3|0|7|1,1.661872040816E9,5807987,block_result,1,E13771487398982E8400A3596DEC2A56F5096E99C206E3091519092352616BFD,3,0,7,0,1,osmo1e7zmleppmaq7yxygdu9kfcel9d0akr53gqxplc,genesis1e7zmleppmaq7yxygdu9kfcel9d0akr537jp8dl,10999869999999870000,ibc/F16FDC11A7662B86BC0B9CE61871CBACF7C20606F95E86260FD38915184B75B4,transfer/channel-253/el1,,channel-253,channel-1,connection-1539,745,1.717540983033669E9
5799205|1|6|0|7|1,1.661818171029E9,5799205,block_result,1,3DF2D574F413856ECA1470658DF3671CCFA8EF126A3261C775BE622CC9A01791,6,0,7,0,1,osmo1me3hg2l74zn5ag9y879u7re4cp4dxea9h5d45s,genesis1me3hg2l74zn5ag9y879u7re4cp4dxea9px2nxh,922802263622719872,ibc/F16FDC11A7662B86BC0B9CE61871CBACF7C20606F95E86260FD38915184B75B4,transfer/channel-253/el1,,channel-253,channel-1,connection-1539,740,1.717541337221177E9
5803998|1|3|0|7|1,1.66184757067E9,5803998,block_result,1,314ABE0C7C8651577FBA17600226586C72DBD598357CB9D312B7EB8B7A3AAC21,3,0,7,0,1,osmo1qda8sv0rnmngqlfvfmrnvjxjeydewhc60hh3sz,genesis1qda8sv0rnmngqlfvfmrnvjxjeydewhc6e9shz9,1432846313626817338,ibc/F16FDC11A7662B86BC0B9CE61871CBACF7C20606F95E86260FD38915184B75B4,transfer/channel-253/el1,,channel-253,channel-1,connection-1539,742,1.717540768621057E9
5808103|1|1|0|7|1,1.661872760852E9,5808103,block_result,1,322B0998F21D4F7587ACD80D843B2933E2E5F88D92A8D4B52AB0635E92AA05F9,1,0,7,0,1,osmo1vvsszey7yz8fhwzzvpgn3tahqu7t4s5lxaw0s6,genesis1vvsszey7yz8fhwzzvpgn3tahqu7t4s5ls0ffza,13480609230691693885,ibc/F16FDC11A7662B86BC0B9CE61871CBACF7C20606F95E86260FD38915184B75B4,transfer/channel-253/el1,,channel-253,channel-1,connection-1539,746,1.717540735405394E9
5806397|1|36|0|7|1,1.661862276829E9,5806397,block_result,1,7C37DE2B7E6FB48205248A9E4FCA984D2F1A341C5D04CBDB0B37F2A96ECA8C37,36,0,7,0,1,osmo1x8tcv75ut45zw9y2dcxrda6u4evmhtppm9h4el,genesis1x8tcv75ut45zw9y2dcxrda6u4evmhtppdhsntc,10999739999999870000,ibc/F16FDC11A7662B86BC0B9CE61871CBACF7C20606F95E86260FD38915184B75B4,transfer/channel-253/el1,,channel-253,channel-1,connection-1539,743,1.717547251773374E9
5080975|1|0|0|7|1,1.657353005597E9,5080975,block_result,1,8F4516F2231C46C2A5556926B4BA87484C9AB3F64F07B55D01266750409BC884,0,0,7,0,1,osmo19l9wsymdh3mp7munzrlk8rs03ttnu2uaujyktu,genesis19l9wsymdh3mp7munzrlk8rs03ttnu2ua2qrsem,10000000000000000000,ibc/F16FDC11A7662B86BC0B9CE61871CBACF7C20606F95E86260FD38915184B75B4,transfer/channel-253/el1,,channel-253,channel-1,connection-1539,381,1.717567702042383E9
5083187|1|1|0|7|1,1.657366657131E9,5083187,block_result,1,DE9FC61CCDAAE78A1D7C691C0C27FEC46E6F05E94BE419D92D2C974A077D76CB,1,0,7,0,1,osmo1cfyvxaxtv5chpujv6jtlg90rwrvvsfnwv6nu08,genesis1cfyvxaxtv5chpujv6jtlg90rwrvvsfnw6g56aq,10999869999999870000,ibc/F16FDC11A7662B86BC0B9CE61871CBACF7C20606F95E86260FD38915184B75B4,transfer/channel-253/el1,,channel-253,channel-1,connection-1539,383,1.717588862043069E9
5087290|1|1|0|7|1,1.657392448678E9,5087290,block_result,1,0EBFB87F2282B6FBE95337B6D09576301137778B7CFA2D7BD0DD7336CE127E58,1,0,7,0,1,osmo1ddcf8prazvw22sm9gd98gau7jhwxhdqp8d0fcc,genesis1ddcf8prazvw22sm9gd98gau7jhwxhdqp3lg02l,6396574891087854032,ibc/F16FDC11A7662B86BC0B9CE61871CBACF7C20606F95E86260FD38915184B75B4,transfer/channel-253/el1,,channel-253,channel-1,connection-1539,385,1.71758893698804E9
5079910|1|2|0|7|1,1.657346434379E9,5079910,block_result,1,AD3246AB315732D7A42AC52C43A77A245EBC715A0BC3DD1F4F61862544CC0EC2,2,0,7,0,1,osmo13vqzqgea6t2d9nzdgz68z9f38en03dpc5x3yvg,genesis13vqzqgea6t2d9nzdgz68z9f38en03dpcz5kz70,11000000000000000000,ibc/F16FDC11A7662B86BC0B9CE61871CBACF7C20606F95E86260FD38915184B75B4,transfer/channel-253/el1,,channel-253,channel-1,connection-1539,380,1.717568084793939E9
5085318|1|2|0|7|1,1.657379792023E9,5085318,block_result,1,3AE59A3E96E55ED0501E2FB78302DEAC9C51BE6D5C6841B95418E838F52E747D,2,0,7,0,1,osmo1m36rtpluhal6ny6w4q863mndkxyec6e8ct4n0q,genesis1m36rtpluhal6ny6w4q863mndkxyec6e8wej4a8,10999869999999870000,ibc/F16FDC11A7662B86BC0B9CE61871CBACF7C20606F95E86260FD38915184B75B4,transfer/channel-253/el1,,channel-253,channel-1,connection-1539,384,1.717567624914403E9
5081253|1|7|0|7|1,1.657354721225E9,5081253,block_result,1,D135BE35BB0139D9D03D318355F27DE28D254E53C189D9BA40DABBC5B74B5469,7,0,7,0,1,osmo1us5630zzsnspscuqvrhlf97jchnuq835t3a9k9,genesis1us5630zzsnspscuqvrhlf97jchnuq835ar6ryz,3198053168659724879,ibc/F16FDC11A7662B86BC0B9CE61871CBACF7C20606F95E86260FD38915184B75B4,transfer/channel-253/el1,,channel-253,channel-1,connection-1539,382,1.717567669354674E9
6867844|1|7|0|7|1,1.668309059267E9,6867844,block_result,1,64958F76B6278FD2B14E09C2C9F79C82B93F59D30A69DBE051C4442EA4BD6816,7,0,7,0,1,osmo17070wwjhlurczgm9658k7p9a8ds08shjtdf822,genesis17070wwjhlurczgm9658k7p9a8ds08shjalwpcd,518250442116016104142,ibc/F16FDC11A7662B86BC0B9CE61871CBACF7C20606F95E86260FD38915184B75B4,transfer/channel-253/el1,,channel-253,channel-1,connection-1539,1025,1.717515087905786E9
4702863|1|41|0|7|1,1.654590431253E9,4702863,block_result,1,D845D2C6D4D729141E5C4FB15E3699D6828AC1B5F45C57CB089DD2641EBD8AAE,41,0,7,0,1,osmo104zw5vpy68vfsh5g6wlmnt0htmu08y93f4qld7,genesis104zw5vpy68vfsh5g6wlmnt0htmu08y93l88ele,11000000000000000000,ibc/F16FDC11A7662B86BC0B9CE61871CBACF7C20606F95E86260FD38915184B75B4,transfer/channel-253/el1,,channel-253,channel-1,connection-1539,187,1.717606160605993E9
4706123|1|57|0|7|1,1.654611489313E9,4706123,block_result,1,06D1AE49E68708FA4F9B0E357A073A6BE380D24E69885903942185AD6A0EF95E,57,0,7,0,1,osmo10kh4k95684dz60m2syp2s4z49t7s9l9rc7htu7,genesis10kh4k95684dz60m2syp2s4z49t7s9l9rwvsdwe,11000869999999870000,ibc/F16FDC11A7662B86BC0B9CE61871CBACF7C20606F95E86260FD38915184B75B4,transfer/channel-253/el1,,channel-253,channel-1,connection-1539,199,1.717606084859824E9
4703876|1|2|0|7|1,1.654596990777E9,4703876,block_result,1,14F44BC481AEBA369829B1BD3060007B8A21427AD58A34CB9E829D0B39894A40,2,0,7,0,1,osmo10rnsl4m6u5pd4fk9fndenmyyxcm5d9h9vhfu75,genesis10rnsl4m6u5pd4fk9fndenmyyxcm5d9h969w6vn,309328989625214806114,ibc/F16FDC11A7662B86BC0B9CE61871CBACF7C20606F95E86260FD38915184B75B4,transfer/channel-253/el1,,channel-253,channel-1,connection-1539,191,1.717584055209469E9
4702045|1|14|0|7|1,1.654585139578E9,4702045,block_result,1,0DB271485F2DD0FB407C30DA05584F833260F8F1DDAB6C761916A7C9661AD192,14,0,7,0,1,osmo12jfvctjm2jjj0xflzjyrj0gc5umqjq8jdljx64,genesis12jfvctjm2jjj0xflzjyrj0gc5umqjq8jmd4qgj,15591000000000000000000,ibc/F16FDC11A7662B86BC0B9CE61871CBACF7C20606F95E86260FD38915184B75B4,transfer/channel-253/el1,,channel-253,channel-1,connection-1539,177,1.717606639342631E9
4704205|1|10|0|7|1,1.654599091672E9,4704205,block_result,1,1181C5322B3C824EE8B24436EA9B1C53EBCE1F0C555DCF5E3096BE6124ABD91F,10,0,7,0,1,osmo13hgrjpzlkdylmjvhkr6385jkn4astv4qp0r98g,genesis13hgrjpzlkdylmjvhkr6385jkn4astv4qhayr40,11000869999999870000,ibc/F16FDC11A7662B86BC0B9CE61871CBACF7C20606F95E86260FD38915184B75B4,transfer/channel-253/el1,,channel-253,channel-1,connection-1539,194,1.717583991303677E9
4701049|1|3|0|7|1,1.654578747894E9,4701049,block_result,1,4139B0B3D01C0662E0CCCB42D7F8235793A81869279FD401AAF3121B8EF67C76,3,0,7,0,1,osmo148v3g2dpjeq6hwnlagmvq8pnqe5r9wjca9f5kj,genesis148v3g2dpjeq6hwnlagmvq8pnqe5r9wjcthwjy4,479975863847427459,ibc/F16FDC11A7662B86BC0B9CE61871CBACF7C20606F95E86260FD38915184B75B4,transfer/channel-253/el1,,channel-253,channel-1,connection-1539,174,1.717606173659159E9
4708056|1|0|0|7|1,1.654625266219E9,4708056,block_result,1,AE22873FDF9FD8416011399661B7D52C873B8EB11D60D2D53E2631E89F0A836F,0,0,7,0,1,osmo15kw4lhlc0y9rjwd2pn44j73r98uf0cvncdazhk,genesis15kw4lhlc0y9rjwd2pn44j73r98uf0cvnwl6y93,10999869999999870000,ibc/F16FDC11A7662B86BC0B9CE61871CBACF7C20606F95E86260FD38915184B75B4,transfer/channel-253/el1,,channel-253,channel-1,connection-1539,207,1.717584454925887E9
4700799|1|15|0|7|1,1.654577146306E9,4700799,block_result,1,08AF5A2CA8345312D9B717C8D65E0CF26129038F4F35404BA924CBB4E79C7A52,15,0,7,0,1,osmo1665clynlseyqr6htrqac5hfw9evj4ta58ld7pc,genesis1665clynlseyqr6htrqac5hfw9evj4ta53d2cnl,10999869999999870000,ibc/F16FDC11A7662B86BC0B9CE61871CBACF7C20606F95E86260FD38915184B75B4,transfer/channel-253/el1,,channel-253,channel-1,connection-1539,173,1.717584510626398E9
4707079|1|35|0|7|1,1.654617649069E9,4707079,block_result,1,E40E3211C589421D678465FB920A351D3D71D098E0AD308029353FFFE6092647,35,0,7,0,1,osmo16jexsf558vvdwwl2cfj0mzr4x63xjpac5cs9rv,genesis16jexsf558vvdwwl2cfj0mzr4x63xjpacz2hr3t,71749453902126043327,ibc/F16FDC11A7662B86BC0B9CE61871CBACF7C20606F95E86260FD38915184B75B4,transfer/channel-253/el1,,channel-253,channel-1,connection-1539,201,1.717606646130356E9
4699973|1|3|0|7|1,1.65457187746E9,4699973,block_result,1,E8BBA7C6C20E6E191904716EC687BFFB360F473C6C2AFFFDD5754BD73633BA85,3,0,7,0,1,osmo16jexsf558vvdwwl2cfj0mzr4x63xjpac5cs9rv,genesis16jexsf558vvdwwl2cfj0mzr4x63xjpacz2hr3t,35000000000000000000,ibc/F16FDC11A7662B86BC0B9CE61871CBACF7C20606F95E86260FD38915184B75B4,transfer/channel-253/el1,,channel-253,channel-1,connection-1539,168,1.71760665204472E9
4710204|1|0|0|7|1,1.654638705437E9,4710204,block_result,1,BD5B461750849566418F0C0BE50295B2583C10CF1CD4F5D67C912326058560F1,0,0,7,0,1,osmo173mfp6x8y6yar4qwptwexzg7meud6ncag67ca9,genesis173mfp6x8y6yar4qwptwexzg7meud6nca7ge70z,10800000000000000000,ibc/F16FDC11A7662B86BC0B9CE61871CBACF7C20606F95E86260FD38915184B75B4,transfer/channel-253/el1,,channel-253,channel-1,connection-1539,217,1.717584441859297E9
4707646|1|19|0|7|1,1.654622561824E9,4707646,block_result,1,146CB019A2D9AB94B49E9767EBD57CE5FC7273A9B35EE3FC0A62CD799FCA3E6F,19,0,7,0,1,osmo17x50z4t8zsze5amk0m98tg26cscuvzt3ngjdfe,genesis17x50z4t8zsze5amk0m98tg26cscuvzt3964tm7,10500000000000000000,ibc/F16FDC11A7662B86BC0B9CE61871CBACF7C20606F95E86260FD38915184B75B4,transfer/channel-253/el1,,channel-253,channel-1,connection-1539,204,1.71758303809859E9
4698478|1|6|0|7|1,1.654562309961E9,4698478,block_result,1,D3C373B46AB82F0B01A550E559B9D09814F1DB7B605CBA710C16B5F3DC872036,6,0,7,0,1,osmo183v957kzuk2hktfmyl8lhf5t86ryqmfummkg2v,genesis183v957kzuk2hktfmyl8lhf5t86ryqmfudf3wct,91573260989781868910,ibc/F16FDC11A7662B86BC0B9CE61871CBACF7C20606F95E86260FD38915184B75B4,transfer/channel-253/el1,,channel-253,channel-1,connection-1539,166,1.717585039842639E9
4703023|1|6|0|7|1,1.65459147998E9,4703023,block_result,1,649D517B81B5BE9EA883737AD4C770310CE3BF27AF96491E56E69299C57142EE,6,0,7,0,1,osmo18wmp9p8y0gr4gywens8q7zhaafvv7hxk875urz,genesis18wmp9p8y0gr4gywens8q7zhaafvv7hxk3vn639,10999869999999870000,ibc/F16FDC11A7662B86BC0B9CE61871CBACF7C20606F95E86260FD38915184B75B4,transfer/channel-253/el1,,channel-253,channel-1,connection-1539,188,1.717606143294702E9
4708173|1|10|0|7|1,1.654626013572E9,4708173,block_result,1,7909741AF84EC0A503F3C75D21CDF3A86DABF9E801DF6D3514FA7742769FEDAC,10,0,7,0,1,osmo19h65cmarqlpaz80ja26jtn4gamuvwla00r0f66,genesis19h65cmarqlpaz80ja26jtn4gamuvwla0e3g0ga,21837180896703218403,ibc/F16FDC11A7662B86BC0B9CE61871CBACF7C20606F95E86260FD38915184B75B4,transfer/channel-253/el1,,channel-253,channel-1,connection-1539,208,1.717584877605348E9
4708202|1|29|0|7|1,1.654626195167E9,4708202,block_result,1,6E4A9FC1B75EC58116E9C8F5D2BF6355665D8D5B15EE511B5BBE198EFD554BEA,29,0,7,0,1,osmo19h65cmarqlpaz80ja26jtn4gamuvwla00r0f66,genesis19h65cmarqlpaz80ja26jtn4gamuvwla0e3g0ga,13014531133583724353334,ibc/F16FDC11A7662B86BC0B9CE61871CBACF7C20606F95E86260FD38915184B75B4,transfer/channel-253/el1,,channel-253,channel-1,connection-1539,209,1.71758365825976E9
4701594|1|7|0|7|1,1.654582237386E9,4701594,block_result,1,245B73A50A660CB561BD8B98DAB23543F50D86D60BCC669EDB3F838AD036C4BE,7,0,7,0,1,osmo1ctr7hk5l2gkh7wh5dyukal3vyh35ryh65g504r,genesis1ctr7hk5l2gkh7wh5dyukal3vyh35ryh6z6nf8y,102489049407797498195,ibc/F16FDC11A7662B86BC0B9CE61871CBACF7C20606F95E86260FD38915184B75B4,transfer/channel-253/el1,,channel-253,channel-1,connection-1539,176,1.717584148407159E9
4703790|1|26|0|7|1,1.654596433693E9,4703790,block_result,1,0EED1ED25347A1E7067460AB243C310CF6325C3483B1A03393B8492E527C3A3C,26,0,7,0,1,osmo1dcfc7usggxup7lz7ysk976c334mnzjq9ueux26,genesis1dcfc7usggxup7lz7ysk976c334mnzjq92tmqca,10000000000000000000,ibc/F16FDC11A7662B86BC0B9CE61871CBACF7C20606F95E86260FD38915184B75B4,transfer/channel-253/el1,,channel-253,channel-1,connection-1539,189,1.717584501459198E9
4698314|1|2|0|7|1,1.654561258053E9,4698314,block_result,1,378A18C63E1B2F039781D9DA8014DC26D77F85AF5DD9EEB2C6E86CA26135D68B,2,0,7,0,1,osmo1eetpawhajm30wqv6n875wzyjxn5nfhzyefg0zr,genesis1eetpawhajm30wqv6n875wzyjxn5nfhzy0m0fsy,143500000000000000000,ibc/F16FDC11A7662B86BC0B9CE61871CBACF7C20606F95E86260FD38915184B75B4,transfer/channel-253/el1,,channel-253,channel-1,connection-1539,165,1.717606185488964E9
4700078|1|14|0|7|1,1.654572549629E9,4700078,block_result,1,6306CB05733AD1608B24EA14BB247F496D46DB13252282F0EF55AF8D2EE8B422,14,0,7,0,1,osmo1ej4hw9zvn8wz559xkrdcerjcauagr3xszskduy,genesis1ej4hw9zvn8wz559xkrdcerjcauagr3xs5z3twr,9000000000000000000,ibc/F16FDC11A7662B86BC0B9CE61871CBACF7C20606F95E86260FD38915184B75B4,transfer/channel-253/el1,,channel-253,channel-1,connection-1539,169,1.717606206512887E9
4700791|1|2|0|7|1,1.654577093828E9,4700791,block_result,1,FD9D080E84C1580F0C7524426D1A69B32C2D9FBAB4AF1C5C7A3517F2C92AEF94,2,0,7,0,1,osmo1esemcd3kp8xw9h76q7u5tgxzc7zksngdamjeky,genesis1esemcd3kp8xw9h76q7u5tgxzc7zksngdtf4lyr,1980000000000000000,ibc/F16FDC11A7662B86BC0B9CE61871CBACF7C20606F95E86260FD38915184B75B4,transfer/channel-253/el1,,channel-253,channel-1,connection-1539,172,1.717584505999029E9
4705499|1|3|0|7|1,1.654607433761E9,4705499,block_result,1,316CC94732B0A22C4C783F2A4CF0D4FEA114E808B9A7D8EF923A4071720262E9,3,0,7,0,1,osmo1f0mmfns4qlylj3y5vljz8rmksza69ymh0rm8me,genesis1f0mmfns4qlylj3y5vljz8rmksza69ymhe3upf7,10999869999999870000,ibc/F16FDC11A7662B86BC0B9CE61871CBACF7C20606F95E86260FD38915184B75B4,transfer/channel-253/el1,,channel-253,channel-1,connection-1539,198,1.71758312527291E9
4708003|1|3|0|7|1,1.654624932624E9,4708003,block_result,1,1FA572CA0B01DB41E732473F0446D7ED924615FEC96C73CB892B85D39922CA7E,3,0,7,0,1,osmo1f2th83q74yv4wyl2kdckayfqt3g42qddygwhx7,genesis1f2th83q74yv4wyl2kdckayfqt3g42qddj6f35e,10999869999999870000,ibc/F16FDC11A7662B86BC0B9CE61871CBACF7C20606F95E86260FD38915184B75B4,transfer/channel-253/el1,,channel-253,channel-1,connection-1539,206,1.71758446069891E9
4703912|1|0|0|7|1,1.654597221234E9,4703912,block_result,1,0C11FAAB1024DEA9459F4CB64F1E2E5B25EBED4EDD2EF58055F0B619F28E44FE,0,0,7,0,1,osmo1g29slg8le5ggf7m8760eytmrkwmmgy228fhjqn,genesis1g29slg8le5ggf7m8760eytmrkwmmgy223ms5j5,10999869999999870000,ibc/F16FDC11A7662B86BC0B9CE61871CBACF7C20606F95E86260FD38915184B75B4,transfer/channel-253/el1,,channel-253,channel-1,connection-1539,192,1.717584082244915E9
4702267|1|15|0|7|1,1.654586564962E9,4702267,block_result,1,B0B91243422A79EE518F68FA0F09960CAF09600B9DEC8B5707D9308C708E1618,15,0,7,0,1,osmo1gvjfwh63czaj30kqzk73vv34qegcvrcf4hezqy,genesis1gvjfwh63czaj30kqzk73vv34qegcvrcfr97yjr,10999869999999870000,ibc/F16FDC11A7662B86BC0B9CE61871CBACF7C20606F95E86260FD38915184B75B4,transfer/channel-253/el1,,channel-253,channel-1,connection-1539,183,1.717606155579383E9
4707864|1|8|0|7|1,1.654624038184E9,4707864,block_result,1,FFD33A72E8D04A5F3109777E84E35110C6773D8FD7BE78F9E8DB7EADF6F6A17C,8,0,7,0,1,osmo1h3aedqw7r6kkx2a2kdn3d87a8pa292lkgegmhp,genesis1h3aedqw7r6kkx2a2kdn3d87a8pa292lk7t0a9x,10000000000000000000,ibc/F16FDC11A7662B86BC0B9CE61871CBACF7C20606F95E86260FD38915184B75B4,transfer/channel-253/el1,,channel-253,channel-1,connection-1539,205,1.717583029219292E9
4702255|1|69|0|7|1,1.654586489178E9,4702255,block_result,1,06CD7295AFEEA51F68715531D526775C3C497FFA296B46E5101FD4CE84FCE853,69,0,7,0,1,osmo1kl80ymd3tjsvtcg9ncmxfdz2wu5ynlpvk066kg,genesis1kl80ymd3tjsvtcg9ncmxfdz2wu5ynlpvqaauy0,10999869999999870000,ibc/F16FDC11A7662B86BC0B9CE61871CBACF7C20606F95E86260FD38915184B75B4,transfer/channel-253/el1,,channel-253,channel-1,connection-1539,182,1.717606158887871E9
4709139|1|0|0|7|1,1.65463206621E9,4709139,block_result,1,69B1D623783D1D1405E29994EDD5AC5F85103DBC9ADF41D7CDA311A071B06537,0,0,7,0,1,osmo1lczwcpz7rw3yt0kpac7l7vdgktd0wrv3v6zm3m,genesis1lczwcpz7rw3yt0kpac7l7vdgktd0wrv36g9aru,10999869999999870000,ibc/F16FDC11A7662B86BC0B9CE61871CBACF7C20606F95E86260FD38915184B75B4,transfer/channel-253/el1,,channel-253,channel-1,connection-1539,216,1.717584454076476E9
4702769|1|0|0|7|1,1.654589817278E9,4702769,block_result,1,1993FA525B0278F8D98EBE6E382C9A6174F82BB355A09912EFB03AA687D00972,0,0,7,0,1,osmo1lgkh6g26jqr7gcgy3afz0w2m5unxyqv7zshsem,genesis1lgkh6g26jqr7gcgy3afz0w2m5unxyqv75zsktu,10999869999999870000,ibc/F16FDC11A7662B86BC0B9CE61871CBACF7C20606F95E86260FD38915184B75B4,transfer/channel-253/el1,,channel-253,channel-1,connection-1539,185,1.717606018014123E9
4702056|1|14|0|7|1,1.654585208878E9,4702056,block_result,1,1322525BE95B16A0FD884ED75934192DF77A7517AA629E5AFDB04D2655EF9DD0,14,0,7,0,1,osmo1lj88vzz45ry27rccj9zekssah6m6hq6tkmdna6,genesis1lj88vzz45ry27rccj9zekssah6m6hq6tqf240a,11342000000000000000000,ibc/F16FDC11A7662B86BC0B9CE61871CBACF7C20606F95E86260FD38915184B75B4,transfer/channel-253/el1,,channel-253,channel-1,connection-1539,179,1.717606638984767E9
4704217|1|37|0|7|1,1.654599169162E9,4704217,block_result,1,8090F5E4985640E450BB83AD14E19B1D92695BC8B2BBA815CF25E4D88680AEF1,37,0,7,0,1,osmo1lp9p54x3lgnxxypqr7mud5ks95kzt3fxamfx5d,genesis1lp9p54x3lgnxxypqr7mud5ks95kzt3fxtfwqx2,10999869999999870000,ibc/F16FDC11A7662B86BC0B9CE61871CBACF7C20606F95E86260FD38915184B75B4,transfer/channel-253/el1,,channel-253,channel-1,connection-1539,195,1.717583990136252E9
4700101|1|2|0|7|1,1.654572693606E9,4700101,block_result,1,F137A226812EFE252A2CB50C92E8C2C4E8DCA21A0DEE57921B6E334D43CBC1B1,2,0,7,0,1,osmo1m84a3aflg2p5k4dca0ml2q40zapqdn3cpwuqya,genesis1m84a3aflg2p5k4dca0ml2q40zapqdn3chumxk6,10999869999999870000,ibc/F16FDC11A7662B86BC0B9CE61871CBACF7C20606F95E86260FD38915184B75B4,transfer/channel-253/el1,,channel-253,channel-1,connection-1539,170,1.71760626401255E9
4705269|1|6|0|7|1,1.654605946403E9,4705269,block_result,1,714AFDF85F4DB2BF78E2B92976E23816C06E2ACE11EFC911D4366A809B1F2184,6,0,7,0,1,osmo1madczhpf03th80w7knce86adsjthlrafege485,genesis1madczhpf03th80w7knce86adsjthlraf067n4n,10999869999999870000,ibc/F16FDC11A7662B86BC0B9CE61871CBACF7C20606F95E86260FD38915184B75B4,transfer/channel-253/el1,,channel-253,channel-1,connection-1539,196,1.717584476013329E9
4705323|1|34|0|7|1,1.654606292643E9,4705323,block_result,1,6A20914D7FAA395949FF42B8352F0151193036F585866F3F495C6DD555146A6F,34,0,7,0,1,osmo1nl229gpfz0erdf5q2gz58pl8k7p234vwc9cwcf,genesis1nl229gpfz0erdf5q2gz58pl8k7p234vwwhlg2w,10999869999999870000,ibc/F16FDC11A7662B86BC0B9CE61871CBACF7C20606F95E86260FD38915184B75B4,transfer/channel-253/el1,,channel-253,channel-1,connection-1539,197,1.717584441632109E9
4709099|1|12|0|7|1,1.654631817507E9,4709099,block_result,1,57DA4719602D6848CD5A16EDBA93D630E4638313B687C7D3B0E56539C4EC8DB6,12,0,7,0,1,osmo1pnnkklufzhx9w4muj3dqpdxrqa2dhhmlmx0ttd,genesis1pnnkklufzhx9w4muj3dqpdxrqa2dhhmld5gde2,10999869999999870000,ibc/F16FDC11A7662B86BC0B9CE61871CBACF7C20606F95E86260FD38915184B75B4,transfer/channel-253/el1,,channel-253,channel-1,connection-1539,213,1.71758445271457E9
4709121|1|1|0|7|1,1.654631954148E9,4709121,block_result,1,DC5206FFD207583EBF0AA077E275B82E13F0130BEA2575B1754125631029ED0E,1,0,7,0,1,osmo1y00w7d7vwnykggfrnhzfeq0egrlpwgq7y0fm9g,genesis1pnnkklufzhx9w4muj3dqpdxrqa2dhhmld5gde2,10999869999999870000,ibc/F16FDC11A7662B86BC0B9CE61871CBACF7C20606F95E86260FD38915184B75B4,transfer/channel-253/el1,,channel-253,channel-1,connection-1539,214,1.717584449049351E9
4709128|1|17|0|7|1,1.654631997527E9,4709128,block_result,1,806CFDF1BC4E2864FD49B96E6F04FC3368D6E99AF12580DCB4E4CCC2AE957F93,17,0,7,0,1,osmo1jmh4lz2f7vxlfq8t5qpnru5sm5z2cnhs26kgw7,genesis1pnnkklufzhx9w4muj3dqpdxrqa2dhhmld5gde2,10999869999999870000,ibc/F16FDC11A7662B86BC0B9CE61871CBACF7C20606F95E86260FD38915184B75B4,transfer/channel-253/el1,,channel-253,channel-1,connection-1539,215,1.717584454703026E9
4702533|1|13|0|7|1,1.654588282291E9,4702533,block_result,1,FDCBD537E1E9B595DFAAFA95955CCE3A4DCD81479E41D585B031A988EB9C121A,13,0,7,0,1,osmo1pphmpcgq3fufwuchv359mnh8xz855ul3pr4tey,genesis1pphmpcgq3fufwuchv359mnh8xz855ul3h3jdtr,10999869999999870000,ibc/F16FDC11A7662B86BC0B9CE61871CBACF7C20606F95E86260FD38915184B75B4,transfer/channel-253/el1,,channel-253,channel-1,connection-1539,184,1.717605888383703E9
4707646|1|16|0|7|1,1.654622561824E9,4707646,block_result,1,A064712AC62712B794E0B1522A4C37B6EDABB648C037C58F00F0CBDC5F406F08,16,0,7,0,1,osmo1qtwu4evuxj0nz2a4039aw6cvzc6xx0gunpp3a5,genesis1qtwu4evuxj0nz2a4039aw6cvzc6xx0gu9nxh0n,10999869999999870000,ibc/F16FDC11A7662B86BC0B9CE61871CBACF7C20606F95E86260FD38915184B75B4,transfer/channel-253/el1,,channel-253,channel-1,connection-1539,203,1.717583038096703E9
4699448|1|29|0|7|1,1.65456851565E9,4699448,block_result,1,CEF8994CB58ADCF70334F766F1014579D65E6903320B5E59C7349C0D410D4D7C,29,0,7,0,1,osmo1qx46s5gen6c88yaauh9jfttmfgdxnxxsckx0ce,genesis1qx46s5gen6c88yaauh9jfttmfgdxnxxswypf27,57841658324336683313,ibc/F16FDC11A7662B86BC0B9CE61871CBACF7C20606F95E86260FD38915184B75B4,transfer/channel-253/el1,,channel-253,channel-1,connection-1539,167,1.717584524871546E9
4706828|1|25|0|7|1,1.654616043413E9,4706828,block_result,1,BFB6D64B545F605B03683B5E3E52282C00E1402B0AF838E62120DF89DD686CEC,25,0,7,0,1,osmo1qy9syn2enzfufd0deydhpn9jmshc5vs6ur78xz,genesis1qy9syn2enzfufd0deydhpn9jmshc5vs623ep59,10999869999999870000,ibc/F16FDC11A7662B86BC0B9CE61871CBACF7C20606F95E86260FD38915184B75B4,transfer/channel-253/el1,,channel-253,channel-1,connection-1539,200,1.717606094530073E9
4702790|1|11|0|7|1,1.654589953732E9,4702790,block_result,1,A6B0E511E1DAE5746F50732A2CB13510DC419B2525B1E1D7B0A8A0A6FC8E985E,11,0,7,0,1,osmo1qzdaav8ezcp3ugxz7wwzqzg5xlfxvgy92r7thm,genesis1qzdaav8ezcp3ugxz7wwzqzg5xlfxvgy9u3ed9u,10999869999999870000,ibc/F16FDC11A7662B86BC0B9CE61871CBACF7C20606F95E86260FD38915184B75B4,transfer/channel-253/el1,,channel-253,channel-1,connection-1539,186,1.717606639998681E9
4703798|1|96|0|7|1,1.654596483813E9,4703798,block_result,1,86C1181242494784ECD55AD2527300466B9D5C137D6A021073CE87EA3B911C34,96,0,7,0,1,osmo1scuury75p7xe92gmrd4m6lst5pkmrz9m7hakmv,genesis1scuury75p7xe92gmrd4m6lst5pkmrz9mg96sft,10999869999999870000,ibc/F16FDC11A7662B86BC0B9CE61871CBACF7C20606F95E86260FD38915184B75B4,transfer/channel-253/el1,,channel-253,channel-1,connection-1539,190,1.717584510192156E9
4700613|1|3|0|7|1,1.654575961624E9,4700613,block_result,1,C788B1D28628AA0E477D567345662BD30750F85590C7797E9F992F712E505501,3,0,7,0,1,osmo1sf7uk9rcscmjx9ljvv5ghscu0mhu0pmv0jczvq,genesis1sf7uk9rcscmjx9ljvv5ghscu0mhu0pmveqly78,10999739999999870000,ibc/F16FDC11A7662B86BC0B9CE61871CBACF7C20606F95E86260FD38915184B75B4,transfer/channel-253/el1,,channel-253,channel-1,connection-1539,171,1.717584592581018E9
4702219|1|12|0|7|1,1.654586259307E9,4702219,block_result,1,BBF6A148426AED9E67B6F7680362C3DD707677D243BC5F58361FADF145E67519,12,0,7,0,1,osmo1sfl77qjwtmeyfnwvg8pljz93rpu4gglsju7t4z,genesis1sfl77qjwtmeyfnwvg8pljz93rpu4gglsywed89,9000000000000000000,ibc/F16FDC11A7662B86BC0B9CE61871CBACF7C20606F95E86260FD38915184B75B4,transfer/channel-253/el1,,channel-253,channel-1,connection-1539,180,1.717606206713281E9
4702231|1|10|0|7|1,1.654586336921E9,4702231,block_result,1,2AC12A5DE10B07A8B4A8126CE0D0D535FA15ECA026CB2092566909173A0E9A6D,10,0,7,0,1,osmo1sfl77qjwtmeyfnwvg8pljz93rpu4gglsju7t4z,genesis1sfl77qjwtmeyfnwvg8pljz93rpu4gglsywed89,1999869999999870000,ibc/F16FDC11A7662B86BC0B9CE61871CBACF7C20606F95E86260FD38915184B75B4,transfer/channel-253/el1,,channel-253,channel-1,connection-1539,181,1.717606655234461E9
4708520|1|4|0|7|1,1.654628205814E9,4708520,block_result,1,1E7E8A6F7B3FBB72AD593BB2350C5EE2698214D0F73823AE10EBB2FC6B2E8238,4,0,7,0,1,osmo1tf0kz76l0gva7efmx5cvr3et7y3yqcp22vygvq,genesis1tf0kz76l0gva7efmx5cvr3et7y3yqcp2u7rw78,10999869999999870000,ibc/F16FDC11A7662B86BC0B9CE61871CBACF7C20606F95E86260FD38915184B75B4,transfer/channel-253/el1,,channel-253,channel-1,connection-1539,210,1.717604908327865E9
4702048|1|21|0|7|1,1.654585158575E9,4702048,block_result,1,5E06AC53C981151A9D2E1E9C3BC2F54A02E1521369C8DBA7BB4B7BD13DA82D22,21,0,7,0,1,osmo1v2z9rwxt5y98pnrs6ryhqp08ay5azzvmw92wnm,genesis1v2z9rwxt5y98pnrs6ryhqp08ay5azzvmchdgpu,15000000000000000000000,ibc/F16FDC11A7662B86BC0B9CE61871CBACF7C20606F95E86260FD38915184B75B4,transfer/channel-253/el1,,channel-253,channel-1,connection-1539,178,1.717606039709284E9
4704042|1|4|0|7|1,1.654598047073E9,4704042,block_result,1,E3E01BB304F2BF850B6ECA277841DDCC277B45F138FCE4AA840F17E3103F416C,4,0,7,0,1,osmo1vut6ppgkyzknycj8mlmr7ej3rlcy6shv0ht0dq,genesis1vut6ppgkyzknycj8mlmr7ej3rlcy6shve9vfl8,10999869999999870000,ibc/F16FDC11A7662B86BC0B9CE61871CBACF7C20606F95E86260FD38915184B75B4,transfer/channel-253/el1,,channel-253,channel-1,connection-1539,193,1.717584055427792E9
4707186|1|0|0|7|1,1.654618335848E9,4707186,block_result,1,294B442F145820499868C2B9AE1F35A20F6B277E4B66B4B25DF7C2EE441BB01E,0,0,7,0,1,osmo1wnafkdr30zdw7cuzuzy7ekqvfgtrxevf5zfl3d,genesis1wnafkdr30zdw7cuzuzy7ekqvfgtrxevfzswer2,10999869999999870000,ibc/F16FDC11A7662B86BC0B9CE61871CBACF7C20606F95E86260FD38915184B75B4,transfer/channel-253/el1,,channel-253,channel-1,connection-1539,202,1.717606201183739E9
4708698|1|19|0|7|1,1.654629318181E9,4708698,block_result,1,C5C97A87BB2E887AC8791990F7705E4E3FAD3A1A4A3D6E9716ABA3DDECA9EBAE,19,0,7,0,1,osmo10lplg660zhrf5wt00luw4wrj7x5rnrzgnlz6xu,genesis1zerlxk3gdzqqp9vfgje0n534cly36g4e32ckre,11000869999999870000,ibc/F16FDC11A7662B86BC0B9CE61871CBACF7C20606F95E86260FD38915184B75B4,transfer/channel-253/el1,,channel-253,channel-1,connection-1539,211,1.717604907237363E9
4708724|1|14|0|7|1,1.654629479769E9,4708724,block_result,1,066981429A99C2D0A0316F05517E752C1B1E54BDA71825A21313E45470F28CE4,14,0,7,0,1,osmo1szhfwt2utg4uhdfa56vv4qyu7vsy45g8neg7su,genesis1zerlxk3gdzqqp9vfgje0n534cly36g4e32ckre,10999869999999870000,ibc/F16FDC11A7662B86BC0B9CE61871CBACF7C20606F95E86260FD38915184B75B4,transfer/channel-253/el1,,channel-253,channel-1,connection-1539,212,1.717604904585586E9
4701056|1|5|0|7|1,1.654578793205E9,4701056,block_result,1,542903B28528B67A5A938D97AD37CD5C4A09F798BFC645FC58D5FC4594178574,5,0,7,0,1,osmo1zzq5fulfm6k88x42g4fqncxurqk36qlc52l73m,genesis1zzq5fulfm6k88x42g4fqncxurqk36qlczcccru,2000000000000000000,ibc/F16FDC11A7662B86BC0B9CE61871CBACF7C20606F95E86260FD38915184B75B4,transfer/channel-253/el1,,channel-253,channel-1,connection-1539,175,1.717606174770581E9
25117619|1|0|0|9|1,1.733376263559E9,25117619,block_result,1,9CF95F165E58A58107EE7056A1E89D9F795B53709EEC503C106D030643148307,0,0,9,0,1,osmo1cffqlxsq87myua4mxunv47jz65ly8makfpsuvs,genesis1cffqlxsq87myua4mxunv47jz65ly8maklnh67h,6540106440000000000,ibc/F16FDC11A7662B86BC0B9CE61871CBACF7C20606F95E86260FD38915184B75B4,transfer/channel-253/el1,,channel-253,channel-1,connection-1539,1394,1.733376266432427E9
25118236|1|2|0|9|1,1.733377183307E9,25118236,block_result,1,64932A903FF68C6F30E3518154A8FF930BFFABA128FF8B2756A460FA98F4F281,2,0,9,0,1,osmo1cffqlxsq87myua4mxunv47jz65ly8makfpsuvs,genesis1cffqlxsq87myua4mxunv47jz65ly8maklnh67h,4737644013720000000000,ibc/F16FDC11A7662B86BC0B9CE61871CBACF7C20606F95E86260FD38915184B75B4,transfer/channel-253/el1,,channel-253,channel-1,connection-1539,1395,1.733377185970069E9
6261001|1|0|0|7|1,1.664654362083E9,6261001,block_result,1,2B03149C1EF862F8595363F3A96E7C5134BE525A17E949A9B50D6B8FD1A827FE,0,0,7,0,1,osmo18tnqgtzttxzf9nr8hswhwp2kgusvndn4zxv488,genesis1nas9xydhufh8vdqyy0h6l0j79m785zmurgry0u,1001432704287825096227,ibc/F16FDC11A7662B86BC0B9CE61871CBACF7C20606F95E86260FD38915184B75B4,transfer/channel-253/el1,,channel-253,channel-1,connection-1539,885,1.717531921393028E9
6252779|1|6|0|7|1,1.664603828824E9,6252779,block_result,1,DF5E4BB346218352E0330D3A9ADE4459FDE3F064D9E5A882337CAC01230D96F4,6,0,7,0,1,osmo1tk057sckr9yf94a0ndn66ye8d9zgn860hz7hpl,genesis1f5r7dg3aad4et0vmjrktvumgkl5d8dm7pxdzfr,11467234818140819744,ibc/F16FDC11A7662B86BC0B9CE61871CBACF7C20606F95E86260FD38915184B75B4,transfer/channel-253/el1,,channel-253,channel-1,connection-1539,881,1.7175239916083E9
6256590|1|6|0|7|1,1.664627061997E9,6256590,block_result,1,000C62CD4B5A45B0B0397714EE2E11B872B6145BDB9E07C8D19B2A4A0F321189,6,0,7,0,1,osmo1jsr6hcc58ej27f2vyafwcmfsk96ylfee8fk5u3,genesis1jsr6hcc58ej27f2vyafwcmfsk96ylfee3m3jwk,10999869999999870000,ibc/F16FDC11A7662B86BC0B9CE61871CBACF7C20606F95E86260FD38915184B75B4,transfer/channel-253/el1,,channel-253,channel-1,connection-1539,882,1.717524001789211E9
6260983|1|9|0|7|1,1.664654250882E9,6260983,block_result,1,6E3A47F7D082F7D992A93677A433F50DECDE31E651EF8676666E5BEE6C1AFF64,9,0,7,0,1,osmo1gg4s7a3nf7wnlcmn70l5ckh7qspk27d34j3rvw,genesis1gg4s7a3nf7wnlcmn70l5ckh7qspk27d3rqk97f,29496589206927818596,ibc/F16FDC11A7662B86BC0B9CE61871CBACF7C20606F95E86260FD38915184B75B4,transfer/channel-253/el1,,channel-253,channel-1,connection-1539,884,1.717531127936912E9
6258244|1|11|0|7|1,1.664637132279E9,6258244,block_result,1,BCA8A213694B02CBD684B009D5CAF4D0499663C492FDB4C16E15C3914DA0ACEE,11,0,7,0,1,osmo1s3zswskmh82kg6z7hd6ulznwjjzjm4sg67qynm,genesis10l0ckwpvdgm2saedrgn9arjgp37lp2wpyzq5qn,123892335416765729085,ibc/F16FDC11A7662B86BC0B9CE61871CBACF7C20606F95E86260FD38915184B75B4,transfer/channel-253/el1,,channel-253,channel-1,connection-1539,883,1.717531161746503E9
45258848|1|0|0|9|1,1.759266408171E9,45258848,block_result,1,87F0C95F3536D072FAEB52C090D6557A2E0237E0148396AEA50FE5B29A5A7EFA,0,0,9,0,1,osmo14rj9dl3l28t5lhumevlkheddygjvtxck8fx0ja,genesis14rj9dl3l28t5lhumevlkheddygjvtxck3mpfq6,600000000000000000000,ibc/F16FDC11A7662B86BC0B9CE61871CBACF7C20606F95E86260FD38915184B75B4,transfer/channel-253/el1,,channel-253,channel-1,connection-1539,1507,1.75926641086773E9
45261772|1|0|0|9|1,1.759270056644E9,45261772,block_result,1,33F40CE8ECD576FD31AFB1D3B46995CC56DF97F2477CBBBAAE8035651D8BC1D8,0,0,9,0,1,osmo14rj9dl3l28t5lhumevlkheddygjvtxck8fx0ja,genesis14rj9dl3l28t5lhumevlkheddygjvtxck3mpfq6,100000000000000000000,ibc/F16FDC11A7662B86BC0B9CE61871CBACF7C20606F95E86260FD38915184B75B4,transfer/channel-253/el1,,channel-253,channel-1,connection-1539,1508,1.759270059195402E9
45262874|1|2|0|9|1,1.759271415398E9,45262874,block_result,1,80B4760BF35038BFDF77E48D8D7EEBF8ED0433957495A6B0155FBD8223DBA26E,2,0,9,0,1,osmo14rj9dl3l28t5lhumevlkheddygjvtxck8fx0ja,genesis1lm59f9w6hte7wz83d4dxw5t40hz8cehznwjjc2,600000000000000000000,ibc/F16FDC11A7662B86BC0B9CE61871CBACF7C20606F95E86260FD38915184B75B4,transfer/channel-253/el1,,channel-253,channel-1,connection-1539,1510,1.759271418086261E9
45261894|1|1|0|9|1,1.759270207579E9,45261894,block_result,1,6E4C38C5E2710980589250AC296EF90248D0A4B029E649C130E9CFBC604BA04E,1,0,9,0,1,osmo14rj9dl3l28t5lhumevlkheddygjvtxck8fx0ja,genesis1lm59f9w6hte7wz83d4dxw5t40hz8cehznwjjc2,100000000000000000000,ibc/F16FDC11A7662B86BC0B9CE61871CBACF7C20606F95E86260FD38915184B75B4,transfer/channel-253/el1,,channel-253,channel-1,connection-1539,1509,1.759270212474021E9
5855756|1|17|0|7|1,1.662166623244E9,5855756,block_result,1,B062FC1415D85669D7B1DACB765CBCE3FFA2CE9B9F8A1D6D1FDFCC7EA5ECE119,17,0,7,0,1,osmo1me3hg2l74zn5ag9y879u7re4cp4dxea9h5d45s,genesis1me3hg2l74zn5ag9y879u7re4cp4dxea9px2nxh,1924675179485031314,ibc/F16FDC11A7662B86BC0B9CE61871CBACF7C20606F95E86260FD38915184B75B4,transfer/channel-253/el1,,channel-253,channel-1,connection-1539,762,1.717544833702438E9
5857141|1|10|0|7|1,1.662175137863E9,5857141,block_result,1,775C72CAC6D4C9F3B710E6BACD12AC02902C927B90C6EA9577279D2E74A351CC,10,0,7,0,1,osmo1p59gee55s8gu5j05ejxvr56elv2pewtvl35lzt,genesis1p59gee55s8gu5j05ejxvr56elv2pewtvfrnesv,170149679544654077260,ibc/F16FDC11A7662B86BC0B9CE61871CBACF7C20606F95E86260FD38915184B75B4,transfer/channel-253/el1,,channel-253,channel-1,connection-1539,763,1.717538168484134E9
5858804|1|12|0|7|1,1.662185379405E9,5858804,block_result,1,AFEBAFA7F593D96A822B5983760953AB1C0F5D977A0469DC1FED98AC5E349631,12,0,7,0,1,osmo1p59gee55s8gu5j05ejxvr56elv2pewtvl35lzt,genesis1p59gee55s8gu5j05ejxvr56elv2pewtvfrnesv,171019907273820307771,ibc/F16FDC11A7662B86BC0B9CE61871CBACF7C20606F95E86260FD38915184B75B4,transfer/channel-253/el1,,channel-253,channel-1,connection-1539,764,1.717538644873544E9
5865328|1|34|0|7|1,1.662226106267E9,5865328,block_result,1,B227048FDB60B04F5C61B83451B309037E05F075C87595C2259FFF927DF1115E,34,0,7,0,1,osmo18n33ywygvrrzqspewsh7f5c4dkp00le0mjxfr8,genesis18n33ywygvrrzqspewsh7f5c4dkp00le0dqp03q,3922656678253955430,ibc/F16FDC11A7662B86BC0B9CE61871CBACF7C20606F95E86260FD38915184B75B4,transfer/channel-253/el1,,channel-253,channel-1,connection-1539,765,1.717544571865294E9
5865567|1|53|0|7|1,1.662227600821E9,5865567,block_result,1,FC1320E6812532B73A8ACB2723A50E974459FBE2A4999A2FC63B55B963F242AC,53,0,7,0,1,osmo1jnpevf3zg3wc3vyqssxu96lz899g00skk60rtg,genesis1jnpevf3zg3wc3vyqssxu96lz899g00skqgg9e0,102175799848297692640,ibc/F16FDC11A7662B86BC0B9CE61871CBACF7C20606F95E86260FD38915184B75B4,transfer/channel-253/el1,,channel-253,channel-1,connection-1539,766,1.71753841377954E9
8703427|1|6|0|7|1,1.678815972865E9,8703427,block_result,1,A98C7DE4D808C35311F4B2AA81281EE6078FAFA2C61F675CEF5C35CCA75488EB,6,0,7,0,1,osmo1jzcdchuaft92tdgccrmewdwxsqwsfhrgf2r6yy,genesis1jzcdchuaft92tdgccrmewdwxsqwsfhrglcyukr,483423683629170140,ibc/F16FDC11A7662B86BC0B9CE61871CBACF7C20606F95E86260FD38915184B75B4,transfer/channel-253/el1,,channel-253,channel-1,connection-1539,1193,1.717460563552281E9
6371609|1|10|0|7|1,1.665348943506E9,6371609,block_result,1,8CF1615DC845A8E521822E1396843F6B69328E9B6E8E387322D28F43CEC0714D,10,0,7,0,1,osmo14v5c73h2thghnx43thra3t0juwhvtv396ul738,genesis14v5c73h2thghnx43thra3t0juwhvtv39vwccrq,10700000000000000000,ibc/F16FDC11A7662B86BC0B9CE61871CBACF7C20606F95E86260FD38915184B75B4,transfer/channel-253/el1,,channel-253,channel-1,connection-1539,919,1.717520595878754E9
6368687|1|25|0|7|1,1.665330968525E9,6368687,block_result,1,6FA6F18F4228BD1B71507BB3ED794523A9ED508D9C91CE073293E190893C5F53,25,0,7,0,1,osmo19x53pcdduljg9sfn8fzfalkt0g4l988qgqx95u,genesis19x53pcdduljg9sfn8fzfalkt0g4l988q7jprxm,18192231574268418717681,ibc/F16FDC11A7662B86BC0B9CE61871CBACF7C20606F95E86260FD38915184B75B4,transfer/channel-253/el1,,channel-253,channel-1,connection-1539,918,1.717519281307817E9
6368627|1|6|0|7|1,1.665330607596E9,6368627,block_result,1,148253A070BD1F10D58983622107B85C250515248541E7D12B280DE794034621,6,0,7,0,1,osmo1f0su7dw6zjhf9924rqlmxx7eecuzwr9w9q6fag,genesis1f0su7dw6zjhf9924rqlmxx7eecuzwr9wnja000,62800000000000000000000,ibc/F16FDC11A7662B86BC0B9CE61871CBACF7C20606F95E86260FD38915184B75B4,transfer/channel-253/el1,,channel-253,channel-1,connection-1539,917,1.717519265928393E9
4757416|1|15|0|7|1,1.655331392006E9,4757416,block_result,1,0816F7A043A336ED11FD48CAFA197E92E0C041669BDDC886FA790A22ABBA3707,15,0,7,0,1,osmo16qrmvjmj2ms4klm6wyk9frfzwqteftpl4lng3s,genesis16qrmvjmj2ms4klm6wyk9frfzwqteftplrd5wrh,10999869999999870000,ibc/F16FDC11A7662B86BC0B9CE61871CBACF7C20606F95E86260FD38915184B75B4,transfer/channel-253/el1,,channel-253,channel-1,connection-1539,269,1.717582949183345E9
4755222|1|28|0|7|1,1.655317644679E9,4755222,block_result,1,446C9EEE6C72D80AD209F06ADA9193C3A2FF5EB3924B2731C2D3DBA2CFD2F7C6,28,0,7,0,1,osmo1aadc3ew28ghvu43vvypw7s52rwatx2u7axcpny,genesis1aadc3ew28ghvu43vvypw7s52rwatx2u7t5l8pr,10999869999999870000,ibc/F16FDC11A7662B86BC0B9CE61871CBACF7C20606F95E86260FD38915184B75B4,transfer/channel-253/el1,,channel-253,channel-1,connection-1539,267,1.717603982357814E9
4747927|1|3|0|7|1,1.655271577678E9,4747927,block_result,1,1EBEF255827ACA4C2A012AF3AC446C9C2F1DEE23EE8140196E6DFEBDC8C2417B,3,0,7,0,1,osmo1awav8afwjqy0f8uzcqek8pd0er7d9jgr5qv9p6,genesis1awav8afwjqy0f8uzcqek8pd0er7d9jgrzjtrna,10999869999999870000,ibc/F16FDC11A7662B86BC0B9CE61871CBACF7C20606F95E86260FD38915184B75B4,transfer/channel-253/el1,,channel-253,channel-1,connection-1539,263,1.717582662542122E9
4749043|1|5|0|7|1,1.655278528496E9,4749043,block_result,1,F0166F9CCA14C815D903412498D6C1A9DBA7B6A8BD42782E1FCB2EFB34E6D977,5,0,7,0,1,osmo1c7puzl6n78qmrl4t3xw93ux2ehxs35fmaykhly,genesis1c7puzl6n78qmrl4t3xw93ux2ehxs35fmtk33dr,10999869999999870000,ibc/F16FDC11A7662B86BC0B9CE61871CBACF7C20606F95E86260FD38915184B75B4,transfer/channel-253/el1,,channel-253,channel-1,connection-1539,264,1.717603996369838E9
4744979|1|28|0|7|1,1.655253241246E9,4744979,block_result,1,02A570701028D4FA7E60B4D6D48C088227B2674244D7214A003EA9D3BF738C1F,28,0,7,0,1,osmo1lz6h20wqgzv64qd5dkm5c8gmv777dz5tuecp62,genesis1lz6h20wqgzv64qd5dkm5c8gmv777dz5t2tl8gd,7038553209844620896,ibc/F16FDC11A7662B86BC0B9CE61871CBACF7C20606F95E86260FD38915184B75B4,transfer/channel-253/el1,,channel-253,channel-1,connection-1539,262,1.717603573415997E9
4754660|1|5|0|7|1,1.65531406688E9,4754660,block_result,1,9F64781EEED739DFF7C567EDD5ACBB2C7C0E6DD26CCD0E7BBAD4E61DAE3E9548,5,0,7,0,1,osmo1mvptd0jukqughacmdsj22da9nyx50ynckvw3a2,genesis1mvptd0jukqughacmdsj22da9nyx50yncq7fh0d,10999869999999870000,ibc/F16FDC11A7662B86BC0B9CE61871CBACF7C20606F95E86260FD38915184B75B4,transfer/channel-253/el1,,channel-253,channel-1,connection-1539,266,1.717582639300325E9
4753798|1|0|0|7|1,1.655308247639E9,4753798,block_result,1,45AB25743586EFFA1062589E19204AD9ED45A3B795CF9C0E4F4C69BD0970E449,0,0,7,0,1,osmo1pqtzfdl92z9ep9d86p5jqq8grnqjh29d7m8wm3,genesis1pqtzfdl92z9ep9d86p5jqq8grnqjh29dgfqgfk,10999869999999870000,ibc/F16FDC11A7662B86BC0B9CE61871CBACF7C20606F95E86260FD38915184B75B4,transfer/channel-253/el1,,channel-253,channel-1,connection-1539,265,1.717604000162193E9
4755957|1|21|0|7|1,1.655322275925E9,4755957,block_result,1,1AED87256B6D446BCE25924AD02586DD61BF968F5A7EF82692A6B7EFA3FC5107,21,0,7,0,1,osmo1xjvhpmflhue38mc8j75gqj2h0fds9guxqen8zj,genesis1xjvhpmflhue38mc8j75gqj2h0fds9guxkt5ps4,354846181266466981419,ibc/F16FDC11A7662B86BC0B9CE61871CBACF7C20606F95E86260FD38915184B75B4,transfer/channel-253/el1,,channel-253,channel-1,connection-1539,268,1.717604007371021E9
6717626|1|28|0|7|1,1.667418696604E9,6717626,block_result,1,F8D6AE8453E450629625CCD683B55E633B4DE809C483794C3BB00A8E25A8CC7F,28,0,7,0,1,osmo1g8dvzcgtmwkqk0v8xrn9uvdj5d845938exnq7j,genesis1g8dvzcgtmwkqk0v8xrn9uvdj5d845938055xv4,10000000000000000000,ibc/F16FDC11A7662B86BC0B9CE61871CBACF7C20606F95E86260FD38915184B75B4,transfer/channel-253/el1,,channel-253,channel-1,connection-1539,992,1.717508218361787E9
6715180|1|16|0|7|1,1.667403543641E9,6715180,block_result,1,32D3323E4CA17FA933353F432964F13FF6E6D5F764C26ACE82A6F488CD288312,16,0,7,0,1,osmo1klx6z8yplryeydlxrfl9umu6gwj2lvsg8ly60k,genesis1klx6z8yplryeydlxrfl9umu6gwj2lvsg3drua3,13150000000000000000000,ibc/F16FDC11A7662B86BC0B9CE61871CBACF7C20606F95E86260FD38915184B75B4,transfer/channel-253/el1,,channel-253,channel-1,connection-1539,991,1.717518461802567E9
5192434|1|15|0|7|1,1.658050611543E9,5192434,block_result,1,92F57D934A916B803D2A9DC9352CEAC922F4503E03B8209832935F6E229F28AA,15,0,7,0,1,osmo139s220me7648e3e56nxwdz4rzznxv8fee4qmlm,genesis139s220me7648e3e56nxwdz4rzznxv8fe088adu,11000869999999870000,ibc/F16FDC11A7662B86BC0B9CE61871CBACF7C20606F95E86260FD38915184B75B4,transfer/channel-253/el1,,channel-253,channel-1,connection-1539,414,1.717583846126344E9
5192429|1|3|0|7|1,1.658050580045E9,5192429,block_result,1,EE9781C4DA753EBA50956C7A43AEAF841B5AA4077CDD61FDC12CA2360AD07D70,3,0,7,0,1,osmo16wxnkntwxfnugvj5kkk2e5gprvg890vsnkjewz,genesis16wxnkntwxfnugvj5kkk2e5gprvg890vs9y4lu9,10999869999999870000,ibc/F16FDC11A7662B86BC0B9CE61871CBACF7C20606F95E86260FD38915184B75B4,transfer/channel-253/el1,,channel-253,channel-1,connection-1539,413,1.717583849050179E9
5193021|1|4|0|7|1,1.658054250517E9,5193021,block_result,1,4D0F39622CCE3EB04643724651E1E5A3D8AA1CE971BDB8CAB715B27B2593761E,4,0,7,0,1,osmo19l4kgrhrqw65htnwdfntfvu2ywvudezhjrxa62,genesis19l4kgrhrqw65htnwdfntfvu2ywvudezhy3pmgd,10000000000000000000,ibc/F16FDC11A7662B86BC0B9CE61871CBACF7C20606F95E86260FD38915184B75B4,transfer/channel-253/el1,,channel-253,channel-1,connection-1539,416,1.717564097908063E9
5195366|1|8|0|7|1,1.658068858901E9,5195366,block_result,1,1C7EE3A7EBC75C26A4D9D6B73A13E3131BFAD26AAAF5E3740AEB623FB762C0DE,8,0,7,0,1,osmo1ag940t2gd4sn0wey7xgfjl83x2t5v62m6629pc,genesis1ag940t2gd4sn0wey7xgfjl83x2t5v62mvgdrnl,7000000000000000000000,ibc/F16FDC11A7662B86BC0B9CE61871CBACF7C20606F95E86260FD38915184B75B4,transfer/channel-253/el1,,channel-253,channel-1,connection-1539,418,1.717564082393228E9
5192440|1|28|0|7|1,1.658050648865E9,5192440,block_result,1,0A30BDF7393F5989F96F2F9FF9EB0C114CF2165FE69C5A00782F89E220A78966,28,0,7,0,1,osmo1qd5ah9nwkgq5zu4nqqx7fdwx0exd872p9vk90t,genesis1qd5ah9nwkgq5zu4nqqx7fdwx0exd872pn73rav,10999869999999870000,ibc/F16FDC11A7662B86BC0B9CE61871CBACF7C20606F95E86260FD38915184B75B4,transfer/channel-253/el1,,channel-253,channel-1,connection-1539,415,1.71758384453138E9
5192421|1|6|0|7|1,1.65805053155E9,5192421,block_result,1,4B8A39219BCA580C09C8B2A5C657AFC81DA0889C4A8FAFB0F976F013FE167D09,6,0,7,0,1,osmo1s5jmc7287mxa39zy6y9rjnl8spggxyxxyk6s5c,genesis1s5jmc7287mxa39zy6y9rjnl8spggxyxxjyakxl,10999869999999870000,ibc/F16FDC11A7662B86BC0B9CE61871CBACF7C20606F95E86260FD38915184B75B4,transfer/channel-253/el1,,channel-253,channel-1,connection-1539,412,1.717583852639718E9
5186973|1|1|0|7|1,1.658016652957E9,5186973,block_result,1,2845BECD486F1768501B6D86B47E7A780981AB7C80CB1FB082C86B1A523CE98F,1,0,7,0,1,osmo1s84q7zy0a0f7dchrpj2fk89gyglkwm2eqrzwxu,genesis1s84q7zy0a0f7dchrpj2fk89gyglkwm2ek39g5m,103123594660951613859,ibc/F16FDC11A7662B86BC0B9CE61871CBACF7C20606F95E86260FD38915184B75B4,transfer/channel-253/el1,,channel-253,channel-1,connection-1539,410,1.717584131860375E9
5200080|1|1|0|7|1,1.658098574677E9,5200080,block_result,1,69EB4088E08E2ABB39B86C2D1AF2F194EAF2933265FB04D49D70CF086EC1702C,1,0,7,0,1,osmo1s84q7zy0a0f7dchrpj2fk89gyglkwm2eqrzwxu,genesis1s84q7zy0a0f7dchrpj2fk89gyglkwm2ek39g5m,20315945953700945468,ibc/F16FDC11A7662B86BC0B9CE61871CBACF7C20606F95E86260FD38915184B75B4,transfer/channel-253/el1,,channel-253,channel-1,connection-1539,419,1.717564960670909E9
5194983|1|12|0|7|1,1.658066464572E9,5194983,block_result,1,1A9E03A2C0ABD9A5316209FE44401D2B28867CEB50D22E75A28A5470AF7232BF,12,0,7,0,1,osmo1v2z9rwxt5y98pnrs6ryhqp08ay5azzvmw92wnm,genesis1v2z9rwxt5y98pnrs6ryhqp08ay5azzvmchdgpu,14586000000000000000000,ibc/F16FDC11A7662B86BC0B9CE61871CBACF7C20606F95E86260FD38915184B75B4,transfer/channel-253/el1,,channel-253,channel-1,connection-1539,417,1.717564087452508E9
5192402|1|1|0|7|1,1.658050412146E9,5192402,block_result,1,B6B94E178FF5A26388BC7916E722A5A0FB9B4DC1A425BAB265465F87A0C51063,1,0,7,0,1,osmo1xcpy6x238n94tws37nq2xfy0tuue8s3saj0jpz,genesis1xcpy6x238n94tws37nq2xfy0tuue8s3stqg5n9,10999869999999870000,ibc/F16FDC11A7662B86BC0B9CE61871CBACF7C20606F95E86260FD38915184B75B4,transfer/channel-253/el1,,channel-253,channel-1,connection-1539,411,1.717583848945472E9
6120880|1|17|0|7|1,1.663793339143E9,6120880,block_result,1,8BC84660D7EBC000727DD3A04DB350523848C5039062BBCD4147F40AB4652F50,17,0,7,0,1,osmo1g6zstj3qxu463chcgy878v9jh66culnvxy80fa,genesis1g6zstj3qxu463chcgy878v9jh66culnvskqfm6,30000000000000000000,ibc/F16FDC11A7662B86BC0B9CE61871CBACF7C20606F95E86260FD38915184B75B4,transfer/channel-253/el1,,channel-253,channel-1,connection-1539,843,1.717528611005978E9
6118778|1|34|0|7|1,1.663779962881E9,6118778,block_result,1,6B39E5A14F99608E1D008A2CBB2A306052209DCBB1E9AF3DEFD53923D30DBFF2,34,0,7,0,1,osmo1gn2saq5vy2qjn9ktn8rl9cx9ajvn8drchcv355,genesis1gn2saq5vy2qjn9ktn8rl9cx9ajvn8drcp2thxn,1031438420669466179,ibc/F16FDC11A7662B86BC0B9CE61871CBACF7C20606F95E86260FD38915184B75B4,transfer/channel-253/el1,,channel-253,channel-1,connection-1539,842,1.717528644321173E9
6116996|1|0|0|7|1,1.663769126793E9,6116996,block_result,1,731250DDAFAA1ACDD8972D0F7A3834C23F8F8CC92C968801437DEAAAF8312EFE,0,0,7,0,1,osmo1teflr7mzmp6t3ur45aglgjwf09k7znrfpn7s65,genesis1s5kh47dgvgf9cssnzzqfdws2ahne3zka9w9ans,200000000000000000000,ibc/F16FDC11A7662B86BC0B9CE61871CBACF7C20606F95E86260FD38915184B75B4,transfer/channel-253/el1,,channel-253,channel-1,connection-1539,841,1.717537370421811E9
6116932|1|1|0|7|1,1.663768742356E9,6116932,block_result,1,844E72A47AA06AF8505FA368EE8B16DEC0FC34531F1C344061626CDDC4CEFBBC,1,0,7,0,1,osmo1teflr7mzmp6t3ur45aglgjwf09k7znrfpn7s65,genesis1xc4x6p3mrdlpkmha82d8egmp9cl7qda2uxz2xy,200000000000000000000,ibc/F16FDC11A7662B86BC0B9CE61871CBACF7C20606F95E86260FD38915184B75B4,transfer/channel-253/el1,,channel-253,channel-1,connection-1539,840,1.717537355513829E9
6951100|1|4|0|7|1,1.668801707601E9,6951100,block_result,1,DFD99A687E9473AAEF09FFC98589545ABE55B5346457119705D9317BAD405CEA,4,0,7,0,1,osmo14smvlapym2mn8uq3qhhu48stz7sknv3s4g84al,genesis14smvlapym2mn8uq3qhhu48stz7sknv3sr6qn0c,1000000000000000000,ibc/F16FDC11A7662B86BC0B9CE61871CBACF7C20606F95E86260FD38915184B75B4,transfer/channel-253/el1,,channel-253,channel-1,connection-1539,1031,1.717503467076795E9
6951100|1|78|0|7|1,1.668801707601E9,6951100,block_result,1,925FAAE4177E6F1BC73778CC5A566F259189F2D4E46F0CA2D6C603D7CD936BEC,78,0,7,0,1,osmo1gffcj0fcuzkfqeknlrvvcyzqp5xng9s9xtcy2g,genesis1gffcj0fcuzkfqeknlrvvcyzqp5xng9s9selzc0,10000000000000000000,ibc/F16FDC11A7662B86BC0B9CE61871CBACF7C20606F95E86260FD38915184B75B4,transfer/channel-253/el1,,channel-253,channel-1,connection-1539,1032,1.717503468562304E9
6281962|1|12|0|7|1,1.664781609836E9,6281962,block_result,1,2314388B2C6DC42E57E5AFCC419F40F0875E30B502CB6590DCD6C0FE99C733DA,12,0,7,0,1,osmo179zyslay4geae37cxua2gvt97lhg3ec2ll3209,genesis179zyslay4geae37cxua2gvt97lhg3ec2fdkvaz,4560116406543048767415,ibc/F16FDC11A7662B86BC0B9CE61871CBACF7C20606F95E86260FD38915184B75B4,transfer/channel-253/el1,,channel-253,channel-1,connection-1539,889,1.717530802574975E9
14778774|1|7|0|9|1,1.71263219067E9,14778774,block_result,1,C8E0ED8D976808EAC50995DD87E557B8836DE86B49D22124214DFAD6C2EF7984,7,0,9,0,1,osmo16aypymlama0lk5s8c9s30s09eacpvwnav7ewjv,genesis16aypymlama0lk5s8c9s30s09eacpvwna6v7gqt,972933263612016278428,ibc/F16FDC11A7662B86BC0B9CE61871CBACF7C20606F95E86260FD38915184B75B4,transfer/channel-253/el1,,channel-253,channel-1,connection-1539,1322,1.716985109087436E9
26375784|1|3|0|9|1,1.735151808983E9,26375784,block_result,1,0D2E28259AEEDEC7CB45D644AE423F68683CC3061003535D51533613FE7EAC8B,3,0,9,0,1,osmo186s6d2y88whr9jjzxu62y8en2x53sh9d0t50dk,genesis186s6d2y88whr9jjzxu62y8en2x53sh9deenfl3,120352818916170000000000,ibc/F16FDC11A7662B86BC0B9CE61871CBACF7C20606F95E86260FD38915184B75B4,transfer/channel-253/el1,,channel-253,channel-1,connection-1539,1397,1.735151811954512E9
5160913|1|7|0|7|1,1.657853207733E9,5160913,block_result,1,B717CC1E3E3AEBDCCE6B927272D092307DB35838B10FF05B2F5053BA8BAD1158,7,0,7,0,1,osmo163ndtplrrpkh2faf2c0y6t9v86llx86q6spzwl,genesis163ndtplrrpkh2faf2c0y6t9v86llx86qvzxyuc,59839245384297736,ibc/F16FDC11A7662B86BC0B9CE61871CBACF7C20606F95E86260FD38915184B75B4,transfer/channel-253/el1,,channel-253,channel-1,connection-1539,402,1.717585719024111E9
5166013|1|3|0|7|1,1.657885127771E9,5166013,block_result,1,984614B98113AEFE3BEC58220D43F38F29D2A1981A3A1121B4D71589459B5122,3,0,7,0,1,osmo1md9zaw7gpnrfl2swql6hjvgttjuf6cvkt3wze5,genesis1md9zaw7gpnrfl2swql6hjvgttjuf6cvkarfytn,2665596274441907378,ibc/F16FDC11A7662B86BC0B9CE61871CBACF7C20606F95E86260FD38915184B75B4,transfer/channel-253/el1,,channel-253,channel-1,connection-1539,403,1.717585684257553E9
5167037|1|3|0|7|1,1.65789151908E9,5167037,block_result,1,DB17D0FFEB40F79557E6DF80B66046DADF80A4BA31C1979965415B204660BD3B,3,0,7,0,1,osmo1rwp9agdk3vkgp6lw3k7geecsuvs8t9zjm7zlv6,genesis1rwp9agdk3vkgp6lw3k7geecsuvs8t9zjdv9e7a,10999869999999870000,ibc/F16FDC11A7662B86BC0B9CE61871CBACF7C20606F95E86260FD38915184B75B4,transfer/channel-253/el1,,channel-253,channel-1,connection-1539,404,1.717565096985841E9
5638536|1|0|0|7|1,1.660825404875E9,5638536,block_result,1,6ACCCD7425E47838FAD94EBA2800277ECF0B4D5FBA9E5D417BA921F594D9FBD3,0,0,7,0,1,osmo10u24rwqfxl48rshaasextp5a25gejuzavxqnya,genesis10u24rwqfxl48rshaasextp5a25gejuza6584k6,11000000000000000000,ibc/F16FDC11A7662B86BC0B9CE61871CBACF7C20606F95E86260FD38915184B75B4,transfer/channel-253/el1,,channel-253,channel-1,connection-1539,600,1.717560359682175E9
5632926|1|0|0|7|1,1.66079091539E9,5632926,block_result,1,A4AD5D17AF72CACC741C53858C80B98853934F621FD37C4A92C8E347C7D7CA1B,0,0,7,0,1,osmo12jfvctjm2jjj0xflzjyrj0gc5umqjq8jdljx64,genesis12jfvctjm2jjj0xflzjyrj0gc5umqjq8jmd4qgj,27816000000000000000000,ibc/F16FDC11A7662B86BC0B9CE61871CBACF7C20606F95E86260FD38915184B75B4,transfer/channel-253/el1,,channel-253,channel-1,connection-1539,587,1.717561081290758E9
5641664|1|0|0|7|1,1.660845086098E9,5641664,block_result,1,9492A23EEF9A1A6F350FC45E210811E22DC15AF02581C8F0BBFD55D1985594C0,0,0,7,0,1,osmo13t2mv7pz73ql5fu7808fqwe5aj7ww48hdd09zr,genesis13t2mv7pz73ql5fu7808fqwe5aj7ww48hmlgrsy,11000869999999870000,ibc/F16FDC11A7662B86BC0B9CE61871CBACF7C20606F95E86260FD38915184B75B4,transfer/channel-253/el1,,channel-253,channel-1,connection-1539,605,1.717559203725266E9
5634616|1|10|0|7|1,1.660801261863E9,5634616,block_result,1,F58E504EDFA067FEC0C5ACA0B4F9F3A778620C280098AE355A4D92CBF1921B19,10,0,7,0,1,osmo13uup3md785lsd74aws4hx2et052mferw8n6yat,genesis13uup3md785lsd74aws4hx2et052mferw3paz0v,153732025065267578272,ibc/F16FDC11A7662B86BC0B9CE61871CBACF7C20606F95E86260FD38915184B75B4,transfer/channel-253/el1,,channel-253,channel-1,connection-1539,592,1.717560971202118E9
5636660|1|26|0|7|1,1.660813857586E9,5636660,block_result,1,3FF69E144DA8043BE66E4586342073140C06717602313C3BE674B1A3FF1FFA3B,26,0,7,0,1,osmo14xzmvz26n2qcckm8zjxnjv59dps2j5l0qjd266,genesis14xzmvz26n2qcckm8zjxnjv59dps2j5l0kq2vga,200000000000000000,ibc/F16FDC11A7662B86BC0B9CE61871CBACF7C20606F95E86260FD38915184B75B4,transfer/channel-253/el1,,channel-253,channel-1,connection-1539,595,1.717546649859067E9
5636673|1|1|0|7|1,1.660813939512E9,5636673,block_result,1,A666ED34D918C9C07B07FE1B9092355BDEE662115AD8B5B0169369687A3096B1,1,0,7,0,1,osmo14xzmvz26n2qcckm8zjxnjv59dps2j5l0qjd266,genesis14xzmvz26n2qcckm8zjxnjv59dps2j5l0kq2vga,10800000000000000000,ibc/F16FDC11A7662B86BC0B9CE61871CBACF7C20606F95E86260FD38915184B75B4,transfer/channel-253/el1,,channel-253,channel-1,connection-1539,597,1.717546647455315E9
5641138|1|10|0|7|1,1.66084141389E9,5641138,block_result,1,2D649DB1997234EA33F67AD08AB9AB48B9ED677BF08D9F7F16525ED3554CACF7,10,0,7,0,1,osmo163ndtplrrpkh2faf2c0y6t9v86llx86q6spzwl,genesis163ndtplrrpkh2faf2c0y6t9v86llx86qvzxyuc,14446019984035815,ibc/F16FDC11A7662B86BC0B9CE61871CBACF7C20606F95E86260FD38915184B75B4,transfer/channel-253/el1,,channel-253,channel-1,connection-1539,603,1.71754663996692E9
5633654|1|0|0|7|1,1.660795373024E9,5633654,block_result,1,E9188B672BD4C7FA404D3F6D3BB9A92B05DCDEA212D8DF451426F6F92EA40C51,0,0,7,0,1,osmo163ndtplrrpkh2faf2c0y6t9v86llx86q6spzwl,genesis163ndtplrrpkh2faf2c0y6t9v86llx86qvzxyuc,17669919044601525,ibc/F16FDC11A7662B86BC0B9CE61871CBACF7C20606F95E86260FD38915184B75B4,transfer/channel-253/el1,,channel-253,channel-1,connection-1539,591,1.717560505864687E9
5637641|1|29|0|7|1,1.660819894874E9,5637641,block_result,1,7B40A71E06DBA2C3FD3E1AA9C9ED82CB5A846B7AE5C001C5886E26D98062278B,29,0,7,0,1,osmo18ra7lhnn7jxf4jk5jvtjuetwmpcn7sjwtn0ywu,genesis18ra7lhnn7jxf4jk5jvtjuetwmpcn7sjwapgzum,10999869999999870000,ibc/F16FDC11A7662B86BC0B9CE61871CBACF7C20606F95E86260FD38915184B75B4,transfer/channel-253/el1,,channel-253,channel-1,connection-1539,599,1.717560943806066E9
5635688|1|4|0|7|1,1.660807865332E9,5635688,block_result,1,E791EE7C6B67AD9C5869CB963AEB6ED384A488D58BF3451F04E82644DA465254,4,0,7,0,1,osmo1c2treqmnapx4uhw72z2f02m23l72ymjs5gs3a4,genesis1c2treqmnapx4uhw72z2f02m23l72ymjsz6hh0j,10999869999999870000,ibc/F16FDC11A7662B86BC0B9CE61871CBACF7C20606F95E86260FD38915184B75B4,transfer/channel-253/el1,,channel-253,channel-1,connection-1539,594,1.717546702930727E9
5641439|1|1|0|7|1,1.660843676377E9,5641439,block_result,1,5279743A369048BBAAA214D0234BEF2CDE0AB280649E5A7C6C4166724CA63EBB,1,0,7,0,1,osmo1grmvphmzyzk56mnwjec9y3dhtdvzaftg3euurd,genesis1grmvphmzyzk56mnwjec9y3dhtdvzaftg8tm632,10999869999999870000,ibc/F16FDC11A7662B86BC0B9CE61871CBACF7C20606F95E86260FD38915184B75B4,transfer/channel-253/el1,,channel-253,channel-1,connection-1539,604,1.717559042963959E9
5641898|1|43|0|7|1,1.660846519931E9,5641898,block_result,1,6205A3E0C961176CD50A796DD22D7C82ADC6B18DC21A2BB8C1576D9D71D227F4,43,0,7,0,1,osmo1grmvphmzyzk56mnwjec9y3dhtdvzaftg3euurd,genesis1grmvphmzyzk56mnwjec9y3dhtdvzaftg8tm632,10999869999999870000,ibc/F16FDC11A7662B86BC0B9CE61871CBACF7C20606F95E86260FD38915184B75B4,transfer/channel-253/el1,,channel-253,channel-1,connection-1539,606,1.717559668725525E9
5640339|1|4|0|7|1,1.660836508336E9,5640339,block_result,1,B173AAD9176414658AFDE9E625BCA55D80959411F348B430EB9D75360D19B8B8,4,0,7,0,1,osmo1h5shnh6dnjtalh84cxl04taa2klvkz5fg6fjr7,genesis1h5shnh6dnjtalh84cxl04taa2klvkz5f7gw53e,41630548092311106425,ibc/F16FDC11A7662B86BC0B9CE61871CBACF7C20606F95E86260FD38915184B75B4,transfer/channel-253/el1,,channel-253,channel-1,connection-1539,601,1.717546680332911E9
5631997|1|1|0|7|1,1.660785224991E9,5631997,block_result,1,A4A89711204A82079BB0C63C0F6CDE48A4C267C2FC819FA49A52D8AECA3EF957,1,0,7,0,1,osmo1h5shnh6dnjtalh84cxl04taa2klvkz5fg6fjr7,genesis1h5shnh6dnjtalh84cxl04taa2klvkz5f7gw53e,214657970620694741612,ibc/F16FDC11A7662B86BC0B9CE61871CBACF7C20606F95E86260FD38915184B75B4,transfer/channel-253/el1,,channel-253,channel-1,connection-1539,585,1.717546665269076E9
5631885|1|0|0|7|1,1.660784538049E9,5631885,block_result,1,EBCEFB2A6DB521ABA071D1E1F3DA54EB7250298F1586EDFF90522BCDE726446F,0,0,7,0,1,osmo1h5shnh6dnjtalh84cxl04taa2klvkz5fg6fjr7,genesis1h5shnh6dnjtalh84cxl04taa2klvkz5f7gw53e,40714133048482982586,ibc/F16FDC11A7662B86BC0B9CE61871CBACF7C20606F95E86260FD38915184B75B4,transfer/channel-253/el1,,channel-253,channel-1,connection-1539,584,1.71754666769765E9
5636665|1|3|0|7|1,1.660813889455E9,5636665,block_result,1,2569CB69BF12454D094ED3F8DFBF74BD948DC9361911AAFA23FA773233F8896C,3,0,7,0,1,osmo1jnpevf3zg3wc3vyqssxu96lz899g00skk60rtg,genesis1jnpevf3zg3wc3vyqssxu96lz899g00skqgg9e0,80216701630192497184,ibc/F16FDC11A7662B86BC0B9CE61871CBACF7C20606F95E86260FD38915184B75B4,transfer/channel-253/el1,,channel-253,channel-1,connection-1539,596,1.717546645884365E9
5641094|1|3|0|7|1,1.660841147402E9,5641094,block_result,1,AF572E6003E2469ED2F5A154206FDA90AB4503C683E6212DE2B861C043E55F19,3,0,7,0,1,osmo1k070lapr20h8hjw6pfmvhf5uwvv462an4fveac,genesis1k070lapr20h8hjw6pfmvhf5uwvv462anrmtl0l,10999869999999870000,ibc/F16FDC11A7662B86BC0B9CE61871CBACF7C20606F95E86260FD38915184B75B4,transfer/channel-253/el1,,channel-253,channel-1,connection-1539,602,1.717546670619352E9
5632456|1|0|0|7|1,1.660788033239E9,5632456,block_result,1,192074E8C1F1D3320789E304F172CAFF06F39A781E238EB90350263289F2296D,0,0,7,0,1,osmo1k66akvqfp636yvtlqz9saauwktq72cqvskxwl2,genesis1k66akvqfp636yvtlqz9saauwktq72cqvxypgdd,677167832701564145767,ibc/F16FDC11A7662B86BC0B9CE61871CBACF7C20606F95E86260FD38915184B75B4,transfer/channel-253/el1,,channel-253,channel-1,connection-1539,586,1.717560410534526E9
5635196|1|5|0|7|1,1.660804832839E9,5635196,block_result,1,0E29D90BFBD32C2D8F646BAE809D63EFFB32D4062BAFC22F12AA2EAD075893A8,5,0,7,0,1,osmo1kgwcs2q7pjwn7km46p7satdmsm3gmzwj56zpsu,genesis1kgwcs2q7pjwn7km46p7satdmsm3gmzwjzg98zm,11035797709117188620,ibc/F16FDC11A7662B86BC0B9CE61871CBACF7C20606F95E86260FD38915184B75B4,transfer/channel-253/el1,,channel-253,channel-1,connection-1539,593,1.717546655291841E9
5644268|1|1|0|7|1,1.660861091969E9,5644268,block_result,1,AFF9E2BE22EF43037EDF5178C4554ADF126299D500B164DF9D0A6578268C8EFD,1,0,7,0,1,osmo1l8av6c7lzn30qflmec8vtr0m2hylde8ltc0smt,genesis1l8av6c7lzn30qflmec8vtr0m2hylde8la2gkfv,10999869999999870000,ibc/F16FDC11A7662B86BC0B9CE61871CBACF7C20606F95E86260FD38915184B75B4,transfer/channel-253/el1,,channel-253,channel-1,connection-1539,608,1.717546617132485E9
5644614|1|0|0|7|1,1.660863220697E9,5644614,block_result,1,2568E32832E79337E3CEEF5E9AEF4820726483FB1196AF98A75032353418CE62,0,0,7,0,1,osmo1me3hg2l74zn5ag9y879u7re4cp4dxea9h5d45s,genesis1me3hg2l74zn5ag9y879u7re4cp4dxea9px2nxh,6326385705860415944,ibc/F16FDC11A7662B86BC0B9CE61871CBACF7C20606F95E86260FD38915184B75B4,transfer/channel-253/el1,,channel-253,channel-1,connection-1539,609,1.717556079189278E9
5633489|1|0|0|7|1,1.660794364398E9,5633489,block_result,1,E8CF97DEC4CB601A472A35E1FF2668F86AE14BE93A79403131F508EA5C03472F,0,0,7,0,1,osmo1pk3lswrmlqmg094csnl2xyh5eeezq8437ln4s5,genesis1pk3lswrmlqmg094csnl2xyh5eeezq843gd5nzn,9495356867538402319,ibc/F16FDC11A7662B86BC0B9CE61871CBACF7C20606F95E86260FD38915184B75B4,transfer/channel-253/el1,,channel-253,channel-1,connection-1539,590,1.717560385176853E9
5642514|1|0|0|7|1,1.660850291829E9,5642514,block_result,1,C0BE8CF90AFDB7EEA6C91BE7A418A73D1C04DA4F11BC93D0C5D0EE4E68557CBD,0,0,7,0,1,osmo1rgf4dznny6fx60yjwmq27xxs42vl34yl54cce0,genesis1rgf4dznny6fx60yjwmq27xxs42vl34ylz8l7tg,110296589591192095134,ibc/F16FDC11A7662B86BC0B9CE61871CBACF7C20606F95E86260FD38915184B75B4,transfer/channel-253/el1,,channel-253,channel-1,connection-1539,607,1.717559644793715E9
5633023|1|2|0|7|1,1.660791510062E9,5633023,block_result,1,35EA1098096E54C31FFEEEFFBD6C8FDE584BEAC0D03D33D93E0ECB85B25FB6D2,2,0,7,0,1,osmo1rns4tg39ses696js09w7tvp33m54dfdp6003np,genesis1rns4tg39ses696js09w7tvp33m54dfdpvaghpx,2532950920701869895,ibc/F16FDC11A7662B86BC0B9CE61871CBACF7C20606F95E86260FD38915184B75B4,transfer/channel-253/el1,,channel-253,channel-1,connection-1539,588,1.717560402436235E9
5636812|1|3|0|7|1,1.660814793968E9,5636812,block_result,1,48D0C6852EF235CFB09AB34DDADB4B493A6AE76D172AF4D55307CF01A755552E,3,0,7,0,1,osmo1spgsz0ef0ce6pcaymtpak0vef65l9ql5qlpkty,genesis1spgsz0ef0ce6pcaymtpak0vef65l9ql5kdxser,10500000000000000000,ibc/F16FDC11A7662B86BC0B9CE61871CBACF7C20606F95E86260FD38915184B75B4,transfer/channel-253/el1,,channel-253,channel-1,connection-1539,598,1.717546643003666E9
5633273|1|1|0|7|1,1.660793039717E9,5633273,block_result,1,4E16099AAE6EDA733217425329456363695EBEABAE701A1565C8F911095AB388,1,0,7,0,1,osmo1wzzlp69vkp8ddhfs0pcrpsh79skjz0jummzws0,genesis1wzzlp69vkp8ddhfs0pcrpsh79skjz0judf9gzg,10999869999999870000,ibc/F16FDC11A7662B86BC0B9CE61871CBACF7C20606F95E86260FD38915184B75B4,transfer/channel-253/el1,,channel-253,channel-1,connection-1539,589,1.717560392982264E9
45372509|1|7|0|9|1,1.759410184847E9,45372509,block_result,1,90F84EF2A4EABB5BE9D0D3381237E6AD6ACC89B87DF2869BBF8E79662255DA04,7,0,9,0,1,osmo14rj9dl3l28t5lhumevlkheddygjvtxck8fx0ja,genesis14rj9dl3l28t5lhumevlkheddygjvtxck3mpfq6,57144000000000000000000,ibc/F16FDC11A7662B86BC0B9CE61871CBACF7C20606F95E86260FD38915184B75B4,transfer/channel-253/el1,,channel-253,channel-1,connection-1539,1512,1.759410187915998E9
45372135|1|1|0|9|1,1.759409687366E9,45372135,block_result,1,7E6847D4E8B9F48416E07DB4B5F3E6FA26E517A81FB72294A9EAEFF5A6EB9EDB,1,0,9,0,1,osmo14rj9dl3l28t5lhumevlkheddygjvtxck8fx0ja,genesis14rj9dl3l28t5lhumevlkheddygjvtxck3mpfq6,119351000000000000000000,ibc/F16FDC11A7662B86BC0B9CE61871CBACF7C20606F95E86260FD38915184B75B4,transfer/channel-253/el1,,channel-253,channel-1,connection-1539,1511,1.759409690082659E9
6312803|1|3|0|7|1,1.664993515137E9,6312803,block_result,1,34C3299FD11C8A80B376A485938A1526A98730946F82C69D898D08C98C6152CD,3,0,7,0,1,osmo15hycee5ppgttjt96kju83jc9hm00qh5wqs0psq,genesis15hycee5ppgttjt96kju83jc9hm00qh5wkzg8z8,5499934999999935000,ibc/F16FDC11A7662B86BC0B9CE61871CBACF7C20606F95E86260FD38915184B75B4,transfer/channel-253/el1,,channel-253,channel-1,connection-1539,897,1.717529122904828E9
6302346|1|19|0|7|1,1.664929685818E9,6302346,block_result,1,33101EC62B1C0A4DD5A5D988DA091D5FA7DD7789C3A9C0661E8A26F5CB58D5AD,19,0,7,0,1,osmo182lpnqqq0umc07hut7xp7j23k32ss3pa9pltx0,genesis182lpnqqq0umc07hut7xp7j23k32ss3panncd5g,3122429844599575639449,ibc/F16FDC11A7662B86BC0B9CE61871CBACF7C20606F95E86260FD38915184B75B4,transfer/channel-253/el1,,channel-253,channel-1,connection-1539,895,1.717529318581204E9
6312911|1|23|0|7|1,1.664994166627E9,6312911,block_result,1,D763B849FE33DE0D46C01F469CCE4A96D1422281622E065BFD593C30D798AB3E,23,0,7,0,1,osmo18lxka45l78ljrceejj336kqc4j0r4kenrslnmh,genesis18lxka45l78ljrceejj336kqc4j0r4ken4zc4fs,5480000000000000000,ibc/F16FDC11A7662B86BC0B9CE61871CBACF7C20606F95E86260FD38915184B75B4,transfer/channel-253/el1,,channel-253,channel-1,connection-1539,898,1.717521262700463E9
6313932|1|5|0|7|1,1.665000382134E9,6313932,block_result,1,5390324E8EE118944E3089830086EFBDCD626554F784D3C134F7E894988F480D,5,0,7,0,1,osmo1c2w7sxnp423935c47zwv32rgmk2zmgt8maswnx,genesis1c2w7sxnp423935c47zwv32rgmk2zmgt8d0hgpp,100000000000000000,ibc/F16FDC11A7662B86BC0B9CE61871CBACF7C20606F95E86260FD38915184B75B4,transfer/channel-253/el1,,channel-253,channel-1,connection-1539,902,1.71752124662516E9
6314095|1|12|0|7|1,1.665001372929E9,6314095,block_result,1,AA7D9CA71F1FABBB26E3A1F87283AA0EDDCF77861241562FEE2FAA4B4B0C1F75,12,0,7,0,1,osmo1c2w7sxnp423935c47zwv32rgmk2zmgt8maswnx,genesis1c2w7sxnp423935c47zwv32rgmk2zmgt8d0hgpp,100000000000000000,ibc/F16FDC11A7662B86BC0B9CE61871CBACF7C20606F95E86260FD38915184B75B4,transfer/channel-253/el1,,channel-253,channel-1,connection-1539,904,1.71752124144881E9
6313981|1|7|0|7|1,1.665000679808E9,6313981,block_result,1,C7625995182396DF3EB347E4F89AB32F7A319534631C8D962E0C51C6A2ABF269,7,0,7,0,1,osmo1c2w7sxnp423935c47zwv32rgmk2zmgt8maswnx,genesis1c2w7sxnp423935c47zwv32rgmk2zmgt8d0hgpp,10000000000000000,ibc/F16FDC11A7662B86BC0B9CE61871CBACF7C20606F95E86260FD38915184B75B4,transfer/channel-253/el1,,channel-253,channel-1,connection-1539,903,1.71752124873482E9
6313860|1|1|0|7|1,1.664999940269E9,6313860,block_result,1,50838CDD37D4F34E959DDC6C9AD1C50BFE1B69778DB30B36046E9CFA0AD7D8BA,1,0,7,0,1,osmo1c2w7sxnp423935c47zwv32rgmk2zmgt8maswnx,genesis1c2w7sxnp423935c47zwv32rgmk2zmgt8d0hgpp,10000000000000000,ibc/F16FDC11A7662B86BC0B9CE61871CBACF7C20606F95E86260FD38915184B75B4,transfer/channel-253/el1,,channel-253,channel-1,connection-1539,901,1.717521253298953E9
6313855|1|1|0|7|1,1.664999913339E9,6313855,block_result,1,854D5EC3047A494B947D8F5F0C4CE2D68CB3F31483B6A4C79BE1E917404B3E9C,1,0,7,0,1,osmo1c2w7sxnp423935c47zwv32rgmk2zmgt8maswnx,genesis1c2w7sxnp423935c47zwv32rgmk2zmgt8d0hgpp,10000000000000000,ibc/F16FDC11A7662B86BC0B9CE61871CBACF7C20606F95E86260FD38915184B75B4,transfer/channel-253/el1,,channel-253,channel-1,connection-1539,900,1.717521245751023E9
6309705|1|8|0|7|1,1.664974269915E9,6309705,block_result,1,EA2C385813BDE90A9B56831C4127C3992C767227C754C7D9D89AF97FDA1C1105,8,0,7,0,1,osmo1t70lfft98c22aqmlgqv6tgyrex7yu4wvyq4z4r,genesis1t70lfft98c22aqmlgqv6tgyrex7yu4wvjjjy8y,10999869999999870000,ibc/F16FDC11A7662B86BC0B9CE61871CBACF7C20606F95E86260FD38915184B75B4,transfer/channel-253/el1,,channel-253,channel-1,connection-1539,896,1.717529256458063E9
6312925|1|14|0|7|1,1.664994253677E9,6312925,block_result,1,BF8C3110CF24877BBFAC44305029488FB460ECA84DED476D956658B41B006C3D,14,0,7,0,1,osmo1zyfgmmctnhllyhydmtry8epagdk4328a6hx2gu,genesis1zyfgmmctnhllyhydmtry8epagdk4328av9pv6m,5480000000000000000,ibc/F16FDC11A7662B86BC0B9CE61871CBACF7C20606F95E86260FD38915184B75B4,transfer/channel-253/el1,,channel-253,channel-1,connection-1539,899,1.717521452455522E9
14274145|1|29|0|9|1,1.710298068153E9,14274145,block_result,1,E00F51589B5D84C68A2797697000C76300CE81DF242A7F8BD35B79CFE0CF7C74,29,0,9,0,1,osmo16aypymlama0lk5s8c9s30s09eacpvwnav7ewjv,genesis16aypymlama0lk5s8c9s30s09eacpvwna6v7gqt,811000000000000000000,ibc/F16FDC11A7662B86BC0B9CE61871CBACF7C20606F95E86260FD38915184B75B4,transfer/channel-253/el1,,channel-253,channel-1,connection-1539,1256,1.717036915367598E9
14275303|1|9|0|9|1,1.710303714661E9,14275303,block_result,1,4C8101C095F025A9EBFA0A99AF77BE2E10672872C8431CD5C158B3A0C9BD245C,9,0,9,0,1,osmo182dudq2zyucgrax5uk6tws0mxne7zv39v08u6r,genesis182dudq2zyucgrax5uk6tws0mxne7zv396aq6gy,722441960000000000,ibc/F16FDC11A7662B86BC0B9CE61871CBACF7C20606F95E86260FD38915184B75B4,transfer/channel-253/el1,,channel-253,channel-1,connection-1539,1257,1.717036911283854E9
57327940|1|0|0|9|1,1.773778686196E9,57327940,block_result,1,39654A7E11B730CF53D6C9B5DD141D22D0CAA8DCB637A87367D648034970D5C6,0,0,9,0,1,osmo16aypymlama0lk5s8c9s30s09eacpvwnav7ewjv,genesis16aypymlama0lk5s8c9s30s09eacpvwna6v7gqt,14650000000000000000000,ibc/F16FDC11A7662B86BC0B9CE61871CBACF7C20606F95E86260FD38915184B75B4,transfer/channel-253/el1,,channel-253,channel-1,connection-1539,1584,1.773778688508E9
5700652|1|1|0|7|1,1.661209417722E9,5700652,block_result,1,2789A48371125434D88647A3A24ED0C8D297B90C9630B6632529F69CC878A8D0,1,0,7,0,1,osmo12wdcv2lm6uhyh5f6ytjvh2nlkukrmkdkudtduz,genesis12wdcv2lm6uhyh5f6ytjvh2nlkukrmkdk2lvtw9,47956560735875747401,ibc/F16FDC11A7662B86BC0B9CE61871CBACF7C20606F95E86260FD38915184B75B4,transfer/channel-253/el1,,channel-253,channel-1,connection-1539,657,1.717555655367719E9
5700596|1|5|0|7|1,1.661209076563E9,5700596,block_result,1,0D23A50D1AD7A53F9F73B495BF42EED94C90F1B97B18D1ABDA264FFEE6B41F76,5,0,7,0,1,osmo13uup3md785lsd74aws4hx2et052mferw8n6yat,genesis13uup3md785lsd74aws4hx2et052mferw3paz0v,261296997082081067931,ibc/F16FDC11A7662B86BC0B9CE61871CBACF7C20606F95E86260FD38915184B75B4,transfer/channel-253/el1,,channel-253,channel-1,connection-1539,656,1.7175556840672E9
5688837|1|7|0|7|1,1.661136386838E9,5688837,block_result,1,402A4D834AE1EE607FB706B93C0B7A2C37B5B44DC25175715DE2FF7132B94B33,7,0,7,0,1,osmo13uup3md785lsd74aws4hx2et052mferw8n6yat,genesis13uup3md785lsd74aws4hx2et052mferw3paz0v,279015847614432766243,ibc/F16FDC11A7662B86BC0B9CE61871CBACF7C20606F95E86260FD38915184B75B4,transfer/channel-253/el1,,channel-253,channel-1,connection-1539,650,1.71755567235746E9
5694892|1|0|0|7|1,1.661173498492E9,5694892,block_result,1,991711FA7239D081C3BA5F773D20B1D91C5C7517DF3BAFB44F58DBACED8B39C4,0,0,7,0,1,osmo18n33ywygvrrzqspewsh7f5c4dkp00le0mjxfr8,genesis18n33ywygvrrzqspewsh7f5c4dkp00le0dqp03q,38239428958617611797,ibc/F16FDC11A7662B86BC0B9CE61871CBACF7C20606F95E86260FD38915184B75B4,transfer/channel-253/el1,,channel-253,channel-1,connection-1539,652,1.717545851360938E9
5700531|1|23|0|7|1,1.661208675251E9,5700531,block_result,1,4B706B6EE039E29FF00276239D0CD188C021547E3637ECAD441950C6E4B9316F,23,0,7,0,1,osmo1gu92w3wkwawq6q8epdsyce6x7q5gzvv528l74c,genesis1gu92w3wkwawq6q8epdsyce6x7q5gzvv5u4cc8l,10000000000000000000,ibc/F16FDC11A7662B86BC0B9CE61871CBACF7C20606F95E86260FD38915184B75B4,transfer/channel-253/el1,,channel-253,channel-1,connection-1539,655,1.717555686262743E9
5699051|1|2|0|7|1,1.661199554752E9,5699051,block_result,1,F75AF5287054B4FEF3B630F9BA6BE4AC7031AF08578D51F7D93691748D1F29CD,2,0,7,0,1,osmo1h5shnh6dnjtalh84cxl04taa2klvkz5fg6fjr7,genesis1h5shnh6dnjtalh84cxl04taa2klvkz5f7gw53e,350549037945162496722,ibc/F16FDC11A7662B86BC0B9CE61871CBACF7C20606F95E86260FD38915184B75B4,transfer/channel-253/el1,,channel-253,channel-1,connection-1539,653,1.717555694927077E9
5699610|1|24|0|7|1,1.661203007573E9,5699610,block_result,1,38DBAC10C6C5762C31F87D45DB7265CBCF6E3E0BAEE926CD40FD7636EF3CD824,24,0,7,0,1,osmo1jnpevf3zg3wc3vyqssxu96lz899g00skk60rtg,genesis1jnpevf3zg3wc3vyqssxu96lz899g00skqgg9e0,319049171402010369177,ibc/F16FDC11A7662B86BC0B9CE61871CBACF7C20606F95E86260FD38915184B75B4,transfer/channel-253/el1,,channel-253,channel-1,connection-1539,654,1.717545816714764E9
5693423|1|6|0|7|1,1.661164490851E9,5693423,block_result,1,556DE58CDA9449294A93DC96273EDBA4F029B20E02B8BCEEF0957C7207381AE8,6,0,7,0,1,osmo1me3hg2l74zn5ag9y879u7re4cp4dxea9h5d45s,genesis1me3hg2l74zn5ag9y879u7re4cp4dxea9px2nxh,2190511377977093734,ibc/F16FDC11A7662B86BC0B9CE61871CBACF7C20606F95E86260FD38915184B75B4,transfer/channel-253/el1,,channel-253,channel-1,connection-1539,651,1.717545793730376E9
5688663|1|0|0|7|1,1.661135319169E9,5688663,block_result,1,03BE8BF535ABBA8333C4163DCBFB14AEB07F414908285B14FF1182766D2D8B80,0,0,7,0,1,osmo1p59gee55s8gu5j05ejxvr56elv2pewtvl35lzt,genesis1p59gee55s8gu5j05ejxvr56elv2pewtvfrnesv,204440707238646279039,ibc/F16FDC11A7662B86BC0B9CE61871CBACF7C20606F95E86260FD38915184B75B4,transfer/channel-253/el1,,channel-253,channel-1,connection-1539,649,1.71754585077896E9
6028981|1|20|0|7|1,1.66323106881E9,6028981,block_result,1,1CE355C4570931E50CCAAC1F295E0CA5C36FE36BA4BFB2798824072FACBED9A0,20,0,7,0,1,osmo163ndtplrrpkh2faf2c0y6t9v86llx86q6spzwl,genesis163ndtplrrpkh2faf2c0y6t9v86llx86qvzxyuc,567478418853743962,ibc/F16FDC11A7662B86BC0B9CE61871CBACF7C20606F95E86260FD38915184B75B4,transfer/channel-253/el1,,channel-253,channel-1,connection-1539,821,1.717532117911752E9
6034232|1|42|0|7|1,1.663263612556E9,6034232,block_result,1,63C53B39301FC3CD80EBA161066626C224DC3F24B4F1BA426FE61FEB4A115D78,42,0,7,0,1,osmo17uuc7cxwj7lerz7cx0kv8u70zl8r5dk7kqa6ud,genesis17uuc7cxwj7lerz7cx0kv8u70zl8r5dk7qj6uw2,10000000000000000000,ibc/F16FDC11A7662B86BC0B9CE61871CBACF7C20606F95E86260FD38915184B75B4,transfer/channel-253/el1,,channel-253,channel-1,connection-1539,822,1.717540439475394E9
8344217|1|42|0|7|1,1.676781506954E9,8344217,block_result,1,4E0EA3D303682C2BD8216FBF979C083378696AA9A7B15DD52753D3FA866F76E4,42,0,7,0,1,osmo1nq2qm9cdjhqqdune0mn3ldwmza9ej3zcysnjfx,genesis1nq2qm9cdjhqqdune0mn3ldwmza9ej3zcjz55mp,51208000000000000000000,ibc/F16FDC11A7662B86BC0B9CE61871CBACF7C20606F95E86260FD38915184B75B4,transfer/channel-253/el1,,channel-253,channel-1,connection-1539,1148,1.717470489924215E9
14319161|1|13|0|9|1,1.710521299669E9,14319161,block_result,1,2EF5C22FBC91F1CFB535AD7AE66391FBC30AD953AB19A5A05ECC12AABAF495F0,13,0,9,0,1,osmo1hmvnht5pmajf8gv6v9lqxe3yptl6zhpgdgw4es,genesis1hmvnht5pmajf8gv6v9lqxe3yptl6zhpgm6fnth,663609238955687778,ibc/F16FDC11A7662B86BC0B9CE61871CBACF7C20606F95E86260FD38915184B75B4,transfer/channel-253/el1,,channel-253,channel-1,connection-1539,1264,1.717042098932457E9
14319961|1|44|0|9|1,1.710525528013E9,14319961,block_result,1,B0E6C4C72C1A51127D7665BA703FB7F7511FD8CDDCD0332AE74A57E4F7611C13,44,0,9,0,1,osmo16aypymlama0lk5s8c9s30s09eacpvwnav7ewjv,genesis1klle9xecgvklpqyfvjcxeepdma6np9jeqfqv44,125000000000000000000,ibc/F16FDC11A7662B86BC0B9CE61871CBACF7C20606F95E86260FD38915184B75B4,transfer/channel-253/el1,,channel-253,channel-1,connection-1539,1265,1.717035236985541E9
14313358|1|3|0|9|1,1.710492818567E9,14313358,block_result,1,61C73180C573FDC5E8090B6F9F5E61EABC63A2B0A9B853784162C3971F8D5B47,3,0,9,0,1,osmo1vmjdd0uh783h6068nvjsvw0uvs57v5h50793hw,genesis1vmjdd0uh783h6068nvjsvw0uvs57v5h5evzh9f,1000000000000000000,ibc/F16FDC11A7662B86BC0B9CE61871CBACF7C20606F95E86260FD38915184B75B4,transfer/channel-253/el1,,channel-253,channel-1,connection-1539,1262,1.717035839006601E9
14313421|1|22|0|9|1,1.710493129214E9,14313421,block_result,1,BA4EE6BE1BC076FA0E02AD0AFDD9285ABDBE47EE117C5AC854CBD84254605388,22,0,9,0,1,osmo1vmjdd0uh783h6068nvjsvw0uvs57v5h50793hw,genesis1vmjdd0uh783h6068nvjsvw0uvs57v5h5evzh9f,1000000000000000000,ibc/F16FDC11A7662B86BC0B9CE61871CBACF7C20606F95E86260FD38915184B75B4,transfer/channel-253/el1,,channel-253,channel-1,connection-1539,1263,1.717035806684815E9
6340198|1|1|0|7|1,1.665159799014E9,6340198,block_result,1,5DBEE567D406D7F3364AFEF360648D39D02297D1BD875342F3898676EF5C3333,1,0,7,0,1,osmo18n33ywygvrrzqspewsh7f5c4dkp00le0mjxfr8,genesis18n33ywygvrrzqspewsh7f5c4dkp00le0dqp03q,867229676035005624357,ibc/F16FDC11A7662B86BC0B9CE61871CBACF7C20606F95E86260FD38915184B75B4,transfer/channel-253/el1,,channel-253,channel-1,connection-1539,916,1.717528812484121E9
6332019|1|2|0|7|1,1.665110453015E9,6332019,block_result,1,C250FD497D43DFC54501A5CED5259D92CBA38F86E43802435D2E8202E20D0258,2,0,7,0,1,osmo1984ucd9z0k0920qzfznqaaktt4rajhx697ha5k,genesis1984ucd9z0k0920qzfznqaaktt4rajhx6nvsmx3,10996619999999870000,ibc/F16FDC11A7662B86BC0B9CE61871CBACF7C20606F95E86260FD38915184B75B4,transfer/channel-253/el1,,channel-253,channel-1,connection-1539,915,1.7175289497301E9
6331972|1|9|0|7|1,1.665110176529E9,6331972,block_result,1,CACFD310DA0F920F4074A850A454295C4E71AE1C6A27A146F2950B00BBD63B26,9,0,7,0,1,osmo1jgcpfh7ft5y8wch47nasuwx5gkmgfkurj2ap3l,genesis1jgcpfh7ft5y8wch47nasuwx5gkmgfkuryc68rc,11000869999999999054,ibc/F16FDC11A7662B86BC0B9CE61871CBACF7C20606F95E86260FD38915184B75B4,transfer/channel-253/el1,,channel-253,channel-1,connection-1539,914,1.717528941981973E9
6103954|1|23|0|7|1,1.663689386532E9,6103954,block_result,1,937C0359C1F775D451537E52B4B0419F57F7298E29A754FC9EFACBAB7F0F9F4E,23,0,7,0,1,osmo14fgf2djrhsx4aykvnwtl98uj6nqvzn0kucrldg,genesis12hckdk0k5wvpucxa5q77vhn7hhtnsshz6r40vx,4444233772429988763666,ibc/F16FDC11A7662B86BC0B9CE61871CBACF7C20606F95E86260FD38915184B75B4,transfer/channel-253/el1,,channel-253,channel-1,connection-1539,839,1.717537326342726E9
6803547|1|37|0|7|1,1.66792823086E9,6803547,block_result,1,885DDDBC743217855BF1777EFD346AE476181BCAF6862BAF3EF067F991C44F3C,37,0,7,0,1,osmo169vvypd3zsyt4ylz6f443m2xljvqphp3mt5nau,genesis169vvypd3zsyt4ylz6f443m2xljvqphp3den40m,10999869999999870000,ibc/F16FDC11A7662B86BC0B9CE61871CBACF7C20606F95E86260FD38915184B75B4,transfer/channel-253/el1,,channel-253,channel-1,connection-1539,1013,1.71750715135645E9
15851650|1|2|0|9|1,1.716084274871E9,15851650,block_result,1,7A8E0F006A13EAAF6004518692052CA16E635D4F138242BE5214635569C7E1A5,2,0,9,0,1,osmo16aypymlama0lk5s8c9s30s09eacpvwnav7ewjv,genesis16aypymlama0lk5s8c9s30s09eacpvwna6v7gqt,1766512976175521303265,ibc/F16FDC11A7662B86BC0B9CE61871CBACF7C20606F95E86260FD38915184B75B4,transfer/channel-253/el1,,channel-253,channel-1,connection-1539,1354,1.716990586491768E9
15871303|1|2|0|9|1,1.716140977563E9,15871303,block_result,1,AA28EE4CF6F0A7AE014B475E0C75FD550D55F80B3E5FD24360DFFF7AC2D9EDB7,2,0,9,0,1,osmo1aedaw6l8emqaclg352xhuh6mt935tzcg26wgrh,genesis1aedaw6l8emqaclg352xhuh6mt935tzcgugfw3s,13801604568596186735,ibc/F16FDC11A7662B86BC0B9CE61871CBACF7C20606F95E86260FD38915184B75B4,transfer/channel-253/el1,,channel-253,channel-1,connection-1539,1355,1.716988951728086E9
5795351|1|4|0|7|1,1.661794454983E9,5795351,block_result,1,4362B30E6357D787B0BDBEECF31B59F82EBC03223F2F5493311DB0B97858A7BC,4,0,7,0,1,osmo1c8jqdea0nqrvjd7nfg3vfy4shc7lxamgkeueg6,genesis1c8jqdea0nqrvjd7nfg3vfy4shc7lxamgqtml6a,32999675746999870000,ibc/F16FDC11A7662B86BC0B9CE61871CBACF7C20606F95E86260FD38915184B75B4,transfer/channel-253/el1,,channel-253,channel-1,connection-1539,739,1.717550427747766E9
5785537|1|1|0|7|1,1.661733561643E9,5785537,block_result,1,1FAFE378E52C40989EF19CCB3D8F8EB3FF078A6E9CE8C99DD7741AA91A83243E,1,0,7,0,1,osmo1me3hg2l74zn5ag9y879u7re4cp4dxea9h5d45s,genesis1me3hg2l74zn5ag9y879u7re4cp4dxea9px2nxh,1750000000000000000,ibc/F16FDC11A7662B86BC0B9CE61871CBACF7C20606F95E86260FD38915184B75B4,transfer/channel-253/el1,,channel-253,channel-1,connection-1539,738,1.717552040627492E9
14347427|1|2|0|9|1,1.710661075216E9,14347427,block_result,1,E7B4B6A388C0DAA1B7BF6DD08EF4807FD5E9F228E98F2BAC208A7EE6F2C31EB5,2,0,9,0,1,osmo1ctdj2dk67fd9yp2xt48m0f3jr45v3xyps5akh6,genesis1ctdj2dk67fd9yp2xt48m0f3jr45v3xypxx6s9a,79256000000000000000000,ibc/F16FDC11A7662B86BC0B9CE61871CBACF7C20606F95E86260FD38915184B75B4,transfer/channel-253/el1,,channel-253,channel-1,connection-1539,1274,1.717034722022224E9
14347384|1|0|0|9|1,1.7106608634E9,14347384,block_result,1,CF9EC833CD3EEE2083337B3590DADC99E15A56662937B1D83C99A666A044F69D,0,0,9,0,1,osmo1g8lsgaukudrj2y7nuv27yew5c6e7a829z9jztu,genesis1g8lsgaukudrj2y7nuv27yew5c6e7a8295h4yem,32545000000000000000000,ibc/F16FDC11A7662B86BC0B9CE61871CBACF7C20606F95E86260FD38915184B75B4,transfer/channel-253/el1,,channel-253,channel-1,connection-1539,1273,1.7170347251229E9
5124207|1|7|0|7|1,1.657623007961E9,5124207,block_result,1,9800DD663C7D0F9A770E99DE1DF4DFB4A811DC8DECF0CFD542C25802D3DEE743,7,0,7,0,1,osmo172cnthwf79m6ey8w8l50407hrjn6pvlkpdus8x,genesis172cnthwf79m6ey8w8l50407hrjn6pvlkhlmk4p,5000000000000000000,ibc/F16FDC11A7662B86BC0B9CE61871CBACF7C20606F95E86260FD38915184B75B4,transfer/channel-253/el1,,channel-253,channel-1,connection-1539,392,1.717588033467198E9
5120242|1|10|0|7|1,1.657598334791E9,5120242,block_result,1,37C171C9502C2A16CCFEE4FE55602A01C3528BED1C0DB391927E4DA32C1F5040,10,0,7,0,1,osmo19l9wsymdh3mp7munzrlk8rs03ttnu2uaujyktu,genesis19l9wsymdh3mp7munzrlk8rs03ttnu2ua2qrsem,51738991302119987160,ibc/F16FDC11A7662B86BC0B9CE61871CBACF7C20606F95E86260FD38915184B75B4,transfer/channel-253/el1,,channel-253,channel-1,connection-1539,391,1.717588327887412E9
5765849|1|12|0|7|1,1.661611415752E9,5765849,block_result,1,5BCD28459E8CE4359853B04908832409CACAA9C91E1AA501D33BA863B2FEE651,12,0,7,0,1,osmo1g94062p2vr0qju4rltyxextdk7exszghdplc7w,genesis102xsmcfk73mfge5h6yxqj63jl63u9t7hxnvwsl,10500000000000000000,ibc/F16FDC11A7662B86BC0B9CE61871CBACF7C20606F95E86260FD38915184B75B4,transfer/channel-253/el1,,channel-253,channel-1,connection-1539,722,1.717552248432191E9
5765830|1|8|0|7|1,1.661611302185E9,5765830,block_result,1,006D5BC8260BB96A55BD253C531E1B3E578B9D1FF15F6C8BDD848A2F6B08FD00,8,0,7,0,1,osmo1g94062p2vr0qju4rltyxextdk7exszghdplc7w,genesis14s978mkpyy2kz2zjrzqewp0es3g08uacjhg4q7,10500000000000000000,ibc/F16FDC11A7662B86BC0B9CE61871CBACF7C20606F95E86260FD38915184B75B4,transfer/channel-253/el1,,channel-253,channel-1,connection-1539,719,1.717553886083657E9
5763239|1|20|0|7|1,1.661595465288E9,5763239,block_result,1,F8D5DE8855D3D234C5F6F98BCB939465BDC1F6CEEAB3C1E8FCACE64F59670E70,20,0,7,0,1,osmo163ndtplrrpkh2faf2c0y6t9v86llx86q6spzwl,genesis163ndtplrrpkh2faf2c0y6t9v86llx86qvzxyuc,64236663656396022,ibc/F16FDC11A7662B86BC0B9CE61871CBACF7C20606F95E86260FD38915184B75B4,transfer/channel-253/el1,,channel-253,channel-1,connection-1539,716,1.71755390883706E9
5765820|1|9|0|7|1,1.66161124107E9,5765820,block_result,1,CFC38F2636E3432D296EBAF7F84E43E5952DCB5B6EAC97B1CCD3220D44F8040F,9,0,7,0,1,osmo1g94062p2vr0qju4rltyxextdk7exszghdplc7w,genesis16v4kqtefka4z04x3tm7chejna8vpk7atlp8wc5,10500000000000000000,ibc/F16FDC11A7662B86BC0B9CE61871CBACF7C20606F95E86260FD38915184B75B4,transfer/channel-253/el1,,channel-253,channel-1,connection-1539,718,1.717543721032984E9
5765836|1|1|0|7|1,1.661611339003E9,5765836,block_result,1,B690781E29E69C6BB486ADA929EE22828F0827A5588841108C8C769F4F20BADA,1,0,7,0,1,osmo1g94062p2vr0qju4rltyxextdk7exszghdplc7w,genesis1ccrdkhte283h0s9kqd2uydelh6k2n8mze6lqqh,10500000000000000000,ibc/F16FDC11A7662B86BC0B9CE61871CBACF7C20606F95E86260FD38915184B75B4,transfer/channel-253/el1,,channel-253,channel-1,connection-1539,720,1.717552163424188E9
5757762|1|5|0|7|1,1.661561872584E9,5757762,block_result,1,EDA46B4CD319138EA992075ED284BE058FBE1D4CEE8409A5A0E70FC91DF88894,5,0,7,0,1,osmo1h5shnh6dnjtalh84cxl04taa2klvkz5fg6fjr7,genesis1h5shnh6dnjtalh84cxl04taa2klvkz5f7gw53e,2673651433347125674,ibc/F16FDC11A7662B86BC0B9CE61871CBACF7C20606F95E86260FD38915184B75B4,transfer/channel-253/el1,,channel-253,channel-1,connection-1539,715,1.717543781290388E9
5767222|1|1|0|7|1,1.661619822062E9,5767222,block_result,1,6B93AFB422C0751799CD0B91EC5B172A8D52979414C83C87D5919A1DB4466A4F,1,0,7,0,1,osmo1h8uj22du0ka3ylq6rnx00cupey9y6e4jdxrpvp,genesis1h8uj22du0ka3ylq6rnx00cupey9y6e4jm5y87x,1521186724012276683537,ibc/F16FDC11A7662B86BC0B9CE61871CBACF7C20606F95E86260FD38915184B75B4,transfer/channel-253/el1,,channel-253,channel-1,connection-1539,725,1.717543700066604E9
5770479|1|0|0|7|1,1.661640390524E9,5770479,block_result,1,C7564BBB3DAC3A588780DEEB2AD929F918B52C33FC4B58318B6155ACA460DEA9,0,0,7,0,1,osmo1me3hg2l74zn5ag9y879u7re4cp4dxea9h5d45s,genesis1me3hg2l74zn5ag9y879u7re4cp4dxea9px2nxh,3794796343047710526,ibc/F16FDC11A7662B86BC0B9CE61871CBACF7C20606F95E86260FD38915184B75B4,transfer/channel-253/el1,,channel-253,channel-1,connection-1539,728,1.717553853139862E9
5764713|1|4|0|7|1,1.661604465265E9,5764713,block_result,1,6E6C7DEB9C99CD668AFBDC1AF29D387CD9D04C8180F7DFF67D182A30EE8F7A2A,4,0,7,0,1,osmo1me3hg2l74zn5ag9y879u7re4cp4dxea9h5d45s,genesis1me3hg2l74zn5ag9y879u7re4cp4dxea9px2nxh,1031017910616059747,ibc/F16FDC11A7662B86BC0B9CE61871CBACF7C20606F95E86260FD38915184B75B4,transfer/channel-253/el1,,channel-253,channel-1,connection-1539,717,1.717553932492297E9
5770459|1|22|0|7|1,1.661640267298E9,5770459,block_result,1,BC14BB40DFAB7B5E25F78A18833BD7C1E80044CF5277D94AC7AAA8E40E70CDC9,22,0,7,0,1,osmo1me3hg2l74zn5ag9y879u7re4cp4dxea9h5d45s,genesis1me3hg2l74zn5ag9y879u7re4cp4dxea9px2nxh,172714101694914521,ibc/F16FDC11A7662B86BC0B9CE61871CBACF7C20606F95E86260FD38915184B75B4,transfer/channel-253/el1,,channel-253,channel-1,connection-1539,727,1.717554260598145E9
5765844|1|17|0|7|1,1.661611388137E9,5765844,block_result,1,296678A2093C6665F17F5DA14D67706184D56B0F64B9351B0FE674B445159D49,17,0,7,0,1,osmo1g94062p2vr0qju4rltyxextdk7exszghdplc7w,genesis1py0kuqlnwl0v3f9qalhyhq3wqgmqthqy3r2ss9,10500000000000000000,ibc/F16FDC11A7662B86BC0B9CE61871CBACF7C20606F95E86260FD38915184B75B4,transfer/channel-253/el1,,channel-253,channel-1,connection-1539,721,1.717552247622158E9
5768766|1|19|0|7|1,1.661629822265E9,5768766,block_result,1,FA0000AB20B17F162D5277BEB1D1263873D498061AF4F650F667541942D1BCDB,19,0,7,0,1,osmo1xjvhpmflhue38mc8j75gqj2h0fds9guxqen8zj,genesis1xjvhpmflhue38mc8j75gqj2h0fds9guxkt5ps4,307198948583645084868,ibc/F16FDC11A7662B86BC0B9CE61871CBACF7C20606F95E86260FD38915184B75B4,transfer/channel-253/el1,,channel-253,channel-1,connection-1539,726,1.717552033546238E9
5765858|1|13|0|7|1,1.661611470821E9,5765858,block_result,1,D6AB4E008A9780457D2A4F9F7312289B3A8431A7FE9FEA3AF0FDC8DA5AE9F418,13,0,7,0,1,osmo1g94062p2vr0qju4rltyxextdk7exszghdplc7w,genesis1ydv0mu68752ttehle75flrpglgaquk8053rme5,11375630072448436507,ibc/F16FDC11A7662B86BC0B9CE61871CBACF7C20606F95E86260FD38915184B75B4,transfer/channel-253/el1,,channel-253,channel-1,connection-1539,724,1.717552227861119E9
5765854|1|20|0|7|1,1.6616114461E9,5765854,block_result,1,66B62AD7D45AABBD7E20EC4A8E49BA8B8FAC10F4C7006CA483EC91174AC74A21,20,0,7,0,1,osmo1g94062p2vr0qju4rltyxextdk7exszghdplc7w,genesis1ydv0mu68752ttehle75flrpglgaquk8053rme5,11000000000000000000,ibc/F16FDC11A7662B86BC0B9CE61871CBACF7C20606F95E86260FD38915184B75B4,transfer/channel-253/el1,,channel-253,channel-1,connection-1539,723,1.717552162857094E9
4727066|1|36|0|7|1,1.655141049917E9,4727066,block_result,1,39AC21EAF0AFC3DE7553D9426E17E5571FCF51BF0AB7170BF8E0AFCF11661EDB,36,0,7,0,1,osmo16jexsf558vvdwwl2cfj0mzr4x63xjpac5cs9rv,genesis16jexsf558vvdwwl2cfj0mzr4x63xjpacz2hr3t,150000000000000000000,ibc/F16FDC11A7662B86BC0B9CE61871CBACF7C20606F95E86260FD38915184B75B4,transfer/channel-253/el1,,channel-253,channel-1,connection-1539,251,1.717605787364376E9
4728402|1|0|0|7|1,1.655149438292E9,4728402,block_result,1,9B389C58D1FA44408605DE0BBFEA46EBF223C4FDC4385F35BEDD21E25D49827C,0,0,7,0,1,osmo1u73e52tuw50t84cn4rsn90sgcz56etaz2e7lgp,genesis1u73e52tuw50t84cn4rsn90sgcz56etazutee6x,10999869999999870000,ibc/F16FDC11A7662B86BC0B9CE61871CBACF7C20606F95E86260FD38915184B75B4,transfer/channel-253/el1,,channel-253,channel-1,connection-1539,254,1.717583572521338E9
4717481|1|1|0|7|1,1.655080935306E9,4717481,block_result,1,2D7F321F6E66B5729A2C6B7CC66283904D5F77F9FBCD5616D614DCF4DE0B7795,1,0,7,0,1,osmo1s9l6lgx5ufulhu9ctnfuadut9eg35qywk9msa4,genesis1s9l6lgx5ufulhu9ctnfuadut9eg35qywqhuk0j,6000000000000000000,ibc/F16FDC11A7662B86BC0B9CE61871CBACF7C20606F95E86260FD38915184B75B4,transfer/channel-253/el1,,channel-253,channel-1,connection-1539,228,1.717583722091702E9
4723541|1|2|0|7|1,1.655118694641E9,4723541,block_result,1,734CCC35F80E63188E7BB0F52A43CD48680F12A6051D1A8715833707603E6194,2,0,7,0,1,osmo185vnrg4u37y2spux4jphlsr3qmv353agnjk0rs,genesis185vnrg4u37y2spux4jphlsr3qmv353ag9q3f3h,600000000000000000,ibc/F16FDC11A7662B86BC0B9CE61871CBACF7C20606F95E86260FD38915184B75B4,transfer/channel-253/el1,,channel-253,channel-1,connection-1539,245,1.717583580952501E9
4719728|1|2|0|7|1,1.655094950145E9,4719728,block_result,1,578477DBCE7CAF8BD021252999D2DCDD89F79BAA84B0ABFB91DD6CE2A09C8255,2,0,7,0,1,osmo1ag940t2gd4sn0wey7xgfjl83x2t5v62m6629pc,genesis1ag940t2gd4sn0wey7xgfjl83x2t5v62mvgdrnl,11095293788764514724503,ibc/F16FDC11A7662B86BC0B9CE61871CBACF7C20606F95E86260FD38915184B75B4,transfer/channel-253/el1,,channel-253,channel-1,connection-1539,237,1.717605819190334E9
4722637|1|2|0|7|1,1.655113046392E9,4722637,block_result,1,8E0CF4C71CC18E42E8B5FE630A1FC2DAC6D4B764E2FCF9CB49B605E9A6F1F4EE,2,0,7,0,1,osmo1df6nprg53qsydl72gjzks2lj9frf6p08a36mc5,genesis1df6nprg53qsydl72gjzks2lj9frf6p08traa2n,10999869999999870000,ibc/F16FDC11A7662B86BC0B9CE61871CBACF7C20606F95E86260FD38915184B75B4,transfer/channel-253/el1,,channel-253,channel-1,connection-1539,242,1.717605011792447E9
4718182|1|2|0|7|1,1.655085320527E9,4718182,block_result,1,F28B232DD73A9F959E1205862320C3344A5BF9D54069D64DC3DF6AF8202E233D,2,0,7,0,1,osmo1ecwa05qzt2f5lczcf0dxc8gnd3n6vxare5n6zj,genesis1ecwa05qzt2f5lczcf0dxc8gnd3n6vxar0x5us4,250252417405354765553,ibc/F16FDC11A7662B86BC0B9CE61871CBACF7C20606F95E86260FD38915184B75B4,transfer/channel-253/el1,,channel-253,channel-1,connection-1539,230,1.717583939390608E9
4718366|1|3|0|7|1,1.655086464602E9,4718366,block_result,1,4451AE3DD54815F580911C273472D6F47CC90A38F57349AF1E5DA7ACC98E1928,3,0,7,0,1,osmo10yu8w9p4p0szf2xwhtndmfjnp0gfk4j7j3azdm,genesis10yu8w9p4p0szf2xwhtndmfjnp0gfk4j7yr6ylu,15829000000000000000000,ibc/F16FDC11A7662B86BC0B9CE61871CBACF7C20606F95E86260FD38915184B75B4,transfer/channel-253/el1,,channel-253,channel-1,connection-1539,232,1.717604098234394E9
4721940|1|4|0|7|1,1.655108716223E9,4721940,block_result,1,B0649CB92C5863A51CC927FDF9071C97CB015C3E54CE9576AA1E5C15AED689DE,4,0,7,0,1,osmo16q8mm4ywqe0h2nxyxs4c5ldgvcp46e0w5u6qr5,genesis16q8mm4ywqe0h2nxyxs4c5ldgvcp46e0wzwax3n,10999869999999870000,ibc/F16FDC11A7662B86BC0B9CE61871CBACF7C20606F95E86260FD38915184B75B4,transfer/channel-253/el1,,channel-253,channel-1,connection-1539,241,1.717583623039258E9
4725440|1|4|0|7|1,1.655130528456E9,4725440,block_result,1,5A3F792073DEA36158A62679C2FC66816DC9A48FA3FD85CABE32CFB9DEDA22D7,4,0,7,0,1,osmo1m20wyugxnse56q2lfmm9txyk2fx39s6fx5sx8f,genesis1m20wyugxnse56q2lfmm9txyk2fx39s6fsxhq4w,10999869999999870000,ibc/F16FDC11A7662B86BC0B9CE61871CBACF7C20606F95E86260FD38915184B75B4,transfer/channel-253/el1,,channel-253,channel-1,connection-1539,247,1.71760577421887E9
4724706|1|4|0|7|1,1.655125945128E9,4724706,block_result,1,CF31C0FFB076B3ACFC2976660902BC5988BD52BDBFAE47683FAFB7206AAEF1F1,4,0,7,0,1,osmo1tnyrxmdk6jtw8vqsq74z8t8y562mgcf7ewx638,genesis1tnyrxmdk6jtw8vqsq74z8t8y562mgcf70upurq,10999869999999870000,ibc/F16FDC11A7662B86BC0B9CE61871CBACF7C20606F95E86260FD38915184B75B4,transfer/channel-253/el1,,channel-253,channel-1,connection-1539,246,1.717605780010729E9
4719325|1|5|0|7|1,1.655092434023E9,4719325,block_result,1,293EAB5C238A38FAC0B5381B1B2713CEF9F8A9DB96A3A3EC2D49B5CE9FECF425,5,0,7,0,1,osmo1j38d8t2ls5r4kv2h424w3n0sumayr86tdx8qnq,genesis1j38d8t2ls5r4kv2h424w3n0sumayr86tm5qxp8,2193000000000000000000,ibc/F16FDC11A7662B86BC0B9CE61871CBACF7C20606F95E86260FD38915184B75B4,transfer/channel-253/el1,,channel-253,channel-1,connection-1539,234,1.717583678493462E9
4725821|1|6|0|7|1,1.655132917343E9,4725821,block_result,1,B6035AB3C8037949EFEAD09A1CE6516EA056B0DF188D5EE6EC5AFF31588897CF,6,0,7,0,1,osmo16jexsf558vvdwwl2cfj0mzr4x63xjpac5cs9rv,genesis16jexsf558vvdwwl2cfj0mzr4x63xjpacz2hr3t,55893328049499085503,ibc/F16FDC11A7662B86BC0B9CE61871CBACF7C20606F95E86260FD38915184B75B4,transfer/channel-253/el1,,channel-253,channel-1,connection-1539,249,1.717606054416951E9
4720747|1|7|0|7|1,1.65510129054E9,4720747,block_result,1,ED58251BF4A819DA39715DBE93F64EBC4F300ADB97C71635389A8901E7967A45,7,0,7,0,1,osmo17peurnyjqd9up8j3xu2wwuvxrjtnqsv6495l5e,genesis17peurnyjqd9up8j3xu2wwuvxrjtnqsv6rhnex7,10999869999999870000,ibc/F16FDC11A7662B86BC0B9CE61871CBACF7C20606F95E86260FD38915184B75B4,transfer/channel-253/el1,,channel-253,channel-1,connection-1539,239,1.71758371036615E9
4719667|1|7|0|7|1,1.655094570779E9,4719667,block_result,1,4D581A13465E41F74A6E852997471FE81815AC621A3095B9E5E960B12817CFA7,7,0,7,0,1,osmo1ag940t2gd4sn0wey7xgfjl83x2t5v62m6629pc,genesis1ag940t2gd4sn0wey7xgfjl83x2t5v62mvgdrnl,5000000000000000000000,ibc/F16FDC11A7662B86BC0B9CE61871CBACF7C20606F95E86260FD38915184B75B4,transfer/channel-253/el1,,channel-253,channel-1,connection-1539,235,1.717606031695176E9
4717706|1|7|0|7|1,1.655082352739E9,4717706,block_result,1,789AB259634EC6750A5F2AF7E12B10485AFB59789ACE657BCD589C5CC718ED6E,7,0,7,0,1,osmo1nd86lwg7se890hau65eeq6ru9cxunc53wxeux0,genesis1nd86lwg7se890hau65eeq6ru9cxunc53c5765g,31150355610823705051,ibc/F16FDC11A7662B86BC0B9CE61871CBACF7C20606F95E86260FD38915184B75B4,transfer/channel-253/el1,,channel-253,channel-1,connection-1539,229,1.717583944283821E9
4727104|1|8|0|7|1,1.655141309616E9,4727104,block_result,1,4A3C19C358F94566F0EBF621E8A2D6E7C77AFE3DDE42519C4DD8AC6739D7A654,8,0,7,0,1,osmo16jexsf558vvdwwl2cfj0mzr4x63xjpac5cs9rv,genesis16jexsf558vvdwwl2cfj0mzr4x63xjpacz2hr3t,13917681860020229285,ibc/F16FDC11A7662B86BC0B9CE61871CBACF7C20606F95E86260FD38915184B75B4,transfer/channel-253/el1,,channel-253,channel-1,connection-1539,252,1.717605751425457E9
4721246|1|11|0|7|1,1.655104395386E9,4721246,block_result,1,5BB1E81F80072A87654D3DF396CC7C6A33041C974F9078E6E0936125B2F1BB14,11,0,7,0,1,osmo1ga75k6vs39t2ln4larxq5yyd0jv84u2957rar5,genesis1ga75k6vs39t2ln4larxq5yyd0jv84u29zvym3n,10999739999999870000,ibc/F16FDC11A7662B86BC0B9CE61871CBACF7C20606F95E86260FD38915184B75B4,transfer/channel-253/el1,,channel-253,channel-1,connection-1539,240,1.71760580577558E9
4720133|1|12|0|7|1,1.655097467512E9,4720133,block_result,1,036C536298B621119EC89701F6969302526F7548A41CA1CD09B2CD0AED46A233,12,0,7,0,1,osmo1twqplv0rexm59er6wemj6pdfa53y5rcakpg3uk,genesis1twqplv0rexm59er6wemj6pdfa53y5rcaqn0hw3,10999869999999870000,ibc/F16FDC11A7662B86BC0B9CE61871CBACF7C20606F95E86260FD38915184B75B4,transfer/channel-253/el1,,channel-253,channel-1,connection-1539,238,1.717583700607265E9
4718278|1|13|0|7|1,1.655085918706E9,4718278,block_result,1,08A0D98D6DBAA4C789C1DA58A262056B2CD1F3197511A3B4560E3F7267AD792B,13,0,7,0,1,osmo12mwqeytdm5c8v22e9skjeltw3hql5n9hu3zh7j,genesis12mwqeytdm5c8v22e9skjeltw3hql5n9h2r93v4,32212541221932268223,ibc/F16FDC11A7662B86BC0B9CE61871CBACF7C20606F95E86260FD38915184B75B4,transfer/channel-253/el1,,channel-253,channel-1,connection-1539,231,1.71758369821958E9
4723377|1|13|0|7|1,1.655117673701E9,4723377,block_result,1,B9FB224EA5B54A131BFF21380FB406A3D668C7A780550159BCEB840C496A7947,13,0,7,0,1,osmo17h6aflsyu8vvtusqgg5maksgnpsmnapncuv7u5,genesis17h6aflsyu8vvtusqgg5maksgnpsmnapnwwtcwn,10999869999999870000,ibc/F16FDC11A7662B86BC0B9CE61871CBACF7C20606F95E86260FD38915184B75B4,transfer/channel-253/el1,,channel-253,channel-1,connection-1539,244,1.717583584302634E9
4719681|1|14|0|7|1,1.655094656703E9,4719681,block_result,1,C6375F7642525D8B52FDAE2B991102AD8372EC515E70AEC64926BE51268320E2,14,0,7,0,1,osmo1ag940t2gd4sn0wey7xgfjl83x2t5v62m6629pc,genesis1ag940t2gd4sn0wey7xgfjl83x2t5v62mvgdrnl,15000000000000000000000,ibc/F16FDC11A7662B86BC0B9CE61871CBACF7C20606F95E86260FD38915184B75B4,transfer/channel-253/el1,,channel-253,channel-1,connection-1539,236,1.717605823039679E9
4723289|1|16|0|7|1,1.655117126013E9,4723289,block_result,1,1114963CAD57389F1700163F9A4D55DE228FED90BFC67C8721C31728B7D7C78B,16,0,7,0,1,osmo1s9tj8efw36uegzuujk2zxuda3deslk23xfhunf,genesis1s9tj8efw36uegzuujk2zxuda3deslk23sms6pw,10999869999999870000,ibc/F16FDC11A7662B86BC0B9CE61871CBACF7C20606F95E86260FD38915184B75B4,transfer/channel-253/el1,,channel-253,channel-1,connection-1539,243,1.71760579250455E9
4718689|1|18|0|7|1,1.655088473289E9,4718689,block_result,1,452BA6FD1FF78FEB7689D14FAA6FA6047918A0189E7ECD2E3F767BE003B22349,18,0,7,0,1,osmo1wcj02245uwe3xpn4sj9h5mnavmj0wlmj95qzf4,genesis1wcj02245uwe3xpn4sj9h5mnavmj0wlmjnx8ymj,10999869999999870000,ibc/F16FDC11A7662B86BC0B9CE61871CBACF7C20606F95E86260FD38915184B75B4,transfer/channel-253/el1,,channel-253,channel-1,connection-1539,233,1.717604093577923E9
4727692|1|20|0|7|1,1.655145001614E9,4727692,block_result,1,0B360DC66CED80DA46DCC1C3108FAE5B75CD21A3269B7A7D1D9EC62CFDCBB8C3,20,0,7,0,1,osmo16jexsf558vvdwwl2cfj0mzr4x63xjpac5cs9rv,genesis16jexsf558vvdwwl2cfj0mzr4x63xjpacz2hr3t,194849845266843511901,ibc/F16FDC11A7662B86BC0B9CE61871CBACF7C20606F95E86260FD38915184B75B4,transfer/channel-253/el1,,channel-253,channel-1,connection-1539,253,1.717605808504134E9
4725815|1|21|0|7|1,1.655132880921E9,4725815,block_result,1,C13CAA806BB1E15DCF8895478C474E17FF1B879B9E25BF2238D7751E83BA8863,21,0,7,0,1,osmo16jexsf558vvdwwl2cfj0mzr4x63xjpac5cs9rv,genesis16jexsf558vvdwwl2cfj0mzr4x63xjpacz2hr3t,55391992060228448071,ibc/F16FDC11A7662B86BC0B9CE61871CBACF7C20606F95E86260FD38915184B75B4,transfer/channel-253/el1,,channel-253,channel-1,connection-1539,248,1.717606622295789E9
4726985|1|23|0|7|1,1.655140185256E9,4726985,block_result,1,DBFB9224434429585AD12E227D2ABE1FB94B690F3B695BEA5123D89BDED3E683,23,0,7,0,1,osmo18v520tne2kuy47tx0u6gvfdrnnl7q3lzzgm3vy,genesis18v520tne2kuy47tx0u6gvfdrnnl7q3lz56uh7r,10000000000000000000,ibc/F16FDC11A7662B86BC0B9CE61871CBACF7C20606F95E86260FD38915184B75B4,transfer/channel-253/el1,,channel-253,channel-1,connection-1539,250,1.717605843136118E9
31696999|1|10|0|9|1,1.742227452702E9,31696999,block_result,1,80A1AF395593375CFEF9A3D8A81DE73C270903D3FBF2083434E1CD985C63B751,10,0,9,0,1,osmo16aypymlama0lk5s8c9s30s09eacpvwnav7ewjv,genesis16aypymlama0lk5s8c9s30s09eacpvwna6v7gqt,1000000000000000000000,ibc/F16FDC11A7662B86BC0B9CE61871CBACF7C20606F95E86260FD38915184B75B4,transfer/channel-253/el1,,channel-253,channel-1,connection-1539,1448,1.742227505344006E9
4761088|1|0|0|7|1,1.655354325072E9,4761088,block_result,1,959A1EB2BE5E9FB2E5F6A59AC991BE74E21A36AAF2252277DEB2BD0ACA945E7F,0,0,7,0,1,osmo10yu8w9p4p0szf2xwhtndmfjnp0gfk4j7j3azdm,genesis10yu8w9p4p0szf2xwhtndmfjnp0gfk4j7yr6ylu,14915000000000000000000,ibc/F16FDC11A7662B86BC0B9CE61871CBACF7C20606F95E86260FD38915184B75B4,transfer/channel-253/el1,,channel-253,channel-1,connection-1539,270,1.717603621014093E9
4762269|1|3|0|7|1,1.655361868928E9,4762269,block_result,1,6E182FE6182A999B9D521F5F9D771BF3348CD1C21ED8C5E3D4D4366C8E0380E8,3,0,7,0,1,osmo13k36ada8ty22ls4dqheukj4jf9f0rxg3f2rk9x,genesis13k36ada8ty22ls4dqheukj4jf9f0rxg3lcyshp,11000869999999870000,ibc/F16FDC11A7662B86BC0B9CE61871CBACF7C20606F95E86260FD38915184B75B4,transfer/channel-253/el1,,channel-253,channel-1,connection-1539,271,1.717582465276179E9
4765296|1|1|0|7|1,1.655380813755E9,4765296,block_result,1,F638A3185E91F605E9CF38E553B241E7A063A3310EA4A934F428D5B1AB7BCB90,1,0,7,0,1,osmo1wukd7vuuw8ewjxnmtscn046tlyf5ggxx9rzt2d,genesis1wukd7vuuw8ewjxnmtscn046tlyf5ggxxn39dc2,10999869999999870000,ibc/F16FDC11A7662B86BC0B9CE61871CBACF7C20606F95E86260FD38915184B75B4,transfer/channel-253/el1,,channel-253,channel-1,connection-1539,273,1.717582438873069E9
4762362|1|0|0|7|1,1.655362454044E9,4762362,block_result,1,7E83F1B02913949E8D3E4E44E5FF4620E732015DCB8267251284D86B240D6074,0,0,7,0,1,osmo1x79zsqpfp8p9pxj87zydaep36xa8wpfsnwnqj9,genesis1x79zsqpfp8p9pxj87zydaep36xa8wpfs9u5xqz,10999869999999870000,ibc/F16FDC11A7662B86BC0B9CE61871CBACF7C20606F95E86260FD38915184B75B4,transfer/channel-253/el1,,channel-253,channel-1,connection-1539,272,1.717600288567989E9
4768944|1|14|0|7|1,1.655404026609E9,4768944,block_result,1,ABB6CF5DC0CB00BD12113E674554051D32CD21DAE4A504CC7C918042A9024D6A,14,0,7,0,1,osmo1xjvhpmflhue38mc8j75gqj2h0fds9guxqen8zj,genesis1xjvhpmflhue38mc8j75gqj2h0fds9guxkt5ps4,67558604333804532969,ibc/F16FDC11A7662B86BC0B9CE61871CBACF7C20606F95E86260FD38915184B75B4,transfer/channel-253/el1,,channel-253,channel-1,connection-1539,275,1.717603622583271E9
4769409|1|8|0|7|1,1.655406934379E9,4769409,block_result,1,95208ECD24A494C5EE01CC69DC6954D29F38CE026A52A296AFFE534492BA9ED8,8,0,7,0,1,osmo1xjvhpmflhue38mc8j75gqj2h0fds9guxqen8zj,genesis1xjvhpmflhue38mc8j75gqj2h0fds9guxkt5ps4,360224059247446724083,ibc/F16FDC11A7662B86BC0B9CE61871CBACF7C20606F95E86260FD38915184B75B4,transfer/channel-253/el1,,channel-253,channel-1,connection-1539,276,1.717582598022146E9
4766476|1|8|0|7|1,1.655388187236E9,4766476,block_result,1,635D5C0A0BE3FD377E50DAAD214A7C282D4642E2B8C8B96157F0765F2D59CFEB,8,0,7,0,1,osmo1xjvhpmflhue38mc8j75gqj2h0fds9guxqen8zj,genesis1xjvhpmflhue38mc8j75gqj2h0fds9guxkt5ps4,155672797582090620150,ibc/F16FDC11A7662B86BC0B9CE61871CBACF7C20606F95E86260FD38915184B75B4,transfer/channel-253/el1,,channel-253,channel-1,connection-1539,274,1.717582402305225E9
4770635|1|7|0|7|1,1.655414634548E9,4770635,block_result,1,807C18C58634EC897D8FB0625B0F04243506B73A840A0DB0C2C610358A2EC405,7,0,7,0,1,osmo1z7eayqv6czcgyskmsr2nf5w3ut3jlugg07a367,genesis1z7eayqv6czcgyskmsr2nf5w3ut3jluggev6hge,9999619999999870000,ibc/F16FDC11A7662B86BC0B9CE61871CBACF7C20606F95E86260FD38915184B75B4,transfer/channel-253/el1,,channel-253,channel-1,connection-1539,277,1.71760393743048E9
10688702|1|0|0|5|1,1.690263996799E9,10688702,block_result,1,651BCF2BFC6E5C84FDB56EC6739545F805BD41E15B52A101A041C1EE0EC131CD,0,0,5,0,1,osmo1qwrm0y75ce82e8dqgj5g3zcqqntgzwq30puar2,juno1qwrm0y75ce82e8dqgj5g3zcqqntgzwq33gvkjy,50046798591506323135,ibc/F16FDC11A7662B86BC0B9CE61871CBACF7C20606F95E86260FD38915184B75B4,transfer/channel-253/el1,,channel-42,channel-0,connection-1142,1145083,1.71740956842295E9
14463455|1|11|1|53|1,1.711232808213E9,14463455,block_result,1,6A493867D8CF72F7D5C268ED67D280F1F804BE7EA7E4145696EA209E9110843C,11,1,53,0,1,osmo1ptvdt4zh8g2keusjvj5ryk85mshr5knmwetahu7jhpgqeqcyrcxqatglma,genesis16aypymlama0lk5s8c9s30s09eacpvwna6v7gqt,186442878527849264605,ibc/F16FDC11A7662B86BC0B9CE61871CBACF7C20606F95E86260FD38915184B75B4,transfer/channel-253/el1,,channel-253,channel-1,connection-1539,1300,1.717030655323126E9
14450892|1|2|1|50|1,1.711171366372E9,14450892,block_result,1,6B039BDBB20D6A6C1B39BAC731807E4C226F383FB1E02DBDCE2D18FD5A8F6904,2,1,50,0,1,osmo1ucr8zsryuhluyhj22h9ksnuxr68qct5aq3juvnyykwvr339f42vq0psdhk,genesis16aypymlama0lk5s8c9s30s09eacpvwna6v7gqt,65487549860498598561,ibc/F16FDC11A7662B86BC0B9CE61871CBACF7C20606F95E86260FD38915184B75B4,transfer/channel-253/el1,,channel-253,channel-1,connection-1539,1297,1.717031365179843E9
14455322|1|8|0|9|1,1.711192831645E9,14455322,block_result,1,D0421752563CACBC9AC4A57A3752F072CA46DB0CA4477937B78BBC9B2E9743DD,8,0,9,0,1,osmo1cchda0fgmu5kqklcvhh0t6rq597a0ggfhd4w5h,genesis1cchda0fgmu5kqklcvhh0t6rq597a0ggfpljgxs,211145382440550813845,ibc/F16FDC11A7662B86BC0B9CE61871CBACF7C20606F95E86260FD38915184B75B4,transfer/channel-253/el1,,channel-253,channel-1,connection-1539,1298,1.717031627052773E9
14459401|1|14|0|9|1,1.711212659986E9,14459401,block_result,1,DCDED1B6E84366CA33A3676F6F84181E83F15E2E5FB2F2D163E6A4F312136C27,14,0,9,0,1,osmo1hauvj3muyuswsfn5hc4cqj3zmwe6y33ls3093z,genesis1hauvj3muyuswsfn5hc4cqj3zmwe6y33lxrgrr9,1000000000000000000,ibc/F16FDC11A7662B86BC0B9CE61871CBACF7C20606F95E86260FD38915184B75B4,transfer/channel-253/el1,,channel-253,channel-1,connection-1539,1299,1.717031601387354E9
14449311|1|8|0|9|1,1.711163737054E9,14449311,block_result,1,0B4D8BA1FCBACBDF0BB720E331B0BDEB363012BBF0899DFC6E19A4D5EB676D8C,8,0,9,0,1,osmo1nzgxusarw7tn3w9pz9mtxplwu8jnwrhlgkppxv,genesis1nzgxusarw7tn3w9pz9mtxplwu8jnwrhl7yx85t,5000000000000000000000,ibc/F16FDC11A7662B86BC0B9CE61871CBACF7C20606F95E86260FD38915184B75B4,transfer/channel-253/el1,,channel-253,channel-1,connection-1539,1296,1.717031698536066E9
6676715|1|22|0|7|1,1.667175269281E9,6676715,block_result,1,D2E8E9A2776B219190BECE0EB0A3E8FF6C6347BD58E78385C3C67D97539D8909,22,0,7,0,1,osmo1jgcpfh7ft5y8wch47nasuwx5gkmgfkurj2ap3l,genesis1jgcpfh7ft5y8wch47nasuwx5gkmgfkuryc68rc,17652393566120771059,ibc/F16FDC11A7662B86BC0B9CE61871CBACF7C20606F95E86260FD38915184B75B4,transfer/channel-253/el1,,channel-253,channel-1,connection-1539,986,1.717519470738743E9
6676747|1|9|0|7|1,1.667175460413E9,6676747,block_result,1,C4DDF6692C0F44883181BAAD4B79D8B8BE6350AEDE6B12A586220E05CF7ECE68,9,0,7,0,1,osmo1jgcpfh7ft5y8wch47nasuwx5gkmgfkurj2ap3l,genesis1jgcpfh7ft5y8wch47nasuwx5gkmgfkuryc68rc,77985396807510695219,ibc/F16FDC11A7662B86BC0B9CE61871CBACF7C20606F95E86260FD38915184B75B4,transfer/channel-253/el1,,channel-253,channel-1,connection-1539,987,1.717519438118338E9
27227810|1|1|0|9|1,1.736310656247E9,27227810,block_result,1,5A73D014831795C6E1A34BA4F6CAF6D56FFDA3768380474749B541686C67BF49,1,0,9,0,1,osmo1ag940t2gd4sn0wey7xgfjl83x2t5v62m6629pc,genesis1ag940t2gd4sn0wey7xgfjl83x2t5v62mvgdrnl,828626410000000000000,ibc/F16FDC11A7662B86BC0B9CE61871CBACF7C20606F95E86260FD38915184B75B4,transfer/channel-253/el1,,channel-253,channel-1,connection-1539,1402,1.736310659257072E9
27262704|1|39|0|9|1,1.736357591463E9,27262704,block_result,1,FBCD4BF8004EF9DC9235B81C297A8594C81A4303B37505D9B615C3B2E68035D6,39,0,9,0,1,osmo1k75w2s26rekktazwp5l9ghv2ccp4mvtxw55xag,genesis1k75w2s26rekktazwp5l9ghv2ccp4mvtxcxnq00,5000000000000000000,ibc/F16FDC11A7662B86BC0B9CE61871CBACF7C20606F95E86260FD38915184B75B4,transfer/channel-253/el1,,channel-253,channel-1,connection-1539,1403,1.736357594806203E9
5297765|1|3|0|7|1,1.658706273623E9,5297765,block_result,1,8029086216AC64C8F8C30240B5B70DE19F00C380B62C457DC47102A96AC558B9,3,0,7,0,1,osmo1pgjsu5996dk9gr8wy4z357k5lq4x7werrw7a9d,genesis1pgjsu5996dk9gr8wy4z357k5lq4x7wer4uemh2,10999869999999870000,ibc/F16FDC11A7662B86BC0B9CE61871CBACF7C20606F95E86260FD38915184B75B4,transfer/channel-253/el1,,channel-253,channel-1,connection-1539,445,1.717558400395981E9
4944525|1|1|0|7|1,1.656500389966E9,4944525,block_result,1,605CE504CB469561D1E97140B23C1278E2B4F5705C829C9B2EF3ABE652D1F3F4,1,0,7,0,1,osmo1ytmwk4qwphevacssnxaq2c773s0smpmr5vxgn3,genesis1ytmwk4qwphevacssnxaq2c773s0smpmrz7pwpk,59855578012408048069,ibc/F16FDC11A7662B86BC0B9CE61871CBACF7C20606F95E86260FD38915184B75B4,transfer/channel-253/el1,,channel-253,channel-1,connection-1539,347,1.717595268940943E9
4946780|1|3|0|7|1,1.656514406659E9,4946780,block_result,1,9266D978139309AB590C6DE911F6458E1FD0641CB271EC1F241595854DDFA591,3,0,7,0,1,osmo1ym0dmpfg6pmgqqf69uq958gaxkpe3ch9x2j79d,genesis1ym0dmpfg6pmgqqf69uq958gaxkpe3ch9sc4ch2,25160384394427568431,ibc/F16FDC11A7662B86BC0B9CE61871CBACF7C20606F95E86260FD38915184B75B4,transfer/channel-253/el1,,channel-253,channel-1,connection-1539,348,1.71757375156148E9
4946953|1|6|0|7|1,1.656515481674E9,4946953,block_result,1,B9E06B49F0CC3DAE021D0F90F9D1CBCA70E60203244C4E1504B4DD59883DBACF,6,0,7,0,1,osmo1ww0y5dve0tselq2kvt3su03cyrnrltvsn5s86w,genesis1ww0y5dve0tselq2kvt3su03cyrnrltvs9xhpgf,10999869999999870000,ibc/F16FDC11A7662B86BC0B9CE61871CBACF7C20606F95E86260FD38915184B75B4,transfer/channel-253/el1,,channel-253,channel-1,connection-1539,350,1.717594342051147E9
4946836|1|7|0|7|1,1.656514755149E9,4946836,block_result,1,EE7655A56AFF85460AD3371B346D67F9449194CC206784636CE9091A999D5D98,7,0,7,0,1,osmo1ux3j2h446q9yf5dvsw4mwa5fnf07ja9v7hnlwd,genesis1ux3j2h446q9yf5dvsw4mwa5fnf07ja9vg95eu2,51848073140783581993,ibc/F16FDC11A7662B86BC0B9CE61871CBACF7C20606F95E86260FD38915184B75B4,transfer/channel-253/el1,,channel-253,channel-1,connection-1539,349,1.717594367542275E9
4949430|1|16|0|7|1,1.656531337307E9,4949430,block_result,1,A9A19B0FF511F858BEC611AAD56D4C575CD9D01A274D0762B6B16B2AAD230CA0,16,0,7,0,1,osmo1u9x86dtnqa8nl8wzgwld5e96hn7sfh482j8vzt,genesis1u9x86dtnqa8nl8wzgwld5e96hn7sfh48uqq2sv,10000000000000000000,ibc/F16FDC11A7662B86BC0B9CE61871CBACF7C20606F95E86260FD38915184B75B4,transfer/channel-253/el1,,channel-253,channel-1,connection-1539,351,1.717573541285332E9
16672392|1|3|0|9|1,1.718198800147E9,16672392,block_result,1,9AEDBF08D09ACBB3C3B57636864C81D6A85C656560B5305E7EEC32492CBB0686,3,0,9,0,1,osmo1qyfled5ulf6wmu2u4smstn8rlzazanmqsgu5pp,genesis1qyfled5ulf6wmu2u4smstn8rlzazanmqx6mjnx,5000000000000000000000,ibc/F16FDC11A7662B86BC0B9CE61871CBACF7C20606F95E86260FD38915184B75B4,transfer/channel-253/el1,,channel-253,channel-1,connection-1539,1376,1.718198902609863E9
16672335|1|1|0|9|1,1.718198659564E9,16672335,block_result,1,0DD49546D305C1FB08C63F7D6F3F5D2F5148CC4C3FA36E582C42A91092A15506,1,0,9,0,1,osmo1qyfled5ulf6wmu2u4smstn8rlzazanmqsgu5pp,genesis1qyfled5ulf6wmu2u4smstn8rlzazanmqx6mjnx,1000000000000000000,ibc/F16FDC11A7662B86BC0B9CE61871CBACF7C20606F95E86260FD38915184B75B4,transfer/channel-253/el1,,channel-253,channel-1,connection-1539,1375,1.718198756612179E9
8197858|1|40|0|7|1,1.675956517938E9,8197858,block_result,1,454A3037FDADABBFAB4FB087EFEAF0DC7EF506F2760ACE952D8E0FB6652CFEE6,40,0,7,0,1,osmo1hv4rlv94dwwsj3z7l6muye6ndmup0hta7a4v3p,genesis1hv4rlv94dwwsj3z7l6muye6ndmup0htag0j2rx,10000000000000000,ibc/F16FDC11A7662B86BC0B9CE61871CBACF7C20606F95E86260FD38915184B75B4,transfer/channel-253/el1,,channel-253,channel-1,connection-1539,1136,1.717474351907311E9
18902420|1|5|0|9|1,1.722838506078E9,18902420,block_result,1,A5FAE866CF60DBF890CA01A844DE6FF29A43BFC75D4FAC60B77D07A9B3904EF2,5,0,9,0,1,osmo1cddkj9qt534dgv0lpqfvcltl8fkq55rap5zkgj,genesis1cddkj9qt534dgv0lpqfvcltl8fkq55rahx9s64,350722293664270190824,ibc/F16FDC11A7662B86BC0B9CE61871CBACF7C20606F95E86260FD38915184B75B4,transfer/channel-253/el1,,channel-253,channel-1,connection-1539,1385,1.722838510106891E9
5586442|1|41|0|7|1,1.660505150787E9,5586442,block_result,1,DDC3B07990D028BA8F0E98ACFA23B9DB4C896F71B9AD4AF242E9DBC6F8BD5128,41,0,7,0,1,osmo10c3r27nekd9w7s3swwg3t9sf5hzrvqjftf2djk,genesis10c3r27nekd9w7s3swwg3t9sf5hzrvqjfamdtq3,35995016748721866727,ibc/F16FDC11A7662B86BC0B9CE61871CBACF7C20606F95E86260FD38915184B75B4,transfer/channel-253/el1,,channel-253,channel-1,connection-1539,516,1.717548099258637E9
5587746|1|19|0|7|1,1.660513146915E9,5587746,block_result,1,EE63CA0789FBB8E7148FAE022B7A62ECFD26635C67AF6B63546697F38C4E9752,19,0,7,0,1,osmo123r7mnlg2c46nsltvd0vdfxukjrc8mwu2ct024,genesis123r7mnlg2c46nsltvd0vdfxukjrc8mwuu2vfcj,5635023319361007149,ibc/F16FDC11A7662B86BC0B9CE61871CBACF7C20606F95E86260FD38915184B75B4,transfer/channel-253/el1,,channel-253,channel-1,connection-1539,518,1.717548101782075E9
5585825|1|41|0|7|1,1.660501355747E9,5585825,block_result,1,91AEFCF719F75E989197A6433AFCA9795F82FA97D504E8B1B68A7E418B89846F,41,0,7,0,1,osmo172cnthwf79m6ey8w8l50407hrjn6pvlkpdus8x,genesis172cnthwf79m6ey8w8l50407hrjn6pvlkhlmk4p,20000000000000000000,ibc/F16FDC11A7662B86BC0B9CE61871CBACF7C20606F95E86260FD38915184B75B4,transfer/channel-253/el1,,channel-253,channel-1,connection-1539,515,1.717548088329578E9
5579458|1|7|0|7|1,1.660462023586E9,5579458,block_result,1,C2DAD11192094082DE348C8AADA1522E79388F1ACD819903A75E1B57874EF274,7,0,7,0,1,osmo19xeucpasxg08jthuhktw3m82gcnz8myx0cw7hx,genesis19xeucpasxg08jthuhktw3m82gcnz8myxe2fc9p,10750000000000000000,ibc/F16FDC11A7662B86BC0B9CE61871CBACF7C20606F95E86260FD38915184B75B4,transfer/channel-253/el1,,channel-253,channel-1,connection-1539,511,1.717548208984218E9
5582586|1|10|0|7|1,1.660481108796E9,5582586,block_result,1,0DB032E57C7AB14565C838BA326EEF5DF26842C42107331D2670715A457ED12B,10,0,7,0,1,osmo1dalqypymz0c0pmcyrkzcn3s873qhjrzhlnqqef,genesis1dalqypymz0c0pmcyrkzcn3s873qhjrzhfp8xtw,8507483229305210213,ibc/F16FDC11A7662B86BC0B9CE61871CBACF7C20606F95E86260FD38915184B75B4,transfer/channel-253/el1,,channel-253,channel-1,connection-1539,514,1.717561717470493E9
5587032|1|21|0|7|1,1.660508769552E9,5587032,block_result,1,9B7D20D518025A9A93DEC245F557EF10E10352836E1EC9C2E6CC67420D4AE7A1,21,0,7,0,1,osmo1gzw93kttk9nl7x9qc6d437h7c2fzv9wkkevfsl,genesis1gzw93kttk9nl7x9qc6d437h7c2fzv9wkqtt0zc,10999739999999870000,ibc/F16FDC11A7662B86BC0B9CE61871CBACF7C20606F95E86260FD38915184B75B4,transfer/channel-253/el1,,channel-253,channel-1,connection-1539,517,1.717548116045155E9
5581581|1|0|0|7|1,1.660474976657E9,5581581,block_result,1,EA56CF033CD669A2BBB348076DB14FE0EB997A9E9876CA7C5CB4BE5094AC1775,0,0,7,0,1,osmo1kyuhlejh8lf3wt5kf3nrgq0hkc30ums0x530d4,genesis1kyuhlejh8lf3wt5kf3nrgq0hkc30ums0sxkflj,99739999999870000,ibc/F16FDC11A7662B86BC0B9CE61871CBACF7C20606F95E86260FD38915184B75B4,transfer/channel-253/el1,,channel-253,channel-1,connection-1539,513,1.71756172849928E9
5579757|1|11|0|7|1,1.66046384429E9,5579757,block_result,1,C423DEF20BA2989A574833CC4CE3C0E11929400DFD35B13A55353E29A35DEC11,11,0,7,0,1,osmo1tavf9pe3fl94hpl37u08mwt6p5l3fn4wp8nshn,genesis1tavf9pe3fl94hpl37u08mwt6p5l3fn4wh45k95,10999869999999870000,ibc/F16FDC11A7662B86BC0B9CE61871CBACF7C20606F95E86260FD38915184B75B4,transfer/channel-253/el1,,channel-253,channel-1,connection-1539,512,1.717548195372567E9
5577596|1|1|0|7|1,1.660450485064E9,5577596,block_result,1,963A8963F7DEC4F40F7BC8AB6903AD1FF889603601744447F8CDB9DE9BE4762F,1,0,7,0,1,osmo1z7qvrdv3dym46rdz52gyzeygqemjwc68g69ppq,genesis1z7qvrdv3dym46rdz52gyzeygqemjwc687gz8n8,3000000000000000000,ibc/F16FDC11A7662B86BC0B9CE61871CBACF7C20606F95E86260FD38915184B75B4,transfer/channel-253/el1,,channel-253,channel-1,connection-1539,510,1.717561778336833E9
4694798|1|6|0|7|1,1.654538388406E9,4694798,block_result,1,E05968545C4964DA4CBBE50E673CB60310047E05B165156143CC679DAEE35D40,6,0,7,0,1,osmo10pej5pyxlytu2at3rfvjh89c2k3prannndxsvk,genesis10pej5pyxlytu2at3rfvjh89c2k3prann9lpk73,11000869999999870000,ibc/F16FDC11A7662B86BC0B9CE61871CBACF7C20606F95E86260FD38915184B75B4,transfer/channel-253/el1,,channel-253,channel-1,connection-1539,113,1.717585565577588E9
4690062|1|30|0|7|1,1.654507452179E9,4690062,block_result,1,055271E1DF641790A8D7898B941A71FC93FFD950CC3E0AE24551B21E06B742CC,30,0,7,0,1,osmo10xefzfkufa86jkjswvfn20czyq6qhr0kqgsd9d,genesis10xefzfkufa86jkjswvfn20czyq6qhr0kk6hth2,11000869999999870000,ibc/F16FDC11A7662B86BC0B9CE61871CBACF7C20606F95E86260FD38915184B75B4,transfer/channel-253/el1,,channel-253,channel-1,connection-1539,37,1.717607031267908E9
4694863|1|19|0|7|1,1.654538823192E9,4694863,block_result,1,EB4901279A5795F08DA8E367B676B8370F631761549073F2BF5D9958F223B660,19,0,7,0,1,osmo10yu8w9p4p0szf2xwhtndmfjnp0gfk4j7j3azdm,genesis10yu8w9p4p0szf2xwhtndmfjnp0gfk4j7yr6ylu,55870000000000000000000,ibc/F16FDC11A7662B86BC0B9CE61871CBACF7C20606F95E86260FD38915184B75B4,transfer/channel-253/el1,,channel-253,channel-1,connection-1539,115,1.717585040473386E9
4696481|1|2|0|7|1,1.654549437597E9,4696481,block_result,1,231DCA8AF2BA2E09254E97AD3AB34A8BE0E13E1E6249EF61710FFF4676E8DA6E,2,0,7,0,1,osmo10yu8w9p4p0szf2xwhtndmfjnp0gfk4j7j3azdm,genesis10yu8w9p4p0szf2xwhtndmfjnp0gfk4j7yr6ylu,21148000000000000000000,ibc/F16FDC11A7662B86BC0B9CE61871CBACF7C20606F95E86260FD38915184B75B4,transfer/channel-253/el1,,channel-253,channel-1,connection-1539,150,1.717585021251278E9
4696405|1|3|0|7|1,1.654548944937E9,4696405,block_result,1,461F8EA6412FC284E5C71F1B3B9570CE67DEA6E2C0C725D8AC89EE6B9A5A5A7B,3,0,7,0,1,osmo10yu8w9p4p0szf2xwhtndmfjnp0gfk4j7j3azdm,genesis10yu8w9p4p0szf2xwhtndmfjnp0gfk4j7yr6ylu,64240000000000000000000,ibc/F16FDC11A7662B86BC0B9CE61871CBACF7C20606F95E86260FD38915184B75B4,transfer/channel-253/el1,,channel-253,channel-1,connection-1539,147,1.717584555823748E9
4697161|1|0|0|7|1,1.654553861898E9,4697161,block_result,1,FF2359A601FB32C5ECBF8DA78640E30FDC982C9364E787C51BA27B21BB2C387E,0,0,7,0,1,osmo122hjrmj8k2f0lc0m8nepdysgx9f2gan2jn8s3u,genesis122hjrmj8k2f0lc0m8nepdysgx9f2gan2ypqkrm,500000000000000000,ibc/F16FDC11A7662B86BC0B9CE61871CBACF7C20606F95E86260FD38915184B75B4,transfer/channel-253/el1,,channel-253,channel-1,connection-1539,162,1.717606652986843E9
4693858|1|30|0|7|1,1.654531803895E9,4693858,block_result,1,36823FDC87B51D57E2171FEBE560C37F19DC9A9E39569A88947195FDEE208D9F,30,0,7,0,1,osmo1269smxzcazn0x6qgttmqrsgww6ke9tn2c4k8ry,genesis1269smxzcazn0x6qgttmqrsgww6ke9tn2w83p3r,11000869999999870000,ibc/F16FDC11A7662B86BC0B9CE61871CBACF7C20606F95E86260FD38915184B75B4,transfer/channel-253/el1,,channel-253,channel-1,connection-1539,96,1.717585356068452E9
4694804|1|22|0|7|1,1.654538435659E9,4694804,block_result,1,76F8E6CA52A52D4CCFED14EC5087CF595F4256D197963616E8ADEFE16822C2F7,22,0,7,0,1,osmo126e6k82fwwywf9mps9zjqky8hevfyjy54m2vdc,genesis126e6k82fwwywf9mps9zjqky8hevfyjy5rfd2ll,11000869999999870000,ibc/F16FDC11A7662B86BC0B9CE61871CBACF7C20606F95E86260FD38915184B75B4,transfer/channel-253/el1,,channel-253,channel-1,connection-1539,114,1.71758505409196E9
4694406|1|8|0|7|1,1.654535356421E9,4694406,block_result,1,C034451B1526E6B32E587154EBE9FEE7606010E7BBB687A267531841B2FA48D3,8,0,7,0,1,osmo12paseawz7e36l79q2as7ha8qhazh5uhm7vhzcu,genesis12paseawz7e36l79q2as7ha8qhazh5uhmg7sy2m,11000869999999870000,ibc/F16FDC11A7662B86BC0B9CE61871CBACF7C20606F95E86260FD38915184B75B4,transfer/channel-253/el1,,channel-253,channel-1,connection-1539,104,1.717584842428065E9
4694156|1|16|0|7|1,1.654533742773E9,4694156,block_result,1,73B164BE20EF3F9399D03F4A604368491C736FA0AAFB1439F6AD8F708AB7D069,16,0,7,0,1,osmo12upz8dny2gn93qmjl5zyr9gqwqqlr6e6dvpqf6,genesis12upz8dny2gn93qmjl5zyr9gqwqqlr6e6m7xxma,1015780022707918709,ibc/F16FDC11A7662B86BC0B9CE61871CBACF7C20606F95E86260FD38915184B75B4,transfer/channel-253/el1,,channel-253,channel-1,connection-1539,99,1.717584656206524E9
4695748|1|6|0|7|1,1.6545446299E9,4695748,block_result,1,2337C19AD49CCB958A73FAAA370947292C657AA0F654A3E92C54CFE1FA5E14EB,6,0,7,0,1,osmo12w4g3zp07pj6992fvztwvjlagexv2zntur6rkv,genesis12w4g3zp07pj6992fvztwvjlagexv2znt23a9yt,54000000000000000000,ibc/F16FDC11A7662B86BC0B9CE61871CBACF7C20606F95E86260FD38915184B75B4,transfer/channel-253/el1,,channel-253,channel-1,connection-1539,134,1.717606706790027E9
4696051|1|0|0|7|1,1.654546620012E9,4696051,block_result,1,1FAB02EB378413A6E353D30C62EC37FA3B122B5AF84D267A56C07E276E26FAE3,0,0,7,0,1,osmo134ultcrapjnu8nxttt5rlc05tgeex2jau6lcfn,genesis134ultcrapjnu8nxttt5rlc05tgeex2ja2gc7m5,11000869999999870000,ibc/F16FDC11A7662B86BC0B9CE61871CBACF7C20606F95E86260FD38915184B75B4,transfer/channel-253/el1,,channel-253,channel-1,connection-1539,139,1.71760669265022E9
4690477|1|13|0|7|1,1.654510085597E9,4690477,block_result,1,1731C787DD67B021222232D1B12768A3AE13C9926E09C629A3DA39680A34000C,13,0,7,0,1,osmo1378dkrevhzm4tjnyfpqczt7ks3z5f6fyhgl4yl,genesis1378dkrevhzm4tjnyfpqczt7ks3z5f6fyp6cnkc,5000000000000000000,ibc/F16FDC11A7662B86BC0B9CE61871CBACF7C20606F95E86260FD38915184B75B4,transfer/channel-253/el1,,channel-253,channel-1,connection-1539,46,1.71758474616157E9
4696221|1|8|0|7|1,1.65454773171E9,4696221,block_result,1,C0597D6E7F4A59859D6BF86A3BE6E54256CAE6B0284F808E29BA947253FA27AB,8,0,7,0,1,osmo13mw3gn62cskq2vdrx00hph2gg03axd9f4rhgdc,genesis13mw3gn62cskq2vdrx00hph2gg03axd9fr3swll,11000869999999870000,ibc/F16FDC11A7662B86BC0B9CE61871CBACF7C20606F95E86260FD38915184B75B4,transfer/channel-253/el1,,channel-253,channel-1,connection-1539,144,1.717606679183938E9
4691310|1|18|0|7|1,1.654515390407E9,4691310,block_result,1,FE63F0445F42514491086CDCF14C026B6CE0A9E2FF19F4237E2B87FCA5A00664,18,0,7,0,1,osmo14es2y30lfj9t3thgr0agctpzggycgdxhnjwqnr,genesis14es2y30lfj9t3thgr0agctpzggycgdxh9qfxpy,11000869999999870000,ibc/F16FDC11A7662B86BC0B9CE61871CBACF7C20606F95E86260FD38915184B75B4,transfer/channel-253/el1,,channel-253,channel-1,connection-1539,59,1.717584874502549E9
4690208|1|0|0|7|1,1.654508380573E9,4690208,block_result,1,637F3130260F6171C29AAD4993F996047BA0C5C17D654F1AA443F0D90F0C78D2,0,0,7,0,1,osmo14n6k9m8y8vggdf58j7zkqzn0rnfszjae96q0qh,genesis14n6k9m8y8vggdf58j7zkqzn0rnfszjaeng8fjs,11000869999999870000,ibc/F16FDC11A7662B86BC0B9CE61871CBACF7C20606F95E86260FD38915184B75B4,transfer/channel-253/el1,,channel-253,channel-1,connection-1539,41,1.71760701502657E9
4697649|1|4|0|7|1,1.654556995361E9,4697649,block_result,1,1B432615226EED8FDF6DB91443511F9647DD2148C729FC97905D23660AD01953,4,0,7,0,1,osmo14rw67z5jz5yx3cwwyhdypayxe5pxksyf03p3v6,genesis14rw67z5jz5yx3cwwyhdypayxe5pxksyferxh7a,11000869999999870000,ibc/F16FDC11A7662B86BC0B9CE61871CBACF7C20606F95E86260FD38915184B75B4,transfer/channel-253/el1,,channel-253,channel-1,connection-1539,163,1.717606670624534E9
4690109|1|12|0|7|1,1.654507749238E9,4690109,block_result,1,D7BFB14345E3FE77B20B8A624ACEC5115DC69732540D346D70385ECC39891613,12,0,7,0,1,osmo159gprehukp9ax4nlrs87hyerh9kf69cxp0e0g7,genesis159gprehukp9ax4nlrs87hyerh9kf69cxha7f6e,10000000000000000000,ibc/F16FDC11A7662B86BC0B9CE61871CBACF7C20606F95E86260FD38915184B75B4,transfer/channel-253/el1,,channel-253,channel-1,connection-1539,39,1.717607021606515E9
4693119|1|15|0|7|1,1.654527001465E9,4693119,block_result,1,BC50AFFFE52FC7BA6BA9435DB7117A9B1C1B2AB15AAE1E57F4CDCC853523170F,15,0,7,0,1,osmo163xxdl2zwfqk7eucaplqvhwwgja3tvxqyjug84,genesis163xxdl2zwfqk7eucaplqvhwwgja3tvxqjqmw4j,10999869999999870000,ibc/F16FDC11A7662B86BC0B9CE61871CBACF7C20606F95E86260FD38915184B75B4,transfer/channel-253/el1,,channel-253,channel-1,connection-1539,84,1.717606941296617E9
4694009|1|0|0|7|1,1.654532783301E9,4694009,block_result,1,2D738E131487F35BB4BFE394288457ECAF6373258CAE0A0D4E6437522FE3C845,0,0,7,0,1,osmo17gg0twymd2zeer3e2fpa09pwguul8hrf6dk52k,genesis17gg0twymd2zeer3e2fpa09pwguul8hrfvl3jc3,10700000000000000000,ibc/F16FDC11A7662B86BC0B9CE61871CBACF7C20606F95E86260FD38915184B75B4,transfer/channel-253/el1,,channel-253,channel-1,connection-1539,98,1.717585061452771E9
4689981|1|29|0|7|1,1.654506938947E9,4689981,block_result,1,2F56A13D514A717F93FF4BFBD3E57F5C96CDA6DEAB6577FBD0F0C6E9D5C48CC6,29,0,7,0,1,osmo180a3m9y5j9kxwyyy3u78ydc3yrhmwfgfqpn4kv,genesis180a3m9y5j9kxwyyy3u78ydc3yrhmwfgfkn5nyt,10999869999999870000,ibc/F16FDC11A7662B86BC0B9CE61871CBACF7C20606F95E86260FD38915184B75B4,transfer/channel-253/el1,,channel-253,channel-1,connection-1539,35,1.717607027917683E9
4695441|1|27|0|7|1,1.654542605169E9,4695441,block_result,1,600BC9E2F25F3FEBE1B50A18FE80B11518C54CE5DA36205D4A5DDA0EC2E3FEF3,27,0,7,0,1,osmo184ns0f5eqrss5t0vysk8ez6gxdfua0eksjam5g,genesis184ns0f5eqrss5t0vysk8ez6gxdfua0ekxq6ax0,10999869999999870000,ibc/F16FDC11A7662B86BC0B9CE61871CBACF7C20606F95E86260FD38915184B75B4,transfer/channel-253/el1,,channel-253,channel-1,connection-1539,129,1.717606965570446E9
4689653|1|20|0|7|1,1.654504863088E9,4689653,block_result,1,87CCB91A0A8931904AF21975C008D2111BAE48FA10DB3CD98754B5E2A7EC54DB,20,0,7,0,1,osmo187a7cnj2z22pyqvnp62aq6kfwn6ky2eekz5dl4,genesis187a7cnj2z22pyqvnp62aq6kfwn6ky2eeqsntdj,10999869999999870000,ibc/F16FDC11A7662B86BC0B9CE61871CBACF7C20606F95E86260FD38915184B75B4,transfer/channel-253/el1,,channel-253,channel-1,connection-1539,28,1.717584758114101E9
4694747|1|26|0|7|1,1.654538063553E9,4694747,block_result,1,D8B8D17F9D3EE65E6F10684849BCA89F95E94B114F6D2FBE1D7543056B3E0994,26,0,7,0,1,osmo189ym2ws9u8y6fk77dxe635kw9uyz8fr2u027ln,genesis189ym2ws9u8y6fk77dxe635kw9uyz8fr22adcd5,10999869999999870000,ibc/F16FDC11A7662B86BC0B9CE61871CBACF7C20606F95E86260FD38915184B75B4,transfer/channel-253/el1,,channel-253,channel-1,connection-1539,111,1.717585226644949E9
4689628|1|7|0|7|1,1.654504706451E9,4689628,block_result,1,D2CC50442A7C6A9EF3C25259DC0D6FF2B75C3AA80EC87B0247B83EEA05912E1E,7,0,7,0,1,osmo18cq0vtf3gz5ea3fwdfs8jnkafnxx34nm9a6w68,genesis18cq0vtf3gz5ea3fwdfs8jnkafnxx34nmn0aggq,10999869999999870000,ibc/F16FDC11A7662B86BC0B9CE61871CBACF7C20606F95E86260FD38915184B75B4,transfer/channel-253/el1,,channel-253,channel-1,connection-1539,27,1.717584759185505E9
4696704|1|25|0|7|1,1.65455089601E9,4696704,block_result,1,18FFAC7AA55FBDBDFDBC3F2D0CFD96AC27A1E18AD184163E3270D48C13A7A95F,25,0,7,0,1,osmo18ufwenfk744c400p44nqrlfgs793yqau477mwr,genesis18ufwenfk744c400p44nqrlfgs793yqaurveauy,10999869999999870000,ibc/F16FDC11A7662B86BC0B9CE61871CBACF7C20606F95E86260FD38915184B75B4,transfer/channel-253/el1,,channel-253,channel-1,connection-1539,156,1.717584980051203E9
4692899|1|0|0|7|1,1.654525584884E9,4692899,block_result,1,D8B6BA29EC400D0431BB88A68841AA62168A51E27E4CA5448197AAAC5D221FC4,0,0,7,0,1,osmo193fzh5pz8w49kq2vztmtv4uwamud79lrszgfvy,genesis193fzh5pz8w49kq2vztmtv4uwamud79lrxs007r,10999869999999870000,ibc/F16FDC11A7662B86BC0B9CE61871CBACF7C20606F95E86260FD38915184B75B4,transfer/channel-253/el1,,channel-253,channel-1,connection-1539,82,1.717606934080199E9
4696185|1|2|0|7|1,1.654547496216E9,4696185,block_result,1,BC22C90EC5C8D3233D9B9E572C4E7A522B72F6A4D79FF68BAC8F7D2A87F98660,2,0,7,0,1,osmo193rzkz9kkq54n57jfuj26vpgcv4tskq6t5yey0,genesis193rzkz9kkq54n57jfuj26vpgcv4tskq6axrlkg,10999869999999870000,ibc/F16FDC11A7662B86BC0B9CE61871CBACF7C20606F95E86260FD38915184B75B4,transfer/channel-253/el1,,channel-253,channel-1,connection-1539,143,1.717606697881967E9
4695066|1|10|0|7|1,1.654540150698E9,4695066,block_result,1,F4117DAFE6EF56CC75CAAB86DD71BB74ACC856B6BB4B6E27F5645E71823F6E88,10,0,7,0,1,osmo19s9870729lngap2kzls3dcyeu7a4m2tccyav6h,genesis19s9870729lngap2kzls3dcyeu7a4m2tcwk62gs,10999869999999870000,ibc/F16FDC11A7662B86BC0B9CE61871CBACF7C20606F95E86260FD38915184B75B4,transfer/channel-253/el1,,channel-253,channel-1,connection-1539,121,1.717584812014364E9
4690003|1|2|0|7|1,1.654507077367E9,4690003,block_result,1,A89FDB60F411C788B3F1F2A8C3965363D78A19DD29845F936DB5761E76344F9B,2,0,7,0,1,osmo1a7la6lzuldf997wetn0mgd70wtq7z4pshelsmm,genesis1a7la6lzuldf997wetn0mgd70wtq7z4psptckfu,10999869999999870000,ibc/F16FDC11A7662B86BC0B9CE61871CBACF7C20606F95E86260FD38915184B75B4,transfer/channel-253/el1,,channel-253,channel-1,connection-1539,36,1.717607499055626E9
4693463|1|55|0|7|1,1.654529222568E9,4693463,block_result,1,C09CB5F33660AD1FB8CC06E952AC1BC41CDA5A8D6036706A391C9FEE9CF57797,55,0,7,0,1,osmo1c5fkllf3j9nmr2hkuvyuf6xh73lyuf76sg0g7v,genesis1c5fkllf3j9nmr2hkuvyuf6xh73lyuf76x6gwvt,500000000000000000,ibc/F16FDC11A7662B86BC0B9CE61871CBACF7C20606F95E86260FD38915184B75B4,transfer/channel-253/el1,,channel-253,channel-1,connection-1539,92,1.717584795397353E9
4693472|1|18|0|7|1,1.654529279649E9,4693472,block_result,1,3F41B4ABDFE0F6E27728242150027C98ABDCEE8414CD5E07873E4CCB5AE05700,18,0,7,0,1,osmo1c5fkllf3j9nmr2hkuvyuf6xh73lyuf76sg0g7v,genesis1c5fkllf3j9nmr2hkuvyuf6xh73lyuf76x6gwvt,21399869999999870000,ibc/F16FDC11A7662B86BC0B9CE61871CBACF7C20606F95E86260FD38915184B75B4,transfer/channel-253/el1,,channel-253,channel-1,connection-1539,93,1.717584773560173E9
4696355|1|24|0|7|1,1.654548618919E9,4696355,block_result,1,787B9EA0CCACFF632AF2AC4D0B7809B4FCC1A8500859589BCFC1A1FB56E40829,24,0,7,0,1,osmo1c66hfnn0vm2zs50n6vjl6lp7cu3hks6q92w9fm,genesis1c66hfnn0vm2zs50n6vjl6lp7cu3hks6qncfrmu,10300000000000000000,ibc/F16FDC11A7662B86BC0B9CE61871CBACF7C20606F95E86260FD38915184B75B4,transfer/channel-253/el1,,channel-253,channel-1,connection-1539,145,1.717586252208022E9
4691132|1|3|0|7|1,1.654514252069E9,4691132,block_result,1,E776288B31BFF9C4B8AC9E1F4DC20E3DA7BAA8EDFC7CDB3D9FACFD178B13B0FC,3,0,7,0,1,osmo1cnp8wul7r70fj034x3y0dnrgxsn2dx7aznxy4f,genesis1cnp8wul7r70fj034x3y0dnrgxsn2dx7a5ppz8w,10999869999999870000,ibc/F16FDC11A7662B86BC0B9CE61871CBACF7C20606F95E86260FD38915184B75B4,transfer/channel-253/el1,,channel-253,channel-1,connection-1539,57,1.717584923956666E9
4690665|1|5|0|7|1,1.654511286249E9,4690665,block_result,1,47A91ABF6EB2FE9E98CC7F4DCDA6681AF31B2934987CFED44978BBA956B92E86,5,0,7,0,1,osmo1cpw7vutjsjh0z9newc372udqpg5276lj2evwv5,genesis1cpw7vutjsjh0z9newc372udqpg5276ljuttg7n,10999869999999870000,ibc/F16FDC11A7662B86BC0B9CE61871CBACF7C20606F95E86260FD38915184B75B4,transfer/channel-253/el1,,channel-253,channel-1,connection-1539,50,1.717584748152778E9
4695314|1|10|0|7|1,1.654541786326E9,4695314,block_result,1,40E75DE66A4B735EA10AA79FC82D2EEFD5ABAFF90B5DE47230ECFFEAA1C816EF,10,0,7,0,1,osmo1ctgp3saksavq29uxcat6gspqx8lxsdm4jxgycn,genesis1ctgp3saksavq29uxcat6gspqx8lxsdm4y50z25,10999869999999870000,ibc/F16FDC11A7662B86BC0B9CE61871CBACF7C20606F95E86260FD38915184B75B4,transfer/channel-253/el1,,channel-253,channel-1,connection-1539,126,1.717584555503334E9
4694475|1|86|0|7|1,1.654536181472E9,4694475,block_result,1,137CF33ADA51B43015A5A8FB6EB6CBDCA8E818930574F3190B95ABFED5034A11,86,0,7,0,1,osmo1d0k92lzqpclpgf25fdpf6zrl7lvjue5q7pyvnr,genesis1d0k92lzqpclpgf25fdpf6zrl7lvjue5qgnr2py,10999869999999870000,ibc/F16FDC11A7662B86BC0B9CE61871CBACF7C20606F95E86260FD38915184B75B4,transfer/channel-253/el1,,channel-253,channel-1,connection-1539,108,1.717584829454573E9
4696377|1|25|0|7|1,1.654548762633E9,4696377,block_result,1,5DBBAFE17A8E68EBA728A8616801BB2CAB52D5AAD25670E84A2B0AE1CE1D081F,25,0,7,0,1,osmo1dg2425sj50yf3narap87qqcm5gc48hasvzz33u,genesis1dg2425sj50yf3narap87qqcm5gc48has6s9hrm,10999869999999870000,ibc/F16FDC11A7662B86BC0B9CE61871CBACF7C20606F95E86260FD38915184B75B4,transfer/channel-253/el1,,channel-253,channel-1,connection-1539,146,1.717584570544348E9
4690361|1|5|0|7|1,1.654509351311E9,4690361,block_result,1,E7ED7F90C96E817E90DB14773DBB8D5BF4D9373A9FEDD289DC27CEE41B82F3B9,5,0,7,0,1,osmo1dhr5zx2gf3g4rtxrauy5k7ahd8l5pjrlrkhz6s,genesis1dhr5zx2gf3g4rtxrauy5k7ahd8l5pjrl4ysygh,10999869999999870000,ibc/F16FDC11A7662B86BC0B9CE61871CBACF7C20606F95E86260FD38915184B75B4,transfer/channel-253/el1,,channel-253,channel-1,connection-1539,44,1.717584730445971E9
4690275|1|0|0|7|1,1.654508801916E9,4690275,block_result,1,EEFC4E6EC994DFA60E769BC3CADD813BEF599E380259ED95FEBF481E74122E4C,0,0,7,0,1,osmo1dl6f46qy2jyszpk66d7qzzxfr4cc6az4nhgj9d,genesis1dl6f46qy2jyszpk66d7qzzxfr4cc6az49905h2,10999869999999870000,ibc/F16FDC11A7662B86BC0B9CE61871CBACF7C20606F95E86260FD38915184B75B4,transfer/channel-253/el1,,channel-253,channel-1,connection-1539,42,1.717607365784324E9
4695066|1|20|0|7|1,1.654540150698E9,4695066,block_result,1,7174BA6DA75C0452B45CEA105599CBBA0C87C744C7EDB416FE751782D48A5BBA,20,0,7,0,1,osmo1ds5hwgfe04pzj6xy4auq6fdqycs69360p4cxkv,genesis1ds5hwgfe04pzj6xy4auq6fdqycs69360h8lqyt,10999869999999870000,ibc/F16FDC11A7662B86BC0B9CE61871CBACF7C20606F95E86260FD38915184B75B4,transfer/channel-253/el1,,channel-253,channel-1,connection-1539,122,1.717584812013016E9
4693382|1|1|0|7|1,1.654528698473E9,4693382,block_result,1,32D0689BF8DB99E57AEE377FA62DB63F1384A85CEAD11408DC135D55785373E4,1,0,7,0,1,osmo1dvulrm73tcl2dcjv5n5tuc00eckslt7cm40s64,genesis1dvulrm73tcl2dcjv5n5tuc00eckslt7cd8gkgj,10999869999999870000,ibc/F16FDC11A7662B86BC0B9CE61871CBACF7C20606F95E86260FD38915184B75B4,transfer/channel-253/el1,,channel-253,channel-1,connection-1539,91,1.717585056651229E9
4689828|1|23|0|7|1,1.654505974706E9,4689828,block_result,1,EF6363982B7CC88AEC4BB368253C615A57966480C11076C6349A57CD1422B6F0,23,0,7,0,1,osmo1ejnpzu8e667zm24merulfs0v2zegfjass76hr0,genesis1ejnpzu8e667zm24merulfs0v2zegfjasxva33g,10000000000000000000,ibc/F16FDC11A7662B86BC0B9CE61871CBACF7C20606F95E86260FD38915184B75B4,transfer/channel-253/el1,,channel-253,channel-1,connection-1539,31,1.717584746466304E9
4691565|1|4|0|7|1,1.654517006353E9,4691565,block_result,1,8B9840B66AFD871A3255054079E6062DD13A2798D0CA133325517EF96DF134FD,4,0,7,0,1,osmo1es8n2lf6gqnq6as8lahl6e4as2sxa9h6gpkp7r,genesis1es8n2lf6gqnq6as8lahl6e4as2sxa9h67n38vy,10000000000000000000,ibc/F16FDC11A7662B86BC0B9CE61871CBACF7C20606F95E86260FD38915184B75B4,transfer/channel-253/el1,,channel-253,channel-1,connection-1539,61,1.717606997650347E9
4695906|1|6|0|7|1,1.65454567891E9,4695906,block_result,1,2C5EA853DA2FF2978BAFCB03F802A497BC47D38B37662A658E7AE4400FB0DBDF,6,0,7,0,1,osmo1eyfl5rcwe8qepfa4lupjafsmd8wnsdfrkrvjnr,genesis1eyfl5rcwe8qepfa4lupjafsmd8wnsdfrq3t5py,10999869999999870000,ibc/F16FDC11A7662B86BC0B9CE61871CBACF7C20606F95E86260FD38915184B75B4,transfer/channel-253/el1,,channel-253,channel-1,connection-1539,136,1.717606694648585E9
4696605|1|17|0|7|1,1.654550246216E9,4696605,block_result,1,2258AC4724B93F2D11936CABD92C161FFC9D1AAEF2B9B76D8A7281E20742A934,17,0,7,0,1,osmo1f6dg2muw0jee9xqhlftvjekzqkgtmdy0dvwm0p,genesis1f6dg2muw0jee9xqhlftvjekzqkgtmdy0m7faax,10999869999999870000,ibc/F16FDC11A7662B86BC0B9CE61871CBACF7C20606F95E86260FD38915184B75B4,transfer/channel-253/el1,,channel-253,channel-1,connection-1539,155,1.717584547185535E9
4695140|1|6|0|7|1,1.654540644177E9,4695140,block_result,1,A17F10C83D76BF4A63D4A6288A648D2E43C42D9C5B060BBFBD3DEA25CBB4E496,6,0,7,0,1,osmo1fe4mvh5f7t0830fwcucuulj5w22vxtecu04w7t,genesis1fe4mvh5f7t0830fwcucuulj5w22vxtec2ajgvv,26046085903755244140,ibc/F16FDC11A7662B86BC0B9CE61871CBACF7C20606F95E86260FD38915184B75B4,transfer/channel-253/el1,,channel-253,channel-1,connection-1539,123,1.717584571669562E9
4695286|1|7|0|7|1,1.6545416014E9,4695286,block_result,1,679D0E794F22A6BFF715E49C183853B6688E08F015F606F9995823F9DCDE0C45,7,0,7,0,1,osmo1fe4mvh5f7t0830fwcucuulj5w22vxtecu04w7t,genesis1fe4mvh5f7t0830fwcucuulj5w22vxtec2ajgvv,131049472599547345872,ibc/F16FDC11A7662B86BC0B9CE61871CBACF7C20606F95E86260FD38915184B75B4,transfer/channel-253/el1,,channel-253,channel-1,connection-1539,125,1.71758457573531E9
4694956|1|18|0|7|1,1.654539422904E9,4694956,block_result,1,B4EB115182671C76FF54F400BF6BB069A51F77F05C550182B21A5A7418A542A8,18,0,7,0,1,osmo1fe4mvh5f7t0830fwcucuulj5w22vxtecu04w7t,genesis1fe4mvh5f7t0830fwcucuulj5w22vxtec2ajgvv,200000000000000000000,ibc/F16FDC11A7662B86BC0B9CE61871CBACF7C20606F95E86260FD38915184B75B4,transfer/channel-253/el1,,channel-253,channel-1,connection-1539,118,1.717584851120429E9
4697711|1|11|0|7|1,1.654557392799E9,4697711,block_result,1,4950D99A8DE13EC1F45F739DF7E9020879D910E58263FFCC7E90C943762C6874,11,0,7,0,1,osmo1ylc88uqww6j7xrycj09d9mtas9ykjy94pg38j4,genesis1fhkga75da3j3fd0er3m76gj9uwtqqngkd00zed,10999869999999870000,ibc/F16FDC11A7662B86BC0B9CE61871CBACF7C20606F95E86260FD38915184B75B4,transfer/channel-253/el1,,channel-253,channel-1,connection-1539,164,1.717606309780945E9
4695013|1|53|0|7|1,1.654539800973E9,4695013,block_result,1,C2FCFF0F87BF5F3FBF5BAD8B84752CAE51F30C1DDC5C549041C5ADCFAA43E0DF,53,0,7,0,1,osmo1fqmypq4k476k0q4wrmny22gw3eg6ymeslqkx2g,genesis1fqmypq4k476k0q4wrmny22gw3eg6ymesfj3qc0,10999869999999870000,ibc/F16FDC11A7662B86BC0B9CE61871CBACF7C20606F95E86260FD38915184B75B4,transfer/channel-253/el1,,channel-253,channel-1,connection-1539,120,1.717584811190987E9
4694283|1|26|0|7|1,1.654534571197E9,4694283,block_result,1,153E0CBA3315A3F1269DBCEEBAB638FB12A34E0A22DBAE6FB97A36E57C51009E,26,0,7,0,1,osmo1fufgewplcd3a3quhkzf2d3vsz0322ls75appvm,genesis1fufgewplcd3a3quhkzf2d3vsz0322ls7z0x87u,10999869999999870000,ibc/F16FDC11A7662B86BC0B9CE61871CBACF7C20606F95E86260FD38915184B75B4,transfer/channel-253/el1,,channel-253,channel-1,connection-1539,103,1.717584845147277E9
4694215|1|87|0|7|1,1.654534128083E9,4694215,block_result,1,5A51C45A2D723F788E806726371F84A6CB3E3FFAEF98FD77B22DEE2757EDDA01,87,0,7,0,1,osmo1g30u4aqscx086t9gfd94xvufq3h3dagktpudhl,genesis1g30u4aqscx086t9gfd94xvufq3h3dagkanmt9c,48241929334997841500000,ibc/F16FDC11A7662B86BC0B9CE61871CBACF7C20606F95E86260FD38915184B75B4,transfer/channel-253/el1,,channel-253,channel-1,connection-1539,101,1.717584863484782E9
4690590|1|3|0|7|1,1.654510806043E9,4690590,block_result,1,2CB4E99901DE95525D717348884C943F1B8EEAFFD23ACE8F066E967C99770D95,3,0,7,0,1,osmo1gdwksh567hdjwdrpgs6qgalpupcjv2jcyzwr6n,genesis1gdwksh567hdjwdrpgs6qgalpupcjv2jcjsf9g5,10999869999999870000,ibc/F16FDC11A7662B86BC0B9CE61871CBACF7C20606F95E86260FD38915184B75B4,transfer/channel-253/el1,,channel-253,channel-1,connection-1539,48,1.717584730208793E9
4695875|1|3|0|7|1,1.654545470955E9,4695875,block_result,1,825555EC5F9A7665D2661220E52DA506F2C88202FE32FA055955EB859C4FBF41,3,0,7,0,1,osmo1grxuc23mq6kl90dw2h8mvpe57fz3r4f7pwgqpd,genesis1grxuc23mq6kl90dw2h8mvpe57fz3r4f7hu0xn2,10990000000000000000,ibc/F16FDC11A7662B86BC0B9CE61871CBACF7C20606F95E86260FD38915184B75B4,transfer/channel-253/el1,,channel-253,channel-1,connection-1539,135,1.717606697529042E9
4695441|1|3|0|7|1,1.654542605169E9,4695441,block_result,1,6FF9F656694D75022749BA23057CE39F1869BE035E345EFA6D409005F0565DFB,3,0,7,0,1,osmo1gs4u2hrdqlzlz8f8nzpp55zd2l2jpz3vgs6vza,genesis1gs4u2hrdqlzlz8f8nzpp55zd2l2jpz3v7za2s6,2000000000000000000,ibc/F16FDC11A7662B86BC0B9CE61871CBACF7C20606F95E86260FD38915184B75B4,transfer/channel-253/el1,,channel-253,channel-1,connection-1539,128,1.717606965560514E9
4695451|1|22|0|7|1,1.654542672147E9,4695451,block_result,1,F952F0A3D4E2811D04FDDB6162F7A4DD11443BC9E3A9AC7BCE1582092F613A2E,22,0,7,0,1,osmo1gs4u2hrdqlzlz8f8nzpp55zd2l2jpz3vgs6vza,genesis1gs4u2hrdqlzlz8f8nzpp55zd2l2jpz3v7za2s6,8990869999999870000,ibc/F16FDC11A7662B86BC0B9CE61871CBACF7C20606F95E86260FD38915184B75B4,transfer/channel-253/el1,,channel-253,channel-1,connection-1539,130,1.717606954235629E9
4691586|1|2|0|7|1,1.654517138212E9,4691586,block_result,1,A6893F9709B3E2DD21EB633D7E2934EE2CFDB70DE7E70D40AB8539FAB6533D45,2,0,7,0,1,osmo1h484jylpn93gqc0wwq2vlvxcrgtq3d48mppzmj,genesis1h484jylpn93gqc0wwq2vlvxcrgtq3d48dnxyf4,10999869999999870000,ibc/F16FDC11A7662B86BC0B9CE61871CBACF7C20606F95E86260FD38915184B75B4,transfer/channel-253/el1,,channel-253,channel-1,connection-1539,62,1.717607001179432E9
4690961|1|0|0|7|1,1.654513165399E9,4690961,block_result,1,9E3D129431968DB20FCDFF8E74FA85E9F19B21328F5E9F5CA3E3A35AE069C682,0,0,7,0,1,osmo1h9v4lmln4xrrjshtq6sw5vqhajjkysyvrre4ua,genesis1h9v4lmln4xrrjshtq6sw5vqhajjkysyv437nw6,10999869999999870000,ibc/F16FDC11A7662B86BC0B9CE61871CBACF7C20606F95E86260FD38915184B75B4,transfer/channel-253/el1,,channel-253,channel-1,connection-1539,55,1.717584743694873E9
4694716|1|35|0|7|1,1.65453786514E9,4694716,block_result,1,F7A836070EAAD4B6FE1B8AFDC1F1AD6BDAA3FF908A047BDADD05F99F6DD61C0C,35,0,7,0,1,osmo1hsxezlay09t8ty6maue78gr8rw7m86l37492x9,genesis1hsxezlay09t8ty6maue78gr8rw7m86l3g8zv5z,10999869999999870000,ibc/F16FDC11A7662B86BC0B9CE61871CBACF7C20606F95E86260FD38915184B75B4,transfer/channel-253/el1,,channel-253,channel-1,connection-1539,110,1.71758487962004E9
4695935|1|4|0|7|1,1.654545867572E9,4695935,block_result,1,433A9DC5C0AA29EE62C04E1BBEF84B2536F1CB2BC5728CC9822FFD582C9AA241,4,0,7,0,1,osmo1huaayys7a8uv9d6e7ps9avzxfm9ffe955sl7hf,genesis1huaayys7a8uv9d6e7ps9avzxfm9ffe95zzcc9w,1999869999999870000,ibc/F16FDC11A7662B86BC0B9CE61871CBACF7C20606F95E86260FD38915184B75B4,transfer/channel-253/el1,,channel-253,channel-1,connection-1539,137,1.71760670232569E9
4692640|1|1|0|7|1,1.65452391639E9,4692640,block_result,1,3C6F0BC2E2F42AB98D63A9929F23D3138535C3A1DF0163893AB25C0C24BCA5D1,1,0,7,0,1,osmo1j48ee35rqpyhvqs5rw8jqmsgjc57e0nvra0e2t,genesis1j48ee35rqpyhvqs5rw8jqmsgjc57e0nv40glcv,10999869999999870000,ibc/F16FDC11A7662B86BC0B9CE61871CBACF7C20606F95E86260FD38915184B75B4,transfer/channel-253/el1,,channel-253,channel-1,connection-1539,73,1.717606962370495E9
4691619|1|7|0|7|1,1.654517347014E9,4691619,block_result,1,5E5307AF774A27F09F1A1758ADE8DAF36B16A4080B14EFDA3918506DC4A75817,7,0,7,0,1,osmo1jdqp9e0y7wrvnq38n3mvftcwhap7glelhxdu9a,genesis1jdqp9e0y7wrvnq38n3mvftcwhap7glelp526h6,10999869999999870000,ibc/F16FDC11A7662B86BC0B9CE61871CBACF7C20606F95E86260FD38915184B75B4,transfer/channel-253/el1,,channel-253,channel-1,connection-1539,64,1.717607264519241E9
4694781|1|4|0|7|1,1.654538280747E9,4694781,block_result,1,3F2C48F5DC9AE03E1F0F4D003B241B6EC5B84DE476964E3F5F67B726AEB8C370,4,0,7,0,1,osmo1k2dnffudwvslz64jgk04tlvxdk9nqk2nrsgm57,genesis1k2dnffudwvslz64jgk04tlvxdk9nqk2n4z0axe,10999869999999870000,ibc/F16FDC11A7662B86BC0B9CE61871CBACF7C20606F95E86260FD38915184B75B4,transfer/channel-253/el1,,channel-253,channel-1,connection-1539,112,1.71758490697682E9
4691806|1|21|0|7|1,1.654518549433E9,4691806,block_result,1,16AA95AC0CE052A64B2DC7994B8ED03BB95C39EF0A08EFBF71FFDD37C99C3D09,21,0,7,0,1,osmo1k4paygdg7tyw3ye65qua00pw6vlqmvsk8mwnqy,genesis1k4paygdg7tyw3ye65qua00pw6vlqmvsk3ff4jr,10999869999999870000,ibc/F16FDC11A7662B86BC0B9CE61871CBACF7C20606F95E86260FD38915184B75B4,transfer/channel-253/el1,,channel-253,channel-1,connection-1539,68,1.717607000668823E9
4693970|1|59|0|7|1,1.65453253616E9,4693970,block_result,1,72C489A0AECF35A976813C556375D38D9450D22F1F6A52D8F3A652DA806AF6F9,59,0,7,0,1,osmo1k63g9u6t8zwgly7hws8v8yvekcv2vk9nsu99rh,genesis1k63g9u6t8zwgly7hws8v8yvekcv2vk9nxwzr3s,11000000000000000000,ibc/F16FDC11A7662B86BC0B9CE61871CBACF7C20606F95E86260FD38915184B75B4,transfer/channel-253/el1,,channel-253,channel-1,connection-1539,97,1.71758507701914E9
4692950|1|2|0|7|1,1.654525917788E9,4692950,block_result,1,7278AE0589FF1376AEEC2CFA475F879484E4F60C2225A6EB232202804035BBD5,2,0,7,0,1,osmo1ka56shsuqku6c8apzg5neksn6uve6xq7f2e7c4,genesis1ka56shsuqku6c8apzg5neksn6uve6xq7lc7c2j,10000000000000000000,ibc/F16FDC11A7662B86BC0B9CE61871CBACF7C20606F95E86260FD38915184B75B4,transfer/channel-253/el1,,channel-253,channel-1,connection-1539,83,1.717606931432449E9
4696868|1|31|0|7|1,1.654551984332E9,4696868,block_result,1,27800AC80636DBD4CB0C30A4A35653C1C2BE69931D166B6579CE371A750710F2,31,0,7,0,1,osmo1ks3h4q0qg58ptg22x9nrjj9vmje847fghx6xcc,genesis1ks3h4q0qg58ptg22x9nrjj9vmje847fgp5aq2l,10000000000000000000,ibc/F16FDC11A7662B86BC0B9CE61871CBACF7C20606F95E86260FD38915184B75B4,transfer/channel-253/el1,,channel-253,channel-1,connection-1539,159,1.717606760942417E9
4691727|1|1|0|7|1,1.65451804752E9,4691727,block_result,1,334F82DA3731D838444E16C273086E314CCA14AA49F45841221E240207670F53,1,0,7,0,1,osmo1ky940z38hwnvmw3evle88nq4s2uy5kggyrnrj5,genesis1ky940z38hwnvmw3evle88nq4s2uy5kggj359qn,10999869999999870000,ibc/F16FDC11A7662B86BC0B9CE61871CBACF7C20606F95E86260FD38915184B75B4,transfer/channel-253/el1,,channel-253,channel-1,connection-1539,65,1.717607235349595E9
4693222|1|23|0|7|1,1.654527661375E9,4693222,block_result,1,0D33B1F4820A1D4866950B3C3FE1F050BCCAED58338D0001EFEE7CAFCAE1F7F6,23,0,7,0,1,osmo1kykrr9f2uw3jxcvs59u8g0guglywlre7c5rvd8,genesis1kykrr9f2uw3jxcvs59u8g0guglywlre7wxy2lq,10999869999999870000,ibc/F16FDC11A7662B86BC0B9CE61871CBACF7C20606F95E86260FD38915184B75B4,transfer/channel-253/el1,,channel-253,channel-1,connection-1539,85,1.717606952925426E9
4690875|1|3|0|7|1,1.654512620387E9,4690875,block_result,1,2DCFFDE810444C8710BBA0C5E0A26DBEA3F49786911FFA04C1109CD55994C71E,3,0,7,0,1,osmo1l6zt73u4499gry8pscynxktlljchexzxua002q,genesis1l6zt73u4499gry8pscynxktlljchexzx20gfc8,21999659999999870000,ibc/F16FDC11A7662B86BC0B9CE61871CBACF7C20606F95E86260FD38915184B75B4,transfer/channel-253/el1,,channel-253,channel-1,connection-1539,53,1.717584733985586E9
4693265|1|1|0|7|1,1.654527940261E9,4693265,block_result,1,A21D0F655A9DA6CBEBC86790BCA65139CF0541F8DB5A02B64D7183E73EFE99EB,1,0,7,0,1,osmo1l77nv7gy9xye98nlpsdeglukl0d36uxvtl6amm,genesis1l77nv7gy9xye98nlpsdeglukl0d36uxvadamfu,10999869999999870000,ibc/F16FDC11A7662B86BC0B9CE61871CBACF7C20606F95E86260FD38915184B75B4,transfer/channel-253/el1,,channel-253,channel-1,connection-1539,88,1.717606938070516E9
4694276|1|8|0|7|1,1.654534527029E9,4694276,block_result,1,D9F468A2ACBCE6D1F5B45205F868A8BF2C79733B265EF5C9BB602263631214EE,8,0,7,0,1,osmo1lnuqxrtdee5u60cqkewlwg6wn0juewcghyhrxy,genesis1lnuqxrtdee5u60cqkewlwg6wn0juewcgpks95r,10999869999999870000,ibc/F16FDC11A7662B86BC0B9CE61871CBACF7C20606F95E86260FD38915184B75B4,transfer/channel-253/el1,,channel-253,channel-1,connection-1539,102,1.717584875411317E9
4696715|1|4|0|7|1,1.654550965647E9,4696715,block_result,1,406DE00C5FD3EF8C58EC33A840E62A06E38E2E7E02E875E3864DD770199D1BFA,4,0,7,0,1,osmo1lpzsa4t5dgaw040sefwnrpe8jap32qp8zl8265,genesis1lpzsa4t5dgaw040sefwnrpe8jap32qp85dqvgn,10999869999999870000,ibc/F16FDC11A7662B86BC0B9CE61871CBACF7C20606F95E86260FD38915184B75B4,transfer/channel-253/el1,,channel-253,channel-1,connection-1539,157,1.717585012309102E9
4690096|1|0|0|7|1,1.654507665E9,4690096,block_result,1,5C92DA9464FFBBC46D7ED5A8557B2481E12D1C79DE6474E650FB81EBF9EB2F69,0,0,7,0,1,osmo1lz52mmgqjrk47kkv3gpz5cve6svfweey880k9u,genesis1lz52mmgqjrk47kkv3gpz5cve6svfweey34gshm,10999869999999870000,ibc/F16FDC11A7662B86BC0B9CE61871CBACF7C20606F95E86260FD38915184B75B4,transfer/channel-253/el1,,channel-253,channel-1,connection-1539,38,1.717607017118611E9
4691600|1|5|0|7|1,1.654517226016E9,4691600,block_result,1,C6816BB6B0390EC7AD341A8C3DBC6BF7E4F69636BFF516ADA334D6B8DD293CE7,5,0,7,0,1,osmo1m3esxfpc2qlk75jyjhfgyhma3std4cmvuwhrwt,genesis1m3esxfpc2qlk75jyjhfgyhma3std4cmv2us9uv,10999869999999870000,ibc/F16FDC11A7662B86BC0B9CE61871CBACF7C20606F95E86260FD38915184B75B4,transfer/channel-253/el1,,channel-253,channel-1,connection-1539,63,1.717607009691261E9
4694182|1|12|0|7|1,1.654533916284E9,4694182,block_result,1,21501D5C13B3A3D271981657C8373CA62B2E7DF61379E5F8A2B9E0FBE168DDDF,12,0,7,0,1,osmo1mqucr2yr6tg760vt99p55hazh2s555kh7q5fs6,genesis1mqucr2yr6tg760vt99p55hazh2s555khgjn0za,10999869999999870000,ibc/F16FDC11A7662B86BC0B9CE61871CBACF7C20606F95E86260FD38915184B75B4,transfer/channel-253/el1,,channel-253,channel-1,connection-1539,100,1.717584680337909E9
4696053|1|14|0|7|1,1.654546633932E9,4696053,block_result,1,AC9F26417A43FF4C5D5D3D6C8C8B35756195779F9521E8DFB3D2284225B01365,14,0,7,0,1,osmo1n4wjmrv7ghyjahyxys035y32xrhrepvvgyqhkz,genesis1n4wjmrv7ghyjahyxys035y32xrhrepvv7k83y9,10999869999999870000,ibc/F16FDC11A7662B86BC0B9CE61871CBACF7C20606F95E86260FD38915184B75B4,transfer/channel-253/el1,,channel-253,channel-1,connection-1539,140,1.717606688496561E9
4696169|1|31|0|7|1,1.654547388625E9,4696169,block_result,1,26E69788096D96060065B3D4F411BA797026CAB680BD98BE0931F2CF6E15AE6C,31,0,7,0,1,osmo1nd86lwg7se890hau65eeq6ru9cxunc53wxeux0,genesis1nd86lwg7se890hau65eeq6ru9cxunc53c5765g,3125889390095329557,ibc/F16FDC11A7662B86BC0B9CE61871CBACF7C20606F95E86260FD38915184B75B4,transfer/channel-253/el1,,channel-253,channel-1,connection-1539,142,1.717606667552602E9
4690501|1|11|0|7|1,1.654510237783E9,4690501,block_result,1,3DC642FF2A8AF3341C8A5E09A61F6899E893B9DB06B6286A82BD54A2D4DBD65C,11,0,7,0,1,osmo1nl22wg7egsm4tgf44ujyqa08uv76m9xyaw94pe,genesis1nl22wg7egsm4tgf44ujyqa08uv76m9xytuznn7,10999869999999870000,ibc/F16FDC11A7662B86BC0B9CE61871CBACF7C20606F95E86260FD38915184B75B4,transfer/channel-253/el1,,channel-253,channel-1,connection-1539,47,1.717584731333424E9
4696424|1|26|0|7|1,1.654549065614E9,4696424,block_result,1,3BA02DA12E80BD5CC36FE1BB05F8C88757B3E6D4B614B1C119EE3DC77B624591,26,0,7,0,1,osmo1p0x2pwpseqv6jhfuvkyjh3zpkam4wjzquz3fva,genesis1p0x2pwpseqv6jhfuvkyjh3zpkam4wjzq2sk076,10999869999999870000,ibc/F16FDC11A7662B86BC0B9CE61871CBACF7C20606F95E86260FD38915184B75B4,transfer/channel-253/el1,,channel-253,channel-1,connection-1539,148,1.717584551155366E9
4696090|1|33|0|7|1,1.654546879963E9,4696090,block_result,1,EE786989ADA87036B5609618BC6864FC5D1F0E38ECE0CF572521F9864C68852F,33,0,7,0,1,osmo1pf0gjuduse5rsne403j9w5re0h06dd3frp2d74,genesis1pf0gjuduse5rsne403j9w5re0h06dd3f4ndtvj,10999869999999870000,ibc/F16FDC11A7662B86BC0B9CE61871CBACF7C20606F95E86260FD38915184B75B4,transfer/channel-253/el1,,channel-253,channel-1,connection-1539,141,1.717606700582314E9
4696032|1|17|0|7|1,1.654546497719E9,4696032,block_result,1,1E6CBAC08CA8E8F642CEE7664B081822EDD65C138C65D9FC60B1D8D1967D5DAA,17,0,7,0,1,osmo19nfp657kqq8nqy9vu2mwewxjrahrc5qpvtu8au,genesis1pf0gjuduse5rsne403j9w5re0h06dd3f4ndtvj,10999869999999870000,ibc/F16FDC11A7662B86BC0B9CE61871CBACF7C20606F95E86260FD38915184B75B4,transfer/channel-253/el1,,channel-253,channel-1,connection-1539,138,1.717606884325268E9
4696717|1|1|0|7|1,1.654550978222E9,4696717,block_result,1,C0A89E63EA637EA0EA2DC2F00300C1D28494437047F349BB42DA587FF59BC4BA,1,0,7,0,1,osmo1pnzpgzazyh2npvkupqxjycn3gn0tkyvxrfjfjs,genesis1pnzpgzazyh2npvkupqxjycn3gn0tkyvx4m40qh,10999869999999870000,ibc/F16FDC11A7662B86BC0B9CE61871CBACF7C20606F95E86260FD38915184B75B4,transfer/channel-253/el1,,channel-253,channel-1,connection-1539,158,1.717584812052717E9
4695458|1|42|0|7|1,1.654542717985E9,4695458,block_result,1,D144EAB73FA40712A4E270CF9F3D3AEA051C411D8B687D4E80ECD792EE0A7AE0,42,0,7,0,1,osmo154pypmugfuk94c85efzwdntamhrkl86mhf7rrz,genesis1pvvgvjejgxm8shkh4qtsjluxdvucatxactrzt6,10999869999999870000,ibc/F16FDC11A7662B86BC0B9CE61871CBACF7C20606F95E86260FD38915184B75B4,transfer/channel-253/el1,,channel-253,channel-1,connection-1539,131,1.71760696089605E9
4695429|1|10|0|7|1,1.654542527548E9,4695429,block_result,1,272DB92F1C169EA7C6613BA14A2912F0B19F86D7B4AF009B6FD1D305F8FDC923,10,0,7,0,1,osmo1pvvgvjejgxm8shkh4qtsjluxdvucatxaweyyea,genesis1pvvgvjejgxm8shkh4qtsjluxdvucatxactrzt6,10999869999999870000,ibc/F16FDC11A7662B86BC0B9CE61871CBACF7C20606F95E86260FD38915184B75B4,transfer/channel-253/el1,,channel-253,channel-1,connection-1539,127,1.717609060487055E9
4694455|1|39|0|7|1,1.654535688225E9,4694455,block_result,1,551037FC82A183E25BF9FF060CFD3607ACF7877BDA529BDA0A06EB71287FA70B,39,0,7,0,1,osmo1px5hrplm5talh55j79gc6wsazeu05vgmlrysyp,genesis1px5hrplm5talh55j79gc6wsazeu05vgmf3rkkx,10781403537640801111280,ibc/F16FDC11A7662B86BC0B9CE61871CBACF7C20606F95E86260FD38915184B75B4,transfer/channel-253/el1,,channel-253,channel-1,connection-1539,107,1.717585250406644E9
4692656|1|14|0|7|1,1.654524017856E9,4692656,block_result,1,42F6E15DAE92E028A338B68AAFF6488B8ADDB105422F061A3B7D7C0F650A6928,14,0,7,0,1,osmo1pxa93n7xrvvmzd9rv0zsxgfk0kjude6te9jvv4,genesis1pxa93n7xrvvmzd9rv0zsxgfk0kjude6t0h427j,10999869999999870000,ibc/F16FDC11A7662B86BC0B9CE61871CBACF7C20606F95E86260FD38915184B75B4,transfer/channel-253/el1,,channel-253,channel-1,connection-1539,74,1.717606978782925E9
4694913|1|23|0|7|1,1.654539147454E9,4694913,block_result,1,DF41E34D93A4A430B36310BDEEC1B5FF64E29801699FFCF79E26F199B5DA3E97,23,0,7,0,1,osmo1pynem7frgl5kj4snxag5gcpgqqac9g0qpteaze,genesis1pynem7frgl5kj4snxag5gcpgqqac9g0qhe7ms7,10999869999999870000,ibc/F16FDC11A7662B86BC0B9CE61871CBACF7C20606F95E86260FD38915184B75B4,transfer/channel-253/el1,,channel-253,channel-1,connection-1539,116,1.717584825031674E9
4696521|1|36|0|7|1,1.654549705859E9,4696521,block_result,1,0528D0176A10E9CA62C99146C1CE89BD0AEC858881E028EC8B27385616A9ED1F,36,0,7,0,1,osmo1q2z3tj5yq9cx3nc8gc5tqjk7rrsk4h7cnsltxf,genesis1q2z3tj5yq9cx3nc8gc5tqjk7rrsk4h7c9zcd5w,10800000000000000000,ibc/F16FDC11A7662B86BC0B9CE61871CBACF7C20606F95E86260FD38915184B75B4,transfer/channel-253/el1,,channel-253,channel-1,connection-1539,152,1.717584821651828E9
4695174|1|27|0|7|1,1.654540871631E9,4695174,block_result,1,4930757F386E04AA6276160C1872BEF47341CB7BC61775868EC57F750C3BE503,27,0,7,0,1,osmo1qa9n2hntgwtgjrnl2tl5cwn6k5t7wuz6gy8hy3,genesis1qa9n2hntgwtgjrnl2tl5cwn6k5t7wuz67kq3kk,10999869999999870000,ibc/F16FDC11A7662B86BC0B9CE61871CBACF7C20606F95E86260FD38915184B75B4,transfer/channel-253/el1,,channel-253,channel-1,connection-1539,124,1.717584577541066E9
4691047|1|1|0|7|1,1.654513718567E9,4691047,block_result,1,18290068C3222081D1265E8E9AB92829ED956B9C54D0F7DB7059ADCF0E489FAD,1,0,7,0,1,osmo1qgu227rkd8qwq92mdr0l0cp4e5n6y4yrnxas32,genesis1qgu227rkd8qwq92mdr0l0cp4e5n6y4yr956krd,10000000000000000000,ibc/F16FDC11A7662B86BC0B9CE61871CBACF7C20606F95E86260FD38915184B75B4,transfer/channel-253/el1,,channel-253,channel-1,connection-1539,56,1.717584903042681E9
4692733|1|6|0|7|1,1.654524515997E9,4692733,block_result,1,7D8196E5EA50C89D83EA630A65BD3C09DD41097889394A108A62A1293F6D34B3,6,0,7,0,1,osmo1qmff3dmk3prfauz92nhejhelp2un7ped6v49nx,genesis1qmff3dmk3prfauz92nhejhelp2un7pedv7jrpp,10900000000000000000,ibc/F16FDC11A7662B86BC0B9CE61871CBACF7C20606F95E86260FD38915184B75B4,transfer/channel-253/el1,,channel-253,channel-1,connection-1539,79,1.717606989370311E9
4696550|1|14|0|7|1,1.654549891805E9,4696550,block_result,1,24DD8795293767A9EA0E93186A4CED955EB88D1C151A4DDC545CF4A0691DF0DA,14,0,7,0,1,osmo1qqp2aydslhpx4emvqdhsyn8ztrltd4ze2rs6u9,genesis1qqp2aydslhpx4emvqdhsyn8ztrltd4zeu3huwz,10999869999999870000,ibc/F16FDC11A7662B86BC0B9CE61871CBACF7C20606F95E86260FD38915184B75B4,transfer/channel-253/el1,,channel-253,channel-1,connection-1539,153,1.717584563213521E9
4693553|1|14|0|7|1,1.654529811096E9,4693553,block_result,1,D66B30FA18A4CBA407C76F0C831EDDF7736B8AE5E0CE6A2D85DE67C49BD53EC7,14,0,7,0,1,osmo1qwrencstpqk3mytuwn8kv3dquv9dtfqwf9gndv,genesis1qwrencstpqk3mytuwn8kv3dquv9dtfqwlh04lt,10940000000000000000,ibc/F16FDC11A7662B86BC0B9CE61871CBACF7C20606F95E86260FD38915184B75B4,transfer/channel-253/el1,,channel-253,channel-1,connection-1539,94,1.71758485397073E9
4692803|1|3|0|7|1,1.654524972842E9,4692803,block_result,1,2AB0CB9CEA98A9E0EAB3436737E650CF164CB9B19DFAB2C3275C53A7F796F015,3,0,7,0,1,osmo1r5trk7akrgukgcvvf852kwzgzydmla3r9zlj2d,genesis1r5trk7akrgukgcvvf852kwzgzydmla3rnsc5c2,10800000000000000000,ibc/F16FDC11A7662B86BC0B9CE61871CBACF7C20606F95E86260FD38915184B75B4,transfer/channel-253/el1,,channel-253,channel-1,connection-1539,81,1.717606982816732E9
4693797|1|5|0|7|1,1.654531399609E9,4693797,block_result,1,A09790BD55B82F30C0E0C6F2921B9171470632024C0EFA2E711002022B726B56,5,0,7,0,1,osmo1ravrrr3un9hk4zfhu3cfayc9zqn3z96cnxgjg7,genesis1ravrrr3un9hk4zfhu3cfayc9zqn3z96c95056e,10999869999999870000,ibc/F16FDC11A7662B86BC0B9CE61871CBACF7C20606F95E86260FD38915184B75B4,transfer/channel-253/el1,,channel-253,channel-1,connection-1539,95,1.717585143199538E9
4684882|1|10|0|7|1,1.654474629556E9,4684882,block_result,1,9E57B4BBED869AF79F9B83FC4A0BD39A81C6CF37C1FFA889D46CBC0B7CF11FBD,10,0,7,0,1,osmo1rryaawq8apta6fhxqe7zm9vses03747p6dygha,genesis1rryaawq8apta6fhxqe7zm9vses03747pvlrw96,1000000000000000000,ibc/F16FDC11A7662B86BC0B9CE61871CBACF7C20606F95E86260FD38915184B75B4,transfer/channel-253/el1,,channel-253,channel-1,connection-1539,26,1.717585169811598E9
4696961|1|6|0|7|1,1.654552579421E9,4696961,block_result,1,1BF53162779275591716EB686B39ECE3891A85B383D2EBF82CCB40CCF5B49080,6,0,7,0,1,osmo1s84q7zy0a0f7dchrpj2fk89gyglkwm2eqrzwxu,genesis1s84q7zy0a0f7dchrpj2fk89gyglkwm2ek39g5m,101000000000000000000,ibc/F16FDC11A7662B86BC0B9CE61871CBACF7C20606F95E86260FD38915184B75B4,transfer/channel-253/el1,,channel-253,channel-1,connection-1539,161,1.717606022473951E9
4690883|1|11|0|7|1,1.654512671413E9,4690883,block_result,1,725A3480768C044B97A5F8F3CD8CB4D21F9174792F9DA21838695A9193EE9EF4,11,0,7,0,1,osmo1s8f7epenu00ntspjnzqefelyr6ttf65y8v8cpu,genesis1s8f7epenu00ntspjnzqefelyr6ttf65y37q7nm,10999869999999870000,ibc/F16FDC11A7662B86BC0B9CE61871CBACF7C20606F95E86260FD38915184B75B4,transfer/channel-253/el1,,channel-253,channel-1,connection-1539,54,1.717584731012094E9
4691898|1|1|0|7|1,1.654519138095E9,4691898,block_result,1,1B2AECAA7DE55FF433AEC261DB99967693853B77D533FF297C490BA1F86D8E59,1,0,7,0,1,osmo1shk2aw96fd6l7yvdr2td33rstey4j72clltev7,genesis1shk2aw96fd6l7yvdr2td33rstey4j72cfdvl7e,10999869999999870000,ibc/F16FDC11A7662B86BC0B9CE61871CBACF7C20606F95E86260FD38915184B75B4,transfer/channel-253/el1,,channel-253,channel-1,connection-1539,70,1.717607251397178E9
4690672|1|10|0|7|1,1.654511332624E9,4690672,block_result,1,D1D167639C155C2801982784ABEC2FAD329FF7DAF40249907F4435C0E29CADC6,10,0,7,0,1,osmo1t6qerv6ktayj4dtrmr5jyykwt5ttujvqjpm36m,genesis1t6qerv6ktayj4dtrmr5jyykwt5ttujvqynuhgu,10999869999999870000,ibc/F16FDC11A7662B86BC0B9CE61871CBACF7C20606F95E86260FD38915184B75B4,transfer/channel-253/el1,,channel-253,channel-1,connection-1539,51,1.717584746702083E9
4696507|1|7|0|7|1,1.654549604666E9,4696507,block_result,1,6A3589A282FDD311F10FEB4E54B4B4084E5A593C0396AF2B6E251A2935606B2A,7,0,7,0,1,osmo1txns8n6l855kl9rd9a7pqzr9gc4xdumpahar6k,genesis1txns8n6l855kl9rd9a7pqzr9gc4xdumpt969g3,10999869999999870000,ibc/F16FDC11A7662B86BC0B9CE61871CBACF7C20606F95E86260FD38915184B75B4,transfer/channel-253/el1,,channel-253,channel-1,connection-1539,151,1.717584623777743E9
4692727|1|5|0|7|1,1.654524475459E9,4692727,block_result,1,C8EFFC2B70C92A9F139276172A02D82EC8F3CF6B775A9C086180E1EC066EDCEB,5,0,7,0,1,osmo1u6t4h67p7cna8lqvep9d8nqgrt3qr7k8nspdtg,genesis1u6t4h67p7cna8lqvep9d8nqgrt3qr7k89zxte0,10999869999999870000,ibc/F16FDC11A7662B86BC0B9CE61871CBACF7C20606F95E86260FD38915184B75B4,transfer/channel-253/el1,,channel-253,channel-1,connection-1539,78,1.717606986622503E9
4694508|1|24|0|7|1,1.654536457046E9,4694508,block_result,1,C5000FF9B6D92476F9A3137516B1739FB4CE3B966202399346CCD097C055B5CC,24,0,7,0,1,osmo1uq7u0ys4xzyefnsdglefywwkev8tmkjjuhz57r,genesis1uq7u0ys4xzyefnsdglefywwkev8tmkjj299jvy,10999869999999870000,ibc/F16FDC11A7662B86BC0B9CE61871CBACF7C20606F95E86260FD38915184B75B4,transfer/channel-253/el1,,channel-253,channel-1,connection-1539,109,1.717585249597382E9
4696567|1|9|0|7|1,1.654550002523E9,4696567,block_result,1,114DDD070CD87F522A8EAC7A3E5A274EF794460FD8C99086009A2472246A34A1,9,0,7,0,1,osmo1v5x7d2csz5vwz48p6wkj4j2y884e0ademefp4j,genesis1v5x7d2csz5vwz48p6wkj4j2y884e0adedtw884,10999869999999870000,ibc/F16FDC11A7662B86BC0B9CE61871CBACF7C20606F95E86260FD38915184B75B4,transfer/channel-253/el1,,channel-253,channel-1,connection-1539,154,1.71758454696289E9
4695559|1|44|0|7|1,1.654543384808E9,4695559,block_result,1,4A15BC8FEA743CA9313981DCA42289D4A9D571937681385118D1CA4418BCA6A1,44,0,7,0,1,osmo1vk6z2aa4hwf5kkd07248q8sm5xqzddueg2v23m,genesis1vk6z2aa4hwf5kkd07248q8sm5xqzddue7ctvru,10999869999999870000,ibc/F16FDC11A7662B86BC0B9CE61871CBACF7C20606F95E86260FD38915184B75B4,transfer/channel-253/el1,,channel-253,channel-1,connection-1539,132,1.717606728048209E9
4696875|1|40|0|7|1,1.654552028839E9,4696875,block_result,1,C9AE5BC0DE811976463D29A66D01F7052F9DB58F19F4BD417FB2DCCE46CE0A5F,40,0,7,0,1,osmo1vtxf37wet22efwrmyhkpltl87xjkx2djd8m4q4,genesis1vtxf37wet22efwrmyhkpltl87xjkx2djm4unjj,10999869999999870000,ibc/F16FDC11A7662B86BC0B9CE61871CBACF7C20606F95E86260FD38915184B75B4,transfer/channel-253/el1,,channel-253,channel-1,connection-1539,160,1.717606686742106E9
4689660|1|3|0|7|1,1.654504906662E9,4689660,block_result,1,535CD99A7D52DD9DD80532188A6217D4D144F1F5D508EA860A75EA0302B60072,3,0,7,0,1,osmo1vwv8pm0rn2u9wftmnlvvx8473cptnpdv6nf0j9,genesis1vwv8pm0rn2u9wftmnlvvx8473cptnpdvvpwfqz,10999869999999870000,ibc/F16FDC11A7662B86BC0B9CE61871CBACF7C20606F95E86260FD38915184B75B4,transfer/channel-253/el1,,channel-253,channel-1,connection-1539,29,1.717584765241951E9
4689745|1|36|0|7|1,1.654505443818E9,4689745,block_result,1,6909F4891E21B8BA709736F664D27A02E6447C4E1A7F2305223B662B9A962019,36,0,7,0,1,osmo1vyrp5ma6d2kzjww4crl4juefw79kstu4sy500r,genesis1vyrp5ma6d2kzjww4crl4juefw79kstu4xknfay,10999869999999870000,ibc/F16FDC11A7662B86BC0B9CE61871CBACF7C20606F95E86260FD38915184B75B4,transfer/channel-253/el1,,channel-253,channel-1,connection-1539,30,1.717584757548519E9
4692736|1|0|0|7|1,1.654524539358E9,4692736,block_result,1,CB2E425658259EA82E06EED5D810F243BE2BE3181DA82FD1F755AC3884D151C7,0,0,7,0,1,osmo1wf7tcypfjnf43kenjfh6n9ukar2avtlplmswu5,genesis1wf7tcypfjnf43kenjfh6n9ukar2avtlpffhgwn,5000000000000000000,ibc/F16FDC11A7662B86BC0B9CE61871CBACF7C20606F95E86260FD38915184B75B4,transfer/channel-253/el1,,channel-253,channel-1,connection-1539,80,1.717606987276904E9
4694450|1|2|0|7|1,1.654535655737E9,4694450,block_result,1,BF4B4119584AE51345C84FA9A7162C6C4D72A014F4AB4C3BE3927190B677F9BD,2,0,7,0,1,osmo1wl8dx9arf5r5yhqdwv8jwpywld4schnutwvsm9,genesis1wl8dx9arf5r5yhqdwv8jwpywld4schnuautkfz,999869999999870000,ibc/F16FDC11A7662B86BC0B9CE61871CBACF7C20606F95E86260FD38915184B75B4,transfer/channel-253/el1,,channel-253,channel-1,connection-1539,106,1.7175848429789E9
4694447|1|1|0|7|1,1.65453563512E9,4694447,block_result,1,4439FA021BCD7B230C39B7ABF3F5093BC28FC1E03D430A8BAB300F46EB21A80D,1,0,7,0,1,osmo1wl8dx9arf5r5yhqdwv8jwpywld4schnutwvsm9,genesis1wl8dx9arf5r5yhqdwv8jwpywld4schnuautkfz,10000000000000000000,ibc/F16FDC11A7662B86BC0B9CE61871CBACF7C20606F95E86260FD38915184B75B4,transfer/channel-253/el1,,channel-253,channel-1,connection-1539,105,1.717584984582594E9
4690628|1|64|0|7|1,1.654511051873E9,4690628,block_result,1,9FBF4B5E2A3FFF81289FB9120E999786A80B9C697A7FE81D65D0F0A635C8F505,64,0,7,0,1,osmo1wy7cq7gp834h20x4tcexsfnawjzh0xy3ydrk9v,genesis1wy7cq7gp834h20x4tcexsfnawjzh0xy3jlysht,10999869999999870000,ibc/F16FDC11A7662B86BC0B9CE61871CBACF7C20606F95E86260FD38915184B75B4,transfer/channel-253/el1,,channel-253,channel-1,connection-1539,49,1.717584762428431E9
4694957|1|3|0|7|1,1.654539429185E9,4694957,block_result,1,0F608BB1008206363646EC336018711EC5E9708C9352994B75A43F8F208DB594,3,0,7,0,1,osmo1x7qy5pl5r5843f5s8tsv9p8mc3h25spsd40dzv,genesis1x7qy5pl5r5843f5s8tsv9p8mc3h25spsm8gtst,10999869999999870000,ibc/F16FDC11A7662B86BC0B9CE61871CBACF7C20606F95E86260FD38915184B75B4,transfer/channel-253/el1,,channel-253,channel-1,connection-1539,119,1.717584823277791E9
4693249|1|2|0|7|1,1.654527840045E9,4693249,block_result,1,C602AF591E630FE8583E6928FD71BAAB56B695B48BD97151A7F4A0B6EAAEA585,2,0,7,0,1,osmo1y50jdef8m0s94j4kszxnnkz24mkmuwyxl8q73y,genesis1y50jdef8m0s94j4kszxnnkz24mkmuwyxf48crr,10999869999999870000,ibc/F16FDC11A7662B86BC0B9CE61871CBACF7C20606F95E86260FD38915184B75B4,transfer/channel-253/el1,,channel-253,channel-1,connection-1539,87,1.717606932834088E9
4692187|1|9|0|7|1,1.65452098921E9,4692187,block_result,1,F1F9C993186FEAB3AB58C7EC142935A08B89FA7380B3BCC7B7B06CBA7848956E,9,0,7,0,1,osmo1ymtsrltulp2ne7q3355xmm9xm96qmf3emc3fvl,genesis1ymtsrltulp2ne7q3355xmm9xm96qmf3ed2k07c,10999869999999870000,ibc/F16FDC11A7662B86BC0B9CE61871CBACF7C20606F95E86260FD38915184B75B4,transfer/channel-253/el1,,channel-253,channel-1,connection-1539,72,1.7176069692199E9
4691825|1|13|0|7|1,1.654518671198E9,4691825,block_result,1,CA9EC996F51E5B8E3399152B831ECA2818CB0411C82E3AB1DE6AAE7087157871,13,0,7,0,1,osmo1yv8y7let7pkam2wzntf7xagqry306y3k6umnmw,genesis1yv8y7let7pkam2wzntf7xagqry306y3kvwu4ff,10999869999999870000,ibc/F16FDC11A7662B86BC0B9CE61871CBACF7C20606F95E86260FD38915184B75B4,transfer/channel-253/el1,,channel-253,channel-1,connection-1539,69,1.717606989371877E9
4693235|1|48|0|7|1,1.654527742952E9,4693235,block_result,1,0FF0C0076556BD4FC389D408E3091AB89DEFEAFAD4F2736F3EF197A595D57A64,48,0,7,0,1,osmo1z05gcfyvn68axc04jzlq5cv2ugcj2snf4h6trc,genesis1z05gcfyvn68axc04jzlq5cv2ugcj2snfr9ad3l,10999869999999870000,ibc/F16FDC11A7662B86BC0B9CE61871CBACF7C20606F95E86260FD38915184B75B4,transfer/channel-253/el1,,channel-253,channel-1,connection-1539,86,1.717606961797337E9
4696439|1|5|0|7|1,1.654549162907E9,4696439,block_result,1,DE10E829F818BB0FEB51C2F67C3E46A9420CEDE6FD38EC389A5E168B3F7BBEDA,5,0,7,0,1,osmo1z088k9sz7vwf3fs3xxwttj3ymnvsdwnlsz3nct,genesis1z088k9sz7vwf3fs3xxwttj3ymnvsdwnlxsk42v,10000000000000000000,ibc/F16FDC11A7662B86BC0B9CE61871CBACF7C20606F95E86260FD38915184B75B4,transfer/channel-253/el1,,channel-253,channel-1,connection-1539,149,1.717584639839071E9
4692662|1|11|0|7|1,1.654524055348E9,4692662,block_result,1,32CB546D920721859B5DF43A0C687DE20F9A8BB9FE5F66805C7C6EE15704DA37,11,0,7,0,1,osmo1zjtvs7na8mck7l2cyhdt8cnz2jzusxtdyc0ht5,genesis1zjtvs7na8mck7l2cyhdt8cnz2jzusxtdj2g3en,10999869999999870000,ibc/F16FDC11A7662B86BC0B9CE61871CBACF7C20606F95E86260FD38915184B75B4,transfer/channel-253/el1,,channel-253,channel-1,connection-1539,75,1.717606980129698E9
4692670|1|59|0|7|1,1.65452411127E9,4692670,block_result,1,46EE5CCD7699B037BCDD8D9EF2D0DA2C39F27D416C694CFD0131ABC07DE6DB1D,59,0,7,0,1,osmo1zrequh7kyglhzgj0hf6fd6apfnea6d7sx7wdty,genesis1zrequh7kyglhzgj0hf6fd6apfnea6d7ssvfter,10999869999999870000,ibc/F16FDC11A7662B86BC0B9CE61871CBACF7C20606F95E86260FD38915184B75B4,transfer/channel-253/el1,,channel-253,channel-1,connection-1539,76,1.717606985850029E9
4695724|1|8|0|7|1,1.65454446996E9,4695724,block_result,1,3B4139F855FBB9DCEF3CABE2DB85345363245DE788DC3C0BD7B51A42A0D4631D,8,0,7,0,1,osmo1zvlq08sukzrslsrjjgtkcjx07l6tad78fd03w0,genesis1zvlq08sukzrslsrjjgtkcjx07l6tad78llghug,10909869999999870000,ibc/F16FDC11A7662B86BC0B9CE61871CBACF7C20606F95E86260FD38915184B75B4,transfer/channel-253/el1,,channel-253,channel-1,connection-1539,133,1.71760672097435E9
4694938|1|26|0|7|1,1.654539308403E9,4694938,block_result,1,8E82FF9E2A1C02C9A003A84C4F6019B89FF7A58C7586C9244DF2546FBC0B82D5,26,0,7,0,1,osmo1zxsezt42dugf98au57mtcsyl2wymwd7lucx3g7,genesis1zxsezt42dugf98au57mtcsyl2wymwd7l22ph6e,10000000000000000000,ibc/F16FDC11A7662B86BC0B9CE61871CBACF7C20606F95E86260FD38915184B75B4,transfer/channel-253/el1,,channel-253,channel-1,connection-1539,117,1.717584908103372E9
5985125|1|10|0|7|1,1.662962497463E9,5985125,block_result,1,6583004263D614C06FB5694262B857AF9396E8769623FFE71C6F0DF51C8FA9D1,10,0,7,0,1,osmo1qgvetk44zx8w5ww7vvug5zvp05ds93l8kh8uzd,genesis1qgvetk44zx8w5ww7vvug5zvp05ds93l8q9q6s2,100000000000000000,ibc/F16FDC11A7662B86BC0B9CE61871CBACF7C20606F95E86260FD38915184B75B4,transfer/channel-253/el1,,channel-253,channel-1,connection-1539,808,1.717533880845545E9
5993679|1|2|0|7|1,1.663014975344E9,5993679,block_result,1,B0174E4237490B3AA2448B524D07859E84637478A78FE2178D1E134821EEF22F,2,0,7,0,1,osmo1r0z9zlsxa8cvks808jce8gqnaf6lw7lk79khpq,genesis1r0z9zlsxa8cvks808jce8gqnaf6lw7lkgh33n8,10000000000000000000,ibc/F16FDC11A7662B86BC0B9CE61871CBACF7C20606F95E86260FD38915184B75B4,transfer/channel-253/el1,,channel-253,channel-1,connection-1539,809,1.717541289021912E9
8659434|1|3|0|7|1,1.678564353816E9,8659434,block_result,1,46CEAA3162965C856F1D2EB1FBF82A5A065742CAC9FBA9F025DDAA039C4CDDBC,3,0,7,0,1,osmo18n33ywygvrrzqspewsh7f5c4dkp00le0mjxfr8,genesis18n33ywygvrrzqspewsh7f5c4dkp00le0dqp03q,6511564386266193403595,ibc/F16FDC11A7662B86BC0B9CE61871CBACF7C20606F95E86260FD38915184B75B4,transfer/channel-253/el1,,channel-253,channel-1,connection-1539,1189,1.717462443006698E9
8661234|1|46|0|7|1,1.678574623829E9,8661234,block_result,1,5E5E94079C8598930C724C0400D62A47F3ED6D946F970CB408210A2B4CABD7A0,46,0,7,0,1,osmo1ux3j2h446q9yf5dvsw4mwa5fnf07ja9v7hnlwd,genesis1ux3j2h446q9yf5dvsw4mwa5fnf07ja9vg95eu2,57607104429774457527,ibc/F16FDC11A7662B86BC0B9CE61871CBACF7C20606F95E86260FD38915184B75B4,transfer/channel-253/el1,,channel-253,channel-1,connection-1539,1190,1.717461413090528E9
28654051|1|1|0|9|1,1.738258010018E9,28654051,block_result,1,39C37A12AD87D35AB469910399C2DE64C0718F9233D5CE2019E033F2B2892093,1,0,9,0,1,osmo1k75w2s26rekktazwp5l9ghv2ccp4mvtxw55xag,genesis1k75w2s26rekktazwp5l9ghv2ccp4mvtxcxnq00,1294226711430000000000,ibc/F16FDC11A7662B86BC0B9CE61871CBACF7C20606F95E86260FD38915184B75B4,transfer/channel-253/el1,,channel-253,channel-1,connection-1539,1417,1.741433407792699E9
28653990|1|1|0|9|1,1.738257923118E9,28653990,block_result,1,239D5E25DE2458A48E029765CF236A5110C93A64602D414D781935DC7995A9EC,1,0,9,0,1,osmo1k75w2s26rekktazwp5l9ghv2ccp4mvtxw55xag,genesis1k75w2s26rekktazwp5l9ghv2ccp4mvtxcxnq00,10000000000000000000,ibc/F16FDC11A7662B86BC0B9CE61871CBACF7C20606F95E86260FD38915184B75B4,transfer/channel-253/el1,,channel-253,channel-1,connection-1539,1416,1.741433413153851E9
28613742|1|0|0|9|1,1.738199421414E9,28613742,block_result,1,DF946EA36C894F46D4B9A774A80D6CD893013BD73D2866856F6A5455DCB80073,0,0,9,0,1,osmo1s83pwp4xcu5ent48kzqmzjf7kwzv2wgr923ped,genesis1s83pwp4xcu5ent48kzqmzjf7kwzv2wgrnck8t2,128838302957910000000000,ibc/F16FDC11A7662B86BC0B9CE61871CBACF7C20606F95E86260FD38915184B75B4,transfer/channel-253/el1,,channel-253,channel-1,connection-1539,1415,1.738199424231011E9
14798041|1|2|0|9|1,1.712715466016E9,14798041,block_result,1,DFA57F34A3618BFF8A7BFC91CD03571BDB2CC96A41137C815EBA794EE3459C02,2,0,9,0,1,osmo16aypymlama0lk5s8c9s30s09eacpvwnav7ewjv,genesis16aypymlama0lk5s8c9s30s09eacpvwna6v7gqt,1160000000000000000000,ibc/F16FDC11A7662B86BC0B9CE61871CBACF7C20606F95E86260FD38915184B75B4,transfer/channel-253/el1,,channel-253,channel-1,connection-1539,1323,1.717008461246743E9
14798341|1|0|0|9|1,1.71271675224E9,14798341,block_result,1,BE2B893574C9BA6B3C9146D7E9CB0E009A77A302FAEDC548EDF9B475EB5C77ED,0,0,9,0,1,osmo16aypymlama0lk5s8c9s30s09eacpvwnav7ewjv,genesis16aypymlama0lk5s8c9s30s09eacpvwna6v7gqt,2820000000000000000000,ibc/F16FDC11A7662B86BC0B9CE61871CBACF7C20606F95E86260FD38915184B75B4,transfer/channel-253/el1,,channel-253,channel-1,connection-1539,1324,1.717008263383245E9
6276976|1|0|0|7|1,1.664751793296E9,6276976,block_result,1,1FEF95A22A38129D4EC8A650B97CF33FC77D49F875E24778079AF27D8A94FE15,0,0,7,0,1,osmo18hq49d3v4lq8mm7dnyk5dj90njt8jtu36463qv,genesis18hq49d3v4lq8mm7dnyk5dj90njt8jtu3v8ahjt,7238257403825460817064,ibc/F16FDC11A7662B86BC0B9CE61871CBACF7C20606F95E86260FD38915184B75B4,transfer/channel-253/el1,,channel-253,channel-1,connection-1539,888,1.717530838539323E9
6274199|1|5|0|7|1,1.664735109282E9,6274199,block_result,1,FC5E036083E8B75DB6116574090A4EBE3CC859882EEF1DB2FCEAC953A01D29DB,5,0,7,0,1,osmo1q8zrfyv7muv7aflr5xzn069zfumy4xs8qjtw6e,genesis1lpaf0c9yhv65mq6g27c5993ypvt8e0nsz8y8ua,5002341920889162187,ibc/F16FDC11A7662B86BC0B9CE61871CBACF7C20606F95E86260FD38915184B75B4,transfer/channel-253/el1,,channel-253,channel-1,connection-1539,887,1.717530925617126E9
6263995|1|1|0|7|1,1.664672580065E9,6263995,block_result,1,F2CF594E6421F8E8314381389AF01E2176B254D1A57D20119DFC484D1335AE18,1,0,7,0,1,osmo1u57ekxxqsjrqe4k9yucv786tvc6yjj265a4cqm,genesis1u57ekxxqsjrqe4k9yucv786tvc6yjj26z0j7ju,2500000000000000000000,ibc/F16FDC11A7662B86BC0B9CE61871CBACF7C20606F95E86260FD38915184B75B4,transfer/channel-253/el1,,channel-253,channel-1,connection-1539,886,1.717531081037494E9
6617513|1|1|0|7|1,1.666819612353E9,6617513,block_result,1,32C6F462F87DBF33CA20E9415ED36A48031A2039B837F90E2F85BBDD07829512,1,0,7,0,1,osmo1d7c3cgdkfxx3xg67re2vccmr6vkxcugjh5ldrg,genesis1d7c3cgdkfxx3xg67re2vccmr6vkxcugjpxct30,194963849635371005620,ibc/F16FDC11A7662B86BC0B9CE61871CBACF7C20606F95E86260FD38915184B75B4,transfer/channel-253/el1,,channel-253,channel-1,connection-1539,978,1.717511592638114E9
6618196|1|15|0|7|1,1.666823678481E9,6618196,block_result,1,ACEA15FE3921E7A948AEFD021294FA99610C9EC345AB866667F3C80D91123D6D,15,0,7,0,1,osmo1echtjakrrmy7zrjzk727vu5mgevswmr5642evy,genesis1echtjakrrmy7zrjzk727vu5mgevswmr5v8dl7r,10000000000000000000,ibc/F16FDC11A7662B86BC0B9CE61871CBACF7C20606F95E86260FD38915184B75B4,transfer/channel-253/el1,,channel-253,channel-1,connection-1539,979,1.717522035368459E9
6606299|1|17|0|7|1,1.666752641368E9,6606299,block_result,1,382DF4DC1E984C3E4B1FE9337A5C68D6951E0DD532480A0996228AF79426946D,17,0,7,0,1,osmo1a0z0hf07cetl8r4u06afuvg6dy5qv6p0gev9nv,genesis1a0z0hf07cetl8r4u06afuvg6dy5qv6p07ttrpt,27824210429837774616,ibc/F16FDC11A7662B86BC0B9CE61871CBACF7C20606F95E86260FD38915184B75B4,transfer/channel-253/el1,,channel-253,channel-1,connection-1539,977,1.717521774153431E9
16032278|1|1|0|9|1,1.716574102978E9,16032278,block_result,1,ADD0729DDCA59FF9C8F3D656BF26F3131D83AF91E84ED297527911F6D54026AA,1,0,9,0,1,osmo16hp7wzudkeyw6fvgvalm0fh3elp9czhf9l3k7l,genesis16hp7wzudkeyw6fvgvalm0fh3elp9czhfndksvc,2000000000000000000,ibc/F16FDC11A7662B86BC0B9CE61871CBACF7C20606F95E86260FD38915184B75B4,transfer/channel-253/el1,,channel-253,channel-1,connection-1539,1360,1.716986246634215E9
16038052|1|3|0|9|1,1.71658917522E9,16038052,block_result,1,930206EFCBA30160A0816CE98510D4644D566E997A5CEA20C9DE0B8DDDA8C420,3,0,9,0,1,osmo182lpnqqq0umc07hut7xp7j23k32ss3pa9pltx0,genesis182lpnqqq0umc07hut7xp7j23k32ss3panncd5g,62333000000000000000000,ibc/F16FDC11A7662B86BC0B9CE61871CBACF7C20606F95E86260FD38915184B75B4,transfer/channel-253/el1,,channel-253,channel-1,connection-1539,1361,1.716983971153432E9
5672032|1|3|0|7|1,1.661032670523E9,5672032,block_result,1,A49916CF199D50E670CD6C96BE4575381A06AF0F6044AE18AA7941952690AE9A,3,0,7,0,1,osmo122hjrmj8k2f0lc0m8nepdysgx9f2gan2jn8s3u,genesis122hjrmj8k2f0lc0m8nepdysgx9f2gan2ypqkrm,5000000000000000000,ibc/F16FDC11A7662B86BC0B9CE61871CBACF7C20606F95E86260FD38915184B75B4,transfer/channel-253/el1,,channel-253,channel-1,connection-1539,637,1.717546166867182E9
5665135|1|13|0|7|1,1.66098978582E9,5665135,block_result,1,49743104D18348D321BC2FD1E825796B1445ACE66A9C38DD29B141E88A5A44DA,13,0,7,0,1,osmo18ur3erlv4w03x8k2lfzzuys85uq696heapc0dd,genesis18ur3erlv4w03x8k2lfzzuys85uq696hetnlfl2,4999999999994000000,ibc/F16FDC11A7662B86BC0B9CE61871CBACF7C20606F95E86260FD38915184B75B4,transfer/channel-253/el1,,channel-253,channel-1,connection-1539,632,1.717555427285932E9
5670295|1|3|0|7|1,1.661021908392E9,5670295,block_result,1,3D8D4373F33FFB4840A7E1D02E91ED1571E1D82EB85838EFCCCD43A50A4C509A,3,0,7,0,1,osmo1ceeqym2q878ek9337a5m7dp724cap00nhekvx0,genesis1ceeqym2q878ek9337a5m7dp724cap00npt325g,4586255915013844641,ibc/F16FDC11A7662B86BC0B9CE61871CBACF7C20606F95E86260FD38915184B75B4,transfer/channel-253/el1,,channel-253,channel-1,connection-1539,635,1.71755596900715E9
5664314|1|1|0|7|1,1.660984734855E9,5664314,block_result,1,8DBDA4696953D3DB30A373A359AAF2237507ED461B60F4D5A0454BEF73AF85AF,1,0,7,0,1,osmo1ecwa05qzt2f5lczcf0dxc8gnd3n6vxare5n6zj,genesis1ecwa05qzt2f5lczcf0dxc8gnd3n6vxar0x5us4,364678384779274627642,ibc/F16FDC11A7662B86BC0B9CE61871CBACF7C20606F95E86260FD38915184B75B4,transfer/channel-253/el1,,channel-253,channel-1,connection-1539,631,1.717546265814134E9
5664051|1|22|0|7|1,1.660983109684E9,5664051,block_result,1,2D480EE605084F3C200D09217975C55305DCA696789D7FFF8C228913C2E9EB36,22,0,7,0,1,osmo1h5shnh6dnjtalh84cxl04taa2klvkz5fg6fjr7,genesis1h5shnh6dnjtalh84cxl04taa2klvkz5f7gw53e,40613773424604573813,ibc/F16FDC11A7662B86BC0B9CE61871CBACF7C20606F95E86260FD38915184B75B4,transfer/channel-253/el1,,channel-253,channel-1,connection-1539,630,1.717546274154103E9
5670978|1|6|0|7|1,1.661026145161E9,5670978,block_result,1,2538635229722E21A19FBFC83D7EE65CAD3511E85643EE24BD8D435C725614C5,6,0,7,0,1,osmo1jnpevf3zg3wc3vyqssxu96lz899g00skk60rtg,genesis1jnpevf3zg3wc3vyqssxu96lz899g00skqgg9e0,1791420181058203279937,ibc/F16FDC11A7662B86BC0B9CE61871CBACF7C20606F95E86260FD38915184B75B4,transfer/channel-253/el1,,channel-253,channel-1,connection-1539,636,1.717555967006315E9
5661654|1|4|0|7|1,1.660968360757E9,5661654,block_result,1,63E2708399E836F1C92F75BBA345936D0D64DEB690339B39FB839E08F2617196,4,0,7,0,1,osmo1mj7lkjsw65d6acaj739gpd0yp3x9htng5hfp6w,genesis1mj7lkjsw65d6acaj739gpd0yp3x9htngz9w8gf,10999739999999870000,ibc/F16FDC11A7662B86BC0B9CE61871CBACF7C20606F95E86260FD38915184B75B4,transfer/channel-253/el1,,channel-253,channel-1,connection-1539,627,1.71755891432472E9
5663867|1|5|0|7|1,1.660981977648E9,5663867,block_result,1,6FC8AB3045161568D82A1A28ACCF4B77A6218DA1A3F8447336488AE9172204AD,5,0,7,0,1,osmo1p59gee55s8gu5j05ejxvr56elv2pewtvl35lzt,genesis1p59gee55s8gu5j05ejxvr56elv2pewtvfrnesv,302580773997238568954,ibc/F16FDC11A7662B86BC0B9CE61871CBACF7C20606F95E86260FD38915184B75B4,transfer/channel-253/el1,,channel-253,channel-1,connection-1539,629,1.717546282294537E9
5662919|1|3|0|7|1,1.660976156652E9,5662919,block_result,1,BA3D4FED5205CD44997099CD5519E6950C1CF97B00033EE99FCE6C5884FFA7A4,3,0,7,0,1,osmo1sr0lw3rnl4u3zz7hxrek0pp26hjhapectw75jq,genesis1sr0lw3rnl4u3zz7hxrek0pp26hjhapecauejq8,77446901114848391095,ibc/F16FDC11A7662B86BC0B9CE61871CBACF7C20606F95E86260FD38915184B75B4,transfer/channel-253/el1,,channel-253,channel-1,connection-1539,628,1.717546305105037E9
5669174|1|0|0|7|1,1.661014568988E9,5669174,block_result,1,FE2128E15943A36E914635CBA95621D685C9BECA72E2E8D41DA350EE319CEE7C,0,0,7,0,1,osmo1uxthxgqhmxaqlh5u6990j48x5y0u2udf95krd5,genesis1uxthxgqhmxaqlh5u6990j48x5y0u2udfnx39ln,17351935583564509721,ibc/F16FDC11A7662B86BC0B9CE61871CBACF7C20606F95E86260FD38915184B75B4,transfer/channel-253/el1,,channel-253,channel-1,connection-1539,634,1.717546179909382E9
5666738|1|74|0|7|1,1.66099965309E9,5666738,block_result,1,38F219FA891C9C27E4E4F57DF136B12670E8B98D57575F42294245057E66C17B,74,0,7,0,1,osmo1xynszxq7pfc7c09n6s0c7hmefn875gu24txwpd,genesis1xynszxq7pfc7c09n6s0c7hmefn875gu2repgn2,10000000000000000000,ibc/F16FDC11A7662B86BC0B9CE61871CBACF7C20606F95E86260FD38915184B75B4,transfer/channel-253/el1,,channel-253,channel-1,connection-1539,633,1.717556642251805E9
5202194|1|13|0|7|1,1.658111717219E9,5202194,block_result,1,BF0DE2474C130E054EAEAAA97BF1E940429D8ADB0973EA07347DC586506A3274,13,0,7,0,1,osmo172cnthwf79m6ey8w8l50407hrjn6pvlkpdus8x,genesis172cnthwf79m6ey8w8l50407hrjn6pvlkhlmk4p,5000000000000000000,ibc/F16FDC11A7662B86BC0B9CE61871CBACF7C20606F95E86260FD38915184B75B4,transfer/channel-253/el1,,channel-253,channel-1,connection-1539,421,1.717564691319658E9
5200818|1|1|0|7|1,1.658103166235E9,5200818,block_result,1,68704EB16C54EAE385C4B571AD9AC5DCEEADF98185445CC7D43F4D101AA7DEB2,1,0,7,0,1,osmo1p5fft5dv2fmn2pljkzfg5c3lg9x3qxhxn8lhsg,genesis1p5fft5dv2fmn2pljkzfg5c3lg9x3qxhx94c3z0,105472299910322207058,ibc/F16FDC11A7662B86BC0B9CE61871CBACF7C20606F95E86260FD38915184B75B4,transfer/channel-253/el1,,channel-253,channel-1,connection-1539,420,1.717564819738248E9
5207732|1|14|0|7|1,1.658146161879E9,5207732,block_result,1,3A05FFBA89D00539682DE13AF4A3706A513AE11E9185E24A0378594F7B8B0DEE,14,0,7,0,1,osmo1psaav9mslme6kcsspqjemjfn7m0acwyz983jvc,genesis1psaav9mslme6kcsspqjemjfn7m0acwyzn4k57l,17330558700774879903,ibc/F16FDC11A7662B86BC0B9CE61871CBACF7C20606F95E86260FD38915184B75B4,transfer/channel-253/el1,,channel-253,channel-1,connection-1539,423,1.717580865138999E9
5207673|1|4|0|7|1,1.658145793494E9,5207673,block_result,1,34E612DAA80DA7E2476790F98482C0BF38AC35B95B4B3E8D08738A2D49920F24,4,0,7,0,1,osmo1v2z9rwxt5y98pnrs6ryhqp08ay5azzvmw92wnm,genesis1v2z9rwxt5y98pnrs6ryhqp08ay5azzvmchdgpu,11590000000000000000000,ibc/F16FDC11A7662B86BC0B9CE61871CBACF7C20606F95E86260FD38915184B75B4,transfer/channel-253/el1,,channel-253,channel-1,connection-1539,422,1.71758085723225E9
5137575|1|0|0|7|1,1.657706838792E9,5137575,block_result,1,4BC16C3C0C9E0B059E414DAC1F256A05D75A9BF48F92D38FFA7444D9999F7936,0,0,7,0,1,osmo1ey5aeyezjug2xzuswl9ahkhn0mycnrvzrx8trm,genesis1ey5aeyezjug2xzuswl9ahkhn0mycnrvz45qd3u,54066351800541023297,ibc/F16FDC11A7662B86BC0B9CE61871CBACF7C20606F95E86260FD38915184B75B4,transfer/channel-253/el1,,channel-253,channel-1,connection-1539,395,1.717586002612905E9
5133713|1|6|0|7|1,1.657682699002E9,5133713,block_result,1,F06DE61AED87B107FFA40CD9E63D7AF1D8B54781D30FE67EF883CC7375180AF9,6,0,7,0,1,osmo1psaav9mslme6kcsspqjemjfn7m0acwyz983jvc,genesis1psaav9mslme6kcsspqjemjfn7m0acwyzn4k57l,76361488750754215643,ibc/F16FDC11A7662B86BC0B9CE61871CBACF7C20606F95E86260FD38915184B75B4,transfer/channel-253/el1,,channel-253,channel-1,connection-1539,394,1.717586085473674E9
5143917|1|4|0|7|1,1.657746710975E9,5143917,block_result,1,937E8117BF12F05CB49861C3348424BB56DDAE39D8D09C475BBBF22203FD225A,4,0,7,0,1,osmo1qymla9gh8z2cmrylt008hkre0gry6h92camd56,genesis1qymla9gh8z2cmrylt008hkre0gry6h92w0utxa,10999869999999870000,ibc/F16FDC11A7662B86BC0B9CE61871CBACF7C20606F95E86260FD38915184B75B4,transfer/channel-253/el1,,channel-253,channel-1,connection-1539,396,1.717583867685405E9
5132057|1|4|0|7|1,1.6576722785E9,5132057,block_result,1,A18CB6437A65ABC709B30E62DDBF2DC77CCE64649964C4CD50C39BD8F0192FD0,4,0,7,0,1,osmo1v2z9rwxt5y98pnrs6ryhqp08ay5azzvmw92wnm,genesis1v2z9rwxt5y98pnrs6ryhqp08ay5azzvmchdgpu,13024000000000000000000,ibc/F16FDC11A7662B86BC0B9CE61871CBACF7C20606F95E86260FD38915184B75B4,transfer/channel-253/el1,,channel-253,channel-1,connection-1539,393,1.717565968167643E9
6769951|1|10|0|7|1,1.667728425235E9,6769951,block_result,1,76C0722525F38DFF9BE9FE875949046D04E88D54EC6FC77B42343B14CF7C8397,10,0,7,0,1,osmo15lz2e53cz6z9vh0lcfht39uaz5hw0mr52p7sm3,genesis15lz2e53cz6z9vh0lcfht39uaz5hw0mr5unekfk,10999869999999870000,ibc/F16FDC11A7662B86BC0B9CE61871CBACF7C20606F95E86260FD38915184B75B4,transfer/channel-253/el1,,channel-253,channel-1,connection-1539,1004,1.717507409726693E9
6767401|1|2|0|7|1,1.667713464214E9,6767401,block_result,1,98A4BCA46EAC7B69A3868DC244FAF1FF2C2CB3734FD57DDFF6BE39DB7AFE0A24,2,0,7,0,1,osmo1ax9aqu323m4sxaakwhu9a88tctdunzxkekxk9p,genesis1ax9aqu323m4sxaakwhu9a88tctdunzxk0ypshx,267208671689306833447,ibc/F16FDC11A7662B86BC0B9CE61871CBACF7C20606F95E86260FD38915184B75B4,transfer/channel-253/el1,,channel-253,channel-1,connection-1539,1003,1.717507538366668E9
6775671|1|11|0|7|1,1.667762583958E9,6775671,block_result,1,A6E420EA026ACEE3433BCFC0EB2AD6DFECB9EB176203BEBD73587ECA54C122A9,11,0,7,0,1,osmo1d2hzn2tc0tq58c7nlrjd9rujt3n8f0luql9had,genesis1d2hzn2tc0tq58c7nlrjd9rujt3n8f0lukdz302,1832251089232052860731,ibc/F16FDC11A7662B86BC0B9CE61871CBACF7C20606F95E86260FD38915184B75B4,transfer/channel-253/el1,,channel-253,channel-1,connection-1539,1006,1.717517686941339E9
6774103|1|9|0|7|1,1.667752811122E9,6774103,block_result,1,2065C9CF87CD72AB774AFEB896029EE16AB26B4E205CDEB6C503D7634D5ECAC0,9,0,7,0,1,osmo1px2q40q3twagt23d4jc7nwdu2kdw59dhce078d,genesis1px2q40q3twagt23d4jc7nwdu2kdw59dhwtgc42,387099196120401522,ibc/F16FDC11A7662B86BC0B9CE61871CBACF7C20606F95E86260FD38915184B75B4,transfer/channel-253/el1,,channel-253,channel-1,connection-1539,1005,1.717517767131517E9
14589044|1|15|0|9|1,1.711814631661E9,14589044,block_result,1,BD585363AB105161E746EB754663C969B4DC8C7018CA35F0ABA529E767418AEA,15,0,9,0,1,osmo16aypymlama0lk5s8c9s30s09eacpvwnav7ewjv,genesis16aypymlama0lk5s8c9s30s09eacpvwna6v7gqt,200000000000000000000,ibc/F16FDC11A7662B86BC0B9CE61871CBACF7C20606F95E86260FD38915184B75B4,transfer/channel-253/el1,,channel-253,channel-1,connection-1539,1310,1.71702349244248E9
28181622|1|2|0|9|1,1.737600837059E9,28181622,block_result,1,6E1954F731DCEFAACA2B8C796E6629BD8B8881B042C1EDDE41F01E3877D963D1,2,0,9,0,1,osmo1k75w2s26rekktazwp5l9ghv2ccp4mvtxw55xag,genesis1k75w2s26rekktazwp5l9ghv2ccp4mvtxcxnq00,5000000000000000000,ibc/F16FDC11A7662B86BC0B9CE61871CBACF7C20606F95E86260FD38915184B75B4,transfer/channel-253/el1,,channel-253,channel-1,connection-1539,1406,1.737600840126856E9
6822155|1|16|0|7|1,1.668038830594E9,6822155,block_result,1,2F21C6D83759A90922573E4FD8C8813BE867E11D5A6FC473CA322C7EF7EDFE4B,16,0,7,0,1,osmo18gzezjz0ug5kskpdh3p7hhp9tgm8y36jrpf9cg,genesis18gzezjz0ug5kskpdh3p7hhp9tgm8y36j4nwr20,139000227280941985084,ibc/F16FDC11A7662B86BC0B9CE61871CBACF7C20606F95E86260FD38915184B75B4,transfer/channel-253/el1,,channel-253,channel-1,connection-1539,1017,1.717515771562735E9
6832094|1|4|0|7|1,1.668097266853E9,6832094,block_result,1,B168EB38053892107067F334734F0B0C94E4DBA251501E77BD0F6E632300FCC0,4,0,7,0,1,osmo1gjh6atlq7xypygs7ga32r75kjpey09m9nvj2jh,genesis1gjh6atlq7xypygs7ga32r75kjpey09m9974vqs,800000000000000000,ibc/F16FDC11A7662B86BC0B9CE61871CBACF7C20606F95E86260FD38915184B75B4,transfer/channel-253/el1,,channel-253,channel-1,connection-1539,1018,1.71750493788827E9
4734710|1|1|0|7|1,1.65518880567E9,4734710,block_result,1,2D9D61AA365D0189D78371BB67E375888D9489FA1B08836E477117C5A2DC44AB,1,0,7,0,1,osmo14l883sh4nsyx30m6ek6xwz6hfts5qy8y34g9u3,genesis14l883sh4nsyx30m6ek6xwz6hfts5qy8y880rwk,11000000000000000000,ibc/F16FDC11A7662B86BC0B9CE61871CBACF7C20606F95E86260FD38915184B75B4,transfer/channel-253/el1,,channel-253,channel-1,connection-1539,258,1.717582937621791E9
4733149|1|1|0|7|1,1.655179079043E9,4733149,block_result,1,B108C518D63AF76E6F6EB1B30C783FAD16EC09831FFD714E0EA4CCCBF2E270F0,1,0,7,0,1,osmo1v2lt6dxjcr90w638wcv4md8lgal4tmt8ngwv6m,genesis1v2lt6dxjcr90w638wcv4md8lgal4tmt896f2gu,10999869999999870000,ibc/F16FDC11A7662B86BC0B9CE61871CBACF7C20606F95E86260FD38915184B75B4,transfer/channel-253/el1,,channel-253,channel-1,connection-1539,255,1.717604862483402E9
4734343|1|1|0|7|1,1.655186517374E9,4734343,block_result,1,D2A4F1FE5CAAD4B162AD906E1351D28AA7729D3C79B587F081AC71463F5805E7,1,0,7,0,1,osmo1wlxnqqzttv2g7sneqlvwurvrfnzzxrjxzc9xpk,genesis1wlxnqqzttv2g7sneqlvwurvrfnzzxrjx52zqn3,10999869999999870000,ibc/F16FDC11A7662B86BC0B9CE61871CBACF7C20606F95E86260FD38915184B75B4,transfer/channel-253/el1,,channel-253,channel-1,connection-1539,257,1.71758292412945E9
4741871|1|2|0|7|1,1.655233894633E9,4741871,block_result,1,88CE94F0C5BA5C8246CA4EC999E44906FA105F87A67D0E893B2E2684A7AEB2D2,2,0,7,0,1,osmo1ym9guccydzgqhqrutyphe6g72f0as0nj6w8yaz,genesis1ym9guccydzgqhqrutyphe6g72f0as0njvuqz09,2034159742995006383536,ibc/F16FDC11A7662B86BC0B9CE61871CBACF7C20606F95E86260FD38915184B75B4,transfer/channel-253/el1,,channel-253,channel-1,connection-1539,260,1.717603913543973E9
4741909|1|3|0|7|1,1.655234128958E9,4741909,block_result,1,09BBC935B1407101D45E71DA196B11FB8125F654FEF31B03F5FC20D24D5666B1,3,0,7,0,1,osmo10yu8w9p4p0szf2xwhtndmfjnp0gfk4j7j3azdm,genesis10yu8w9p4p0szf2xwhtndmfjnp0gfk4j7yr6ylu,32390000000000000000000,ibc/F16FDC11A7662B86BC0B9CE61871CBACF7C20606F95E86260FD38915184B75B4,transfer/channel-253/el1,,channel-253,channel-1,connection-1539,261,1.71760393616858E9
4733173|1|14|0|7|1,1.655179227542E9,4733173,block_result,1,3F89CBD8E06C0E42D16BF4EB98BD0DBC3795A94ED12526F47DFC2EBB83F67C3A,14,0,7,0,1,osmo1c4xg6vunxw42hne6acfuhvclmh8gqu0he3czvr,genesis1v2lt6dxjcr90w638wcv4md8lgal4tmt896f2gu,10999869999999870000,ibc/F16FDC11A7662B86BC0B9CE61871CBACF7C20606F95E86260FD38915184B75B4,transfer/channel-253/el1,,channel-253,channel-1,connection-1539,256,1.717605831948805E9
4739727|1|22|0|7|1,1.655220105461E9,4739727,block_result,1,B8ECE1C25F1AC4D127DE2C2108C3D029FC0830710C8BC5E9DB57BD8360F04B83,22,0,7,0,1,osmo1rz5kp9hf88xch8prw8l8wcdegvuwr4h2shdtpu,genesis1rz5kp9hf88xch8prw8l8wcdegvuwr4h2x92dnm,10999869999999870000,ibc/F16FDC11A7662B86BC0B9CE61871CBACF7C20606F95E86260FD38915184B75B4,transfer/channel-253/el1,,channel-253,channel-1,connection-1539,259,1.717582909183593E9
6316862|1|1|0|7|1,1.665018143989E9,6316862,block_result,1,BC87D5926E333CB8DB22B3466DCCFDE64B17B0AE8186CBC794653CCD9054293D,1,0,7,0,1,osmo182lpnqqq0umc07hut7xp7j23k32ss3pa9pltx0,genesis182lpnqqq0umc07hut7xp7j23k32ss3panncd5g,17862289513779105094,ibc/F16FDC11A7662B86BC0B9CE61871CBACF7C20606F95E86260FD38915184B75B4,transfer/channel-253/el1,,channel-253,channel-1,connection-1539,905,1.717529069312713E9
6325002|1|2|0|7|1,1.665067442377E9,6325002,block_result,1,3A2A2564BB5757DCA708A29D0F636BFC4DD6565D4B3BE9B4E8F131FB2AE6D307,2,0,7,0,1,osmo19e8qthuzl5tv98p5zzv8qjnmfgrz59xh6znh4j,genesis19e8qthuzl5tv98p5zzv8qjnmfgrz59xhvs5384,669981827375275296690,ibc/F16FDC11A7662B86BC0B9CE61871CBACF7C20606F95E86260FD38915184B75B4,transfer/channel-253/el1,,channel-253,channel-1,connection-1539,913,1.717528992173099E9
6321012|1|9|0|7|1,1.665043263415E9,6321012,block_result,1,E7FA7842EFFA6370300F6229409A5E4D03FD225045B77C9A4A3F4B4CF70BD6CD,9,0,7,0,1,osmo1c2w7sxnp423935c47zwv32rgmk2zmgt8maswnx,genesis1c2w7sxnp423935c47zwv32rgmk2zmgt8d0hgpp,10000000000000000,ibc/F16FDC11A7662B86BC0B9CE61871CBACF7C20606F95E86260FD38915184B75B4,transfer/channel-253/el1,,channel-253,channel-1,connection-1539,909,1.717521287642282E9
6321025|1|11|0|7|1,1.66504334199E9,6321025,block_result,1,68BCBE7FD914BB49B37299F2A595AF3EFE98DE45493247E0A5FD5E73136AEFEE,11,0,7,0,1,osmo1c2w7sxnp423935c47zwv32rgmk2zmgt8maswnx,genesis1c2w7sxnp423935c47zwv32rgmk2zmgt8d0hgpp,10000000000000000,ibc/F16FDC11A7662B86BC0B9CE61871CBACF7C20606F95E86260FD38915184B75B4,transfer/channel-253/el1,,channel-253,channel-1,connection-1539,910,1.717521278206425E9
6320973|1|1|0|7|1,1.665043022235E9,6320973,block_result,1,A357273023AC663DBDEB8D02AE941FB0C7901D65BA4A8CE826B8B52F8ADE9A45,1,0,7,0,1,osmo1c2w7sxnp423935c47zwv32rgmk2zmgt8maswnx,genesis1c2w7sxnp423935c47zwv32rgmk2zmgt8d0hgpp,10000000000000000,ibc/F16FDC11A7662B86BC0B9CE61871CBACF7C20606F95E86260FD38915184B75B4,transfer/channel-253/el1,,channel-253,channel-1,connection-1539,906,1.717521303580062E9
6320991|1|3|0|7|1,1.665043133006E9,6320991,block_result,1,F8649A25BF191754CC8927987E80CFC6B2A02530A11D71C08BF525223CCD1C21,3,0,7,0,1,osmo1c2w7sxnp423935c47zwv32rgmk2zmgt8maswnx,genesis1c2w7sxnp423935c47zwv32rgmk2zmgt8d0hgpp,10000000000000000,ibc/F16FDC11A7662B86BC0B9CE61871CBACF7C20606F95E86260FD38915184B75B4,transfer/channel-253/el1,,channel-253,channel-1,connection-1539,907,1.717521231399262E9
6321041|1|2|0|7|1,1.665043440335E9,6321041,block_result,1,1F082563CCBAC6233EBEA9895312A50D3C3C3055564B00E8A0D7DBA214EBF932,2,0,7,0,1,osmo1c2w7sxnp423935c47zwv32rgmk2zmgt8maswnx,genesis1c2w7sxnp423935c47zwv32rgmk2zmgt8d0hgpp,10000000000000000,ibc/F16FDC11A7662B86BC0B9CE61871CBACF7C20606F95E86260FD38915184B75B4,transfer/channel-253/el1,,channel-253,channel-1,connection-1539,911,1.717521214172102E9
6321009|1|3|0|7|1,1.665043245182E9,6321009,block_result,1,ABFDAD76BB9F0CB93B4C65037980C43A3DFF413E17527269ACA588E52284B26E,3,0,7,0,1,osmo1c2w7sxnp423935c47zwv32rgmk2zmgt8maswnx,genesis1c2w7sxnp423935c47zwv32rgmk2zmgt8d0hgpp,10000000000000000,ibc/F16FDC11A7662B86BC0B9CE61871CBACF7C20606F95E86260FD38915184B75B4,transfer/channel-253/el1,,channel-253,channel-1,connection-1539,908,1.717521280274789E9
6321501|1|14|0|7|1,1.665046225014E9,6321501,block_result,1,9F33E1EDDAD262B11D431F874AABE70566354FB7AB98EC6D3A717E4F5332BC4D,14,0,7,0,1,osmo1x9wc7jac72h89j3k2tusa5zcejdrt422a9yng2,genesis1x9wc7jac72h89j3k2tusa5zcejdrt422thr46d,10999869999999870000,ibc/F16FDC11A7662B86BC0B9CE61871CBACF7C20606F95E86260FD38915184B75B4,transfer/channel-253/el1,,channel-253,channel-1,connection-1539,912,1.717521221791709E9
27079314|1|4|0|9|1,1.736111336649E9,27079314,block_result,1,BD86892BF39C0A75DC1BBAD54DDCA82A7040C8E5E0B93077527341DBAF8CDA1E,4,0,9,0,1,osmo1c9mkft0d3sdjm3us883270veuww7qe3y587n8r,genesis1c9mkft0d3sdjm3us883270veuww7qe3yz4e44y,4220919190000000000,ibc/F16FDC11A7662B86BC0B9CE61871CBACF7C20606F95E86260FD38915184B75B4,transfer/channel-253/el1,,channel-253,channel-1,connection-1539,1400,1.736111339375874E9
27081250|1|3|0|9|1,1.736113932749E9,27081250,block_result,1,07B4C88FBEB61E77196E4A2EB09559AF73A6C72301E7391C435777DAD1489A31,3,0,9,0,1,osmo1c9mkft0d3sdjm3us883270veuww7qe3y587n8r,genesis1c9mkft0d3sdjm3us883270veuww7qe3yz4e44y,4171858890000000000,ibc/F16FDC11A7662B86BC0B9CE61871CBACF7C20606F95E86260FD38915184B75B4,transfer/channel-253/el1,,channel-253,channel-1,connection-1539,1401,1.736113935861005E9
8580860|1|7|0|7|1,1.678116861588E9,8580860,block_result,1,2A0FA6B5BBAC880C43C47A12AA16B6949A953308EC849D81A0723A763495F6AF,7,0,7,0,1,osmo1ux3j2h446q9yf5dvsw4mwa5fnf07ja9v7hnlwd,genesis1ux3j2h446q9yf5dvsw4mwa5fnf07ja9vg95eu2,245426314846112972423,ibc/F16FDC11A7662B86BC0B9CE61871CBACF7C20606F95E86260FD38915184B75B4,transfer/channel-253/el1,,channel-253,channel-1,connection-1539,1178,1.717463331016432E9
8574283|1|8|0|7|1,1.678079518433E9,8574283,block_result,1,9D67D0FAD1CE1635A133919DB7FBABCB43E4DB306CEAB48876A5F80033B205C7,8,0,7,0,1,osmo1ux3j2h446q9yf5dvsw4mwa5fnf07ja9v7hnlwd,genesis1ux3j2h446q9yf5dvsw4mwa5fnf07ja9vg95eu2,150545725133008697849,ibc/F16FDC11A7662B86BC0B9CE61871CBACF7C20606F95E86260FD38915184B75B4,transfer/channel-253/el1,,channel-253,channel-1,connection-1539,1176,1.717464879302425E9
8580790|1|2|0|7|1,1.678116461942E9,8580790,block_result,1,49C08EB5751674108A0D24CB2718C1AB1B29E2BFE603D791BB3822D1B9D22DBB,2,0,7,0,1,osmo1ux3j2h446q9yf5dvsw4mwa5fnf07ja9v7hnlwd,genesis1ux3j2h446q9yf5dvsw4mwa5fnf07ja9vg95eu2,54016797397636897941,ibc/F16FDC11A7662B86BC0B9CE61871CBACF7C20606F95E86260FD38915184B75B4,transfer/channel-253/el1,,channel-253,channel-1,connection-1539,1177,1.717464815590554E9
35522531|1|2|0|9|1,1.747115366553E9,35522531,block_result,1,4A12B25B02CCC46808C8A54A2D2CBF699DCE597C9819C9DB7AE84B89100B3ED0,2,0,9,0,1,osmo16aypymlama0lk5s8c9s30s09eacpvwnav7ewjv,genesis16aypymlama0lk5s8c9s30s09eacpvwna6v7gqt,38000000000000000000000,ibc/F16FDC11A7662B86BC0B9CE61871CBACF7C20606F95E86260FD38915184B75B4,transfer/channel-253/el1,,channel-253,channel-1,connection-1539,1482,1.747115408504912E9
35513054|1|0|0|9|1,1.747103504387E9,35513054,block_result,1,4E5BD78A39288056E36D2AF01AEC577EFB52D59AB3BEBFED4F971A6970B3C17C,0,0,9,0,1,osmo1ag940t2gd4sn0wey7xgfjl83x2t5v62m6629pc,genesis1ag940t2gd4sn0wey7xgfjl83x2t5v62mvgdrnl,1000000000000000000000,ibc/F16FDC11A7662B86BC0B9CE61871CBACF7C20606F95E86260FD38915184B75B4,transfer/channel-253/el1,,channel-253,channel-1,connection-1539,1480,1.747103523207741E9
35513126|1|0|0|9|1,1.747103591564E9,35513126,block_result,1,665D422D8080BF504BD3029F344638C10079D0E14ED89F53E2FB39640B2DC16E,0,0,9,0,1,osmo1ag940t2gd4sn0wey7xgfjl83x2t5v62m6629pc,genesis1ag940t2gd4sn0wey7xgfjl83x2t5v62mvgdrnl,31000000000000000000000,ibc/F16FDC11A7662B86BC0B9CE61871CBACF7C20606F95E86260FD38915184B75B4,transfer/channel-253/el1,,channel-253,channel-1,connection-1539,1481,1.747103645795767E9
5751559|1|4|0|7|1,1.661523239925E9,5751559,block_result,1,84C127F381E17CBFE8FB20CDBB641887850AB26EC42E82E8132DF21BF9B8846B,4,0,7,0,1,osmo137dyr4h5ldmhktxjtx8gqy6ajx96aw4auravmd,genesis137dyr4h5ldmhktxjtx8gqy6ajx96aw4a2362f2,11000869999999870000,ibc/F16FDC11A7662B86BC0B9CE61871CBACF7C20606F95E86260FD38915184B75B4,transfer/channel-253/el1,,channel-253,channel-1,connection-1539,708,1.717543958961579E9
5755351|1|39|0|7|1,1.66154702428E9,5755351,block_result,1,11ADC36891C16EFE24AA5DFAA4B23029E3E508DA11FD6592948A2E4B34783CF9,39,0,7,0,1,osmo159d4pl8wvwynpuhe7rl85z77pptq5xjrm33rwx,genesis159d4pl8wvwynpuhe7rl85z77pptq5xjrdrk9up,10999869999999870000,ibc/F16FDC11A7662B86BC0B9CE61871CBACF7C20606F95E86260FD38915184B75B4,transfer/channel-253/el1,,channel-253,channel-1,connection-1539,713,1.717543877793752E9
5746070|1|22|0|7|1,1.66148957199E9,5746070,block_result,1,D91F06C87B7AD2091168312D4E55355F5D787849F1887E328931AA8728601D87,22,0,7,0,1,osmo18n33ywygvrrzqspewsh7f5c4dkp00le0mjxfr8,genesis18n33ywygvrrzqspewsh7f5c4dkp00le0dqp03q,8397657082929445693,ibc/F16FDC11A7662B86BC0B9CE61871CBACF7C20606F95E86260FD38915184B75B4,transfer/channel-253/el1,,channel-253,channel-1,connection-1539,706,1.717554144973326E9
5748874|1|12|0|7|1,1.661506758407E9,5748874,block_result,1,ED6F44BB0DDEB5541DAB7319716AA670675878FAC28B6B9882214B27AFB1828F,12,0,7,0,1,osmo19ayrkzcfpgw8ht7cugmcmm4ca96zwp5azsgqql,genesis19ayrkzcfpgw8ht7cugmcmm4ca96zwp5a5z0xjc,4973136195964970111,ibc/F16FDC11A7662B86BC0B9CE61871CBACF7C20606F95E86260FD38915184B75B4,transfer/channel-253/el1,,channel-253,channel-1,connection-1539,707,1.717554188336566E9
5753534|1|8|0|7|1,1.661535849017E9,5753534,block_result,1,7F0166331A804EC395C6A595CCBD19DBAFD792932BFF7B2AFF3DB23D80C4D681,8,0,7,0,1,osmo19wl9tdwaq9anpcnl29ty2rjdgj596ldxf84wm2,genesis19wl9tdwaq9anpcnl29ty2rjdgj596ldxl4jgfd,10999869999999870000,ibc/F16FDC11A7662B86BC0B9CE61871CBACF7C20606F95E86260FD38915184B75B4,transfer/channel-253/el1,,channel-253,channel-1,connection-1539,709,1.717554117840009E9
5754319|1|60|0|7|1,1.66154067628E9,5754319,block_result,1,D2C5BF8A513FFA0B15F7AE79835C792C511DBDEAB4E12FF2501CF161FAD4443D,60,0,7,0,1,osmo1cx3rxyyql8ef8a69zrm2p6jecq00d8at88uaqg,genesis1cx3rxyyql8ef8a69zrm2p6jecq00d8at34mmj0,9792179203715386316,ibc/F16FDC11A7662B86BC0B9CE61871CBACF7C20606F95E86260FD38915184B75B4,transfer/channel-253/el1,,channel-253,channel-1,connection-1539,712,1.717554054500203E9
5754048|1|0|0|7|1,1.661539006117E9,5754048,block_result,1,617C3CCAD3FBFD252A5C6F242803D4AB8FADC1A783A1055FCA1AA35176B0775B,0,0,7,0,1,osmo1dhz8dcfcfczdvlsjz728kt3tuwcuwkv8hnve6r,genesis1dhz8dcfcfczdvlsjz728kt3tuwcuwkv8pptlgy,10900000000000000000,ibc/F16FDC11A7662B86BC0B9CE61871CBACF7C20606F95E86260FD38915184B75B4,transfer/channel-253/el1,,channel-253,channel-1,connection-1539,711,1.717554180001859E9
5755626|1|5|0|7|1,1.661548724898E9,5755626,block_result,1,402B854299F02A5547253BE35753064F501D57039C0FA468BB81B7EDBD74C2EA,5,0,7,0,1,osmo1k3zws465xylls24vlws20dnzqlrraepwnn2znx,genesis1k3zws465xylls24vlws20dnzqlrraepw9pdypp,14519924371503004051,ibc/F16FDC11A7662B86BC0B9CE61871CBACF7C20606F95E86260FD38915184B75B4,transfer/channel-253/el1,,channel-253,channel-1,connection-1539,714,1.717543929086418E9
5743265|1|7|0|7|1,1.661472391282E9,5743265,block_result,1,E146791CC74A66EE3218417F132F73898AE1ACF1CED2C40E8173B6CCED9A103A,7,0,7,0,1,osmo1me3hg2l74zn5ag9y879u7re4cp4dxea9h5d45s,genesis1me3hg2l74zn5ag9y879u7re4cp4dxea9px2nxh,1070233752171735355,ibc/F16FDC11A7662B86BC0B9CE61871CBACF7C20606F95E86260FD38915184B75B4,transfer/channel-253/el1,,channel-253,channel-1,connection-1539,705,1.717544055038344E9
5753630|1|3|0|7|1,1.661536439332E9,5753630,block_result,1,F92993D0847F6AD1140380807C37A065F2840A012165718D4EBF93F124D8323E,3,0,7,0,1,osmo1raunkhs2a8j5qec0z5rrlu38rlx4gwyhypnjhz,genesis1raunkhs2a8j5qec0z5rrlu38rlx4gwyhjn5599,2006595319698536237,ibc/F16FDC11A7662B86BC0B9CE61871CBACF7C20606F95E86260FD38915184B75B4,transfer/channel-253/el1,,channel-253,channel-1,connection-1539,710,1.717554122821556E9
28267036|1|2|0|9|1,1.737717563281E9,28267036,block_result,1,1059ED44D4DF0130DB823BAB629E00E2533C280A9563AF62ECBC04D548A93E8A,2,0,9,0,1,osmo16aypymlama0lk5s8c9s30s09eacpvwnav7ewjv,genesis16aypymlama0lk5s8c9s30s09eacpvwna6v7gqt,20000000000000000000,ibc/F16FDC11A7662B86BC0B9CE61871CBACF7C20606F95E86260FD38915184B75B4,transfer/channel-253/el1,,channel-253,channel-1,connection-1539,1407,1.737717566169239E9
28417425|1|1|0|9|1,1.73792198209E9,28417425,block_result,1,E84E3F537244EE5D3A792E53539B59E5EB9529F47B61FA88CCC7311908AA418A,1,0,9,0,1,osmo16aypymlama0lk5s8c9s30s09eacpvwnav7ewjv,genesis1lll493y8vqpw48twllh72v8g2re5nqpvmk46dt,120000000000000000000,ibc/F16FDC11A7662B86BC0B9CE61871CBACF7C20606F95E86260FD38915184B75B4,transfer/channel-253/el1,,channel-253,channel-1,connection-1539,1408,1.737921984757277E9
6242636|1|0|0|7|1,1.664538714258E9,6242636,block_result,1,765B8F54015F2E5BB8718B03EF4D9E5CEB6BC422B20CBE4A99501F9871FF071E,0,0,7,0,1,osmo1ag940t2gd4sn0wey7xgfjl83x2t5v62m6629pc,genesis1ag940t2gd4sn0wey7xgfjl83x2t5v62mvgdrnl,5000000000000000000,ibc/F16FDC11A7662B86BC0B9CE61871CBACF7C20606F95E86260FD38915184B75B4,transfer/channel-253/el1,,channel-253,channel-1,connection-1539,879,1.717524376170832E9
6238856|1|2|0|7|1,1.664515713764E9,6238856,block_result,1,EE3283E59B7502CDD78C18169C2E4BE5723008CFC7E2D32087D771CD387A1A88,2,0,7,0,1,osmo1tk057sckr9yf94a0ndn66ye8d9zgn860hz7hpl,genesis1f5r7dg3aad4et0vmjrktvumgkl5d8dm7pxdzfr,11467234818140819744,ibc/F16FDC11A7662B86BC0B9CE61871CBACF7C20606F95E86260FD38915184B75B4,transfer/channel-253/el1,,channel-253,channel-1,connection-1539,877,1.717524410142451E9
6242903|1|3|0|7|1,1.664540365049E9,6242903,block_result,1,1F188D003E8570CBF93216B3E4D9F8BC2898DF56148FB77F947642E5D2C6B54E,3,0,7,0,1,osmo1jsr6hcc58ej27f2vyafwcmfsk96ylfee8fk5u3,genesis1jsr6hcc58ej27f2vyafwcmfsk96ylfee3m3jwk,10999869999999870000,ibc/F16FDC11A7662B86BC0B9CE61871CBACF7C20606F95E86260FD38915184B75B4,transfer/channel-253/el1,,channel-253,channel-1,connection-1539,880,1.717524325153749E9
6242592|1|11|0|7|1,1.664538442019E9,6242592,block_result,1,272DF6D5A72E52C79E8FE089B58C03319AE759059F11FBB1563CA0405077AEBE,11,0,7,0,1,osmo1nll4m4rfz6f627f98pp8jwdn6g9a09ynjc87f2,genesis1nll4m4rfz6f627f98pp8jwdn6g9a09yny2qcmd,10999869999999870000,ibc/F16FDC11A7662B86BC0B9CE61871CBACF7C20606F95E86260FD38915184B75B4,transfer/channel-253/el1,,channel-253,channel-1,connection-1539,878,1.717524375091765E9
14580237|1|0|0|9|1,1.711776570029E9,14580237,block_result,1,B642659189E700DC6E400B8E386D495D4C91E6C61DCE19F53CE5229F5E123C12,0,0,9,0,1,osmo1rsntu55zwhlhcfghh2wtzsxkr67qszupwkhvct,genesis1rsntu55zwhlhcfghh2wtzsxkr67qszupcys22v,40166583341812767580,ibc/F16FDC11A7662B86BC0B9CE61871CBACF7C20606F95E86260FD38915184B75B4,transfer/channel-253/el1,,channel-253,channel-1,connection-1539,1309,1.717023552062878E9
5701399|1|27|0|7|1,1.661214004959E9,5701399,block_result,1,3109B9E35CBE5A64E2DAA4A28A27F4497C94039B9A682BA65123E88FDD3A1ED1,27,0,7,0,1,osmo1seyua7q4tswljgraf87z3y5670uye02q752ekd,genesis1seyua7q4tswljgraf87z3y5670uye02qgxdly2,10000000000000000000,ibc/F16FDC11A7662B86BC0B9CE61871CBACF7C20606F95E86260FD38915184B75B4,transfer/channel-253/el1,,channel-253,channel-1,connection-1539,658,1.717555684765223E9
5709694|1|19|0|7|1,1.661264965248E9,5709694,block_result,1,976B88FC12B487A9A8029B9DBF9795988AF518BB2D59E200480E5327472E04B4,19,0,7,0,1,osmo13uup3md785lsd74aws4hx2et052mferw8n6yat,genesis13uup3md785lsd74aws4hx2et052mferw3paz0v,204310815432636763787,ibc/F16FDC11A7662B86BC0B9CE61871CBACF7C20606F95E86260FD38915184B75B4,transfer/channel-253/el1,,channel-253,channel-1,connection-1539,659,1.717544223287792E9
5711585|1|28|0|7|1,1.661277029873E9,5711585,block_result,1,06C819F134063D176F0B17824E6477C1F620A5C327638E148FCF151346D12BBC,28,0,7,0,1,osmo1jnpevf3zg3wc3vyqssxu96lz899g00skk60rtg,genesis1jnpevf3zg3wc3vyqssxu96lz899g00skqgg9e0,57858973824437942996,ibc/F16FDC11A7662B86BC0B9CE61871CBACF7C20606F95E86260FD38915184B75B4,transfer/channel-253/el1,,channel-253,channel-1,connection-1539,660,1.717555408146727E9
5712742|1|17|0|7|1,1.661284120386E9,5712742,block_result,1,CB42F349587B9141CCE79AEDCF28029CD70A1E0B9502833644DFB17AA6C3C32B,17,0,7,0,1,osmo18n33ywygvrrzqspewsh7f5c4dkp00le0mjxfr8,genesis18n33ywygvrrzqspewsh7f5c4dkp00le0dqp03q,5049271957199888513,ibc/F16FDC11A7662B86BC0B9CE61871CBACF7C20606F95E86260FD38915184B75B4,transfer/channel-253/el1,,channel-253,channel-1,connection-1539,661,1.717555396660695E9
5713038|1|31|0|7|1,1.66128592911E9,5713038,block_result,1,1F3D6CDAADA8CB845F9AC7DF90E7D1ECF1E76CF28EE3BD62B903EB35ADCB67F7,31,0,7,0,1,osmo1rgf4dznny6fx60yjwmq27xxs42vl34yl54cce0,genesis1rgf4dznny6fx60yjwmq27xxs42vl34ylz8l7tg,86296023915133155093,ibc/F16FDC11A7662B86BC0B9CE61871CBACF7C20606F95E86260FD38915184B75B4,transfer/channel-253/el1,,channel-253,channel-1,connection-1539,662,1.7175548616187E9
5713760|1|14|0|7|1,1.661290342244E9,5713760,block_result,1,BDF624E544AB72D33F477E7B51C53C48C24C8ADDDFF2896BA2FA7B975381A27F,14,0,7,0,1,osmo1d6q046wa3aah0fd87q63w3pdhp2sgg40yn9z5j,genesis1d6q046wa3aah0fd87q63w3pdhp2sgg40jpzyx4,1000000000000000000,ibc/F16FDC11A7662B86BC0B9CE61871CBACF7C20606F95E86260FD38915184B75B4,transfer/channel-253/el1,,channel-253,channel-1,connection-1539,663,1.717554831022315E9
5714037|1|8|0|7|1,1.661292032809E9,5714037,block_result,1,C580A7B827F1231E69E8C5B79034279CDF4C29A71C854553E1C542F42EB02C66,8,0,7,0,1,osmo1q8zrfyv7muv7aflr5xzn069zfumy4xs8qjtw6e,genesis1q8zrfyv7muv7aflr5xzn069zfumy4xs8kqvgg7,11451228104270122145,ibc/F16FDC11A7662B86BC0B9CE61871CBACF7C20606F95E86260FD38915184B75B4,transfer/channel-253/el1,,channel-253,channel-1,connection-1539,664,1.717545499544135E9
5714087|1|40|0|7|1,1.661292338747E9,5714087,block_result,1,B47F71596CE411362E7395373F4C4405E7EAB1581D79658F117FA1D0213A5B7E,40,0,7,0,1,osmo1h8uj22du0ka3ylq6rnx00cupey9y6e4jdxrpvp,genesis1h8uj22du0ka3ylq6rnx00cupey9y6e4jm5y87x,14506014336801587979,ibc/F16FDC11A7662B86BC0B9CE61871CBACF7C20606F95E86260FD38915184B75B4,transfer/channel-253/el1,,channel-253,channel-1,connection-1539,665,1.717545396349071E9
29426325|1|1|0|9|1,1.739299559886E9,29426325,block_result,1,713764729F24CBCF05BF0EF7DC5A34CA21BE13044A0ACFDBCA0B2DDBA531510B,1,0,9,0,1,osmo1k75w2s26rekktazwp5l9ghv2ccp4mvtxw55xag,genesis1k75w2s26rekktazwp5l9ghv2ccp4mvtxcxnq00,1722534488460000000000,ibc/F16FDC11A7662B86BC0B9CE61871CBACF7C20606F95E86260FD38915184B75B4,transfer/channel-253/el1,,channel-253,channel-1,connection-1539,1428,1.739299562696507E9
6539912|1|0|0|7|1,1.666354256314E9,6539912,block_result,1,C5D094A03EA1E3927F43A3D810ADA922685B38F65ADE72C72A109A8FFABB7795,0,0,7,0,1,osmo1ey5aeyezjug2xzuswl9ahkhn0mycnrvzrx8trm,genesis1ey5aeyezjug2xzuswl9ahkhn0mycnrvz45qd3u,970544635817067232329,ibc/F16FDC11A7662B86BC0B9CE61871CBACF7C20606F95E86260FD38915184B75B4,transfer/channel-253/el1,,channel-253,channel-1,connection-1539,964,1.717523234124069E9
5260274|1|3|0|7|1,1.658472690033E9,5260274,block_result,1,C1BCC08BBB06B7C9BDC974980A8FC4382919C73C54AA117E905C4D7A732E3B98,3,0,7,0,1,osmo13l99wap9jchfvlghtd70seqn9pnw9aleptsps2,genesis13l99wap9jchfvlghtd70seqn9pnw9aleheh8zd,5644966928085714645,ibc/F16FDC11A7662B86BC0B9CE61871CBACF7C20606F95E86260FD38915184B75B4,transfer/channel-253/el1,,channel-253,channel-1,connection-1539,434,1.717559505368432E9
5263201|1|6|0|7|1,1.658490571054E9,5263201,block_result,1,D83B965858B1482A2DF57DB9D1059CAA1739361B97D40FAFED48C6EB6EA09458,6,0,7,0,1,osmo14l883sh4nsyx30m6ek6xwz6hfts5qy8y34g9u3,genesis14l883sh4nsyx30m6ek6xwz6hfts5qy8y880rwk,7403151966248979892,ibc/F16FDC11A7662B86BC0B9CE61871CBACF7C20606F95E86260FD38915184B75B4,transfer/channel-253/el1,,channel-253,channel-1,connection-1539,436,1.717577920734321E9
5266087|1|243|0|7|1,1.658508287559E9,5266087,block_result,1,0361DEB7FA80934DBEC8FF095B5750CF626207E56C3B067EBC0CDF61A3969971,243,0,7,0,1,osmo1555x98w9hn8tm2g9nj05t24j7gg9vhn0s3vgkf,genesis1555x98w9hn8tm2g9nj05t24j7gg9vhn0xrtwyw,10999869999999870000,ibc/F16FDC11A7662B86BC0B9CE61871CBACF7C20606F95E86260FD38915184B75B4,transfer/channel-253/el1,,channel-253,channel-1,connection-1539,438,1.71755993530865E9
5265497|1|118|0|7|1,1.658504659423E9,5265497,block_result,1,C9B6C1FC9E114889BC7748783DDDB84A61D5BE1D3DE3F399C1DF1233A991BA78,118,0,7,0,1,osmo1j89p2jyvh607p96saeh28sl9uyqtdky73a9cfx,genesis1j89p2jyvh607p96saeh28sl9uyqtdky780z7mp,10800000000000000000,ibc/F16FDC11A7662B86BC0B9CE61871CBACF7C20606F95E86260FD38915184B75B4,transfer/channel-253/el1,,channel-253,channel-1,connection-1539,437,1.717558692415163E9
5262751|1|8|0|7|1,1.658487826297E9,5262751,block_result,1,BA015DD13B455DEBDC17AD67C64D5E12ED45CE05D21031C1558EE84D675544DC,8,0,7,0,1,osmo1u0yklqs5hfy6y6dan8sf4ct4qwt3spwpkjktyq,genesis1u0yklqs5hfy6y6dan8sf4ct4qwt3spwpqq3dk8,17721374547055182550,ibc/F16FDC11A7662B86BC0B9CE61871CBACF7C20606F95E86260FD38915184B75B4,transfer/channel-253/el1,,channel-253,channel-1,connection-1539,435,1.717578150964761E9
6852149|1|19|0|7|1,1.668216152828E9,6852149,block_result,1,F04B139AE3FC12ABD6EFF98A36AD3A0C1094E043D014E52932A0FB88CD42D4C8,19,0,7,0,1,osmo137p2qrs3qw00c28679pwu4a76md48q8zsesw3x,genesis137p2qrs3qw00c28679pwu4a76md48q8zxthgrp,11000000000000000000,ibc/F16FDC11A7662B86BC0B9CE61871CBACF7C20606F95E86260FD38915184B75B4,transfer/channel-253/el1,,channel-253,channel-1,connection-1539,1022,1.717515312935277E9
6865756|1|8|0|7|1,1.668296905301E9,6865756,block_result,1,9FF8FE7A24036996E8EE2205D6D7B450237554D721AA700F598507E6D00D9DE2,8,0,7,0,1,osmo19mc5kzqfqfn8h2fay90lpaadfchtmexvc5ga0t,genesis19mc5kzqfqfn8h2fay90lpaadfchtmexvwx0mav,10999869999999870000,ibc/F16FDC11A7662B86BC0B9CE61871CBACF7C20606F95E86260FD38915184B75B4,transfer/channel-253/el1,,channel-253,channel-1,connection-1539,1024,1.717515577932534E9
6858076|1|1|0|7|1,1.668251167658E9,6858076,block_result,1,34055E58AD3FE24867C5B169852B131228DE13DACB30C5A08D0246679564240A,1,0,7,0,1,osmo1qnlxnneluedfg3lusv8r36t5c0s4r2p0dlsn28,genesis1qnlxnneluedfg3lusv8r36t5c0s4r2p0mdh4cq,2000000000000000000,ibc/F16FDC11A7662B86BC0B9CE61871CBACF7C20606F95E86260FD38915184B75B4,transfer/channel-253/el1,,channel-253,channel-1,connection-1539,1023,1.717515193720316E9
5772702|1|10|0|7|1,1.661654045289E9,5772702,block_result,1,496BFE9DA58AF9CB06CE643C2DADEB11FF3F8F95560F6C7DDD9826B37EDF1F12,10,0,7,0,1,osmo1m9wr2ey7lh3l7h4grvfty96zfdtjvwz3yen28w,genesis1m9wr2ey7lh3l7h4grvfty96zfdtjvwz3jt5v4f,11183662629374368711,ibc/F16FDC11A7662B86BC0B9CE61871CBACF7C20606F95E86260FD38915184B75B4,transfer/channel-253/el1,,channel-253,channel-1,connection-1539,729,1.717550998130728E9
5773183|1|0|0|7|1,1.661657005566E9,5773183,block_result,1,C8220A70DA52FD19E1EEC9C03184FB57D00B0064C4F2C2091E77CF455C31F063,0,0,7,0,1,osmo1rd40c3t4r3kqmyhwlj778aeteyqygj3uppkvuh,genesis1rd40c3t4r3kqmyhwlj778aeteyqygj3uhn32ws,17660543188632432850,ibc/F16FDC11A7662B86BC0B9CE61871CBACF7C20606F95E86260FD38915184B75B4,transfer/channel-253/el1,,channel-253,channel-1,connection-1539,730,1.717543449457864E9
5774674|1|6|0|7|1,1.661666181285E9,5774674,block_result,1,7A4928928FC77B7D4846966A4F08B6E0DB9B7101412BE38D067374114B5D8EEE,6,0,7,0,1,osmo1aku4n0djvw3ms7x4y8qc574yr0fgct06e9v0jy,genesis1cru83slnu2scwn32dkkgp4pfu4famvx4x7nssv,45911089965820735124,ibc/F16FDC11A7662B86BC0B9CE61871CBACF7C20606F95E86260FD38915184B75B4,transfer/channel-253/el1,,channel-253,channel-1,connection-1539,731,1.717543453880559E9
5775790|1|15|0|7|1,1.661673029642E9,5775790,block_result,1,AB068E8E6D720E5B67351A3885657549005E7698A09873577A648E1F708AADDE,15,0,7,0,1,osmo18n33ywygvrrzqspewsh7f5c4dkp00le0mjxfr8,genesis18n33ywygvrrzqspewsh7f5c4dkp00le0dqp03q,7058392574276208445,ibc/F16FDC11A7662B86BC0B9CE61871CBACF7C20606F95E86260FD38915184B75B4,transfer/channel-253/el1,,channel-253,channel-1,connection-1539,732,1.717553816810949E9
5777369|1|11|0|7|1,1.661682740889E9,5777369,block_result,1,6CC81B202B25AAF7F3D938DEA392566ED217FF8D4DCD6A0063C68D502501F4DA,11,0,7,0,1,osmo163ndtplrrpkh2faf2c0y6t9v86llx86q6spzwl,genesis163ndtplrrpkh2faf2c0y6t9v86llx86qvzxyuc,3213736378212337,ibc/F16FDC11A7662B86BC0B9CE61871CBACF7C20606F95E86260FD38915184B75B4,transfer/channel-253/el1,,channel-253,channel-1,connection-1539,733,1.717543435099955E9
5779964|1|5|0|7|1,1.661698725971E9,5779964,block_result,1,D8DC39CAAB9EA6ECBA0545EAFCA195AB356ADAE231B68FC9F5248C46441C0077,5,0,7,0,1,osmo1a7zgasrrnjaqnqgj74ma6mrqx96lfhtfrp6cfw,genesis1a7zgasrrnjaqnqgj74ma6mrqx96lfhtf4na7mf,66210673402054307529,ibc/F16FDC11A7662B86BC0B9CE61871CBACF7C20606F95E86260FD38915184B75B4,transfer/channel-253/el1,,channel-253,channel-1,connection-1539,734,1.717543350793171E9
5780372|1|1|0|7|1,1.661701237288E9,5780372,block_result,1,6DB2B27DACB5B1A00616447476021CB551DF369343C3DA8EE7160EDFB92F7C96,1,0,7,0,1,osmo1uhqvz7ggpmwsctyz73va8h9ktl70c7znnqldgr,genesis1uhqvz7ggpmwsctyz73va8h9ktl70c7zn9jct6y,10799869999999870000,ibc/F16FDC11A7662B86BC0B9CE61871CBACF7C20606F95E86260FD38915184B75B4,transfer/channel-253/el1,,channel-253,channel-1,connection-1539,735,1.71755380379123E9
5782555|1|29|0|7|1,1.661715186906E9,5782555,block_result,1,8EBA6DF069F3D550BD2CD75BD2B666358BDA803431F9F1CDDC72431B129FBAE9,29,0,7,0,1,osmo1me3hg2l74zn5ag9y879u7re4cp4dxea9h5d45s,genesis1me3hg2l74zn5ag9y879u7re4cp4dxea9px2nxh,1652852751353771732,ibc/F16FDC11A7662B86BC0B9CE61871CBACF7C20606F95E86260FD38915184B75B4,transfer/channel-253/el1,,channel-253,channel-1,connection-1539,736,1.71755214505337E9
5783128|1|31|0|7|1,1.66171871584E9,5783128,block_result,1,1C4F362D0461B2EB92217D413553590F2DC4309D42889A7212276910AF3DF846,31,0,7,0,1,osmo12jfvctjm2jjj0xflzjyrj0gc5umqjq8jdljx64,genesis12jfvctjm2jjj0xflzjyrj0gc5umqjq8jmd4qgj,26687000000000000000000,ibc/F16FDC11A7662B86BC0B9CE61871CBACF7C20606F95E86260FD38915184B75B4,transfer/channel-253/el1,,channel-253,channel-1,connection-1539,737,1.717543390683288E9
4935317|1|3|0|7|1,1.656442754058E9,4935317,block_result,1,0C806399F4DAABEA6EBFAD0C8E0A08317BBE0A1DA1198E7898763224D88F1D58,3,0,7,0,1,osmo155gzpx9kacvulen0zkf8q780v3vpvpk494kp5f,genesis155gzpx9kacvulen0zkf8q780v3vpvpk4n838xw,10000000000000000000,ibc/F16FDC11A7662B86BC0B9CE61871CBACF7C20606F95E86260FD38915184B75B4,transfer/channel-253/el1,,channel-253,channel-1,connection-1539,346,1.717596293589661E9
4925777|1|3|0|7|1,1.656382895724E9,4925777,block_result,1,5944A5FBD899214AE46794FFA68E64D26DCC7B43E0B99C2ED25B6AA44AF9C6EC,3,0,7,0,1,osmo16jexsf558vvdwwl2cfj0mzr4x63xjpac5cs9rv,genesis16jexsf558vvdwwl2cfj0mzr4x63xjpacz2hr3t,92000000000000000000,ibc/F16FDC11A7662B86BC0B9CE61871CBACF7C20606F95E86260FD38915184B75B4,transfer/channel-253/el1,,channel-253,channel-1,connection-1539,343,1.717574541625653E9
4933873|1|4|0|7|1,1.656433231225E9,4933873,block_result,1,F976544DD02870400CB6F984AA96091AD0AC4BAFE4AA1962021A2424A03CBBDD,4,0,7,0,1,osmo1ux3j2h446q9yf5dvsw4mwa5fnf07ja9v7hnlwd,genesis1ux3j2h446q9yf5dvsw4mwa5fnf07ja9vg95eu2,39595775216054512237,ibc/F16FDC11A7662B86BC0B9CE61871CBACF7C20606F95E86260FD38915184B75B4,transfer/channel-253/el1,,channel-253,channel-1,connection-1539,344,1.7175739415995E9
4935306|1|5|0|7|1,1.656442686966E9,4935306,block_result,1,FDB91BE64707A7DF86CED26A1EAD98DA74BBD0FC6A1D4E2D352B7E9B1EE2555D,5,0,7,0,1,osmo12ceqaxw6petugp78r2vl4qy5j2h3j0qnvw6dlw,genesis12ceqaxw6petugp78r2vl4qy5j2h3j0qn6uatdf,11000869999999870000,ibc/F16FDC11A7662B86BC0B9CE61871CBACF7C20606F95E86260FD38915184B75B4,transfer/channel-253/el1,,channel-253,channel-1,connection-1539,345,1.717596292380818E9
25325996|1|1|0|9|1,1.733685665285E9,25325996,block_result,1,0AAA85377603335595AA1DCB91A38F514ED9BB75D4B354DA9350AA323473AD81,1,0,9,0,1,osmo1aedaw6l8emqaclg352xhuh6mt935tzcg26wgrh,genesis1aedaw6l8emqaclg352xhuh6mt935tzcgugfw3s,20594965470000000000,ibc/F16FDC11A7662B86BC0B9CE61871CBACF7C20606F95E86260FD38915184B75B4,transfer/channel-253/el1,,channel-253,channel-1,connection-1539,1396,1.733685668173741E9
5308709|1|26|0|7|1,1.658774331631E9,5308709,block_result,1,DE60267522EB89205C12C8C64FEB2F6849C4CCE8B6B97BE359CB967622AD6136,26,0,7,0,1,osmo1vll33ljh6m3nzxjzh9kuf2jf76cr569kp30mmr,genesis1vll33ljh6m3nzxjzh9kuf2jf76cr569khrgafy,10999869999999870000,ibc/F16FDC11A7662B86BC0B9CE61871CBACF7C20606F95E86260FD38915184B75B4,transfer/channel-253/el1,,channel-253,channel-1,connection-1539,446,1.717558053827572E9
5147861|1|12|0|7|1,1.657771289286E9,5147861,block_result,1,7B85CDCC918FB1AEC05CB42C7777DA33E4115513885A043581151B8B50D38DD8,12,0,7,0,1,osmo1dxq2es0p05n69tc79ay3n9n7pcwxwuxppxrkjt,genesis1dxq2es0p05n69tc79ay3n9n7pcwxwuxph5ysqv,10900000000000000000,ibc/F16FDC11A7662B86BC0B9CE61871CBACF7C20606F95E86260FD38915184B75B4,transfer/channel-253/el1,,channel-253,channel-1,connection-1539,399,1.717586601268563E9
5151871|1|3|0|7|1,1.657796260148E9,5151871,block_result,1,6E70390283C8BC1E93F04561FF10D071C69AA73412390C55EE0FC51E966AB2D4,3,0,7,0,1,osmo1lx7n87vw4mey25jllugr6txtv8wtfcvk7dk8rn,genesis1lx7n87vw4mey25jllugr6txtv8wtfcvkgl3p35,10950000000000000000,ibc/F16FDC11A7662B86BC0B9CE61871CBACF7C20606F95E86260FD38915184B75B4,transfer/channel-253/el1,,channel-253,channel-1,connection-1539,401,1.71756532624195E9
5147832|1|10|0|7|1,1.657771110484E9,5147832,block_result,1,C20FD2158B7C7BA8C66BC02F7DB95CE0F70C62E82F8D166CFDC3C6F14F816953,10,0,7,0,1,osmo1rl03vh459c56v6rw72kfdac64desxnk7g92vm4,genesis1rl03vh459c56v6rw72kfdac64desxnk77hd2fj,10999869999999870000,ibc/F16FDC11A7662B86BC0B9CE61871CBACF7C20606F95E86260FD38915184B75B4,transfer/channel-253/el1,,channel-253,channel-1,connection-1539,398,1.717585930943598E9
5147286|1|2|0|7|1,1.657767708328E9,5147286,block_result,1,6E4F5CEC39BAED440C060606D6B3CE6B4B3852080A12090D9D3FEEF9074DC8CD,2,0,7,0,1,osmo1v2z9rwxt5y98pnrs6ryhqp08ay5azzvmw92wnm,genesis1v2z9rwxt5y98pnrs6ryhqp08ay5azzvmchdgpu,13247000000000000000000,ibc/F16FDC11A7662B86BC0B9CE61871CBACF7C20606F95E86260FD38915184B75B4,transfer/channel-253/el1,,channel-253,channel-1,connection-1539,397,1.71756583272927E9
5150633|1|2|0|7|1,1.657788544217E9,5150633,block_result,1,E71B96F6A44A1D2219D543D28D1FE874E6246F43295B316AA129838300CE9DDD,2,0,7,0,1,osmo1x46ff45ctkak6rjqka9uqvwqt4vhdr45rpc7f3,genesis1x46ff45ctkak6rjqka9uqvwqt4vhdr454nlcmk,70752910428884645684,ibc/F16FDC11A7662B86BC0B9CE61871CBACF7C20606F95E86260FD38915184B75B4,transfer/channel-253/el1,,channel-253,channel-1,connection-1539,400,1.71756605546773E9
4667325|1|5|0|7|1,1.654361311616E9,4667325,block_result,1,F46AD9B8CE57BB7822589E5C4D80312E9C92E1EAA6FB1B4179C1A0F4978FBBC7,5,0,7,0,1,osmo1dxpjsd28qw2xhwrm20v3ltu8en2nzh6zpzaemd,genesis1dxpjsd28qw2xhwrm20v3ltu8en2nzh6zhs6lf2,10000000000000000000,ibc/F16FDC11A7662B86BC0B9CE61871CBACF7C20606F95E86260FD38915184B75B4,transfer/channel-253/el1,,channel-253,channel-1,connection-1539,6,1.717586539523667E9
8409628|1|3|0|7|1,1.677150065077E9,8409628,block_result,1,48E49CF636CAC5B18A30F321B044D310D22F0B55151925CB1B73E0B54118C25A,3,0,7,0,1,osmo16hp7wzudkeyw6fvgvalm0fh3elp9czhf9l3k7l,genesis16hp7wzudkeyw6fvgvalm0fh3elp9czhfndksvc,9450456913898374457,ibc/F16FDC11A7662B86BC0B9CE61871CBACF7C20606F95E86260FD38915184B75B4,transfer/channel-253/el1,,channel-253,channel-1,connection-1539,1155,1.717468790174427E9
33268695|1|2|0|9|1,1.744229713116E9,33268695,block_result,1,941553130907E88069B22B2396C1611AFFF6D89C5B4DC693A16CC2FAEE5F6E39,2,0,9,0,1,osmo1j73g96rdw2vlwvkuu733tcejzyvhkp4nlsdptg,genesis1vu3w45sz03pxujzct8vc44jmhausuzy8p8qpef,1000000000000000000,ibc/F16FDC11A7662B86BC0B9CE61871CBACF7C20606F95E86260FD38915184B75B4,transfer/channel-253/el1,,channel-253,channel-1,connection-1539,1458,1.744229767937528E9
8147596|1|5|0|7|1,1.675673363227E9,8147596,block_result,1,1A80F1A9AA52A32F607B854C39DE71EA0BE40933906F0D9C4B702C38F9AF7B24,5,0,7,0,1,osmo13tqktxnz00uqvuv874p8alqczzfg6hll5098cp,genesis13tqktxnz00uqvuv874p8alqczzfg6hllzazp2x,10000000000000000000,ibc/F16FDC11A7662B86BC0B9CE61871CBACF7C20606F95E86260FD38915184B75B4,transfer/channel-253/el1,,channel-253,channel-1,connection-1539,1132,1.717475039858119E9
8155830|1|0|0|7|1,1.675719761466E9,8155830,block_result,1,FB655627174E977123B0290D7D2886E6E3D1B8C86A605E74083A0445D23E81B7,0,0,7,0,1,osmo182lpnqqq0umc07hut7xp7j23k32ss3pa9pltx0,genesis182lpnqqq0umc07hut7xp7j23k32ss3panncd5g,75200783042320966944083,ibc/F16FDC11A7662B86BC0B9CE61871CBACF7C20606F95E86260FD38915184B75B4,transfer/channel-253/el1,,channel-253,channel-1,connection-1539,1133,1.717475357272533E9
6850049|1|5|0|7|1,1.668203745118E9,6850049,block_result,1,6C793D2F5A1CD4A6FEE4F042D8AD6F2CDF8C657F4C62029130B8405E607E19D6,5,0,7,0,1,osmo16a5k7je4afcv9dmqmz8cawd6mple2etmk96h44,genesis16a5k7je4afcv9dmqmz8cawd6mple2etmqha38j,1000000000000000000,ibc/F16FDC11A7662B86BC0B9CE61871CBACF7C20606F95E86260FD38915184B75B4,transfer/channel-253/el1,,channel-253,channel-1,connection-1539,1021,1.717505390332536E9
6849631|1|9|0|7|1,1.668201283543E9,6849631,block_result,1,CFFDFC9B0CAFC230EA1785A86E976A19C07D49D2F076A7524CC9505A4B244ABC,9,0,7,0,1,osmo1a90easejyw26a6f4wgq3n9unn038sz0yh6u87u,genesis1a90easejyw26a6f4wgq3n9unn038sz0ypgmpvm,10999869999999870000,ibc/F16FDC11A7662B86BC0B9CE61871CBACF7C20606F95E86260FD38915184B75B4,transfer/channel-253/el1,,channel-253,channel-1,connection-1539,1020,1.717505879446602E9
6844502|1|6|0|7|1,1.668170579952E9,6844502,block_result,1,0AD6FB8163FAD4088767252DF144E5405258A9C5452C1AA6C80F531DD7141C15,6,0,7,0,1,osmo1x3ltf7x3jsyu9ett0wc5c4ehe6ymxtlvu650jn,genesis1x3ltf7x3jsyu9ett0wc5c4ehe6ymxtlv2gnfq5,481540424835920048,ibc/F16FDC11A7662B86BC0B9CE61871CBACF7C20606F95E86260FD38915184B75B4,transfer/channel-253/el1,,channel-253,channel-1,connection-1539,1019,1.717505544693989E9
5455702|1|2|0|7|1,1.65969690748E9,5455702,block_result,1,B95FFEA128B70FCB7F5D02E73792703F308774079091DFEDB7F63C912E99574A,2,0,7,0,1,osmo16mcugkhrt8m30ctrnyfwmdt7gcp0unup0ztl8z,genesis16mcugkhrt8m30ctrnyfwmdt7gcp0unupesve49,10999739999999870000,ibc/F16FDC11A7662B86BC0B9CE61871CBACF7C20606F95E86260FD38915184B75B4,transfer/channel-253/el1,,channel-253,channel-1,connection-1539,478,1.717568831301799E9
5461138|1|8|0|7|1,1.659730884319E9,5461138,block_result,1,ED63B5297430993172BE8136FBBA35B43C727B4C04AA9D2926AE7B89E1B06931,8,0,7,0,1,osmo1rgf4dznny6fx60yjwmq27xxs42vl34yl54cce0,genesis1rgf4dznny6fx60yjwmq27xxs42vl34ylz8l7tg,114164235551973132971,ibc/F16FDC11A7662B86BC0B9CE61871CBACF7C20606F95E86260FD38915184B75B4,transfer/channel-253/el1,,channel-253,channel-1,connection-1539,479,1.71755055093214E9
5451918|1|20|0|7|1,1.659673529483E9,5451918,block_result,1,68A43E146BDA05F7701FDA2244AD7A2B882DEE78CA0584C7B7A3C81734D2CFAC,20,0,7,0,1,osmo1v2z9rwxt5y98pnrs6ryhqp08ay5azzvmw92wnm,genesis1v2z9rwxt5y98pnrs6ryhqp08ay5azzvmchdgpu,33107000000000000000000,ibc/F16FDC11A7662B86BC0B9CE61871CBACF7C20606F95E86260FD38915184B75B4,transfer/channel-253/el1,,channel-253,channel-1,connection-1539,477,1.717551150261043E9
5735868|1|10|0|7|1,1.661426459551E9,5735868,block_result,1,D79EB41B6367FB248D79DDF2A2602A1E8A70D8CF261E6544D5A950B430AFDBEC,10,0,7,0,1,osmo133wklrex6n8hd6f8rsx6qpdsxl4cdcqnnu33zw,genesis133wklrex6n8hd6f8rsx6qpdsxl4cdcqn9wkhsf,500000000000000000,ibc/F16FDC11A7662B86BC0B9CE61871CBACF7C20606F95E86260FD38915184B75B4,transfer/channel-253/el1,,channel-253,channel-1,connection-1539,695,1.717544426519521E9
5740774|1|26|0|7|1,1.661457051928E9,5740774,block_result,1,168E8D0B4AC9CD83BF2F47EA4AA26D9759AA0DD95FB99D488B3166595BBD678D,26,0,7,0,1,osmo163ndtplrrpkh2faf2c0y6t9v86llx86q6spzwl,genesis163ndtplrrpkh2faf2c0y6t9v86llx86qvzxyuc,25731567862089317,ibc/F16FDC11A7662B86BC0B9CE61871CBACF7C20606F95E86260FD38915184B75B4,transfer/channel-253/el1,,channel-253,channel-1,connection-1539,703,1.71755425159934E9
5738956|1|7|0|7|1,1.661445412088E9,5738956,block_result,1,CA4B1DE4DB143FC0A9767A04644766506B10CD1460018E59C1C14C3DA8610850,7,0,7,0,1,osmo163ndtplrrpkh2faf2c0y6t9v86llx86q6spzwl,genesis163ndtplrrpkh2faf2c0y6t9v86llx86qvzxyuc,7966727003880009316,ibc/F16FDC11A7662B86BC0B9CE61871CBACF7C20606F95E86260FD38915184B75B4,transfer/channel-253/el1,,channel-253,channel-1,connection-1539,700,1.717554416970209E9
5732965|1|34|0|7|1,1.661408622465E9,5732965,block_result,1,A23BAA1851840C84EFC2AE9EF2034A5950928BD830503A5FCC04AD1DE1999632,34,0,7,0,1,osmo19l9wsymdh3mp7munzrlk8rs03ttnu2uaujyktu,genesis19l9wsymdh3mp7munzrlk8rs03ttnu2ua2qrsem,60673448244834545986,ibc/F16FDC11A7662B86BC0B9CE61871CBACF7C20606F95E86260FD38915184B75B4,transfer/channel-253/el1,,channel-253,channel-1,connection-1539,691,1.717545054378136E9
5729354|1|95|0|7|1,1.661386469437E9,5729354,block_result,1,C782C123B688E3FE824D90EFE7828CF46942006AFBE8523A5517BA3CC5022305,95,0,7,0,1,osmo1ej2ex98d6g7kr9j3nrzxm0l0c9c668f0d8hssa,genesis1ej2ex98d6g7kr9j3nrzxm0l0c9c668f0m4skz6,200000000000000000,ibc/F16FDC11A7662B86BC0B9CE61871CBACF7C20606F95E86260FD38915184B75B4,transfer/channel-253/el1,,channel-253,channel-1,connection-1539,690,1.717545158313485E9
5738174|1|0|0|7|1,1.66144061258E9,5738174,block_result,1,E441557C967C6CD4EDE43A54CA3AE1F559D7E18491EDBBAE10584399AAA3CF46,0,0,7,0,1,osmo1gzy0f2ggfjk6mrlv96nlur6awqdm2hd5hevfzm,genesis1gzy0f2ggfjk6mrlv96nlur6awqdm2hd5ptt0su,10999869999999870000,ibc/F16FDC11A7662B86BC0B9CE61871CBACF7C20606F95E86260FD38915184B75B4,transfer/channel-253/el1,,channel-253,channel-1,connection-1539,696,1.717544188201241E9
5740523|1|10|0|7|1,1.66145550539E9,5740523,block_result,1,BA459F3AEA39BD4228902AECF848F298AB314D5022BDE2B2EABEAF0DEB1BF010,10,0,7,0,1,osmo1jnpevf3zg3wc3vyqssxu96lz899g00skk60rtg,genesis1jnpevf3zg3wc3vyqssxu96lz899g00skqgg9e0,224190666758944019106,ibc/F16FDC11A7662B86BC0B9CE61871CBACF7C20606F95E86260FD38915184B75B4,transfer/channel-253/el1,,channel-253,channel-1,connection-1539,701,1.71755425812439E9
5743122|1|6|0|7|1,1.661471509607E9,5743122,block_result,1,6ABBC713A21C03FA1FD24C82B08E7E4488FB56A6640CE8AA5EDC1D1F0B0A75F0,6,0,7,0,1,osmo1me3hg2l74zn5ag9y879u7re4cp4dxea9h5d45s,genesis1me3hg2l74zn5ag9y879u7re4cp4dxea9px2nxh,9997712485196106326,ibc/F16FDC11A7662B86BC0B9CE61871CBACF7C20606F95E86260FD38915184B75B4,transfer/channel-253/el1,,channel-253,channel-1,connection-1539,704,1.717544008629896E9
5735563|1|14|0|7|1,1.661424585546E9,5735563,block_result,1,307F5506F9E1BE73E4EFBE72BAE445A4A6928EC275BB55B7AE28A3DD28AA82E8,14,0,7,0,1,osmo1me3hg2l74zn5ag9y879u7re4cp4dxea9h5d45s,genesis1me3hg2l74zn5ag9y879u7re4cp4dxea9px2nxh,1082823040361232680,ibc/F16FDC11A7662B86BC0B9CE61871CBACF7C20606F95E86260FD38915184B75B4,transfer/channel-253/el1,,channel-253,channel-1,connection-1539,694,1.717554687317176E9
5740721|1|25|0|7|1,1.661456723679E9,5740721,block_result,1,435C7FA92737576B88E22DAC124148E225C845E6F3EB980135A9418B761D5BB6,25,0,7,0,1,osmo18tnqgtzttxzf9nr8hswhwp2kgusvndn4zxv488,genesis1nas9xydhufh8vdqyy0h6l0j79m785zmurgry0u,1448961256362779063,ibc/F16FDC11A7662B86BC0B9CE61871CBACF7C20606F95E86260FD38915184B75B4,transfer/channel-253/el1,,channel-253,channel-1,connection-1539,702,1.717554250780245E9
5735100|1|11|0|7|1,1.661421748383E9,5735100,block_result,1,708EE9A91F800E3C68CF57B3014C6C55903EDE28AA082E12C9A2BA28DD57AF4D,11,0,7,0,1,osmo1dkjcas3j43u3v6l94jhhhnjxhlnwxt3m4rg4mm,genesis1p4n3fy8wqmn4ja0fp4lenaemyzlxrp6y5ma6w5,9933144568083401737367,ibc/F16FDC11A7662B86BC0B9CE61871CBACF7C20606F95E86260FD38915184B75B4,transfer/channel-253/el1,,channel-253,channel-1,connection-1539,693,1.717545433878777E9
5735078|1|18|0|7|1,1.661421612673E9,5735078,block_result,1,D69C6957FEFE881428A18D06921D36B44126D3787B274A26AD902EDEFCABD840,18,0,7,0,1,osmo1dkjcas3j43u3v6l94jhhhnjxhlnwxt3m4rg4mm,genesis1p4n3fy8wqmn4ja0fp4lenaemyzlxrp6y5ma6w5,100000000000000000000,ibc/F16FDC11A7662B86BC0B9CE61871CBACF7C20606F95E86260FD38915184B75B4,transfer/channel-253/el1,,channel-253,channel-1,connection-1539,692,1.71754509493461E9
5738508|1|10|0|7|1,1.661442665572E9,5738508,block_result,1,6D1D02915ED83624D87A00035DD83BE706C01D732B8F38A7890D9833DCFF25BC,10,0,7,0,1,osmo1p7jpnpr9kr7zns0thax5akt4e2a5c8fczwtwmc,genesis1p7jpnpr9kr7zns0thax5akt4e2a5c8fc5uvgfl,107219641405265201331,ibc/F16FDC11A7662B86BC0B9CE61871CBACF7C20606F95E86260FD38915184B75B4,transfer/channel-253/el1,,channel-253,channel-1,connection-1539,697,1.717544085105226E9
5738717|1|7|0|7|1,1.661443946869E9,5738717,block_result,1,9609F8E1D0ADC8E1284A977B933E58B9A24CCAD98C32A15CB555243056570110,7,0,7,0,1,osmo1rfpljk3k6n69alr8ksx5vdsfe7qm8d3lr7zl4c,genesis1rfpljk3k6n69alr8ksx5vdsfe7qm8d3l4v9e8l,106879475880446021150,ibc/F16FDC11A7662B86BC0B9CE61871CBACF7C20606F95E86260FD38915184B75B4,transfer/channel-253/el1,,channel-253,channel-1,connection-1539,699,1.717544075040738E9
5738675|1|9|0|7|1,1.661443690192E9,5738675,block_result,1,B8DCF09EEEC8294028FB1AF2B00DB406FAF155EF5BE48F533541908A4BE8E058,9,0,7,0,1,osmo1yht8762nseqwaklagtc372w4999puqwm9vga37,genesis1yht8762nseqwaklagtc372w4999puqwmn70mre,106750285905989092046,ibc/F16FDC11A7662B86BC0B9CE61871CBACF7C20606F95E86260FD38915184B75B4,transfer/channel-253/el1,,channel-253,channel-1,connection-1539,698,1.717544078249171E9
4779423|1|3|0|7|1,1.655469788577E9,4779423,block_result,1,AA0E1D1BF9DDA2A70DFC40EB96A9A026B264E412B388CBB0DD2008C8F022CD31,3,0,7,0,1,osmo10ewrata72ls0tj3x9yeau7lsnm8zmkdkf05zf9,genesis10ewrata72ls0tj3x9yeau7lsnm8zmkdklanymz,11000869999999870000,ibc/F16FDC11A7662B86BC0B9CE61871CBACF7C20606F95E86260FD38915184B75B4,transfer/channel-253/el1,,channel-253,channel-1,connection-1539,289,1.717581800493656E9
4779943|1|4|0|7|1,1.655473065931E9,4779943,block_result,1,5F4C9185D7B4B271B2AA006564FF1AB77159F4B2966C4E8DE661D36BB256CB29,4,0,7,0,1,osmo10yu8w9p4p0szf2xwhtndmfjnp0gfk4j7j3azdm,genesis10yu8w9p4p0szf2xwhtndmfjnp0gfk4j7yr6ylu,14930000000000000000000,ibc/F16FDC11A7662B86BC0B9CE61871CBACF7C20606F95E86260FD38915184B75B4,transfer/channel-253/el1,,channel-253,channel-1,connection-1539,294,1.71760340890189E9
4779442|1|9|0|7|1,1.655469907918E9,4779442,block_result,1,3030FEC79CD99E5B1192BEDF547FDD42E43B51B7FB0F70B547DBB172C03788AD,9,0,7,0,1,osmo12amy64kkzqdgzpv0khz7f2y9s5ep8gptmqpqcx,genesis12amy64kkzqdgzpv0khz7f2y9s5ep8gptdjxx2p,11000869999999870000,ibc/F16FDC11A7662B86BC0B9CE61871CBACF7C20606F95E86260FD38915184B75B4,transfer/channel-253/el1,,channel-253,channel-1,connection-1539,292,1.71758192592571E9
4779437|1|0|0|7|1,1.655469876169E9,4779437,block_result,1,37BEB779713BFE363A0A766C2022200A16C28913FA4B5AAFB47AB967AA360762,0,0,7,0,1,osmo12g8t77m7p00weya8p3cmztvurft5r5nydwpj6n,genesis12g8t77m7p00weya8p3cmztvurft5r5nymux5g5,11000869999999870000,ibc/F16FDC11A7662B86BC0B9CE61871CBACF7C20606F95E86260FD38915184B75B4,transfer/channel-253/el1,,channel-253,channel-1,connection-1539,291,1.717581800845016E9
4779721|1|0|0|7|1,1.655471665008E9,4779721,block_result,1,7AAB2ABC4297C4C5F7CF4D18781CAAA56D9BC8921E2998E85442CB26C3CB5E57,0,0,7,0,1,osmo12szrq92s6unv0hxtqvl6ffu076qv5l0dpwry7q,genesis12szrq92s6unv0hxtqvl6ffu076qv5l0dhuyzv8,11000869999999870000,ibc/F16FDC11A7662B86BC0B9CE61871CBACF7C20606F95E86260FD38915184B75B4,transfer/channel-253/el1,,channel-253,channel-1,connection-1539,293,1.717582605794208E9
4779414|1|10|0|7|1,1.655469732257E9,4779414,block_result,1,F55F445B93CFD02BF5A1F26639F16F1F5FD0D957318A696F4A1032E3833A7CDF,10,0,7,0,1,osmo14z0st695zrvs8fafvt7a5t7928sahpxf6c7chm,genesis14z0st695zrvs8fafvt7a5t7928sahpxfv2e79u,11000869999999870000,ibc/F16FDC11A7662B86BC0B9CE61871CBACF7C20606F95E86260FD38915184B75B4,transfer/channel-253/el1,,channel-253,channel-1,connection-1539,288,1.717582329653897E9
4779368|1|7|0|7|1,1.655469441113E9,4779368,block_result,1,CFDCC72596A7EA07D1B5FA1BA631283ED6F5447330A62B385ED4A8DB7303EE0A,7,0,7,0,1,osmo1alhj9jujcnxl7qqyqyysgjvfz4cqu5k9r5gt57,genesis1alhj9jujcnxl7qqyqyysgjvfz4cqu5k94x0dxe,10999869999999870000,ibc/F16FDC11A7662B86BC0B9CE61871CBACF7C20606F95E86260FD38915184B75B4,transfer/channel-253/el1,,channel-253,channel-1,connection-1539,283,1.717581802870468E9
4778900|1|11|0|7|1,1.655466491195E9,4778900,block_result,1,8AB872DF3461F1F15896343ED785D19EB4CAA19B4042785A850C3E26F0E87EAA,11,0,7,0,1,osmo1dc0xs05usqwdgcx9kxq2jlglfkrfwdk2dme2la,genesis1dc0xs05usqwdgcx9kxq2jlglfkrfwdk2mf7vd6,10999869999999870000,ibc/F16FDC11A7662B86BC0B9CE61871CBACF7C20606F95E86260FD38915184B75B4,transfer/channel-253/el1,,channel-253,channel-1,connection-1539,282,1.717581790937994E9
4778701|1|3|0|7|1,1.655465248527E9,4778701,block_result,1,C94E1BC5574F145B68BA81985A1916F6552352FE4FB9F183D2004E9A0773119C,3,0,7,0,1,osmo1fa59jlnx2aljljp7v2n9thc8ul9y74pwx35srk,genesis1fa59jlnx2aljljp7v2n9thc8ul9y74pwsrnk33,132121109293154612525,ibc/F16FDC11A7662B86BC0B9CE61871CBACF7C20606F95E86260FD38915184B75B4,transfer/channel-253/el1,,channel-253,channel-1,connection-1539,281,1.717582326909786E9
4772851|1|11|0|7|1,1.655428521719E9,4772851,block_result,1,411B276CCDBA758FA1ED2292C5A2DB3197A1240F690F862BFAE198F43FC28143,11,0,7,0,1,osmo1js26sj78v3xtjs5tjljktnptkufeej8567l77n,genesis1js26sj78v3xtjs5tjljktnptkufeej85vvccv5,10999869999999870000,ibc/F16FDC11A7662B86BC0B9CE61871CBACF7C20606F95E86260FD38915184B75B4,transfer/channel-253/el1,,channel-253,channel-1,connection-1539,278,1.717603527562084E9
4779377|1|4|0|7|1,1.655469496825E9,4779377,block_result,1,54ABBBC99A3D67AC29454744C9E65843DEFF1092E3C38297388826A1D02FE300,4,0,7,0,1,osmo1k0y3gz36knu25tc57svgxwvp6fypzku5s9ha9s,genesis1k0y3gz36knu25tc57svgxwvp6fypzku5xhsmhh,10999869999999870000,ibc/F16FDC11A7662B86BC0B9CE61871CBACF7C20606F95E86260FD38915184B75B4,transfer/channel-253/el1,,channel-253,channel-1,connection-1539,284,1.717581803356276E9
4779385|1|2|0|7|1,1.655469546769E9,4779385,block_result,1,0097B1E482D0A4DBB5DA54C3DD17C9FA841E5DAD02B6C4C3E016D9E73C297FA0,2,0,7,0,1,osmo1p4wp9fy4kamsd7acz99w042xkgthyz40p2hcc6,genesis1p4wp9fy4kamsd7acz99w042xkgthyz40hcs72a,10999869999999870000,ibc/F16FDC11A7662B86BC0B9CE61871CBACF7C20606F95E86260FD38915184B75B4,transfer/channel-253/el1,,channel-253,channel-1,connection-1539,285,1.7175818011607E9
4779392|1|3|0|7|1,1.65546959049E9,4779392,block_result,1,44A824D945DA86F9C6D6C59B57A3D03D59B18F01F144DFB77154B1183C0C8712,3,0,7,0,1,osmo1psnx9kds82xjak2uuctwr8emqsfwpy5ws4yynh,genesis1psnx9kds82xjak2uuctwr8emqsfwpy5wx8rzps,10999869999999870000,ibc/F16FDC11A7662B86BC0B9CE61871CBACF7C20606F95E86260FD38915184B75B4,transfer/channel-253/el1,,channel-253,channel-1,connection-1539,286,1.717581801832604E9
4780717|1|3|0|7|1,1.655477948017E9,4780717,block_result,1,BBFA8CA1923FCB04D37CEC95DB8E2B4BA55E9C15CB8EBB393AC93D27E3EACF78,3,0,7,0,1,osmo1pwndz63p9clj6zeckvu7wnkp48uyzv5kptx98q,genesis1pwndz63p9clj6zeckvu7wnkp48uyzv5khepr48,10999869999999870000,ibc/F16FDC11A7662B86BC0B9CE61871CBACF7C20606F95E86260FD38915184B75B4,transfer/channel-253/el1,,channel-253,channel-1,connection-1539,295,1.717603315501872E9
4779429|1|10|0|7|1,1.655469826331E9,4779429,block_result,1,3865B541B5E63A666E79C567E5ADD176C74C01389330D7379892ED4A382F8D09,10,0,7,0,1,osmo1px3zpahc6g0vjuve2ztcnrpx2mldnztyqsxrxk,genesis1px3zpahc6g0vjuve2ztcnrpx2mldnztykzp953,10999869999999870000,ibc/F16FDC11A7662B86BC0B9CE61871CBACF7C20606F95E86260FD38915184B75B4,transfer/channel-253/el1,,channel-253,channel-1,connection-1539,290,1.717581799762187E9
4783610|1|16|0|7|1,1.655496674485E9,4783610,block_result,1,2D030BE97A5E44080AAC4AC55E6212A568EA2C0ED717DE010C4A8934FAA19730,16,0,7,0,1,osmo1s2na45xg29ssny3al029jefu6xrj0yrrg8rugr,genesis1s2na45xg29ssny3al029jefu6xrj0yrr74y66y,10999869999999870000,ibc/F16FDC11A7662B86BC0B9CE61871CBACF7C20606F95E86260FD38915184B75B4,transfer/channel-253/el1,,channel-253,channel-1,connection-1539,296,1.717582173300594E9
4779407|1|2|0|7|1,1.655469689106E9,4779407,block_result,1,F7C280689EEEDC743BF37483E0736821D4647CBFC625F952E66C6161F23C8387,2,0,7,0,1,osmo1tctusz3svjsce6tu82gwt35ang3z74ywth9u6p,genesis1tctusz3svjsce6tu82gwt35ang3z74ywa9z6gx,10999869999999870000,ibc/F16FDC11A7662B86BC0B9CE61871CBACF7C20606F95E86260FD38915184B75B4,transfer/channel-253/el1,,channel-253,channel-1,connection-1539,287,1.717581800915552E9
4778200|1|0|0|7|1,1.655462100575E9,4778200,block_result,1,0DFD710A706F0F38D92D4AEA0161BC962B48717C93EEAF29791530679EE9E21D,0,0,7,0,1,osmo1uzjcun76q4dr0wy20ypu6ckcy3f4jdk2vhkmcv,genesis1uzjcun76q4dr0wy20ypu6ckcy3f4jdk2693a2t,100000000000000000,ibc/F16FDC11A7662B86BC0B9CE61871CBACF7C20606F95E86260FD38915184B75B4,transfer/channel-253/el1,,channel-253,channel-1,connection-1539,280,1.717581814339078E9
4772957|1|11|0|7|1,1.655429185897E9,4772957,block_result,1,3FD5BC1C9C87C79C2696989E9BF835CC1F14DB8E91AEC132270FDCB726505A54,11,0,7,0,1,osmo1xxd3a4z94mj6l4z48j9qe3afjdcgg49u8r863p,genesis1xxd3a4z94mj6l4z48j9qe3afjdcgg49u33qurx,10999869999999870000,ibc/F16FDC11A7662B86BC0B9CE61871CBACF7C20606F95E86260FD38915184B75B4,transfer/channel-253/el1,,channel-253,channel-1,connection-1539,279,1.717603444048899E9
14261549|1|1|0|9|1,1.710236066153E9,14261549,block_result,1,778310ECA0394EC5533DFCAE94A874F7974497E81CFA625E49F3051FDB1599F0,1,0,9,0,1,osmo1cd00477kc8yxny77rs7jpspw8uvczclmaqp3vr,genesis1cd00477kc8yxny77rs7jpspw8uvczclmtjxh7y,2000000000000000000,ibc/F16FDC11A7662B86BC0B9CE61871CBACF7C20606F95E86260FD38915184B75B4,transfer/channel-253/el1,,channel-253,channel-1,connection-1539,1253,1.717037217400033E9
14261473|1|4|0|9|1,1.710235690794E9,14261473,block_result,1,3F0AAC25F6923F401E2E6FF0853661D21F3CDE13F7C41BD483C7283DAB68FE7D,4,0,9,0,1,osmo1cd00477kc8yxny77rs7jpspw8uvczclmaqp3vr,genesis1cd00477kc8yxny77rs7jpspw8uvczclmtjxh7y,1000000000000000000,ibc/F16FDC11A7662B86BC0B9CE61871CBACF7C20606F95E86260FD38915184B75B4,transfer/channel-253/el1,,channel-253,channel-1,connection-1539,1252,1.717037224680155E9
14267676|1|17|0|9|1,1.710266503669E9,14267676,block_result,1,448DFE9A8874813B3C8EFF783D794A5850F1016E2525BDB35D93F367C34ACFEC,17,0,9,0,1,osmo1nqc9lk9tr472jxa9gxvxlamxnr67vcvp0l8mnz,genesis1nqc9lk9tr472jxa9gxvxlamxnr67vcvpedqap9,2468471559394343258,ibc/F16FDC11A7662B86BC0B9CE61871CBACF7C20606F95E86260FD38915184B75B4,transfer/channel-253/el1,,channel-253,channel-1,connection-1539,1254,1.717044548207839E9
14268463|1|3|0|9|1,1.710270373866E9,14268463,block_result,1,39412172078540175B8181DD100858893B219170617157A5695A60E001F7834C,3,0,9,0,1,osmo1uzvprlh5t4ne6zhlnz8q2kkdsh7sq8xgv38xgr,genesis1uzvprlh5t4ne6zhlnz8q2kkdsh7sq8xg6rqq6y,12522992780000000000,ibc/F16FDC11A7662B86BC0B9CE61871CBACF7C20606F95E86260FD38915184B75B4,transfer/channel-253/el1,,channel-253,channel-1,connection-1539,1255,1.717044541931485E9
4681967|1|15|0|7|1,1.654455952496E9,4681967,block_result,1,E2597DFC62B1C206B78E6790900E76EB58A8DDCF21ECF6C99F2525857FDF9C63,15,0,7,0,1,osmo148ncfd3ymxcrqu034rdehpprguz65cfwvvf3qq,genesis148ncfd3ymxcrqu034rdehpprguz65cfw67whj8,11000000000000000000,ibc/F16FDC11A7662B86BC0B9CE61871CBACF7C20606F95E86260FD38915184B75B4,transfer/channel-253/el1,,channel-253,channel-1,connection-1539,17,1.717584991824346E9
4682009|1|15|0|7|1,1.654456223583E9,4682009,block_result,1,D79993CB7CA0F578E7E35B10CBD2FFDC5EEF782E72651DE5BEE0830E2E3CBEA4,15,0,7,0,1,osmo148ncfd3ymxcrqu034rdehpprguz65cfwvvf3qq,genesis148ncfd3ymxcrqu034rdehpprguz65cfw67whj8,11000739999999870000,ibc/F16FDC11A7662B86BC0B9CE61871CBACF7C20606F95E86260FD38915184B75B4,transfer/channel-253/el1,,channel-253,channel-1,connection-1539,22,1.71758498013994E9
4677343|1|2|0|7|1,1.654425885905E9,4677343,block_result,1,FE278958245CCF05E5F837810F8D42FC1C02F52CF48C4C363B54CFBAA8169B79,2,0,7,0,1,osmo14cn56z5lsm5yly5x8qew5r7k94dchy6gf48upg,genesis14cn56z5lsm5yly5x8qew5r7k94dchy6gl8q6n0,1000000000000000000,ibc/F16FDC11A7662B86BC0B9CE61871CBACF7C20606F95E86260FD38915184B75B4,transfer/channel-253/el1,,channel-253,channel-1,connection-1539,12,1.717607596738314E9
4677352|1|11|0|7|1,1.654425942322E9,4677352,block_result,1,9B0EBC3401BD19CFA9C3E9A0E09B9F8FD167B4E30925E5C403057F9CD47E2265,11,0,7,0,1,osmo14cn56z5lsm5yly5x8qew5r7k94dchy6gf48upg,genesis14cn56z5lsm5yly5x8qew5r7k94dchy6gl8q6n0,197000000000000000000,ibc/F16FDC11A7662B86BC0B9CE61871CBACF7C20606F95E86260FD38915184B75B4,transfer/channel-253/el1,,channel-253,channel-1,connection-1539,13,1.717607596796686E9
4681994|1|18|0|7|1,1.654456126748E9,4681994,block_result,1,B8286AB00CC10831A86564FAB6ECD6ABF68A8E87055BC2512984980177AF42F3,18,0,7,0,1,osmo15md4wkfqux35ak5rh2409yk3gx8l4y5syxea0j,genesis15md4wkfqux35ak5rh2409yk3gx8l4y5sj57ma4,10999869999999870000,ibc/F16FDC11A7662B86BC0B9CE61871CBACF7C20606F95E86260FD38915184B75B4,transfer/channel-253/el1,,channel-253,channel-1,connection-1539,20,1.71758497960357E9
4682055|1|5|0|7|1,1.654456523316E9,4682055,block_result,1,5A4EFA1C4D4498FF2F3AD7CBF8EDD77A0E64434082425E33464512CC5F37F202,5,0,7,0,1,osmo18gcjmx5s7wacn07y906tjhpr6u54tqheftfgag,genesis18gcjmx5s7wacn07y906tjhpr6u54tqheleww00,10999869999999870000,ibc/F16FDC11A7662B86BC0B9CE61871CBACF7C20606F95E86260FD38915184B75B4,transfer/channel-253/el1,,channel-253,channel-1,connection-1539,23,1.717584960608847E9
4683753|1|6|0|7|1,1.654467478347E9,4683753,block_result,1,1A68A8794213CE1446D77BA4273327BB70E70A129F4723BB3519788B98F49E94,6,0,7,0,1,osmo1an7untm0j46parl25rymd3pewmqpycvk2sn48k,genesis1an7untm0j46parl25rymd3pewmqpycvkuz5n43,10000000000000000000,ibc/F16FDC11A7662B86BC0B9CE61871CBACF7C20606F95E86260FD38915184B75B4,transfer/channel-253/el1,,channel-253,channel-1,connection-1539,25,1.717585204376439E9
4676103|1|3|0|7|1,1.654417952129E9,4676103,block_result,1,E0D0CD99AACE215E132C7D817AAAEA75DED4FB073CE208CF1046031CE0E149EC,3,0,7,0,1,osmo1jf7u589sr24ae47stkfl93t5xkjut3sr5ml2r9,genesis1jf7u589sr24ae47stkfl93t5xkjut3srzfcv3z,10999869999999870000,ibc/F16FDC11A7662B86BC0B9CE61871CBACF7C20606F95E86260FD38915184B75B4,transfer/channel-253/el1,,channel-253,channel-1,connection-1539,11,1.717585382549538E9
4674513|1|0|0|7|1,1.654407801212E9,4674513,block_result,1,877D8EA60B676C758B9B00F8F9FE8DE1A8D6FD7A731C8144E7920B4268D02690,0,0,7,0,1,osmo1l02m8ug9cdm5s9p4qntt82ykjgkpyuw9u260yp,genesis1l02m8ug9cdm5s9p4qntt82ykjgkpyuw92cafkx,10000000000000000000,ibc/F16FDC11A7662B86BC0B9CE61871CBACF7C20606F95E86260FD38915184B75B4,transfer/channel-253/el1,,channel-253,channel-1,connection-1539,9,1.717607607718462E9
4673390|1|11|0|7|1,1.654400648829E9,4673390,block_result,1,202625CDC56B8579D6428B066DF76A7EC47A58FB889A38C3DF7CA4377902431D,11,0,7,0,1,osmo1lh6ruf253fhjykdesvfccy0y0vhjque4qfu5ej,genesis1lh6ruf253fhjykdesvfccy0y0vhjque4kmmjt4,10900000000000000000,ibc/F16FDC11A7662B86BC0B9CE61871CBACF7C20606F95E86260FD38915184B75B4,transfer/channel-253/el1,,channel-253,channel-1,connection-1539,7,1.717586523289383E9
4680518|1|4|0|7|1,1.654446266173E9,4680518,block_result,1,CEFF19CB334A5A8B2CC185549945773CE982CF97328D9803CEA52FE0DF4CFAB3,4,0,7,0,1,osmo1p4e3j0n6zqachdh7zmrydxpg6ke8x6kasl5j2n,genesis1p4e3j0n6zqachdh7zmrydxpg6ke8x6kaxdn5c5,10999869999999870000,ibc/F16FDC11A7662B86BC0B9CE61871CBACF7C20606F95E86260FD38915184B75B4,transfer/channel-253/el1,,channel-253,channel-1,connection-1539,14,1.71760752770983E9
4681682|1|10|0|7|1,1.654454130458E9,4681682,block_result,1,C28A4CE788E263F7EF657765A9F327FACF6362FF8EDC45BDA866EC79D6037C10,10,0,7,0,1,osmo1rdcu08fnxnz74gadksvq7ajyqxratcqkw9rpcq,genesis1rdcu08fnxnz74gadksvq7ajyqxratcqkchy828,1000000000000000000,ibc/F16FDC11A7662B86BC0B9CE61871CBACF7C20606F95E86260FD38915184B75B4,transfer/channel-253/el1,,channel-253,channel-1,connection-1539,16,1.717607319380955E9
4674383|1|5|0|7|1,1.654406968864E9,4674383,block_result,1,0386AADDB764C37DB577C677BE9CF37A9F0F2A78AD0475969669CDB20A2F9963,5,0,7,0,1,osmo1sz7frgu4gx428af2ky3jkhqjn5snf4lw5e3fc3,genesis1sz7frgu4gx428af2ky3jkhqjn5snf4lwztk02k,10999869999999870000,ibc/F16FDC11A7662B86BC0B9CE61871CBACF7C20606F95E86260FD38915184B75B4,transfer/channel-253/el1,,channel-253,channel-1,connection-1539,8,1.717607081981381E9
4682006|1|14|0|7|1,1.654456204262E9,4682006,block_result,1,D4146B4D6F0929FE3B478877D582F4D06C8BB149D82F9AD414FDCB71311F0A99,14,0,7,0,1,osmo1vjmc7sjhjx2crn8gq8tpnjp9xfzmj77gvuswq4,genesis1vjmc7sjhjx2crn8gq8tpnjp9xfzmj77g6whgjj,10999869999999870000,ibc/F16FDC11A7662B86BC0B9CE61871CBACF7C20606F95E86260FD38915184B75B4,transfer/channel-253/el1,,channel-253,channel-1,connection-1539,21,1.717584986240984E9
4681974|1|5|0|7|1,1.654455998051E9,4681974,block_result,1,E7229880BAAE22E584D4761C0FE87B23805178349AFE7492397ABC6E4C9A5AA6,5,0,7,0,1,osmo1w9vguhuwn2pa5q74zjx5xgpndkq8efks27fam5,genesis1w9vguhuwn2pa5q74zjx5xgpndkq8efksuvwmfn,10999869999999870000,ibc/F16FDC11A7662B86BC0B9CE61871CBACF7C20606F95E86260FD38915184B75B4,transfer/channel-253/el1,,channel-253,channel-1,connection-1539,19,1.717585061893844E9
4676052|1|0|0|7|1,1.654417620852E9,4676052,block_result,1,6B3F634D8ACBDEC276B0D12A9F8A95388F126CD04DE3048144E2B4EC9A501500,0,0,7,0,1,osmo1xc8nvj9wrkrvcye0kku48tv4tzl0nx4qapsuws,genesis1xc8nvj9wrkrvcye0kku48tv4tzl0nx4qtnh6uh,10000000000000000000,ibc/F16FDC11A7662B86BC0B9CE61871CBACF7C20606F95E86260FD38915184B75B4,transfer/channel-253/el1,,channel-253,channel-1,connection-1539,10,1.717585389140478E9
4681523|1|3|0|7|1,1.65445310085E9,4681523,block_result,1,07306079177A6515B59A92A926B3FBF7832B952C07DB832C2D6D4B079433A913,3,0,7,0,1,osmo1xypexyphk0zspgrmdn2uc2f5elqdtj480y0cdw,genesis1xypexyphk0zspgrmdn2uc2f5elqdtj48ekg7lf,10800000000000000000,ibc/F16FDC11A7662B86BC0B9CE61871CBACF7C20606F95E86260FD38915184B75B4,transfer/channel-253/el1,,channel-253,channel-1,connection-1539,15,1.717607336816807E9
6301819|1|0|0|7|1,1.664926489313E9,6301819,block_result,1,EC9DE2E9E8B0EA188B7062EEDDE54DB3B694B092368892BB936EA8EB6E5F8D8E,0,0,7,0,1,osmo17gl6er5798z79ckqv99kz8an2dryl5n5ak95dj,genesis17gl6er5798z79ckqv99kz8an2dryl5n5tyzjl4,11000000000000000000,ibc/F16FDC11A7662B86BC0B9CE61871CBACF7C20606F95E86260FD38915184B75B4,transfer/channel-253/el1,,channel-253,channel-1,connection-1539,894,1.71752144355675E9
6289413|1|6|0|7|1,1.664850016927E9,6289413,block_result,1,EF3700788BAFDF006E0C701D74E2DD25C4648612AEA3143338DD90F876AEC229,6,0,7,0,1,osmo1jgcpfh7ft5y8wch47nasuwx5gkmgfkurj2ap3l,genesis1jgcpfh7ft5y8wch47nasuwx5gkmgfkuryc68rc,10999869999999870000,ibc/F16FDC11A7662B86BC0B9CE61871CBACF7C20606F95E86260FD38915184B75B4,transfer/channel-253/el1,,channel-253,channel-1,connection-1539,893,1.717521600818061E9
4654809|1|15|0|7|1,1.654281044628E9,4654809,block_result,1,7F7FFA82FF1E823E0F9AB0A7A913A79BCE69F1BF251C7350B99B1ECB850ED5D0,15,0,7,0,1,osmo1au342rrkx42rzz32k3tj23e9h76fxqfww524u0,genesis1au342rrkx42rzz32k3tj23e9h76fxqfwcxdnwg,500000000000000000,ibc/F16FDC11A7662B86BC0B9CE61871CBACF7C20606F95E86260FD38915184B75B4,transfer/channel-253/el1,,channel-253,channel-1,connection-1539,2,1.717609486265287E9
4655773|1|12|0|7|1,1.654287341822E9,4655773,block_result,1,A3823660B7F2F6D085E28633BF9DE3FE750CA9945B791CBA489E6A15F074A5BB,12,0,7,0,1,osmo1gzw93kttk9nl7x9qc6d437h7c2fzv9wkkevfsl,genesis1gzw93kttk9nl7x9qc6d437h7c2fzv9wkqtt0zc,10999869999999870000,ibc/F16FDC11A7662B86BC0B9CE61871CBACF7C20606F95E86260FD38915184B75B4,transfer/channel-253/el1,,channel-253,channel-1,connection-1539,5,1.717609548134871E9
4655600|1|18|0|7|1,1.654286218502E9,4655600,block_result,1,E76788D44FA2D4BDE9231ACFBCBFEBAC895EABE7F7E2ED9234BF6F4803A577E5,18,0,7,0,1,osmo1rsntu55zwhlhcfghh2wtzsxkr67qszupwkhvct,genesis1rsntu55zwhlhcfghh2wtzsxkr67qszupcys22v,32999579999999870000,ibc/F16FDC11A7662B86BC0B9CE61871CBACF7C20606F95E86260FD38915184B75B4,transfer/channel-253/el1,,channel-253,channel-1,connection-1539,4,1.717609267842101E9
14899746|1|15|0|9|1,1.713072142053E9,14899746,block_result,1,AE63D5D41C69AF303FB05DA2518942A891CBE31230F793E1255DDF34F93B39A9,15,0,9,0,1,osmo16aypymlama0lk5s8c9s30s09eacpvwnav7ewjv,genesis16aypymlama0lk5s8c9s30s09eacpvwna6v7gqt,6766991566412784472343,ibc/F16FDC11A7662B86BC0B9CE61871CBACF7C20606F95E86260FD38915184B75B4,transfer/channel-253/el1,,channel-253,channel-1,connection-1539,1327,1.717013268314605E9
15973120|1|1|0|9|1,1.71641857139E9,15973120,block_result,1,3DCA9F15256FFEBB1170F347B8EC83C1D542BFC0177CF6E28C7BB1CB4532FBCB,1,0,9,0,1,osmo182lpnqqq0umc07hut7xp7j23k32ss3pa9pltx0,genesis182lpnqqq0umc07hut7xp7j23k32ss3panncd5g,62312000000000000000000,ibc/F16FDC11A7662B86BC0B9CE61871CBACF7C20606F95E86260FD38915184B75B4,transfer/channel-253/el1,,channel-253,channel-1,connection-1539,1357,1.716987312112035E9
14830918|1|14|0|9|1,1.712857480613E9,14830918,block_result,1,5948738F57BB577FD7FED02E821B38B2897D8A0F99A91D8BC3B255687A8A325D,14,0,9,0,1,osmo1cw4dgpr52nv2sc9nu9fhe9n7ytrerj53tmcgj6,genesis1cw4dgpr52nv2sc9nu9fhe9n7ytrerj53aflwqa,26443537173097971964,ibc/F16FDC11A7662B86BC0B9CE61871CBACF7C20606F95E86260FD38915184B75B4,transfer/channel-253/el1,,channel-253,channel-1,connection-1539,1326,1.717025534223387E9
14830783|1|8|0|9|1,1.71285696126E9,14830783,block_result,1,06AE76753E18D7BDEA563810B12C1A6B9A4E774FE6A821D313DD90839D41995A,8,0,9,0,1,osmo1cw4dgpr52nv2sc9nu9fhe9n7ytrerj53tmcgj6,genesis1cw4dgpr52nv2sc9nu9fhe9n7ytrerj53aflwqa,1000000000000000000,ibc/F16FDC11A7662B86BC0B9CE61871CBACF7C20606F95E86260FD38915184B75B4,transfer/channel-253/el1,,channel-253,channel-1,connection-1539,1325,1.717025534816758E9
15133352|1|0|0|9|1,1.713810905203E9,15133352,block_result,1,9A7390708E34F66DAD94117AE2863CC255109CF7E6AC03F46546992A8A8D97EE,0,0,9,0,1,osmo16aypymlama0lk5s8c9s30s09eacpvwnav7ewjv,genesis16aypymlama0lk5s8c9s30s09eacpvwna6v7gqt,2735908190785417893288,ibc/F16FDC11A7662B86BC0B9CE61871CBACF7C20606F95E86260FD38915184B75B4,transfer/channel-253/el1,,channel-253,channel-1,connection-1539,1331,1.716998389450385E9
15114212|1|4|0|9|1,1.713750012963E9,15114212,block_result,1,56220F12D0BB18737FA75105B94F1A8532CBDC4859F87F8E606DB8F481C7FF1F,4,0,9,0,1,osmo1qly96sy3yklkwv6cf4he5ves4qu8yn58jnqsyy,genesis1qly96sy3yklkwv6cf4he5ves4qu8yn58yp8kkr,35725642245657150112,ibc/F16FDC11A7662B86BC0B9CE61871CBACF7C20606F95E86260FD38915184B75B4,transfer/channel-253/el1,,channel-253,channel-1,connection-1539,1330,1.717009088809675E9
15134467|1|6|0|9|1,1.713814448723E9,15134467,block_result,1,D3C0A0E7F858F5168DCF6283B22A7F42297E7B5D1682855C94463A1599CECC7E,6,0,9,0,1,osmo1qly96sy3yklkwv6cf4he5ves4qu8yn58jnqsyy,genesis1qly96sy3yklkwv6cf4he5ves4qu8yn58yp8kkr,100000000000000000000,ibc/F16FDC11A7662B86BC0B9CE61871CBACF7C20606F95E86260FD38915184B75B4,transfer/channel-253/el1,,channel-253,channel-1,connection-1539,1332,1.717017915272886E9
6149157|1|16|0|7|1,1.663966696737E9,6149157,block_result,1,D28CE87EE684639DEE8ED0F9B020C0F56298C014AD375B7D17C479ACCAE8137A,16,0,7,0,1,osmo1pwndz63p9clj6zeckvu7wnkp48uyzv5kptx98q,genesis1pwndz63p9clj6zeckvu7wnkp48uyzv5khepr48,10999739999999870000,ibc/F16FDC11A7662B86BC0B9CE61871CBACF7C20606F95E86260FD38915184B75B4,transfer/channel-253/el1,,channel-253,channel-1,connection-1539,846,1.717536520065592E9
6144151|1|2|0|7|1,1.663935835191E9,6144151,block_result,1,3C21C08C9FF3B206F4C3887CA261CF03F23A33F60E577A7D52015F6AF3A7A897,2,0,7,0,1,osmo1yp97lt0y483gv5m6f7kdu7x2arv8ka6hhlgcvt,genesis1yp97lt0y483gv5m6f7kdu7x2arv8ka6hpd077v,89462677014894557692,ibc/F16FDC11A7662B86BC0B9CE61871CBACF7C20606F95E86260FD38915184B75B4,transfer/channel-253/el1,,channel-253,channel-1,connection-1539,845,1.717536777855667E9
6485267|1|34|0|7|1,1.666028410176E9,6485267,block_result,1,AFCAECBC67BF66606CC688AB1F159AA01917C73E1D4BC4AFD49B76D2527D0B5B,34,0,7,0,1,osmo17sa6k9rescfn0mgk0cx4spye3dqy4nq7jx5y3m,genesis1g0ezv8rz38psvuguy2w5rgngpkk3cyxuhtzz6j,11036660644069428604,ibc/F16FDC11A7662B86BC0B9CE61871CBACF7C20606F95E86260FD38915184B75B4,transfer/channel-253/el1,,channel-253,channel-1,connection-1539,945,1.717525326335014E9
6487060|1|38|0|7|1,1.666039137092E9,6487060,block_result,1,EC076142D2641150ED3B9BD0A2CDC32FACC6FFB3683685769A47E8BADC2D7BC5,38,0,7,0,1,osmo1m234dnn4huwga92r44f23xmu03qa90xm5sktyu,genesis1m234dnn4huwga92r44f23xmu03qa90xmzz3dkm,100250000000000000000,ibc/F16FDC11A7662B86BC0B9CE61871CBACF7C20606F95E86260FD38915184B75B4,transfer/channel-253/el1,,channel-253,channel-1,connection-1539,946,1.717516026538325E9
6476809|1|0|0|7|1,1.665977860577E9,6476809,block_result,1,1812BC2A36C594115BCEB922B993356BFD9EEEFFCBEC375BDFF34C716F2DCE0F,0,0,7,0,1,osmo1nznklw6xshthah6ktu9v29250agcuwjvm927nt,genesis1nznklw6xshthah6ktu9v29250agcuwjvdhdcpv,16000000000000000000,ibc/F16FDC11A7662B86BC0B9CE61871CBACF7C20606F95E86260FD38915184B75B4,transfer/channel-253/el1,,channel-253,channel-1,connection-1539,940,1.717516085577677E9
6480717|1|1|0|7|1,1.666000926412E9,6480717,block_result,1,85AADA1C3F767CDE634F8A503EBB462292693AFD31D1A2F3CFFA5F3A779724EF,1,0,7,0,1,osmo16aypymlama0lk5s8c9s30s09eacpvwnav7ewjv,genesis1pwm4663s29cgtqkaacckdlxefcj4zuw8kka8ru,100000000000000000000,ibc/F16FDC11A7662B86BC0B9CE61871CBACF7C20606F95E86260FD38915184B75B4,transfer/channel-253/el1,,channel-253,channel-1,connection-1539,941,1.717525345751884E9
6481470|1|1|0|7|1,1.6660053924E9,6481470,block_result,1,A47F46CA81757EF2F4A3BCCA74D73D9A7CD7DA0D41867D7097F31EF1766CF14E,1,0,7,0,1,osmo16aypymlama0lk5s8c9s30s09eacpvwnav7ewjv,genesis1pwm4663s29cgtqkaacckdlxefcj4zuw8kka8ru,110000000000000000000,ibc/F16FDC11A7662B86BC0B9CE61871CBACF7C20606F95E86260FD38915184B75B4,transfer/channel-253/el1,,channel-253,channel-1,connection-1539,944,1.717516063277112E9
6481448|1|2|0|7|1,1.666005262344E9,6481448,block_result,1,C7253A9092CBC8DA7DCE5B495B45E0862D77B2224C9E5AE5A632CA502BE40E3D,2,0,7,0,1,osmo16aypymlama0lk5s8c9s30s09eacpvwnav7ewjv,genesis19me6z3zfukkp368nfd82qf60ugegrw583m4xmx,120000000000000000000,ibc/F16FDC11A7662B86BC0B9CE61871CBACF7C20606F95E86260FD38915184B75B4,transfer/channel-253/el1,,channel-253,channel-1,connection-1539,943,1.717516063271909E9
6487423|1|2|0|7|1,1.666041299896E9,6487423,block_result,1,A3217754EE9214D14F2B3A460A81A2199447402393F131691622794E7378E1C9,2,0,7,0,1,osmo1u26l6ky9nsyw8ltryd3cwq82tnfx8z62j0xgav,genesis1u26l6ky9nsyw8ltryd3cwq82tnfx8z62yapw0t,2000000000000000000,ibc/F16FDC11A7662B86BC0B9CE61871CBACF7C20606F95E86260FD38915184B75B4,transfer/channel-253/el1,,channel-253,channel-1,connection-1539,950,1.717525222329813E9
6487182|1|5|0|7|1,1.666039865605E9,6487182,block_result,1,DBFC135FF9CEBBA5B71945583F79FEBF4A9EB07F85A3503334280A8237BC31C7,5,0,7,0,1,osmo1hv4rlv94dwwsj3z7l6muye6ndmup0hta7a4v3p,genesis1hv4rlv94dwwsj3z7l6muye6ndmup0htag0j2rx,1000000000000000000,ibc/F16FDC11A7662B86BC0B9CE61871CBACF7C20606F95E86260FD38915184B75B4,transfer/channel-253/el1,,channel-253,channel-1,connection-1539,947,1.717516129655148E9
6487210|1|6|0|7|1,1.666040036367E9,6487210,block_result,1,B993BAAA105F563D65FEC099E884E81E3CAA3EC765EAB5A4CFB5A37D2DAD518C,6,0,7,0,1,osmo12szrq92s6unv0hxtqvl6ffu076qv5l0dpwry7q,genesis12szrq92s6unv0hxtqvl6ffu076qv5l0dhuyzv8,5427077620802751453,ibc/F16FDC11A7662B86BC0B9CE61871CBACF7C20606F95E86260FD38915184B75B4,transfer/channel-253/el1,,channel-253,channel-1,connection-1539,948,1.717516042036979E9
6474725|1|14|0|7|1,1.665965578489E9,6474725,block_result,1,12F71BC9D9F047B149ED4B88E1B3F0BBB1CD2B47EF0C06621BFF3016EC2A0424,14,0,7,0,1,osmo1hqyr7t0shsqfl303cp7ea03fs2lfc5npavgtx7,genesis1hqyr7t0shsqfl303cp7ea03fs2lfc5npt70d5e,10000000000000000,ibc/F16FDC11A7662B86BC0B9CE61871CBACF7C20606F95E86260FD38915184B75B4,transfer/channel-253/el1,,channel-253,channel-1,connection-1539,939,1.717516113373227E9
6487314|1|27|0|7|1,1.666040654831E9,6487314,block_result,1,D179A38ACDEEEE843F7DC7024BE2CDC13C8762134FDF40F11FB51E6AB611C50C,27,0,7,0,1,osmo1u26l6ky9nsyw8ltryd3cwq82tnfx8z62j0xgav,genesis1dk4803px8e6ww3w2n3xcu2g72l5fj884walv9j,1000000000000000000,ibc/F16FDC11A7662B86BC0B9CE61871CBACF7C20606F95E86260FD38915184B75B4,transfer/channel-253/el1,,channel-253,channel-1,connection-1539,949,1.717516058742223E9
6481131|1|33|0|7|1,1.66600338629E9,6481131,block_result,1,205BDD3CDE95E4B2108C509546DA6B0B8971ED06D92A357E653BA99962704BD9,33,0,7,0,1,osmo16aypymlama0lk5s8c9s30s09eacpvwnav7ewjv,genesis1ev2xjeuf6gszl2szhq7fxefuqknqcxn90mz6r5,120000000000000000000,ibc/F16FDC11A7662B86BC0B9CE61871CBACF7C20606F95E86260FD38915184B75B4,transfer/channel-253/el1,,channel-253,channel-1,connection-1539,942,1.717525140042142E9
6881735|1|30|0|7|1,1.668391496933E9,6881735,block_result,1,2E3DBA23001E0FD87854B5CCAFA7AAF8B165CBED3583D089B1568BC7FEF1DE02,30,0,7,0,1,osmo13fa30qkwv25gqj2vkc7wystdlfavvwgapm68gh,genesis13fa30qkwv25gqj2vkc7wystdlfavvwgahfap6s,11000869999999870000,ibc/F16FDC11A7662B86BC0B9CE61871CBACF7C20606F95E86260FD38915184B75B4,transfer/channel-253/el1,,channel-253,channel-1,connection-1539,1026,1.717514882704143E9
6890727|1|33|0|7|1,1.668444446677E9,6890727,block_result,1,19BFC81CAC3C07DFCB51A6266816217FE7584C02DBAC1BEC783436C41FC8A059,33,0,7,0,1,osmo1938qljjfgdzm2pwef4v9894k6vg6ymegk3fs7z,genesis1938qljjfgdzm2pwef4v9894k6vg6ymegqrwkv9,10999869999999870000,ibc/F16FDC11A7662B86BC0B9CE61871CBACF7C20606F95E86260FD38915184B75B4,transfer/channel-253/el1,,channel-253,channel-1,connection-1539,1028,1.71751484463564E9
6889380|1|1|0|7|1,1.668436515686E9,6889380,block_result,1,8E8ED3965BC8540BDF724F806756B4E67F8F60F26B4FF200771A05B3F7A8857D,1,0,7,0,1,osmo1zlnj7v8p37ypdjph8gqxva4w4ptl95g93swhgf,genesis1zlnj7v8p37ypdjph8gqxva4w4ptl95g98zf36w,14100338330911915675,ibc/F16FDC11A7662B86BC0B9CE61871CBACF7C20606F95E86260FD38915184B75B4,transfer/channel-253/el1,,channel-253,channel-1,connection-1539,1027,1.7175044444683E9
5870268|1|27|0|7|1,1.6622565678E9,5870268,block_result,1,300EB1D0DDA294A86B6CA90E112E47931A57B74B8B893D4EE1FC22D45CDC1BC4,27,0,7,0,1,osmo17gl6er5798z79ckqv99kz8an2dryl5n5ak95dj,genesis17gl6er5798z79ckqv99kz8an2dryl5n5tyzjl4,11000000000000000000,ibc/F16FDC11A7662B86BC0B9CE61871CBACF7C20606F95E86260FD38915184B75B4,transfer/channel-253/el1,,channel-253,channel-1,connection-1539,767,1.717544525336484E9
5871177|1|11|0|7|1,1.662262145244E9,5871177,block_result,1,BB773A962106DFC76ED024E84BCBF4770BDA4431D41D10824DCFE0441118F879,11,0,7,0,1,osmo1p59gee55s8gu5j05ejxvr56elv2pewtvl35lzt,genesis1p59gee55s8gu5j05ejxvr56elv2pewtvfrnesv,201887855018748166756,ibc/F16FDC11A7662B86BC0B9CE61871CBACF7C20606F95E86260FD38915184B75B4,transfer/channel-253/el1,,channel-253,channel-1,connection-1539,768,1.717544528775083E9
5878578|1|10|0|7|1,1.66230744372E9,5878578,block_result,1,2935527CF0C286D31851AE5236AF7021C038627B10A0155443FB4E809CFE1A4E,10,0,7,0,1,osmo17gl6er5798z79ckqv99kz8an2dryl5n5ak95dj,genesis17gl6er5798z79ckqv99kz8an2dryl5n5tyzjl4,20000000000000000000,ibc/F16FDC11A7662B86BC0B9CE61871CBACF7C20606F95E86260FD38915184B75B4,transfer/channel-253/el1,,channel-253,channel-1,connection-1539,769,1.717544343023178E9
5880338|1|5|0|7|1,1.662318705259E9,5880338,block_result,1,D9C448E7ED520594504D8021BFF46A446F44DA4E44E90123DAE37949F61BA834,5,0,7,0,1,osmo1h5shnh6dnjtalh84cxl04taa2klvkz5fg6fjr7,genesis1h5shnh6dnjtalh84cxl04taa2klvkz5f7gw53e,3411396330376041296,ibc/F16FDC11A7662B86BC0B9CE61871CBACF7C20606F95E86260FD38915184B75B4,transfer/channel-253/el1,,channel-253,channel-1,connection-1539,770,1.717544282470005E9
5881825|1|1|0|7|1,1.662327875942E9,5881825,block_result,1,3864739CCCBC44BD43FD9A88CE1823D850F65B94AF06DA781A1BFB84AA0D77F2,1,0,7,0,1,osmo1r0z9zlsxa8cvks808jce8gqnaf6lw7lk79khpq,genesis1r0z9zlsxa8cvks808jce8gqnaf6lw7lkgh33n8,10000000000000000000,ibc/F16FDC11A7662B86BC0B9CE61871CBACF7C20606F95E86260FD38915184B75B4,transfer/channel-253/el1,,channel-253,channel-1,connection-1539,771,1.717538035022852E9
16701755|1|6|0|9|1,1.71827106489E9,16701755,block_result,1,BB93C8AEBD3956FB940DEDAFB08465C2B7FB62F88CA62919302CD9D85D9C147D,6,0,9,0,1,osmo16aypymlama0lk5s8c9s30s09eacpvwnav7ewjv,genesis16aypymlama0lk5s8c9s30s09eacpvwna6v7gqt,20000000000000000000000,ibc/F16FDC11A7662B86BC0B9CE61871CBACF7C20606F95E86260FD38915184B75B4,transfer/channel-253/el1,,channel-253,channel-1,connection-1539,1377,1.718271122673799E9
7916156|1|4|0|7|1,1.674367029188E9,7916156,block_result,1,B2F3AFB9CD0C5BB3615C8AFA65EA38421C70D0805DBF44FCE48EFFF9DD3F1E48,4,0,7,0,1,osmo163ndtplrrpkh2faf2c0y6t9v86llx86q6spzwl,genesis163ndtplrrpkh2faf2c0y6t9v86llx86qvzxyuc,4237700695690722,ibc/F16FDC11A7662B86BC0B9CE61871CBACF7C20606F95E86260FD38915184B75B4,transfer/channel-253/el1,,channel-253,channel-1,connection-1539,1116,1.717481024664645E9
7917653|1|17|0|7|1,1.674375565667E9,7917653,block_result,1,EB3B69FA33FD7B68DEA69E80A086A853FF520D7FC65816903FBC721EFBEB1B28,17,0,7,0,1,osmo1m0nd29mt3msh7v5afutzy5jvxuawpcdhgwuqnt,genesis1m0nd29mt3msh7v5afutzy5jvxuawpcdh7umxpv,1861563775278697135,ibc/F16FDC11A7662B86BC0B9CE61871CBACF7C20606F95E86260FD38915184B75B4,transfer/channel-253/el1,,channel-253,channel-1,connection-1539,1117,1.717481059420515E9
7926147|1|12|0|7|1,1.674424152074E9,7926147,block_result,1,A3487F002F7175F189EF1FED979FF5B12440BBE0C668FC5AEF811E7DA5DCCB42,12,0,7,0,1,osmo1vjjzavwdetp5s6g7htenuz3r0xtm6fpgfytzjw,genesis1vjjzavwdetp5s6g7htenuz3r0xtm6fpglkvyqf,802248888443917661266,ibc/F16FDC11A7662B86BC0B9CE61871CBACF7C20606F95E86260FD38915184B75B4,transfer/channel-253/el1,,channel-253,channel-1,connection-1539,1119,1.717480914091218E9
7920904|1|2|0|7|1,1.674393947303E9,7920904,block_result,1,D92028674E788B718D40C94E734C4A594BB7883DDC8DB459ABC2434B091690D3,2,0,7,0,1,osmo1zlnj7v8p37ypdjph8gqxva4w4ptl95g93swhgf,genesis1zlnj7v8p37ypdjph8gqxva4w4ptl95g98zf36w,440665721318427820476,ibc/F16FDC11A7662B86BC0B9CE61871CBACF7C20606F95E86260FD38915184B75B4,transfer/channel-253/el1,,channel-253,channel-1,connection-1539,1118,1.717481029879884E9
18032486|1|6|0|9|1,1.721159595452E9,18032486,block_result,1,D44B30D9FBD43CC948D5080E289036F325512D681ED61B1501BD533325047931,6,0,9,0,1,osmo16aypymlama0lk5s8c9s30s09eacpvwnav7ewjv,genesis16aypymlama0lk5s8c9s30s09eacpvwna6v7gqt,32000000000000000000000,ibc/F16FDC11A7662B86BC0B9CE61871CBACF7C20606F95E86260FD38915184B75B4,transfer/channel-253/el1,,channel-253,channel-1,connection-1539,1382,1.721159648219835E9
14441509|1|25|0|9|1,1.711125547748E9,14441509,block_result,1,3BD284A12235B703CCB0C41DA2BE760FC087B0E4FFB56038E435728127DBD442,25,0,9,0,1,osmo182lpnqqq0umc07hut7xp7j23k32ss3pa9pltx0,genesis182lpnqqq0umc07hut7xp7j23k32ss3panncd5g,10800000000000000000000,ibc/F16FDC11A7662B86BC0B9CE61871CBACF7C20606F95E86260FD38915184B75B4,transfer/channel-253/el1,,channel-253,channel-1,connection-1539,1295,1.71703218715255E9
58823652|1|2|0|9|1,1.775585910731E9,58823652,block_result,1,D7B87843F7195BBB55EC9D359EC034A0F4796D1648EC985BE3CD9FD84AF3D1E7,2,0,9,0,1,osmo16aypymlama0lk5s8c9s30s09eacpvwnav7ewjv,genesis16aypymlama0lk5s8c9s30s09eacpvwna6v7gqt,4000000000000000000000,ibc/F16FDC11A7662B86BC0B9CE61871CBACF7C20606F95E86260FD38915184B75B4,transfer/channel-253/el1,,channel-253,channel-1,connection-1539,1604,1.775585913166E9
5646043|1|1|0|7|1,1.660871976712E9,5646043,block_result,1,76ADC21096B0061C928A5825448490B5ED1202B74D59F1958A2DBC5FFAE3C3C1,1,0,7,0,1,osmo13uup3md785lsd74aws4hx2et052mferw8n6yat,genesis13uup3md785lsd74aws4hx2et052mferw3paz0v,211734378484506939414,ibc/F16FDC11A7662B86BC0B9CE61871CBACF7C20606F95E86260FD38915184B75B4,transfer/channel-253/el1,,channel-253,channel-1,connection-1539,611,1.717546470749102E9
5648584|1|20|0|7|1,1.660887561638E9,5648584,block_result,1,3366965E5F1042EA9C418718063E6C6CAC2A95F64AE14801E73DA397470FC6B6,20,0,7,0,1,osmo16esf7h8h5etlac5dm22mmv39xt9wljkmn7hd5t,genesis16esf7h8h5etlac5dm22mmv39xt9wljkm9vstxv,10999869999999870000,ibc/F16FDC11A7662B86BC0B9CE61871CBACF7C20606F95E86260FD38915184B75B4,transfer/channel-253/el1,,channel-253,channel-1,connection-1539,615,1.717546555384735E9
5646480|1|7|0|7|1,1.660874667192E9,5646480,block_result,1,8ECA9BA95CDEFBC2938B27AA0AA6EC3013A3A6AF0792770906F192BCAE94CFB5,7,0,7,0,1,osmo182xlpqjrrcw9nxd8g2chzzwygx3zuk8mg6ntw3,genesis182xlpqjrrcw9nxd8g2chzzwygx3zuk8m7g5duk,10999869999999870000,ibc/F16FDC11A7662B86BC0B9CE61871CBACF7C20606F95E86260FD38915184B75B4,transfer/channel-253/el1,,channel-253,channel-1,connection-1539,612,1.717559634262483E9
5653179|1|11|0|7|1,1.660915693925E9,5653179,block_result,1,EBB4E603A47033FF1040C13640B8A92309CC40A9875573698EC72B675C73EFE7,11,0,7,0,1,osmo18d7jpa5q6we96gluuc767cacxzgq92xq9f66zx,genesis18d7jpa5q6we96gluuc767cacxzgq92xqnmausp,10000000000000000000,ibc/F16FDC11A7662B86BC0B9CE61871CBACF7C20606F95E86260FD38915184B75B4,transfer/channel-253/el1,,channel-253,channel-1,connection-1539,622,1.717559618809507E9
5651046|1|7|0|7|1,1.660902629089E9,5651046,block_result,1,44E44966BED8BA3FA95D26F4BEFFB52AF82BC48BB22CCEF3DADB9CD11541D1B7,7,0,7,0,1,osmo18ur3erlv4w03x8k2lfzzuys85uq696heapc0dd,genesis18ur3erlv4w03x8k2lfzzuys85uq696hetnlfl2,5000000,ibc/F16FDC11A7662B86BC0B9CE61871CBACF7C20606F95E86260FD38915184B75B4,transfer/channel-253/el1,,channel-253,channel-1,connection-1539,619,1.717546385817528E9
5651500|1|2|0|7|1,1.660905416386E9,5651500,block_result,1,D8B49F34FC790E52A5D29E332A7FD5B03D3B898722A6B5BDF4EEFC0E45D57984,2,0,7,0,1,osmo18ur3erlv4w03x8k2lfzzuys85uq696heapc0dd,genesis18ur3erlv4w03x8k2lfzzuys85uq696hetnlfl2,1000000,ibc/F16FDC11A7662B86BC0B9CE61871CBACF7C20606F95E86260FD38915184B75B4,transfer/channel-253/el1,,channel-253,channel-1,connection-1539,620,1.717558981306445E9
5645515|1|0|0|7|1,1.660868738163E9,5645515,block_result,1,AB72A5211C5EEF05C4BEDA723C9F6A4FE8F70A452B09569B87DAE69707E1F0F7,0,0,7,0,1,osmo1da49eye57cvlvln7h04q0mux7pdecszjkl5cdx,genesis1da49eye57cvlvln7h04q0mux7pdecszjqdn7lp,9646354404896970360,ibc/F16FDC11A7662B86BC0B9CE61871CBACF7C20606F95E86260FD38915184B75B4,transfer/channel-253/el1,,channel-253,channel-1,connection-1539,610,1.717546491626472E9
5648690|1|2|0|7|1,1.660888211627E9,5648690,block_result,1,C45E78676E4A778349676A5E50A867AE3F13760FC478A216B3EFB6D075BF6F80,2,0,7,0,1,osmo1g0ezv8rz38psvuguy2w5rgngpkk3cyxupe9yg4,genesis1g0ezv8rz38psvuguy2w5rgngpkk3cyxuhtzz6j,1313143707498661613898,ibc/F16FDC11A7662B86BC0B9CE61871CBACF7C20606F95E86260FD38915184B75B4,transfer/channel-253/el1,,channel-253,channel-1,connection-1539,616,1.717546460842015E9
5653988|1|1|0|7|1,1.660920643819E9,5653988,block_result,1,33AF7C0B4F5094214F830975ACC0612B84B872D40C30DE812A6A17C5AF53CB42,1,0,7,0,1,osmo1h5shnh6dnjtalh84cxl04taa2klvkz5fg6fjr7,genesis1h5shnh6dnjtalh84cxl04taa2klvkz5f7gw53e,5485395103446076173,ibc/F16FDC11A7662B86BC0B9CE61871CBACF7C20606F95E86260FD38915184B75B4,transfer/channel-253/el1,,channel-253,channel-1,connection-1539,624,1.717546403565913E9
5648791|1|15|0|7|1,1.660888828551E9,5648791,block_result,1,BAD0D11C8BAC98E62343F6A38018DEAF167CFAFFEB85D7FB53D3AA8AA32D0B6B,15,0,7,0,1,osmo1h5shnh6dnjtalh84cxl04taa2klvkz5fg6fjr7,genesis1h5shnh6dnjtalh84cxl04taa2klvkz5f7gw53e,34448939210523337091,ibc/F16FDC11A7662B86BC0B9CE61871CBACF7C20606F95E86260FD38915184B75B4,transfer/channel-253/el1,,channel-253,channel-1,connection-1539,617,1.717546485660907E9
5646776|1|4|0|7|1,1.660876476029E9,5646776,block_result,1,1F2ADC2C738E39D41F7C5CE93CD715FE83F6417F0C0F3FA2C603A789B45FBB19,4,0,7,0,1,osmo1j8jd7tp68my4sp9jjulfwfprw333ck0erd5zm3,genesis1j8jd7tp68my4sp9jjulfwfprw333ck0e4lnyfk,11000000000000000000,ibc/F16FDC11A7662B86BC0B9CE61871CBACF7C20606F95E86260FD38915184B75B4,transfer/channel-253/el1,,channel-253,channel-1,connection-1539,613,1.717556059545677E9
5656137|1|11|0|7|1,1.660934328347E9,5656137,block_result,1,B78DCA98164049D2CB354CDA3D18E13B5FA451B57AE0F03457F99C9CCFDCA3EC,11,0,7,0,1,osmo1jnpevf3zg3wc3vyqssxu96lz899g00skk60rtg,genesis1jnpevf3zg3wc3vyqssxu96lz899g00skqgg9e0,542708255822092554711,ibc/F16FDC11A7662B86BC0B9CE61871CBACF7C20606F95E86260FD38915184B75B4,transfer/channel-253/el1,,channel-253,channel-1,connection-1539,625,1.717546346612188E9
5647058|1|0|0|7|1,1.660878209504E9,5647058,block_result,1,00AF0DFB4E9F41B0A98241BE64405E8C61AEF83958A1F10C569764CF588AAC50,0,0,7,0,1,osmo1k7tz95q7eecpyhs54u4lu4f2rfrca5mjndg4kf,genesis1k7tz95q7eecpyhs54u4lu4f2rfrca5mj9l0nyw,10989869999999870000,ibc/F16FDC11A7662B86BC0B9CE61871CBACF7C20606F95E86260FD38915184B75B4,transfer/channel-253/el1,,channel-253,channel-1,connection-1539,614,1.717556330949648E9
5650041|1|2|0|7|1,1.660896487067E9,5650041,block_result,1,49416AEA8F13CAE86B2D4E0F953DE516D77D6369BADE65B66814A373D614F90C,2,0,7,0,1,osmo1mj7lkjsw65d6acaj739gpd0yp3x9htng5hfp6w,genesis1mj7lkjsw65d6acaj739gpd0yp3x9htngz9w8gf,10999869999999870000,ibc/F16FDC11A7662B86BC0B9CE61871CBACF7C20606F95E86260FD38915184B75B4,transfer/channel-253/el1,,channel-253,channel-1,connection-1539,618,1.717559002165843E9
5656800|1|6|0|7|1,1.66093842801E9,5656800,block_result,1,9945F9270921BD9C57CE7C932F694D2F7D7DAACB382BD9DBF426F3A359B56385,6,0,7,0,1,osmo1rgf4dznny6fx60yjwmq27xxs42vl34yl54cce0,genesis1rgf4dznny6fx60yjwmq27xxs42vl34ylz8l7tg,180702675181090389413,ibc/F16FDC11A7662B86BC0B9CE61871CBACF7C20606F95E86260FD38915184B75B4,transfer/channel-253/el1,,channel-253,channel-1,connection-1539,626,1.717558983158216E9
5653637|1|0|0|7|1,1.660918493326E9,5653637,block_result,1,21CE955A83E66F37EFD963A746F4BF1CFFBB23D9E3C17579DD51087E4C84EFE7,0,0,7,0,1,osmo1uxthxgqhmxaqlh5u6990j48x5y0u2udf95krd5,genesis1uxthxgqhmxaqlh5u6990j48x5y0u2udfnx39ln,6914304515915484699,ibc/F16FDC11A7662B86BC0B9CE61871CBACF7C20606F95E86260FD38915184B75B4,transfer/channel-253/el1,,channel-253,channel-1,connection-1539,623,1.717546387805805E9
5651953|1|13|0|7|1,1.660908188057E9,5651953,block_result,1,F5D76F0F7D16CF22EC526C5DCC471F6677B21AD3D3DADA930014B88D5D0FC137,13,0,7,0,1,osmo1z99qx4a3rnlka0nsw46faseepntcp5tcs7cqh7,genesis1z99qx4a3rnlka0nsw46faseepntcp5tcxvlx9e,10999869999999870000,ibc/F16FDC11A7662B86BC0B9CE61871CBACF7C20606F95E86260FD38915184B75B4,transfer/channel-253/el1,,channel-253,channel-1,connection-1539,621,1.717559075618009E9
8471397|1|11|0|7|1,1.677498690532E9,8471397,block_result,1,B293D5584D6D5381157CF80A6E3382BD72A950D1D16D878E869CC8C6CC7F8D83,11,0,7,0,1,osmo16hp7wzudkeyw6fvgvalm0fh3elp9czhf9l3k7l,genesis16hp7wzudkeyw6fvgvalm0fh3elp9czhfndksvc,27928193963876249110,ibc/F16FDC11A7662B86BC0B9CE61871CBACF7C20606F95E86260FD38915184B75B4,transfer/channel-253/el1,,channel-253,channel-1,connection-1539,1164,1.717466892033546E9
4802632|1|1|0|7|1,1.655616069024E9,4802632,block_result,1,C822D79F62DD86F2BAEBBAFC07B8F3B010BB090AE33B5C8B5386461D3F3A8FC9,1,0,7,0,1,osmo10yu8w9p4p0szf2xwhtndmfjnp0gfk4j7j3azdm,genesis10yu8w9p4p0szf2xwhtndmfjnp0gfk4j7yr6ylu,95267000000000000000000,ibc/F16FDC11A7662B86BC0B9CE61871CBACF7C20606F95E86260FD38915184B75B4,transfer/channel-253/el1,,channel-253,channel-1,connection-1539,310,1.7175819261505E9
4810119|1|1|0|7|1,1.655663329505E9,4810119,block_result,1,B36B127E84B3BFBFB4C1A34A170B62794F1F63B47F93C6BACFDC15C7AC1C19BA,1,0,7,0,1,osmo1df6nprg53qsydl72gjzks2lj9frf6p08a36mc5,genesis1df6nprg53qsydl72gjzks2lj9frf6p08traa2n,10999739999999870000,ibc/F16FDC11A7662B86BC0B9CE61871CBACF7C20606F95E86260FD38915184B75B4,transfer/channel-253/el1,,channel-253,channel-1,connection-1539,316,1.717600037347382E9
4801982|1|2|0|7|1,1.655611995733E9,4801982,block_result,1,4B60FF804D15F1D8857762AC89C25B9DEBAD2A4EBA85A32114387973AC5ECC81,2,0,7,0,1,osmo10yu8w9p4p0szf2xwhtndmfjnp0gfk4j7j3azdm,genesis10yu8w9p4p0szf2xwhtndmfjnp0gfk4j7yr6ylu,11309000000000000000000,ibc/F16FDC11A7662B86BC0B9CE61871CBACF7C20606F95E86260FD38915184B75B4,transfer/channel-253/el1,,channel-253,channel-1,connection-1539,309,1.717599758146343E9
4806758|1|3|0|7|1,1.655641893821E9,4806758,block_result,1,CA75BF6E7984B2846BB786B6E7DFC67F173075F861766C98E7984841AE2768F1,3,0,7,0,1,osmo1y8n2dnzva2ksv4ymxg05ty5a29szwxuw69xlzs,genesis1y8n2dnzva2ksv4ymxg05ty5a29szwxuwvhpesh,10980000000000000000,ibc/F16FDC11A7662B86BC0B9CE61871CBACF7C20606F95E86260FD38915184B75B4,transfer/channel-253/el1,,channel-253,channel-1,connection-1539,312,1.717599745994727E9
4804094|1|5|0|7|1,1.655625219396E9,4804094,block_result,1,6145CD5B15349A6F241FB5BA8ECBF8F620327387995CE7D12E8239B1C6E0FB75,5,0,7,0,1,osmo1pvwussxtdv2m2cutv8atgpy40e7g947u8x444x,genesis1pvwussxtdv2m2cutv8atgpy40e7g947u35jn8p,76978709999999870000,ibc/F16FDC11A7662B86BC0B9CE61871CBACF7C20606F95E86260FD38915184B75B4,transfer/channel-253/el1,,channel-253,channel-1,connection-1539,311,1.717581496878551E9
4807203|1|6|0|7|1,1.655644674668E9,4807203,block_result,1,16A393E5163D10C990B22619CD9DC853DA713CC4ED69B2CD393F7B7F4D14B459,6,0,7,0,1,osmo19ayrkzcfpgw8ht7cugmcmm4ca96zwp5azsgqql,genesis19ayrkzcfpgw8ht7cugmcmm4ca96zwp5a5z0xjc,10900000000000000000,ibc/F16FDC11A7662B86BC0B9CE61871CBACF7C20606F95E86260FD38915184B75B4,transfer/channel-253/el1,,channel-253,channel-1,connection-1539,315,1.71760004297691E9
4807184|1|7|0|7|1,1.65564455551E9,4807184,block_result,1,14C7F3837A63EDB33548AE6A5C76DAAF4EDB72F742700D367AF45E3BEBA4AC0A,7,0,7,0,1,osmo1ra9sccq722fakf2t2tdces9vy546tcgrwr8p5c,genesis1ra9sccq722fakf2t2tdces9vy546tcgrc3q8xl,10900000000000000000,ibc/F16FDC11A7662B86BC0B9CE61871CBACF7C20606F95E86260FD38915184B75B4,transfer/channel-253/el1,,channel-253,channel-1,connection-1539,314,1.717600044059925E9
4807180|1|9|0|7|1,1.655644526174E9,4807180,block_result,1,B262EE57BE3EB215A4692911742BCFAABC977DA352915088F38366E734BF6974,9,0,7,0,1,osmo1haz0ttxq4v9j00e4n7rrc4yy5v9g5wspdtxddy,genesis1haz0ttxq4v9j00e4n7rrc4yy5v9g5wspmeptlr,10900000000000000000,ibc/F16FDC11A7662B86BC0B9CE61871CBACF7C20606F95E86260FD38915184B75B4,transfer/channel-253/el1,,channel-253,channel-1,connection-1539,313,1.717600044713075E9
5520397|1|3|0|7|1,1.660096724793E9,5520397,block_result,1,FF96F4F33C1C606446DDBABE0EAC9E3F52958AC71F5C8FDD7CB0275434AE4FE6,3,0,7,0,1,osmo10yu8w9p4p0szf2xwhtndmfjnp0gfk4j7j3azdm,genesis10yu8w9p4p0szf2xwhtndmfjnp0gfk4j7yr6ylu,24992795521672227784058,ibc/F16FDC11A7662B86BC0B9CE61871CBACF7C20606F95E86260FD38915184B75B4,transfer/channel-253/el1,,channel-253,channel-1,connection-1539,485,1.717563586221091E9
5524627|1|9|0|7|1,1.66012273048E9,5524627,block_result,1,424EE14C22A66C955D7589817A654C10D33B9E80B3255DAB7070D07E10A92558,9,0,7,0,1,osmo172cnthwf79m6ey8w8l50407hrjn6pvlkpdus8x,genesis172cnthwf79m6ey8w8l50407hrjn6pvlkhlmk4p,13969262448571887341,ibc/F16FDC11A7662B86BC0B9CE61871CBACF7C20606F95E86260FD38915184B75B4,transfer/channel-253/el1,,channel-253,channel-1,connection-1539,487,1.717549246197387E9
5524571|1|3|0|7|1,1.660122386793E9,5524571,block_result,1,BA2AB3EDA416A5B5A453AF165DE928FAD9B867052EC31F426F1BAD4A6F54647C,3,0,7,0,1,osmo1m2mm7kzvw6m3464h94ryqg8xvr6tyeyy3rj39j,genesis1m2mm7kzvw6m3464h94ryqg8xvr6tyeyy834hh4,60816027751155628444,ibc/F16FDC11A7662B86BC0B9CE61871CBACF7C20606F95E86260FD38915184B75B4,transfer/channel-253/el1,,channel-253,channel-1,connection-1539,486,1.717549050279763E9
5526648|1|20|0|7|1,1.660135199445E9,5526648,block_result,1,0428994DCCF29EBA5DB60C17806EC1F08F82F6DDA1F6852E8088BC1459604CAA,20,0,7,0,1,osmo1s7p8qqe7ucs23nmnld3p746hsk25aujt4rlmjy,genesis1s7p8qqe7ucs23nmnld3p746hsk25aujtr3caqr,30374894231477663644,ibc/F16FDC11A7662B86BC0B9CE61871CBACF7C20606F95E86260FD38915184B75B4,transfer/channel-253/el1,,channel-253,channel-1,connection-1539,488,1.717548918098489E9
15318385|1|9|0|9|1,1.714406469884E9,15318385,block_result,1,54E4B9900627C878774DF43AC843EE87EE9E34D45AE6CE7C9B85359CD8811B99,9,0,9,0,1,osmo1nzgxusarw7tn3w9pz9mtxplwu8jnwrhlgkppxv,genesis1nzgxusarw7tn3w9pz9mtxplwu8jnwrhl7yx85t,10000000000000000000,ibc/F16FDC11A7662B86BC0B9CE61871CBACF7C20606F95E86260FD38915184B75B4,transfer/channel-253/el1,,channel-253,channel-1,connection-1539,1333,1.716994203173888E9
14291657|1|39|0|9|1,1.710384844801E9,14291657,block_result,1,F6CD2A7CAC9CBFC99F6BB715F725342EBD1549A762E33E6D411602BC312998CA,39,0,9,0,1,osmo16aypymlama0lk5s8c9s30s09eacpvwnav7ewjv,genesis16aypymlama0lk5s8c9s30s09eacpvwna6v7gqt,46000000000000000000,ibc/F16FDC11A7662B86BC0B9CE61871CBACF7C20606F95E86260FD38915184B75B4,transfer/channel-253/el1,,channel-253,channel-1,connection-1539,1259,1.717043531920089E9
14289734|1|9|0|9|1,1.710375341243E9,14289734,block_result,1,F63F439FBECC22AA3B9E12C149A422569602B7A19668F4E11B7F404A6378FF7D,9,0,9,0,1,osmo16aypymlama0lk5s8c9s30s09eacpvwnav7ewjv,genesis16aypymlama0lk5s8c9s30s09eacpvwna6v7gqt,100000000000000000000,ibc/F16FDC11A7662B86BC0B9CE61871CBACF7C20606F95E86260FD38915184B75B4,transfer/channel-253/el1,,channel-253,channel-1,connection-1539,1258,1.71703650090771E9
14300240|1|9|0|9|1,1.710427333075E9,14300240,block_result,1,995E371934B416D6998B092CEED581B1CF123042C70AE457711E23A4A4084E2B,9,0,9,0,1,osmo1cddkj9qt534dgv0lpqfvcltl8fkq55rap5zkgj,genesis1cddkj9qt534dgv0lpqfvcltl8fkq55rahx9s64,52736656150072082094,ibc/F16FDC11A7662B86BC0B9CE61871CBACF7C20606F95E86260FD38915184B75B4,transfer/channel-253/el1,,channel-253,channel-1,connection-1539,1261,1.717042658513828E9
14299209|1|4|0|9|1,1.710422241932E9,14299209,block_result,1,A159A6738A537957279CB34FFDE98FCB218B4554D0EE13C155F3911BD6199CC0,4,0,9,0,1,osmo1qawq9fnx5rz7walpj5feryrhat7pjwkac3fvwd,genesis1qawq9fnx5rz7walpj5feryrhat7pjwkawrw2u2,80000000000000000000000,ibc/F16FDC11A7662B86BC0B9CE61871CBACF7C20606F95E86260FD38915184B75B4,transfer/channel-253/el1,,channel-253,channel-1,connection-1539,1260,1.717042794393559E9
14549580|1|17|0|9|1,1.711641553111E9,14549580,block_result,1,60B0791DAA6B8C11C0F2007C83D2D7AEBA344F0E5FA81DD59741126F351495EB,17,0,9,0,1,osmo16aypymlama0lk5s8c9s30s09eacpvwnav7ewjv,genesis16aypymlama0lk5s8c9s30s09eacpvwna6v7gqt,200000000000000000000,ibc/F16FDC11A7662B86BC0B9CE61871CBACF7C20606F95E86260FD38915184B75B4,transfer/channel-253/el1,,channel-253,channel-1,connection-1539,1308,1.717027447542646E9
6005777|1|2|0|7|1,1.66308849883E9,6005777,block_result,1,E522DCCF9ABB57D9CF329B3B98EAA0CBA52E8E441FC2E5FDE4A1D462DF9BC43D,2,0,7,0,1,osmo14fgf2djrhsx4aykvnwtl98uj6nqvzn0kucrldg,genesis12hckdk0k5wvpucxa5q77vhn7hhtnsshz6r40vx,1127584605166483299474,ibc/F16FDC11A7662B86BC0B9CE61871CBACF7C20606F95E86260FD38915184B75B4,transfer/channel-253/el1,,channel-253,channel-1,connection-1539,815,1.717541050403749E9
6003306|1|37|0|7|1,1.66307346919E9,6003306,block_result,1,A041C82D6C058EEDA08B7D2DB737EEDB9F1ED9FA3B247AEF5FCDC3CA0F89FC6F,37,0,7,0,1,osmo12jfvctjm2jjj0xflzjyrj0gc5umqjq8jdljx64,genesis12jfvctjm2jjj0xflzjyrj0gc5umqjq8jmd4qgj,7378000000000000000000,ibc/F16FDC11A7662B86BC0B9CE61871CBACF7C20606F95E86260FD38915184B75B4,transfer/channel-253/el1,,channel-253,channel-1,connection-1539,814,1.717540987306807E9
5999074|1|11|0|7|1,1.663047710801E9,5999074,block_result,1,1A861AEA3171B7E61D167EDCD53757DDF7D596CDAB13337B9B10CE954CB53DDB,11,0,7,0,1,osmo163ndtplrrpkh2faf2c0y6t9v86llx86q6spzwl,genesis163ndtplrrpkh2faf2c0y6t9v86llx86qvzxyuc,5297632271970471,ibc/F16FDC11A7662B86BC0B9CE61871CBACF7C20606F95E86260FD38915184B75B4,transfer/channel-253/el1,,channel-253,channel-1,connection-1539,811,1.717533597862341E9
5998616|1|2|0|7|1,1.663044926745E9,5998616,block_result,1,BD4937221FD6DFBC9471D5285907AB7FB69240BB767DA072314C51BC68FC7CD0,2,0,7,0,1,osmo19l9wsymdh3mp7munzrlk8rs03ttnu2uaujyktu,genesis19l9wsymdh3mp7munzrlk8rs03ttnu2ua2qrsem,11007769927287381397,ibc/F16FDC11A7662B86BC0B9CE61871CBACF7C20606F95E86260FD38915184B75B4,transfer/channel-253/el1,,channel-253,channel-1,connection-1539,810,1.7175337384125E9
6002005|1|2|0|7|1,1.663065562892E9,6002005,block_result,1,3B617F9ADE62FE3E77C19699B24C809BFD473C5CC2B32348AD46DED35B6FC3E0,2,0,7,0,1,osmo1nd86lwg7se890hau65eeq6ru9cxunc53wxeux0,genesis1nd86lwg7se890hau65eeq6ru9cxunc53c5765g,484429633437395810,ibc/F16FDC11A7662B86BC0B9CE61871CBACF7C20606F95E86260FD38915184B75B4,transfer/channel-253/el1,,channel-253,channel-1,connection-1539,812,1.717541227198758E9
6002155|1|14|0|7|1,1.663066474071E9,6002155,block_result,1,C31898B036BCA090E739FEE04A26F99AD118E658AF79CD1D445F7380B8B91C1A,14,0,7,0,1,osmo1nd86lwg7se890hau65eeq6ru9cxunc53wxeux0,genesis1nd86lwg7se890hau65eeq6ru9cxunc53c5765g,2766887833855461123,ibc/F16FDC11A7662B86BC0B9CE61871CBACF7C20606F95E86260FD38915184B75B4,transfer/channel-253/el1,,channel-253,channel-1,connection-1539,813,1.717541277765568E9
6006074|1|7|0|7|1,1.663090795977E9,6006074,block_result,1,4EDCB2F226D19FE536C2BCE230533F0EFFD6975CCC5E14BDF19DCB032493DBB5,7,0,7,0,1,osmo1pnx4s7qtrghv06rzp05cv9u8vjp6yztl9epw4m,genesis1pnx4s7qtrghv06rzp05cv9u8vjp6yztlntxg8u,10999869999999870000,ibc/F16FDC11A7662B86BC0B9CE61871CBACF7C20606F95E86260FD38915184B75B4,transfer/channel-253/el1,,channel-253,channel-1,connection-1539,816,1.717533655892184E9
5977920|1|1|0|7|1,1.662918741277E9,5977920,block_result,1,6C6B5CB9D9EB162352C170FD2AD65C2AED891808C54A828B47D2F7D14A295C29,1,0,7,0,1,osmo1c7scnt5t5n6wl24ct5grzzm8y6q46m7ex0tk39,genesis1lunnwmyez79fqd7p3cqgx99dwjrhu8ml6ydrfv,10999869999999870000,ibc/F16FDC11A7662B86BC0B9CE61871CBACF7C20606F95E86260FD38915184B75B4,transfer/channel-253/el1,,channel-253,channel-1,connection-1539,805,1.717542113652717E9
5977908|1|46|0|7|1,1.662918667134E9,5977908,block_result,1,1E304A3C9BFFE3DDAB2A6063AC829551458ACA564EC9908B967510FA9693CD5A,46,0,7,0,1,osmo1zjgjamn5p0nj9snuxamp4z8yn9xv8zqwajcd0l,genesis1lunnwmyez79fqd7p3cqgx99dwjrhu8ml6ydrfv,10999869999999870000,ibc/F16FDC11A7662B86BC0B9CE61871CBACF7C20606F95E86260FD38915184B75B4,transfer/channel-253/el1,,channel-253,channel-1,connection-1539,804,1.717542052939338E9
5968972|1|8|0|7|1,1.662864078537E9,5968972,block_result,1,B6B1CBBAC8B60DDC0024902A7A10CD5708A7754622024D4C4494763E07DB621C,8,0,7,0,1,osmo1me3hg2l74zn5ag9y879u7re4cp4dxea9h5d45s,genesis1me3hg2l74zn5ag9y879u7re4cp4dxea9px2nxh,867247323661160865,ibc/F16FDC11A7662B86BC0B9CE61871CBACF7C20606F95E86260FD38915184B75B4,transfer/channel-253/el1,,channel-253,channel-1,connection-1539,803,1.717534684727302E9
5979502|1|52|0|7|1,1.662928375257E9,5979502,block_result,1,D483C7C3C0C91DF45EA5F77B90C4831976E70DA2A7DDBEB00CAC0A626BBA7715,52,0,7,0,1,osmo1nnf85kd8d8fx4dnccrqdpr5eq6d74vha2hfkzh,genesis1nnf85kd8d8fx4dnccrqdpr5eq6d74vhau9wsss,18713089269192588129,ibc/F16FDC11A7662B86BC0B9CE61871CBACF7C20606F95E86260FD38915184B75B4,transfer/channel-253/el1,,channel-253,channel-1,connection-1539,807,1.717534185775784E9
5978667|1|9|0|7|1,1.662923294571E9,5978667,block_result,1,17B9A825B2CDDB3A89CF44AF84648D1952927508C8E27F02D192130A1C39509F,9,0,7,0,1,osmo1qxts5avx4cr55fm6mfz4xdtrq446wqxpgevhcx,genesis1qxts5avx4cr55fm6mfz4xdtrq446wqxp7tt32p,278251376529453196,ibc/F16FDC11A7662B86BC0B9CE61871CBACF7C20606F95E86260FD38915184B75B4,transfer/channel-253/el1,,channel-253,channel-1,connection-1539,806,1.717542129584255E9
6724079|1|8|0|7|1,1.667457258044E9,6724079,block_result,1,40BCE7E287B2E9EAA508BAF2666C18646D03C1A13AD5BEC3426D88B1FDB6F4E8,8,0,7,0,1,osmo19l9wsymdh3mp7munzrlk8rs03ttnu2uaujyktu,genesis19l9wsymdh3mp7munzrlk8rs03ttnu2ua2qrsem,40680338324874966402,ibc/F16FDC11A7662B86BC0B9CE61871CBACF7C20606F95E86260FD38915184B75B4,transfer/channel-253/el1,,channel-253,channel-1,connection-1539,993,1.717508021103538E9
6724129|1|0|0|7|1,1.667457550956E9,6724129,block_result,1,D19365073137AEFD425DBB91316B16524962BF7680841EA40AECB43DA3864E73,0,0,7,0,1,osmo1qnlxnneluedfg3lusv8r36t5c0s4r2p0dlsn28,genesis1qnlxnneluedfg3lusv8r36t5c0s4r2p0mdh4cq,140000000000000000000,ibc/F16FDC11A7662B86BC0B9CE61871CBACF7C20606F95E86260FD38915184B75B4,transfer/channel-253/el1,,channel-253,channel-1,connection-1539,994,1.717508019883612E9
6724485|1|12|0|7|1,1.667459680395E9,6724485,block_result,1,106A68D09AB461D6B83C6CE81FC2BE3DD51A058FF1FAE0A0C9D5F60D8FE09D61,12,0,7,0,1,osmo1vgu6mpatup4hsyt463mdkac4a6n7qh30laksq4,genesis1vgu6mpatup4hsyt463mdkac4a6n7qh30f03kjj,19410344340911771052,ibc/F16FDC11A7662B86BC0B9CE61871CBACF7C20606F95E86260FD38915184B75B4,transfer/channel-253/el1,,channel-253,channel-1,connection-1539,995,1.717518803365833E9
6727959|1|0|0|7|1,1.667480298261E9,6727959,block_result,1,A217704313FE0502428C09758317B1F7E4E30CC5C888D6ECE703B83A07B2D6D5,0,0,7,0,1,osmo1xr6tzrpladyv5v0vrlrgmycev03jwvqxvxyy9c,genesis1xr6tzrpladyv5v0vrlrgmycev03jwvqx65rzhl,10999869999999870000,ibc/F16FDC11A7662B86BC0B9CE61871CBACF7C20606F95E86260FD38915184B75B4,transfer/channel-253/el1,,channel-253,channel-1,connection-1539,996,1.717518545954991E9
16066258|1|4|0|9|1,1.716662902737E9,16066258,block_result,1,CA775A8075A12BEB217652C7F0EEDF852E2EA57777A33532A7D9E0695DD93F20,4,0,9,0,1,osmo16aypymlama0lk5s8c9s30s09eacpvwnav7ewjv,genesis16aypymlama0lk5s8c9s30s09eacpvwna6v7gqt,25000000000000000000000,ibc/F16FDC11A7662B86BC0B9CE61871CBACF7C20606F95E86260FD38915184B75B4,transfer/channel-253/el1,,channel-253,channel-1,connection-1539,1363,1.716985370912688E9
16066086|1|2|0|9|1,1.716662458427E9,16066086,block_result,1,21358CFE9D334851361F64059F33DD36EC4398FE9073F79F8166BC44DD070BF2,2,0,9,0,1,osmo16aypymlama0lk5s8c9s30s09eacpvwnav7ewjv,genesis16aypymlama0lk5s8c9s30s09eacpvwna6v7gqt,15000000000000000000000,ibc/F16FDC11A7662B86BC0B9CE61871CBACF7C20606F95E86260FD38915184B75B4,transfer/channel-253/el1,,channel-253,channel-1,connection-1539,1362,1.716985500343596E9
16069877|1|0|0|9|1,1.716672360619E9,16069877,block_result,1,7EF69A7ECE440A3972111007E017D8CC012311191B0D92AD959D61E7F7306018,0,0,9,0,1,osmo182lpnqqq0umc07hut7xp7j23k32ss3pa9pltx0,genesis182lpnqqq0umc07hut7xp7j23k32ss3panncd5g,62333000000000000000000,ibc/F16FDC11A7662B86BC0B9CE61871CBACF7C20606F95E86260FD38915184B75B4,transfer/channel-253/el1,,channel-253,channel-1,connection-1539,1364,1.716983559507721E9
8511461|1|2|0|7|1,1.677724188236E9,8511461,block_result,1,4BFD5BD842ED4657EA1BD8C66D695E39607EE6461193ABCB31201D050C2F5CCC,2,0,7,0,1,osmo182lpnqqq0umc07hut7xp7j23k32ss3pa9pltx0,genesis182lpnqqq0umc07hut7xp7j23k32ss3panncd5g,6000000000000000000000,ibc/F16FDC11A7662B86BC0B9CE61871CBACF7C20606F95E86260FD38915184B75B4,transfer/channel-253/el1,,channel-253,channel-1,connection-1539,1166,1.717465135253436E9
8521346|1|11|0|7|1,1.67778003708E9,8521346,block_result,1,A27ACF746119FB4061EA346664CF99B0366345D2EF5F2DFAEDC935BBBB44DC98,11,0,7,0,1,osmo1vgu6mpatup4hsyt463mdkac4a6n7qh30laksq4,genesis1vgu6mpatup4hsyt463mdkac4a6n7qh30f03kjj,100000000000000000,ibc/F16FDC11A7662B86BC0B9CE61871CBACF7C20606F95E86260FD38915184B75B4,transfer/channel-253/el1,,channel-253,channel-1,connection-1539,1167,1.717466099284482E9
5024236|1|1|0|7|1,1.656998241813E9,5024236,block_result,1,C8B9DD51FBE91A7B860B7B0BAB26BF8C33E22743C7FA4950D9E34B748C376145,1,0,7,0,1,osmo1em7k59nxme8l0vk2hu40k6k7dn6c6w9aemmxs3,genesis1em7k59nxme8l0vk2hu40k6k7dn6c6w9a0fuqzk,10989869999999870000,ibc/F16FDC11A7662B86BC0B9CE61871CBACF7C20606F95E86260FD38915184B75B4,transfer/channel-253/el1,,channel-253,channel-1,connection-1539,370,1.71759137979666E9
5024567|1|3|0|7|1,1.657000303823E9,5024567,block_result,1,C540C26C05CCE81B6DF2DAB8256C0F993DAEB059D63526FBB643208E9D7E90B3,3,0,7,0,1,osmo1dvunn7sznql4vwrelskkqq6r3amve8dknzlyj4,genesis1dvunn7sznql4vwrelskkqq6r3amve8dk9sczqj,200000000000000000,ibc/F16FDC11A7662B86BC0B9CE61871CBACF7C20606F95E86260FD38915184B75B4,transfer/channel-253/el1,,channel-253,channel-1,connection-1539,371,1.717569150227608E9
5030016|1|8|0|7|1,1.65703424991E9,5030016,block_result,1,4ADC03B2BFC3239D37A3AB40AF5BCDDFE9467D91A928DD7DEB5C580159E144D5,8,0,7,0,1,osmo1flufzghe8t6ve87c485lps9x3gz3r0ytauy7pp,genesis1flufzghe8t6ve87c485lps9x3gz3r0yttwrcnx,1600000000000000000000,ibc/F16FDC11A7662B86BC0B9CE61871CBACF7C20606F95E86260FD38915184B75B4,transfer/channel-253/el1,,channel-253,channel-1,connection-1539,372,1.717592256066368E9
5237965|1|111|0|7|1,1.658334082977E9,5237965,block_result,1,964CC2EFEA9833A42EA75AED0A1D73D9767F872B0AFA02F8EA7D773D619E062A,111,0,7,0,1,osmo1efsj9hrsuhcu6lmamm544n7syfn58kd68d30k4,genesis1efsj9hrsuhcu6lmamm544n7syfn58kd63lkfyj,38653167837943905218,ibc/F16FDC11A7662B86BC0B9CE61871CBACF7C20606F95E86260FD38915184B75B4,transfer/channel-253/el1,,channel-253,channel-1,connection-1539,428,1.717579805546008E9
5231861|1|289|0|7|1,1.658296587287E9,5231861,block_result,1,59E9F24EA0DE448A05B6945436F52161B018779B949AE3580183998BEE4EF21F,289,0,7,0,1,osmo1uh4xfgt3skfwage4atulapkhkah4ck2ahf4uew,genesis1uh4xfgt3skfwage4atulapkhkah4ck2apmj6tf,1237502378059200,ibc/F16FDC11A7662B86BC0B9CE61871CBACF7C20606F95E86260FD38915184B75B4,transfer/channel-253/el1,,channel-253,channel-1,connection-1539,427,1.717562688987207E9
5240744|1|30|0|7|1,1.658351900322E9,5240744,block_result,1,5208003E7C7384A9AB0D55A936082E227771D8163624A5B3B06BF542D9AE4DF2,30,0,7,0,1,osmo1v2z9rwxt5y98pnrs6ryhqp08ay5azzvmw92wnm,genesis1v2z9rwxt5y98pnrs6ryhqp08ay5azzvmchdgpu,18732000000000000000000,ibc/F16FDC11A7662B86BC0B9CE61871CBACF7C20606F95E86260FD38915184B75B4,transfer/channel-253/el1,,channel-253,channel-1,connection-1539,429,1.717561069060245E9
5543815|1|10|0|7|1,1.660241471185E9,5543815,block_result,1,CE06CDB0DF2D68F2B571E950A5EF736681D631E464F70F57462163EA973BD1BE,10,0,7,0,1,osmo17vh0ccz4x96qtg8t63dvqm43kfvalg8t07jm4v,genesis17vh0ccz4x96qtg8t63dvqm43kfvalg8tev4a8t,5000000000000000000,ibc/F16FDC11A7662B86BC0B9CE61871CBACF7C20606F95E86260FD38915184B75B4,transfer/channel-253/el1,,channel-253,channel-1,connection-1539,491,1.717563537658279E9
5546787|1|8|0|7|1,1.660259792524E9,5546787,block_result,1,C50B069F26F9ED00A6EA3CBA8AB5A4848F8EF64D1C6479171FB003A8A0506D2E,8,0,7,0,1,osmo1evffwxfaaf5zv268p0nmrvsppamy6u7ul58zgn,genesis1evffwxfaaf5zv268p0nmrvsppamy6u7ufxqy65,66514799822608173937,ibc/F16FDC11A7662B86BC0B9CE61871CBACF7C20606F95E86260FD38915184B75B4,transfer/channel-253/el1,,channel-253,channel-1,connection-1539,492,1.717563435683389E9
5541395|1|5|0|7|1,1.660226158624E9,5541395,block_result,1,30FDBC7C23337951EE82748329CAE44F0446CD50D911CFB2087CCC83BE95ACDD,5,0,7,0,1,osmo1h64jzmldjwdkzsyqf8cyqle2tx5eltcqx5w8m8,genesis1h64jzmldjwdkzsyqf8cyqle2tx5eltcqsxfpfq,40536913617891715,ibc/F16FDC11A7662B86BC0B9CE61871CBACF7C20606F95E86260FD38915184B75B4,transfer/channel-253/el1,,channel-253,channel-1,connection-1539,490,1.717563472875246E9
5540468|1|5|0|7|1,1.660220464467E9,5540468,block_result,1,807D043F6212A84A67B8FD0FF3EF1E90701652651CA31757F66E3D62ECD71C22,5,0,7,0,1,osmo1r30f27rvsdcequzh9cxnrqcqgykj58ygcgf7mp,genesis1r30f27rvsdcequzh9cxnrqcqgykj58ygw6wcfx,934634062171214478722,ibc/F16FDC11A7662B86BC0B9CE61871CBACF7C20606F95E86260FD38915184B75B4,transfer/channel-253/el1,,channel-253,channel-1,connection-1539,489,1.717548875710607E9
15574670|1|1|0|9|1,1.715224211698E9,15574670,block_result,1,53378DC78EE66D74B6454DB9C2107F0113328455FFC9AE6E39EEBA44056C89F2,1,0,9,0,1,osmo16aypymlama0lk5s8c9s30s09eacpvwnav7ewjv,genesis16aypymlama0lk5s8c9s30s09eacpvwna6v7gqt,4800000000000000000000,ibc/F16FDC11A7662B86BC0B9CE61871CBACF7C20606F95E86260FD38915184B75B4,transfer/channel-253/el1,,channel-253,channel-1,connection-1539,1338,1.716995767830825E9
15593729|1|3|0|9|1,1.71528413524E9,15593729,block_result,1,A9AD051F24A56B960F8D0390E42F7DEDFEB46A5BC61FAFAD60B40D6DB6B0F36C,3,0,9,0,1,osmo16aypymlama0lk5s8c9s30s09eacpvwnav7ewjv,genesis16aypymlama0lk5s8c9s30s09eacpvwna6v7gqt,4800000000000000000000,ibc/F16FDC11A7662B86BC0B9CE61871CBACF7C20606F95E86260FD38915184B75B4,transfer/channel-253/el1,,channel-253,channel-1,connection-1539,1343,1.716994309743717E9
15595988|1|5|0|9|1,1.715291225127E9,15595988,block_result,1,64D02440D9D943774759C7E06F6275B90A1CB16BD63199237D712FB4E7F15CBA,5,0,9,0,1,osmo182lpnqqq0umc07hut7xp7j23k32ss3pa9pltx0,genesis182lpnqqq0umc07hut7xp7j23k32ss3panncd5g,62100000000000000000000,ibc/F16FDC11A7662B86BC0B9CE61871CBACF7C20606F95E86260FD38915184B75B4,transfer/channel-253/el1,,channel-253,channel-1,connection-1539,1344,1.71699493358708E9
15575882|1|2|0|9|1,1.715228015697E9,15575882,block_result,1,9DFD405F59450644E87F6505D70CD69F26BE28B4A3ABB6BD6AEA9BCBC1A4B444,2,0,9,0,1,osmo1ug54mpujhgp588fyyywes74gm8p4wjgsrrarph,genesis1ug54mpujhgp588fyyywes74gm8p4wjgs4369ns,830000000000000000000,ibc/F16FDC11A7662B86BC0B9CE61871CBACF7C20606F95E86260FD38915184B75B4,transfer/channel-253/el1,,channel-253,channel-1,connection-1539,1340,1.716995049737544E9
15575077|1|7|0|9|1,1.715225485493E9,15575077,block_result,1,9E2AFFE648F59E408CCDF1C8EC038AB7EBA445EDEF664ACF2DA10842C4893116,7,0,9,0,1,osmo1ug54mpujhgp588fyyywes74gm8p4wjgsrrarph,genesis1ug54mpujhgp588fyyywes74gm8p4wjgs4369ns,833510300984938102632,ibc/F16FDC11A7662B86BC0B9CE61871CBACF7C20606F95E86260FD38915184B75B4,transfer/channel-253/el1,,channel-253,channel-1,connection-1539,1339,1.716990704219794E9
15588536|1|15|0|9|1,1.71526773002E9,15588536,block_result,1,9CA0A23BCE206EEC4CCD37184DF869674015808C826D8BBD5E4FB8E4C1BFB075,15,0,9,0,1,osmo1ug54mpujhgp588fyyywes74gm8p4wjgsrrarph,genesis1ug54mpujhgp588fyyywes74gm8p4wjgs4369ns,100000000000000000000,ibc/F16FDC11A7662B86BC0B9CE61871CBACF7C20606F95E86260FD38915184B75B4,transfer/channel-253/el1,,channel-253,channel-1,connection-1539,1341,1.716990397682143E9
15588877|1|5|0|9|1,1.715268811066E9,15588877,block_result,1,CC6A05C5C333489C47E86851CAB08E1AF41CA6FDA8F541677AD95F323FDFBBC8,5,0,9,0,1,osmo1ug54mpujhgp588fyyywes74gm8p4wjgsrrarph,genesis1ug54mpujhgp588fyyywes74gm8p4wjgs4369ns,10000000000000000000,ibc/F16FDC11A7662B86BC0B9CE61871CBACF7C20606F95E86260FD38915184B75B4,transfer/channel-253/el1,,channel-253,channel-1,connection-1539,1342,1.716994945561841E9
16140568|1|9|0|9|1,1.716856812158E9,16140568,block_result,1,89652A7723B391C994965375A09C582FC4343DF748795CD7B5079C96EBA18BCB,9,0,9,0,1,osmo16aypymlama0lk5s8c9s30s09eacpvwnav7ewjv,genesis16aypymlama0lk5s8c9s30s09eacpvwna6v7gqt,4600000000000000000000,ibc/F16FDC11A7662B86BC0B9CE61871CBACF7C20606F95E86260FD38915184B75B4,transfer/channel-253/el1,,channel-253,channel-1,connection-1539,1368,1.716983011966694E9
7036295|1|11|0|7|1,1.669306273598E9,7036295,block_result,1,EE91B57BF01A7F656D6EF7941E2FF67546A00BE5E091316DF1C114D4AD27FB2F,11,0,7,0,1,osmo1043xysa0tjndt6c80ymcgc7u4ksf76w82ttwtl,genesis1043xysa0tjndt6c80ymcgc7u4ksf76w8uevgec,14109225586698083628,ibc/F16FDC11A7662B86BC0B9CE61871CBACF7C20606F95E86260FD38915184B75B4,transfer/channel-253/el1,,channel-253,channel-1,connection-1539,1041,1.717509553856645E9
7037319|1|40|0|7|1,1.669312790175E9,7037319,block_result,1,E4853CF800DAE24EECAA51BC5CBC25D171FCD45A8B33CDE1812DA5405DF41EBC,40,0,7,0,1,osmo18n33ywygvrrzqspewsh7f5c4dkp00le0mjxfr8,genesis18n33ywygvrrzqspewsh7f5c4dkp00le0dqp03q,17792410412030615245,ibc/F16FDC11A7662B86BC0B9CE61871CBACF7C20606F95E86260FD38915184B75B4,transfer/channel-253/el1,,channel-253,channel-1,connection-1539,1042,1.717509645694249E9
7029097|1|1|0|7|1,1.669264419418E9,7029097,block_result,1,BA59F60EDFB3BB242756A20EA9D899520F31031A464B8156E3B6D80A434E5B1A,1,0,7,0,1,osmo1qnlxnneluedfg3lusv8r36t5c0s4r2p0dlsn28,genesis1qnlxnneluedfg3lusv8r36t5c0s4r2p0mdh4cq,22000000000000000000,ibc/F16FDC11A7662B86BC0B9CE61871CBACF7C20606F95E86260FD38915184B75B4,transfer/channel-253/el1,,channel-253,channel-1,connection-1539,1039,1.717501656550842E9
7030191|1|4|0|7|1,1.669270799007E9,7030191,block_result,1,9D8826E9CB5BC7204A2FE1D4B344087CFDB0EB06AF2E85DFC6D1EE0E3DFE91E6,4,0,7,0,1,osmo1qnlxnneluedfg3lusv8r36t5c0s4r2p0dlsn28,genesis1qnlxnneluedfg3lusv8r36t5c0s4r2p0mdh4cq,23000000000000000000,ibc/F16FDC11A7662B86BC0B9CE61871CBACF7C20606F95E86260FD38915184B75B4,transfer/channel-253/el1,,channel-253,channel-1,connection-1539,1040,1.717509696725675E9
