key,block_timestamp,block_height,block_section,block_section_index,tx_hash,tx_index,message_index,event_index,action_index,action_subindex,sender,token_amount,token_denom,pool_id,ingestion_timestamp
58011485|1|0|0|11|2,1.774642108903E9,58011485,block_result,1,B6126FD27EC96F409BA990793AF28BCF483A788D1ECB25F12648013CC0F5B928,0,0,11,0,2,osmo1h4lx8cm0vnrrahjjfgsjp79jjnyspy6wgts952,4.99286463E8,uosmo,732,1.774642112371E9
58011485|1|0|0|11|1,1.774642108903E9,58011485,block_result,1,B6126FD27EC96F409BA990793AF28BCF483A788D1ECB25F12648013CC0F5B928,0,0,11,0,1,osmo1h4lx8cm0vnrrahjjfgsjp79jjnyspy6wgts952,1.211819092040782E21,ibc/F16FDC11A7662B86BC0B9CE61871CBACF7C20606F95E86260FD38915184B75B4,732,1.774642112371E9
6716615|1|39|0|9|2,1.667412647253E9,6716615,block_result,1,3617B99F80A4026DBB403814B3F860B4C09995AA7F8C2919A5374E70E82C38FB,39,0,9,0,2,osmo1s84q7zy0a0f7dchrpj2fk89gyglkwm2eqrzwxu,993457.0,uosmo,732,1.717518458341949E9
6716615|1|39|0|9|1,1.667412647253E9,6716615,block_result,1,3617B99F80A4026DBB403814B3F860B4C09995AA7F8C2919A5374E70E82C38FB,39,0,9,0,1,osmo1s84q7zy0a0f7dchrpj2fk89gyglkwm2eqrzwxu,2.771180781557627E19,ibc/F16FDC11A7662B86BC0B9CE61871CBACF7C20606F95E86260FD38915184B75B4,732,1.717518458341949E9
12055853|1|3|0|9|2,1.698248988969E9,12055853,block_result,1,013484B887CEA5B5D255B41F45A571008B498244E8CF6AC48BC0DD9011529973,3,0,9,0,2,osmo1s84q7zy0a0f7dchrpj2fk89gyglkwm2eqrzwxu,50424.0,uosmo,732,1.71712393669414E9
12055853|1|3|0|9|1,1.698248988969E9,12055853,block_result,1,013484B887CEA5B5D255B41F45A571008B498244E8CF6AC48BC0DD9011529973,3,0,9,0,1,osmo1s84q7zy0a0f7dchrpj2fk89gyglkwm2eqrzwxu,6.180122539568465E17,ibc/F16FDC11A7662B86BC0B9CE61871CBACF7C20606F95E86260FD38915184B75B4,732,1.71712393669414E9
9224924|1|0|0|9|2,1.681793325389E9,9224924,block_result,1,AF50B60F8EFBEFBFDC3924EF7870E5C16335CC168A7F0BA6E6AE1C5F6B9F9454,0,0,9,0,2,osmo17uyvfmejsljqmfgqqzv5y2vqrtaf4nlk87yxdz,259792.0,uosmo,732,1.717448519412279E9
9224924|1|0|0|9|1,1.681793325389E9,9224924,block_result,1,AF50B60F8EFBEFBFDC3924EF7870E5C16335CC168A7F0BA6E6AE1C5F6B9F9454,0,0,9,0,1,osmo17uyvfmejsljqmfgqqzv5y2vqrtaf4nlk87yxdz,7.75314331631665E18,ibc/F16FDC11A7662B86BC0B9CE61871CBACF7C20606F95E86260FD38915184B75B4,732,1.717448519412279E9
9233331|1|0|0|9|1,1.681841335667E9,9233331,block_result,1,69FA847947CA3625ACCB0FC671FE7728A61C26424F4804B0E7D798B7F5E5B7B6,0,0,9,0,1,osmo17uyvfmejsljqmfgqqzv5y2vqrtaf4nlk87yxdz,2.4844574981955326E19,ibc/F16FDC11A7662B86BC0B9CE61871CBACF7C20606F95E86260FD38915184B75B4,732,1.717447181990951E9
9233331|1|0|0|9|2,1.681841335667E9,9233331,block_result,1,69FA847947CA3625ACCB0FC671FE7728A61C26424F4804B0E7D798B7F5E5B7B6,0,0,9,0,2,osmo17uyvfmejsljqmfgqqzv5y2vqrtaf4nlk87yxdz,829937.0,uosmo,732,1.717447181990951E9
9236226|1|2|0|9|2,1.681857741474E9,9236226,block_result,1,D90D1EE890549FACFE46E615D0BA41CC47A3B62EAC43D2F49B0FD9124D74CBFC,2,0,9,0,2,osmo17uyvfmejsljqmfgqqzv5y2vqrtaf4nlk87yxdz,7095703.0,uosmo,732,1.717447128839991E9
9236226|1|2|0|9|1,1.681857741474E9,9236226,block_result,1,D90D1EE890549FACFE46E615D0BA41CC47A3B62EAC43D2F49B0FD9124D74CBFC,2,0,9,0,1,osmo17uyvfmejsljqmfgqqzv5y2vqrtaf4nlk87yxdz,2.1325153913125706E20,ibc/F16FDC11A7662B86BC0B9CE61871CBACF7C20606F95E86260FD38915184B75B4,732,1.717447128839991E9
25480373|1|2|0|11|2,1.733907320355E9,25480373,block_result,1,859599B8E22063E0A5A5DF66F7BD96FAA7411F82A709455AB478EE57C51332F9,2,0,11,0,2,osmo1mw47fsnfw856k0qlw2hc27me4udtq8kkknqal5,2506330.0,uosmo,732,1.733907328976287E9
25480373|1|2|0|11|1,1.733907320355E9,25480373,block_result,1,859599B8E22063E0A5A5DF66F7BD96FAA7411F82A709455AB478EE57C51332F9,2,0,11,0,1,osmo1mw47fsnfw856k0qlw2hc27me4udtq8kkknqal5,1.6558622115567318E20,ibc/F16FDC11A7662B86BC0B9CE61871CBACF7C20606F95E86260FD38915184B75B4,732,1.733907328976287E9
66323379|1|0|0|11|2,1.784060034423E9,66323379,block_result,1,9C81ABD3FAB57749AD69FF803BABEA68319B1808A50F5ECBE3261F14435F71BE,0,0,11,0,2,osmo13k072z6ua8258533glfrrsep4ff6f4j5j3k3pc,1.106681359E10,uosmo,732,1.784060036816E9
66323379|1|0|0|11|1,1.784060034423E9,66323379,block_result,1,9C81ABD3FAB57749AD69FF803BABEA68319B1808A50F5ECBE3261F14435F71BE,0,0,11,0,1,osmo13k072z6ua8258533glfrrsep4ff6f4j5j3k3pc,4.618687069741313E21,ibc/F16FDC11A7662B86BC0B9CE61871CBACF7C20606F95E86260FD38915184B75B4,732,1.784060036816E9
14413214|1|10|0|11|2,1.710985819556E9,14413214,block_result,1,E6B39D96DC7003B5984A5F691E45C3820A340CD2EB00EE0D261F4EC9A90F617B,10,0,11,0,2,osmo16aypymlama0lk5s8c9s30s09eacpvwnav7ewjv,3040396.0,uosmo,732,1.717032864002049E9
14413214|1|10|0|11|1,1.710985819556E9,14413214,block_result,1,E6B39D96DC7003B5984A5F691E45C3820A340CD2EB00EE0D261F4EC9A90F617B,10,0,11,0,1,osmo16aypymlama0lk5s8c9s30s09eacpvwnav7ewjv,1.5437812984443657E20,ibc/F16FDC11A7662B86BC0B9CE61871CBACF7C20606F95E86260FD38915184B75B4,732,1.717032864002049E9
6232689|1|6|0|9|2,1.664478203224E9,6232689,block_result,1,0FE02AD251C2FECAC016D5A8B94B9B9C41AD6D6D98D22FF41E8BEA8EBD06D838,6,0,9,0,2,osmo103v3wy2qccy47jxvnsnxvj3r2lhxcfavn50n9a,6645164.0,uosmo,732,1.717533097423602E9
6232689|1|6|0|9|1,1.664478203224E9,6232689,block_result,1,0FE02AD251C2FECAC016D5A8B94B9B9C41AD6D6D98D22FF41E8BEA8EBD06D838,6,0,9,0,1,osmo103v3wy2qccy47jxvnsnxvj3r2lhxcfavn50n9a,1.0928853145484113E20,ibc/F16FDC11A7662B86BC0B9CE61871CBACF7C20606F95E86260FD38915184B75B4,732,1.717533097423602E9
9193063|1|6|0|9|1,1.681611618724E9,9193063,block_result,1,A661450249871B103F1D85F2344056D3FF633171FB055F75030207E98148BB3A,6,0,9,0,1,osmo17uyvfmejsljqmfgqqzv5y2vqrtaf4nlk87yxdz,2.966845942525847E20,ibc/F16FDC11A7662B86BC0B9CE61871CBACF7C20606F95E86260FD38915184B75B4,732,1.717449250681135E9
9193063|1|6|0|9|2,1.681611618724E9,9193063,block_result,1,A661450249871B103F1D85F2344056D3FF633171FB055F75030207E98148BB3A,6,0,9,0,2,osmo17uyvfmejsljqmfgqqzv5y2vqrtaf4nlk87yxdz,1.0426791E7,uosmo,732,1.717449250681135E9
9195669|1|3|0|9|2,1.681626417225E9,9195669,block_result,1,BD2839F948E87842AFCDD2BF5686BAB28AEEF68A024CD3AF6317CB6E912A3184,3,0,9,0,2,osmo17uyvfmejsljqmfgqqzv5y2vqrtaf4nlk87yxdz,1.0419482E7,uosmo,732,1.717447995021925E9
9195669|1|3|0|9|1,1.681626417225E9,9195669,block_result,1,BD2839F948E87842AFCDD2BF5686BAB28AEEF68A024CD3AF6317CB6E912A3184,3,0,9,0,1,osmo17uyvfmejsljqmfgqqzv5y2vqrtaf4nlk87yxdz,2.968931051347841E20,ibc/F16FDC11A7662B86BC0B9CE61871CBACF7C20606F95E86260FD38915184B75B4,732,1.717447995021925E9
6695605|1|0|0|9|1,1.667287708162E9,6695605,block_result,1,9A6D7712DB852940059C3FE0D25BE58A4C82EC3D2669B65E003E11B5880916D4,0,0,9,0,1,osmo1jvmktcagmc2ve9fmmjjyq4ap5wcren27u9lkgz,3.274908608064986E18,ibc/F16FDC11A7662B86BC0B9CE61871CBACF7C20606F95E86260FD38915184B75B4,732,1.717508838010463E9
6695605|1|0|0|9|2,1.667287708162E9,6695605,block_result,1,9A6D7712DB852940059C3FE0D25BE58A4C82EC3D2669B65E003E11B5880916D4,0,0,9,0,2,osmo1jvmktcagmc2ve9fmmjjyq4ap5wcren27u9lkgz,117219.0,uosmo,732,1.717508838010463E9
23452067|1|2|0|11|1,1.730739749404E9,23452067,block_result,1,69C22BDEBCB82CE2E8C659A1711E4E1C79C620199D0AE53D8C5C9FCBA6454756,2,0,11,0,1,osmo1qksdaex4ws9rdakalcm2yl59uxfcxm5d7cvgma,1.4586999964978573E19,ibc/F16FDC11A7662B86BC0B9CE61871CBACF7C20606F95E86260FD38915184B75B4,732,1.730739753737537E9
23452067|1|2|0|11|2,1.730739749404E9,23452067,block_result,1,69C22BDEBCB82CE2E8C659A1711E4E1C79C620199D0AE53D8C5C9FCBA6454756,2,0,11,0,2,osmo1qksdaex4ws9rdakalcm2yl59uxfcxm5d7cvgma,164338.0,uosmo,732,1.730739753737537E9
6273809|1|15|0|9|1,1.664732724272E9,6273809,block_result,1,49AC60782A6051EECA799A456DF3FB49F0D4D6F6F50D3FCA520A1285115666B9,15,0,9,0,1,osmo14vekl24gryqtgl6celyjzau9629l5hclc3m9ck,5.172136445740286E18,ibc/F16FDC11A7662B86BC0B9CE61871CBACF7C20606F95E86260FD38915184B75B4,732,1.71752368262921E9
6273809|1|15|0|9|2,1.664732724272E9,6273809,block_result,1,49AC60782A6051EECA799A456DF3FB49F0D4D6F6F50D3FCA520A1285115666B9,15,0,9,0,2,osmo14vekl24gryqtgl6celyjzau9629l5hclc3m9ck,338357.0,uosmo,732,1.71752368262921E9
7405537|1|2|0|9|1,1.671458760331E9,7405537,block_result,1,E1F1475ED8C6EDC86E652E5A6D9638FE95391F3884A33A6B757D915864E782F0,2,0,9,0,1,osmo1s84q7zy0a0f7dchrpj2fk89gyglkwm2eqrzwxu,3.2513652428267684E20,ibc/F16FDC11A7662B86BC0B9CE61871CBACF7C20606F95E86260FD38915184B75B4,732,1.717494164743543E9
7405537|1|2|0|9|2,1.671458760331E9,7405537,block_result,1,E1F1475ED8C6EDC86E652E5A6D9638FE95391F3884A33A6B757D915864E782F0,2,0,9,0,2,osmo1s84q7zy0a0f7dchrpj2fk89gyglkwm2eqrzwxu,8457889.0,uosmo,732,1.717494164743543E9
7405639|1|2|0|9|2,1.671459332497E9,7405639,block_result,1,70ACF76C70D5465B4EE512428843FD99548B2EAB72D4C2CD3534CFDE265DF041,2,0,9,0,2,osmo1s84q7zy0a0f7dchrpj2fk89gyglkwm2eqrzwxu,4222705.0,uosmo,732,1.7174941668074E9
7405639|1|2|0|9|1,1.671459332497E9,7405639,block_result,1,70ACF76C70D5465B4EE512428843FD99548B2EAB72D4C2CD3534CFDE265DF041,2,0,9,0,1,osmo1s84q7zy0a0f7dchrpj2fk89gyglkwm2eqrzwxu,1.6243822581531905E20,ibc/F16FDC11A7662B86BC0B9CE61871CBACF7C20606F95E86260FD38915184B75B4,732,1.7174941668074E9
7410537|1|11|0|9|2,1.67148780868E9,7410537,block_result,1,EC41BB332C89B539DA204BC5BDCFF2CD601F87305545F08C2842525819EE5813,11,0,9,0,2,osmo1wfwqp447e2kl5hz5nyvzgurrm02tyrfv3cpnxr,54544.0,uosmo,732,1.717494261154719E9
7410537|1|11|0|9|1,1.67148780868E9,7410537,block_result,1,EC41BB332C89B539DA204BC5BDCFF2CD601F87305545F08C2842525819EE5813,11,0,9,0,1,osmo1wfwqp447e2kl5hz5nyvzgurrm02tyrfv3cpnxr,2.093902812801457E18,ibc/F16FDC11A7662B86BC0B9CE61871CBACF7C20606F95E86260FD38915184B75B4,732,1.717494261154719E9
6159595|1|2|0|9|2,1.664029914752E9,6159595,block_result,1,D84F24E107F25E7BDC3B1B9C5273DCED77CD1B21EA197A7CD49C63EFDA5AEB0C,2,0,9,0,2,osmo1g0ezv8rz38psvuguy2w5rgngpkk3cyxupe9yg4,36507.0,uosmo,732,1.71753628593416E9
6159595|1|2|0|9|1,1.664029914752E9,6159595,block_result,1,D84F24E107F25E7BDC3B1B9C5273DCED77CD1B21EA197A7CD49C63EFDA5AEB0C,2,0,9,0,1,osmo1g0ezv8rz38psvuguy2w5rgngpkk3cyxupe9yg4,6.642409072474166E17,ibc/F16FDC11A7662B86BC0B9CE61871CBACF7C20606F95E86260FD38915184B75B4,732,1.71753628593416E9
4696392|1|0|0|9|2,1.654548862378E9,4696392,block_result,1,2B8F9A1E7ECBF227F2A53D97C00B4590F6D4A6938087B9F3CDD08EE03FE63DC0,0,0,9,0,2,osmo10yu8w9p4p0szf2xwhtndmfjnp0gfk4j7j3azdm,8.48502132E8,uosmo,732,1.717584558607687E9
4696392|1|0|0|9|1,1.654548862378E9,4696392,block_result,1,2B8F9A1E7ECBF227F2A53D97C00B4590F6D4A6938087B9F3CDD08EE03FE63DC0,0,0,9,0,1,osmo10yu8w9p4p0szf2xwhtndmfjnp0gfk4j7j3azdm,3.34273998435181E22,ibc/F16FDC11A7662B86BC0B9CE61871CBACF7C20606F95E86260FD38915184B75B4,732,1.717584558607687E9
5697785|1|5|0|9|2,1.661191742218E9,5697785,block_result,1,6740312AAE4B598AFA6010682233D69BB6A237C0C030CE40F2188F82D300D1CB,5,0,9,0,2,osmo13gfc7vp64lr8kcsyjpafskscuzeat49rtyc2mr,422768.0,uosmo,732,1.717555768183673E9
5697785|1|5|0|9|1,1.661191742218E9,5697785,block_result,1,6740312AAE4B598AFA6010682233D69BB6A237C0C030CE40F2188F82D300D1CB,5,0,9,0,1,osmo13gfc7vp64lr8kcsyjpafskscuzeat49rtyc2mr,7.132867968032029E18,ibc/F16FDC11A7662B86BC0B9CE61871CBACF7C20606F95E86260FD38915184B75B4,732,1.717555768183673E9
5826162|1|3|0|9|2,1.661984504862E9,5826162,block_result,1,92012A6B08ABCA600C196B3B39CE0A55A59D5BA117D2F0B424377444932CB512,3,0,9,0,2,osmo1v5k4st3duzftjsrd4m82gwvz8aygcgz8txtq5l,800864.0,uosmo,732,1.717544426077711E9
5826162|1|3|0|9|1,1.661984504862E9,5826162,block_result,1,92012A6B08ABCA600C196B3B39CE0A55A59D5BA117D2F0B424377444932CB512,3,0,9,0,1,osmo1v5k4st3duzftjsrd4m82gwvz8aygcgz8txtq5l,1.2871258951342914E19,ibc/F16FDC11A7662B86BC0B9CE61871CBACF7C20606F95E86260FD38915184B75B4,732,1.717544426077711E9
7319848|1|3|0|9|1,1.670963642558E9,7319848,block_result,1,B8C39EDB255B662A5D47AF7216D72256DE71CE3A782D1E37C5E356A990BFABE0,3,0,9,0,1,osmo1tg8he6zqlust7alpx5tq5fcmwm237xqg0a2pat,6.627455566834599E18,ibc/F16FDC11A7662B86BC0B9CE61871CBACF7C20606F95E86260FD38915184B75B4,732,1.717496469961041E9
7319848|1|3|0|9|2,1.670963642558E9,7319848,block_result,1,B8C39EDB255B662A5D47AF7216D72256DE71CE3A782D1E37C5E356A990BFABE0,3,0,9,0,2,osmo1tg8he6zqlust7alpx5tq5fcmwm237xqg0a2pat,124970.0,uosmo,732,1.717496469961041E9
5713562|1|24|0|9|1,1.661289137581E9,5713562,block_result,1,5A4ADE99277F8A885492CC876B7C0CE96833EF1534C8613ACE3251DA38408B8D,24,0,9,0,1,osmo1m9wr2ey7lh3l7h4grvfty96zfdtjvwz3yen28w,1.1837926293743299E18,ibc/F16FDC11A7662B86BC0B9CE61871CBACF7C20606F95E86260FD38915184B75B4,732,1.717554834897533E9
5713562|1|24|0|9|2,1.661289137581E9,5713562,block_result,1,5A4ADE99277F8A885492CC876B7C0CE96833EF1534C8613ACE3251DA38408B8D,24,0,9,0,2,osmo1m9wr2ey7lh3l7h4grvfty96zfdtjvwz3yen28w,69664.0,uosmo,732,1.717554834897533E9
66223490|1|0|0|11|2,1.783946015043E9,66223490,block_result,1,8599E732806DDFCA3FF10B4EBE28E0322CF812391D279DA69A13D4BF6CB394D8,0,0,11,0,2,osmo13k072z6ua8258533glfrrsep4ff6f4j5j3k3pc,1.3819381299E10,uosmo,732,1.783946017672E9
66223490|1|0|0|11|1,1.783946015043E9,66223490,block_result,1,8599E732806DDFCA3FF10B4EBE28E0322CF812391D279DA69A13D4BF6CB394D8,0,0,11,0,1,osmo13k072z6ua8258533glfrrsep4ff6f4j5j3k3pc,6.700275766739806E21,ibc/F16FDC11A7662B86BC0B9CE61871CBACF7C20606F95E86260FD38915184B75B4,732,1.783946017672E9
68985332|1|0|0|11|2,1.787339568978E9,68985332,block_result,1,072C6382FFD31CC87E8E6D7EA5EFA98C3D834B4E3DABB20BC438712B7C76F9BB,0,0,11,0,2,osmo14jyz5lnr63nqva6xcppf05hnv64e7gwsc27z7q,5.346557526E9,uosmo,732,1.787339675882E9
68985332|1|0|0|11|1,1.787339568978E9,68985332,block_result,1,072C6382FFD31CC87E8E6D7EA5EFA98C3D834B4E3DABB20BC438712B7C76F9BB,0,0,11,0,1,osmo14jyz5lnr63nqva6xcppf05hnv64e7gwsc27z7q,1.3823302667368603E21,ibc/F16FDC11A7662B86BC0B9CE61871CBACF7C20606F95E86260FD38915184B75B4,732,1.787339675882E9
18113889|1|1|0|11|1,1.721323382757E9,18113889,block_result,1,638DC5E3BDFE6A637C314D2BEB6FCED733903F7D0DEDB25F68C528D1C7DF0D80,1,0,11,0,1,osmo16hp7wzudkeyw6fvgvalm0fh3elp9czhf9l3k7l,2.0113075415911773E17,ibc/F16FDC11A7662B86BC0B9CE61871CBACF7C20606F95E86260FD38915184B75B4,732,1.721323442922968E9
18113889|1|1|0|11|2,1.721323382757E9,18113889,block_result,1,638DC5E3BDFE6A637C314D2BEB6FCED733903F7D0DEDB25F68C528D1C7DF0D80,1,0,11,0,2,osmo16hp7wzudkeyw6fvgvalm0fh3elp9czhf9l3k7l,3033.0,uosmo,732,1.721323442922968E9
6206098|1|7|0|9|2,1.664315026254E9,6206098,block_result,1,DBE6D006DFF72D3019CCA54495A4719FA1F40A6A5E7D3DB4365FDBCEB1F434EA,7,0,9,0,2,osmo1czxfjwladw79wrzjsjhxtphxmcutmtxxg0ht3f,1549521.0,uosmo,732,1.717533185609488E9
6206098|1|7|0|9|1,1.664315026254E9,6206098,block_result,1,DBE6D006DFF72D3019CCA54495A4719FA1F40A6A5E7D3DB4365FDBCEB1F434EA,7,0,9,0,1,osmo1czxfjwladw79wrzjsjhxtphxmcutmtxxg0ht3f,2.8622864303860244E19,ibc/F16FDC11A7662B86BC0B9CE61871CBACF7C20606F95E86260FD38915184B75B4,732,1.717533185609488E9
23409859|1|4|0|11|1,1.730672602906E9,23409859,block_result,1,97FF84CEB18320E964B109F49736020D653C59FEA319FD5E2D5FE49332C9E7C0,4,0,11,0,1,osmo16aypymlama0lk5s8c9s30s09eacpvwnav7ewjv,8.041333155857978E20,ibc/F16FDC11A7662B86BC0B9CE61871CBACF7C20606F95E86260FD38915184B75B4,732,1.730672606918341E9
23409859|1|4|0|11|2,1.730672602906E9,23409859,block_result,1,97FF84CEB18320E964B109F49736020D653C59FEA319FD5E2D5FE49332C9E7C0,4,0,11,0,2,osmo16aypymlama0lk5s8c9s30s09eacpvwnav7ewjv,9137033.0,uosmo,732,1.730672606918341E9
30313820|1|5|0|11|1,1.740471927363E9,30313820,block_result,1,27E250B3E1C4D139BD137FE8B07B4B524890EEF54F5087B966A15C36C3E35E01,5,0,11,0,1,osmo16aypymlama0lk5s8c9s30s09eacpvwnav7ewjv,8.227158464463054E21,ibc/F16FDC11A7662B86BC0B9CE61871CBACF7C20606F95E86260FD38915184B75B4,732,1.741443938247537E9
30313820|1|5|0|11|2,1.740471927363E9,30313820,block_result,1,27E250B3E1C4D139BD137FE8B07B4B524890EEF54F5087B966A15C36C3E35E01,5,0,11,0,2,osmo16aypymlama0lk5s8c9s30s09eacpvwnav7ewjv,3.59833235E8,uosmo,732,1.741443938247537E9
5685895|1|3|0|9|2,1.661118336629E9,5685895,block_result,1,79AFCA054D5A6F2A45B0305BA319C37A0C72AB535BF251D2605903C47F2E3BF9,3,0,9,0,2,osmo1vv8cx3t0224c95lgnv9ths7j2g5wt052zz0v6g,653164.0,uosmo,732,1.717545711659196E9
5685895|1|3|0|9|1,1.661118336629E9,5685895,block_result,1,79AFCA054D5A6F2A45B0305BA319C37A0C72AB535BF251D2605903C47F2E3BF9,3,0,9,0,1,osmo1vv8cx3t0224c95lgnv9ths7j2g5wt052zz0v6g,1.1428920198920047E19,ibc/F16FDC11A7662B86BC0B9CE61871CBACF7C20606F95E86260FD38915184B75B4,732,1.717545711659196E9
14494153|1|44|0|11|2,1.711380021679E9,14494153,block_result,1,5400CE684D534FC3CF1D45D7B58A11616B5B61286852B712FA0190C925177FBC,44,0,11,0,2,osmo1g3783muz65jmtljev4nm292dy3fkr5sqn4meag,49723.0,uosmo,732,1.717030228935152E9
14494153|1|44|0|11|1,1.711380021679E9,14494153,block_result,1,5400CE684D534FC3CF1D45D7B58A11616B5B61286852B712FA0190C925177FBC,44,0,11,0,1,osmo1g3783muz65jmtljev4nm292dy3fkr5sqn4meag,2.0725129006038684E18,ibc/F16FDC11A7662B86BC0B9CE61871CBACF7C20606F95E86260FD38915184B75B4,732,1.717030228935152E9
64409836|1|0|0|11|1,1.781848498456E9,64409836,block_result,1,339D986D7C3250FF2EB10C9459D2EEB95369DDFFAFF9C8331E0871FC035EA34A,0,0,11,0,1,osmo16aypymlama0lk5s8c9s30s09eacpvwnav7ewjv,8.687202894232949E20,ibc/F16FDC11A7662B86BC0B9CE61871CBACF7C20606F95E86260FD38915184B75B4,732,1.781848500798E9
64409836|1|0|0|11|2,1.781848498456E9,64409836,block_result,1,339D986D7C3250FF2EB10C9459D2EEB95369DDFFAFF9C8331E0871FC035EA34A,0,0,11,0,2,osmo16aypymlama0lk5s8c9s30s09eacpvwnav7ewjv,7.95713557E8,uosmo,732,1.781848500798E9
6280732|1|0|0|9|2,1.664774256623E9,6280732,block_result,1,F40BFA3F30659E3E0E4051EBED9D443EFD63C3B31AE517B90FFA395E7C1389F7,0,0,9,0,2,osmo19l9wsymdh3mp7munzrlk8rs03ttnu2uaujyktu,2322280.0,uosmo,732,1.717523565584006E9
6280732|1|0|0|9|1,1.664774256623E9,6280732,block_result,1,F40BFA3F30659E3E0E4051EBED9D443EFD63C3B31AE517B90FFA395E7C1389F7,0,0,9,0,1,osmo19l9wsymdh3mp7munzrlk8rs03ttnu2uaujyktu,3.499678547753483E19,ibc/F16FDC11A7662B86BC0B9CE61871CBACF7C20606F95E86260FD38915184B75B4,732,1.717523565584006E9
6279453|1|0|0|9|1,1.664766598631E9,6279453,block_result,1,4F82C05E46590B7A66FC9AC18017A1362DE96C33CF56D5F174850E5B406E4EBB,0,0,9,0,1,osmo16aypymlama0lk5s8c9s30s09eacpvwnav7ewjv,2.832367684358872E20,ibc/F16FDC11A7662B86BC0B9CE61871CBACF7C20606F95E86260FD38915184B75B4,732,1.717523579576404E9
6279453|1|0|0|9|2,1.664766598631E9,6279453,block_result,1,4F82C05E46590B7A66FC9AC18017A1362DE96C33CF56D5F174850E5B406E4EBB,0,0,9,0,2,osmo16aypymlama0lk5s8c9s30s09eacpvwnav7ewjv,1.8830046E7,uosmo,732,1.717523579576404E9
6278119|1|3|0|9|2,1.664758637617E9,6278119,block_result,1,455E75B25C83FB776D22938B6096876972F2D2183567ADE38252501D924178FC,3,0,9,0,2,osmo16aypymlama0lk5s8c9s30s09eacpvwnav7ewjv,1.2561208E7,uosmo,732,1.717530884333223E9
6278119|1|3|0|9|1,1.664758637617E9,6278119,block_result,1,455E75B25C83FB776D22938B6096876972F2D2183567ADE38252501D924178FC,3,0,9,0,1,osmo16aypymlama0lk5s8c9s30s09eacpvwnav7ewjv,1.8870635993751182E20,ibc/F16FDC11A7662B86BC0B9CE61871CBACF7C20606F95E86260FD38915184B75B4,732,1.717530884333223E9
7011205|1|21|0|9|1,1.669159337946E9,7011205,block_result,1,C60F5C59E9901BA313C33AC819D2D2F3C3E3BF675259B0C523D9F272311F638E,21,0,9,0,1,osmo1s84q7zy0a0f7dchrpj2fk89gyglkwm2eqrzwxu,2.2358164293507568E19,ibc/F16FDC11A7662B86BC0B9CE61871CBACF7C20606F95E86260FD38915184B75B4,732,1.717502215806319E9
7011205|1|21|0|9|2,1.669159337946E9,7011205,block_result,1,C60F5C59E9901BA313C33AC819D2D2F3C3E3BF675259B0C523D9F272311F638E,21,0,9,0,2,osmo1s84q7zy0a0f7dchrpj2fk89gyglkwm2eqrzwxu,489384.0,uosmo,732,1.717502215806319E9
7938999|1|3|0|9|2,1.674500341307E9,7938999,block_result,1,92BE7DFA969A9DCD360A4F14D29B229FD8C0735CA040ADC85377F0DB594DA560,3,0,9,0,2,osmo1s84q7zy0a0f7dchrpj2fk89gyglkwm2eqrzwxu,3030298.0,uosmo,732,1.717480439256605E9
7938999|1|3|0|9|1,1.674500341307E9,7938999,block_result,1,92BE7DFA969A9DCD360A4F14D29B229FD8C0735CA040ADC85377F0DB594DA560,3,0,9,0,1,osmo1s84q7zy0a0f7dchrpj2fk89gyglkwm2eqrzwxu,9.074257435866505E19,ibc/F16FDC11A7662B86BC0B9CE61871CBACF7C20606F95E86260FD38915184B75B4,732,1.717480439256605E9
7939014|1|1|0|9|2,1.67450043497E9,7939014,block_result,1,A7BA6C5A3A16533C29F6C438F817D4D07CF1818689EE7089E095EF889B15FD35,1,0,9,0,2,osmo1s84q7zy0a0f7dchrpj2fk89gyglkwm2eqrzwxu,1513392.0,uosmo,732,1.717480442769522E9
7939014|1|1|0|9|1,1.67450043497E9,7939014,block_result,1,A7BA6C5A3A16533C29F6C438F817D4D07CF1818689EE7089E095EF889B15FD35,1,0,9,0,1,osmo1s84q7zy0a0f7dchrpj2fk89gyglkwm2eqrzwxu,4.532834127035187E19,ibc/F16FDC11A7662B86BC0B9CE61871CBACF7C20606F95E86260FD38915184B75B4,732,1.717480442769522E9
7938923|1|15|0|9|2,1.674499913315E9,7938923,block_result,1,D41C52AA27D534508274C11D4CF4BD1A0F2435C8411B841623E61211F77C1A91,15,0,9,0,2,osmo1s84q7zy0a0f7dchrpj2fk89gyglkwm2eqrzwxu,6068606.0,uosmo,732,1.717480442956249E9
7938923|1|15|0|9|1,1.674499913315E9,7938923,block_result,1,D41C52AA27D534508274C11D4CF4BD1A0F2435C8411B841623E61211F77C1A91,15,0,9,0,1,osmo1s84q7zy0a0f7dchrpj2fk89gyglkwm2eqrzwxu,1.816473562724638E20,ibc/F16FDC11A7662B86BC0B9CE61871CBACF7C20606F95E86260FD38915184B75B4,732,1.717480442956249E9
7939097|1|4|0|9|1,1.674500908832E9,7939097,block_result,1,E75A4FC857B392E4ABB6BC437E0F2C3105689123F16A52DCF525009F09ED48E0,4,0,9,0,1,osmo1s84q7zy0a0f7dchrpj2fk89gyglkwm2eqrzwxu,2.2637116362507727E19,ibc/F16FDC11A7662B86BC0B9CE61871CBACF7C20606F95E86260FD38915184B75B4,732,1.717480444299702E9
7939097|1|4|0|9|2,1.674500908832E9,7939097,block_result,1,E75A4FC857B392E4ABB6BC437E0F2C3105689123F16A52DCF525009F09ED48E0,4,0,9,0,2,osmo1s84q7zy0a0f7dchrpj2fk89gyglkwm2eqrzwxu,755712.0,uosmo,732,1.717480444299702E9
7938908|1|15|0|9|1,1.674499827999E9,7938908,block_result,1,86E3E1E4BD5AC8B187C64FC13D0D7FA37292CE1450B09B250A786A88DDF3A481,15,0,9,0,1,osmo1s84q7zy0a0f7dchrpj2fk89gyglkwm2eqrzwxu,3.635803947404861E20,ibc/F16FDC11A7662B86BC0B9CE61871CBACF7C20606F95E86260FD38915184B75B4,732,1.717480451076219E9
7938908|1|15|0|9|2,1.674499827999E9,7938908,block_result,1,86E3E1E4BD5AC8B187C64FC13D0D7FA37292CE1450B09B250A786A88DDF3A481,15,0,9,0,2,osmo1s84q7zy0a0f7dchrpj2fk89gyglkwm2eqrzwxu,1.215715E7,uosmo,732,1.717480451076219E9
7938888|1|6|0|9|1,1.67449971669E9,7938888,block_result,1,D5C05680C424AC4C7C387C1D9EA9B96FC2ECD647342F575EF8B0B9FC80DAAB0E,6,0,9,0,1,osmo1s84q7zy0a0f7dchrpj2fk89gyglkwm2eqrzwxu,7.275762832569101E20,ibc/F16FDC11A7662B86BC0B9CE61871CBACF7C20606F95E86260FD38915184B75B4,732,1.71748045279361E9
7938888|1|6|0|9|2,1.67449971669E9,7938888,block_result,1,D5C05680C424AC4C7C387C1D9EA9B96FC2ECD647342F575EF8B0B9FC80DAAB0E,6,0,9,0,2,osmo1s84q7zy0a0f7dchrpj2fk89gyglkwm2eqrzwxu,2.4369887E7,uosmo,732,1.71748045279361E9
7938831|1|14|0|9|2,1.674499396613E9,7938831,block_result,1,5FF7A09A674DCFC73C6A51A985DA81F44BF82FCBC8E05C593FCEDC7E6C8E6E1F,14,0,9,0,2,osmo1s84q7zy0a0f7dchrpj2fk89gyglkwm2eqrzwxu,2.2022986E7,uosmo,732,1.717480491331364E9
7938831|1|14|0|9|1,1.674499396613E9,7938831,block_result,1,5FF7A09A674DCFC73C6A51A985DA81F44BF82FCBC8E05C593FCEDC7E6C8E6E1F,14,0,9,0,1,osmo1s84q7zy0a0f7dchrpj2fk89gyglkwm2eqrzwxu,6.552581719493564E20,ibc/F16FDC11A7662B86BC0B9CE61871CBACF7C20606F95E86260FD38915184B75B4,732,1.717480491331364E9
8598481|1|18|0|9|2,1.678217492572E9,8598481,block_result,1,F3DADB7CF80AD053197BAAD0855D49603E692BCCE57413D6C69F299C618EF732,18,0,9,0,2,osmo1s84q7zy0a0f7dchrpj2fk89gyglkwm2eqrzwxu,1257413.0,uosmo,732,1.717462121387528E9
8598481|1|18|0|9|1,1.678217492572E9,8598481,block_result,1,F3DADB7CF80AD053197BAAD0855D49603E692BCCE57413D6C69F299C618EF732,18,0,9,0,1,osmo1s84q7zy0a0f7dchrpj2fk89gyglkwm2eqrzwxu,2.3804137196025192E19,ibc/F16FDC11A7662B86BC0B9CE61871CBACF7C20606F95E86260FD38915184B75B4,732,1.717462121387528E9
8598472|1|16|0|9|1,1.678217439628E9,8598472,block_result,1,0B01CA82F72D30C9F977FAA7D2E8A8D88BD188B08182242B56A8D48209C140A5,16,0,9,0,1,osmo1s84q7zy0a0f7dchrpj2fk89gyglkwm2eqrzwxu,4.765425723152907E19,ibc/F16FDC11A7662B86BC0B9CE61871CBACF7C20606F95E86260FD38915184B75B4,732,1.71746212399559E9
8598472|1|16|0|9|2,1.678217439628E9,8598472,block_result,1,0B01CA82F72D30C9F977FAA7D2E8A8D88BD188B08182242B56A8D48209C140A5,16,0,9,0,2,osmo1s84q7zy0a0f7dchrpj2fk89gyglkwm2eqrzwxu,2517607.0,uosmo,732,1.71746212399559E9
8598457|1|7|0|9|2,1.678217350876E9,8598457,block_result,1,F4E0D4F6927E081258B953FD588727D4B1C2ABD810E3F5E760681B38F5BBE709,7,0,9,0,2,osmo1s84q7zy0a0f7dchrpj2fk89gyglkwm2eqrzwxu,1.0096965E7,uosmo,732,1.717462125149425E9
8598457|1|7|0|9|1,1.678217350876E9,8598457,block_result,1,F4E0D4F6927E081258B953FD588727D4B1C2ABD810E3F5E760681B38F5BBE709,7,0,9,0,1,osmo1s84q7zy0a0f7dchrpj2fk89gyglkwm2eqrzwxu,1.9095854047123813E20,ibc/F16FDC11A7662B86BC0B9CE61871CBACF7C20606F95E86260FD38915184B75B4,732,1.717462125149425E9
8598448|1|21|0|9|1,1.678217295434E9,8598448,block_result,1,3A3F35D449F387666E004499A0761E386DA707542604A4CFFA925CFBE78AF7C7,21,0,9,0,1,osmo1s84q7zy0a0f7dchrpj2fk89gyglkwm2eqrzwxu,3.8218171100675965E20,ibc/F16FDC11A7662B86BC0B9CE61871CBACF7C20606F95E86260FD38915184B75B4,732,1.717462125723264E9
8598448|1|21|0|9|2,1.678217295434E9,8598448,block_result,1,3A3F35D449F387666E004499A0761E386DA707542604A4CFFA925CFBE78AF7C7,21,0,9,0,2,osmo1s84q7zy0a0f7dchrpj2fk89gyglkwm2eqrzwxu,2.0230639E7,uosmo,732,1.717462125723264E9
8598463|1|7|0|9|1,1.678217387487E9,8598463,block_result,1,C2C06BAF1B0EDE728FB6BE3941AF3878671CB501D1E985B099C539114946B52F,7,0,9,0,1,osmo1s84q7zy0a0f7dchrpj2fk89gyglkwm2eqrzwxu,9.539721308595213E19,ibc/F16FDC11A7662B86BC0B9CE61871CBACF7C20606F95E86260FD38915184B75B4,732,1.717462126167475E9
8598463|1|7|0|9|2,1.678217387487E9,8598463,block_result,1,C2C06BAF1B0EDE728FB6BE3941AF3878671CB501D1E985B099C539114946B52F,7,0,9,0,2,osmo1s84q7zy0a0f7dchrpj2fk89gyglkwm2eqrzwxu,5041313.0,uosmo,732,1.717462126167475E9
8597475|1|5|0|9|1,1.678211763545E9,8597475,block_result,1,AF180CC269CDAE7D0E5CDC7E3A56AAB2D639B216B2F91232E73D533131B00C60,5,0,9,0,1,osmo1s84q7zy0a0f7dchrpj2fk89gyglkwm2eqrzwxu,2.378207184829076E19,ibc/F16FDC11A7662B86BC0B9CE61871CBACF7C20606F95E86260FD38915184B75B4,732,1.717463241610888E9
8597475|1|5|0|9|2,1.678211763545E9,8597475,block_result,1,AF180CC269CDAE7D0E5CDC7E3A56AAB2D639B216B2F91232E73D533131B00C60,5,0,9,0,2,osmo1s84q7zy0a0f7dchrpj2fk89gyglkwm2eqrzwxu,1260801.0,uosmo,732,1.717463241610888E9
8590455|1|2|0|9|2,1.678171525475E9,8590455,block_result,1,8EA30882C0A592DEF0FA7526997068BC2EFBBC77AE713C5F0C180D61E024037B,2,0,9,0,2,osmo12960s7qmmxcewmtyh5gf95dlg3yl7vh22xq9kx,3.001867807E9,uosmo,732,1.717463272107092E9
8590455|1|2|0|9|1,1.678171525475E9,8590455,block_result,1,8EA30882C0A592DEF0FA7526997068BC2EFBBC77AE713C5F0C180D61E024037B,2,0,9,0,1,osmo12960s7qmmxcewmtyh5gf95dlg3yl7vh22xq9kx,7.498879958252419E22,ibc/F16FDC11A7662B86BC0B9CE61871CBACF7C20606F95E86260FD38915184B75B4,732,1.717463272107092E9
8590491|1|19|0|9|1,1.678171737341E9,8590491,block_result,1,DD3D17D612D8DEFA47738F4BE78A4A90269E14AFE06505C4B0CA3FCD959FCC12,19,0,9,0,1,osmo12960s7qmmxcewmtyh5gf95dlg3yl7vh22xq9kx,5.855918023769541E22,ibc/F16FDC11A7662B86BC0B9CE61871CBACF7C20606F95E86260FD38915184B75B4,732,1.71746327239412E9
8590491|1|19|0|9|2,1.678171737341E9,8590491,block_result,1,DD3D17D612D8DEFA47738F4BE78A4A90269E14AFE06505C4B0CA3FCD959FCC12,19,0,9,0,2,osmo12960s7qmmxcewmtyh5gf95dlg3yl7vh22xq9kx,2.652477582E9,uosmo,732,1.71746327239412E9
8590390|1|6|0|9|2,1.678171176952E9,8590390,block_result,1,B41E22F3FD4464AAAF6F0793196E20D971A92684A4C614E52BFC5A762A3A2C44,6,0,9,0,2,osmo12960s7qmmxcewmtyh5gf95dlg3yl7vh22xq9kx,6.7467588E8,uosmo,732,1.717463272718764E9
8590390|1|6|0|9|1,1.678171176952E9,8590390,block_result,1,B41E22F3FD4464AAAF6F0793196E20D971A92684A4C614E52BFC5A762A3A2C44,6,0,9,0,1,osmo12960s7qmmxcewmtyh5gf95dlg3yl7vh22xq9kx,1.1883138484558218E22,ibc/F16FDC11A7662B86BC0B9CE61871CBACF7C20606F95E86260FD38915184B75B4,732,1.717463272718764E9
8590463|1|19|0|9|2,1.678171578768E9,8590463,block_result,1,F18650EE8B4BC76A4774EB5C49E2F8FB5181AC312A1D166D59D5F827D47667AA,19,0,9,0,2,osmo12960s7qmmxcewmtyh5gf95dlg3yl7vh22xq9kx,1.323716798E9,uosmo,732,1.71746327500652E9
8590463|1|19|0|9|1,1.678171578768E9,8590463,block_result,1,F18650EE8B4BC76A4774EB5C49E2F8FB5181AC312A1D166D59D5F827D47667AA,19,0,9,0,1,osmo12960s7qmmxcewmtyh5gf95dlg3yl7vh22xq9kx,3.947105263011872E22,ibc/F16FDC11A7662B86BC0B9CE61871CBACF7C20606F95E86260FD38915184B75B4,732,1.71746327500652E9
8590383|1|10|0|9|1,1.678171137392E9,8590383,block_result,1,BB634611CF8DFA3187A0FD8EDD67A78FBC1363C912735D94FA037D1427FF2E5C,10,0,9,0,1,osmo12960s7qmmxcewmtyh5gf95dlg3yl7vh22xq9kx,2.509874152603398E22,ibc/F16FDC11A7662B86BC0B9CE61871CBACF7C20606F95E86260FD38915184B75B4,732,1.717463376376939E9
8590383|1|10|0|9|2,1.678171137392E9,8590383,block_result,1,BB634611CF8DFA3187A0FD8EDD67A78FBC1363C912735D94FA037D1427FF2E5C,10,0,9,0,2,osmo12960s7qmmxcewmtyh5gf95dlg3yl7vh22xq9kx,1.327013986E9,uosmo,732,1.717463376376939E9
8590374|1|16|0|9|2,1.678171078127E9,8590374,block_result,1,91B37E90120D2474A5AE1238AEDC372E0891D7F89BBB2CFEDBD102F80961D209,16,0,9,0,2,osmo12960s7qmmxcewmtyh5gf95dlg3yl7vh22xq9kx,1.565732598E9,uosmo,732,1.717463430070588E9
8590374|1|16|0|9|1,1.678171078127E9,8590374,block_result,1,91B37E90120D2474A5AE1238AEDC372E0891D7F89BBB2CFEDBD102F80961D209,16,0,9,0,1,osmo12960s7qmmxcewmtyh5gf95dlg3yl7vh22xq9kx,3.4153352625141274E22,ibc/F16FDC11A7662B86BC0B9CE61871CBACF7C20606F95E86260FD38915184B75B4,732,1.717463430070588E9
8590471|1|2|0|9|1,1.678171621399E9,8590471,block_result,1,6E49C5317618E06555620E86131F0BBF848D42587B6F3851C1A8E219D9A28D5B,2,0,9,0,1,osmo12960s7qmmxcewmtyh5gf95dlg3yl7vh22xq9kx,2.015284217270102E22,ibc/F16FDC11A7662B86BC0B9CE61871CBACF7C20606F95E86260FD38915184B75B4,732,1.717463528764033E9
8590471|1|2|0|9|2,1.678171621399E9,8590471,block_result,1,6E49C5317618E06555620E86131F0BBF848D42587B6F3851C1A8E219D9A28D5B,2,0,9,0,2,osmo12960s7qmmxcewmtyh5gf95dlg3yl7vh22xq9kx,6.18655048E8,uosmo,732,1.717463528764033E9
14474369|1|3|0|11|2,1.711285370971E9,14474369,block_result,1,31C508E05EBA8B85C21C699F2B128ADE88FFA6D09F5CA324175F0B9687B4182E,3,0,11,0,2,osmo19h65cmarqlpaz80ja26jtn4gamuvwla00r0f66,4.5124038E7,uosmo,732,1.717030436418823E9
14474369|1|3|0|11|1,1.711285370971E9,14474369,block_result,1,31C508E05EBA8B85C21C699F2B128ADE88FFA6D09F5CA324175F0B9687B4182E,3,0,11,0,1,osmo19h65cmarqlpaz80ja26jtn4gamuvwla00r0f66,2.3733285727645954E21,ibc/F16FDC11A7662B86BC0B9CE61871CBACF7C20606F95E86260FD38915184B75B4,732,1.717030436418823E9
6977605|1|2|0|9|1,1.668960422796E9,6977605,block_result,1,ED9EC1651BB37F72E274E5C2539E5B9B7A4F391A11C0844856A3FF5E02A0EEA0,2,0,9,0,1,osmo1jmcqdyh9auemdr35xnqsywpagd9ty3yxqqgh55,1.6627397298378529E19,ibc/F16FDC11A7662B86BC0B9CE61871CBACF7C20606F95E86260FD38915184B75B4,732,1.717502549836057E9
6977605|1|2|0|9|2,1.668960422796E9,6977605,block_result,1,ED9EC1651BB37F72E274E5C2539E5B9B7A4F391A11C0844856A3FF5E02A0EEA0,2,0,9,0,2,osmo1jmcqdyh9auemdr35xnqsywpagd9ty3yxqqgh55,369838.0,uosmo,732,1.717502549836057E9
6469359|1|14|0|9|1,1.665933354254E9,6469359,block_result,1,5BBD2E7E9B0C2207817A564D76D74C2A38CCD5A5F00F638DFAF85EFEB7EB25D5,14,0,9,0,1,osmo1hqyr7t0shsqfl303cp7ea03fs2lfc5npavgtx7,1.1882024025990007E19,ibc/F16FDC11A7662B86BC0B9CE61871CBACF7C20606F95E86260FD38915184B75B4,732,1.717516159364709E9
6469359|1|14|0|9|2,1.665933354254E9,6469359,block_result,1,5BBD2E7E9B0C2207817A564D76D74C2A38CCD5A5F00F638DFAF85EFEB7EB25D5,14,0,9,0,2,osmo1hqyr7t0shsqfl303cp7ea03fs2lfc5npavgtx7,663767.0,uosmo,732,1.717516159364709E9
15302920|1|0|0|11|2,1.714356296084E9,15302920,block_result,1,3EA8FB5792CBA1452C03C1483E69716435F2AE4C7187FC8F1DDDB0BAA8E0B399,0,0,11,0,2,osmo1s84q7zy0a0f7dchrpj2fk89gyglkwm2eqrzwxu,1.9383756E7,uosmo,732,1.717004485047964E9
15302920|1|0|0|11|1,1.714356296084E9,15302920,block_result,1,3EA8FB5792CBA1452C03C1483E69716435F2AE4C7187FC8F1DDDB0BAA8E0B399,0,0,11,0,1,osmo1s84q7zy0a0f7dchrpj2fk89gyglkwm2eqrzwxu,8.928972339017875E20,ibc/F16FDC11A7662B86BC0B9CE61871CBACF7C20606F95E86260FD38915184B75B4,732,1.717004485047964E9
63192621|1|0|0|11|1,1.780446760882E9,63192621,block_result,1,4C90E3FB7548327DEF03C8CEB237A81A66A89E36CA45C73D8BDA648980E03CB2,0,0,11,0,1,osmo1vjxundl8nxmtj8sxtfltrwqeht3eavlqym0az4,9.510467304064858E20,ibc/F16FDC11A7662B86BC0B9CE61871CBACF7C20606F95E86260FD38915184B75B4,732,1.780446763279E9
63192621|1|0|0|11|2,1.780446760882E9,63192621,block_result,1,4C90E3FB7548327DEF03C8CEB237A81A66A89E36CA45C73D8BDA648980E03CB2,0,0,11,0,2,osmo1vjxundl8nxmtj8sxtfltrwqeht3eavlqym0az4,1.053473939E9,uosmo,732,1.780446763279E9
27845549|1|4|0|11|1,1.737142913308E9,27845549,block_result,1,FA68E788291EDCBF511A14C34F1444E81820103C12F5231A19EAC2DA281E4D9F,4,0,11,0,1,osmo1qp878w88h7ed8pc5e5redc44ykjsfwz0f3xqd9,6.805822804139354E21,ibc/F16FDC11A7662B86BC0B9CE61871CBACF7C20606F95E86260FD38915184B75B4,732,1.737142916328709E9
27845549|1|4|0|11|2,1.737142913308E9,27845549,block_result,1,FA68E788291EDCBF511A14C34F1444E81820103C12F5231A19EAC2DA281E4D9F,4,0,11,0,2,osmo1qp878w88h7ed8pc5e5redc44ykjsfwz0f3xqd9,1.09808904E8,uosmo,732,1.737142916328709E9
64046502|1|0|0|11|2,1.781429975846E9,64046502,block_result,1,1C401854AF9CDE9F3F86C8A2037C749618A5044BCDB4B11A2D359ABE81C855AB,0,0,11,0,2,osmo196am34ts208f9j0hesjru54masu6z0kgp7z3sk,4258851.0,uosmo,732,1.781429979489E9
64046502|1|0|0|11|1,1.781429975846E9,64046502,block_result,1,1C401854AF9CDE9F3F86C8A2037C749618A5044BCDB4B11A2D359ABE81C855AB,0,0,11,0,1,osmo196am34ts208f9j0hesjru54masu6z0kgp7z3sk,4.805357480689372E18,ibc/F16FDC11A7662B86BC0B9CE61871CBACF7C20606F95E86260FD38915184B75B4,732,1.781429979489E9
66798091|1|1|0|11|2,1.784616789491E9,66798091,block_result,1,5B68AA9E585793FC4C90611C2E1702829A031E56ECF518CEFA44B17CB7316192,1,0,11,0,2,osmo13k072z6ua8258533glfrrsep4ff6f4j5j3k3pc,2.7177229763E10,uosmo,732,1.784616791861E9
66798091|1|1|0|11|1,1.784616789491E9,66798091,block_result,1,5B68AA9E585793FC4C90611C2E1702829A031E56ECF518CEFA44B17CB7316192,1,0,11,0,1,osmo13k072z6ua8258533glfrrsep4ff6f4j5j3k3pc,9.45809876281177E21,ibc/F16FDC11A7662B86BC0B9CE61871CBACF7C20606F95E86260FD38915184B75B4,732,1.784616791861E9
66912482|1|0|0|11|1,1.784755858499E9,66912482,block_result,1,60E57031F7A322E34E49EE8386A2188D6C6A099030FFFC5E28132F6746B7252E,0,0,11,0,1,osmo13k072z6ua8258533glfrrsep4ff6f4j5j3k3pc,6.571484451095872E21,ibc/F16FDC11A7662B86BC0B9CE61871CBACF7C20606F95E86260FD38915184B75B4,732,1.784755865398E9
66912482|1|0|0|11|2,1.784755858499E9,66912482,block_result,1,60E57031F7A322E34E49EE8386A2188D6C6A099030FFFC5E28132F6746B7252E,0,0,11,0,2,osmo13k072z6ua8258533glfrrsep4ff6f4j5j3k3pc,3.6856238261E10,uosmo,732,1.784755865398E9
6873440|1|9|0|9|2,1.668341833896E9,6873440,block_result,1,6B252EF5B83B789C8E4D7725970B994C41487BC64D2A3F6164645AFED3080B2E,9,0,9,0,2,osmo16aypymlama0lk5s8c9s30s09eacpvwnav7ewjv,6794389.0,uosmo,732,1.717505045960447E9
6873440|1|9|0|9|1,1.668341833896E9,6873440,block_result,1,6B252EF5B83B789C8E4D7725970B994C41487BC64D2A3F6164645AFED3080B2E,9,0,9,0,1,osmo16aypymlama0lk5s8c9s30s09eacpvwnav7ewjv,2.338004718025601E20,ibc/F16FDC11A7662B86BC0B9CE61871CBACF7C20606F95E86260FD38915184B75B4,732,1.717505045960447E9
6873151|1|13|0|9|2,1.668340128344E9,6873151,block_result,1,2F5884510CAAF078D6E3D1D2E0131ECB18633B37326FF7CB8CC0DFCF50291E18,13,0,9,0,2,osmo18lphzxcwgch88ymjcflpkhef9xh0wtqz9m58wc,4.0765324E7,uosmo,732,1.717514959330584E9
6873151|1|13|0|9|1,1.668340128344E9,6873151,block_result,1,2F5884510CAAF078D6E3D1D2E0131ECB18633B37326FF7CB8CC0DFCF50291E18,13,0,9,0,1,osmo18lphzxcwgch88ymjcflpkhef9xh0wtqz9m58wc,1.402767937015668E21,ibc/F16FDC11A7662B86BC0B9CE61871CBACF7C20606F95E86260FD38915184B75B4,732,1.717514959330584E9
32922357|1|4|0|11|2,1.743780800612E9,32922357,block_result,1,141D9C5057193EA34927E4C8E2C2A0E146F1DD53077708BFF190AC7C690386A0,4,0,11,0,2,osmo16aypymlama0lk5s8c9s30s09eacpvwnav7ewjv,4.16736265E8,uosmo,732,1.74378084703084E9
32922357|1|4|0|11|1,1.743780800612E9,32922357,block_result,1,141D9C5057193EA34927E4C8E2C2A0E146F1DD53077708BFF190AC7C690386A0,4,0,11,0,1,osmo16aypymlama0lk5s8c9s30s09eacpvwnav7ewjv,9.194412022890293E21,ibc/F16FDC11A7662B86BC0B9CE61871CBACF7C20606F95E86260FD38915184B75B4,732,1.74378084703084E9
6723110|1|8|0|9|1,1.667451457162E9,6723110,block_result,1,A2F0FFAF0695C67BBBC810A4B00B8C5106EA0FACF9F5D083982987E9A29BD0BE,8,0,9,0,1,osmo1asrupfzjyepcjhafz2fjcz63wtslj4ue6qcwny,6.386424526996309E18,ibc/F16FDC11A7662B86BC0B9CE61871CBACF7C20606F95E86260FD38915184B75B4,732,1.717518378696364E9
6723110|1|8|0|9|2,1.667451457162E9,6723110,block_result,1,A2F0FFAF0695C67BBBC810A4B00B8C5106EA0FACF9F5D083982987E9A29BD0BE,8,0,9,0,2,osmo1asrupfzjyepcjhafz2fjcz63wtslj4ue6qcwny,225907.0,uosmo,732,1.717518378696364E9
19534122|1|1|0|11|1,1.724029576494E9,19534122,block_result,1,38060FAAEF6D844043B45F32F1E71FCFDF845A59076A1612549246B2FF06844D,1,0,11,0,1,osmo1s84q7zy0a0f7dchrpj2fk89gyglkwm2eqrzwxu,6.726086289565825E20,ibc/F16FDC11A7662B86BC0B9CE61871CBACF7C20606F95E86260FD38915184B75B4,732,1.724029580662856E9
19534122|1|1|0|11|2,1.724029576494E9,19534122,block_result,1,38060FAAEF6D844043B45F32F1E71FCFDF845A59076A1612549246B2FF06844D,1,0,11,0,2,osmo1s84q7zy0a0f7dchrpj2fk89gyglkwm2eqrzwxu,9095175.0,uosmo,732,1.724029580662856E9
66054072|1|0|0|11|1,1.78375111002E9,66054072,block_result,1,4C360E106FCC7C904EA8E81A03F3A0160A00A7512813114C01BB3DBB652A79F9,0,0,11,0,1,osmo13k072z6ua8258533glfrrsep4ff6f4j5j3k3pc,2.466387509975027E22,ibc/F16FDC11A7662B86BC0B9CE61871CBACF7C20606F95E86260FD38915184B75B4,732,1.783751113848E9
66054072|1|0|0|11|2,1.78375111002E9,66054072,block_result,1,4C360E106FCC7C904EA8E81A03F3A0160A00A7512813114C01BB3DBB652A79F9,0,0,11,0,2,osmo13k072z6ua8258533glfrrsep4ff6f4j5j3k3pc,2.7552539167E10,uosmo,732,1.783751113848E9
5295982|1|33|0|9|2,1.658695238209E9,5295982,block_result,1,B823EB5D440B0417C62BD3D0D3A935FF660D617D346E16D8AA3669648A764C26,33,0,9,0,2,osmo16jexsf558vvdwwl2cfj0mzr4x63xjpac5cs9rv,60434.0,uosmo,732,1.717576832047286E9
5295982|1|33|0|9|1,1.658695238209E9,5295982,block_result,1,B823EB5D440B0417C62BD3D0D3A935FF660D617D346E16D8AA3669648A764C26,33,0,9,0,1,osmo16jexsf558vvdwwl2cfj0mzr4x63xjpac5cs9rv,7.96245022901108E17,ibc/F16FDC11A7662B86BC0B9CE61871CBACF7C20606F95E86260FD38915184B75B4,732,1.717576832047286E9
6788606|1|32|0|9|2,1.667838342728E9,6788606,block_result,1,00FB903823967FAA297129FE4FFDB57BA35348C90400D2EFA6CA15B088AA3C73,32,0,9,0,2,osmo1s84q7zy0a0f7dchrpj2fk89gyglkwm2eqrzwxu,1419110.0,uosmo,732,1.717507772964136E9
6788606|1|32|0|9|1,1.667838342728E9,6788606,block_result,1,00FB903823967FAA297129FE4FFDB57BA35348C90400D2EFA6CA15B088AA3C73,32,0,9,0,1,osmo1s84q7zy0a0f7dchrpj2fk89gyglkwm2eqrzwxu,4.121903802296761E19,ibc/F16FDC11A7662B86BC0B9CE61871CBACF7C20606F95E86260FD38915184B75B4,732,1.717507772964136E9
35003961|1|10|0|11|2,1.746462355855E9,35003961,block_result,1,1D57F17E3721C7473A8B33A8D89D32A7D522BF5F7B2D9AD02DF795DD10145B1B,10,0,11,0,2,osmo16aypymlama0lk5s8c9s30s09eacpvwnav7ewjv,6714540.0,uosmo,732,1.74646242383365E9
35003961|1|10|0|11|1,1.746462355855E9,35003961,block_result,1,1D57F17E3721C7473A8B33A8D89D32A7D522BF5F7B2D9AD02DF795DD10145B1B,10,0,11,0,1,osmo16aypymlama0lk5s8c9s30s09eacpvwnav7ewjv,1.4062534719065614E20,ibc/F16FDC11A7662B86BC0B9CE61871CBACF7C20606F95E86260FD38915184B75B4,732,1.74646242383365E9
6842824|1|18|0|9|1,1.668160802767E9,6842824,block_result,1,EF2E9CDED4D67E59D10D44821098AA6D5247BC6FAE678572C2011F7C646E2EBC,18,0,9,0,1,osmo1qnlxnneluedfg3lusv8r36t5c0s4r2p0dlsn28,3.712575861368752E19,ibc/F16FDC11A7662B86BC0B9CE61871CBACF7C20606F95E86260FD38915184B75B4,732,1.717515464131558E9
6842824|1|18|0|9|2,1.668160802767E9,6842824,block_result,1,EF2E9CDED4D67E59D10D44821098AA6D5247BC6FAE678572C2011F7C646E2EBC,18,0,9,0,2,osmo1qnlxnneluedfg3lusv8r36t5c0s4r2p0dlsn28,1200136.0,uosmo,732,1.717515464131558E9
7420395|1|0|0|9|2,1.671544145473E9,7420395,block_result,1,45FDC8A89EFCAD2A21EEAF2DAFD156DA7B7AF68A9D4DBB4F7B00FC3B09D59010,0,0,9,0,2,osmo1wfwqp447e2kl5hz5nyvzgurrm02tyrfv3cpnxr,25969.0,uosmo,732,1.717493888497632E9
7420395|1|0|0|9|1,1.671544145473E9,7420395,block_result,1,45FDC8A89EFCAD2A21EEAF2DAFD156DA7B7AF68A9D4DBB4F7B00FC3B09D59010,0,0,9,0,1,osmo1wfwqp447e2kl5hz5nyvzgurrm02tyrfv3cpnxr,1.0459055708797216E18,ibc/F16FDC11A7662B86BC0B9CE61871CBACF7C20606F95E86260FD38915184B75B4,732,1.717493888497632E9
4805183|1|1|0|9|2,1.655632031929E9,4805183,block_result,1,7D634621CBF4F0AACA611E8573D518D722491764138A92C60AAB822479D58813,1,0,9,0,2,osmo1pv8a4jpkem62n6x8ml8tsf4gr2mk2lcv24vydp,2.705543E7,uosmo,732,1.717599759213225E9
4805183|1|1|0|9|1,1.655632031929E9,4805183,block_result,1,7D634621CBF4F0AACA611E8573D518D722491764138A92C60AAB822479D58813,1,0,9,0,1,osmo1pv8a4jpkem62n6x8ml8tsf4gr2mk2lcv24vydp,2.0947402607134192E20,ibc/F16FDC11A7662B86BC0B9CE61871CBACF7C20606F95E86260FD38915184B75B4,732,1.717599759213225E9
10177978|1|0|0|9|2,1.687285217407E9,10177978,block_result,1,0ACBCD19DBE5977C0D6B4ED796A5E5D1E8B09A0D15FFD905BC12AC33671F8AC0,0,0,9,0,2,osmo16aypymlama0lk5s8c9s30s09eacpvwnav7ewjv,1.2322619E7,uosmo,732,1.717422265773058E9
10177978|1|0|0|9|1,1.687285217407E9,10177978,block_result,1,0ACBCD19DBE5977C0D6B4ED796A5E5D1E8B09A0D15FFD905BC12AC33671F8AC0,0,0,9,0,1,osmo16aypymlama0lk5s8c9s30s09eacpvwnav7ewjv,5.124684751248516E20,ibc/F16FDC11A7662B86BC0B9CE61871CBACF7C20606F95E86260FD38915184B75B4,732,1.717422265773058E9
32430827|1|0|0|11|1,1.743153324027E9,32430827,block_result,1,CB400D8FA5493852C28F31EF271BE38BEAAB4EC60B4B1555BACE581DAF1E74C9,0,0,11,0,1,osmo16aypymlama0lk5s8c9s30s09eacpvwnav7ewjv,2.683265386889049E21,ibc/F16FDC11A7662B86BC0B9CE61871CBACF7C20606F95E86260FD38915184B75B4,732,1.743153363030268E9
32430827|1|0|0|11|2,1.743153324027E9,32430827,block_result,1,CB400D8FA5493852C28F31EF271BE38BEAAB4EC60B4B1555BACE581DAF1E74C9,0,0,11,0,2,osmo16aypymlama0lk5s8c9s30s09eacpvwnav7ewjv,9.2660235E7,uosmo,732,1.743153363030268E9
8825386|1|2|0|9|1,1.679513243108E9,8825386,block_result,1,20BEAD0171926B2DA3D9253B55151C7B645BE72B2C82023A37DC8780E2917118,2,0,9,0,1,osmo1s84q7zy0a0f7dchrpj2fk89gyglkwm2eqrzwxu,5.073730888583854E19,ibc/F16FDC11A7662B86BC0B9CE61871CBACF7C20606F95E86260FD38915184B75B4,732,1.71745752500514E9
8825386|1|2|0|9|2,1.679513243108E9,8825386,block_result,1,20BEAD0171926B2DA3D9253B55151C7B645BE72B2C82023A37DC8780E2917118,2,0,9,0,2,osmo1s84q7zy0a0f7dchrpj2fk89gyglkwm2eqrzwxu,3324644.0,uosmo,732,1.71745752500514E9
8825379|1|0|0|9|2,1.67951320673E9,8825379,block_result,1,FC42CF0280034D8B5CB29746D3F3CD7FA6E2600C2289E14797D1F07517918276,0,0,9,0,2,osmo1s84q7zy0a0f7dchrpj2fk89gyglkwm2eqrzwxu,6651038.0,uosmo,732,1.717457528359317E9
8825379|1|0|0|9|1,1.67951320673E9,8825379,block_result,1,FC42CF0280034D8B5CB29746D3F3CD7FA6E2600C2289E14797D1F07517918276,0,0,9,0,1,osmo1s84q7zy0a0f7dchrpj2fk89gyglkwm2eqrzwxu,1.0146787759529335E20,ibc/F16FDC11A7662B86BC0B9CE61871CBACF7C20606F95E86260FD38915184B75B4,732,1.717457528359317E9
12100705|1|2|0|9|1,1.698518795E9,12100705,block_result,1,64482E9612FE6BD811F3D04B2A9C528153CE6750612CE2E502DF81BE1BB1023B,2,0,9,0,1,osmo1qyfled5ulf6wmu2u4smstn8rlzazanmqsgu5pp,2.1214924092234429E21,ibc/F16FDC11A7662B86BC0B9CE61871CBACF7C20606F95E86260FD38915184B75B4,732,1.717189777493117E9
12100705|1|2|0|9|2,1.698518795E9,12100705,block_result,1,64482E9612FE6BD811F3D04B2A9C528153CE6750612CE2E502DF81BE1BB1023B,2,0,9,0,2,osmo1qyfled5ulf6wmu2u4smstn8rlzazanmqsgu5pp,1.75536869E8,uosmo,732,1.717189777493117E9
5620590|1|66|0|9|1,1.660715015331E9,5620590,block_result,1,874350EEC0CF5D59244731DEB3D88CF080D612CB085659661A596E91BD75B2F2,66,0,9,0,1,osmo134ea3yazv5rfr7ydtdq5czxw0sl4aa2ufrgwyf,4.55390584571884E16,ibc/F16FDC11A7662B86BC0B9CE61871CBACF7C20606F95E86260FD38915184B75B4,732,1.717561090644041E9
5620590|1|66|0|9|2,1.660715015331E9,5620590,block_result,1,874350EEC0CF5D59244731DEB3D88CF080D612CB085659661A596E91BD75B2F2,66,0,9,0,2,osmo134ea3yazv5rfr7ydtdq5czxw0sl4aa2ufrgwyf,3890.0,uosmo,732,1.717561090644041E9
5617393|1|1|0|9|2,1.660695507152E9,5617393,block_result,1,02086926AE741C01C18D3C882E8A78E5244C7BBEC23DAE7F1FE71D12448C8BAE,1,0,9,0,2,osmo1fa59jlnx2aljljp7v2n9thc8ul9y74pwx35srk,5775207.0,uosmo,732,1.717561128673094E9
5617393|1|1|0|9|1,1.660695507152E9,5617393,block_result,1,02086926AE741C01C18D3C882E8A78E5244C7BBEC23DAE7F1FE71D12448C8BAE,1,0,9,0,1,osmo1fa59jlnx2aljljp7v2n9thc8ul9y74pwx35srk,6.76906210812581E19,ibc/F16FDC11A7662B86BC0B9CE61871CBACF7C20606F95E86260FD38915184B75B4,732,1.717561128673094E9
6476631|1|30|0|9|1,1.665976816114E9,6476631,block_result,1,DA440A3516413A0DD909F561D9F4DB24FA80533014811FAABEE5F045A99B83F5,30,0,9,0,1,osmo1jtc39dgp4k6myettzltd3nqrxf9eqfs2xshyts,8.802692644951665E18,ibc/F16FDC11A7662B86BC0B9CE61871CBACF7C20606F95E86260FD38915184B75B4,732,1.717516209794122E9
6476631|1|30|0|9|2,1.665976816114E9,6476631,block_result,1,DA440A3516413A0DD909F561D9F4DB24FA80533014811FAABEE5F045A99B83F5,30,0,9,0,2,osmo1jtc39dgp4k6myettzltd3nqrxf9eqfs2xshyts,483101.0,uosmo,732,1.717516209794122E9
4795567|1|0|0|9|1,1.655571315737E9,4795567,block_result,1,4108152A5D60FF59B296F0FDAA8116C1746CF84543B78F4D54CC06369E752B25,0,0,9,0,1,osmo1s84q7zy0a0f7dchrpj2fk89gyglkwm2eqrzwxu,1.7327955929631154E19,ibc/F16FDC11A7662B86BC0B9CE61871CBACF7C20606F95E86260FD38915184B75B4,732,1.717603318854168E9
4795567|1|0|0|9|2,1.655571315737E9,4795567,block_result,1,4108152A5D60FF59B296F0FDAA8116C1746CF84543B78F4D54CC06369E752B25,0,0,9,0,2,osmo1s84q7zy0a0f7dchrpj2fk89gyglkwm2eqrzwxu,989784.0,uosmo,732,1.717603318854168E9
45993925|1|2|0|11|2,1.760189986241E9,45993925,block_result,1,BE5B3B4D945C858D7E68CEC538ADCB1FAB902AFBFD408A13A22D5ECDBFF6232F,2,0,11,0,2,osmo19h65cmarqlpaz80ja26jtn4gamuvwla00r0f66,2.9991045E7,uosmo,732,1.760189989022836E9
45993925|1|2|0|11|1,1.760189986241E9,45993925,block_result,1,BE5B3B4D945C858D7E68CEC538ADCB1FAB902AFBFD408A13A22D5ECDBFF6232F,2,0,11,0,1,osmo19h65cmarqlpaz80ja26jtn4gamuvwla00r0f66,1.5338741285074544E20,ibc/F16FDC11A7662B86BC0B9CE61871CBACF7C20606F95E86260FD38915184B75B4,732,1.760189989022836E9
32212011|1|5|0|11|2,1.742874552214E9,32212011,block_result,1,55A4C5FC38A95B8D18501C037326D7E3E86BDB41829FB5A57837061A2798C57B,5,0,11,0,2,osmo16aypymlama0lk5s8c9s30s09eacpvwnav7ewjv,1.84867482E8,uosmo,732,1.742874603924445E9
32212011|1|5|0|11|1,1.742874552214E9,32212011,block_result,1,55A4C5FC38A95B8D18501C037326D7E3E86BDB41829FB5A57837061A2798C57B,5,0,11,0,1,osmo16aypymlama0lk5s8c9s30s09eacpvwnav7ewjv,3.902409436212631E21,ibc/F16FDC11A7662B86BC0B9CE61871CBACF7C20606F95E86260FD38915184B75B4,732,1.742874603924445E9
66591772|1|0|0|11|2,1.784372084428E9,66591772,block_result,1,06E08AE0C55872F58B35ABDD7B755BFE54DFF87EE8743D086E6A28C68A0999EE,0,0,11,0,2,osmo16aypymlama0lk5s8c9s30s09eacpvwnav7ewjv,3.69691374E8,uosmo,732,1.784372086859E9
66591772|1|0|0|11|1,1.784372084428E9,66591772,block_result,1,06E08AE0C55872F58B35ABDD7B755BFE54DFF87EE8743D086E6A28C68A0999EE,0,0,11,0,1,osmo16aypymlama0lk5s8c9s30s09eacpvwnav7ewjv,2.1866948362171754E20,ibc/F16FDC11A7662B86BC0B9CE61871CBACF7C20606F95E86260FD38915184B75B4,732,1.784372086859E9
66578510|1|1|0|11|2,1.784356526181E9,66578510,block_result,1,6151D76AF37E1F924C7BD90603152D35256ECBE934781B18D4C8ABC51D1113F3,1,0,11,0,2,osmo13k072z6ua8258533glfrrsep4ff6f4j5j3k3pc,2.6146282729E10,uosmo,732,1.784356529242E9
66578510|1|1|0|11|1,1.784356526181E9,66578510,block_result,1,6151D76AF37E1F924C7BD90603152D35256ECBE934781B18D4C8ABC51D1113F3,1,0,11,0,1,osmo13k072z6ua8258533glfrrsep4ff6f4j5j3k3pc,1.5988065952946496E22,ibc/F16FDC11A7662B86BC0B9CE61871CBACF7C20606F95E86260FD38915184B75B4,732,1.784356529242E9
66626237|1|1|0|11|2,1.784412520683E9,66626237,block_result,1,B5CB758AEA0495AA156E96E902E9D8C62719A097251CF20941E220DEB09DE31F,1,0,11,0,2,osmo13k072z6ua8258533glfrrsep4ff6f4j5j3k3pc,7.101704365E10,uosmo,732,1.784412526329E9
66626237|1|1|0|11|1,1.784412520683E9,66626237,block_result,1,B5CB758AEA0495AA156E96E902E9D8C62719A097251CF20941E220DEB09DE31F,1,0,11,0,1,osmo13k072z6ua8258533glfrrsep4ff6f4j5j3k3pc,4.081414380001591E22,ibc/F16FDC11A7662B86BC0B9CE61871CBACF7C20606F95E86260FD38915184B75B4,732,1.784412526329E9
66578552|1|0|0|11|1,1.7843565786E9,66578552,block_result,1,C05EABA078BC121C0CF902CD254FD94FF550574085AE8E930C70D02FC59270B3,0,0,11,0,1,osmo13k072z6ua8258533glfrrsep4ff6f4j5j3k3pc,1.0095958466801267E22,ibc/F16FDC11A7662B86BC0B9CE61871CBACF7C20606F95E86260FD38915184B75B4,732,1.784356582093E9
66578552|1|0|0|11|2,1.7843565786E9,66578552,block_result,1,C05EABA078BC121C0CF902CD254FD94FF550574085AE8E930C70D02FC59270B3,0,0,11,0,2,osmo13k072z6ua8258533glfrrsep4ff6f4j5j3k3pc,1.4642423599E10,uosmo,732,1.784356582093E9
40297756|1|0|0|11|1,1.753131255218E9,40297756,block_result,1,C38020A9F6FF4506AFCB8A2CBF55A2141DCC085759F86846B19F4D61B02D5604,0,0,11,0,1,osmo16aypymlama0lk5s8c9s30s09eacpvwnav7ewjv,6.329576235611241E21,ibc/F16FDC11A7662B86BC0B9CE61871CBACF7C20606F95E86260FD38915184B75B4,732,1.75313125783611E9
40297756|1|0|0|11|2,1.753131255218E9,40297756,block_result,1,C38020A9F6FF4506AFCB8A2CBF55A2141DCC085759F86846B19F4D61B02D5604,0,0,11,0,2,osmo16aypymlama0lk5s8c9s30s09eacpvwnav7ewjv,3.86580897E8,uosmo,732,1.75313125783611E9
40299709|1|2|0|11|1,1.753133723094E9,40299709,block_result,1,0C231B7752F4FABAD5F08C92C3FB06B2763AFE7ACDA6F1CC830647CC615C775F,2,0,11,0,1,osmo16aypymlama0lk5s8c9s30s09eacpvwnav7ewjv,2.1098587452037467E21,ibc/F16FDC11A7662B86BC0B9CE61871CBACF7C20606F95E86260FD38915184B75B4,732,1.753133725817753E9
40299709|1|2|0|11|2,1.753133723094E9,40299709,block_result,1,0C231B7752F4FABAD5F08C92C3FB06B2763AFE7ACDA6F1CC830647CC615C775F,2,0,11,0,2,osmo16aypymlama0lk5s8c9s30s09eacpvwnav7ewjv,1.28860299E8,uosmo,732,1.753133725817753E9
40297121|1|4|0|11|2,1.753130450662E9,40297121,block_result,1,A1FFF1F6532533A0058E05CC57B760A4697A19E2364A8BBC642AAF3E440F8D22,4,0,11,0,2,osmo16aypymlama0lk5s8c9s30s09eacpvwnav7ewjv,4.76324642E8,uosmo,732,1.753130456731764E9
40297121|1|4|0|11|1,1.753130450662E9,40297121,block_result,1,A1FFF1F6532533A0058E05CC57B760A4697A19E2364A8BBC642AAF3E440F8D22,4,0,11,0,1,osmo16aypymlama0lk5s8c9s30s09eacpvwnav7ewjv,9.129266126618021E21,ibc/F16FDC11A7662B86BC0B9CE61871CBACF7C20606F95E86260FD38915184B75B4,732,1.753130456731764E9
5323568|1|72|0|9|2,1.658866454369E9,5323568,block_result,1,7198F975664D23C0F73F74D370EFA0AC899B3F7271BF2E4B5D2C15319829D140,72,0,9,0,2,osmo1qg6fk9s7cq2vp53v75lvnc2ngp8e8nunk6eztd,599317.0,uosmo,732,1.717557171238075E9
5323568|1|72|0|9|1,1.658866454369E9,5323568,block_result,1,7198F975664D23C0F73F74D370EFA0AC899B3F7271BF2E4B5D2C15319829D140,72,0,9,0,1,osmo1qg6fk9s7cq2vp53v75lvnc2ngp8e8nunk6eztd,8.459315295625917E18,ibc/F16FDC11A7662B86BC0B9CE61871CBACF7C20606F95E86260FD38915184B75B4,732,1.717557171238075E9
6586198|1|5|0|9|1,1.666631650087E9,6586198,block_result,1,ADFA900CEA28AD55F6A909B276899DFC62B28FDEE2617DE10DDD85C82B1F4FEC,5,0,9,0,1,osmo1s84q7zy0a0f7dchrpj2fk89gyglkwm2eqrzwxu,8.877382347832603E19,ibc/F16FDC11A7662B86BC0B9CE61871CBACF7C20606F95E86260FD38915184B75B4,732,1.717513091168023E9
6586198|1|5|0|9|2,1.666631650087E9,6586198,block_result,1,ADFA900CEA28AD55F6A909B276899DFC62B28FDEE2617DE10DDD85C82B1F4FEC,5,0,9,0,2,osmo1s84q7zy0a0f7dchrpj2fk89gyglkwm2eqrzwxu,3827330.0,uosmo,732,1.717513091168023E9
6585794|1|16|0|9|2,1.66662922809E9,6585794,block_result,1,9969AD7F782CC762E0A32E33CBE4D2E41E3CDD151A75329DCB8A04223B16C59B,16,0,9,0,2,osmo1a58xuwhxq523f4gs9tuep2kl4vyt4gtpawye59,448469.0,uosmo,732,1.717513147659876E9
6585794|1|16|0|9|1,1.66662922809E9,6585794,block_result,1,9969AD7F782CC762E0A32E33CBE4D2E41E3CDD151A75329DCB8A04223B16C59B,16,0,9,0,1,osmo1a58xuwhxq523f4gs9tuep2kl4vyt4gtpawye59,1.040211625451905E19,ibc/F16FDC11A7662B86BC0B9CE61871CBACF7C20606F95E86260FD38915184B75B4,732,1.717513147659876E9
42878452|1|2|0|11|1,1.756309988701E9,42878452,block_result,1,8C83B0106D0E4F1AAA8A9C1FAB6463E3934FFC2D8D3EB30C6B9D5EFD91534F1D,2,0,11,0,1,osmo16aypymlama0lk5s8c9s30s09eacpvwnav7ewjv,1.2127534430071722E21,ibc/F16FDC11A7662B86BC0B9CE61871CBACF7C20606F95E86260FD38915184B75B4,732,1.756309992799754E9
42878452|1|2|0|11|2,1.756309988701E9,42878452,block_result,1,8C83B0106D0E4F1AAA8A9C1FAB6463E3934FFC2D8D3EB30C6B9D5EFD91534F1D,2,0,11,0,2,osmo16aypymlama0lk5s8c9s30s09eacpvwnav7ewjv,1.04688328E8,uosmo,732,1.756309992799754E9
4944388|1|6|0|9|1,1.65649954055E9,4944388,block_result,1,F63B4D247000E97C9A7D4F9FD7E4EFB33FE1FAA46DF704B2017C8C791CE5E886,6,0,9,0,1,osmo16jexsf558vvdwwl2cfj0mzr4x63xjpac5cs9rv,2.2655988071623205E19,ibc/F16FDC11A7662B86BC0B9CE61871CBACF7C20606F95E86260FD38915184B75B4,732,1.71759526938811E9
4944388|1|6|0|9|2,1.65649954055E9,4944388,block_result,1,F63B4D247000E97C9A7D4F9FD7E4EFB33FE1FAA46DF704B2017C8C791CE5E886,6,0,9,0,2,osmo16jexsf558vvdwwl2cfj0mzr4x63xjpac5cs9rv,1733139.0,uosmo,732,1.71759526938811E9
6755822|1|17|0|9|1,1.667644978796E9,6755822,block_result,1,E881CC217487B588C0B8198E811FF741F9A9701E404AE1DA88AC839508F511F1,17,0,9,0,1,osmo1zfdn9jpqkr4lcwpxredrxk2425s69cqx775akc,7.143089767144935E18,ibc/F16FDC11A7662B86BC0B9CE61871CBACF7C20606F95E86260FD38915184B75B4,732,1.717507544621013E9
6755822|1|17|0|9|2,1.667644978796E9,6755822,block_result,1,E881CC217487B588C0B8198E811FF741F9A9701E404AE1DA88AC839508F511F1,17,0,9,0,2,osmo1zfdn9jpqkr4lcwpxredrxk2425s69cqx775akc,249261.0,uosmo,732,1.717507544621013E9
6755657|1|5|0|9|2,1.667644018335E9,6755657,block_result,1,F7E2CCC61252F826B70537E6F082435B905A198BEC8D0894149F15ABB0EE79F4,5,0,9,0,2,osmo1lggfye8nth72uzx5c5229vf37ksxlupgunjlpr,249269.0,uosmo,732,1.717507655559233E9
6755657|1|5|0|9|1,1.667644018335E9,6755657,block_result,1,F7E2CCC61252F826B70537E6F082435B905A198BEC8D0894149F15ABB0EE79F4,5,0,9,0,1,osmo1lggfye8nth72uzx5c5229vf37ksxlupgunjlpr,7.143336638930064E18,ibc/F16FDC11A7662B86BC0B9CE61871CBACF7C20606F95E86260FD38915184B75B4,732,1.717507655559233E9
9008891|1|3|0|9|1,1.680559492153E9,9008891,block_result,1,25D59BAEA045D2378BAACE4B28C8546B6253C5761D0FB2C514046D1FE3444F69,3,0,9,0,1,osmo1hfyzequmfdsqx5fs06p2lvhsllz9ym07cpk9ya,1.6197157378084464E20,ibc/F16FDC11A7662B86BC0B9CE61871CBACF7C20606F95E86260FD38915184B75B4,732,1.717453594330022E9
9008891|1|3|0|9|2,1.680559492153E9,9008891,block_result,1,25D59BAEA045D2378BAACE4B28C8546B6253C5761D0FB2C514046D1FE3444F69,3,0,9,0,2,osmo1hfyzequmfdsqx5fs06p2lvhsllz9ym07cpk9ya,8935500.0,uosmo,732,1.717453594330022E9
4730858|1|0|0|9|1,1.655164781858E9,4730858,block_result,1,AD6DD8B0FFD65E71AC2F2C1FD94A3B168BC0635A20A93DFBE5855A93BFEC558C,0,0,9,0,1,osmo1fdrmewgsdejuj4c7rcy9cl8y95zrgax7kurjnd,9.999999999996228E17,ibc/F16FDC11A7662B86BC0B9CE61871CBACF7C20606F95E86260FD38915184B75B4,732,1.717583000172023E9
4730858|1|0|0|9|2,1.655164781858E9,4730858,block_result,1,AD6DD8B0FFD65E71AC2F2C1FD94A3B168BC0635A20A93DFBE5855A93BFEC558C,0,0,9,0,2,osmo1fdrmewgsdejuj4c7rcy9cl8y95zrgax7kurjnd,37740.0,uosmo,732,1.717583000172023E9
4730841|1|14|0|9|1,1.655164675973E9,4730841,block_result,1,D058A0CBC53519A4DF4B732E24948F2DFCCEA2367818A5A3C5909FA9341D84C7,14,0,9,0,1,osmo1fdrmewgsdejuj4c7rcy9cl8y95zrgax7kurjnd,8.999868999999972E18,ibc/F16FDC11A7662B86BC0B9CE61871CBACF7C20606F95E86260FD38915184B75B4,732,1.717583173691354E9
4730841|1|14|0|9|2,1.655164675973E9,4730841,block_result,1,D058A0CBC53519A4DF4B732E24948F2DFCCEA2367818A5A3C5909FA9341D84C7,14,0,9,0,2,osmo1fdrmewgsdejuj4c7rcy9cl8y95zrgax7kurjnd,339660.0,uosmo,732,1.717583173691354E9
4725808|1|13|0|9|2,1.655132837754E9,4725808,block_result,1,AA9BEA077CB8821120AB577AF366041BF65086695650A5C3FDD47365C14C0314,13,0,9,0,2,osmo16jexsf558vvdwwl2cfj0mzr4x63xjpac5cs9rv,2207203.0,uosmo,732,1.717606093067866E9
4725808|1|13|0|9|1,1.655132837754E9,4725808,block_result,1,AA9BEA077CB8821120AB577AF366041BF65086695650A5C3FDD47365C14C0314,13,0,9,0,1,osmo16jexsf558vvdwwl2cfj0mzr4x63xjpac5cs9rv,5.463785786229146E19,ibc/F16FDC11A7662B86BC0B9CE61871CBACF7C20606F95E86260FD38915184B75B4,732,1.717606093067866E9
10535813|1|0|0|9|2,1.68937462643E9,10535813,block_result,1,68D740CA14A18446082884B8B007B5606D04A5925731802F5EE28BE6C694DFDA,0,0,9,0,2,osmo18lphzxcwgch88ymjcflpkhef9xh0wtqz9m58wc,6.0446156E7,uosmo,732,1.717413764074494E9
10535813|1|0|0|9|1,1.68937462643E9,10535813,block_result,1,68D740CA14A18446082884B8B007B5606D04A5925731802F5EE28BE6C694DFDA,0,0,9,0,1,osmo18lphzxcwgch88ymjcflpkhef9xh0wtqz9m58wc,2.011681139252182E21,ibc/F16FDC11A7662B86BC0B9CE61871CBACF7C20606F95E86260FD38915184B75B4,732,1.717413764074494E9
7688954|1|11|0|9|2,1.673074334867E9,7688954,block_result,1,CE90B6DC9C9CE4C2EB42062D231EDE6CF72FC963507B98452CB4A166087D1A05,11,0,9,0,2,osmo1kqh9v54k9qvrz5ggplndzlgynflk2n33fylu8m,1.4933807E8,uosmo,732,1.717488737159398E9
7688954|1|11|0|9|1,1.673074334867E9,7688954,block_result,1,CE90B6DC9C9CE4C2EB42062D231EDE6CF72FC963507B98452CB4A166087D1A05,11,0,9,0,1,osmo1kqh9v54k9qvrz5ggplndzlgynflk2n33fylu8m,4.1167726232122934E21,ibc/F16FDC11A7662B86BC0B9CE61871CBACF7C20606F95E86260FD38915184B75B4,732,1.717488737159398E9
7696383|1|28|0|9|1,1.673116831488E9,7696383,block_result,1,8D49941FF6DC40E4AEC9DCC61CA3B08EC9FAE0A404E987176C20D18FEF3A9BF7,28,0,9,0,1,osmo1s84q7zy0a0f7dchrpj2fk89gyglkwm2eqrzwxu,3.99936789786595E20,ibc/F16FDC11A7662B86BC0B9CE61871CBACF7C20606F95E86260FD38915184B75B4,732,1.717488547279087E9
7696383|1|28|0|9|2,1.673116831488E9,7696383,block_result,1,8D49941FF6DC40E4AEC9DCC61CA3B08EC9FAE0A404E987176C20D18FEF3A9BF7,28,0,9,0,2,osmo1s84q7zy0a0f7dchrpj2fk89gyglkwm2eqrzwxu,1.4025252E7,uosmo,732,1.717488547279087E9
7696396|1|9|0|9|1,1.673116906344E9,7696396,block_result,1,06BF7410F8E8F4888CC3AB10E2ED5FC43FA21D762933FF0BAED96C5C51C3D023,9,0,9,0,1,osmo1s84q7zy0a0f7dchrpj2fk89gyglkwm2eqrzwxu,1.998217156882365E20,ibc/F16FDC11A7662B86BC0B9CE61871CBACF7C20606F95E86260FD38915184B75B4,732,1.717488551181022E9
7696396|1|9|0|9|2,1.673116906344E9,7696396,block_result,1,06BF7410F8E8F4888CC3AB10E2ED5FC43FA21D762933FF0BAED96C5C51C3D023,9,0,9,0,2,osmo1s84q7zy0a0f7dchrpj2fk89gyglkwm2eqrzwxu,7000729.0,uosmo,732,1.717488551181022E9
7696408|1|29|0|9|2,1.673116981419E9,7696408,block_result,1,03BCE5A626BE9AE157BE4804CE401646894C1FFE9D779C86BD827A01EEF4D4AC,29,0,9,0,2,osmo1s84q7zy0a0f7dchrpj2fk89gyglkwm2eqrzwxu,3495603.0,uosmo,732,1.71748854469527E9
7696408|1|29|0|9|1,1.673116981419E9,7696408,block_result,1,03BCE5A626BE9AE157BE4804CE401646894C1FFE9D779C86BD827A01EEF4D4AC,29,0,9,0,1,osmo1s84q7zy0a0f7dchrpj2fk89gyglkwm2eqrzwxu,9.982299932046069E19,ibc/F16FDC11A7662B86BC0B9CE61871CBACF7C20606F95E86260FD38915184B75B4,732,1.71748854469527E9
8617805|1|2|0|9|2,1.67832748936E9,8617805,block_result,1,74F1C9346E1227AAF89B6B588BDAA848DAF34CAE603129C8ED459B1EEC74D1E7,2,0,9,0,2,osmo1uvnk984yhpw48jfu5srvsrqdt03kkvlcjqx8x5,696464.0,uosmo,732,1.717463005930225E9
8617805|1|2|0|9|1,1.67832748936E9,8617805,block_result,1,74F1C9346E1227AAF89B6B588BDAA848DAF34CAE603129C8ED459B1EEC74D1E7,2,0,9,0,1,osmo1uvnk984yhpw48jfu5srvsrqdt03kkvlcjqx8x5,1.264154007243678E19,ibc/F16FDC11A7662B86BC0B9CE61871CBACF7C20606F95E86260FD38915184B75B4,732,1.717463005930225E9
8626316|1|33|0|9|1,1.678375534444E9,8626316,block_result,1,34B28FD3B8A61B7D2BE493D75ACAEFA86C70920AD97FDCB40F43C144600560EF,33,0,9,0,1,osmo1s84q7zy0a0f7dchrpj2fk89gyglkwm2eqrzwxu,1.4368349019603065E20,ibc/F16FDC11A7662B86BC0B9CE61871CBACF7C20606F95E86260FD38915184B75B4,732,1.717463870199709E9
8626316|1|33|0|9|2,1.678375534444E9,8626316,block_result,1,34B28FD3B8A61B7D2BE493D75ACAEFA86C70920AD97FDCB40F43C144600560EF,33,0,9,0,2,osmo1s84q7zy0a0f7dchrpj2fk89gyglkwm2eqrzwxu,1.3807342E7,uosmo,732,1.717463870199709E9
8626333|1|3|0|9|1,1.678375636794E9,8626333,block_result,1,4181C2684C27E6C90AB3946486561A9FCF676486F8EC586027CA9DD9A3A6D698,3,0,9,0,1,osmo1s84q7zy0a0f7dchrpj2fk89gyglkwm2eqrzwxu,7.164442155651668E19,ibc/F16FDC11A7662B86BC0B9CE61871CBACF7C20606F95E86260FD38915184B75B4,732,1.717463921448791E9
8626333|1|3|0|9|2,1.678375636794E9,8626333,block_result,1,4181C2684C27E6C90AB3946486561A9FCF676486F8EC586027CA9DD9A3A6D698,3,0,9,0,2,osmo1s84q7zy0a0f7dchrpj2fk89gyglkwm2eqrzwxu,6916539.0,uosmo,732,1.717463921448791E9
8626343|1|6|0|9|1,1.678375691373E9,8626343,block_result,1,C4CCCE3461AF5EE284D4C9DAE8770BA655CFE73642723E498C6001A563A3ADC4,6,0,9,0,1,osmo1s84q7zy0a0f7dchrpj2fk89gyglkwm2eqrzwxu,3.578894073119815E19,ibc/F16FDC11A7662B86BC0B9CE61871CBACF7C20606F95E86260FD38915184B75B4,732,1.717463927598851E9
8626343|1|6|0|9|2,1.678375691373E9,8626343,block_result,1,C4CCCE3461AF5EE284D4C9DAE8770BA655CFE73642723E498C6001A563A3ADC4,6,0,9,0,2,osmo1s84q7zy0a0f7dchrpj2fk89gyglkwm2eqrzwxu,3454075.0,uosmo,732,1.717463927598851E9
8626382|1|3|0|9|2,1.678375915402E9,8626382,block_result,1,BF416E609FA18A9301BF06D3BA43CD44CAFE64B239C714DD9E4B2D573A395962,3,0,9,0,2,osmo1s84q7zy0a0f7dchrpj2fk89gyglkwm2eqrzwxu,1725126.0,uosmo,732,1.717463923120444E9
8626382|1|3|0|9|1,1.678375915402E9,8626382,block_result,1,BF416E609FA18A9301BF06D3BA43CD44CAFE64B239C714DD9E4B2D573A395962,3,0,9,0,1,osmo1s84q7zy0a0f7dchrpj2fk89gyglkwm2eqrzwxu,1.7877212706267453E19,ibc/F16FDC11A7662B86BC0B9CE61871CBACF7C20606F95E86260FD38915184B75B4,732,1.717463923120444E9
8957893|1|7|0|9|1,1.680268296035E9,8957893,block_result,1,50585C5A8D506BF773531929742C3F84EFD4A77DBBDB4C281B14E4B2C8D5F667,7,0,9,0,1,osmo1s84q7zy0a0f7dchrpj2fk89gyglkwm2eqrzwxu,3.448425832256117E20,ibc/F16FDC11A7662B86BC0B9CE61871CBACF7C20606F95E86260FD38915184B75B4,732,1.717454753898594E9
8957893|1|7|0|9|2,1.680268296035E9,8957893,block_result,1,50585C5A8D506BF773531929742C3F84EFD4A77DBBDB4C281B14E4B2C8D5F667,7,0,9,0,2,osmo1s84q7zy0a0f7dchrpj2fk89gyglkwm2eqrzwxu,1.963081E7,uosmo,732,1.717454753898594E9
8957901|1|12|0|9|1,1.680268338388E9,8957901,block_result,1,3C6B1CAA2B7E314DE1B208ED3466FB336C77EF5EF6C4E2C3BB9577BCEBC4CCC5,12,0,9,0,1,osmo1s84q7zy0a0f7dchrpj2fk89gyglkwm2eqrzwxu,1.7229898514309883E20,ibc/F16FDC11A7662B86BC0B9CE61871CBACF7C20606F95E86260FD38915184B75B4,732,1.717454725506163E9
8957901|1|12|0|9|2,1.680268338388E9,8957901,block_result,1,3C6B1CAA2B7E314DE1B208ED3466FB336C77EF5EF6C4E2C3BB9577BCEBC4CCC5,12,0,9,0,2,osmo1s84q7zy0a0f7dchrpj2fk89gyglkwm2eqrzwxu,9798201.0,uosmo,732,1.717454725506163E9
8957906|1|3|0|9|1,1.680268368804E9,8957906,block_result,1,85A43C262A88E3CDCDA356C5ADC3B259406A0EC88A05895D6DF395EEA35A7B16,3,0,9,0,1,osmo1s84q7zy0a0f7dchrpj2fk89gyglkwm2eqrzwxu,8.60746034435556E19,ibc/F16FDC11A7662B86BC0B9CE61871CBACF7C20606F95E86260FD38915184B75B4,732,1.717454838485563E9
8957906|1|3|0|9|2,1.680268368804E9,8957906,block_result,1,85A43C262A88E3CDCDA356C5ADC3B259406A0EC88A05895D6DF395EEA35A7B16,3,0,9,0,2,osmo1s84q7zy0a0f7dchrpj2fk89gyglkwm2eqrzwxu,4892288.0,uosmo,732,1.717454838485563E9
64389486|1|0|0|11|1,1.781824953503E9,64389486,block_result,1,CC3DF529577AAF3557D975247F0531CC0B84A28DE13F3F302E8887A3E78650FD,0,0,11,0,1,osmo147n6a8pnxw23zyufwc2scmff25u7avsyadzz0g,1.531531988407384E19,ibc/F16FDC11A7662B86BC0B9CE61871CBACF7C20606F95E86260FD38915184B75B4,732,1.781825044496E9
64389486|1|0|0|11|2,1.781824953503E9,64389486,block_result,1,CC3DF529577AAF3557D975247F0531CC0B84A28DE13F3F302E8887A3E78650FD,0,0,11,0,2,osmo147n6a8pnxw23zyufwc2scmff25u7avsyadzz0g,1.6308965E7,uosmo,732,1.781825044496E9
33194622|1|5|0|11|1,1.744130056521E9,33194622,block_result,1,F3AEF1DC757C909B15DA73AB988857E98A52C0CBB8653F2F703A527F5986DFB0,5,0,11,0,1,osmo16aypymlama0lk5s8c9s30s09eacpvwnav7ewjv,2.510181967711522E21,ibc/F16FDC11A7662B86BC0B9CE61871CBACF7C20606F95E86260FD38915184B75B4,732,1.744130103522205E9
33194622|1|5|0|11|2,1.744130056521E9,33194622,block_result,1,F3AEF1DC757C909B15DA73AB988857E98A52C0CBB8653F2F703A527F5986DFB0,5,0,11,0,2,osmo16aypymlama0lk5s8c9s30s09eacpvwnav7ewjv,9.5565139E7,uosmo,732,1.744130103522205E9
9962823|1|0|0|9|2,1.686034676761E9,9962823,block_result,1,0236F2BD95147ADCE2DADC13FC445B63ACE39B18A2914D62D17BB3A83559CF8F,0,0,9,0,2,osmo16aypymlama0lk5s8c9s30s09eacpvwnav7ewjv,3.3097593E7,uosmo,732,1.717429645103132E9
9962823|1|0|0|9|1,1.686034676761E9,9962823,block_result,1,0236F2BD95147ADCE2DADC13FC445B63ACE39B18A2914D62D17BB3A83559CF8F,0,0,9,0,1,osmo16aypymlama0lk5s8c9s30s09eacpvwnav7ewjv,1.3567572663723997E21,ibc/F16FDC11A7662B86BC0B9CE61871CBACF7C20606F95E86260FD38915184B75B4,732,1.717429645103132E9
36854105|1|0|0|11|1,1.748810027354E9,36854105,block_result,1,87D7A21CBA431F68CD3CD9A68D3AADCE3FA4684F332619C5F404D0DE23AEC219,0,0,11,0,1,osmo1ag940t2gd4sn0wey7xgfjl83x2t5v62m6629pc,3.019801636274422E22,ibc/F16FDC11A7662B86BC0B9CE61871CBACF7C20606F95E86260FD38915184B75B4,732,1.748810046624806E9
36854105|1|0|0|11|2,1.748810027354E9,36854105,block_result,1,87D7A21CBA431F68CD3CD9A68D3AADCE3FA4684F332619C5F404D0DE23AEC219,0,0,11,0,2,osmo1ag940t2gd4sn0wey7xgfjl83x2t5v62m6629pc,1.597227551E9,uosmo,732,1.748810046624806E9
8783977|1|2|0|9|1,1.679276308988E9,8783977,block_result,1,72EDFA5A830878A917AD56C647B955DFC8736F910230BE47D53D1BBB8ADE0663,2,0,9,0,1,osmo1s84q7zy0a0f7dchrpj2fk89gyglkwm2eqrzwxu,4.140543254597561E20,ibc/F16FDC11A7662B86BC0B9CE61871CBACF7C20606F95E86260FD38915184B75B4,732,1.71745802157735E9
8783977|1|2|0|9|2,1.679276308988E9,8783977,block_result,1,72EDFA5A830878A917AD56C647B955DFC8736F910230BE47D53D1BBB8ADE0663,2,0,9,0,2,osmo1s84q7zy0a0f7dchrpj2fk89gyglkwm2eqrzwxu,2.8477448E7,uosmo,732,1.71745802157735E9
8783983|1|2|0|9|1,1.679276345289E9,8783983,block_result,1,C60EDC64DCDB474B6EF49DF2502A9090EDBDE16F0170C6858B0327AECD257FF1,2,0,9,0,1,osmo1s84q7zy0a0f7dchrpj2fk89gyglkwm2eqrzwxu,2.111267174648919E20,ibc/F16FDC11A7662B86BC0B9CE61871CBACF7C20606F95E86260FD38915184B75B4,732,1.717458026667061E9
8783983|1|2|0|9|2,1.679276345289E9,8783983,block_result,1,C60EDC64DCDB474B6EF49DF2502A9090EDBDE16F0170C6858B0327AECD257FF1,2,0,9,0,2,osmo1s84q7zy0a0f7dchrpj2fk89gyglkwm2eqrzwxu,1.4500711E7,uosmo,732,1.717458026667061E9
8783990|1|4|0|9|1,1.679276381432E9,8783990,block_result,1,1662F8A2633F3ED614A9A1E24030232CB71188644003263059E3D0A8BAC3A05C,4,0,9,0,1,osmo1s84q7zy0a0f7dchrpj2fk89gyglkwm2eqrzwxu,1.0547633976919558E20,ibc/F16FDC11A7662B86BC0B9CE61871CBACF7C20606F95E86260FD38915184B75B4,732,1.717458018421196E9
8783990|1|4|0|9|2,1.679276381432E9,8783990,block_result,1,1662F8A2633F3ED614A9A1E24030232CB71188644003263059E3D0A8BAC3A05C,4,0,9,0,2,osmo1s84q7zy0a0f7dchrpj2fk89gyglkwm2eqrzwxu,7239300.0,uosmo,732,1.717458018421196E9
8783997|1|2|0|9|2,1.679276420881E9,8783997,block_result,1,C5FE94072E58571046C0BFC6DC0C14D406A97D3B24C05BFB488E0D99C9A36944,2,0,9,0,2,osmo1s84q7zy0a0f7dchrpj2fk89gyglkwm2eqrzwxu,3615081.0,uosmo,732,1.717458058298368E9
8783997|1|2|0|9|1,1.679276420881E9,8783997,block_result,1,C5FE94072E58571046C0BFC6DC0C14D406A97D3B24C05BFB488E0D99C9A36944,2,0,9,0,1,osmo1s84q7zy0a0f7dchrpj2fk89gyglkwm2eqrzwxu,5.2690059362097635E19,ibc/F16FDC11A7662B86BC0B9CE61871CBACF7C20606F95E86260FD38915184B75B4,732,1.717458058298368E9
65155953|1|0|0|11|2,1.782711459167E9,65155953,block_result,1,7F997271204707709DC81389C3458D751D2E0E4F1C0FCF25DEACEAA1E4A7F11D,0,0,11,0,2,osmo12960s7qmmxcewmtyh5gf95dlg3yl7vh22xq9kx,2.5134144966E10,uosmo,732,1.782711461517E9
65155953|1|0|0|11|1,1.782711459167E9,65155953,block_result,1,7F997271204707709DC81389C3458D751D2E0E4F1C0FCF25DEACEAA1E4A7F11D,0,0,11,0,1,osmo12960s7qmmxcewmtyh5gf95dlg3yl7vh22xq9kx,2.602480594315568E22,ibc/F16FDC11A7662B86BC0B9CE61871CBACF7C20606F95E86260FD38915184B75B4,732,1.782711461517E9
65205717|1|0|0|11|2,1.78276950563E9,65205717,block_result,1,F905F8B8FAC8E4E46509547467A665CF4E099CB187626A7046EAE985744059F5,0,0,11,0,2,osmo12960s7qmmxcewmtyh5gf95dlg3yl7vh22xq9kx,1.6500920144E10,uosmo,732,1.782769508021E9
65205717|1|0|0|11|1,1.78276950563E9,65205717,block_result,1,F905F8B8FAC8E4E46509547467A665CF4E099CB187626A7046EAE985744059F5,0,0,11,0,1,osmo12960s7qmmxcewmtyh5gf95dlg3yl7vh22xq9kx,1.7957094492845378E22,ibc/F16FDC11A7662B86BC0B9CE61871CBACF7C20606F95E86260FD38915184B75B4,732,1.782769508021E9
65205766|1|1|0|11|1,1.782769563404E9,65205766,block_result,1,6D9F459C30918DF51FCF662E1DA68AC07FF110E4C746419D990CD979FC54D856,1,0,11,0,1,osmo12960s7qmmxcewmtyh5gf95dlg3yl7vh22xq9kx,8.166024308976437E21,ibc/F16FDC11A7662B86BC0B9CE61871CBACF7C20606F95E86260FD38915184B75B4,732,1.782769568723E9
65205766|1|1|0|11|2,1.782769563404E9,65205766,block_result,1,6D9F459C30918DF51FCF662E1DA68AC07FF110E4C746419D990CD979FC54D856,1,0,11,0,2,osmo12960s7qmmxcewmtyh5gf95dlg3yl7vh22xq9kx,8.223684059E9,uosmo,732,1.782769568723E9
6556033|1|4|0|9|2,1.666450408401E9,6556033,block_result,1,FD764E2BDE8B0FDEF1E812276BADE5F139BD5695722EAF7C077BE891B523C920,4,0,9,0,2,osmo1s84q7zy0a0f7dchrpj2fk89gyglkwm2eqrzwxu,4323425.0,uosmo,732,1.717513459087978E9
6556033|1|4|0|9|1,1.666450408401E9,6556033,block_result,1,FD764E2BDE8B0FDEF1E812276BADE5F139BD5695722EAF7C077BE891B523C920,4,0,9,0,1,osmo1s84q7zy0a0f7dchrpj2fk89gyglkwm2eqrzwxu,8.608933626869984E19,ibc/F16FDC11A7662B86BC0B9CE61871CBACF7C20606F95E86260FD38915184B75B4,732,1.717513459087978E9
12866402|1|16|0|11|1,1.703112638321E9,12866402,block_result,1,8627463DD713799B12D4EB351974A8C97FC34AB7DB6C46A827A003E39824A348,16,0,11,0,1,osmo1t5k8hym2vmr9c6p2vhv2rhznlfddzfkegzreat,1.1139433817397047E19,ibc/F16FDC11A7662B86BC0B9CE61871CBACF7C20606F95E86260FD38915184B75B4,732,1.717092217334789E9
12866402|1|16|0|11|2,1.703112638321E9,12866402,block_result,1,8627463DD713799B12D4EB351974A8C97FC34AB7DB6C46A827A003E39824A348,16,0,11,0,2,osmo1t5k8hym2vmr9c6p2vhv2rhznlfddzfkegzreat,739193.0,uosmo,732,1.717092217334789E9
4925767|1|5|0|9|2,1.656382833313E9,4925767,block_result,1,44CE0D99212D6351BAF01690EF6E2E0B8413B6756E28BAB1457E926D8C6598BC,5,0,9,0,2,osmo16jexsf558vvdwwl2cfj0mzr4x63xjpac5cs9rv,1.0335433E7,uosmo,732,1.717574549063863E9
4925767|1|5|0|9|1,1.656382833313E9,4925767,block_result,1,44CE0D99212D6351BAF01690EF6E2E0B8413B6756E28BAB1457E926D8C6598BC,5,0,9,0,1,osmo16jexsf558vvdwwl2cfj0mzr4x63xjpac5cs9rv,1.3676205360567247E20,ibc/F16FDC11A7662B86BC0B9CE61871CBACF7C20606F95E86260FD38915184B75B4,732,1.717574549063863E9
7274043|1|124|0|9|2,1.67069835306E9,7274043,block_result,1,FD47A5FC16E33C979CCDAC722E3A10397505165C72287635503E710F073FD928,124,0,9,0,2,osmo1s84q7zy0a0f7dchrpj2fk89gyglkwm2eqrzwxu,2.1402057E7,uosmo,732,1.717497859895685E9
7274043|1|124|0|9|1,1.67069835306E9,7274043,block_result,1,FD47A5FC16E33C979CCDAC722E3A10397505165C72287635503E710F073FD928,124,0,9,0,1,osmo1s84q7zy0a0f7dchrpj2fk89gyglkwm2eqrzwxu,1.2797833614586712E21,ibc/F16FDC11A7662B86BC0B9CE61871CBACF7C20606F95E86260FD38915184B75B4,732,1.717497859895685E9
7274074|1|4|0|9|1,1.670698530619E9,7274074,block_result,1,89591120BA7CE9FDB8A5062600AA4FF8C71A2B89EC91A7DC76DB9D7079B38BA8,4,0,9,0,1,osmo1s84q7zy0a0f7dchrpj2fk89gyglkwm2eqrzwxu,6.395987390437167E20,ibc/F16FDC11A7662B86BC0B9CE61871CBACF7C20606F95E86260FD38915184B75B4,732,1.717497374615748E9
7274074|1|4|0|9|2,1.670698530619E9,7274074,block_result,1,89591120BA7CE9FDB8A5062600AA4FF8C71A2B89EC91A7DC76DB9D7079B38BA8,4,0,9,0,2,osmo1s84q7zy0a0f7dchrpj2fk89gyglkwm2eqrzwxu,1.0673336E7,uosmo,732,1.717497374615748E9
5240730|1|0|0|9|2,1.658351814721E9,5240730,block_result,1,7B323402FB9570983EB8220333D7F362E104BEFB116CB09A973FBA7B44F716C3,0,0,9,0,2,osmo1v2z9rwxt5y98pnrs6ryhqp08ay5azzvmw92wnm,3.89603186E8,uosmo,732,1.717561066128881E9
5240730|1|0|0|9|1,1.658351814721E9,5240730,block_result,1,7B323402FB9570983EB8220333D7F362E104BEFB116CB09A973FBA7B44F716C3,0,0,9,0,1,osmo1v2z9rwxt5y98pnrs6ryhqp08ay5azzvmw92wnm,4.874383682303059E21,ibc/F16FDC11A7662B86BC0B9CE61871CBACF7C20606F95E86260FD38915184B75B4,732,1.717561066128881E9
6820581|1|65|0|9|2,1.668029504678E9,6820581,block_result,1,FE1CF5CE2FB137C802141E1747AEF4B410A666175E331BFB73690FAEF6EDF60C,65,0,9,0,2,osmo1s84q7zy0a0f7dchrpj2fk89gyglkwm2eqrzwxu,2.7110224E7,uosmo,732,1.717506065040607E9
6820581|1|65|0|9|1,1.668029504678E9,6820581,block_result,1,FE1CF5CE2FB137C802141E1747AEF4B410A666175E331BFB73690FAEF6EDF60C,65,0,9,0,1,osmo1s84q7zy0a0f7dchrpj2fk89gyglkwm2eqrzwxu,8.204391878508368E20,ibc/F16FDC11A7662B86BC0B9CE61871CBACF7C20606F95E86260FD38915184B75B4,732,1.717506065040607E9
9239544|1|0|0|9|1,1.681876344962E9,9239544,block_result,1,9DDB7326CB95EF2C5BBB5605ACFD27C65ABB5F88D39FF2229E93D726243A983F,0,0,9,0,1,osmo17uyvfmejsljqmfgqqzv5y2vqrtaf4nlk87yxdz,6.315689241964249E20,ibc/F16FDC11A7662B86BC0B9CE61871CBACF7C20606F95E86260FD38915184B75B4,732,1.717447062137686E9
9239544|1|0|0|9|2,1.681876344962E9,9239544,block_result,1,9DDB7326CB95EF2C5BBB5605ACFD27C65ABB5F88D39FF2229E93D726243A983F,0,0,9,0,2,osmo17uyvfmejsljqmfgqqzv5y2vqrtaf4nlk87yxdz,2.1054442E7,uosmo,732,1.717447062137686E9
14382152|1|31|0|11|2,1.710832183277E9,14382152,block_result,1,A92386487C14A53818FF54E1B88E2691DAA6B50997DC4A42F3B2D2E13901CF30,31,0,11,0,2,osmo16aypymlama0lk5s8c9s30s09eacpvwnav7ewjv,1.8451095E7,uosmo,732,1.717033756013559E9
14382152|1|31|0|11|1,1.710832183277E9,14382152,block_result,1,A92386487C14A53818FF54E1B88E2691DAA6B50997DC4A42F3B2D2E13901CF30,31,0,11,0,1,osmo16aypymlama0lk5s8c9s30s09eacpvwnav7ewjv,9.157660449710721E20,ibc/F16FDC11A7662B86BC0B9CE61871CBACF7C20606F95E86260FD38915184B75B4,732,1.717033756013559E9
70527643|1|0|0|11|2,1.789347903792E9,70527643,block_result,1,527C4CB22C053432EDBB05C6D030849F91063FD8324605659B752D9C3D7B58E1,0,0,11,0,2,osmo14m3cefx79r3zk60s8u3y7zslzewrd5q4p2kyq3,1097503.0,uosmo,732,1.789347906636E9
70527643|1|0|0|11|1,1.789347903792E9,70527643,block_result,1,527C4CB22C053432EDBB05C6D030849F91063FD8324605659B752D9C3D7B58E1,0,0,11,0,1,osmo14m3cefx79r3zk60s8u3y7zslzewrd5q4p2kyq3,3.7947472459443994E17,ibc/F16FDC11A7662B86BC0B9CE61871CBACF7C20606F95E86260FD38915184B75B4,732,1.789347906636E9
13582604|1|29|0|11|2,1.706868459639E9,13582604,block_result,1,F5AA40FA95807BF718320D0C4305BA853A7826F2DDC030D7EB7992E47DBF83D1,29,0,11,0,2,osmo16aypymlama0lk5s8c9s30s09eacpvwnav7ewjv,1.3414066E7,uosmo,732,1.717074482951485E9
13582604|1|29|0|11|1,1.706868459639E9,13582604,block_result,1,F5AA40FA95807BF718320D0C4305BA853A7826F2DDC030D7EB7992E47DBF83D1,29,0,11,0,1,osmo16aypymlama0lk5s8c9s30s09eacpvwnav7ewjv,3.305087981867271E20,ibc/F16FDC11A7662B86BC0B9CE61871CBACF7C20606F95E86260FD38915184B75B4,732,1.717074482951485E9
8470709|1|2|0|9|1,1.677494796469E9,8470709,block_result,1,25B952AE9230F8B2EC03BB43080B965B9FDC3246B10BA7781B4FB1DC3BEEFA80,2,0,9,0,1,osmo16hp7wzudkeyw6fvgvalm0fh3elp9czhf9l3k7l,2.792819396387625E19,ibc/F16FDC11A7662B86BC0B9CE61871CBACF7C20606F95E86260FD38915184B75B4,732,1.717466895379371E9
8470709|1|2|0|9|2,1.677494796469E9,8470709,block_result,1,25B952AE9230F8B2EC03BB43080B965B9FDC3246B10BA7781B4FB1DC3BEEFA80,2,0,9,0,2,osmo16hp7wzudkeyw6fvgvalm0fh3elp9czhf9l3k7l,836617.0,uosmo,732,1.717466895379371E9
7770678|1|6|0|9|1,1.673539510518E9,7770678,block_result,1,97EAD3798939800A2D6DB46669B102A9F93B3A212479E363D64F1D91AFB315B9,6,0,9,0,1,osmo1s84q7zy0a0f7dchrpj2fk89gyglkwm2eqrzwxu,1.834409053974628E20,ibc/F16FDC11A7662B86BC0B9CE61871CBACF7C20606F95E86260FD38915184B75B4,732,1.717485746612314E9
7770678|1|6|0|9|2,1.673539510518E9,7770678,block_result,1,97EAD3798939800A2D6DB46669B102A9F93B3A212479E363D64F1D91AFB315B9,6,0,9,0,2,osmo1s84q7zy0a0f7dchrpj2fk89gyglkwm2eqrzwxu,6079600.0,uosmo,732,1.717485746612314E9
7770723|1|4|0|9|2,1.673539768487E9,7770723,block_result,1,DB9C94329A1048F34F13836856A2CEBFE4767D69B37D40F5AC93341F52F3ED70,4,0,9,0,2,osmo1s84q7zy0a0f7dchrpj2fk89gyglkwm2eqrzwxu,7169911.0,uosmo,732,1.717485682859713E9
7770723|1|4|0|9|1,1.673539768487E9,7770723,block_result,1,DB9C94329A1048F34F13836856A2CEBFE4767D69B37D40F5AC93341F52F3ED70,4,0,9,0,1,osmo1s84q7zy0a0f7dchrpj2fk89gyglkwm2eqrzwxu,2.165588646340846E20,ibc/F16FDC11A7662B86BC0B9CE61871CBACF7C20606F95E86260FD38915184B75B4,732,1.717485682859713E9
7770748|1|3|0|9|1,1.673539899148E9,7770748,block_result,1,E818B0C23A7B792206FC24579B4A28909EC506655ADFE107A0BE520D8AA5FF59,3,0,9,0,1,osmo1s84q7zy0a0f7dchrpj2fk89gyglkwm2eqrzwxu,1.081849119428319E20,ibc/F16FDC11A7662B86BC0B9CE61871CBACF7C20606F95E86260FD38915184B75B4,732,1.717485652937179E9
7770748|1|3|0|9|2,1.673539899148E9,7770748,block_result,1,E818B0C23A7B792206FC24579B4A28909EC506655ADFE107A0BE520D8AA5FF59,3,0,9,0,2,osmo1s84q7zy0a0f7dchrpj2fk89gyglkwm2eqrzwxu,3580009.0,uosmo,732,1.717485652937179E9
7770786|1|3|0|9|1,1.673540108073E9,7770786,block_result,1,D2B7978C03A64BCE2322CD6A523D6FFE26032E278255034200CCEB5A38C78F5B,3,0,9,0,1,osmo1s84q7zy0a0f7dchrpj2fk89gyglkwm2eqrzwxu,5.4041796841852264E19,ibc/F16FDC11A7662B86BC0B9CE61871CBACF7C20606F95E86260FD38915184B75B4,732,1.717485666372551E9
7770786|1|3|0|9|2,1.673540108073E9,7770786,block_result,1,D2B7978C03A64BCE2322CD6A523D6FFE26032E278255034200CCEB5A38C78F5B,3,0,9,0,2,osmo1s84q7zy0a0f7dchrpj2fk89gyglkwm2eqrzwxu,1787875.0,uosmo,732,1.717485666372551E9
7770792|1|6|0|9|1,1.67354014585E9,7770792,block_result,1,59A6998D83F386DD908954A4A6A93AA50A52366D35649347AF344AE58941BD9B,6,0,9,0,1,osmo1s84q7zy0a0f7dchrpj2fk89gyglkwm2eqrzwxu,2.6994734192890286E19,ibc/F16FDC11A7662B86BC0B9CE61871CBACF7C20606F95E86260FD38915184B75B4,732,1.717485748768635E9
7770792|1|6|0|9|2,1.67354014585E9,7770792,block_result,1,59A6998D83F386DD908954A4A6A93AA50A52366D35649347AF344AE58941BD9B,6,0,9,0,2,osmo1s84q7zy0a0f7dchrpj2fk89gyglkwm2eqrzwxu,892959.0,uosmo,732,1.717485748768635E9
61902802|1|0|0|11|2,1.779080728415E9,61902802,block_result,1,80CC996A9E66F2221648D9520388CE22E556478E6D7AE8A8C70C6D1D6B232AB4,0,0,11,0,2,osmo1hgp002gnpvas3jz0xawh8ek39nghjycxqg8t8e,9.8467129E7,uosmo,732,1.779080730506E9
61902802|1|0|0|11|1,1.779080728415E9,61902802,block_result,1,80CC996A9E66F2221648D9520388CE22E556478E6D7AE8A8C70C6D1D6B232AB4,0,0,11,0,1,osmo1hgp002gnpvas3jz0xawh8ek39nghjycxqg8t8e,1.8608412065585024E20,ibc/F16FDC11A7662B86BC0B9CE61871CBACF7C20606F95E86260FD38915184B75B4,732,1.779080730506E9
7530256|1|12|0|9|1,1.672171699555E9,7530256,block_result,1,2C1BDB6CEC4C29F58032CA6D3A257500AED92B377A17A8C29B36AC735B8E983D,12,0,9,0,1,osmo19l9wsymdh3mp7munzrlk8rs03ttnu2uaujyktu,1.5110469307064727E18,ibc/F16FDC11A7662B86BC0B9CE61871CBACF7C20606F95E86260FD38915184B75B4,732,1.717492325651139E9
7530256|1|12|0|9|2,1.672171699555E9,7530256,block_result,1,2C1BDB6CEC4C29F58032CA6D3A257500AED92B377A17A8C29B36AC735B8E983D,12,0,9,0,2,osmo19l9wsymdh3mp7munzrlk8rs03ttnu2uaujyktu,36197.0,uosmo,732,1.717492325651139E9
7360528|1|16|0|9|1,1.6712002162E9,7360528,block_result,1,7DC2D8EE6DD87426985218B949D52E26CAEB66A6124B546C70136D551C228AA9,16,0,9,0,1,osmo19l9wsymdh3mp7munzrlk8rs03ttnu2uaujyktu,3.714702774744667E18,ibc/F16FDC11A7662B86BC0B9CE61871CBACF7C20606F95E86260FD38915184B75B4,732,1.717495048196545E9
7360528|1|16|0|9|2,1.6712002162E9,7360528,block_result,1,7DC2D8EE6DD87426985218B949D52E26CAEB66A6124B546C70136D551C228AA9,16,0,9,0,2,osmo19l9wsymdh3mp7munzrlk8rs03ttnu2uaujyktu,70044.0,uosmo,732,1.717495048196545E9
53779071|1|0|0|11|2,1.769437325998E9,53779071,block_result,1,D92D525654C4D2061D32194DAF0A1866F0A043737900C84898862A9D17264F84,0,0,11,0,2,osmo16aypymlama0lk5s8c9s30s09eacpvwnav7ewjv,2.285063687E9,uosmo,732,1.769437328517332E9
53779071|1|0|0|11|1,1.769437325998E9,53779071,block_result,1,D92D525654C4D2061D32194DAF0A1866F0A043737900C84898862A9D17264F84,0,0,11,0,1,osmo16aypymlama0lk5s8c9s30s09eacpvwnav7ewjv,8.651424978162009E21,ibc/F16FDC11A7662B86BC0B9CE61871CBACF7C20606F95E86260FD38915184B75B4,732,1.769437328517332E9
6649966|1|11|0|9|2,1.66701429053E9,6649966,block_result,1,ADE0D6E3683A24EF776A9645AA035E0F8CDEFC135949C50BD1FF1AA694D37778,11,0,9,0,2,osmo1a20c4f5280pwza4649e88hjrq6qlaptxtzt57r,237032.0,uosmo,732,1.717510184138327E9
6649966|1|11|0|9|1,1.66701429053E9,6649966,block_result,1,ADE0D6E3683A24EF776A9645AA035E0F8CDEFC135949C50BD1FF1AA694D37778,11,0,9,0,1,osmo1a20c4f5280pwza4649e88hjrq6qlaptxtzt57r,6.422550213567366E18,ibc/F16FDC11A7662B86BC0B9CE61871CBACF7C20606F95E86260FD38915184B75B4,732,1.717510184138327E9
10017902|1|0|0|9|2,1.686356136732E9,10017902,block_result,1,36565F3E04B1F464F788396AD56CA73342FF58F96435F21D0EA0364423E29A91,0,0,9,0,2,osmo16aypymlama0lk5s8c9s30s09eacpvwnav7ewjv,4.9499634E7,uosmo,732,1.717432267875291E9
10017902|1|0|0|9|1,1.686356136732E9,10017902,block_result,1,36565F3E04B1F464F788396AD56CA73342FF58F96435F21D0EA0364423E29A91,0,0,9,0,1,osmo16aypymlama0lk5s8c9s30s09eacpvwnav7ewjv,2.0411826719739198E21,ibc/F16FDC11A7662B86BC0B9CE61871CBACF7C20606F95E86260FD38915184B75B4,732,1.717432267875291E9
9115457|1|1|0|9|2,1.681168919493E9,9115457,block_result,1,28E1594A221EE53D082C157728987BCB9053A799073E578582F075252F69FB26,1,0,9,0,2,osmo17uyvfmejsljqmfgqqzv5y2vqrtaf4nlk87yxdz,5893563.0,uosmo,732,1.717449877053424E9
9115457|1|1|0|9|1,1.681168919493E9,9115457,block_result,1,28E1594A221EE53D082C157728987BCB9053A799073E578582F075252F69FB26,1,0,9,0,1,osmo17uyvfmejsljqmfgqqzv5y2vqrtaf4nlk87yxdz,1.384540539265529E20,ibc/F16FDC11A7662B86BC0B9CE61871CBACF7C20606F95E86260FD38915184B75B4,732,1.717449877053424E9
9115249|1|9|0|9|2,1.681167738823E9,9115249,block_result,1,C509061BEC0D2B0DEF43395F67E46557C4981E34F7F6C5C34315E7C2578D346D,9,0,9,0,2,osmo17uyvfmejsljqmfgqqzv5y2vqrtaf4nlk87yxdz,5895695.0,uosmo,732,1.717449882582664E9
9115249|1|9|0|9|1,1.681167738823E9,9115249,block_result,1,C509061BEC0D2B0DEF43395F67E46557C4981E34F7F6C5C34315E7C2578D346D,9,0,9,0,1,osmo17uyvfmejsljqmfgqqzv5y2vqrtaf4nlk87yxdz,1.3840387936579378E20,ibc/F16FDC11A7662B86BC0B9CE61871CBACF7C20606F95E86260FD38915184B75B4,732,1.717449882582664E9
9112743|1|0|0|9|1,1.681153581211E9,9112743,block_result,1,43DA3935D0AEDFD2C7697DFC94E191735263CFD8515BA9D0F1B757E951165B06,0,0,9,0,1,osmo17uyvfmejsljqmfgqqzv5y2vqrtaf4nlk87yxdz,2.7497944021812534E20,ibc/F16FDC11A7662B86BC0B9CE61871CBACF7C20606F95E86260FD38915184B75B4,732,1.717450487946978E9
9112743|1|0|0|9|2,1.681153581211E9,9112743,block_result,1,43DA3935D0AEDFD2C7697DFC94E191735263CFD8515BA9D0F1B757E951165B06,0,0,9,0,2,osmo17uyvfmejsljqmfgqqzv5y2vqrtaf4nlk87yxdz,1.1869633E7,uosmo,732,1.717450487946978E9
29215786|1|2|0|11|1,1.73901851173E9,29215786,block_result,1,BF1A050362E3D1E8CA7C8996EB8DB349C1C105D95DE3475676E0B07D15C4124C,2,0,11,0,1,osmo16aypymlama0lk5s8c9s30s09eacpvwnav7ewjv,1.919116880902322E21,ibc/F16FDC11A7662B86BC0B9CE61871CBACF7C20606F95E86260FD38915184B75B4,732,1.739018514449903E9
29215786|1|2|0|11|2,1.73901851173E9,29215786,block_result,1,BF1A050362E3D1E8CA7C8996EB8DB349C1C105D95DE3475676E0B07D15C4124C,2,0,11,0,2,osmo16aypymlama0lk5s8c9s30s09eacpvwnav7ewjv,4.7616284E7,uosmo,732,1.739018514449903E9
7029112|1|2|0|9|1,1.66926451298E9,7029112,block_result,1,08DF98CFE1AFDF767AE66D3DCF09467B8421A80B932DA36D2DAA0D9384CF102F,2,0,9,0,1,osmo1s84q7zy0a0f7dchrpj2fk89gyglkwm2eqrzwxu,1.1666006048491062E21,ibc/F16FDC11A7662B86BC0B9CE61871CBACF7C20606F95E86260FD38915184B75B4,732,1.717501596793645E9
7029112|1|2|0|9|2,1.66926451298E9,7029112,block_result,1,08DF98CFE1AFDF767AE66D3DCF09467B8421A80B932DA36D2DAA0D9384CF102F,2,0,9,0,2,osmo1s84q7zy0a0f7dchrpj2fk89gyglkwm2eqrzwxu,2.3385989E7,uosmo,732,1.717501596793645E9
5946933|1|22|0|9|1,1.662729049194E9,5946933,block_result,1,DC8C290F240C7A0847DAE9443300F5233E21AB34C12C3076BB07CEE0ECE02CBA,22,0,9,0,1,osmo1cpat972rh4e88xmxlkfk3cg5h5zat7unx3xm9v,6.138391431226279E18,ibc/F16FDC11A7662B86BC0B9CE61871CBACF7C20606F95E86260FD38915184B75B4,732,1.717541731692642E9
5946933|1|22|0|9|2,1.662729049194E9,5946933,block_result,1,DC8C290F240C7A0847DAE9443300F5233E21AB34C12C3076BB07CEE0ECE02CBA,22,0,9,0,2,osmo1cpat972rh4e88xmxlkfk3cg5h5zat7unx3xm9v,400004.0,uosmo,732,1.717541731692642E9
8940806|1|1|0|9|2,1.680170820442E9,8940806,block_result,1,5F1CE28D3F3D91AE13750192AFF697B9B074E7FB52164F8920577258540E9A18,1,0,9,0,2,osmo1hfyzequmfdsqx5fs06p2lvhsllz9ym07cpk9ya,2.2693617E7,uosmo,732,1.717454042517287E9
8940806|1|1|0|9|1,1.680170820442E9,8940806,block_result,1,5F1CE28D3F3D91AE13750192AFF697B9B074E7FB52164F8920577258540E9A18,1,0,9,0,1,osmo1hfyzequmfdsqx5fs06p2lvhsllz9ym07cpk9ya,3.905229600566233E20,ibc/F16FDC11A7662B86BC0B9CE61871CBACF7C20606F95E86260FD38915184B75B4,732,1.717454042517287E9
8937696|1|2|0|9|1,1.680153099642E9,8937696,block_result,1,156D450E3BCBA762B1773BC056ECE6612E809D8A03BE3F21070E999B174653F1,2,0,9,0,1,osmo1hfyzequmfdsqx5fs06p2lvhsllz9ym07cpk9ya,3.8086426023260713E18,ibc/F16FDC11A7662B86BC0B9CE61871CBACF7C20606F95E86260FD38915184B75B4,732,1.717454902969802E9
8937696|1|2|0|9|2,1.680153099642E9,8937696,block_result,1,156D450E3BCBA762B1773BC056ECE6612E809D8A03BE3F21070E999B174653F1,2,0,9,0,2,osmo1hfyzequmfdsqx5fs06p2lvhsllz9ym07cpk9ya,221233.0,uosmo,732,1.717454902969802E9
16861410|1|1|0|11|1,1.718663957912E9,16861410,block_result,1,7BEF5EED3946D2A65AD08887390FC8C425351D764B4A029F4F3AB1CAB0CA511F,1,0,11,0,1,osmo16aypymlama0lk5s8c9s30s09eacpvwnav7ewjv,2.0691539783563566E21,ibc/F16FDC11A7662B86BC0B9CE61871CBACF7C20606F95E86260FD38915184B75B4,732,1.718664003508276E9
16861410|1|1|0|11|2,1.718663957912E9,16861410,block_result,1,7BEF5EED3946D2A65AD08887390FC8C425351D764B4A029F4F3AB1CAB0CA511F,1,0,11,0,2,osmo16aypymlama0lk5s8c9s30s09eacpvwnav7ewjv,3.1748754E7,uosmo,732,1.718664003508276E9
16861675|1|5|0|11|2,1.718664562147E9,16861675,block_result,1,9ABBA1F2D96AA521518652F0B101880B3654E061FB99B21619E9FA6319DD57D7,5,0,11,0,2,osmo16aypymlama0lk5s8c9s30s09eacpvwnav7ewjv,2.3736674E7,uosmo,732,1.718664629481988E9
16861675|1|5|0|11|1,1.718664562147E9,16861675,block_result,1,9ABBA1F2D96AA521518652F0B101880B3654E061FB99B21619E9FA6319DD57D7,5,0,11,0,1,osmo16aypymlama0lk5s8c9s30s09eacpvwnav7ewjv,1.556772701642604E21,ibc/F16FDC11A7662B86BC0B9CE61871CBACF7C20606F95E86260FD38915184B75B4,732,1.718664629481988E9
32316246|1|2|0|11|1,1.743005481189E9,32316246,block_result,1,8FED6DFFC4BC94ECBCE0DF27427D4385E9ECBF8958090D95F39FB33309B33FEC,2,0,11,0,1,osmo16aypymlama0lk5s8c9s30s09eacpvwnav7ewjv,9.242105445146593E21,ibc/F16FDC11A7662B86BC0B9CE61871CBACF7C20606F95E86260FD38915184B75B4,732,1.743005523440478E9
32316246|1|2|0|11|2,1.743005481189E9,32316246,block_result,1,8FED6DFFC4BC94ECBCE0DF27427D4385E9ECBF8958090D95F39FB33309B33FEC,2,0,11,0,2,osmo16aypymlama0lk5s8c9s30s09eacpvwnav7ewjv,4.29966479E8,uosmo,732,1.743005523440478E9
14255798|1|1|0|11|1,1.710207972579E9,14255798,block_result,1,5B30B45C231AA2E025BA098B97A7B05E3138FEF88B45E23D010D16888805DA39,1,0,11,0,1,osmo1tw59eezlx5j8kr0grl3jryug44wafvmw8xp5w3,1.1314944292648313E19,ibc/F16FDC11A7662B86BC0B9CE61871CBACF7C20606F95E86260FD38915184B75B4,732,1.717045721450567E9
14255798|1|1|0|11|2,1.710207972579E9,14255798,block_result,1,5B30B45C231AA2E025BA098B97A7B05E3138FEF88B45E23D010D16888805DA39,1,0,11,0,2,osmo1tw59eezlx5j8kr0grl3jryug44wafvmw8xp5w3,215400.0,uosmo,732,1.717045721450567E9
7367536|1|15|0|9|1,1.671241025829E9,7367536,block_result,1,D8AFA5D0AFA50CF9D26BFBEB71BDA9D0CEBF19ED25C8C222ED0544F1CB784324,15,0,9,0,1,osmo1s84q7zy0a0f7dchrpj2fk89gyglkwm2eqrzwxu,2.606838261554037E20,ibc/F16FDC11A7662B86BC0B9CE61871CBACF7C20606F95E86260FD38915184B75B4,732,1.717495919401552E9
7367536|1|15|0|9|2,1.671241025829E9,7367536,block_result,1,D8AFA5D0AFA50CF9D26BFBEB71BDA9D0CEBF19ED25C8C222ED0544F1CB784324,15,0,9,0,2,osmo1s84q7zy0a0f7dchrpj2fk89gyglkwm2eqrzwxu,8061794.0,uosmo,732,1.717495919401552E9
7367618|1|9|0|9|1,1.671241504592E9,7367618,block_result,1,4C6E91FDF917DA73BA08902487E297E9AB75CC0260A611D41CFEC06AC54BF192,9,0,9,0,1,osmo1s84q7zy0a0f7dchrpj2fk89gyglkwm2eqrzwxu,3.9736092622218415E20,ibc/F16FDC11A7662B86BC0B9CE61871CBACF7C20606F95E86260FD38915184B75B4,732,1.717495817279663E9
7367618|1|9|0|9|2,1.671241504592E9,7367618,block_result,1,4C6E91FDF917DA73BA08902487E297E9AB75CC0260A611D41CFEC06AC54BF192,9,0,9,0,2,osmo1s84q7zy0a0f7dchrpj2fk89gyglkwm2eqrzwxu,1.2268403E7,uosmo,732,1.717495817279663E9
7367659|1|9|0|9|1,1.671241737629E9,7367659,block_result,1,BA440AD1EB1F893795624A14F22C24D26F3E200DBB499BA1EB14327A3CCFD0B1,9,0,9,0,1,osmo1s84q7zy0a0f7dchrpj2fk89gyglkwm2eqrzwxu,1.9852658721556965E20,ibc/F16FDC11A7662B86BC0B9CE61871CBACF7C20606F95E86260FD38915184B75B4,732,1.717495418991069E9
7367659|1|9|0|9|2,1.671241737629E9,7367659,block_result,1,BA440AD1EB1F893795624A14F22C24D26F3E200DBB499BA1EB14327A3CCFD0B1,9,0,9,0,2,osmo1s84q7zy0a0f7dchrpj2fk89gyglkwm2eqrzwxu,6123935.0,uosmo,732,1.717495418991069E9
7367676|1|11|0|9|2,1.671241828009E9,7367676,block_result,1,E52E6D6CD5F93914EDC87FA0F4EBC9AFDBA9CCA751383E5D6C1A0451F13DC7CD,11,0,9,0,2,osmo1s84q7zy0a0f7dchrpj2fk89gyglkwm2eqrzwxu,3057875.0,uosmo,732,1.717495418602548E9
7367676|1|11|0|9|1,1.671241828009E9,7367676,block_result,1,E52E6D6CD5F93914EDC87FA0F4EBC9AFDBA9CCA751383E5D6C1A0451F13DC7CD,11,0,9,0,1,osmo1s84q7zy0a0f7dchrpj2fk89gyglkwm2eqrzwxu,9.917521159611384E19,ibc/F16FDC11A7662B86BC0B9CE61871CBACF7C20606F95E86260FD38915184B75B4,732,1.717495418602548E9
7231608|1|2|0|9|1,1.670450243454E9,7231608,block_result,1,C1BB61E502A689AAF6DEC56564551C4A61008B23726C645B75376AC072F816C1,2,0,9,0,1,osmo1wfwqp447e2kl5hz5nyvzgurrm02tyrfv3cpnxr,4.1919884518848876E18,ibc/F16FDC11A7662B86BC0B9CE61871CBACF7C20606F95E86260FD38915184B75B4,732,1.717500367975094E9
7231608|1|2|0|9|2,1.670450243454E9,7231608,block_result,1,C1BB61E502A689AAF6DEC56564551C4A61008B23726C645B75376AC072F816C1,2,0,9,0,2,osmo1wfwqp447e2kl5hz5nyvzgurrm02tyrfv3cpnxr,70327.0,uosmo,732,1.717500367975094E9
31229876|1|0|0|11|2,1.741629588458E9,31229876,block_result,1,B94EB51E6A608B52DFD2C3084BEF81AEC53BD43A1B1207DB1E39EF0BB94A97A1,0,0,11,0,2,osmo19h65cmarqlpaz80ja26jtn4gamuvwla00r0f66,2.93617479E8,uosmo,732,1.74162960447721E9
31229876|1|0|0|11|1,1.741629588458E9,31229876,block_result,1,B94EB51E6A608B52DFD2C3084BEF81AEC53BD43A1B1207DB1E39EF0BB94A97A1,0,0,11,0,1,osmo19h65cmarqlpaz80ja26jtn4gamuvwla00r0f66,6.244993062883742E21,ibc/F16FDC11A7662B86BC0B9CE61871CBACF7C20606F95E86260FD38915184B75B4,732,1.74162960447721E9
22706457|1|3|0|11|2,1.729503912365E9,22706457,block_result,1,ACDE93767210A73C175DEC1BA658F3A5903B2DC44DC7E593A74CB0788525C4CF,3,0,11,0,2,osmo16aypymlama0lk5s8c9s30s09eacpvwnav7ewjv,7629964.0,uosmo,732,1.729503915927499E9
22706457|1|3|0|11|1,1.729503912365E9,22706457,block_result,1,ACDE93767210A73C175DEC1BA658F3A5903B2DC44DC7E593A74CB0788525C4CF,3,0,11,0,1,osmo16aypymlama0lk5s8c9s30s09eacpvwnav7ewjv,6.219827730146106E20,ibc/F16FDC11A7662B86BC0B9CE61871CBACF7C20606F95E86260FD38915184B75B4,732,1.729503915927499E9
69422969|1|0|0|11|2,1.787905848538E9,69422969,block_result,1,671CB3C18CA818AA981A509C7F8C53A3536842344516783A0AD6B805F4EB7C04,0,0,11,0,2,osmo1h3gmr3d27mq7tnaes0355fc5q6fjwhczzmydcs,3440975.0,uosmo,732,1.787905851939E9
69422969|1|0|0|11|1,1.787905848538E9,69422969,block_result,1,671CB3C18CA818AA981A509C7F8C53A3536842344516783A0AD6B805F4EB7C04,0,0,11,0,1,osmo1h3gmr3d27mq7tnaes0355fc5q6fjwhczzmydcs,1.0942355370475894E18,ibc/F16FDC11A7662B86BC0B9CE61871CBACF7C20606F95E86260FD38915184B75B4,732,1.787905851939E9
16863952|1|8|0|11|1,1.718669764558E9,16863952,block_result,1,77511DA325338D0A13D696BDF6C29B006DB3F185C2F43A3CF311C80A26161D49,8,0,11,0,1,osmo16aypymlama0lk5s8c9s30s09eacpvwnav7ewjv,3.90214641639072E20,ibc/F16FDC11A7662B86BC0B9CE61871CBACF7C20606F95E86260FD38915184B75B4,732,1.718669845940241E9
16863952|1|8|0|11|2,1.718669764558E9,16863952,block_result,1,77511DA325338D0A13D696BDF6C29B006DB3F185C2F43A3CF311C80A26161D49,8,0,11,0,2,osmo16aypymlama0lk5s8c9s30s09eacpvwnav7ewjv,5918691.0,uosmo,732,1.718669845940241E9
9882214|1|2|0|9|1,1.685565429645E9,9882214,block_result,1,278F627497CCDD87B574BD6F23FCABDACB48ED01BF4C9C71B0520E5E250EF4C7,2,0,9,0,1,osmo17uyvfmejsljqmfgqqzv5y2vqrtaf4nlk87yxdz,1.508151770261658E20,ibc/F16FDC11A7662B86BC0B9CE61871CBACF7C20606F95E86260FD38915184B75B4,732,1.717433238592604E9
9882214|1|2|0|9|2,1.685565429645E9,9882214,block_result,1,278F627497CCDD87B574BD6F23FCABDACB48ED01BF4C9C71B0520E5E250EF4C7,2,0,9,0,2,osmo17uyvfmejsljqmfgqqzv5y2vqrtaf4nlk87yxdz,3693327.0,uosmo,732,1.717433238592604E9
65357491|1|0|0|11|1,1.782944962282E9,65357491,block_result,1,423D04B0499A8812CD12F0E45B1515E959931377AD06A100E20BA5476352D1D0,0,0,11,0,1,osmo147n6a8pnxw23zyufwc2scmff25u7avsyadzz0g,1.9321101484700082E19,ibc/F16FDC11A7662B86BC0B9CE61871CBACF7C20606F95E86260FD38915184B75B4,732,1.782944964712E9
65357491|1|0|0|11|2,1.782944962282E9,65357491,block_result,1,423D04B0499A8812CD12F0E45B1515E959931377AD06A100E20BA5476352D1D0,0,0,11,0,2,osmo147n6a8pnxw23zyufwc2scmff25u7avsyadzz0g,1.8396493E7,uosmo,732,1.782944964712E9
5928074|1|5|0|9|1,1.662613130789E9,5928074,block_result,1,01D84B3A6094B3C727D5ECD53642566EDB92593A5354388EDB693BD3F81C826F,5,0,9,0,1,osmo134ea3yazv5rfr7ydtdq5czxw0sl4aa2ufrgwyf,7.718476355914228E18,ibc/F16FDC11A7662B86BC0B9CE61871CBACF7C20606F95E86260FD38915184B75B4,732,1.717535702448769E9
5928074|1|5|0|9|2,1.662613130789E9,5928074,block_result,1,01D84B3A6094B3C727D5ECD53642566EDB92593A5354388EDB693BD3F81C826F,5,0,9,0,2,osmo134ea3yazv5rfr7ydtdq5czxw0sl4aa2ufrgwyf,535261.0,uosmo,732,1.717535702448769E9
27776702|1|7|0|11|1,1.737050180844E9,27776702,block_result,1,8918AFD1085E9655ED26CF9AB2C4A175C76F249C844E28B4C823407A9130C7C2,7,0,11,0,1,osmo1qp878w88h7ed8pc5e5redc44ykjsfwz0f3xqd9,3.131127433290644E20,ibc/F16FDC11A7662B86BC0B9CE61871CBACF7C20606F95E86260FD38915184B75B4,732,1.737050188724728E9
27776702|1|7|0|11|2,1.737050180844E9,27776702,block_result,1,8918AFD1085E9655ED26CF9AB2C4A175C76F249C844E28B4C823407A9130C7C2,7,0,11,0,2,osmo1qp878w88h7ed8pc5e5redc44ykjsfwz0f3xqd9,4996648.0,uosmo,732,1.737050188724728E9
29599810|1|0|0|11|2,1.739530151002E9,29599810,block_result,1,0B7D691E5E9E1CFE65E14D82DB91B0F237BCE9C6261AF13966B635B866761B11,0,0,11,0,2,osmo16aypymlama0lk5s8c9s30s09eacpvwnav7ewjv,1.2358664E7,uosmo,732,1.739530153659581E9
29599810|1|0|0|11|1,1.739530151002E9,29599810,block_result,1,0B7D691E5E9E1CFE65E14D82DB91B0F237BCE9C6261AF13966B635B866761B11,0,0,11,0,1,osmo16aypymlama0lk5s8c9s30s09eacpvwnav7ewjv,2.601935526328924E20,ibc/F16FDC11A7662B86BC0B9CE61871CBACF7C20606F95E86260FD38915184B75B4,732,1.739530153659581E9
6126859|1|3|0|9|2,1.663829849662E9,6126859,block_result,1,87EDAC56485AD4DE9CC72E5577E80A361A26807E13E6F1EC60D9306353781521,3,0,9,0,2,osmo1rplwrht8y9e2uru7m9m7ffh86ryvssdrr33pkp,1707139.0,uosmo,732,1.717527501939367E9
6126859|1|3|0|9|1,1.663829849662E9,6126859,block_result,1,87EDAC56485AD4DE9CC72E5577E80A361A26807E13E6F1EC60D9306353781521,3,0,9,0,1,osmo1rplwrht8y9e2uru7m9m7ffh86ryvssdrr33pkp,2.789282802049402E19,ibc/F16FDC11A7662B86BC0B9CE61871CBACF7C20606F95E86260FD38915184B75B4,732,1.717527501939367E9
66664576|1|0|0|11|1,1.784456846809E9,66664576,block_result,1,C35EC3C6B63BB03DE80B4C3F9B37A6F4B623D6963F489F85103D1882E809BA9B,0,0,11,0,1,osmo13k072z6ua8258533glfrrsep4ff6f4j5j3k3pc,1.9471554105424654E22,ibc/F16FDC11A7662B86BC0B9CE61871CBACF7C20606F95E86260FD38915184B75B4,732,1.784456849481E9
66664576|1|0|0|11|2,1.784456846809E9,66664576,block_result,1,C35EC3C6B63BB03DE80B4C3F9B37A6F4B623D6963F489F85103D1882E809BA9B,0,0,11,0,2,osmo13k072z6ua8258533glfrrsep4ff6f4j5j3k3pc,2.9588710786E10,uosmo,732,1.784456849481E9
66694748|1|1|0|11|1,1.784492040464E9,66694748,block_result,1,F173EE6DB2E8CE1483A8870C4C3DE66E9F4C9F9B2F6F3BFCA775D7D9CF42AFC2,1,0,11,0,1,osmo13k072z6ua8258533glfrrsep4ff6f4j5j3k3pc,1.9127408858577324E22,ibc/F16FDC11A7662B86BC0B9CE61871CBACF7C20606F95E86260FD38915184B75B4,732,1.784492042811E9
66694748|1|1|0|11|2,1.784492040464E9,66694748,block_result,1,F173EE6DB2E8CE1483A8870C4C3DE66E9F4C9F9B2F6F3BFCA775D7D9CF42AFC2,1,0,11,0,2,osmo13k072z6ua8258533glfrrsep4ff6f4j5j3k3pc,3.5502563643E10,uosmo,732,1.784492042811E9
19750854|1|0|0|11|2,1.724420860589E9,19750854,block_result,1,40C00491287DA57611D59B0482B53B7D7D8F777D0BD19C3E8A5BEEE280829E95,0,0,11,0,2,osmo1s84q7zy0a0f7dchrpj2fk89gyglkwm2eqrzwxu,5776102.0,uosmo,732,1.724420864041284E9
19750854|1|0|0|11|1,1.724420860589E9,19750854,block_result,1,40C00491287DA57611D59B0482B53B7D7D8F777D0BD19C3E8A5BEEE280829E95,0,0,11,0,1,osmo1s84q7zy0a0f7dchrpj2fk89gyglkwm2eqrzwxu,4.2804913925255633E20,ibc/F16FDC11A7662B86BC0B9CE61871CBACF7C20606F95E86260FD38915184B75B4,732,1.724420864041284E9
39299202|1|0|0|11|2,1.751879450703E9,39299202,block_result,1,5A2EE0B8CC25E52D92B5883D829428D33116C3EAAE1372A529D45194E2658575,0,0,11,0,2,osmo1qctsnew9jprsk2jdngu6ddemgd3h4f49sg49p8,2173166.0,uosmo,732,1.751879453268832E9
39299202|1|0|0|11|1,1.751879450703E9,39299202,block_result,1,5A2EE0B8CC25E52D92B5883D829428D33116C3EAAE1372A529D45194E2658575,0,0,11,0,1,osmo1qctsnew9jprsk2jdngu6ddemgd3h4f49sg49p8,3.513464878179357E19,ibc/F16FDC11A7662B86BC0B9CE61871CBACF7C20606F95E86260FD38915184B75B4,732,1.751879453268832E9
53547484|1|0|0|11|2,1.769180532698E9,53547484,block_result,1,E8FEC637FDA746A2EAB30472091FDECA07B54540F671E758B2E3E9EE7FC9D79D,0,0,11,0,2,osmo16aypymlama0lk5s8c9s30s09eacpvwnav7ewjv,4.15919113E9,uosmo,732,1.769180535563434E9
53547484|1|0|0|11|1,1.769180532698E9,53547484,block_result,1,E8FEC637FDA746A2EAB30472091FDECA07B54540F671E758B2E3E9EE7FC9D79D,0,0,11,0,1,osmo16aypymlama0lk5s8c9s30s09eacpvwnav7ewjv,1.847461071990812E22,ibc/F16FDC11A7662B86BC0B9CE61871CBACF7C20606F95E86260FD38915184B75B4,732,1.769180535563434E9
31352013|1|0|0|11|1,1.741786037798E9,31352013,block_result,1,20EA4C487FA3822E3D1146C143BDA56ECAF7DCC41BA0C88A37FF3C4398755488,0,0,11,0,1,osmo16aypymlama0lk5s8c9s30s09eacpvwnav7ewjv,5.25054466267131E21,ibc/F16FDC11A7662B86BC0B9CE61871CBACF7C20606F95E86260FD38915184B75B4,732,1.741786086820185E9
31352013|1|0|0|11|2,1.741786037798E9,31352013,block_result,1,20EA4C487FA3822E3D1146C143BDA56ECAF7DCC41BA0C88A37FF3C4398755488,0,0,11,0,2,osmo16aypymlama0lk5s8c9s30s09eacpvwnav7ewjv,1.92389676E8,uosmo,732,1.741786086820185E9
31351924|1|1|0|11|2,1.741785925361E9,31351924,block_result,1,7EC4BEC33D0D72C21D6F6811F1AFD7708C3BFCD749DE8CFFF14CC890CD296A23,1,0,11,0,2,osmo16aypymlama0lk5s8c9s30s09eacpvwnav7ewjv,3.84779353E8,uosmo,732,1.741785966418324E9
31351924|1|1|0|11|1,1.741785925361E9,31351924,block_result,1,7EC4BEC33D0D72C21D6F6811F1AFD7708C3BFCD749DE8CFFF14CC890CD296A23,1,0,11,0,1,osmo16aypymlama0lk5s8c9s30s09eacpvwnav7ewjv,1.050108932534262E22,ibc/F16FDC11A7662B86BC0B9CE61871CBACF7C20606F95E86260FD38915184B75B4,732,1.741785966418324E9
31342269|1|3|0|11|2,1.741773531445E9,31342269,block_result,1,851A832AB119149FDF65B282CD277F38D15500D04F73712D2ADC4E4BBDEA990C,3,0,11,0,2,osmo16aypymlama0lk5s8c9s30s09eacpvwnav7ewjv,2.76285419E8,uosmo,732,1.741773604931836E9
31342269|1|3|0|11|1,1.741773531445E9,31342269,block_result,1,851A832AB119149FDF65B282CD277F38D15500D04F73712D2ADC4E4BBDEA990C,3,0,11,0,1,osmo16aypymlama0lk5s8c9s30s09eacpvwnav7ewjv,6.498639706977441E21,ibc/F16FDC11A7662B86BC0B9CE61871CBACF7C20606F95E86260FD38915184B75B4,732,1.741773604931836E9
31342053|1|6|0|11|2,1.741773257253E9,31342053,block_result,1,FBBF0D7414EA61B4B9F9E6B674EC87DB13B2FBE5EFBC1F391BA6E09DA13CF486,6,0,11,0,2,osmo16aypymlama0lk5s8c9s30s09eacpvwnav7ewjv,3.66932411E8,uosmo,732,1.741773305495839E9
31342053|1|6|0|11|1,1.741773257253E9,31342053,block_result,1,FBBF0D7414EA61B4B9F9E6B674EC87DB13B2FBE5EFBC1F391BA6E09DA13CF486,6,0,11,0,1,osmo16aypymlama0lk5s8c9s30s09eacpvwnav7ewjv,8.698981525698896E21,ibc/F16FDC11A7662B86BC0B9CE61871CBACF7C20606F95E86260FD38915184B75B4,732,1.741773305495839E9
31352172|1|7|0|11|2,1.741786240888E9,31352172,block_result,1,91224C9316DD7A591A1A4F20EE5447913E2D2B0163225F583E026607A582F8E8,7,0,11,0,2,osmo16aypymlama0lk5s8c9s30s09eacpvwnav7ewjv,9.2634915E7,uosmo,732,1.74178626425744E9
31352172|1|7|0|11|1,1.741786240888E9,31352172,block_result,1,91224C9316DD7A591A1A4F20EE5447913E2D2B0163225F583E026607A582F8E8,7,0,11,0,1,osmo16aypymlama0lk5s8c9s30s09eacpvwnav7ewjv,2.7263626751173853E21,ibc/F16FDC11A7662B86BC0B9CE61871CBACF7C20606F95E86260FD38915184B75B4,732,1.74178626425744E9
13345408|1|10|0|11|1,1.705699484683E9,13345408,block_result,1,A2EA4EBC0736057E38802247CBBBF057AFD007F75C70540E90118A29881E09D4,10,0,11,0,1,osmo16aypymlama0lk5s8c9s30s09eacpvwnav7ewjv,7.192652911843059E19,ibc/F16FDC11A7662B86BC0B9CE61871CBACF7C20606F95E86260FD38915184B75B4,732,1.717096018307701E9
13345408|1|10|0|11|2,1.705699484683E9,13345408,block_result,1,A2EA4EBC0736057E38802247CBBBF057AFD007F75C70540E90118A29881E09D4,10,0,11,0,2,osmo16aypymlama0lk5s8c9s30s09eacpvwnav7ewjv,4006873.0,uosmo,732,1.717096018307701E9
13331668|1|6|0|11|1,1.705630227744E9,13331668,block_result,1,A4A4CE81A93642F224FD431CEE3B349D4E69137FAAF0C8C12915996149834375,6,0,11,0,1,osmo16aypymlama0lk5s8c9s30s09eacpvwnav7ewjv,1.4366205998881782E20,ibc/F16FDC11A7662B86BC0B9CE61871CBACF7C20606F95E86260FD38915184B75B4,732,1.717096938860029E9
13331668|1|6|0|11|2,1.705630227744E9,13331668,block_result,1,A4A4CE81A93642F224FD431CEE3B349D4E69137FAAF0C8C12915996149834375,6,0,11,0,2,osmo16aypymlama0lk5s8c9s30s09eacpvwnav7ewjv,8024379.0,uosmo,732,1.717096938860029E9
9866747|1|12|0|9|2,1.685476054951E9,9866747,block_result,1,CABAB69AF5FE44D185E9A283E7C75C7BD4AE09426061FE2D676B79A352C435F6,12,0,9,0,2,osmo17uyvfmejsljqmfgqqzv5y2vqrtaf4nlk87yxdz,7390790.0,uosmo,732,1.717432440311694E9
9866747|1|12|0|9|1,1.685476054951E9,9866747,block_result,1,CABAB69AF5FE44D185E9A283E7C75C7BD4AE09426061FE2D676B79A352C435F6,12,0,9,0,1,osmo17uyvfmejsljqmfgqqzv5y2vqrtaf4nlk87yxdz,3.0146119456556935E20,ibc/F16FDC11A7662B86BC0B9CE61871CBACF7C20606F95E86260FD38915184B75B4,732,1.717432440311694E9
5033910|1|2|0|9|2,1.657059009786E9,5033910,block_result,1,6A4BF299B55BBDCEE6351E84E2DADD8766985643802EAB648DB56B0914629895,2,0,9,0,2,osmo1gn2saq5vy2qjn9ktn8rl9cx9ajvn8drchcv355,4442.0,uosmo,732,1.717568057041563E9
5033910|1|2|0|9|1,1.657059009786E9,5033910,block_result,1,6A4BF299B55BBDCEE6351E84E2DADD8766985643802EAB648DB56B0914629895,2,0,9,0,1,osmo1gn2saq5vy2qjn9ktn8rl9cx9ajvn8drchcv355,6.002444154836753E16,ibc/F16FDC11A7662B86BC0B9CE61871CBACF7C20606F95E86260FD38915184B75B4,732,1.717568057041563E9
29490448|1|2|0|11|2,1.73938442469E9,29490448,block_result,1,31317FF13E6EE6D5971B67E1C34004EF46E1FC923A666D8760D8962727B6FC5E,2,0,11,0,2,osmo16aypymlama0lk5s8c9s30s09eacpvwnav7ewjv,3.4595755E7,uosmo,732,1.739384427726153E9
29490448|1|2|0|11|1,1.73938442469E9,29490448,block_result,1,31317FF13E6EE6D5971B67E1C34004EF46E1FC923A666D8760D8962727B6FC5E,2,0,11,0,1,osmo16aypymlama0lk5s8c9s30s09eacpvwnav7ewjv,1.4859270313894142E21,ibc/F16FDC11A7662B86BC0B9CE61871CBACF7C20606F95E86260FD38915184B75B4,732,1.739384427726153E9
9313281|1|0|0|9|2,1.682298725303E9,9313281,block_result,1,2E71BDB7CF21A7B4B1FEC2768E7BD0B0D932D8A867F5F31EDA162C2C0EFCEB72,0,0,9,0,2,osmo1s84q7zy0a0f7dchrpj2fk89gyglkwm2eqrzwxu,3.2842212E7,uosmo,732,1.717445288613726E9
9313281|1|0|0|9|1,1.682298725303E9,9313281,block_result,1,2E71BDB7CF21A7B4B1FEC2768E7BD0B0D932D8A867F5F31EDA162C2C0EFCEB72,0,0,9,0,1,osmo1s84q7zy0a0f7dchrpj2fk89gyglkwm2eqrzwxu,1.0190003797262923E21,ibc/F16FDC11A7662B86BC0B9CE61871CBACF7C20606F95E86260FD38915184B75B4,732,1.717445288613726E9
29021118|1|3|0|11|2,1.738759349747E9,29021118,block_result,1,61CD3E4DC7B26198A3C8036A68CED4DC5F37547E9A6ED5D173F18E05D5F11665,3,0,11,0,2,osmo16aypymlama0lk5s8c9s30s09eacpvwnav7ewjv,6.7409612E7,uosmo,732,1.738759352513628E9
29021118|1|3|0|11|1,1.738759349747E9,29021118,block_result,1,61CD3E4DC7B26198A3C8036A68CED4DC5F37547E9A6ED5D173F18E05D5F11665,3,0,11,0,1,osmo16aypymlama0lk5s8c9s30s09eacpvwnav7ewjv,4.2807604788747305E21,ibc/F16FDC11A7662B86BC0B9CE61871CBACF7C20606F95E86260FD38915184B75B4,732,1.738759352513628E9
29021441|1|12|0|11|1,1.73875977774E9,29021441,block_result,1,F849B713ECF7BE803F593BA5618C7C9034C5FF5BBE10B83FE793566876F869FF,12,0,11,0,1,osmo16aypymlama0lk5s8c9s30s09eacpvwnav7ewjv,3.1597700334193103E21,ibc/F16FDC11A7662B86BC0B9CE61871CBACF7C20606F95E86260FD38915184B75B4,732,1.738759780631716E9
29021441|1|12|0|11|2,1.73875977774E9,29021441,block_result,1,F849B713ECF7BE803F593BA5618C7C9034C5FF5BBE10B83FE793566876F869FF,12,0,11,0,2,osmo16aypymlama0lk5s8c9s30s09eacpvwnav7ewjv,5.1371664E7,uosmo,732,1.738759780631716E9
15810612|1|1|0|11|1,1.715962573373E9,15810612,block_result,1,E081ACD8F68D014F4C3295EF56020C87ED180AE64FCF9F09752B62D3FBAD5537,1,0,11,0,1,osmo1s84q7zy0a0f7dchrpj2fk89gyglkwm2eqrzwxu,7.004641205119277E18,ibc/F16FDC11A7662B86BC0B9CE61871CBACF7C20606F95E86260FD38915184B75B4,732,1.71699016004861E9
15810612|1|1|0|11|2,1.715962573373E9,15810612,block_result,1,E081ACD8F68D014F4C3295EF56020C87ED180AE64FCF9F09752B62D3FBAD5537,1,0,11,0,2,osmo1s84q7zy0a0f7dchrpj2fk89gyglkwm2eqrzwxu,103248.0,uosmo,732,1.71699016004861E9
6675774|1|4|0|9|1,1.667169728459E9,6675774,block_result,1,9DFA605F74E4315F0D01A7DCE8DB1E8481965A2B63A64DC544AB30C14CFFC451,4,0,9,0,1,osmo1s84q7zy0a0f7dchrpj2fk89gyglkwm2eqrzwxu,6.214833086121934E20,ibc/F16FDC11A7662B86BC0B9CE61871CBACF7C20606F95E86260FD38915184B75B4,732,1.717509255849157E9
6675774|1|4|0|9|2,1.667169728459E9,6675774,block_result,1,9DFA605F74E4315F0D01A7DCE8DB1E8481965A2B63A64DC544AB30C14CFFC451,4,0,9,0,2,osmo1s84q7zy0a0f7dchrpj2fk89gyglkwm2eqrzwxu,2.2801463E7,uosmo,732,1.717509255849157E9
9011903|1|0|0|9|1,1.680576647096E9,9011903,block_result,1,D27D5E7DB04D5A91A22337F527AC45C3CF3FF5B6CA33809CB4C6C9E314869A83,0,0,9,0,1,osmo1hfyzequmfdsqx5fs06p2lvhsllz9ym07cpk9ya,6.615291939406112E20,ibc/F16FDC11A7662B86BC0B9CE61871CBACF7C20606F95E86260FD38915184B75B4,732,1.717453914599281E9
9011903|1|0|0|9|2,1.680576647096E9,9011903,block_result,1,D27D5E7DB04D5A91A22337F527AC45C3CF3FF5B6CA33809CB4C6C9E314869A83,0,0,9,0,2,osmo1hfyzequmfdsqx5fs06p2lvhsllz9ym07cpk9ya,3.6609106E7,uosmo,732,1.717453914599281E9
9012404|1|4|0|9|1,1.680579512376E9,9012404,block_result,1,5644D24CE5DB8805FF4A9AE13B3C8EB7D918FD228856D9EEBF314562E8F5700C,4,0,9,0,1,osmo1hfyzequmfdsqx5fs06p2lvhsllz9ym07cpk9ya,3.314160692108251E20,ibc/F16FDC11A7662B86BC0B9CE61871CBACF7C20606F95E86260FD38915184B75B4,732,1.717452796640044E9
9012404|1|4|0|9|2,1.680579512376E9,9012404,block_result,1,5644D24CE5DB8805FF4A9AE13B3C8EB7D918FD228856D9EEBF314562E8F5700C,4,0,9,0,2,osmo1hfyzequmfdsqx5fs06p2lvhsllz9ym07cpk9ya,1.8268643E7,uosmo,732,1.717452796640044E9
9012420|1|3|0|9|1,1.680579603106E9,9012420,block_result,1,577C0780E38A2B75841C4B7A5B7F963CC5018990C5DE5B860740E91BFF434AF7,3,0,9,0,1,osmo1hfyzequmfdsqx5fs06p2lvhsllz9ym07cpk9ya,3.317427686320094E20,ibc/F16FDC11A7662B86BC0B9CE61871CBACF7C20606F95E86260FD38915184B75B4,732,1.717452898736128E9
9012420|1|3|0|9|2,1.680579603106E9,9012420,block_result,1,577C0780E38A2B75841C4B7A5B7F963CC5018990C5DE5B860740E91BFF434AF7,3,0,9,0,2,osmo1hfyzequmfdsqx5fs06p2lvhsllz9ym07cpk9ya,1.8250688E7,uosmo,732,1.717452898736128E9
9021775|1|2|0|9|2,1.680633541177E9,9021775,block_result,1,7088475A9E3ABE1EE0CE80424098458943E7D53B8CB5A8420B4C150839EDFEBC,2,0,9,0,2,osmo1s84q7zy0a0f7dchrpj2fk89gyglkwm2eqrzwxu,1752973.0,uosmo,732,1.717453642215791E9
9021775|1|2|0|9|1,1.680633541177E9,9021775,block_result,1,7088475A9E3ABE1EE0CE80424098458943E7D53B8CB5A8420B4C150839EDFEBC,2,0,9,0,1,osmo1s84q7zy0a0f7dchrpj2fk89gyglkwm2eqrzwxu,3.193048646951157E19,ibc/F16FDC11A7662B86BC0B9CE61871CBACF7C20606F95E86260FD38915184B75B4,732,1.717453642215791E9
9022472|1|3|0|9|1,1.680637527492E9,9022472,block_result,1,28B50DF98DCF70E0ED46B91D92ECE2184CABDA3738544D75F58F6663DE01477B,3,0,9,0,1,osmo1pahj9hrynev0fjsjtdmdg2gnxxp7n6vg6tdlea,6.553308684423973E20,ibc/F16FDC11A7662B86BC0B9CE61871CBACF7C20606F95E86260FD38915184B75B4,732,1.717452751611793E9
9022472|1|3|0|9|2,1.680637527492E9,9022472,block_result,1,28B50DF98DCF70E0ED46B91D92ECE2184CABDA3738544D75F58F6663DE01477B,3,0,9,0,2,osmo1pahj9hrynev0fjsjtdmdg2gnxxp7n6vg6tdlea,3.5937838E7,uosmo,732,1.717452751611793E9
8533416|1|1|0|9|1,1.677847844888E9,8533416,block_result,1,247932CB0CDBA73E64616F10AA5023939382ED31D60A84A55811946EADCF3099,1,0,9,0,1,osmo1s84q7zy0a0f7dchrpj2fk89gyglkwm2eqrzwxu,1.551426904302982E21,ibc/F16FDC11A7662B86BC0B9CE61871CBACF7C20606F95E86260FD38915184B75B4,732,1.717464280434538E9
8533416|1|1|0|9|2,1.677847844888E9,8533416,block_result,1,247932CB0CDBA73E64616F10AA5023939382ED31D60A84A55811946EADCF3099,1,0,9,0,2,osmo1s84q7zy0a0f7dchrpj2fk89gyglkwm2eqrzwxu,4.0589671E7,uosmo,732,1.717464280434538E9
8533465|1|4|0|9|1,1.677848109557E9,8533465,block_result,1,E2409F9FEC525693C579EFE55F4D7A48E9A11A2163263F83D058961F95766E61,4,0,9,0,1,osmo1s84q7zy0a0f7dchrpj2fk89gyglkwm2eqrzwxu,7.755670240546575E20,ibc/F16FDC11A7662B86BC0B9CE61871CBACF7C20606F95E86260FD38915184B75B4,732,1.717464278476065E9
8533465|1|4|0|9|2,1.677848109557E9,8533465,block_result,1,E2409F9FEC525693C579EFE55F4D7A48E9A11A2163263F83D058961F95766E61,4,0,9,0,2,osmo1s84q7zy0a0f7dchrpj2fk89gyglkwm2eqrzwxu,2.0225919E7,uosmo,732,1.717464278476065E9
8533481|1|7|0|9|1,1.677848201179E9,8533481,block_result,1,CBB4B9978306CDDF25F826AF9988C079733B88A623CBCC259DB8FE8F3E955654,7,0,9,0,1,osmo1s84q7zy0a0f7dchrpj2fk89gyglkwm2eqrzwxu,3.8755161499454394E20,ibc/F16FDC11A7662B86BC0B9CE61871CBACF7C20606F95E86260FD38915184B75B4,732,1.717464275079068E9
8533481|1|7|0|9|2,1.677848201179E9,8533481,block_result,1,CBB4B9978306CDDF25F826AF9988C079733B88A623CBCC259DB8FE8F3E955654,7,0,9,0,2,osmo1s84q7zy0a0f7dchrpj2fk89gyglkwm2eqrzwxu,1.0090705E7,uosmo,732,1.717464275079068E9
8533505|1|6|0|9|1,1.677848333447E9,8533505,block_result,1,0EE05335751CDA47A7C3F5FBB743FACCEA8F8B64209543784FB2D1D6AF794815,6,0,9,0,1,osmo1s84q7zy0a0f7dchrpj2fk89gyglkwm2eqrzwxu,1.936209411042537E20,ibc/F16FDC11A7662B86BC0B9CE61871CBACF7C20606F95E86260FD38915184B75B4,732,1.717464272594428E9
8533505|1|6|0|9|2,1.677848333447E9,8533505,block_result,1,0EE05335751CDA47A7C3F5FBB743FACCEA8F8B64209543784FB2D1D6AF794815,6,0,9,0,2,osmo1s84q7zy0a0f7dchrpj2fk89gyglkwm2eqrzwxu,5037281.0,uosmo,732,1.717464272594428E9
8533519|1|13|0|9|2,1.677848420483E9,8533519,block_result,1,C9F0D2A85B488D445215F0A1D8611FA1F3C94D4C60B47DDF1FBBE6F1DF32F212,13,0,9,0,2,osmo1s84q7zy0a0f7dchrpj2fk89gyglkwm2eqrzwxu,2515367.0,uosmo,732,1.717464278765036E9
8533519|1|13|0|9|1,1.677848420483E9,8533519,block_result,1,C9F0D2A85B488D445215F0A1D8611FA1F3C94D4C60B47DDF1FBBE6F1DF32F212,13,0,9,0,1,osmo1s84q7zy0a0f7dchrpj2fk89gyglkwm2eqrzwxu,9.672336994739521E19,ibc/F16FDC11A7662B86BC0B9CE61871CBACF7C20606F95E86260FD38915184B75B4,732,1.717464278765036E9
8533599|1|5|0|9|1,1.677848883863E9,8533599,block_result,1,6A0A650D48614F78C60CB029D2284E5FD9AA3EADDB7371248BD8C7BEFF234FBF,5,0,9,0,1,osmo1s84q7zy0a0f7dchrpj2fk89gyglkwm2eqrzwxu,4.838163175390993E19,ibc/F16FDC11A7662B86BC0B9CE61871CBACF7C20606F95E86260FD38915184B75B4,732,1.717464267718892E9
8533599|1|5|0|9|2,1.677848883863E9,8533599,block_result,1,6A0A650D48614F78C60CB029D2284E5FD9AA3EADDB7371248BD8C7BEFF234FBF,5,0,9,0,2,osmo1s84q7zy0a0f7dchrpj2fk89gyglkwm2eqrzwxu,1254535.0,uosmo,732,1.717464267718892E9
8533622|1|9|0|9|2,1.677849001967E9,8533622,block_result,1,2E651C5D4C5820E70D3D2C0F93F27C7B91E13C64B404FA14D67A70E7C2CDF6D8,9,0,9,0,2,osmo1s84q7zy0a0f7dchrpj2fk89gyglkwm2eqrzwxu,626593.0,uosmo,732,1.717464272336038E9
8533622|1|9|0|9|1,1.677849001967E9,8533622,block_result,1,2E651C5D4C5820E70D3D2C0F93F27C7B91E13C64B404FA14D67A70E7C2CDF6D8,9,0,9,0,1,osmo1s84q7zy0a0f7dchrpj2fk89gyglkwm2eqrzwxu,2.4167230419508556E19,ibc/F16FDC11A7662B86BC0B9CE61871CBACF7C20606F95E86260FD38915184B75B4,732,1.717464272336038E9
31693167|1|3|0|11|1,1.742222474017E9,31693167,block_result,1,FAE0BF9B37B06ECC2E531E34A975D377871F7CA76FE913E122A62E3378338A96,3,0,11,0,1,osmo16aypymlama0lk5s8c9s30s09eacpvwnav7ewjv,1.172686250949645E22,ibc/F16FDC11A7662B86BC0B9CE61871CBACF7C20606F95E86260FD38915184B75B4,732,1.742222524538189E9
31693167|1|3|0|11|2,1.742222474017E9,31693167,block_result,1,FAE0BF9B37B06ECC2E531E34A975D377871F7CA76FE913E122A62E3378338A96,3,0,11,0,2,osmo16aypymlama0lk5s8c9s30s09eacpvwnav7ewjv,4.44354329E8,uosmo,732,1.742222524538189E9
31697644|1|3|0|11|1,1.74222829763E9,31697644,block_result,1,1EFAD79D1489C312A7227D5BB031FDB560F1FCA4E5643605EA05A28FB1971CB0,3,0,11,0,1,osmo16aypymlama0lk5s8c9s30s09eacpvwnav7ewjv,6.217980908251292E21,ibc/F16FDC11A7662B86BC0B9CE61871CBACF7C20606F95E86260FD38915184B75B4,732,1.74222834358257E9
31697644|1|3|0|11|2,1.74222829763E9,31697644,block_result,1,1EFAD79D1489C312A7227D5BB031FDB560F1FCA4E5643605EA05A28FB1971CB0,3,0,11,0,2,osmo16aypymlama0lk5s8c9s30s09eacpvwnav7ewjv,2.09532504E8,uosmo,732,1.74222834358257E9
31701914|1|3|0|11|2,1.742233840654E9,31701914,block_result,1,C6CE32E71BCC04479ECA976CE49D52F1D4B11F757E5CFD33EAE5B53AD0C52102,3,0,11,0,2,osmo16aypymlama0lk5s8c9s30s09eacpvwnav7ewjv,1.5488278E8,uosmo,732,1.742233869180227E9
31701914|1|3|0|11|1,1.742233840654E9,31701914,block_result,1,C6CE32E71BCC04479ECA976CE49D52F1D4B11F757E5CFD33EAE5B53AD0C52102,3,0,11,0,1,osmo16aypymlama0lk5s8c9s30s09eacpvwnav7ewjv,4.731869210179805E21,ibc/F16FDC11A7662B86BC0B9CE61871CBACF7C20606F95E86260FD38915184B75B4,732,1.742233869180227E9
6542058|1|6|0|9|1,1.666367008375E9,6542058,block_result,1,0B311084BD9E032918440DCE94444D7274D73CA5D51F898A27F9D27E8DCF104D,6,0,9,0,1,osmo1ted047fe3lsqt22uraq5tqvgupkq8ues6qhywk,6.446092700685741E18,ibc/F16FDC11A7662B86BC0B9CE61871CBACF7C20606F95E86260FD38915184B75B4,732,1.717524154373712E9
6542058|1|6|0|9|2,1.666367008375E9,6542058,block_result,1,0B311084BD9E032918440DCE94444D7274D73CA5D51F898A27F9D27E8DCF104D,6,0,9,0,2,osmo1ted047fe3lsqt22uraq5tqvgupkq8ues6qhywk,275937.0,uosmo,732,1.717524154373712E9
16710678|1|4|0|11|2,1.718292734741E9,16710678,block_result,1,F3B08AA86DCECDFA8789873FA1C870A180A20E00EBA5C7064D44806372E3840A,4,0,11,0,2,osmo16aypymlama0lk5s8c9s30s09eacpvwnav7ewjv,1.16996688E8,uosmo,732,1.718292788058342E9
16710678|1|4|0|11|1,1.718292734741E9,16710678,block_result,1,F3B08AA86DCECDFA8789873FA1C870A180A20E00EBA5C7064D44806372E3840A,4,0,11,0,1,osmo16aypymlama0lk5s8c9s30s09eacpvwnav7ewjv,7.583037872072986E21,ibc/F16FDC11A7662B86BC0B9CE61871CBACF7C20606F95E86260FD38915184B75B4,732,1.718292788058342E9
16704074|1|6|0|11|1,1.718276706589E9,16704074,block_result,1,5995CF0A11523DDDCE0F9DF712F34E6F8A9B3466EA46DBA33B358A69C5D36067,6,0,11,0,1,osmo16aypymlama0lk5s8c9s30s09eacpvwnav7ewjv,2.48607396626608E21,ibc/F16FDC11A7662B86BC0B9CE61871CBACF7C20606F95E86260FD38915184B75B4,732,1.718276813962914E9
16704074|1|6|0|11|2,1.718276706589E9,16704074,block_result,1,5995CF0A11523DDDCE0F9DF712F34E6F8A9B3466EA46DBA33B358A69C5D36067,6,0,11,0,2,osmo16aypymlama0lk5s8c9s30s09eacpvwnav7ewjv,3.9647631E7,uosmo,732,1.718276813962914E9
16701745|1|9|0|11|1,1.718271036153E9,16701745,block_result,1,CA298160D2862D64E7608A1EA254F4335508859F5552D36F2EBA1492D770A1E3,9,0,11,0,1,osmo16aypymlama0lk5s8c9s30s09eacpvwnav7ewjv,3.314765288354773E21,ibc/F16FDC11A7662B86BC0B9CE61871CBACF7C20606F95E86260FD38915184B75B4,732,1.718271063885514E9
16701745|1|9|0|11|2,1.718271036153E9,16701745,block_result,1,CA298160D2862D64E7608A1EA254F4335508859F5552D36F2EBA1492D770A1E3,9,0,11,0,2,osmo16aypymlama0lk5s8c9s30s09eacpvwnav7ewjv,5.2863509E7,uosmo,732,1.718271063885514E9
8811718|1|4|0|9|1,1.679434878853E9,8811718,block_result,1,15AECC90762FDE5DA849171CF0985E5D48C5F7AF46D0C76504D1106BD12553A5,4,0,9,0,1,osmo1cw4dgpr52nv2sc9nu9fhe9n7ytrerj53tmcgj6,5.609122573512711E18,ibc/F16FDC11A7662B86BC0B9CE61871CBACF7C20606F95E86260FD38915184B75B4,732,1.717458252652034E9
8811718|1|4|0|9|2,1.679434878853E9,8811718,block_result,1,15AECC90762FDE5DA849171CF0985E5D48C5F7AF46D0C76504D1106BD12553A5,4,0,9,0,2,osmo1cw4dgpr52nv2sc9nu9fhe9n7ytrerj53tmcgj6,379907.0,uosmo,732,1.717458252652034E9
10620023|1|0|0|9|2,1.689865303578E9,10620023,block_result,1,E6E845A6864BF1D4798F7911F40EFE424D4EC60227AC9172D4EE71958AAD204E,0,0,9,0,2,osmo16aypymlama0lk5s8c9s30s09eacpvwnav7ewjv,1.1626503E7,uosmo,732,1.717412538346176E9
10620023|1|0|0|9|1,1.689865303578E9,10620023,block_result,1,E6E845A6864BF1D4798F7911F40EFE424D4EC60227AC9172D4EE71958AAD204E,0,0,9,0,1,osmo16aypymlama0lk5s8c9s30s09eacpvwnav7ewjv,3.873227082757137E20,ibc/F16FDC11A7662B86BC0B9CE61871CBACF7C20606F95E86260FD38915184B75B4,732,1.717412538346176E9
34809132|1|1|0|11|2,1.746219674744E9,34809132,block_result,1,66925B181110661989191E93344A65D37CBBF0814393038F0B2428CA2C57E270,1,0,11,0,2,osmo16aypymlama0lk5s8c9s30s09eacpvwnav7ewjv,2.9651909E7,uosmo,732,1.746219723000551E9
34809132|1|1|0|11|1,1.746219674744E9,34809132,block_result,1,66925B181110661989191E93344A65D37CBBF0814393038F0B2428CA2C57E270,1,0,11,0,1,osmo16aypymlama0lk5s8c9s30s09eacpvwnav7ewjv,5.0846586535057215E20,ibc/F16FDC11A7662B86BC0B9CE61871CBACF7C20606F95E86260FD38915184B75B4,732,1.746219723000551E9
8172484|1|20|0|9|1,1.675814077603E9,8172484,block_result,1,B1497D1CF0864B2230E59AE64087D2F35FF8A6A3BCC39BAED729F0460DC2C09A,20,0,9,0,1,osmo1s84q7zy0a0f7dchrpj2fk89gyglkwm2eqrzwxu,1.689893238692391E20,ibc/F16FDC11A7662B86BC0B9CE61871CBACF7C20606F95E86260FD38915184B75B4,732,1.717473893952784E9
8172484|1|20|0|9|2,1.675814077603E9,8172484,block_result,1,B1497D1CF0864B2230E59AE64087D2F35FF8A6A3BCC39BAED729F0460DC2C09A,20,0,9,0,2,osmo1s84q7zy0a0f7dchrpj2fk89gyglkwm2eqrzwxu,6904193.0,uosmo,732,1.717473893952784E9
8172473|1|8|0|9|2,1.675814013888E9,8172473,block_result,1,D72BF7F90BE180F4DE00769862BD0E33D3AB043838EE0CBEC3A2EC075F406B06,8,0,9,0,2,osmo1s84q7zy0a0f7dchrpj2fk89gyglkwm2eqrzwxu,1.3831318E7,uosmo,732,1.717473898840727E9
8172473|1|8|0|9|1,1.675814013888E9,8172473,block_result,1,D72BF7F90BE180F4DE00769862BD0E33D3AB043838EE0CBEC3A2EC075F406B06,8,0,9,0,1,osmo1s84q7zy0a0f7dchrpj2fk89gyglkwm2eqrzwxu,3.382423853107054E20,ibc/F16FDC11A7662B86BC0B9CE61871CBACF7C20606F95E86260FD38915184B75B4,732,1.717473898840727E9
8172453|1|10|0|9|2,1.675813905465E9,8172453,block_result,1,6E963B135880020D36B698D09D388B739FD699EA41E5426C2D0EB5E3A810CCB0,10,0,9,0,2,osmo1s84q7zy0a0f7dchrpj2fk89gyglkwm2eqrzwxu,2.7176347E7,uosmo,732,1.717473900976255E9
8172453|1|10|0|9|1,1.675813905465E9,8172453,block_result,1,6E963B135880020D36B698D09D388B739FD699EA41E5426C2D0EB5E3A810CCB0,10,0,9,0,1,osmo1s84q7zy0a0f7dchrpj2fk89gyglkwm2eqrzwxu,6.63446906180992E20,ibc/F16FDC11A7662B86BC0B9CE61871CBACF7C20606F95E86260FD38915184B75B4,732,1.717473900976255E9
8172514|1|19|0|9|1,1.675814243466E9,8172514,block_result,1,FC76A5A4A18EDD2CC606B76437E050A450849EBA4F3DE69555B8FE8D507DC505,19,0,9,0,1,osmo1s84q7zy0a0f7dchrpj2fk89gyglkwm2eqrzwxu,8.441946381300754E19,ibc/F16FDC11A7662B86BC0B9CE61871CBACF7C20606F95E86260FD38915184B75B4,732,1.717473908392165E9
8172514|1|19|0|9|2,1.675814243466E9,8172514,block_result,1,FC76A5A4A18EDD2CC606B76437E050A450849EBA4F3DE69555B8FE8D507DC505,19,0,9,0,2,osmo1s84q7zy0a0f7dchrpj2fk89gyglkwm2eqrzwxu,3447509.0,uosmo,732,1.717473908392165E9
8172440|1|19|0|9|2,1.675813839979E9,8172440,block_result,1,C0BA6B65AB1B3D2A5A772AF534AC1C402F2E178DD5CEDB9BE57647F651B78F48,19,0,9,0,2,osmo1s84q7zy0a0f7dchrpj2fk89gyglkwm2eqrzwxu,5.3117555E7,uosmo,732,1.717473916009224E9
8172440|1|19|0|9|1,1.675813839979E9,8172440,block_result,1,C0BA6B65AB1B3D2A5A772AF534AC1C402F2E178DD5CEDB9BE57647F651B78F48,19,0,9,0,1,osmo1s84q7zy0a0f7dchrpj2fk89gyglkwm2eqrzwxu,1.292311918876627E21,ibc/F16FDC11A7662B86BC0B9CE61871CBACF7C20606F95E86260FD38915184B75B4,732,1.717473916009224E9
9483660|1|3|0|9|1,1.683271986727E9,9483660,block_result,1,EB54E9DD138226829DA1070768D2BAC73A0BA267926BEF7E9588CD05A7B815EF,3,0,9,0,1,osmo17uyvfmejsljqmfgqqzv5y2vqrtaf4nlk87yxdz,4.0282498458645456E20,ibc/F16FDC11A7662B86BC0B9CE61871CBACF7C20606F95E86260FD38915184B75B4,732,1.717442042438254E9
9483660|1|3|0|9|2,1.683271986727E9,9483660,block_result,1,EB54E9DD138226829DA1070768D2BAC73A0BA267926BEF7E9588CD05A7B815EF,3,0,9,0,2,osmo17uyvfmejsljqmfgqqzv5y2vqrtaf4nlk87yxdz,1.1920884E7,uosmo,732,1.717442042438254E9
56895514|1|0|0|11|2,1.773238330063E9,56895514,block_result,1,92B8DF2F4E575E22ACE8D3A85D8E89D78C16E62B6A140B8CDA7241651227ADB8,0,0,11,0,2,osmo16aypymlama0lk5s8c9s30s09eacpvwnav7ewjv,8.85831421E8,uosmo,732,1.773238332735E9
56895514|1|0|0|11|1,1.773238330063E9,56895514,block_result,1,92B8DF2F4E575E22ACE8D3A85D8E89D78C16E62B6A140B8CDA7241651227ADB8,0,0,11,0,1,osmo16aypymlama0lk5s8c9s30s09eacpvwnav7ewjv,2.7727283280105927E21,ibc/F16FDC11A7662B86BC0B9CE61871CBACF7C20606F95E86260FD38915184B75B4,732,1.773238332735E9
71561103|1|0|0|11|2,1.790684896799E9,71561103,block_result,1,A051F6CF3FA135DAC23BBF9AEB1B58B8206D5450F7AA633D4D3E1D9FB3952709,0,0,11,0,2,osmo194lta9864uydejmxcf97nrjn0v0mdcj7pauaa0,4117916.0,uosmo,732,1.790684899366E9
71561103|1|0|0|11|1,1.790684896799E9,71561103,block_result,1,A051F6CF3FA135DAC23BBF9AEB1B58B8206D5450F7AA633D4D3E1D9FB3952709,0,0,11,0,1,osmo194lta9864uydejmxcf97nrjn0v0mdcj7pauaa0,5.1061223105441837E17,ibc/F16FDC11A7662B86BC0B9CE61871CBACF7C20606F95E86260FD38915184B75B4,732,1.790684899366E9
7987345|1|25|0|9|1,1.674773636542E9,7987345,block_result,1,66A8520764DE84549353C75EC5FAF3DB7A9BE369643FAFCE80954FCB7EF021D8,25,0,9,0,1,osmo1s84q7zy0a0f7dchrpj2fk89gyglkwm2eqrzwxu,1.063714521700158E19,ibc/F16FDC11A7662B86BC0B9CE61871CBACF7C20606F95E86260FD38915184B75B4,732,1.717479754496349E9
7987345|1|25|0|9|2,1.674773636542E9,7987345,block_result,1,66A8520764DE84549353C75EC5FAF3DB7A9BE369643FAFCE80954FCB7EF021D8,25,0,9,0,2,osmo1s84q7zy0a0f7dchrpj2fk89gyglkwm2eqrzwxu,385545.0,uosmo,732,1.717479754496349E9
63868155|1|0|0|11|1,1.781225524316E9,63868155,block_result,1,4F7506D258AA8B1EF2D294804AC8FA4ABFFAD49CE913B7CD731390F02B4D97EB,0,0,11,0,1,osmo147n6a8pnxw23zyufwc2scmff25u7avsyadzz0g,3.8366517226368295E19,ibc/F16FDC11A7662B86BC0B9CE61871CBACF7C20606F95E86260FD38915184B75B4,732,1.781225526519E9
63868155|1|0|0|11|2,1.781225524316E9,63868155,block_result,1,4F7506D258AA8B1EF2D294804AC8FA4ABFFAD49CE913B7CD731390F02B4D97EB,0,0,11,0,2,osmo147n6a8pnxw23zyufwc2scmff25u7avsyadzz0g,5.4199312E7,uosmo,732,1.781225526519E9
10343575|1|0|0|9|1,1.688248888692E9,10343575,block_result,1,DE22AB0376D4B6F9EF85E1F879858C146BF8E88BFBF5E2B22CAE3BDD6865272C,0,0,9,0,1,osmo17uyvfmejsljqmfgqqzv5y2vqrtaf4nlk87yxdz,6.236787625511192E19,ibc/F16FDC11A7662B86BC0B9CE61871CBACF7C20606F95E86260FD38915184B75B4,732,1.717423711263324E9
10343575|1|0|0|9|2,1.688248888692E9,10343575,block_result,1,DE22AB0376D4B6F9EF85E1F879858C146BF8E88BFBF5E2B22CAE3BDD6865272C,0,0,9,0,2,osmo17uyvfmejsljqmfgqqzv5y2vqrtaf4nlk87yxdz,2344508.0,uosmo,732,1.717423711263324E9
10338667|1|2|0|9|2,1.688219840079E9,10338667,block_result,1,051708134C08320C87ECF044758E683749D76852B1E1CBF9A26D44E0D3181735,2,0,9,0,2,osmo16aypymlama0lk5s8c9s30s09eacpvwnav7ewjv,1.7378951E7,uosmo,732,1.717419419847227E9
10338667|1|2|0|9|1,1.688219840079E9,10338667,block_result,1,051708134C08320C87ECF044758E683749D76852B1E1CBF9A26D44E0D3181735,2,0,9,0,1,osmo16aypymlama0lk5s8c9s30s09eacpvwnav7ewjv,4.604323616251411E20,ibc/F16FDC11A7662B86BC0B9CE61871CBACF7C20606F95E86260FD38915184B75B4,732,1.717419419847227E9
10331243|1|11|0|9|1,1.688176804687E9,10331243,block_result,1,402010BBED93CFE3E1D09965DD520F5786A92D77B7EDED327B5B41C988FEDB26,11,0,9,0,1,osmo16aypymlama0lk5s8c9s30s09eacpvwnav7ewjv,3.0666466549459865E20,ibc/F16FDC11A7662B86BC0B9CE61871CBACF7C20606F95E86260FD38915184B75B4,732,1.717423998542908E9
10331243|1|11|0|9|2,1.688176804687E9,10331243,block_result,1,402010BBED93CFE3E1D09965DD520F5786A92D77B7EDED327B5B41C988FEDB26,11,0,9,0,2,osmo16aypymlama0lk5s8c9s30s09eacpvwnav7ewjv,1.1596911E7,uosmo,732,1.717423998542908E9
7112393|1|20|0|9|1,1.669753963121E9,7112393,block_result,1,1D8B7D3274A3A9CBDDCDDC28730A4B77F8CE61052D6034341D928622C829D5B4,20,0,9,0,1,osmo1kkaryts8yf99xjdytec467lgm8zjekx08raqza,2.6496858220481285E20,ibc/F16FDC11A7662B86BC0B9CE61871CBACF7C20606F95E86260FD38915184B75B4,732,1.717506778921798E9
7112393|1|20|0|9|2,1.669753963121E9,7112393,block_result,1,1D8B7D3274A3A9CBDDCDDC28730A4B77F8CE61052D6034341D928622C829D5B4,20,0,9,0,2,osmo1kkaryts8yf99xjdytec467lgm8zjekx08raqza,4690195.0,uosmo,732,1.717506778921798E9
8893720|1|1|0|9|1,1.679902853909E9,8893720,block_result,1,CEC41CDF547E5452AB9A3A15ABA9E69BE48B1FF13AD1350800839AD9B70115BB,1,0,9,0,1,osmo16aypymlama0lk5s8c9s30s09eacpvwnav7ewjv,2.7586355541896593E20,ibc/F16FDC11A7662B86BC0B9CE61871CBACF7C20606F95E86260FD38915184B75B4,732,1.717455880897931E9
8893720|1|1|0|9|2,1.679902853909E9,8893720,block_result,1,CEC41CDF547E5452AB9A3A15ABA9E69BE48B1FF13AD1350800839AD9B70115BB,1,0,9,0,2,osmo16aypymlama0lk5s8c9s30s09eacpvwnav7ewjv,1.6158041E7,uosmo,732,1.717455880897931E9
8896961|1|0|0|9|1,1.679921198135E9,8896961,block_result,1,B4A074DF1CB9407FA30F2D436F4CBC3F4A6C1E38C32E804950524FD845B9CE30,0,0,9,0,1,osmo16aypymlama0lk5s8c9s30s09eacpvwnav7ewjv,2.7604993709169803E20,ibc/F16FDC11A7662B86BC0B9CE61871CBACF7C20606F95E86260FD38915184B75B4,732,1.717455834593461E9
8896961|1|0|0|9|2,1.679921198135E9,8896961,block_result,1,B4A074DF1CB9407FA30F2D436F4CBC3F4A6C1E38C32E804950524FD845B9CE30,0,0,9,0,2,osmo16aypymlama0lk5s8c9s30s09eacpvwnav7ewjv,1.6147166E7,uosmo,732,1.717455834593461E9
8459434|1|5|0|9|1,1.677430836906E9,8459434,block_result,1,77A3A6CE660FFFEE9074AFAE59406994A461A6497E128D357E24F90F8BE4BFB5,5,0,9,0,1,osmo16hp7wzudkeyw6fvgvalm0fh3elp9czhf9l3k7l,2.5316711636946483E18,ibc/F16FDC11A7662B86BC0B9CE61871CBACF7C20606F95E86260FD38915184B75B4,732,1.717467162092795E9
8459434|1|5|0|9|2,1.677430836906E9,8459434,block_result,1,77A3A6CE660FFFEE9074AFAE59406994A461A6497E128D357E24F90F8BE4BFB5,5,0,9,0,2,osmo16hp7wzudkeyw6fvgvalm0fh3elp9czhf9l3k7l,80509.0,uosmo,732,1.717467162092795E9
12200207|1|16|0|9|2,1.699119386638E9,12200207,block_result,1,00FC03E26E872FED7B1396DA7F17A86DF63EDA0207FC03AAE121528CCF680696,16,0,9,0,2,osmo1vdjsxz6phcqmvakmeas6t59cve9638wmasp4ch,4916959.0,uosmo,732,1.717186075080603E9
12200207|1|16|0|9|1,1.699119386638E9,12200207,block_result,1,00FC03E26E872FED7B1396DA7F17A86DF63EDA0207FC03AAE121528CCF680696,16,0,9,0,1,osmo1vdjsxz6phcqmvakmeas6t59cve9638wmasp4ch,6.230272184238985E19,ibc/F16FDC11A7662B86BC0B9CE61871CBACF7C20606F95E86260FD38915184B75B4,732,1.717186075080603E9
6591737|1|1|0|9|2,1.666665387915E9,6591737,block_result,1,2AE8848F3EE6943AB60F5D66D635C5CD90432F49A482A3C5F0861408E1E80472,1,0,9,0,2,osmo1xpfdf7nfsxygh0gu5ewgaw9gqlf7y2fu4y23u3,1.3966726E7,uosmo,732,1.717513076465768E9
6591737|1|1|0|9|1,1.666665387915E9,6591737,block_result,1,2AE8848F3EE6943AB60F5D66D635C5CD90432F49A482A3C5F0861408E1E80472,1,0,9,0,1,osmo1xpfdf7nfsxygh0gu5ewgaw9gqlf7y2fu4y23u3,3.301163175881729E20,ibc/F16FDC11A7662B86BC0B9CE61871CBACF7C20606F95E86260FD38915184B75B4,732,1.717513076465768E9
6597206|1|18|0|9|1,1.666698037512E9,6597206,block_result,1,36F06302BAA2DF30842883E7E084154182E6400F21D888F5459582F289F4E1F9,18,0,9,0,1,osmo16aypymlama0lk5s8c9s30s09eacpvwnav7ewjv,2.5884270461634553E20,ibc/F16FDC11A7662B86BC0B9CE61871CBACF7C20606F95E86260FD38915184B75B4,732,1.71752217904591E9
6597206|1|18|0|9|2,1.666698037512E9,6597206,block_result,1,36F06302BAA2DF30842883E7E084154182E6400F21D888F5459582F289F4E1F9,18,0,9,0,2,osmo16aypymlama0lk5s8c9s30s09eacpvwnav7ewjv,1.0902572E7,uosmo,732,1.71752217904591E9
9058033|1|0|0|9|1,1.680841024445E9,9058033,block_result,1,3D1ED7DBD351003BABEE0E2D8225456DC8D50BB3ED2A127F4AEB5EA3C083E996,0,0,9,0,1,osmo1hfyzequmfdsqx5fs06p2lvhsllz9ym07cpk9ya,9.435444040947462E16,ibc/F16FDC11A7662B86BC0B9CE61871CBACF7C20606F95E86260FD38915184B75B4,732,1.71745164056298E9
9058033|1|0|0|9|2,1.680841024445E9,9058033,block_result,1,3D1ED7DBD351003BABEE0E2D8225456DC8D50BB3ED2A127F4AEB5EA3C083E996,0,0,9,0,2,osmo1hfyzequmfdsqx5fs06p2lvhsllz9ym07cpk9ya,4975.0,uosmo,732,1.71745164056298E9
11582237|1|1|0|9|2,1.695476793727E9,11582237,block_result,1,2AE957EDD8A1837B0D76172AC2EACF8021B2A9ADD7DC9C6A3A3234B46A2B93D1,1,0,9,0,2,osmo1255kd9glzk68ltavvya72m9fz03wte5pmklwa8,155813.0,uosmo,732,1.717204786328551E9
11582237|1|1|0|9|1,1.695476793727E9,11582237,block_result,1,2AE957EDD8A1837B0D76172AC2EACF8021B2A9ADD7DC9C6A3A3234B46A2B93D1,1,0,9,0,1,osmo1255kd9glzk68ltavvya72m9fz03wte5pmklwa8,1.93975673716514E18,ibc/F16FDC11A7662B86BC0B9CE61871CBACF7C20606F95E86260FD38915184B75B4,732,1.717204786328551E9
59979040|1|3|0|11|2,1.776872320127E9,59979040,block_result,1,3E7998A2384561D81CB4462D384080428A109449291D3BEA8392E83401DDDEE8,3,0,11,0,2,osmo19h65cmarqlpaz80ja26jtn4gamuvwla00r0f66,3.49795868E8,uosmo,732,1.776872323709E9
59979040|1|3|0|11|1,1.776872320127E9,59979040,block_result,1,3E7998A2384561D81CB4462D384080428A109449291D3BEA8392E83401DDDEE8,3,0,11,0,1,osmo19h65cmarqlpaz80ja26jtn4gamuvwla00r0f66,3.8043775448924737E20,ibc/F16FDC11A7662B86BC0B9CE61871CBACF7C20606F95E86260FD38915184B75B4,732,1.776872323709E9
31175468|1|1|0|11|2,1.74155944186E9,31175468,block_result,1,F84FA2686EC26160B295F3A36F32ED6FE058B531326E458269CF1E7175489AFF,1,0,11,0,2,osmo1q6mnrdcw6w0s5xy8m4wr9qdgw483y7ndvrv5c7,5.363976455E9,uosmo,732,1.741559467561771E9
31175468|1|1|0|11|1,1.74155944186E9,31175468,block_result,1,F84FA2686EC26160B295F3A36F32ED6FE058B531326E458269CF1E7175489AFF,1,0,11,0,1,osmo1q6mnrdcw6w0s5xy8m4wr9qdgw483y7ndvrv5c7,7.700779223816468E22,ibc/F16FDC11A7662B86BC0B9CE61871CBACF7C20606F95E86260FD38915184B75B4,732,1.741559467561771E9
9158180|1|8|0|9|2,1.681412500996E9,9158180,block_result,1,D4BCC75AD62C03367A9ABFE408929DD307728F84D28A814B08BE5A00D23CF0E2,8,0,9,0,2,osmo17uyvfmejsljqmfgqqzv5y2vqrtaf4nlk87yxdz,1.5502328E7,uosmo,732,1.717450058559959E9
9158180|1|8|0|9|1,1.681412500996E9,9158180,block_result,1,D4BCC75AD62C03367A9ABFE408929DD307728F84D28A814B08BE5A00D23CF0E2,8,0,9,0,1,osmo17uyvfmejsljqmfgqqzv5y2vqrtaf4nlk87yxdz,3.807324104526865E20,ibc/F16FDC11A7662B86BC0B9CE61871CBACF7C20606F95E86260FD38915184B75B4,732,1.717450058559959E9
8684794|1|0|0|9|2,1.678708756935E9,8684794,block_result,1,0B157BE376B109DE3E68B0F9261CF83D712413D4221033F446C0D9798031C23B,0,0,9,0,2,osmo16hp7wzudkeyw6fvgvalm0fh3elp9czhf9l3k7l,6352.0,uosmo,732,1.717460923427462E9
8684794|1|0|0|9|1,1.678708756935E9,8684794,block_result,1,0B157BE376B109DE3E68B0F9261CF83D712413D4221033F446C0D9798031C23B,0,0,9,0,1,osmo16hp7wzudkeyw6fvgvalm0fh3elp9czhf9l3k7l,9.462991451171069E16,ibc/F16FDC11A7662B86BC0B9CE61871CBACF7C20606F95E86260FD38915184B75B4,732,1.717460923427462E9
12723678|1|10|0|9|2,1.702256890331E9,12723678,block_result,1,A764072737397A4C899C236076E6B71D66A8C187BA5F670A88BE2E917F1500A5,10,0,9,0,2,osmo1s84q7zy0a0f7dchrpj2fk89gyglkwm2eqrzwxu,3313483.0,uosmo,732,1.717097322009643E9
12723678|1|10|0|9|1,1.702256890331E9,12723678,block_result,1,A764072737397A4C899C236076E6B71D66A8C187BA5F670A88BE2E917F1500A5,10,0,9,0,1,osmo1s84q7zy0a0f7dchrpj2fk89gyglkwm2eqrzwxu,4.318866865460326E19,ibc/F16FDC11A7662B86BC0B9CE61871CBACF7C20606F95E86260FD38915184B75B4,732,1.717097322009643E9
8325564|1|1|0|9|1,1.676677044998E9,8325564,block_result,1,9393F9B1ED48C1F6F95742E0D4F7453C2AE451A5854A904B603FF9FB4B5CA75B,1,0,9,0,1,osmo1s84q7zy0a0f7dchrpj2fk89gyglkwm2eqrzwxu,1.1721595527521526E20,ibc/F16FDC11A7662B86BC0B9CE61871CBACF7C20606F95E86260FD38915184B75B4,732,1.717470953902599E9
8325564|1|1|0|9|2,1.676677044998E9,8325564,block_result,1,9393F9B1ED48C1F6F95742E0D4F7453C2AE451A5854A904B603FF9FB4B5CA75B,1,0,9,0,2,osmo1s84q7zy0a0f7dchrpj2fk89gyglkwm2eqrzwxu,3940205.0,uosmo,732,1.717470953902599E9
8325636|1|24|0|9|2,1.676677441592E9,8325636,block_result,1,045854EDD62A572B9D6E32A304F6C4DE5A0E3F871647C65A5F26CCAB7FBB4F34,24,0,9,0,2,osmo1s84q7zy0a0f7dchrpj2fk89gyglkwm2eqrzwxu,1967725.0,uosmo,732,1.71747103526987E9
8325636|1|24|0|9|1,1.676677441592E9,8325636,block_result,1,045854EDD62A572B9D6E32A304F6C4DE5A0E3F871647C65A5F26CCAB7FBB4F34,24,0,9,0,1,osmo1s84q7zy0a0f7dchrpj2fk89gyglkwm2eqrzwxu,5.855342077752142E19,ibc/F16FDC11A7662B86BC0B9CE61871CBACF7C20606F95E86260FD38915184B75B4,732,1.71747103526987E9
12782860|1|1|0|9|2,1.70261171984E9,12782860,block_result,1,5A01B2CF90D84B45EAEA009FCE69167EA76394F2F16D3B8797497A43A5D1ACB5,1,0,9,0,2,osmo1s84q7zy0a0f7dchrpj2fk89gyglkwm2eqrzwxu,32803.0,uosmo,732,1.717095138433265E9
12782860|1|1|0|9|1,1.70261171984E9,12782860,block_result,1,5A01B2CF90D84B45EAEA009FCE69167EA76394F2F16D3B8797497A43A5D1ACB5,1,0,9,0,1,osmo1s84q7zy0a0f7dchrpj2fk89gyglkwm2eqrzwxu,4.274963912648469E17,ibc/F16FDC11A7662B86BC0B9CE61871CBACF7C20606F95E86260FD38915184B75B4,732,1.717095138433265E9
9266572|1|4|0|9|1,1.682030037696E9,9266572,block_result,1,6CB9F4EE622E59B1994C301FE9E550E5FE15AE0F633977AA4595E77C053372BF,4,0,9,0,1,osmo16aypymlama0lk5s8c9s30s09eacpvwnav7ewjv,5.754646123348669E20,ibc/F16FDC11A7662B86BC0B9CE61871CBACF7C20606F95E86260FD38915184B75B4,732,1.717446845004194E9
9266572|1|4|0|9|2,1.682030037696E9,9266572,block_result,1,6CB9F4EE622E59B1994C301FE9E550E5FE15AE0F633977AA4595E77C053372BF,4,0,9,0,2,osmo16aypymlama0lk5s8c9s30s09eacpvwnav7ewjv,1.8995429E7,uosmo,732,1.717446845004194E9
8205180|1|16|0|9|2,1.675998111235E9,8205180,block_result,1,E5C1E21D8F5FCB79C9B2E10A44DA38D2DCE29FE7AA666B559CDFE511E2CD950E,16,0,9,0,2,osmo1dtc9eky6pt0zfssh60k3duywjacfu88y93tpx6,1.592489618E9,uosmo,732,1.717473226294687E9
8205180|1|16|0|9|1,1.675998111235E9,8205180,block_result,1,E5C1E21D8F5FCB79C9B2E10A44DA38D2DCE29FE7AA666B559CDFE511E2CD950E,16,0,9,0,1,osmo1dtc9eky6pt0zfssh60k3duywjacfu88y93tpx6,4.353209253728389E22,ibc/F16FDC11A7662B86BC0B9CE61871CBACF7C20606F95E86260FD38915184B75B4,732,1.717473226294687E9
6630005|1|4|0|9|1,1.666894140924E9,6630005,block_result,1,A61ADCE275B71E8BD0E0B5029733BBD4856B59479AC5BD56B4F45E91B65AC7DE,4,0,9,0,1,osmo1255kd9glzk68ltavvya72m9fz03wte5pmklwa8,2.747486494243539E18,ibc/F16FDC11A7662B86BC0B9CE61871CBACF7C20606F95E86260FD38915184B75B4,732,1.717511032456138E9
6630005|1|4|0|9|2,1.666894140924E9,6630005,block_result,1,A61ADCE275B71E8BD0E0B5029733BBD4856B59479AC5BD56B4F45E91B65AC7DE,4,0,9,0,2,osmo1255kd9glzk68ltavvya72m9fz03wte5pmklwa8,106964.0,uosmo,732,1.717511032456138E9
39860331|1|0|0|11|2,1.752588362127E9,39860331,block_result,1,2024A2E1E4A8603AC6E4CCA4891F4518A5DC365B7E15C9EF709C4AEA93150D48,0,0,11,0,2,osmo13whe79npzuje3g3jlc89j3djn0a44056m6h8eq,430572.0,uosmo,732,1.75258836482892E9
39860331|1|0|0|11|1,1.752588362127E9,39860331,block_result,1,2024A2E1E4A8603AC6E4CCA4891F4518A5DC365B7E15C9EF709C4AEA93150D48,0,0,11,0,1,osmo13whe79npzuje3g3jlc89j3djn0a44056m6h8eq,9.533650593741361E18,ibc/F16FDC11A7662B86BC0B9CE61871CBACF7C20606F95E86260FD38915184B75B4,732,1.75258836482892E9
9886949|1|0|0|9|1,1.685592706152E9,9886949,block_result,1,72CBF5A874670858DFE22D3D88FE058DEF0CF277D415641E5BFE9160051EE418,0,0,9,0,1,osmo17uyvfmejsljqmfgqqzv5y2vqrtaf4nlk87yxdz,1.499772903534313E20,ibc/F16FDC11A7662B86BC0B9CE61871CBACF7C20606F95E86260FD38915184B75B4,732,1.717432772804041E9
9886949|1|0|0|9|2,1.685592706152E9,9886949,block_result,1,72CBF5A874670858DFE22D3D88FE058DEF0CF277D415641E5BFE9160051EE418,0,0,9,0,2,osmo17uyvfmejsljqmfgqqzv5y2vqrtaf4nlk87yxdz,3714007.0,uosmo,732,1.717432772804041E9
9894753|1|0|0|9|1,1.685637246472E9,9894753,block_result,1,21201BF7E34FCD292B50C5C674E84F6118B5104A4ABAA4F4B28A4A54C4BCFDF2,0,0,9,0,1,osmo1s8elzc7pltmwf3xfcdph44c09dvq7gsjfqf95a,2.4971470119123422E22,ibc/F16FDC11A7662B86BC0B9CE61871CBACF7C20606F95E86260FD38915184B75B4,732,1.717432170076241E9
9894753|1|0|0|9|2,1.685637246472E9,9894753,block_result,1,21201BF7E34FCD292B50C5C674E84F6118B5104A4ABAA4F4B28A4A54C4BCFDF2,0,0,9,0,2,osmo1s8elzc7pltmwf3xfcdph44c09dvq7gsjfqf95a,6.19859963E8,uosmo,732,1.717432170076241E9
71356042|1|0|0|11|2,1.790417472252E9,71356042,block_result,1,418C065CEC90B8955E739491B7EEAF28C7E97771FF898344AC7D59FC4F587A7D,0,0,11,0,2,osmo16aypymlama0lk5s8c9s30s09eacpvwnav7ewjv,1.5219576623E10,uosmo,732,1.790417476054E9
71356042|1|0|0|11|1,1.790417472252E9,71356042,block_result,1,418C065CEC90B8955E739491B7EEAF28C7E97771FF898344AC7D59FC4F587A7D,0,0,11,0,1,osmo16aypymlama0lk5s8c9s30s09eacpvwnav7ewjv,3.5459958361604647E21,ibc/F16FDC11A7662B86BC0B9CE61871CBACF7C20606F95E86260FD38915184B75B4,732,1.790417476054E9
65906542|1|1|0|11|1,1.783583227964E9,65906542,block_result,1,D1E14B9219F83EA26003D72C5841EBFE6662E8A2B81D7A44D5EBB0B150BDF760,1,0,11,0,1,osmo13k072z6ua8258533glfrrsep4ff6f4j5j3k3pc,9.049812827825088E21,ibc/F16FDC11A7662B86BC0B9CE61871CBACF7C20606F95E86260FD38915184B75B4,732,1.783583230987E9
65906542|1|1|0|11|2,1.783583227964E9,65906542,block_result,1,D1E14B9219F83EA26003D72C5841EBFE6662E8A2B81D7A44D5EBB0B150BDF760,1,0,11,0,2,osmo13k072z6ua8258533glfrrsep4ff6f4j5j3k3pc,1.233334955E10,uosmo,732,1.783583230987E9
8662344|1|22|0|9|2,1.678580906223E9,8662344,block_result,1,64073F8CCDA9E51F6164327BB2FDCCCF84FF0F65D5BD954906A6413B50B8C1FF,22,0,9,0,2,osmo1s84q7zy0a0f7dchrpj2fk89gyglkwm2eqrzwxu,1.3058643E7,uosmo,732,1.717461126257496E9
8662344|1|22|0|9|1,1.678580906223E9,8662344,block_result,1,64073F8CCDA9E51F6164327BB2FDCCCF84FF0F65D5BD954906A6413B50B8C1FF,22,0,9,0,1,osmo1s84q7zy0a0f7dchrpj2fk89gyglkwm2eqrzwxu,1.9252150766224907E20,ibc/F16FDC11A7662B86BC0B9CE61871CBACF7C20606F95E86260FD38915184B75B4,732,1.717461126257496E9
8662350|1|10|0|9|2,1.678580936348E9,8662350,block_result,1,8D60ED07CE8E583FF1F21C549DC8232968574492A3851A89A0E092B89236CF0D,10,0,9,0,2,osmo1s84q7zy0a0f7dchrpj2fk89gyglkwm2eqrzwxu,6519664.0,uosmo,732,1.717461125294236E9
8662350|1|10|0|9|1,1.678580936348E9,8662350,block_result,1,8D60ED07CE8E583FF1F21C549DC8232968574492A3851A89A0E092B89236CF0D,10,0,9,0,1,osmo1s84q7zy0a0f7dchrpj2fk89gyglkwm2eqrzwxu,9.617993067650659E19,ibc/F16FDC11A7662B86BC0B9CE61871CBACF7C20606F95E86260FD38915184B75B4,732,1.717461125294236E9
8662364|1|20|0|9|2,1.678581006347E9,8662364,block_result,1,894EC8834799E480AE1ED8396B84842C6764194A7C366D772A799BA67473942B,20,0,9,0,2,osmo1s84q7zy0a0f7dchrpj2fk89gyglkwm2eqrzwxu,3255792.0,uosmo,732,1.717461120267494E9
8662364|1|20|0|9|1,1.678581006347E9,8662364,block_result,1,894EC8834799E480AE1ED8396B84842C6764194A7C366D772A799BA67473942B,20,0,9,0,1,osmo1s84q7zy0a0f7dchrpj2fk89gyglkwm2eqrzwxu,4.80457276779713E19,ibc/F16FDC11A7662B86BC0B9CE61871CBACF7C20606F95E86260FD38915184B75B4,732,1.717461120267494E9
8662380|1|4|0|9|1,1.678581099118E9,8662380,block_result,1,1C94A27C07386F5EBF4007ADDE94C863247A97698C28631F2EC61E6A52F19C92,4,0,9,0,1,osmo1s84q7zy0a0f7dchrpj2fk89gyglkwm2eqrzwxu,2.3999802203523916E19,ibc/F16FDC11A7662B86BC0B9CE61871CBACF7C20606F95E86260FD38915184B75B4,732,1.71746111894334E9
8662380|1|4|0|9|2,1.678581099118E9,8662380,block_result,1,1C94A27C07386F5EBF4007ADDE94C863247A97698C28631F2EC61E6A52F19C92,4,0,9,0,2,osmo1s84q7zy0a0f7dchrpj2fk89gyglkwm2eqrzwxu,1626073.0,uosmo,732,1.71746111894334E9
68623042|1|0|0|11|2,1.786880959244E9,68623042,block_result,1,87B063696C05D4E81CF98C7B85CEBB4EDAC647045D270D75AD876436722FD9F7,0,0,11,0,2,osmo16aypymlama0lk5s8c9s30s09eacpvwnav7ewjv,1.382807793E9,uosmo,732,1.786880961921E9
68623042|1|0|0|11|1,1.786880959244E9,68623042,block_result,1,87B063696C05D4E81CF98C7B85CEBB4EDAC647045D270D75AD876436722FD9F7,0,0,11,0,1,osmo16aypymlama0lk5s8c9s30s09eacpvwnav7ewjv,4.342414553101742E20,ibc/F16FDC11A7662B86BC0B9CE61871CBACF7C20606F95E86260FD38915184B75B4,732,1.786880961921E9
9905032|1|5|0|9|2,1.685697351142E9,9905032,block_result,1,C7AC9CA5C4DC3FB7842B2EFCAF303391C9D1E0AF0BC6DD12BFD7DBD9E49ADB12,5,0,9,0,2,osmo17uyvfmejsljqmfgqqzv5y2vqrtaf4nlk87yxdz,847021.0,uosmo,732,1.717432085462206E9
9905032|1|5|0|9|1,1.685697351142E9,9905032,block_result,1,C7AC9CA5C4DC3FB7842B2EFCAF303391C9D1E0AF0BC6DD12BFD7DBD9E49ADB12,5,0,9,0,1,osmo17uyvfmejsljqmfgqqzv5y2vqrtaf4nlk87yxdz,3.4102694504988467E19,ibc/F16FDC11A7662B86BC0B9CE61871CBACF7C20606F95E86260FD38915184B75B4,732,1.717432085462206E9
44532493|1|0|0|11|1,1.758361319816E9,44532493,block_result,1,A768F83F59D26A2C0D66C66B4CFF10657181481DC8D87CB089D63D2EAD30D52C,0,0,11,0,1,osmo16aypymlama0lk5s8c9s30s09eacpvwnav7ewjv,3.4562871630583425E20,ibc/F16FDC11A7662B86BC0B9CE61871CBACF7C20606F95E86260FD38915184B75B4,732,1.75836132230763E9
44532493|1|0|0|11|2,1.758361319816E9,44532493,block_result,1,A768F83F59D26A2C0D66C66B4CFF10657181481DC8D87CB089D63D2EAD30D52C,0,0,11,0,2,osmo16aypymlama0lk5s8c9s30s09eacpvwnav7ewjv,4.09235E7,uosmo,732,1.75836132230763E9
8750586|1|1|0|9|1,1.679086135318E9,8750586,block_result,1,7C9C20E4AE736D7BCF0F4D4AC83A8CB3A8A9583B84F305D542D64801801A48F7,1,0,9,0,1,osmo1s84q7zy0a0f7dchrpj2fk89gyglkwm2eqrzwxu,1.307849238124056E20,ibc/F16FDC11A7662B86BC0B9CE61871CBACF7C20606F95E86260FD38915184B75B4,732,1.717458502232391E9
8750586|1|1|0|9|2,1.679086135318E9,8750586,block_result,1,7C9C20E4AE736D7BCF0F4D4AC83A8CB3A8A9583B84F305D542D64801801A48F7,1,0,9,0,2,osmo1s84q7zy0a0f7dchrpj2fk89gyglkwm2eqrzwxu,8856683.0,uosmo,732,1.717458502232391E9
8750615|1|3|0|9|2,1.679086287495E9,8750615,block_result,1,18BDF1DC3AD27DB1277BC0DBE0BE812B214BEFD52C28EE594797E7C39D058318,3,0,9,0,2,osmo1s84q7zy0a0f7dchrpj2fk89gyglkwm2eqrzwxu,4422483.0,uosmo,732,1.717459090803137E9
8750615|1|3|0|9|1,1.679086287495E9,8750615,block_result,1,18BDF1DC3AD27DB1277BC0DBE0BE812B214BEFD52C28EE594797E7C39D058318,3,0,9,0,1,osmo1s84q7zy0a0f7dchrpj2fk89gyglkwm2eqrzwxu,6.533413661529657E19,ibc/F16FDC11A7662B86BC0B9CE61871CBACF7C20606F95E86260FD38915184B75B4,732,1.717459090803137E9
8750623|1|12|0|9|2,1.679086337825E9,8750623,block_result,1,519B7467D79D63DE41EEA4FF687709B41D8C31B46A31D02A2E1C1459C6201A84,12,0,9,0,2,osmo1s84q7zy0a0f7dchrpj2fk89gyglkwm2eqrzwxu,2208673.0,uosmo,732,1.717459092791751E9
8750623|1|12|0|9|1,1.679086337825E9,8750623,block_result,1,519B7467D79D63DE41EEA4FF687709B41D8C31B46A31D02A2E1C1459C6201A84,12,0,9,0,1,osmo1s84q7zy0a0f7dchrpj2fk89gyglkwm2eqrzwxu,3.2636164691598385E19,ibc/F16FDC11A7662B86BC0B9CE61871CBACF7C20606F95E86260FD38915184B75B4,732,1.717459092791751E9
36724742|1|0|0|11|1,1.748646706827E9,36724742,block_result,1,26588E674A28393412D1AC0FB77315836AA296DBAAA2997DDF6ADE7CA639492F,0,0,11,0,1,osmo1h4lx8cm0vnrrahjjfgsjp79jjnyspy6wgts952,2.2113163585927738E21,ibc/F16FDC11A7662B86BC0B9CE61871CBACF7C20606F95E86260FD38915184B75B4,732,1.748646723489444E9
36724742|1|0|0|11|2,1.748646706827E9,36724742,block_result,1,26588E674A28393412D1AC0FB77315836AA296DBAAA2997DDF6ADE7CA639492F,0,0,11,0,2,osmo1h4lx8cm0vnrrahjjfgsjp79jjnyspy6wgts952,1.12066431E8,uosmo,732,1.748646723489444E9
52509742|1|1|0|11|1,1.768007466813E9,52509742,block_result,1,8898A344D4B785611CAFE864944BC14257E749002BC5FA2F1CDF633178C9405F,1,0,11,0,1,osmo16aypymlama0lk5s8c9s30s09eacpvwnav7ewjv,7.953508004828185E21,ibc/F16FDC11A7662B86BC0B9CE61871CBACF7C20606F95E86260FD38915184B75B4,732,1.768007470359539E9
52509742|1|1|0|11|2,1.768007466813E9,52509742,block_result,1,8898A344D4B785611CAFE864944BC14257E749002BC5FA2F1CDF633178C9405F,1,0,11,0,2,osmo16aypymlama0lk5s8c9s30s09eacpvwnav7ewjv,1.660310197E9,uosmo,732,1.768007470359539E9
63005427|1|1|0|11|1,1.780248708309E9,63005427,block_result,1,65FF20A4181FBF7E94A1414A55680F14A4D173D4777CDA67AC3AE29E11270655,1,0,11,0,1,osmo1tyq3v8raeuw2d94klv2uct6nrgr62g5p9wx75j,1.0194810021176998E19,ibc/F16FDC11A7662B86BC0B9CE61871CBACF7C20606F95E86260FD38915184B75B4,732,1.78024871072E9
63005427|1|1|0|11|2,1.780248708309E9,63005427,block_result,1,65FF20A4181FBF7E94A1414A55680F14A4D173D4777CDA67AC3AE29E11270655,1,0,11,0,2,osmo1tyq3v8raeuw2d94klv2uct6nrgr62g5p9wx75j,1.1220738E7,uosmo,732,1.78024871072E9
29145303|1|0|0|11|2,1.73892350716E9,29145303,block_result,1,E61B6FF0B8196682CD32CC0FA1D9FA87766B377BB162A521E6C04EF54E5F1F4E,0,0,11,0,2,osmo16aypymlama0lk5s8c9s30s09eacpvwnav7ewjv,9.2373913E7,uosmo,732,1.738923509921731E9
29145303|1|0|0|11|1,1.73892350716E9,29145303,block_result,1,E61B6FF0B8196682CD32CC0FA1D9FA87766B377BB162A521E6C04EF54E5F1F4E,0,0,11,0,1,osmo16aypymlama0lk5s8c9s30s09eacpvwnav7ewjv,3.9567455538015607E21,ibc/F16FDC11A7662B86BC0B9CE61871CBACF7C20606F95E86260FD38915184B75B4,732,1.738923509921731E9
10209760|1|4|0|9|2,1.687469173542E9,10209760,block_result,1,7D9F7CFC6E2B9650EC3BA9D3F88C8E024290993B24EA002838F3B5DFBE71575E,4,0,9,0,2,osmo17uyvfmejsljqmfgqqzv5y2vqrtaf4nlk87yxdz,968718.0,uosmo,732,1.717427239552032E9
10209760|1|4|0|9|1,1.687469173542E9,10209760,block_result,1,7D9F7CFC6E2B9650EC3BA9D3F88C8E024290993B24EA002838F3B5DFBE71575E,4,0,9,0,1,osmo17uyvfmejsljqmfgqqzv5y2vqrtaf4nlk87yxdz,2.982860907058774E19,ibc/F16FDC11A7662B86BC0B9CE61871CBACF7C20606F95E86260FD38915184B75B4,732,1.717427239552032E9
8841419|1|4|0|9|2,1.679604763778E9,8841419,block_result,1,7B4E2586336E4FAA30BFDED465868A605A721F6089AE7156E8C9CF8AE3E5B354,4,0,9,0,2,osmo1s84q7zy0a0f7dchrpj2fk89gyglkwm2eqrzwxu,3793422.0,uosmo,732,1.717457253869107E9
8841419|1|4|0|9|1,1.679604763778E9,8841419,block_result,1,7B4E2586336E4FAA30BFDED465868A605A721F6089AE7156E8C9CF8AE3E5B354,4,0,9,0,1,osmo1s84q7zy0a0f7dchrpj2fk89gyglkwm2eqrzwxu,5.719315673239002E19,ibc/F16FDC11A7662B86BC0B9CE61871CBACF7C20606F95E86260FD38915184B75B4,732,1.717457253869107E9
8842592|1|0|0|9|2,1.679611429083E9,8842592,block_result,1,60868F9DC00B47CBE956C4D79ED39B97DE39E0C1874C39603D80EEAD1922085D,0,0,9,0,2,osmo1pahj9hrynev0fjsjtdmdg2gnxxp7n6vg6tdlea,3.6481737E7,uosmo,732,1.717456982854414E9
8842592|1|0|0|9|1,1.679611429083E9,8842592,block_result,1,60868F9DC00B47CBE956C4D79ED39B97DE39E0C1874C39603D80EEAD1922085D,0,0,9,0,1,osmo1pahj9hrynev0fjsjtdmdg2gnxxp7n6vg6tdlea,5.5013493880050667E20,ibc/F16FDC11A7662B86BC0B9CE61871CBACF7C20606F95E86260FD38915184B75B4,732,1.717456982854414E9
62896911|1|0|0|11|2,1.780132896292E9,62896911,block_result,1,5C814FB31B55FE5F4087F5684140294AAFF2C7FF13714572D4F07C95FC3B3562,0,0,11,0,2,osmo1jvh8rple9vrc0egw6edk0t98tnpx4ffmu6f0e6,4.09113546E8,uosmo,732,1.780132898768E9
62896911|1|0|0|11|1,1.780132896292E9,62896911,block_result,1,5C814FB31B55FE5F4087F5684140294AAFF2C7FF13714572D4F07C95FC3B3562,0,0,11,0,1,osmo1jvh8rple9vrc0egw6edk0t98tnpx4ffmu6f0e6,3.9731432886674175E20,ibc/F16FDC11A7662B86BC0B9CE61871CBACF7C20606F95E86260FD38915184B75B4,732,1.780132898768E9
9521055|1|0|0|9|1,1.683485321368E9,9521055,block_result,1,C2596B397EC8FE9B078D516D3CE3690BF5ADBC9DDFF9F3F0DB50BD3990CAB15F,0,0,9,0,1,osmo1uxthxgqhmxaqlh5u6990j48x5y0u2udf95krd5,5.274125212377298E19,ibc/F16FDC11A7662B86BC0B9CE61871CBACF7C20606F95E86260FD38915184B75B4,732,1.717441137016699E9
9521055|1|0|0|9|2,1.683485321368E9,9521055,block_result,1,C2596B397EC8FE9B078D516D3CE3690BF5ADBC9DDFF9F3F0DB50BD3990CAB15F,0,0,9,0,2,osmo1uxthxgqhmxaqlh5u6990j48x5y0u2udf95krd5,1548600.0,uosmo,732,1.717441137016699E9
9524329|1|3|0|9|1,1.683503930707E9,9524329,block_result,1,46662BD25DB358765C634A859A42AAE64791B46D0B4941316FA482D896397BB2,3,0,9,0,1,osmo17uyvfmejsljqmfgqqzv5y2vqrtaf4nlk87yxdz,4.036006004544564E18,ibc/F16FDC11A7662B86BC0B9CE61871CBACF7C20606F95E86260FD38915184B75B4,732,1.717441147066772E9
9524329|1|3|0|9|2,1.683503930707E9,9524329,block_result,1,46662BD25DB358765C634A859A42AAE64791B46D0B4941316FA482D896397BB2,3,0,9,0,2,osmo17uyvfmejsljqmfgqqzv5y2vqrtaf4nlk87yxdz,118506.0,uosmo,732,1.717441147066772E9
5042026|1|0|0|9|1,1.657109565678E9,5042026,block_result,1,7FDF2AD9B4E28BC71885D906C24507769B5F42407FF9223E1182DF83128571AB,0,0,9,0,1,osmo16jexsf558vvdwwl2cfj0mzr4x63xjpac5cs9rv,5.005603556028491E18,ibc/F16FDC11A7662B86BC0B9CE61871CBACF7C20606F95E86260FD38915184B75B4,732,1.71759140769558E9
5042026|1|0|0|9|2,1.657109565678E9,5042026,block_result,1,7FDF2AD9B4E28BC71885D906C24507769B5F42407FF9223E1182DF83128571AB,0,0,9,0,2,osmo16jexsf558vvdwwl2cfj0mzr4x63xjpac5cs9rv,374671.0,uosmo,732,1.71759140769558E9
5042030|1|5|0|9|2,1.657109590943E9,5042030,block_result,1,3316A77708084EF96802CCAE4F17401032991AE8E7355294F54C4C7E7D3265BA,5,0,9,0,2,osmo16jexsf558vvdwwl2cfj0mzr4x63xjpac5cs9rv,299737.0,uosmo,732,1.717589991132302E9
5042030|1|5|0|9|1,1.657109590943E9,5042030,block_result,1,3316A77708084EF96802CCAE4F17401032991AE8E7355294F54C4C7E7D3265BA,5,0,9,0,1,osmo16jexsf558vvdwwl2cfj0mzr4x63xjpac5cs9rv,4.0044828448226883E18,ibc/F16FDC11A7662B86BC0B9CE61871CBACF7C20606F95E86260FD38915184B75B4,732,1.717589991132302E9
9312173|1|4|0|9|2,1.682292445158E9,9312173,block_result,1,91B2042B057810F26D0EFFD9CFEAD72E85BE742970E0E7623E5AC745308D219A,4,0,9,0,2,osmo1s84q7zy0a0f7dchrpj2fk89gyglkwm2eqrzwxu,6.0240561E7,uosmo,732,1.717445301005456E9
9312173|1|4|0|9|1,1.682292445158E9,9312173,block_result,1,91B2042B057810F26D0EFFD9CFEAD72E85BE742970E0E7623E5AC745308D219A,4,0,9,0,1,osmo1s84q7zy0a0f7dchrpj2fk89gyglkwm2eqrzwxu,1.8658491486413605E21,ibc/F16FDC11A7662B86BC0B9CE61871CBACF7C20606F95E86260FD38915184B75B4,732,1.717445301005456E9
30792228|1|2|0|11|2,1.741076434415E9,30792228,block_result,1,74785873AE1FC59C09E5FE03379D49551EDF606B67E18CE5406610639409A0CB,2,0,11,0,2,osmo16aypymlama0lk5s8c9s30s09eacpvwnav7ewjv,5.29660087E8,uosmo,732,1.741338799453321E9
30792228|1|2|0|11|1,1.741076434415E9,30792228,block_result,1,74785873AE1FC59C09E5FE03379D49551EDF606B67E18CE5406610639409A0CB,2,0,11,0,1,osmo16aypymlama0lk5s8c9s30s09eacpvwnav7ewjv,2.074680951119918E22,ibc/F16FDC11A7662B86BC0B9CE61871CBACF7C20606F95E86260FD38915184B75B4,732,1.741338799453321E9
30792847|1|2|0|11|2,1.741077198311E9,30792847,block_result,1,6D013AE9ED0FBB1FF1570D30F754FCC8CC21F2029C9A9546BF71B0BC82FE3F26,2,0,11,0,2,osmo16aypymlama0lk5s8c9s30s09eacpvwnav7ewjv,2.81390839E8,uosmo,732,1.74133885417715E9
30792847|1|2|0|11|1,1.741077198311E9,30792847,block_result,1,6D013AE9ED0FBB1FF1570D30F754FCC8CC21F2029C9A9546BF71B0BC82FE3F26,2,0,11,0,1,osmo16aypymlama0lk5s8c9s30s09eacpvwnav7ewjv,9.764061847540663E21,ibc/F16FDC11A7662B86BC0B9CE61871CBACF7C20606F95E86260FD38915184B75B4,732,1.74133885417715E9
30791442|1|9|0|11|1,1.741075462291E9,30791442,block_result,1,76CB96726ABC855E3120225C7690DBD295842857CB9A65F895B0C53E631A6266,9,0,11,0,1,osmo16aypymlama0lk5s8c9s30s09eacpvwnav7ewjv,1.0807464671258956E22,ibc/F16FDC11A7662B86BC0B9CE61871CBACF7C20606F95E86260FD38915184B75B4,732,1.741338891041501E9
30791442|1|9|0|11|2,1.741075462291E9,30791442,block_result,1,76CB96726ABC855E3120225C7690DBD295842857CB9A65F895B0C53E631A6266,9,0,11,0,2,osmo16aypymlama0lk5s8c9s30s09eacpvwnav7ewjv,4.51653987E8,uosmo,732,1.741338891041501E9
5582547|1|9|0|9|2,1.660480867819E9,5582547,block_result,1,28661EC8590CEBFB6BD9F44370739FF11DA6A0C66B1AD99CCEE7756756F1A01F,9,0,9,0,2,osmo1dalqypymz0c0pmcyrkzcn3s873qhjrzhlnqqef,760539.0,uosmo,732,1.71756169861377E9
5582547|1|9|0|9|1,1.660480867819E9,5582547,block_result,1,28661EC8590CEBFB6BD9F44370739FF11DA6A0C66B1AD99CCEE7756756F1A01F,9,0,9,0,1,osmo1dalqypymz0c0pmcyrkzcn3s873qhjrzhlnqqef,8.507473196629552E18,ibc/F16FDC11A7662B86BC0B9CE61871CBACF7C20606F95E86260FD38915184B75B4,732,1.71756169861377E9
5061784|1|6|0|9|2,1.657233670207E9,5061784,block_result,1,7293C25F32386378CFE8411C2C34678A0FAA7CAEE805AD1058EFF567E1F82974,6,0,9,0,2,osmo16jexsf558vvdwwl2cfj0mzr4x63xjpac5cs9rv,1115583.0,uosmo,732,1.71756802373785E9
5061784|1|6|0|9|1,1.657233670207E9,5061784,block_result,1,7293C25F32386378CFE8411C2C34678A0FAA7CAEE805AD1058EFF567E1F82974,6,0,9,0,1,osmo16jexsf558vvdwwl2cfj0mzr4x63xjpac5cs9rv,1.5537240326658738E19,ibc/F16FDC11A7662B86BC0B9CE61871CBACF7C20606F95E86260FD38915184B75B4,732,1.71756802373785E9
12804357|1|19|0|9|1,1.702739754315E9,12804357,block_result,1,A80E37E1E8670880B19E4BC29434EF3621549E12C81D95F7FE30F240E379A9DD,19,0,9,0,1,osmo1requ5yfkfnlctyl44edx2pm27w5hwf5awggh98,1.1410361567645578E18,ibc/F16FDC11A7662B86BC0B9CE61871CBACF7C20606F95E86260FD38915184B75B4,732,1.717142652208261E9
12804357|1|19|0|9|2,1.702739754315E9,12804357,block_result,1,A80E37E1E8670880B19E4BC29434EF3621549E12C81D95F7FE30F240E379A9DD,19,0,9,0,2,osmo1requ5yfkfnlctyl44edx2pm27w5hwf5awggh98,84572.0,uosmo,732,1.717142652208261E9
8172724|1|0|0|9|1,1.675815411645E9,8172724,block_result,1,08CBDC7375A81D58CC12572332BFCDEA45EFF30C02F197ABD957D3F8E75D4BD7,0,0,9,0,1,osmo1s84q7zy0a0f7dchrpj2fk89gyglkwm2eqrzwxu,4.216984191995854E19,ibc/F16FDC11A7662B86BC0B9CE61871CBACF7C20606F95E86260FD38915184B75B4,732,1.717473944774149E9
8172724|1|0|0|9|2,1.675815411645E9,8172724,block_result,1,08CBDC7375A81D58CC12572332BFCDEA45EFF30C02F197ABD957D3F8E75D4BD7,0,0,9,0,2,osmo1s84q7zy0a0f7dchrpj2fk89gyglkwm2eqrzwxu,1721748.0,uosmo,732,1.717473944774149E9
5487397|1|50|0|9|2,1.659893199609E9,5487397,block_result,1,D22AB6CA034C8A1DC6315CA89BC88168E0EE0CAE83F904CFAD6C1785422456EF,50,0,9,0,2,osmo134ea3yazv5rfr7ydtdq5czxw0sl4aa2ufrgwyf,381340.0,uosmo,732,1.717566801027684E9
5487397|1|50|0|9|1,1.659893199609E9,5487397,block_result,1,D22AB6CA034C8A1DC6315CA89BC88168E0EE0CAE83F904CFAD6C1785422456EF,50,0,9,0,1,osmo134ea3yazv5rfr7ydtdq5czxw0sl4aa2ufrgwyf,5.400257787907148E18,ibc/F16FDC11A7662B86BC0B9CE61871CBACF7C20606F95E86260FD38915184B75B4,732,1.717566801027684E9
7052897|1|15|0|9|2,1.669404202365E9,7052897,block_result,1,3E7D428BD5527C87FF8455680943040F7C13B4B7BDCF28869F8042AB6315CD1C,15,0,9,0,2,osmo1s84q7zy0a0f7dchrpj2fk89gyglkwm2eqrzwxu,9174473.0,uosmo,732,1.717501342778556E9
7052897|1|15|0|9|1,1.669404202365E9,7052897,block_result,1,3E7D428BD5527C87FF8455680943040F7C13B4B7BDCF28869F8042AB6315CD1C,15,0,9,0,1,osmo1s84q7zy0a0f7dchrpj2fk89gyglkwm2eqrzwxu,5.226577443008565E20,ibc/F16FDC11A7662B86BC0B9CE61871CBACF7C20606F95E86260FD38915184B75B4,732,1.717501342778556E9
7052946|1|24|0|9|1,1.669404485456E9,7052946,block_result,1,244CFBDF307A9ABFD63540C5F9F8A9165AC5765258D2772BAE7E960E8A1EE4B3,24,0,9,0,1,osmo1s84q7zy0a0f7dchrpj2fk89gyglkwm2eqrzwxu,6.516192511105125E19,ibc/F16FDC11A7662B86BC0B9CE61871CBACF7C20606F95E86260FD38915184B75B4,732,1.717501343319574E9
7052946|1|24|0|9|2,1.669404485456E9,7052946,block_result,1,244CFBDF307A9ABFD63540C5F9F8A9165AC5765258D2772BAE7E960E8A1EE4B3,24,0,9,0,2,osmo1s84q7zy0a0f7dchrpj2fk89gyglkwm2eqrzwxu,1142035.0,uosmo,732,1.717501343319574E9
7052909|1|7|0|9|2,1.669404272878E9,7052909,block_result,1,F2AE2B858D84F1283055F0598C0A5736C4AEF751BA31E50EBCF1FE0C3A5BDDD1,7,0,9,0,2,osmo1s84q7zy0a0f7dchrpj2fk89gyglkwm2eqrzwxu,4579585.0,uosmo,732,1.717501343535873E9
7052909|1|7|0|9|1,1.669404272878E9,7052909,block_result,1,F2AE2B858D84F1283055F0598C0A5736C4AEF751BA31E50EBCF1FE0C3A5BDDD1,7,0,9,0,1,osmo1s84q7zy0a0f7dchrpj2fk89gyglkwm2eqrzwxu,2.6112599043250117E20,ibc/F16FDC11A7662B86BC0B9CE61871CBACF7C20606F95E86260FD38915184B75B4,732,1.717501343535873E9
7052932|1|15|0|9|2,1.669404402042E9,7052932,block_result,1,919C1F446BD585806B04FF04AAD24E5D1987309D7A3FCF0D8B961A9AC85073F7,15,0,9,0,2,osmo1s84q7zy0a0f7dchrpj2fk89gyglkwm2eqrzwxu,2286738.0,uosmo,732,1.717501345933984E9
7052932|1|15|0|9|1,1.669404402042E9,7052932,block_result,1,919C1F446BD585806B04FF04AAD24E5D1987309D7A3FCF0D8B961A9AC85073F7,15,0,9,0,1,osmo1s84q7zy0a0f7dchrpj2fk89gyglkwm2eqrzwxu,1.3044701807526017E20,ibc/F16FDC11A7662B86BC0B9CE61871CBACF7C20606F95E86260FD38915184B75B4,732,1.717501345933984E9
7052286|1|1|0|9|1,1.669400610345E9,7052286,block_result,1,EAAB5E8D678E929AA49715F642E5F6EE23D16A667B7385C0EC99B410061A1E53,1,0,9,0,1,osmo1s84q7zy0a0f7dchrpj2fk89gyglkwm2eqrzwxu,6.538830784316663E20,ibc/F16FDC11A7662B86BC0B9CE61871CBACF7C20606F95E86260FD38915184B75B4,732,1.717508935625743E9
7052286|1|1|0|9|2,1.669400610345E9,7052286,block_result,1,EAAB5E8D678E929AA49715F642E5F6EE23D16A667B7385C0EC99B410061A1E53,1,0,9,0,2,osmo1s84q7zy0a0f7dchrpj2fk89gyglkwm2eqrzwxu,1.1498904E7,uosmo,732,1.717508935625743E9
8735233|1|13|0|9|2,1.678998270608E9,8735233,block_result,1,AFC6F61D247D22ECA3B93E001902F8FA2FCFEBFE608B182DA56B172DC1C6B953,13,0,9,0,2,osmo1s84q7zy0a0f7dchrpj2fk89gyglkwm2eqrzwxu,8605758.0,uosmo,732,1.717459167399629E9
8735233|1|13|0|9|1,1.678998270608E9,8735233,block_result,1,AFC6F61D247D22ECA3B93E001902F8FA2FCFEBFE608B182DA56B172DC1C6B953,13,0,9,0,1,osmo1s84q7zy0a0f7dchrpj2fk89gyglkwm2eqrzwxu,1.275741820155018E20,ibc/F16FDC11A7662B86BC0B9CE61871CBACF7C20606F95E86260FD38915184B75B4,732,1.717459167399629E9
8735344|1|3|0|9|1,1.678998900707E9,8735344,block_result,1,ED35BC2BFC3F2370F632C2FD0673B35E83529B835453512FE0DDC0D4DDA0734E,3,0,9,0,1,osmo1s84q7zy0a0f7dchrpj2fk89gyglkwm2eqrzwxu,6.377997598438126E19,ibc/F16FDC11A7662B86BC0B9CE61871CBACF7C20606F95E86260FD38915184B75B4,732,1.717459355682396E9
8735344|1|3|0|9|2,1.678998900707E9,8735344,block_result,1,ED35BC2BFC3F2370F632C2FD0673B35E83529B835453512FE0DDC0D4DDA0734E,3,0,9,0,2,osmo1s84q7zy0a0f7dchrpj2fk89gyglkwm2eqrzwxu,4300591.0,uosmo,732,1.717459355682396E9
8735349|1|4|0|9|2,1.678998932059E9,8735349,block_result,1,E3903CC131D74BDCFBB95CBDB09218C6415DBF1387456402AC3700D0FE56A710,4,0,9,0,2,osmo1s84q7zy0a0f7dchrpj2fk89gyglkwm2eqrzwxu,2147807.0,uosmo,732,1.717459367055023E9
8735349|1|4|0|9|1,1.678998932059E9,8735349,block_result,1,E3903CC131D74BDCFBB95CBDB09218C6415DBF1387456402AC3700D0FE56A710,4,0,9,0,1,osmo1s84q7zy0a0f7dchrpj2fk89gyglkwm2eqrzwxu,3.185977533906881E19,ibc/F16FDC11A7662B86BC0B9CE61871CBACF7C20606F95E86260FD38915184B75B4,732,1.717459367055023E9
8659103|1|28|0|9|1,1.678562463147E9,8659103,block_result,1,E5642DB134BAD8540F80DABC352AD1B323EE075B31997A7DC488C696E383CE75,28,0,9,0,1,osmo1pahj9hrynev0fjsjtdmdg2gnxxp7n6vg6tdlea,6.581341633542307E19,ibc/F16FDC11A7662B86BC0B9CE61871CBACF7C20606F95E86260FD38915184B75B4,732,1.717461595331819E9
8659103|1|28|0|9|2,1.678562463147E9,8659103,block_result,1,E5642DB134BAD8540F80DABC352AD1B323EE075B31997A7DC488C696E383CE75,28,0,9,0,2,osmo1pahj9hrynev0fjsjtdmdg2gnxxp7n6vg6tdlea,4300021.0,uosmo,732,1.717461595331819E9
16668355|1|2|0|11|2,1.71818887907E9,16668355,block_result,1,1015A57C81B2E5F24D8184B149B200F2ABCC3C5F7B85180ED4D9AD875DD74CE0,2,0,11,0,2,osmo16aypymlama0lk5s8c9s30s09eacpvwnav7ewjv,6.8637487E7,uosmo,732,1.71818894107547E9
16668355|1|2|0|11|1,1.71818887907E9,16668355,block_result,1,1015A57C81B2E5F24D8184B149B200F2ABCC3C5F7B85180ED4D9AD875DD74CE0,2,0,11,0,1,osmo16aypymlama0lk5s8c9s30s09eacpvwnav7ewjv,4.538356582830523E21,ibc/F16FDC11A7662B86BC0B9CE61871CBACF7C20606F95E86260FD38915184B75B4,732,1.71818894107547E9
11627838|1|4|0|9|1,1.69574332296E9,11627838,block_result,1,63BB6318E46C1B05EDD94C784028D8ACE9A4BB782D5C838B7B6E4D9DBA5B784A,4,0,9,0,1,osmo1s84q7zy0a0f7dchrpj2fk89gyglkwm2eqrzwxu,6.324051585702132E18,ibc/F16FDC11A7662B86BC0B9CE61871CBACF7C20606F95E86260FD38915184B75B4,732,1.717203797469379E9
11627838|1|4|0|9|2,1.69574332296E9,11627838,block_result,1,63BB6318E46C1B05EDD94C784028D8ACE9A4BB782D5C838B7B6E4D9DBA5B784A,4,0,9,0,2,osmo1s84q7zy0a0f7dchrpj2fk89gyglkwm2eqrzwxu,507871.0,uosmo,732,1.717203797469379E9
16652464|1|0|0|11|2,1.718149874789E9,16652464,block_result,1,2A03A80A3C3B3146EA82DEA0ABE0B2D4743B8275CB2A1ADB85503D00DA9EFE45,0,0,11,0,2,osmo1xkdcwxm7ce8zxa80sexkdjfejundlp2dcurc62,428405.0,uosmo,732,1.71814992539229E9
16652464|1|0|0|11|1,1.718149874789E9,16652464,block_result,1,2A03A80A3C3B3146EA82DEA0ABE0B2D4743B8275CB2A1ADB85503D00DA9EFE45,0,0,11,0,1,osmo1xkdcwxm7ce8zxa80sexkdjfejundlp2dcurc62,3.036553443320987E19,ibc/F16FDC11A7662B86BC0B9CE61871CBACF7C20606F95E86260FD38915184B75B4,732,1.71814992539229E9
9930122|1|1|0|9|1,1.685844018902E9,9930122,block_result,1,DA7E9A3CC28CBB1BA0D6146FEDD6DE6E0ADBC3E818C4473B79493D3B2DB2FEA2,1,0,9,0,1,osmo16aypymlama0lk5s8c9s30s09eacpvwnav7ewjv,1.8022815030796925E21,ibc/F16FDC11A7662B86BC0B9CE61871CBACF7C20606F95E86260FD38915184B75B4,732,1.717432354956755E9
9930122|1|1|0|9|2,1.685844018902E9,9930122,block_result,1,DA7E9A3CC28CBB1BA0D6146FEDD6DE6E0ADBC3E818C4473B79493D3B2DB2FEA2,1,0,9,0,2,osmo16aypymlama0lk5s8c9s30s09eacpvwnav7ewjv,4.4294539E7,uosmo,732,1.717432354956755E9
4823022|1|7|0|9|1,1.655743546678E9,4823022,block_result,1,373ABC597EAA56BB8E3337ADE5CF140B383E7EAD37362DEC21EBFD0AA157145E,7,0,9,0,1,osmo1gn2saq5vy2qjn9ktn8rl9cx9ajvn8drchcv355,1.231441797651121E18,ibc/F16FDC11A7662B86BC0B9CE61871CBACF7C20606F95E86260FD38915184B75B4,732,1.717581150545576E9
4823022|1|7|0|9|2,1.655743546678E9,4823022,block_result,1,373ABC597EAA56BB8E3337ADE5CF140B383E7EAD37362DEC21EBFD0AA157145E,7,0,9,0,2,osmo1gn2saq5vy2qjn9ktn8rl9cx9ajvn8drchcv355,124350.0,uosmo,732,1.717581150545576E9
5959250|1|6|0|9|2,1.662804553506E9,5959250,block_result,1,2C15CC34DF54A1495A78E6C46E0BDA4DF659F408AD985D5CD515906DE674032E,6,0,9,0,2,osmo1u4uke74tkpedvwcf7ghhj0ffyzk2kye4meeut8,386766.0,uosmo,732,1.717534462950599E9
5959250|1|6|0|9|1,1.662804553506E9,5959250,block_result,1,2C15CC34DF54A1495A78E6C46E0BDA4DF659F408AD985D5CD515906DE674032E,6,0,9,0,1,osmo1u4uke74tkpedvwcf7ghhj0ffyzk2kye4meeut8,5.877811388787441E18,ibc/F16FDC11A7662B86BC0B9CE61871CBACF7C20606F95E86260FD38915184B75B4,732,1.717534462950599E9
8121528|1|15|0|9|2,1.675527017958E9,8121528,block_result,1,A143681D9B440F9325EC2ADB7A86218D4AE785A2B22868A7BB3966E0ED68CD71,15,0,9,0,2,osmo16aypymlama0lk5s8c9s30s09eacpvwnav7ewjv,5403434.0,uosmo,732,1.71747592472957E9
8121528|1|15|0|9|1,1.675527017958E9,8121528,block_result,1,A143681D9B440F9325EC2ADB7A86218D4AE785A2B22868A7BB3966E0ED68CD71,15,0,9,0,1,osmo16aypymlama0lk5s8c9s30s09eacpvwnav7ewjv,1.736842924259632E20,ibc/F16FDC11A7662B86BC0B9CE61871CBACF7C20606F95E86260FD38915184B75B4,732,1.71747592472957E9
68872884|1|0|0|11|2,1.78719537274E9,68872884,block_result,1,C5594E69EC2B55A21F2D89F07CE0690231EBE5068FDA4FAFE3867F679B42FFA7,0,0,11,0,2,osmo1qctsnew9jprsk2jdngu6ddemgd3h4f49sg49p8,5055804.0,uosmo,732,1.787195376235E9
68872884|1|0|0|11|1,1.78719537274E9,68872884,block_result,1,C5594E69EC2B55A21F2D89F07CE0690231EBE5068FDA4FAFE3867F679B42FFA7,0,0,11,0,1,osmo1qctsnew9jprsk2jdngu6ddemgd3h4f49sg49p8,1.4100050103107953E18,ibc/F16FDC11A7662B86BC0B9CE61871CBACF7C20606F95E86260FD38915184B75B4,732,1.787195376235E9
6121614|1|8|0|9|2,1.66379783466E9,6121614,block_result,1,87D75CA4E6911C88278756B8B7338C7EC5DC472B0FF6E17CF046E3687586623D,8,0,9,0,2,osmo1m9wr2ey7lh3l7h4grvfty96zfdtjvwz3yen28w,238124.0,uosmo,732,1.717536986809794E9
6121614|1|8|0|9|1,1.66379783466E9,6121614,block_result,1,87D75CA4E6911C88278756B8B7338C7EC5DC472B0FF6E17CF046E3687586623D,8,0,9,0,1,osmo1m9wr2ey7lh3l7h4grvfty96zfdtjvwz3yen28w,3.8908086377443574E18,ibc/F16FDC11A7662B86BC0B9CE61871CBACF7C20606F95E86260FD38915184B75B4,732,1.717536986809794E9
6995242|1|68|0|9|1,1.669065257127E9,6995242,block_result,1,2A7C0DDEB99C1D7F535930430DD69622C3DCC887B4FD857DC6CF7262CC798BDA,68,0,9,0,1,osmo1s84q7zy0a0f7dchrpj2fk89gyglkwm2eqrzwxu,1.26817678132764E21,ibc/F16FDC11A7662B86BC0B9CE61871CBACF7C20606F95E86260FD38915184B75B4,732,1.71751085667424E9
6995242|1|68|0|9|2,1.669065257127E9,6995242,block_result,1,2A7C0DDEB99C1D7F535930430DD69622C3DCC887B4FD857DC6CF7262CC798BDA,68,0,9,0,2,osmo1s84q7zy0a0f7dchrpj2fk89gyglkwm2eqrzwxu,2.7844182E7,uosmo,732,1.71751085667424E9
6989721|1|54|0|9|1,1.669032264102E9,6989721,block_result,1,8B2F2DAB4356CF76E40E1B1D2AF0C185276DA5CA36C3C4150CAB245BB2E1084B,54,0,9,0,1,osmo15pwqxvf22r750lt3pgfda24trheakx7283mgug,1.6098416501637405E20,ibc/F16FDC11A7662B86BC0B9CE61871CBACF7C20606F95E86260FD38915184B75B4,732,1.717511324784717E9
6989721|1|54|0|9|2,1.669032264102E9,6989721,block_result,1,8B2F2DAB4356CF76E40E1B1D2AF0C185276DA5CA36C3C4150CAB245BB2E1084B,54,0,9,0,2,osmo15pwqxvf22r750lt3pgfda24trheakx7283mgug,3534586.0,uosmo,732,1.717511324784717E9
68448880|1|0|0|11|2,1.786655349318E9,68448880,block_result,1,0DEB39471F01673B7E7256276598DEBF04638A1E4DCF3F6EB274CF4A114DD48C,0,0,11,0,2,osmo16aypymlama0lk5s8c9s30s09eacpvwnav7ewjv,1.870084528E9,uosmo,732,1.786655354747E9
68448880|1|0|0|11|1,1.786655349318E9,68448880,block_result,1,0DEB39471F01673B7E7256276598DEBF04638A1E4DCF3F6EB274CF4A114DD48C,0,0,11,0,1,osmo16aypymlama0lk5s8c9s30s09eacpvwnav7ewjv,5.705991063509115E20,ibc/F16FDC11A7662B86BC0B9CE61871CBACF7C20606F95E86260FD38915184B75B4,732,1.786655354747E9
9505224|1|1|0|9|2,1.68339467958E9,9505224,block_result,1,A987471B6C9CFD9A642D8081EA93E870B61A5F421E6384E10212814BA0161770,1,0,9,0,2,osmo17uyvfmejsljqmfgqqzv5y2vqrtaf4nlk87yxdz,5928936.0,uosmo,732,1.71744137570366E9
9505224|1|1|0|9|1,1.68339467958E9,9505224,block_result,1,A987471B6C9CFD9A642D8081EA93E870B61A5F421E6384E10212814BA0161770,1,0,9,0,1,osmo17uyvfmejsljqmfgqqzv5y2vqrtaf4nlk87yxdz,2.016762769215135E20,ibc/F16FDC11A7662B86BC0B9CE61871CBACF7C20606F95E86260FD38915184B75B4,732,1.71744137570366E9
9506740|1|0|0|9|2,1.683403260814E9,9506740,block_result,1,E023389EFFCB9E09E45D53BBB80B71D22372CE49E57BBBFF0BDA2BF9F4FFB85F,0,0,9,0,2,osmo17uyvfmejsljqmfgqqzv5y2vqrtaf4nlk87yxdz,5807957.0,uosmo,732,1.717440192709953E9
9506740|1|0|0|9|1,1.683403260814E9,9506740,block_result,1,E023389EFFCB9E09E45D53BBB80B71D22372CE49E57BBBFF0BDA2BF9F4FFB85F,0,0,9,0,1,osmo17uyvfmejsljqmfgqqzv5y2vqrtaf4nlk87yxdz,1.9772458423419034E20,ibc/F16FDC11A7662B86BC0B9CE61871CBACF7C20606F95E86260FD38915184B75B4,732,1.717440192709953E9
5325977|1|15|0|9|2,1.658881397336E9,5325977,block_result,1,A27B23103E1BBB6FF3F81C33FE9C44C63CB1A405D9A9D853902EBEC4E400B74A,15,0,9,0,2,osmo1mll3rvz07vds9tez3370dvespzjzljlf22eqr7,326823.0,uosmo,732,1.717556924651479E9
5325977|1|15|0|9|1,1.658881397336E9,5325977,block_result,1,A27B23103E1BBB6FF3F81C33FE9C44C63CB1A405D9A9D853902EBEC4E400B74A,15,0,9,0,1,osmo1mll3rvz07vds9tez3370dvespzjzljlf22eqr7,4.616600115346293E18,ibc/F16FDC11A7662B86BC0B9CE61871CBACF7C20606F95E86260FD38915184B75B4,732,1.717556924651479E9
9921701|1|1|0|9|2,1.685794676397E9,9921701,block_result,1,498E3917896D61241103086A5E4037EB0282E0D23A780D173F9368A286AA47C9,1,0,9,0,2,osmo16aypymlama0lk5s8c9s30s09eacpvwnav7ewjv,5.9358102E7,uosmo,732,1.717432391641146E9
9921701|1|1|0|9|1,1.685794676397E9,9921701,block_result,1,498E3917896D61241103086A5E4037EB0282E0D23A780D173F9368A286AA47C9,1,0,9,0,1,osmo16aypymlama0lk5s8c9s30s09eacpvwnav7ewjv,2.390924708917968E21,ibc/F16FDC11A7662B86BC0B9CE61871CBACF7C20606F95E86260FD38915184B75B4,732,1.717432391641146E9
7306544|1|8|0|9|2,1.670886736368E9,7306544,block_result,1,77D117BB3E731F574A288778A87D9EA8F8254166BAC290217ABD65F5FB4D7D99,8,0,9,0,2,osmo1s84q7zy0a0f7dchrpj2fk89gyglkwm2eqrzwxu,6013337.0,uosmo,732,1.717496857817058E9
7306544|1|8|0|9|1,1.670886736368E9,7306544,block_result,1,77D117BB3E731F574A288778A87D9EA8F8254166BAC290217ABD65F5FB4D7D99,8,0,9,0,1,osmo1s84q7zy0a0f7dchrpj2fk89gyglkwm2eqrzwxu,3.0178441645685264E20,ibc/F16FDC11A7662B86BC0B9CE61871CBACF7C20606F95E86260FD38915184B75B4,732,1.717496857817058E9
7293520|1|15|0|9|1,1.670810962338E9,7293520,block_result,1,F87E0E9406DA64783632FE38E8B6248FF89FC46537AA4A3067CA6C59547DEDA1,15,0,9,0,1,osmo1axhcn05qpfuaynnx7hlglcy04jujhh6pdp04yc,1.099976198521287E19,ibc/F16FDC11A7662B86BC0B9CE61871CBACF7C20606F95E86260FD38915184B75B4,732,1.717497542439073E9
7293520|1|15|0|9|2,1.670810962338E9,7293520,block_result,1,F87E0E9406DA64783632FE38E8B6248FF89FC46537AA4A3067CA6C59547DEDA1,15,0,9,0,2,osmo1axhcn05qpfuaynnx7hlglcy04jujhh6pdp04yc,219118.0,uosmo,732,1.717497542439073E9
8046075|1|20|0|9|2,1.675104244117E9,8046075,block_result,1,A35BE5225D7C140ADD538E0F4B772DDD290E3C9720237DC7877A1AE655BA9052,20,0,9,0,2,osmo1zlnj7v8p37ypdjph8gqxva4w4ptl95g93swhgf,7917155.0,uosmo,732,1.717478347473085E9
8046075|1|20|0|9|1,1.675104244117E9,8046075,block_result,1,A35BE5225D7C140ADD538E0F4B772DDD290E3C9720237DC7877A1AE655BA9052,20,0,9,0,1,osmo1zlnj7v8p37ypdjph8gqxva4w4ptl95g93swhgf,2.911369581519501E20,ibc/F16FDC11A7662B86BC0B9CE61871CBACF7C20606F95E86260FD38915184B75B4,732,1.717478347473085E9
65689210|1|1|0|11|2,1.783328377736E9,65689210,block_result,1,BB925CA360DA5174C75A7E711C75B9720D2690DD8DEEA75AB23837D9CB9C56A5,1,0,11,0,2,osmo13k072z6ua8258533glfrrsep4ff6f4j5j3k3pc,1.560653001E10,uosmo,732,1.7833283802E9
65689210|1|1|0|11|1,1.783328377736E9,65689210,block_result,1,BB925CA360DA5174C75A7E711C75B9720D2690DD8DEEA75AB23837D9CB9C56A5,1,0,11,0,1,osmo13k072z6ua8258533glfrrsep4ff6f4j5j3k3pc,1.4626713242844952E22,ibc/F16FDC11A7662B86BC0B9CE61871CBACF7C20606F95E86260FD38915184B75B4,732,1.7833283802E9
65528805|1|0|0|11|1,1.783143255447E9,65528805,block_result,1,CF45F82AC1702C81163A2D052ADAD0864E9FC256BB76DFDF86D870C7E29720AB,0,0,11,0,1,osmo13k072z6ua8258533glfrrsep4ff6f4j5j3k3pc,1.2195817696059367E22,ibc/F16FDC11A7662B86BC0B9CE61871CBACF7C20606F95E86260FD38915184B75B4,732,1.783143259253E9
65528805|1|0|0|11|2,1.783143255447E9,65528805,block_result,1,CF45F82AC1702C81163A2D052ADAD0864E9FC256BB76DFDF86D870C7E29720AB,0,0,11,0,2,osmo13k072z6ua8258533glfrrsep4ff6f4j5j3k3pc,1.2238228128E10,uosmo,732,1.783143259253E9
31027486|1|1|0|11|2,1.741372004188E9,31027486,block_result,1,B31A6F8EA71D2D7CE08CA45B6B737A16F51910FE1B17A73807B8EE73FAC1A54D,1,0,11,0,2,osmo19h65cmarqlpaz80ja26jtn4gamuvwla00r0f66,1.13280575E8,uosmo,732,1.741372028124508E9
31027486|1|1|0|11|1,1.741372004188E9,31027486,block_result,1,B31A6F8EA71D2D7CE08CA45B6B737A16F51910FE1B17A73807B8EE73FAC1A54D,1,0,11,0,1,osmo19h65cmarqlpaz80ja26jtn4gamuvwla00r0f66,1.6862219279221667E21,ibc/F16FDC11A7662B86BC0B9CE61871CBACF7C20606F95E86260FD38915184B75B4,732,1.741372028124508E9
67555341|1|0|0|11|2,1.785532314591E9,67555341,block_result,1,ECA57FD7CCD584D84ABDA0C0EF5439ED1CE222C2085AEBE7FC3937B351A3CD40,0,0,11,0,2,osmo16aypymlama0lk5s8c9s30s09eacpvwnav7ewjv,5.751526542E9,uosmo,732,1.785532318421E9
67555341|1|0|0|11|1,1.785532314591E9,67555341,block_result,1,ECA57FD7CCD584D84ABDA0C0EF5439ED1CE222C2085AEBE7FC3937B351A3CD40,0,0,11,0,1,osmo16aypymlama0lk5s8c9s30s09eacpvwnav7ewjv,1.2165541627652546E21,ibc/F16FDC11A7662B86BC0B9CE61871CBACF7C20606F95E86260FD38915184B75B4,732,1.785532318421E9
67535799|1|1|0|11|1,1.785508260114E9,67535799,block_result,1,564B517FABD0F8FD71E06771C53CBBF6066A1024FD84150A9A74AD1B377BA990,1,0,11,0,1,osmo16aypymlama0lk5s8c9s30s09eacpvwnav7ewjv,1.2058062994502E21,ibc/F16FDC11A7662B86BC0B9CE61871CBACF7C20606F95E86260FD38915184B75B4,732,1.785508265149E9
67535799|1|1|0|11|2,1.785508260114E9,67535799,block_result,1,564B517FABD0F8FD71E06771C53CBBF6066A1024FD84150A9A74AD1B377BA990,1,0,11,0,2,osmo16aypymlama0lk5s8c9s30s09eacpvwnav7ewjv,5.799878562E9,uosmo,732,1.785508265149E9
16113196|1|2|0|11|2,1.716785064283E9,16113196,block_result,1,B3A1D5F0BF05DF7EE2B42A4ABBB441C62DCDE1AE0DB7A8720D45303B4A2F8508,2,0,11,0,2,osmo16aypymlama0lk5s8c9s30s09eacpvwnav7ewjv,1312462.0,uosmo,732,1.716983346758304E9
16113196|1|2|0|11|1,1.716785064283E9,16113196,block_result,1,B3A1D5F0BF05DF7EE2B42A4ABBB441C62DCDE1AE0DB7A8720D45303B4A2F8508,2,0,11,0,1,osmo16aypymlama0lk5s8c9s30s09eacpvwnav7ewjv,8.968663394398686E19,ibc/F16FDC11A7662B86BC0B9CE61871CBACF7C20606F95E86260FD38915184B75B4,732,1.716983346758304E9
7618913|1|8|0|9|2,1.672675671394E9,7618913,block_result,1,B01A97BBF00AB46BA2D86F172EED01AAF18B9601BF607CD3F41C26DBC58EAB61,8,0,9,0,2,osmo1s84q7zy0a0f7dchrpj2fk89gyglkwm2eqrzwxu,1.5360466E7,uosmo,732,1.717487723450908E9
7618913|1|8|0|9|1,1.672675671394E9,7618913,block_result,1,B01A97BBF00AB46BA2D86F172EED01AAF18B9601BF607CD3F41C26DBC58EAB61,8,0,9,0,1,osmo1s84q7zy0a0f7dchrpj2fk89gyglkwm2eqrzwxu,1.19658196530029E21,ibc/F16FDC11A7662B86BC0B9CE61871CBACF7C20606F95E86260FD38915184B75B4,732,1.717487723450908E9
7623399|1|1|0|9|2,1.672701569515E9,7623399,block_result,1,B7E73268912C1B569AF763CDFAFC1D759CC79F5ED43ACEF8368EAF68710EF41A,1,0,9,0,2,osmo1s84q7zy0a0f7dchrpj2fk89gyglkwm2eqrzwxu,1.2415318E7,uosmo,732,1.717487666001946E9
7623399|1|1|0|9|1,1.672701569515E9,7623399,block_result,1,B7E73268912C1B569AF763CDFAFC1D759CC79F5ED43ACEF8368EAF68710EF41A,1,0,9,0,1,osmo1s84q7zy0a0f7dchrpj2fk89gyglkwm2eqrzwxu,6.119540593373537E20,ibc/F16FDC11A7662B86BC0B9CE61871CBACF7C20606F95E86260FD38915184B75B4,732,1.717487666001946E9
7623623|1|1|0|9|2,1.672702830228E9,7623623,block_result,1,A4D710F3C54D33A10F475D3D933F67BF422D077466E6360659D13AF7D63F92B8,1,0,9,0,2,osmo1s84q7zy0a0f7dchrpj2fk89gyglkwm2eqrzwxu,1.5714061E7,uosmo,732,1.71748766199472E9
7623623|1|1|0|9|1,1.672702830228E9,7623623,block_result,1,A4D710F3C54D33A10F475D3D933F67BF422D077466E6360659D13AF7D63F92B8,1,0,9,0,1,osmo1s84q7zy0a0f7dchrpj2fk89gyglkwm2eqrzwxu,7.767593306091452E20,ibc/F16FDC11A7662B86BC0B9CE61871CBACF7C20606F95E86260FD38915184B75B4,732,1.71748766199472E9
7623643|1|0|0|9|2,1.672702945335E9,7623643,block_result,1,26AF479967015E4FEDF98D5F0E22961A15C65CDB4B87011FBC3AF171C3B14A44,0,0,9,0,2,osmo1s84q7zy0a0f7dchrpj2fk89gyglkwm2eqrzwxu,7840812.0,uosmo,732,1.717487663398952E9
7623643|1|0|0|9|1,1.672702945335E9,7623643,block_result,1,26AF479967015E4FEDF98D5F0E22961A15C65CDB4B87011FBC3AF171C3B14A44,0,0,9,0,1,osmo1s84q7zy0a0f7dchrpj2fk89gyglkwm2eqrzwxu,3.88129678445707E20,ibc/F16FDC11A7662B86BC0B9CE61871CBACF7C20606F95E86260FD38915184B75B4,732,1.717487663398952E9
7623797|1|1|0|9|2,1.672703805038E9,7623797,block_result,1,C099C03AF5D8B4F829A8F4BF70CCE158774DBEDABA80F42C403C70EC0D805E04,1,0,9,0,2,osmo1s84q7zy0a0f7dchrpj2fk89gyglkwm2eqrzwxu,3911799.0,uosmo,732,1.717487654999985E9
7623797|1|1|0|9|1,1.672703805038E9,7623797,block_result,1,C099C03AF5D8B4F829A8F4BF70CCE158774DBEDABA80F42C403C70EC0D805E04,1,0,9,0,1,osmo1s84q7zy0a0f7dchrpj2fk89gyglkwm2eqrzwxu,1.9402451344279057E20,ibc/F16FDC11A7662B86BC0B9CE61871CBACF7C20606F95E86260FD38915184B75B4,732,1.717487654999985E9
