key,block_timestamp,block_height,block_section,block_section_index,tx_hash,tx_index,message_index,event_index,action_index,action_subindex,sender,token_amount,token_denom,pool_id,ingestion_timestamp
30588792|1|0|0|11|2,1.74082196666E9,30588792,block_result,1,48B2894262794B55DB07DBF01C6CC182DFB3DFE571EEFEF100EE2584ADAACBB6,0,0,11,0,2,osmo16aypymlama0lk5s8c9s30s09eacpvwnav7ewjv,2.0E8,uosmo,732,1.741361639080939E9
30588792|1|0|0|11|1,1.74082196666E9,30588792,block_result,1,48B2894262794B55DB07DBF01C6CC182DFB3DFE571EEFEF100EE2584ADAACBB6,0,0,11,0,1,osmo16aypymlama0lk5s8c9s30s09eacpvwnav7ewjv,5.192493128692062E21,ibc/F16FDC11A7662B86BC0B9CE61871CBACF7C20606F95E86260FD38915184B75B4,732,1.741361639080939E9
30599289|1|4|0|11|2,1.740835066306E9,30599289,block_result,1,F05D841376E72CD7893A176D6C14486256D7438CF6D4FAB148064654410AEEA5,4,0,11,0,2,osmo19h65cmarqlpaz80ja26jtn4gamuvwla00r0f66,5000066.0,uosmo,732,1.74136112699245E9
30599289|1|4|0|11|1,1.740835066306E9,30599289,block_result,1,F05D841376E72CD7893A176D6C14486256D7438CF6D4FAB148064654410AEEA5,4,0,11,0,1,osmo19h65cmarqlpaz80ja26jtn4gamuvwla00r0f66,1.2481264453161103E20,ibc/F16FDC11A7662B86BC0B9CE61871CBACF7C20606F95E86260FD38915184B75B4,732,1.74136112699245E9
12035113|1|6|0|9|1,1.69812455692E9,12035113,block_result,1,8D7FB00730ABB04363644DA411112D8D4458E5732FF810F214CFAA5E8AB583D6,6,0,9,0,1,osmo1s84q7zy0a0f7dchrpj2fk89gyglkwm2eqrzwxu,1.1228342504947299E18,ibc/F16FDC11A7662B86BC0B9CE61871CBACF7C20606F95E86260FD38915184B75B4,732,1.717192153358316E9
4710096|1|5|0|9|1,1.654638035281E9,4710096,block_result,1,C1C3DB43E1DFD9B8F6E0A5C36F4C30633AD1F2B9A88CE4B3BA0DD2AA8C1DFD2B,5,0,9,0,1,osmo16jexsf558vvdwwl2cfj0mzr4x63xjpac5cs9rv,7430000.0,uosmo,732,1.717583595682332E9
4709029|1|3|0|9|2,1.654631379244E9,4709029,block_result,1,11B858A6AC2F129519C1626D74F604508E5FA020C49A31CD5DFD0BB6D706EE1D,3,0,9,0,2,osmo16jexsf558vvdwwl2cfj0mzr4x63xjpac5cs9rv,529647.0,uosmo,732,1.717583972287624E9
4709029|1|3|0|9|1,1.654631379244E9,4709029,block_result,1,11B858A6AC2F129519C1626D74F604508E5FA020C49A31CD5DFD0BB6D706EE1D,3,0,9,0,1,osmo16jexsf558vvdwwl2cfj0mzr4x63xjpac5cs9rv,1.072523329717371E19,ibc/F16FDC11A7662B86BC0B9CE61871CBACF7C20606F95E86260FD38915184B75B4,732,1.717583972287624E9
4709036|1|7|0|9|1,1.654631422127E9,4709036,block_result,1,85CD548078CB8758E91A43F7C9C70A676A8059238D528AB4C7C10954D295EBFE,7,0,9,0,1,osmo16jexsf558vvdwwl2cfj0mzr4x63xjpac5cs9rv,1.827598958752151E18,ibc/F16FDC11A7662B86BC0B9CE61871CBACF7C20606F95E86260FD38915184B75B4,732,1.717583972909326E9
4709039|1|11|0|9|1,1.65463144111E9,4709039,block_result,1,A764AF0185D3DB9075EB2D98B36D219604BE455D664E2ABE0027F0A5A379BEAB,11,0,9,0,1,osmo16jexsf558vvdwwl2cfj0mzr4x63xjpac5cs9rv,12500.0,uosmo,732,1.717583978700533E9
4710245|1|14|0|9|1,1.654638959256E9,4710245,block_result,1,B5DDE3BED2DCD2963C00C72AD94CFDBF02A128E0398B097582897AC0C62FE051,14,0,9,0,1,osmo1mll3rvz07vds9tez3370dvespzjzljlf22eqr7,1.099986999999987E19,ibc/F16FDC11A7662B86BC0B9CE61871CBACF7C20606F95E86260FD38915184B75B4,732,1.717584433883843E9
4710059|1|17|0|9|1,1.654637807211E9,4710059,block_result,1,D6ED9F51381198E62A13CBAB4DB4D3DE9560E2C47DB8AA53D6A1368BBD0AF74F,17,0,9,0,1,osmo16jexsf558vvdwwl2cfj0mzr4x63xjpac5cs9rv,4837963.0,uosmo,732,1.717584441624233E9
4710116|1|7|0|9|1,1.654638159601E9,4710116,block_result,1,281A56C7B68E534BC2A1E0DF817B1CD0FACB2FC67FB2FB0B62896ADC97DB1158,7,0,9,0,1,osmo16jexsf558vvdwwl2cfj0mzr4x63xjpac5cs9rv,5.13333951067353E19,ibc/F16FDC11A7662B86BC0B9CE61871CBACF7C20606F95E86260FD38915184B75B4,732,1.717584454108201E9
4701790|1|8|0|9|2,1.654583495888E9,4701790,block_result,1,8B9F055945FBDE7C19BCE6E8D2FFA8DB979FE87E3280477929546885B7A24F5F,8,0,9,0,2,osmo13whe79npzuje3g3jlc89j3djn0a44056m6h8eq,339101.0,uosmo,732,1.717584495987505E9
4701790|1|8|0|9|1,1.654583495888E9,4701790,block_result,1,8B9F055945FBDE7C19BCE6E8D2FFA8DB979FE87E3280477929546885B7A24F5F,8,0,9,0,1,osmo13whe79npzuje3g3jlc89j3djn0a44056m6h8eq,1.1000857650589676E19,ibc/F16FDC11A7662B86BC0B9CE61871CBACF7C20606F95E86260FD38915184B75B4,732,1.717584495987505E9
4699005|1|7|0|9|1,1.65456567553E9,4699005,block_result,1,3D3AB26E4CD258712C989BA41C96A53572F5E0024A49FFAA618E2BCF8B3DB03E,7,0,9,0,1,osmo1s8elzc7pltmwf3xfcdph44c09dvq7gsjfqf95a,3.0E21,ibc/F16FDC11A7662B86BC0B9CE61871CBACF7C20606F95E86260FD38915184B75B4,732,1.717584615659998E9
4699005|1|7|0|9|2,1.65456567553E9,4699005,block_result,1,3D3AB26E4CD258712C989BA41C96A53572F5E0024A49FFAA618E2BCF8B3DB03E,7,0,9,0,2,osmo1s8elzc7pltmwf3xfcdph44c09dvq7gsjfqf95a,9.388296E7,uosmo,732,1.717584615659998E9
4706984|1|15|0|9|1,1.654617039338E9,4706984,block_result,1,3CDD03745C1F60C59EE87DC8356EB26A7740F825084035485EB0BC7D0EB746A9,15,0,9,0,1,osmo1s84q7zy0a0f7dchrpj2fk89gyglkwm2eqrzwxu,105872.0,uosmo,732,1.717606204059787E9
4698181|1|14|0|9|1,1.654560410706E9,4698181,block_result,1,53569B471598505934979E7650AB22ED7580D5485F368C5B268CA3E507BB02DE,14,0,9,0,1,osmo1s84q7zy0a0f7dchrpj2fk89gyglkwm2eqrzwxu,4.3058103622307135E19,ibc/F16FDC11A7662B86BC0B9CE61871CBACF7C20606F95E86260FD38915184B75B4,732,1.71760621484174E9
12072032|1|5|0|9|1,1.698346810023E9,12072032,block_result,1,DCAECD158EBDCAA645626BD619AC9A620410B5ED45040C4115085DFA8B114358,5,0,9,0,1,osmo1s84q7zy0a0f7dchrpj2fk89gyglkwm2eqrzwxu,7.325423671883674E17,ibc/F16FDC11A7662B86BC0B9CE61871CBACF7C20606F95E86260FD38915184B75B4,732,1.717123664735526E9
66692540|1|1|0|11|1,1.784489474856E9,66692540,block_result,1,1C73CF0560B3C98C530A08EAEC9152545C1935848F898B835675C886B46951E9,1,0,11,0,1,osmo13k072z6ua8258533glfrrsep4ff6f4j5j3k3pc,1.0E22,ibc/F16FDC11A7662B86BC0B9CE61871CBACF7C20606F95E86260FD38915184B75B4,732,1.78448948214E9
66691508|1|0|0|11|1,1.784488270523E9,66691508,block_result,1,5EDEABC6D94C83B228AD2503B238FC923E3C312C5019209D89360A6D140334E9,0,0,11,0,1,osmo13k072z6ua8258533glfrrsep4ff6f4j5j3k3pc,1.0001996497584505E22,ibc/F16FDC11A7662B86BC0B9CE61871CBACF7C20606F95E86260FD38915184B75B4,732,1.784488273914E9
66691774|1|1|0|11|1,1.784488580809E9,66691774,block_result,1,3024AF48A5A1A313399D76682F3D7CD06431896531BD2851135562E665F42721,1,0,11,0,1,osmo13k072z6ua8258533glfrrsep4ff6f4j5j3k3pc,1.0E22,ibc/F16FDC11A7662B86BC0B9CE61871CBACF7C20606F95E86260FD38915184B75B4,732,1.784488588691E9
66686068|1|1|0|11|1,1.784481944415E9,66686068,block_result,1,2E503A2EDA1D948E4ABA4E39135F6FA398A7AA8151681538CBD5FEFF2FF373C1,1,0,11,0,1,osmo13k072z6ua8258533glfrrsep4ff6f4j5j3k3pc,9.47E21,ibc/F16FDC11A7662B86BC0B9CE61871CBACF7C20606F95E86260FD38915184B75B4,732,1.78448194858E9
66664561|1|1|0|11|1,1.78445682573E9,66664561,block_result,1,96C786E415C5A6F1E255C7FE4049E78AE729758059185FFAE119610691F9F501,1,0,11,0,1,osmo13k072z6ua8258533glfrrsep4ff6f4j5j3k3pc,3.9024E22,ibc/F16FDC11A7662B86BC0B9CE61871CBACF7C20606F95E86260FD38915184B75B4,732,1.784456834861E9
7406256|1|11|0|9|1,1.671462835102E9,7406256,block_result,1,872A9E3D47DE8701A0F1CC6F2FF18CBDDE2D9768C9DA3C5442688D7E262F1DAF,11,0,9,0,1,osmo1s84q7zy0a0f7dchrpj2fk89gyglkwm2eqrzwxu,1.5884543085775775E18,ibc/F16FDC11A7662B86BC0B9CE61871CBACF7C20606F95E86260FD38915184B75B4,732,1.717494155448421E9
7405533|1|9|0|9|1,1.671458735814E9,7405533,block_result,1,5BC47BC265827D7E0EEF57AC907D6E2FA96437914539D3417783713E6A711936,9,0,9,0,1,osmo1s84q7zy0a0f7dchrpj2fk89gyglkwm2eqrzwxu,5.4E20,ibc/F16FDC11A7662B86BC0B9CE61871CBACF7C20606F95E86260FD38915184B75B4,732,1.717494163252719E9
7405647|1|9|0|9|1,1.671459377906E9,7405647,block_result,1,C4D785AD4ADEE3818DD4EA594B97FC4736A5F0B426800E581029599551CA8FCE,9,0,9,0,1,osmo1s84q7zy0a0f7dchrpj2fk89gyglkwm2eqrzwxu,1.6242822581531905E20,ibc/F16FDC11A7662B86BC0B9CE61871CBACF7C20606F95E86260FD38915184B75B4,732,1.717494166867015E9
7405629|1|4|0|9|1,1.671459273865E9,7405629,block_result,1,9EADA0B58358FCB7F0E093A3E3FC057435399A06C3F880EDFD391278AC62F4D9,4,0,9,0,1,osmo1s84q7zy0a0f7dchrpj2fk89gyglkwm2eqrzwxu,3.2514652428267684E20,ibc/F16FDC11A7662B86BC0B9CE61871CBACF7C20606F95E86260FD38915184B75B4,732,1.717494189431696E9
7410519|1|18|0|9|1,1.671487700294E9,7410519,block_result,1,25DDD78DDB215FE3F8DF6A1E9B62A5387778E0FB76B5363B8ED17CF48493FB78,18,0,9,0,1,osmo1wfwqp447e2kl5hz5nyvzgurrm02tyrfv3cpnxr,4.1919884518848876E18,ibc/F16FDC11A7662B86BC0B9CE61871CBACF7C20606F95E86260FD38915184B75B4,732,1.717494194530625E9
31168368|1|0|0|11|1,1.741550558202E9,31168368,block_result,1,7576C50EC09F46C1F312B364B8E7A06AE35AC4469862C0E4369AD9832743E87D,0,0,11,0,1,osmo1h4lx8cm0vnrrahjjfgsjp79jjnyspy6wgts952,4.0E21,ibc/F16FDC11A7662B86BC0B9CE61871CBACF7C20606F95E86260FD38915184B75B4,732,1.741550588907534E9
31162342|1|11|0|11|1,1.741542964054E9,31162342,block_result,1,8C5F5976E6D826F2A6550AA004279EB5C22C3B8B97339B71EE80491B3FF74BAF,11,0,11,0,1,osmo16aypymlama0lk5s8c9s30s09eacpvwnav7ewjv,7.159531293563431E20,ibc/F16FDC11A7662B86BC0B9CE61871CBACF7C20606F95E86260FD38915184B75B4,732,1.741543028131524E9
31162342|1|11|0|11|2,1.741542964054E9,31162342,block_result,1,8C5F5976E6D826F2A6550AA004279EB5C22C3B8B97339B71EE80491B3FF74BAF,11,0,11,0,2,osmo16aypymlama0lk5s8c9s30s09eacpvwnav7ewjv,5.0E7,uosmo,732,1.741543028131524E9
31165454|1|13|0|11|2,1.741546887622E9,31165454,block_result,1,A99D90A6AAC504584891BF10D982083F5402B53817A031E1774F593C17957280,13,0,11,0,2,osmo19h65cmarqlpaz80ja26jtn4gamuvwla00r0f66,2.43169E8,uosmo,732,1.741546929334815E9
31165454|1|13|0|11|1,1.741546887622E9,31165454,block_result,1,A99D90A6AAC504584891BF10D982083F5402B53817A031E1774F593C17957280,13,0,11,0,1,osmo19h65cmarqlpaz80ja26jtn4gamuvwla00r0f66,3.455982011877861E21,ibc/F16FDC11A7662B86BC0B9CE61871CBACF7C20606F95E86260FD38915184B75B4,732,1.741546929334815E9
31017563|1|3|0|11|1,1.74135925352E9,31017563,block_result,1,465F473C2F9413E26374658EFD952664C4F212235C4A6D4CE2781CBFE42E91FE,3,0,11,0,1,osmo19h65cmarqlpaz80ja26jtn4gamuvwla00r0f66,1.8691099272826769E21,ibc/F16FDC11A7662B86BC0B9CE61871CBACF7C20606F95E86260FD38915184B75B4,732,1.741359305603259E9
31017563|1|3|0|11|2,1.74135925352E9,31017563,block_result,1,465F473C2F9413E26374658EFD952664C4F212235C4A6D4CE2781CBFE42E91FE,3,0,11,0,2,osmo19h65cmarqlpaz80ja26jtn4gamuvwla00r0f66,1.256347E8,uosmo,732,1.741359305603259E9
69147877|1|2|0|11|1,1.787548982182E9,69147877,block_result,1,527A2505D15102D72AEFEF8C64BACE9680A4AC9E6753B5866680497C0D497140,2,0,11,0,1,osmo14m3cefx79r3zk60s8u3y7zslzewrd5q4p2kyq3,3.469476381875501E17,ibc/F16FDC11A7662B86BC0B9CE61871CBACF7C20606F95E86260FD38915184B75B4,732,1.7875489875E9
30684368|1|2|0|11|1,1.740941823793E9,30684368,block_result,1,78386B29459507C2D4AFA5145F007CE09CF65B13ED45230C2550CEDAF744BB19,2,0,11,0,1,osmo16aypymlama0lk5s8c9s30s09eacpvwnav7ewjv,2.465297618719155E21,ibc/F16FDC11A7662B86BC0B9CE61871CBACF7C20606F95E86260FD38915184B75B4,732,1.741351183014546E9
30684368|1|2|0|11|2,1.740941823793E9,30684368,block_result,1,78386B29459507C2D4AFA5145F007CE09CF65B13ED45230C2550CEDAF744BB19,2,0,11,0,2,osmo16aypymlama0lk5s8c9s30s09eacpvwnav7ewjv,1.0E8,uosmo,732,1.741351183014546E9
69324530|1|0|0|11|2,1.787778997093E9,69324530,block_result,1,7604A3D798B3579D06C3347371ED9B84A57830F38255A6AA57C821895D3E683C,0,0,11,0,2,osmo16aypymlama0lk5s8c9s30s09eacpvwnav7ewjv,2.600269789E9,uosmo,732,1.787778999534E9
69324530|1|0|0|11|1,1.787778997093E9,69324530,block_result,1,7604A3D798B3579D06C3347371ED9B84A57830F38255A6AA57C821895D3E683C,0,0,11,0,1,osmo16aypymlama0lk5s8c9s30s09eacpvwnav7ewjv,7.907349409066562E20,ibc/F16FDC11A7662B86BC0B9CE61871CBACF7C20606F95E86260FD38915184B75B4,732,1.787778999534E9
12093125|1|7|0|9|1,1.698473092322E9,12093125,block_result,1,AF4E0888567ACBB53BC1B2768A1F4D1ECC0108378EAC8D2E36695F2CF7BDF9BC,7,0,9,0,1,osmo1qyfled5ulf6wmu2u4smstn8rlzazanmqsgu5pp,2.2E8,uosmo,732,1.717122739921447E9
12100694|1|3|0|9|1,1.698518732456E9,12100694,block_result,1,C4A0BE8C75BF1150381FFD5902E1505742EC78D0A0010A476725B8A8FE46E0BE,3,0,9,0,1,osmo1qyfled5ulf6wmu2u4smstn8rlzazanmqsgu5pp,1.0E8,uosmo,732,1.717189780959096E9
12100700|1|1|0|9|1,1.698518769905E9,12100700,block_result,1,E3AE16A0BD102E8AEB0EF07364BD27C1DC8862C390C65E07058AE6782FDB088A,1,0,9,0,1,osmo1qyfled5ulf6wmu2u4smstn8rlzazanmqsgu5pp,3.0E7,uosmo,732,1.717189774694288E9
63848671|1|0|0|11|1,1.781203215909E9,63848671,block_result,1,D7A93BDF8D4F264E1EF1CFFBAAC11EE6C7AD553C6928AA9C15278554CC33B7C4,0,0,11,0,1,osmo147n6a8pnxw23zyufwc2scmff25u7avsyadzz0g,5.280658851580851E19,ibc/F16FDC11A7662B86BC0B9CE61871CBACF7C20606F95E86260FD38915184B75B4,732,1.781203218216E9
63848671|1|0|0|11|2,1.781203215909E9,63848671,block_result,1,D7A93BDF8D4F264E1EF1CFFBAAC11EE6C7AD553C6928AA9C15278554CC33B7C4,0,0,11,0,2,osmo147n6a8pnxw23zyufwc2scmff25u7avsyadzz0g,3.9307539E7,uosmo,732,1.781203218216E9
8555478|1|3|0|9|1,1.67797281635E9,8555478,block_result,1,D73DC5BCB521699C42108A675E03BC2636FCF2E1C4F7419D51CF6CC7C010828F,3,0,9,0,1,osmo1s84q7zy0a0f7dchrpj2fk89gyglkwm2eqrzwxu,9.645065790806711E17,ibc/F16FDC11A7662B86BC0B9CE61871CBACF7C20606F95E86260FD38915184B75B4,732,1.717463612724452E9
8541133|1|11|0|9|1,1.67789169863E9,8541133,block_result,1,3FD3181845B9FEEF55AD02770D209D1FC8019C0B929CF32511952B84046C9FF3,11,0,9,0,1,osmo1uvnk984yhpw48jfu5srvsrqdt03kkvlcjqx8x5,74255.0,uosmo,732,1.7174656579246E9
7939102|1|2|0|9|1,1.674500933735E9,7939102,block_result,1,644940AAD3EA083AC72318A9EFFB29EE18CE9E908B3EA6BC552279ADCFD8674D,2,0,9,0,1,osmo1s84q7zy0a0f7dchrpj2fk89gyglkwm2eqrzwxu,2.2637116362507727E19,ibc/F16FDC11A7662B86BC0B9CE61871CBACF7C20606F95E86260FD38915184B75B4,732,1.717480436630139E9
7939003|1|11|0|9|1,1.674500365929E9,7939003,block_result,1,B828893BD9052C782D83934B1602E9A63E3F4AE80E327709C0EF9C441C6082FD,11,0,9,0,1,osmo1s84q7zy0a0f7dchrpj2fk89gyglkwm2eqrzwxu,9.074257435866505E19,ibc/F16FDC11A7662B86BC0B9CE61871CBACF7C20606F95E86260FD38915184B75B4,732,1.717480437126299E9
7939021|1|7|0|9|1,1.674500468746E9,7939021,block_result,1,4D9F71F1995B09B5C762C18F227A00B81EB56723FDCF385AF70E2779F0AC5238,7,0,9,0,1,osmo1s84q7zy0a0f7dchrpj2fk89gyglkwm2eqrzwxu,4.531834127035187E19,ibc/F16FDC11A7662B86BC0B9CE61871CBACF7C20606F95E86260FD38915184B75B4,732,1.717480438992844E9
7938919|1|1|0|9|1,1.674499891631E9,7938919,block_result,1,F7C08579B0A2FCE010874272AAAC6FFFAECE4F82CD3AB2E270D9A7AAFD9D81AE,1,0,9,0,1,osmo1s84q7zy0a0f7dchrpj2fk89gyglkwm2eqrzwxu,3.635803947404861E20,ibc/F16FDC11A7662B86BC0B9CE61871CBACF7C20606F95E86260FD38915184B75B4,732,1.71748044206275E9
7938871|1|2|0|9|1,1.674499626559E9,7938871,block_result,1,159C36A6195CBDB4E727DB337F74C0D6BD19B8A4C1B14375C3FFDCA951F49B45,2,0,9,0,1,osmo1s84q7zy0a0f7dchrpj2fk89gyglkwm2eqrzwxu,1.4553581719493565E21,ibc/F16FDC11A7662B86BC0B9CE61871CBACF7C20606F95E86260FD38915184B75B4,732,1.717480444152884E9
7938898|1|7|0|9|1,1.674499772116E9,7938898,block_result,1,DEBBD18E0A0FE83E28DC2A08F7AD37DF91E0CB817AC0CB5CC9C75D16C0D08B0F,7,0,9,0,1,osmo1s84q7zy0a0f7dchrpj2fk89gyglkwm2eqrzwxu,7.275762832569101E20,ibc/F16FDC11A7662B86BC0B9CE61871CBACF7C20606F95E86260FD38915184B75B4,732,1.717480445142328E9
7938995|1|38|0|9|1,1.674500319865E9,7938995,block_result,1,87E216766074EBC19F8D9035CA11DF856A3FD7A7F77E56B08BE1EDA4226B4F17,38,0,9,0,1,osmo1s84q7zy0a0f7dchrpj2fk89gyglkwm2eqrzwxu,1.816473562724638E20,ibc/F16FDC11A7662B86BC0B9CE61871CBACF7C20606F95E86260FD38915184B75B4,732,1.717480486352881E9
7938789|1|27|0|9|1,1.674499155601E9,7938789,block_result,1,C1248C4A7E4BCBA76B6B5974453423B78569FF8C6EA557C931B567AF15370E2D,27,0,9,0,1,osmo1s84q7zy0a0f7dchrpj2fk89gyglkwm2eqrzwxu,9.792077700197684E20,ibc/F16FDC11A7662B86BC0B9CE61871CBACF7C20606F95E86260FD38915184B75B4,732,1.717480623393332E9
7940871|1|0|0|9|1,1.674510906525E9,7940871,block_result,1,4036A910CF2AA6DB8B4C590BAF379E85FF07C13A6EB3B44ACF88E48E17913DA8,0,0,9,0,1,osmo1qksdaex4ws9rdakalcm2yl59uxfcxm5d7cvgma,2.5749453790663214E18,ibc/F16FDC11A7662B86BC0B9CE61871CBACF7C20606F95E86260FD38915184B75B4,732,1.717480706435811E9
7940871|1|0|0|9|2,1.674510906525E9,7940871,block_result,1,4036A910CF2AA6DB8B4C590BAF379E85FF07C13A6EB3B44ACF88E48E17913DA8,0,0,9,0,2,osmo1qksdaex4ws9rdakalcm2yl59uxfcxm5d7cvgma,85956.0,uosmo,732,1.717480706435811E9
7933543|1|1|0|9|1,1.674466034148E9,7933543,block_result,1,65ADF1DD38DF5DFD9E76E59A90EED2DF9E2989BA80D7DD6581603EAF30E1EC47,1,0,9,0,1,osmo16aypymlama0lk5s8c9s30s09eacpvwnav7ewjv,3.001897834508568E20,ibc/F16FDC11A7662B86BC0B9CE61871CBACF7C20606F95E86260FD38915184B75B4,732,1.717481305518559E9
63917969|1|1|0|11|1,1.781282470064E9,63917969,block_result,1,3A16C93E96AC4B336730A0A65635AEA7D4CEA70FF67E11FFC0A64A904A0D6164,1,0,11,0,1,osmo147n6a8pnxw23zyufwc2scmff25u7avsyadzz0g,4.999999999999943E18,ibc/F16FDC11A7662B86BC0B9CE61871CBACF7C20606F95E86260FD38915184B75B4,732,1.781282472965E9
63917969|1|1|0|11|2,1.781282470064E9,63917969,block_result,1,3A16C93E96AC4B336730A0A65635AEA7D4CEA70FF67E11FFC0A64A904A0D6164,1,0,11,0,2,osmo147n6a8pnxw23zyufwc2scmff25u7avsyadzz0g,4583539.0,uosmo,732,1.781282472965E9
13151247|1|30|0|11|1,1.704687072283E9,13151247,block_result,1,410820A586230468746BD335F4BBC2F6E62EF825155A7C2931DBCBEDE2320A98,30,0,11,0,1,osmo16aypymlama0lk5s8c9s30s09eacpvwnav7ewjv,1.5999999999999984E20,ibc/F16FDC11A7662B86BC0B9CE61871CBACF7C20606F95E86260FD38915184B75B4,732,1.717112024149606E9
13151247|1|30|0|11|2,1.704687072283E9,13151247,block_result,1,410820A586230468746BD335F4BBC2F6E62EF825155A7C2931DBCBEDE2320A98,30,0,11,0,2,osmo16aypymlama0lk5s8c9s30s09eacpvwnav7ewjv,9363977.0,uosmo,732,1.717112024149606E9
10241524|1|1|0|9|1,1.687653864162E9,10241524,block_result,1,0A339545A868D2F824CC7A9355232FBE983C39CD79C36D1DF0D5915ADB6AF72F,1,0,9,0,1,osmo17uyvfmejsljqmfgqqzv5y2vqrtaf4nlk87yxdz,2.1370457007754618E21,ibc/F16FDC11A7662B86BC0B9CE61871CBACF7C20606F95E86260FD38915184B75B4,732,1.717427057509552E9
66578494|1|0|0|11|1,1.784356504359E9,66578494,block_result,1,DDD206E67A1E149D93332C28091EA80D1C7E8CFC344D638D7DBF247C33487A4E,0,0,11,0,1,osmo13k072z6ua8258533glfrrsep4ff6f4j5j3k3pc,3.2E22,ibc/F16FDC11A7662B86BC0B9CE61871CBACF7C20606F95E86260FD38915184B75B4,732,1.784356508221E9
66578526|1|0|0|11|1,1.784356545E9,66578526,block_result,1,FF4805B0DEFC721A018A270BEB5064453DB87CF50D6A9591F6CE28DC50BCCEAA,0,0,11,0,1,osmo13k072z6ua8258533glfrrsep4ff6f4j5j3k3pc,2.04E22,ibc/F16FDC11A7662B86BC0B9CE61871CBACF7C20606F95E86260FD38915184B75B4,732,1.784356548488E9
66578587|1|0|0|11|1,1.784356617422E9,66578587,block_result,1,8D1AB7E38553F49B7BAC3C146BBA4B76EB5201487839C1CA0CCDD32BBE153800,0,0,11,0,1,osmo13k072z6ua8258533glfrrsep4ff6f4j5j3k3pc,2.6E22,ibc/F16FDC11A7662B86BC0B9CE61871CBACF7C20606F95E86260FD38915184B75B4,732,1.78435662092E9
66585816|1|1|0|11|1,1.784365129456E9,66585816,block_result,1,831371ED7A341D4E6E1E4C1856D5CACB1408BA6BEF6CBEE58B6C30488906B672,1,0,11,0,1,osmo13k072z6ua8258533glfrrsep4ff6f4j5j3k3pc,3.0E22,ibc/F16FDC11A7662B86BC0B9CE61871CBACF7C20606F95E86260FD38915184B75B4,732,1.784365136223E9
66612830|1|1|0|11|1,1.78439702055E9,66612830,block_result,1,D31FBE7B81696E7209184CF6BD2C80FC4C417BE3251F70CDE4D9FAE3AF350124,1,0,11,0,1,osmo13k072z6ua8258533glfrrsep4ff6f4j5j3k3pc,1.5E22,ibc/F16FDC11A7662B86BC0B9CE61871CBACF7C20606F95E86260FD38915184B75B4,732,1.78439702396E9
66621557|1|0|0|11|1,1.784407109014E9,66621557,block_result,1,1E4C62498203407069EF08F1A137FF643DFD35477523D1BA3F28E0D02456DD6F,0,0,11,0,1,osmo13k072z6ua8258533glfrrsep4ff6f4j5j3k3pc,1.499E22,ibc/F16FDC11A7662B86BC0B9CE61871CBACF7C20606F95E86260FD38915184B75B4,732,1.784407113098E9
11323618|1|3|0|9|1,1.693971915805E9,11323618,block_result,1,27C55522116B1131192D8946F869FC74D9BBE912599BD02853C5D362ADD59184,3,0,9,0,1,osmo1s84q7zy0a0f7dchrpj2fk89gyglkwm2eqrzwxu,1.5399032842155446E19,ibc/F16FDC11A7662B86BC0B9CE61871CBACF7C20606F95E86260FD38915184B75B4,732,1.717171961630169E9
7987424|1|5|0|9|1,1.674774081534E9,7987424,block_result,1,AF47D77D8D8E95BFBDF7BB46DA160A61E2565438879A5727DE6DB933518275DF,5,0,9,0,1,osmo1s84q7zy0a0f7dchrpj2fk89gyglkwm2eqrzwxu,1.063714521700158E19,ibc/F16FDC11A7662B86BC0B9CE61871CBACF7C20606F95E86260FD38915184B75B4,732,1.717479755192457E9
64199059|1|0|0|11|1,1.781605399059E9,64199059,block_result,1,6CB597C46A09260F0725601481088F58B9CE45479712685A37C8688E89A48856,0,0,11,0,1,osmo16aypymlama0lk5s8c9s30s09eacpvwnav7ewjv,1.0E9,uosmo,732,1.781605401295E9
52888021|1|0|0|11|1,1.768441933987E9,52888021,block_result,1,CAE237E89A90C00F72EE1A561637EED9EF6FE696D44276AC57D7D253A3573DB4,0,0,11,0,1,osmo16aypymlama0lk5s8c9s30s09eacpvwnav7ewjv,2.000000027E9,uosmo,732,1.768441936410112E9
52933091|1|0|0|11|1,1.768491309466E9,52933091,block_result,1,9727697EDFC70424DCE76130D16E207E5C2C61D0703D32240EA99D916449E33A,0,0,11,0,1,osmo16aypymlama0lk5s8c9s30s09eacpvwnav7ewjv,1.0E9,uosmo,732,1.768491312017148E9
30763984|1|4|0|11|2,1.741041226715E9,30763984,block_result,1,D904DDE5E962BBABF0371264D2206F595CC6C64879032077A71389ED8BBC5262,4,0,11,0,2,osmo16aypymlama0lk5s8c9s30s09eacpvwnav7ewjv,2.0E8,uosmo,732,1.741339982224571E9
30763984|1|4|0|11|1,1.741041226715E9,30763984,block_result,1,D904DDE5E962BBABF0371264D2206F595CC6C64879032077A71389ED8BBC5262,4,0,11,0,1,osmo16aypymlama0lk5s8c9s30s09eacpvwnav7ewjv,4.827084116658938E21,ibc/F16FDC11A7662B86BC0B9CE61871CBACF7C20606F95E86260FD38915184B75B4,732,1.741339982224571E9
30764408|1|2|0|11|1,1.741041761201E9,30764408,block_result,1,3114E1FCD90B9CFAF83E6B3202CC4B7612268A3C29B7BD7C61CA9E9205A7F61F,2,0,11,0,1,osmo16aypymlama0lk5s8c9s30s09eacpvwnav7ewjv,2.4065930406861446E21,ibc/F16FDC11A7662B86BC0B9CE61871CBACF7C20606F95E86260FD38915184B75B4,732,1.741340014688904E9
30764408|1|2|0|11|2,1.741041761201E9,30764408,block_result,1,3114E1FCD90B9CFAF83E6B3202CC4B7612268A3C29B7BD7C61CA9E9205A7F61F,2,0,11,0,2,osmo16aypymlama0lk5s8c9s30s09eacpvwnav7ewjv,1.0E8,uosmo,732,1.741340014688904E9
30763642|1|2|0|11|1,1.741040794539E9,30763642,block_result,1,5103F55E5AAB5E3E2253E5172A289BC0219A02A83B70DECECE28F310EA16295F,2,0,11,0,1,osmo16aypymlama0lk5s8c9s30s09eacpvwnav7ewjv,2.4135420583294686E21,ibc/F16FDC11A7662B86BC0B9CE61871CBACF7C20606F95E86260FD38915184B75B4,732,1.74134005975841E9
30763642|1|2|0|11|2,1.741040794539E9,30763642,block_result,1,5103F55E5AAB5E3E2253E5172A289BC0219A02A83B70DECECE28F310EA16295F,2,0,11,0,2,osmo16aypymlama0lk5s8c9s30s09eacpvwnav7ewjv,1.0E8,uosmo,732,1.74134005975841E9
30734679|1|4|0|11|1,1.741004307478E9,30734679,block_result,1,EB1E5670442D016DD3C3E15C426E6B2BF2BD85F1CB9BE5FAF73AADEE7D7E67CA,4,0,11,0,1,osmo16aypymlama0lk5s8c9s30s09eacpvwnav7ewjv,4.985896349963366E21,ibc/F16FDC11A7662B86BC0B9CE61871CBACF7C20606F95E86260FD38915184B75B4,732,1.741346252233264E9
30734679|1|4|0|11|2,1.741004307478E9,30734679,block_result,1,EB1E5670442D016DD3C3E15C426E6B2BF2BD85F1CB9BE5FAF73AADEE7D7E67CA,4,0,11,0,2,osmo16aypymlama0lk5s8c9s30s09eacpvwnav7ewjv,2.0E8,uosmo,732,1.741346252233264E9
30802140|1|19|0|11|2,1.741088661528E9,30802140,block_result,1,61852697CD047E289907CA8BF8727E06A5CFAD6998BD785B420D1BD11029FE25,19,0,11,0,2,osmo16aypymlama0lk5s8c9s30s09eacpvwnav7ewjv,2.0E8,uosmo,732,1.741335881791248E9
30802140|1|19|0|11|1,1.741088661528E9,30802140,block_result,1,61852697CD047E289907CA8BF8727E06A5CFAD6998BD785B420D1BD11029FE25,19,0,11,0,1,osmo16aypymlama0lk5s8c9s30s09eacpvwnav7ewjv,6.540248326650788E21,ibc/F16FDC11A7662B86BC0B9CE61871CBACF7C20606F95E86260FD38915184B75B4,732,1.741335881791248E9
30796829|1|4|0|11|1,1.741082103739E9,30796829,block_result,1,A207E87A5A02CDFE795C3487969BD192496DE8B85F754B04E05A3791EBB8F0EF,4,0,11,0,1,osmo16aypymlama0lk5s8c9s30s09eacpvwnav7ewjv,3.294487390187458E21,ibc/F16FDC11A7662B86BC0B9CE61871CBACF7C20606F95E86260FD38915184B75B4,732,1.741336074944075E9
30796829|1|4|0|11|2,1.741082103739E9,30796829,block_result,1,A207E87A5A02CDFE795C3487969BD192496DE8B85F754B04E05A3791EBB8F0EF,4,0,11,0,2,osmo16aypymlama0lk5s8c9s30s09eacpvwnav7ewjv,1.0E8,uosmo,732,1.741336074944075E9
30821603|1|0|0|11|1,1.741113085072E9,30821603,block_result,1,3CF70EBEAF64C7854C4C9933E1171E50A15686505C8F8A98BF70486F91C3CF7E,0,0,11,0,1,osmo1q6mnrdcw6w0s5xy8m4wr9qdgw483y7ndvrv5c7,9.999998400330326E22,ibc/F16FDC11A7662B86BC0B9CE61871CBACF7C20606F95E86260FD38915184B75B4,732,1.741332700322989E9
30821603|1|0|0|11|2,1.741113085072E9,30821603,block_result,1,3CF70EBEAF64C7854C4C9933E1171E50A15686505C8F8A98BF70486F91C3CF7E,0,0,11,0,2,osmo1q6mnrdcw6w0s5xy8m4wr9qdgw483y7ndvrv5c7,3.095952E9,uosmo,732,1.741332700322989E9
30821666|1|1|0|11|1,1.741113161902E9,30821666,block_result,1,16B55BF7B13904216B3B647BD8ABE43F2862A72C16C685617519F96E6C739B10,1,0,11,0,1,osmo1q6mnrdcw6w0s5xy8m4wr9qdgw483y7ndvrv5c7,2.9658E22,ibc/F16FDC11A7662B86BC0B9CE61871CBACF7C20606F95E86260FD38915184B75B4,732,1.741332714353571E9
24188892|1|1|0|11|2,1.731927952879E9,24188892,block_result,1,56089BA572A222FB2B11B8A437FC519CBF4FE8799A538C2CD78DC2FD2B785412,1,0,11,0,2,osmo1mw47fsnfw856k0qlw2hc27me4udtq8kkknqal5,1584698.0,uosmo,732,1.731927955631807E9
24188892|1|1|0|11|1,1.731927952879E9,24188892,block_result,1,56089BA572A222FB2B11B8A437FC519CBF4FE8799A538C2CD78DC2FD2B785412,1,0,11,0,1,osmo1mw47fsnfw856k0qlw2hc27me4udtq8kkknqal5,7.294995930291931E19,ibc/F16FDC11A7662B86BC0B9CE61871CBACF7C20606F95E86260FD38915184B75B4,732,1.731927955631807E9
6951230|1|73|0|9|1,1.668802477908E9,6951230,block_result,1,BB47239F6D3A754C04C1C74897506B47C50253B662683439166EB14BF8ACFC73,73,0,9,0,1,osmo1tg8he6zqlust7alpx5tq5fcmwm237xqg0a2pat,1.099986999999987E19,ibc/F16FDC11A7662B86BC0B9CE61871CBACF7C20606F95E86260FD38915184B75B4,732,1.717503463149726E9
6938968|1|5|0|9|1,1.668729671557E9,6938968,block_result,1,E938451811EE84F92A5BAF69D6FFB647826253D09D7CFD3D38F30C1600CF993A,5,0,9,0,1,osmo15pwqxvf22r750lt3pgfda24trheakx7283mgug,3.558329150259378E19,ibc/F16FDC11A7662B86BC0B9CE61871CBACF7C20606F95E86260FD38915184B75B4,732,1.717503780425801E9
6938968|1|5|0|9|2,1.668729671557E9,6938968,block_result,1,E938451811EE84F92A5BAF69D6FFB647826253D09D7CFD3D38F30C1600CF993A,5,0,9,0,2,osmo15pwqxvf22r750lt3pgfda24trheakx7283mgug,998153.0,uosmo,732,1.717503780425801E9
8504734|1|24|0|9|1,1.67768585925E9,8504734,block_result,1,867EA6B518AA73D35E0BC60D69FE05768BB8A04091FF968BCD4E19AA45C22AAC,24,0,9,0,1,osmo1s84q7zy0a0f7dchrpj2fk89gyglkwm2eqrzwxu,1.0657708183557456E19,ibc/F16FDC11A7662B86BC0B9CE61871CBACF7C20606F95E86260FD38915184B75B4,732,1.717464443437383E9
8505003|1|6|0|9|1,1.677687343807E9,8505003,block_result,1,96DD00891047A66943B35C590018C2EDA7654FB2A3D23E418C9699B59E7D7342,6,0,9,0,1,osmo1s84q7zy0a0f7dchrpj2fk89gyglkwm2eqrzwxu,2.5E19,ibc/F16FDC11A7662B86BC0B9CE61871CBACF7C20606F95E86260FD38915184B75B4,732,1.717466365132684E9
10284495|1|1|0|9|1,1.68790376879E9,10284495,block_result,1,682B87396B22C6C854CF054AB8620C65F2E6DDCF5B2A397401477800DB0C7F69,1,0,9,0,1,osmo17uyvfmejsljqmfgqqzv5y2vqrtaf4nlk87yxdz,5.046684778322202E19,ibc/F16FDC11A7662B86BC0B9CE61871CBACF7C20606F95E86260FD38915184B75B4,732,1.717426164494884E9
28653107|1|7|0|11|1,1.738256623286E9,28653107,block_result,1,C8D99669C358C97C64DAF161BDB5628EF2204C9655F213FF12C2160EB8E1D325,7,0,11,0,1,osmo16aypymlama0lk5s8c9s30s09eacpvwnav7ewjv,4.543083372479244E21,ibc/F16FDC11A7662B86BC0B9CE61871CBACF7C20606F95E86260FD38915184B75B4,732,1.738256626115269E9
28653107|1|7|0|11|2,1.738256623286E9,28653107,block_result,1,C8D99669C358C97C64DAF161BDB5628EF2204C9655F213FF12C2160EB8E1D325,7,0,11,0,2,osmo16aypymlama0lk5s8c9s30s09eacpvwnav7ewjv,6.6658219E7,uosmo,732,1.738256626115269E9
64005064|1|1|0|11|1,1.781382125235E9,64005064,block_result,1,23154F6EEFF0FC5E5811362A81DB4513CFA4FD0B9609CAF540A017E56A41CC94,1,0,11,0,1,osmo196am34ts208f9j0hesjru54masu6z0kgp7z3sk,4.869640729378966E18,ibc/F16FDC11A7662B86BC0B9CE61871CBACF7C20606F95E86260FD38915184B75B4,732,1.781382130883E9
64005064|1|1|0|11|2,1.781382125235E9,64005064,block_result,1,23154F6EEFF0FC5E5811362A81DB4513CFA4FD0B9609CAF540A017E56A41CC94,1,0,11,0,2,osmo196am34ts208f9j0hesjru54masu6z0kgp7z3sk,4200000.0,uosmo,732,1.781382130883E9
64342110|1|2|0|11|1,1.781769754055E9,64342110,block_result,1,ACBC6721649D31F0D892F40BF8292F9D1B133F9C08CA84E5DE3FBDA923C91010,2,0,11,0,1,osmo16aypymlama0lk5s8c9s30s09eacpvwnav7ewjv,1.0E9,uosmo,732,1.781769759618E9
43998793|1|0|0|11|2,1.757705014136E9,43998793,block_result,1,0FCF3A7A0C4FB8242E9F5B0BD9C4B9AE4A5FF4BEC12E2F492105425A14DC1728,0,0,11,0,2,osmo19h65cmarqlpaz80ja26jtn4gamuvwla00r0f66,6503558.0,uosmo,732,1.757705018329458E9
43998793|1|0|0|11|1,1.757705014136E9,43998793,block_result,1,0FCF3A7A0C4FB8242E9F5B0BD9C4B9AE4A5FF4BEC12E2F492105425A14DC1728,0,0,11,0,1,osmo19h65cmarqlpaz80ja26jtn4gamuvwla00r0f66,3.92623928401548E19,ibc/F16FDC11A7662B86BC0B9CE61871CBACF7C20606F95E86260FD38915184B75B4,732,1.757705018329458E9
7894986|1|39|0|9|1,1.67424715737E9,7894986,block_result,1,44A0C7DFD544519495E407136148E77C5E30AA82EABAE4902A9299B5A0C283BC,39,0,9,0,1,osmo1s84q7zy0a0f7dchrpj2fk89gyglkwm2eqrzwxu,1.4025878439535944E18,ibc/F16FDC11A7662B86BC0B9CE61871CBACF7C20606F95E86260FD38915184B75B4,732,1.717482664933218E9
8689045|1|13|0|9|1,1.678733368763E9,8689045,block_result,1,ECA7FB1725D72A879FC041A37B5BCE02CBB83F31928A472B5963D80AD8CF4D3E,13,0,9,0,1,osmo1s84q7zy0a0f7dchrpj2fk89gyglkwm2eqrzwxu,1.5829315464274442E19,ibc/F16FDC11A7662B86BC0B9CE61871CBACF7C20606F95E86260FD38915184B75B4,732,1.717460879114897E9
9009330|1|2|0|9|1,1.680562013322E9,9009330,block_result,1,0AFFE2E65EB04D35B7BDD0E7BB938C204556ABE4DAF000DC826B9AA6CBB2EDB6,2,0,9,0,1,osmo1hfyzequmfdsqx5fs06p2lvhsllz9ym07cpk9ya,2.0375755255073265E21,ibc/F16FDC11A7662B86BC0B9CE61871CBACF7C20606F95E86260FD38915184B75B4,732,1.717452809813859E9
9009373|1|6|0|9|1,1.680562248084E9,9009373,block_result,1,C938A8FD8CFEB1E8A52C4C433625A896D7A8C8558FAE78F8E8510DCE05B0BCDD,6,0,9,0,1,osmo1hfyzequmfdsqx5fs06p2lvhsllz9ym07cpk9ya,2.1706549507998207E20,ibc/F16FDC11A7662B86BC0B9CE61871CBACF7C20606F95E86260FD38915184B75B4,732,1.717452815019825E9
9001955|1|5|0|9|1,1.680519530426E9,9001955,block_result,1,C08F64793E7EC48484CAED54D71F89B78AF6D4334E30D8AB3357F40D47344C6B,5,0,9,0,1,osmo1hfyzequmfdsqx5fs06p2lvhsllz9ym07cpk9ya,3.45335250346011E20,ibc/F16FDC11A7662B86BC0B9CE61871CBACF7C20606F95E86260FD38915184B75B4,732,1.717452901487262E9
9008965|1|11|0|9|1,1.680559921376E9,9008965,block_result,1,2B6DA76FB2A817ED4EFD06AD54977CB8E7C0906D4C473A81BD6454721AD99E49,11,0,9,0,1,osmo1hfyzequmfdsqx5fs06p2lvhsllz9ym07cpk9ya,3.216687132208756E20,ibc/F16FDC11A7662B86BC0B9CE61871CBACF7C20606F95E86260FD38915184B75B4,732,1.717453608969219E9
9008066|1|5|0|9|1,1.680554807465E9,9008066,block_result,1,E83EC9D3D7150E757E6F959C6A95DA2A2222AA3638A18E325486FE464835AF64,5,0,9,0,1,osmo1hfyzequmfdsqx5fs06p2lvhsllz9ym07cpk9ya,4.5510449026031845E19,ibc/F16FDC11A7662B86BC0B9CE61871CBACF7C20606F95E86260FD38915184B75B4,732,1.717453658744611E9
9008390|1|0|0|9|1,1.680556647987E9,9008390,block_result,1,9E7C4FDD5189EC13CE0C07FB846D20FFA0CA2E3E72484937439E8AC00D967233,0,0,9,0,1,osmo1pahj9hrynev0fjsjtdmdg2gnxxp7n6vg6tdlea,4.132252085060925E20,ibc/F16FDC11A7662B86BC0B9CE61871CBACF7C20606F95E86260FD38915184B75B4,732,1.717453679886668E9
8010303|1|4|0|9|1,1.674902112402E9,8010303,block_result,1,69189F9A021306901F5F515606DF372B80741A9011179DEEC53F780FC18C37ED,4,0,9,0,1,osmo1uvnk984yhpw48jfu5srvsrqdt03kkvlcjqx8x5,2686.0,uosmo,732,1.717478642844255E9
8701747|1|19|0|9|1,1.678805751926E9,8701747,block_result,1,96AE5174E1E16CFE8CD80F6FF39DB2622D1CDAC39A43309CA83405193A635432,19,0,9,0,1,osmo1s84q7zy0a0f7dchrpj2fk89gyglkwm2eqrzwxu,6.776746062120409E18,ibc/F16FDC11A7662B86BC0B9CE61871CBACF7C20606F95E86260FD38915184B75B4,732,1.717460343724972E9
8701605|1|17|0|9|1,1.678804939075E9,8701605,block_result,1,775D2741944FC6EC0B88C1AB6283DF2DD92CF69F401EB35CE7597E8C8DFE765E,17,0,9,0,1,osmo1s84q7zy0a0f7dchrpj2fk89gyglkwm2eqrzwxu,2.0E20,ibc/F16FDC11A7662B86BC0B9CE61871CBACF7C20606F95E86260FD38915184B75B4,732,1.717460350357326E9
8704439|1|25|0|9|2,1.678821791775E9,8704439,block_result,1,11340CF073073ABDB089655F9D19D9E0069A21B897965CFE70317F20528BCA13,25,0,9,0,2,osmo18lphzxcwgch88ymjcflpkhef9xh0wtqz9m58wc,8.558052E7,uosmo,732,1.717460761791418E9
8704439|1|25|0|9|1,1.678821791775E9,8704439,block_result,1,11340CF073073ABDB089655F9D19D9E0069A21B897965CFE70317F20528BCA13,25,0,9,0,1,osmo18lphzxcwgch88ymjcflpkhef9xh0wtqz9m58wc,1.4137676939019116E21,ibc/F16FDC11A7662B86BC0B9CE61871CBACF7C20606F95E86260FD38915184B75B4,732,1.717460761791418E9
7514637|1|34|0|9|2,1.672082918045E9,7514637,block_result,1,3E78CA94A3D744BB912139E72C24CB2002610B1A770FF60DDAC7558DDA16C4FB,34,0,9,0,2,osmo19l9wsymdh3mp7munzrlk8rs03ttnu2uaujyktu,16041.0,uosmo,732,1.717492513422918E9
7514637|1|34|0|9|1,1.672082918045E9,7514637,block_result,1,3E78CA94A3D744BB912139E72C24CB2002610B1A770FF60DDAC7558DDA16C4FB,34,0,9,0,1,osmo19l9wsymdh3mp7munzrlk8rs03ttnu2uaujyktu,6.404499999997774E17,ibc/F16FDC11A7662B86BC0B9CE61871CBACF7C20606F95E86260FD38915184B75B4,732,1.717492513422918E9
5671684|1|12|0|9|1,1.661030514328E9,5671684,block_result,1,6996B03E3DEC10D9FD3C1548DC9064419D2AE7352CBA9DC591E55DBE018695A2,12,0,9,0,1,osmo14vekl24gryqtgl6celyjzau9629l5hclc3m9ck,1.100086999999987E19,ibc/F16FDC11A7662B86BC0B9CE61871CBACF7C20606F95E86260FD38915184B75B4,732,1.717546164011712E9
5667720|1|17|0|9|1,1.661005670654E9,5667720,block_result,1,5A65E0EDACEDC18B33AACA7BAA8B61B68625E88CCE3CF5952C37BD1A86290265,17,0,9,0,1,osmo13gfc7vp64lr8kcsyjpafskscuzeat49rtyc2mr,2.999999999999918E18,ibc/F16FDC11A7662B86BC0B9CE61871CBACF7C20606F95E86260FD38915184B75B4,732,1.717546196707893E9
5667720|1|17|0|9|2,1.661005670654E9,5667720,block_result,1,5A65E0EDACEDC18B33AACA7BAA8B61B68625E88CCE3CF5952C37BD1A86290265,17,0,9,0,2,osmo13gfc7vp64lr8kcsyjpafskscuzeat49rtyc2mr,172754.0,uosmo,732,1.717546196707893E9
5667642|1|30|0|9|1,1.661005195237E9,5667642,block_result,1,9881E9FDD5DD20972634DF9B6F4838F086F5260A048716525ABC23B8E990D537,30,0,9,0,1,osmo13gfc7vp64lr8kcsyjpafskscuzeat49rtyc2mr,85240.0,uosmo,732,1.717546208077919E9
5667728|1|1|0|9|1,1.661005717021E9,5667728,block_result,1,EF6DA678ABEFDAD941A780985659F91EB6B1317DBBE1EF7DC30BB01334FACE38,1,0,9,0,1,osmo13gfc7vp64lr8kcsyjpafskscuzeat49rtyc2mr,7.000000000000082E18,ibc/F16FDC11A7662B86BC0B9CE61871CBACF7C20606F95E86260FD38915184B75B4,732,1.717546215911256E9
5669936|1|0|0|9|1,1.661019697114E9,5669936,block_result,1,0E6A5C19F170CB68CFCAF373FC347E2D5E2E42D0A70CE6839806F8387919956A,0,0,9,0,1,osmo134ea3yazv5rfr7ydtdq5czxw0sl4aa2ufrgwyf,4.55390584571884E16,ibc/F16FDC11A7662B86BC0B9CE61871CBACF7C20606F95E86260FD38915184B75B4,732,1.717556567137053E9
67249742|1|0|0|11|1,1.785161412079E9,67249742,block_result,1,E7338ADB9D9B2DE83D40C9998D2FC750A2376B7B03478C433F986C0811776DE6,0,0,11,0,1,osmo16aypymlama0lk5s8c9s30s09eacpvwnav7ewjv,4.2E20,ibc/F16FDC11A7662B86BC0B9CE61871CBACF7C20606F95E86260FD38915184B75B4,732,1.785161414544E9
67249742|1|0|0|11|2,1.785161412079E9,67249742,block_result,1,E7338ADB9D9B2DE83D40C9998D2FC750A2376B7B03478C433F986C0811776DE6,0,0,11,0,2,osmo16aypymlama0lk5s8c9s30s09eacpvwnav7ewjv,1.309876853E9,uosmo,732,1.785161414544E9
7480302|1|23|0|9|1,1.671886433941E9,7480302,block_result,1,EB6FFFF255B652BB05DD62F2FE99ECDCE01C220567DF79CF47921F9D74A30AA3,23,0,9,0,1,osmo1s84q7zy0a0f7dchrpj2fk89gyglkwm2eqrzwxu,5.247482267189633E20,ibc/F16FDC11A7662B86BC0B9CE61871CBACF7C20606F95E86260FD38915184B75B4,732,1.717492971918367E9
7533002|1|8|0|9|1,1.672187192489E9,7533002,block_result,1,BE1FDEBA9F00400A097CA185248C09A580B1C29E47FD288D9A47BE96CE4402DC,8,0,9,0,1,osmo1s84q7zy0a0f7dchrpj2fk89gyglkwm2eqrzwxu,1.012E21,ibc/F16FDC11A7662B86BC0B9CE61871CBACF7C20606F95E86260FD38915184B75B4,732,1.717489029919924E9
6832839|1|72|0|9|1,1.668102241359E9,6832839,block_result,1,BB4681970721FC471D39217585F762D7645DF514384C9FF40333B5F7107E1E1C,72,0,9,0,1,osmo1s84q7zy0a0f7dchrpj2fk89gyglkwm2eqrzwxu,2.6E20,ibc/F16FDC11A7662B86BC0B9CE61871CBACF7C20606F95E86260FD38915184B75B4,732,1.717505056114008E9
7910656|1|6|0|9|1,1.674335911539E9,7910656,block_result,1,90B9F15BDB6EBEF369A59B66AC91AB963783B155D3F4A4FAB6B577CBC02A500F,6,0,9,0,1,osmo1s84q7zy0a0f7dchrpj2fk89gyglkwm2eqrzwxu,1.0318898546139746E19,ibc/F16FDC11A7662B86BC0B9CE61871CBACF7C20606F95E86260FD38915184B75B4,732,1.717482495825339E9
9593723|1|16|0|9|1,1.68389935912E9,9593723,block_result,1,84E62689FF01D7E6C6E55EF474C9DDFCAB9CD693C89B7A4ECC596C86F472A5F3,16,0,9,0,1,osmo16aypymlama0lk5s8c9s30s09eacpvwnav7ewjv,1.627960945902864E21,ibc/F16FDC11A7662B86BC0B9CE61871CBACF7C20606F95E86260FD38915184B75B4,732,1.717439264368071E9
66897616|1|0|0|11|1,1.784738006554E9,66897616,block_result,1,455A83E1B0ABB8888C195829C179CF0B5AC7DAA5A9984CD64386B779930DB9F2,0,0,11,0,1,osmo14m3cefx79r3zk60s8u3y7zslzewrd5q4p2kyq3,979197.0,uosmo,732,1.784738010037E9
12141587|1|1|0|9|1,1.698763447264E9,12141587,block_result,1,B30E8C1364E157862D992F6C1EDEFB1104D2BD020CDB2E25640B484430565E38,1,0,9,0,1,osmo1vdjsxz6phcqmvakmeas6t59cve9638wmasp4ch,1.0E7,uosmo,732,1.717120473921796E9
6861416|1|19|0|9|1,1.668270842155E9,6861416,block_result,1,7904E7376184F012557CE606F2591C7E681C843F709DE38198AB2502F28FD3AB,19,0,9,0,1,osmo1s84q7zy0a0f7dchrpj2fk89gyglkwm2eqrzwxu,1.812722156896263E19,ibc/F16FDC11A7662B86BC0B9CE61871CBACF7C20606F95E86260FD38915184B75B4,732,1.717505269430796E9
23909373|1|3|0|11|1,1.731479236105E9,23909373,block_result,1,CC2E6C9B5DE78D3971E7FE931B00D7B6ACEFC8BF25A910DA36F010D86D7655FC,3,0,11,0,1,osmo1mw47fsnfw856k0qlw2hc27me4udtq8kkknqal5,6.197054676310338E19,ibc/F16FDC11A7662B86BC0B9CE61871CBACF7C20606F95E86260FD38915184B75B4,732,1.731479238880892E9
23909373|1|3|0|11|2,1.731479236105E9,23909373,block_result,1,CC2E6C9B5DE78D3971E7FE931B00D7B6ACEFC8BF25A910DA36F010D86D7655FC,3,0,11,0,2,osmo1mw47fsnfw856k0qlw2hc27me4udtq8kkknqal5,1491951.0,uosmo,732,1.731479238880892E9
32831584|1|8|0|11|1,1.743666257045E9,32831584,block_result,1,60AD17E58D3CA2E2CF1B61A9481A25BBFC820598FB3CE211862C102D671C0102,8,0,11,0,1,osmo16aypymlama0lk5s8c9s30s09eacpvwnav7ewjv,1.1940188979558512E22,ibc/F16FDC11A7662B86BC0B9CE61871CBACF7C20606F95E86260FD38915184B75B4,732,1.743666306714574E9
32831584|1|8|0|11|2,1.743666257045E9,32831584,block_result,1,60AD17E58D3CA2E2CF1B61A9481A25BBFC820598FB3CE211862C102D671C0102,8,0,11,0,2,osmo16aypymlama0lk5s8c9s30s09eacpvwnav7ewjv,5.0E8,uosmo,732,1.743666306714574E9
9022206|1|31|0|9|1,1.680635999865E9,9022206,block_result,1,D68D2343BBD9F6C22CF72B3DFDFDAFDE3F74CF6F6E3202E85C96E3418490D400,31,0,9,0,1,osmo1pahj9hrynev0fjsjtdmdg2gnxxp7n6vg6tdlea,2.974998579234653E20,ibc/F16FDC11A7662B86BC0B9CE61871CBACF7C20606F95E86260FD38915184B75B4,732,1.717453644708433E9
4796565|1|0|0|9|2,1.655578046492E9,4796565,block_result,1,34C82F5C01C6818D029DFBC698697D9387B3635807AD9CA9AECBD0B26B5DF3F8,0,0,9,0,2,osmo1s8elzc7pltmwf3xfcdph44c09dvq7gsjfqf95a,2.5E7,uosmo,732,1.717582649377645E9
4796565|1|0|0|9|1,1.655578046492E9,4796565,block_result,1,34C82F5C01C6818D029DFBC698697D9387B3635807AD9CA9AECBD0B26B5DF3F8,0,0,9,0,1,osmo1s8elzc7pltmwf3xfcdph44c09dvq7gsjfqf95a,4.378316153261754E20,ibc/F16FDC11A7662B86BC0B9CE61871CBACF7C20606F95E86260FD38915184B75B4,732,1.717582649377645E9
4796570|1|5|0|9|1,1.655578077526E9,4796570,block_result,1,16F851A106007239733BE07C8973CAA9C1E69818F795F19C787A0E22145AE1F1,5,0,9,0,1,osmo1s8elzc7pltmwf3xfcdph44c09dvq7gsjfqf95a,6.0E21,ibc/F16FDC11A7662B86BC0B9CE61871CBACF7C20606F95E86260FD38915184B75B4,732,1.717582688727473E9
67407273|1|0|0|11|1,1.785351338848E9,67407273,block_result,1,5FD6F7C167C94514E14C38EB6C1B44ED6B6CA36EFE06640F871E4DF064330FCD,0,0,11,0,1,osmo14jyz5lnr63nqva6xcppf05hnv64e7gwsc27z7q,1.0E10,uosmo,732,1.78535134187E9
5681062|1|4|0|9|1,1.661088211615E9,5681062,block_result,1,900F6C2C12DED31B82C534DFA23F8991C03850E0B2674D1C9D64DFC9899DE889,4,0,9,0,1,osmo1asrupfzjyepcjhafz2fjcz63wtslj4ue6qcwny,4.999997275827555E18,ibc/F16FDC11A7662B86BC0B9CE61871CBACF7C20606F95E86260FD38915184B75B4,732,1.717546178075896E9
5681062|1|4|0|9|2,1.661088211615E9,5681062,block_result,1,900F6C2C12DED31B82C534DFA23F8991C03850E0B2674D1C9D64DFC9899DE889,4,0,9,0,2,osmo1asrupfzjyepcjhafz2fjcz63wtslj4ue6qcwny,286670.0,uosmo,732,1.717546178075896E9
6978999|1|5|0|9|2,1.668969194128E9,6978999,block_result,1,7E7E22A526111A05DB1EEB8F697713C6EE8584243406B621DD7D96AB63710730,5,0,9,0,2,osmo1kkaryts8yf99xjdytec467lgm8zjekx08raqza,233473.0,uosmo,732,1.717502026028145E9
6978999|1|5|0|9|1,1.668969194128E9,6978999,block_result,1,7E7E22A526111A05DB1EEB8F697713C6EE8584243406B621DD7D96AB63710730,5,0,9,0,1,osmo1kkaryts8yf99xjdytec467lgm8zjekx08raqza,1.0499958223724624E19,ibc/F16FDC11A7662B86BC0B9CE61871CBACF7C20606F95E86260FD38915184B75B4,732,1.717502026028145E9
8080105|1|12|0|9|1,1.67529512872E9,8080105,block_result,1,DFBE9D2F15E907C16F1F796B756E2F2F19C00B9E610EC620459A3317FFAE7A5C,12,0,9,0,1,osmo1s84q7zy0a0f7dchrpj2fk89gyglkwm2eqrzwxu,1354573.0,uosmo,732,1.717476845089138E9
8080037|1|9|0|9|1,1.675294762125E9,8080037,block_result,1,C08EAC4DEF1E54401A3FD11AB330317E37DA3E583E8B9EA433AD653714624964,9,0,9,0,1,osmo1s84q7zy0a0f7dchrpj2fk89gyglkwm2eqrzwxu,3.657125326072533E20,ibc/F16FDC11A7662B86BC0B9CE61871CBACF7C20606F95E86260FD38915184B75B4,732,1.717476860177607E9
8079785|1|1|0|9|1,1.675293361567E9,8079785,block_result,1,2B90F9F549C6E0FEEEF6B0CC43B47A2EF44E7FD0710A96C932260BA297047FC0,1,0,9,0,1,osmo1s84q7zy0a0f7dchrpj2fk89gyglkwm2eqrzwxu,6.79E20,ibc/F16FDC11A7662B86BC0B9CE61871CBACF7C20606F95E86260FD38915184B75B4,732,1.717477371405723E9
53311891|1|0|0|11|2,1.768918751372E9,53311891,block_result,1,16A2F13BC2A886767B37D3D25280FDD09705961D155A1F7506BFA3363018E033,0,0,11,0,2,osmo16aypymlama0lk5s8c9s30s09eacpvwnav7ewjv,2.891194E9,uosmo,732,1.76891875390196E9
53311891|1|0|0|11|1,1.768918751372E9,53311891,block_result,1,16A2F13BC2A886767B37D3D25280FDD09705961D155A1F7506BFA3363018E033,0,0,11,0,1,osmo16aypymlama0lk5s8c9s30s09eacpvwnav7ewjv,1.3075519357697053E22,ibc/F16FDC11A7662B86BC0B9CE61871CBACF7C20606F95E86260FD38915184B75B4,732,1.76891875390196E9
5164932|1|3|0|9|2,1.657878383637E9,5164932,block_result,1,C0F13C5532E7D5F82D77E2103F28DB9E9D1B839B986CB7D4AF0BC2BF29EB15D5,3,0,9,0,2,osmo1s8elzc7pltmwf3xfcdph44c09dvq7gsjfqf95a,1.335013E8,uosmo,732,1.717585690647889E9
5164932|1|3|0|9|1,1.657878383637E9,5164932,block_result,1,C0F13C5532E7D5F82D77E2103F28DB9E9D1B839B986CB7D4AF0BC2BF29EB15D5,3,0,9,0,1,osmo1s8elzc7pltmwf3xfcdph44c09dvq7gsjfqf95a,1.7999988667031762E21,ibc/F16FDC11A7662B86BC0B9CE61871CBACF7C20606F95E86260FD38915184B75B4,732,1.717585690647889E9
12613854|1|10|0|9|1,1.701606859399E9,12613854,block_result,1,166C5C53D104B855EE90BFF6F29689B24EA6B544EE782FC1E7FB1CCDD32A786E,10,0,9,0,1,osmo1s84q7zy0a0f7dchrpj2fk89gyglkwm2eqrzwxu,1.1479262645034052E19,ibc/F16FDC11A7662B86BC0B9CE61871CBACF7C20606F95E86260FD38915184B75B4,732,1.717102303894199E9
12485261|1|17|0|9|1,1.700829752463E9,12485261,block_result,1,0B3CE45B759826355D8677B47EE90E281B0DB609D257D225A81A73B541158E57,17,0,9,0,1,osmo1s84q7zy0a0f7dchrpj2fk89gyglkwm2eqrzwxu,570000.0,uosmo,732,1.71710572147178E9
13825044|1|5|0|11|1,1.708071425882E9,13825044,block_result,1,2550540179E7060F0C754726FAA1A84B4B6438DDD8A1A54DBC759387BE5BBF06,5,0,11,0,1,osmo1tw59eezlx5j8kr0grl3jryug44wafvmw8xp5w3,1.6021596300256678E19,ibc/F16FDC11A7662B86BC0B9CE61871CBACF7C20606F95E86260FD38915184B75B4,732,1.717060936069369E9
8992645|1|12|0|9|1,1.680466672952E9,8992645,block_result,1,6B2EA780B174722229ADEA6EBC166E09863F0E2D062985FA9CAD4EA4659A09D6,12,0,9,0,1,osmo1pahj9hrynev0fjsjtdmdg2gnxxp7n6vg6tdlea,3.3E7,uosmo,732,1.717454354143117E9
55448756|1|0|0|11|1,1.771463826452E9,55448756,block_result,1,91A3E8A26F859E22777CD81FA7AC3C073F7936770CF4287A19A917FE709FA89D,0,0,11,0,1,osmo1vjxundl8nxmtj8sxtfltrwqeht3eavlqym0az4,2.81522267396482E21,ibc/F16FDC11A7662B86BC0B9CE61871CBACF7C20606F95E86260FD38915184B75B4,732,1.771463828811E9
8735347|1|1|0|9|1,1.678998919402E9,8735347,block_result,1,3A6BEB1AC6A020BE7CC83C3C629E93EF43CAED0CEBC266D3BB3B779370210258,1,0,9,0,1,osmo1s84q7zy0a0f7dchrpj2fk89gyglkwm2eqrzwxu,6.377997598438126E19,ibc/F16FDC11A7662B86BC0B9CE61871CBACF7C20606F95E86260FD38915184B75B4,732,1.717459367770762E9
8729992|1|20|0|9|1,1.678967144685E9,8729992,block_result,1,B671C68F5AA65E48665D7208DDA90C58CC85F7DBEF706F69EB25E223EFC15499,20,0,9,0,1,osmo1pahj9hrynev0fjsjtdmdg2gnxxp7n6vg6tdlea,7.4E7,uosmo,732,1.717459634588695E9
8735341|1|4|0|9|1,1.678998885606E9,8735341,block_result,1,FE3CE013C92E29AC6D3BB72769DC1DD2899F4B4D99C2D5DEBC1D451783C6D59F,4,0,9,0,1,osmo1s84q7zy0a0f7dchrpj2fk89gyglkwm2eqrzwxu,1.276741820155018E20,ibc/F16FDC11A7662B86BC0B9CE61871CBACF7C20606F95E86260FD38915184B75B4,732,1.717459928876203E9
8735354|1|0|0|9|1,1.678998959187E9,8735354,block_result,1,4647B2D4DE8A8BDF8286E0B9F9C87BE7860A320F764FB52FA6EC46F7A99997E1,0,0,9,0,1,osmo1s84q7zy0a0f7dchrpj2fk89gyglkwm2eqrzwxu,3.175977533906881E19,ibc/F16FDC11A7662B86BC0B9CE61871CBACF7C20606F95E86260FD38915184B75B4,732,1.717459954158694E9
9112592|1|27|0|9|1,1.681152730837E9,9112592,block_result,1,A9E6A3A84CE546385EFC43FB97DE2035A8CBF41066331EDCF0FF37C8F6E6573C,27,0,9,0,1,osmo17uyvfmejsljqmfgqqzv5y2vqrtaf4nlk87yxdz,6.1042301955877044E19,ibc/F16FDC11A7662B86BC0B9CE61871CBACF7C20606F95E86260FD38915184B75B4,732,1.717450494173322E9
9101056|1|9|0|9|1,1.681086651234E9,9101056,block_result,1,A45618D93815AC469F4D9EA662BEAAD20A5D3F52B5E24EFF00CF3B1A5F46BE63,9,0,9,0,1,osmo17uyvfmejsljqmfgqqzv5y2vqrtaf4nlk87yxdz,5.270319933571166E19,ibc/F16FDC11A7662B86BC0B9CE61871CBACF7C20606F95E86260FD38915184B75B4,732,1.717450660597499E9
9101017|1|0|0|9|1,1.681086431223E9,9101017,block_result,1,F7E29C1CE1358AF5F0DFA67CFE1017CAAADDDAE23121F80BD9886629624355A0,0,0,9,0,1,osmo17uyvfmejsljqmfgqqzv5y2vqrtaf4nlk87yxdz,6.4958106942737375E19,ibc/F16FDC11A7662B86BC0B9CE61871CBACF7C20606F95E86260FD38915184B75B4,732,1.717450661213156E9
9102572|1|0|0|9|1,1.681095279918E9,9102572,block_result,1,841F5AD2D67DA176AFAAB3CC9C2514EDC2B189F98CE8AA78038AB53EB39F7564,0,0,9,0,1,osmo17uyvfmejsljqmfgqqzv5y2vqrtaf4nlk87yxdz,4.2566468647341824E20,ibc/F16FDC11A7662B86BC0B9CE61871CBACF7C20606F95E86260FD38915184B75B4,732,1.717451091802131E9
9102361|1|3|0|9|1,1.681094076005E9,9102361,block_result,1,86E34868A590912C59515344D50F55DD5DC0E122691441D62648A1BC28649661,3,0,9,0,1,osmo17uyvfmejsljqmfgqqzv5y2vqrtaf4nlk87yxdz,1.9050794486777266E19,ibc/F16FDC11A7662B86BC0B9CE61871CBACF7C20606F95E86260FD38915184B75B4,732,1.717451107042567E9
9102435|1|10|0|9|1,1.681094497406E9,9102435,block_result,1,2298B284922452E166BA023D897531302B4501DC95B24BDA1293984264E4652D,10,0,9,0,1,osmo17uyvfmejsljqmfgqqzv5y2vqrtaf4nlk87yxdz,3.8059450876598387E20,ibc/F16FDC11A7662B86BC0B9CE61871CBACF7C20606F95E86260FD38915184B75B4,732,1.717451142424851E9
9083819|1|1|0|9|1,1.680988417165E9,9083819,block_result,1,266E9D519B2610F66A55D295DE24311237D7CBD59B238F61D213181B56300AFB,1,0,9,0,1,osmo1s84q7zy0a0f7dchrpj2fk89gyglkwm2eqrzwxu,1.91E20,ibc/F16FDC11A7662B86BC0B9CE61871CBACF7C20606F95E86260FD38915184B75B4,732,1.717451340328638E9
15302910|1|2|0|11|1,1.714356259287E9,15302910,block_result,1,84A43020DEE3420A3618A7405FD9A593C8C914C75BEFD4BD85049ED325DC31AD,2,0,11,0,1,osmo1s84q7zy0a0f7dchrpj2fk89gyglkwm2eqrzwxu,1.786E21,ibc/F16FDC11A7662B86BC0B9CE61871CBACF7C20606F95E86260FD38915184B75B4,732,1.717004508741062E9
5857123|1|17|0|9|2,1.662175030293E9,5857123,block_result,1,73434192122FD18595F9DB4F6A76EFAF52C5720E84510CFC66054C7598E66206,17,0,9,0,2,osmo1m9wr2ey7lh3l7h4grvfty96zfdtjvwz3yen28w,231338.0,uosmo,732,1.717538152620345E9
5857123|1|17|0|9|1,1.662175030293E9,5857123,block_result,1,73434192122FD18595F9DB4F6A76EFAF52C5720E84510CFC66054C7598E66206,17,0,9,0,1,osmo1m9wr2ey7lh3l7h4grvfty96zfdtjvwz3yen28w,3.99999999999979E18,ibc/F16FDC11A7662B86BC0B9CE61871CBACF7C20606F95E86260FD38915184B75B4,732,1.717538152620345E9
8028939|1|22|0|9|2,1.675007010705E9,8028939,block_result,1,3565F79EEC51C48369057D02141433B429FD7A16B075997A0F39B73CECE00F93,22,0,9,0,2,osmo1qksdaex4ws9rdakalcm2yl59uxfcxm5d7cvgma,76811.0,uosmo,732,1.717478199940551E9
8028939|1|22|0|9|1,1.675007010705E9,8028939,block_result,1,3565F79EEC51C48369057D02141433B429FD7A16B075997A0F39B73CECE00F93,22,0,9,0,1,osmo1qksdaex4ws9rdakalcm2yl59uxfcxm5d7cvgma,2.8005366883199744E18,ibc/F16FDC11A7662B86BC0B9CE61871CBACF7C20606F95E86260FD38915184B75B4,732,1.717478199940551E9
5747964|1|27|0|9|1,1.661501179591E9,5747964,block_result,1,C6D7563492F706D1FE20D46C1E5709761FCD6AD5986A7D5023681E88B70D40DC,27,0,9,0,1,osmo103v3wy2qccy47jxvnsnxvj3r2lhxcfavn50n9a,1.1247022355817662E20,ibc/F16FDC11A7662B86BC0B9CE61871CBACF7C20606F95E86260FD38915184B75B4,732,1.717543974696401E9
5747964|1|27|0|9|2,1.661501179591E9,5747964,block_result,1,C6D7563492F706D1FE20D46C1E5709761FCD6AD5986A7D5023681E88B70D40DC,27,0,9,0,2,osmo103v3wy2qccy47jxvnsnxvj3r2lhxcfavn50n9a,6442136.0,uosmo,732,1.717543974696401E9
8533628|1|4|0|9|1,1.677849033064E9,8533628,block_result,1,92F88D1584204CFCAA67B68947D03B6BDE00B3B417C206D7B5A1DC5E298E28F0,4,0,9,0,1,osmo1s84q7zy0a0f7dchrpj2fk89gyglkwm2eqrzwxu,2.4157230419508556E19,ibc/F16FDC11A7662B86BC0B9CE61871CBACF7C20606F95E86260FD38915184B75B4,732,1.717464271186396E9
8533447|1|17|0|9|1,1.677848014891E9,8533447,block_result,1,1F29D09E2DC24CA979328D75283DDC02DC97CA719EE6A07195F793FD10ED31A0,17,0,9,0,1,osmo1s84q7zy0a0f7dchrpj2fk89gyglkwm2eqrzwxu,1.551436904302982E21,ibc/F16FDC11A7662B86BC0B9CE61871CBACF7C20606F95E86260FD38915184B75B4,732,1.71746427373253E9
8533515|1|2|0|9|1,1.677848395481E9,8533515,block_result,1,68CA2AD19422AC59F5366A6EC34347DAC20D8CB8DECE65E22E2F059E783FCA6F,2,0,9,0,1,osmo1s84q7zy0a0f7dchrpj2fk89gyglkwm2eqrzwxu,1.936209411042537E20,ibc/F16FDC11A7662B86BC0B9CE61871CBACF7C20606F95E86260FD38915184B75B4,732,1.717464274707666E9
8533478|1|6|0|9|1,1.677848185757E9,8533478,block_result,1,709B1D1EF5EF745DD36999F74F2A8A79493FB972D7495321CF242FDAD678B797,6,0,9,0,1,osmo1s84q7zy0a0f7dchrpj2fk89gyglkwm2eqrzwxu,7.755670240546575E20,ibc/F16FDC11A7662B86BC0B9CE61871CBACF7C20606F95E86260FD38915184B75B4,732,1.717464276291476E9
8533525|1|12|0|9|1,1.677848454686E9,8533525,block_result,1,E9AC1F5659981C45819E4BDD786CABC87DB04E5F522A3FE33A41520EA749661A,12,0,9,0,1,osmo1s84q7zy0a0f7dchrpj2fk89gyglkwm2eqrzwxu,9.672336994739521E19,ibc/F16FDC11A7662B86BC0B9CE61871CBACF7C20606F95E86260FD38915184B75B4,732,1.717464277332356E9
8533399|1|0|0|9|1,1.677847746787E9,8533399,block_result,1,5D6440804E3926C258D62B13D9BEEABFDA1ACB4FE3A8B40207A5F122A6F3C9CB,0,0,9,0,1,osmo1s84q7zy0a0f7dchrpj2fk89gyglkwm2eqrzwxu,3.0E21,ibc/F16FDC11A7662B86BC0B9CE61871CBACF7C20606F95E86260FD38915184B75B4,732,1.717464277752485E9
8533614|1|11|0|9|1,1.677848965861E9,8533614,block_result,1,5EAF3F6454E3D335E9B72835F67F4669C54835D46DDA247CD72A2055B6277F69,11,0,9,0,1,osmo1s84q7zy0a0f7dchrpj2fk89gyglkwm2eqrzwxu,4.838163175390993E19,ibc/F16FDC11A7662B86BC0B9CE61871CBACF7C20606F95E86260FD38915184B75B4,732,1.717464365312138E9
8533502|1|11|0|9|1,1.677848318284E9,8533502,block_result,1,41DBD86F32D8D941341011C5A94D32770C87BDCCFD7CDC0E2F25EF15C1F288C1,11,0,9,0,1,osmo1s84q7zy0a0f7dchrpj2fk89gyglkwm2eqrzwxu,3.8755161499454394E20,ibc/F16FDC11A7662B86BC0B9CE61871CBACF7C20606F95E86260FD38915184B75B4,732,1.717464366568868E9
8534051|1|1|0|9|1,1.677851429089E9,8534051,block_result,1,80B5EC7AEFB429604AFE53C0B37C47A13BC711B6283B50DB49A01D7B61C9EE69,1,0,9,0,1,osmo1s84q7zy0a0f7dchrpj2fk89gyglkwm2eqrzwxu,1.2610304451373976E19,ibc/F16FDC11A7662B86BC0B9CE61871CBACF7C20606F95E86260FD38915184B75B4,732,1.71746571917122E9
19534140|1|0|0|11|1,1.724029608717E9,19534140,block_result,1,6BA90434C71267F96BB83537639AB0C93E608E5DBB29AA62C28FA69267731303,0,0,11,0,1,osmo1s84q7zy0a0f7dchrpj2fk89gyglkwm2eqrzwxu,6.726086289565825E20,ibc/F16FDC11A7662B86BC0B9CE61871CBACF7C20606F95E86260FD38915184B75B4,732,1.724029611430867E9
9119074|1|2|0|9|1,1.68118939113E9,9119074,block_result,1,FCE28EB3898EC498CFBCEB51190A06300D8581B00DC66DFBF1C305B2DFE0EAFD,2,0,9,0,1,osmo1s84q7zy0a0f7dchrpj2fk89gyglkwm2eqrzwxu,1.811E21,ibc/F16FDC11A7662B86BC0B9CE61871CBACF7C20606F95E86260FD38915184B75B4,732,1.717449853154748E9
7420281|1|3|0|9|1,1.671543505513E9,7420281,block_result,1,CF9CD1E912B67829EFF17827BAE6508781DB538CD662F6DC8987E29B3802F6CD,3,0,9,0,1,osmo1wfwqp447e2kl5hz5nyvzgurrm02tyrfv3cpnxr,2.093902812801457E18,ibc/F16FDC11A7662B86BC0B9CE61871CBACF7C20606F95E86260FD38915184B75B4,732,1.717491222792221E9
16659419|1|0|0|11|2,1.7181669219E9,16659419,block_result,1,30E351A5FDE34B08DDFACF8302F4C608EE22824390F46D8B081E4979C10BCDD0,0,0,11,0,2,osmo16aypymlama0lk5s8c9s30s09eacpvwnav7ewjv,2.67983338E8,uosmo,732,1.718166972601687E9
16659419|1|0|0|11|1,1.7181669219E9,16659419,block_result,1,30E351A5FDE34B08DDFACF8302F4C608EE22824390F46D8B081E4979C10BCDD0,0,0,11,0,1,osmo16aypymlama0lk5s8c9s30s09eacpvwnav7ewjv,1.841698517435872E22,ibc/F16FDC11A7662B86BC0B9CE61871CBACF7C20606F95E86260FD38915184B75B4,732,1.718166972601687E9
30866451|1|1|0|11|2,1.741168485621E9,30866451,block_result,1,1741C4791126BDD261B9133BDDA2B08176BE1A032E571329C47BDA4D51954437,1,0,11,0,2,osmo16aypymlama0lk5s8c9s30s09eacpvwnav7ewjv,8.0E7,uosmo,732,1.741328454751499E9
30866451|1|1|0|11|1,1.741168485621E9,30866451,block_result,1,1741C4791126BDD261B9133BDDA2B08176BE1A032E571329C47BDA4D51954437,1,0,11,0,1,osmo16aypymlama0lk5s8c9s30s09eacpvwnav7ewjv,2.44549381369192E21,ibc/F16FDC11A7662B86BC0B9CE61871CBACF7C20606F95E86260FD38915184B75B4,732,1.741328454751499E9
30873190|1|2|0|11|2,1.741176889445E9,30873190,block_result,1,C7989DCC1CD216AA9C606B4BF9C3BCCFA37C6DE7EE47B4D95210538838703C4A,2,0,11,0,2,osmo16aypymlama0lk5s8c9s30s09eacpvwnav7ewjv,1.0E8,uosmo,732,1.741328223869296E9
30873190|1|2|0|11|1,1.741176889445E9,30873190,block_result,1,C7989DCC1CD216AA9C606B4BF9C3BCCFA37C6DE7EE47B4D95210538838703C4A,2,0,11,0,1,osmo16aypymlama0lk5s8c9s30s09eacpvwnav7ewjv,3.0470229424119533E21,ibc/F16FDC11A7662B86BC0B9CE61871CBACF7C20606F95E86260FD38915184B75B4,732,1.741328223869296E9
27776283|1|1|0|11|1,1.737049614549E9,27776283,block_result,1,2AA58538315356A8FE8BF044C799F69702D9D6F6F435FCB4FD8E829D983D255F,1,0,11,0,1,osmo1qp878w88h7ed8pc5e5redc44ykjsfwz0f3xqd9,1.0E7,uosmo,732,1.737049617120925E9
30420691|1|1|0|11|2,1.740610260674E9,30420691,block_result,1,0972F6692A7E5B2459389E505E8F493DE6C8678F36F21AB837602224AB796757,1,0,11,0,2,osmo16aypymlama0lk5s8c9s30s09eacpvwnav7ewjv,1.0E7,uosmo,732,1.741397267869547E9
30420691|1|1|0|11|1,1.740610260674E9,30420691,block_result,1,0972F6692A7E5B2459389E505E8F493DE6C8678F36F21AB837602224AB796757,1,0,11,0,1,osmo16aypymlama0lk5s8c9s30s09eacpvwnav7ewjv,2.7968213618714096E20,ibc/F16FDC11A7662B86BC0B9CE61871CBACF7C20606F95E86260FD38915184B75B4,732,1.741397267869547E9
30954230|1|0|0|11|1,1.741279081053E9,30954230,block_result,1,D2AE2D77AAF21ADDDF3CFC85E65A122A30410E5CA33B47218287DECBC943FE6B,0,0,11,0,1,osmo16aypymlama0lk5s8c9s30s09eacpvwnav7ewjv,5.0E21,ibc/F16FDC11A7662B86BC0B9CE61871CBACF7C20606F95E86260FD38915184B75B4,732,1.7413177274779E9
30954447|1|1|0|11|2,1.741279354311E9,30954447,block_result,1,C1F5603C0CCF15523E4DBDC6D58ACB1DD91CA93C1E95B7AA0DBA29931E625853,1,0,11,0,2,osmo16aypymlama0lk5s8c9s30s09eacpvwnav7ewjv,1.0E8,uosmo,732,1.741317719871547E9
30954447|1|1|0|11|1,1.741279354311E9,30954447,block_result,1,C1F5603C0CCF15523E4DBDC6D58ACB1DD91CA93C1E95B7AA0DBA29931E625853,1,0,11,0,1,osmo16aypymlama0lk5s8c9s30s09eacpvwnav7ewjv,1.4307532402241506E21,ibc/F16FDC11A7662B86BC0B9CE61871CBACF7C20606F95E86260FD38915184B75B4,732,1.741317719871547E9
30954010|1|3|0|11|1,1.741278806706E9,30954010,block_result,1,055F65A7FA49ADF42D6ECC31B268ADD2994B99C5A7756980046D6C3F0AAFBE6A,3,0,11,0,1,osmo16aypymlama0lk5s8c9s30s09eacpvwnav7ewjv,5.0E21,ibc/F16FDC11A7662B86BC0B9CE61871CBACF7C20606F95E86260FD38915184B75B4,732,1.741317735605836E9
30966380|1|0|0|11|2,1.741294473454E9,30966380,block_result,1,1DADBFAF8147B56821DAF2AD66E08C9991276F75AD537AB9AAACEDA8196D4BFD,0,0,11,0,2,osmo19h65cmarqlpaz80ja26jtn4gamuvwla00r0f66,9.440669E7,uosmo,732,1.741317431128907E9
30966380|1|0|0|11|1,1.741294473454E9,30966380,block_result,1,1DADBFAF8147B56821DAF2AD66E08C9991276F75AD537AB9AAACEDA8196D4BFD,0,0,11,0,1,osmo19h65cmarqlpaz80ja26jtn4gamuvwla00r0f66,1.407389056823615E21,ibc/F16FDC11A7662B86BC0B9CE61871CBACF7C20606F95E86260FD38915184B75B4,732,1.741317431128907E9
10558211|1|1|0|9|1,1.689505219985E9,10558211,block_result,1,516C678982A31514DB12EB41DA6EDD76A85FC81DD5D0C37DFDDAC5138DA5A1E0,1,0,9,0,1,osmo17uyvfmejsljqmfgqqzv5y2vqrtaf4nlk87yxdz,3.2179069429586473E19,ibc/F16FDC11A7662B86BC0B9CE61871CBACF7C20606F95E86260FD38915184B75B4,732,1.717411344935269E9
61336453|1|0|0|11|1,1.778437388392E9,61336453,block_result,1,9184D72DF1FB9D0068CB92E915BE366AFF47096CA88F9C786BA77BF19B3ADA12,0,0,11,0,1,osmo1hgp002gnpvas3jz0xawh8ek39nghjycxqg8t8e,6.348879104474729E19,ibc/F16FDC11A7662B86BC0B9CE61871CBACF7C20606F95E86260FD38915184B75B4,732,1.77843739322E9
61336453|1|0|0|11|2,1.778437388392E9,61336453,block_result,1,9184D72DF1FB9D0068CB92E915BE366AFF47096CA88F9C786BA77BF19B3ADA12,0,0,11,0,2,osmo1hgp002gnpvas3jz0xawh8ek39nghjycxqg8t8e,5.052172E7,uosmo,732,1.77843739322E9
4838262|1|1|0|9|1,1.65583959779E9,4838262,block_result,1,501F5EE9DD8A1A5ABF0460E67BF0FF7F79D7DA972A6EF6A8C1C95FB99B9CE8B2,1,0,9,0,1,osmo1dalqypymz0c0pmcyrkzcn3s873qhjrzhlnqqef,9.999989967324342E18,ibc/F16FDC11A7662B86BC0B9CE61871CBACF7C20606F95E86260FD38915184B75B4,732,1.717599493575267E9
4838262|1|1|0|9|2,1.65583959779E9,4838262,block_result,1,501F5EE9DD8A1A5ABF0460E67BF0FF7F79D7DA972A6EF6A8C1C95FB99B9CE8B2,1,0,9,0,2,osmo1dalqypymz0c0pmcyrkzcn3s873qhjrzhlnqqef,642103.0,uosmo,732,1.717599493575267E9
4838616|1|33|0|9|1,1.655841792428E9,4838616,block_result,1,2397E714119EB23918F2B7E394D4DCFA899EACEB92ED93F105731005EA011789,33,0,9,0,1,osmo1g5urq7wqff2asddv2jwefadhhnsre2sshtx2kg,5.499999932861655E18,ibc/F16FDC11A7662B86BC0B9CE61871CBACF7C20606F95E86260FD38915184B75B4,732,1.71759953271349E9
4838616|1|33|0|9|2,1.655841792428E9,4838616,block_result,1,2397E714119EB23918F2B7E394D4DCFA899EACEB92ED93F105731005EA011789,33,0,9,0,2,osmo1g5urq7wqff2asddv2jwefadhhnsre2sshtx2kg,353157.0,uosmo,732,1.71759953271349E9
51523852|1|0|0|11|1,1.766839856682E9,51523852,block_result,1,5FF1D812910403857E899E5CC0B6DCF3F728180CC9CE647A80CB319B2B8F42CA,0,0,11,0,1,osmo16aypymlama0lk5s8c9s30s09eacpvwnav7ewjv,3.9686958711683736E21,ibc/F16FDC11A7662B86BC0B9CE61871CBACF7C20606F95E86260FD38915184B75B4,732,1.766839859065084E9
51523852|1|0|0|11|2,1.766839856682E9,51523852,block_result,1,5FF1D812910403857E899E5CC0B6DCF3F728180CC9CE647A80CB319B2B8F42CA,0,0,11,0,2,osmo16aypymlama0lk5s8c9s30s09eacpvwnav7ewjv,8.754581E8,uosmo,732,1.766839859065084E9
66768114|1|0|0|11|1,1.784580598341E9,66768114,block_result,1,7886ADED9A706B081D1C16B736245967790FB20CACA0C34C2B2BBE376A42F98F,0,0,11,0,1,osmo1h4lx8cm0vnrrahjjfgsjp79jjnyspy6wgts952,1.3055425276710266E21,ibc/F16FDC11A7662B86BC0B9CE61871CBACF7C20606F95E86260FD38915184B75B4,732,1.784580602686E9
30312667|1|2|0|11|2,1.740470414836E9,30312667,block_result,1,E1A806E148BAD399179041E357FFE15144D58405DE2336429C4643D717291C4F,2,0,11,0,2,osmo16aypymlama0lk5s8c9s30s09eacpvwnav7ewjv,2.17628643E8,uosmo,732,1.741444069106399E9
30312667|1|2|0|11|1,1.740470414836E9,30312667,block_result,1,E1A806E148BAD399179041E357FFE15144D58405DE2336429C4643D717291C4F,2,0,11,0,1,osmo16aypymlama0lk5s8c9s30s09eacpvwnav7ewjv,5.0E21,ibc/F16FDC11A7662B86BC0B9CE61871CBACF7C20606F95E86260FD38915184B75B4,732,1.741444069106399E9
30161269|1|44|0|11|1,1.740270062595E9,30161269,block_result,1,E46E508B73B61F9B193D35946DB32CC0460ED68CA984DDD2AE4AFB68D4CB7259,44,0,11,0,1,osmo16aypymlama0lk5s8c9s30s09eacpvwnav7ewjv,4.999999999999997E20,ibc/F16FDC11A7662B86BC0B9CE61871CBACF7C20606F95E86260FD38915184B75B4,732,1.741472316339031E9
30161269|1|44|0|11|2,1.740270062595E9,30161269,block_result,1,E46E508B73B61F9B193D35946DB32CC0460ED68CA984DDD2AE4AFB68D4CB7259,44,0,11,0,2,osmo16aypymlama0lk5s8c9s30s09eacpvwnav7ewjv,2.0899175E7,uosmo,732,1.741472316339031E9
30161287|1|2|0|11|1,1.740270087718E9,30161287,block_result,1,EA29639E0C0D0E4F72F78535E2797D8B3F70BBC165F1FB38E86CED881AF07331,2,0,11,0,1,osmo16aypymlama0lk5s8c9s30s09eacpvwnav7ewjv,1.0E20,ibc/F16FDC11A7662B86BC0B9CE61871CBACF7C20606F95E86260FD38915184B75B4,732,1.741472314109775E9
30161756|1|2|0|11|1,1.740270691269E9,30161756,block_result,1,D17B6B74D1B130C2FA56AD8F6AA4C8B0CCE2DE2B5C026C1B1C03D0BB7BB206AA,2,0,11,0,1,osmo16aypymlama0lk5s8c9s30s09eacpvwnav7ewjv,5.0E19,ibc/F16FDC11A7662B86BC0B9CE61871CBACF7C20606F95E86260FD38915184B75B4,732,1.74147233241307E9
30161779|1|2|0|11|2,1.740270724063E9,30161779,block_result,1,D8DB6E8AED3AFF42D6DB6EA62F6E6E5EECA726D66B1CC070E349D5BC788A5F34,2,0,11,0,2,osmo16aypymlama0lk5s8c9s30s09eacpvwnav7ewjv,4.2046572E7,uosmo,732,1.741472332522915E9
30161779|1|2|0|11|1,1.740270724063E9,30161779,block_result,1,D8DB6E8AED3AFF42D6DB6EA62F6E6E5EECA726D66B1CC070E349D5BC788A5F34,2,0,11,0,1,osmo16aypymlama0lk5s8c9s30s09eacpvwnav7ewjv,1.0E21,ibc/F16FDC11A7662B86BC0B9CE61871CBACF7C20606F95E86260FD38915184B75B4,732,1.741472332522915E9
30163760|1|1|0|11|2,1.74027329962E9,30163760,block_result,1,70049ACDCAC3986EB278684A1687149A89B0044D34AB7409AFA077BB078B33E6,1,0,11,0,2,osmo16aypymlama0lk5s8c9s30s09eacpvwnav7ewjv,4.2234821E7,uosmo,732,1.741472247601008E9
30163760|1|1|0|11|1,1.74027329962E9,30163760,block_result,1,70049ACDCAC3986EB278684A1687149A89B0044D34AB7409AFA077BB078B33E6,1,0,11,0,1,osmo16aypymlama0lk5s8c9s30s09eacpvwnav7ewjv,9.999999999999999E20,ibc/F16FDC11A7662B86BC0B9CE61871CBACF7C20606F95E86260FD38915184B75B4,732,1.741472247601008E9
30193597|1|2|0|11|1,1.740312024398E9,30193597,block_result,1,E6C9027B2DBBF6554A34A558AB09CD3C2A3921D575395FC725F7794E868E7436,2,0,11,0,1,osmo16aypymlama0lk5s8c9s30s09eacpvwnav7ewjv,9.378827158369086E20,ibc/F16FDC11A7662B86BC0B9CE61871CBACF7C20606F95E86260FD38915184B75B4,732,1.741468998675144E9
30193597|1|2|0|11|2,1.740312024398E9,30193597,block_result,1,E6C9027B2DBBF6554A34A558AB09CD3C2A3921D575395FC725F7794E868E7436,2,0,11,0,2,osmo16aypymlama0lk5s8c9s30s09eacpvwnav7ewjv,4.0E7,uosmo,732,1.741468998675144E9
9853600|1|1|0|9|1,1.685400370532E9,9853600,block_result,1,44A7534BCA7B1FBE19056D6830D9ADD3E993896AC7053FE31BB48A6B5BCB9AC4,1,0,9,0,1,osmo17uyvfmejsljqmfgqqzv5y2vqrtaf4nlk87yxdz,2.983770556767922E20,ibc/F16FDC11A7662B86BC0B9CE61871CBACF7C20606F95E86260FD38915184B75B4,732,1.717432750733326E9
9853419|1|1|0|9|1,1.685399330204E9,9853419,block_result,1,ABD5EF6840C76637F424870424E9CF39C4A93135A247E3CD4C60E41368C9FD03,1,0,9,0,1,osmo17uyvfmejsljqmfgqqzv5y2vqrtaf4nlk87yxdz,2.974772566978449E20,ibc/F16FDC11A7662B86BC0B9CE61871CBACF7C20606F95E86260FD38915184B75B4,732,1.7174327511781E9
9853103|1|6|0|9|1,1.685397523005E9,9853103,block_result,1,6F77A70CA9EF99D3493EBD29B8DDA4EE6BDED3EC1382E10E391EF8B60B6A59DA,6,0,9,0,1,osmo17uyvfmejsljqmfgqqzv5y2vqrtaf4nlk87yxdz,6.025780511764445E20,ibc/F16FDC11A7662B86BC0B9CE61871CBACF7C20606F95E86260FD38915184B75B4,732,1.717433710214948E9
9840253|1|0|0|9|1,1.68532318123E9,9840253,block_result,1,26B968F425FB4034C33EA3D2741BAF9ADA1A2B2A6BD3353A3DE4850892432E3E,0,0,9,0,1,osmo16aypymlama0lk5s8c9s30s09eacpvwnav7ewjv,6.0227367E7,uosmo,732,1.71743390458064E9
12531524|1|1|0|9|1,1.701118128949E9,12531524,block_result,1,7C61FBD3F898570133FD3C25709FFA3FEEA0AA7C2EBDBDE045FE3C67341F2839,1,0,9,0,1,osmo1s84q7zy0a0f7dchrpj2fk89gyglkwm2eqrzwxu,300000.0,uosmo,732,1.717104638950718E9
12531542|1|0|0|9|1,1.701118232487E9,12531542,block_result,1,F9C08F865A13E9BBBF520ADDA0BD5E1E23D4936A47DC0EDD1402380B463ED390,0,0,9,0,1,osmo1s84q7zy0a0f7dchrpj2fk89gyglkwm2eqrzwxu,900000.0,uosmo,732,1.71710463783427E9
6443597|1|1|0|9|2,1.665780078655E9,6443597,block_result,1,F58D9161FA999399840C3585562EC1725470A2499101F5F4127706940CADF34F,1,0,9,0,2,osmo1xpfdf7nfsxygh0gu5ewgaw9gqlf7y2fu4y23u3,7400000.0,uosmo,732,1.717527161164968E9
6443597|1|1|0|9|1,1.665780078655E9,6443597,block_result,1,F58D9161FA999399840C3585562EC1725470A2499101F5F4127706940CADF34F,1,0,9,0,1,osmo1xpfdf7nfsxygh0gu5ewgaw9gqlf7y2fu4y23u3,1.300661261954957E20,ibc/F16FDC11A7662B86BC0B9CE61871CBACF7C20606F95E86260FD38915184B75B4,732,1.717527161164968E9
67316686|1|0|0|11|1,1.785241797911E9,67316686,block_result,1,A74859F975F687011D7A9A0D6022194133C3A3147D70F5405F5012541BABCC9F,0,0,11,0,1,osmo16aypymlama0lk5s8c9s30s09eacpvwnav7ewjv,1.883611766367658E21,ibc/F16FDC11A7662B86BC0B9CE61871CBACF7C20606F95E86260FD38915184B75B4,732,1.785241803113E9
67316686|1|0|0|11|2,1.785241797911E9,67316686,block_result,1,A74859F975F687011D7A9A0D6022194133C3A3147D70F5405F5012541BABCC9F,0,0,11,0,2,osmo16aypymlama0lk5s8c9s30s09eacpvwnav7ewjv,5.798E9,uosmo,732,1.785241803113E9
67342745|1|1|0|11|1,1.785273125005E9,67342745,block_result,1,F94500E5EBA5DEB5A98FB75FF04C35A5F79DB02DB1690E6A3AD95546CC9C966E,1,0,11,0,1,osmo16aypymlama0lk5s8c9s30s09eacpvwnav7ewjv,7.055542881653275E20,ibc/F16FDC11A7662B86BC0B9CE61871CBACF7C20606F95E86260FD38915184B75B4,732,1.785273128472E9
67342745|1|1|0|11|2,1.785273125005E9,67342745,block_result,1,F94500E5EBA5DEB5A98FB75FF04C35A5F79DB02DB1690E6A3AD95546CC9C966E,1,0,11,0,2,osmo16aypymlama0lk5s8c9s30s09eacpvwnav7ewjv,2.17965E9,uosmo,732,1.785273128472E9
21481338|1|2|0|11|1,1.727429583397E9,21481338,block_result,1,0531894913FD05B6FCFC9EDB2A2E23DDD8825C30095315772BE933D08E0FDBCC,2,0,11,0,1,osmo16aypymlama0lk5s8c9s30s09eacpvwnav7ewjv,1.5E7,uosmo,732,1.727429586591005E9
5851695|1|5|0|9|1,1.662141703217E9,5851695,block_result,1,C995E935CDC3DDFC3A4B83B94D70693906B800FED23CCB4FA131D69B581F51DF,5,0,9,0,1,osmo1a58xuwhxq523f4gs9tuep2kl4vyt4gtpawye59,8.999999999999912E18,ibc/F16FDC11A7662B86BC0B9CE61871CBACF7C20606F95E86260FD38915184B75B4,732,1.717544805904919E9
5851695|1|5|0|9|2,1.662141703217E9,5851695,block_result,1,C995E935CDC3DDFC3A4B83B94D70693906B800FED23CCB4FA131D69B581F51DF,5,0,9,0,2,osmo1a58xuwhxq523f4gs9tuep2kl4vyt4gtpawye59,515942.0,uosmo,732,1.717544805904919E9
9218485|1|0|0|9|1,1.681756994339E9,9218485,block_result,1,0DE7CFA4DB98AB09A0E4DC7427EA24E9D1F26B437DF65282CD810F434215D596,0,0,9,0,1,osmo17uyvfmejsljqmfgqqzv5y2vqrtaf4nlk87yxdz,1.5521668754121912E19,ibc/F16FDC11A7662B86BC0B9CE61871CBACF7C20606F95E86260FD38915184B75B4,732,1.717447642643798E9
9218372|1|13|0|9|1,1.68175635165E9,9218372,block_result,1,409CE8FA754846EAA629F8EC1B9E4985AFCB0D1DEEC99E286A5FB7152A7CAC9C,13,0,9,0,1,osmo1s84q7zy0a0f7dchrpj2fk89gyglkwm2eqrzwxu,8.8E20,ibc/F16FDC11A7662B86BC0B9CE61871CBACF7C20606F95E86260FD38915184B75B4,732,1.717447654139821E9
64112797|1|2|0|11|1,1.78150633906E9,64112797,block_result,1,5406013072007ED20BCDAB0E4B510D00B35CDD957F9CD588C5AD0DAD5B48A726,2,0,11,0,1,osmo147n6a8pnxw23zyufwc2scmff25u7avsyadzz0g,1.1958454226236367E19,ibc/F16FDC11A7662B86BC0B9CE61871CBACF7C20606F95E86260FD38915184B75B4,732,1.781506344384E9
64112797|1|2|0|11|2,1.78150633906E9,64112797,block_result,1,5406013072007ED20BCDAB0E4B510D00B35CDD957F9CD588C5AD0DAD5B48A726,2,0,11,0,2,osmo147n6a8pnxw23zyufwc2scmff25u7avsyadzz0g,1.0E7,uosmo,732,1.781506344384E9
42653528|1|1|0|11|1,1.756030537701E9,42653528,block_result,1,65D43022A1FFEE4DABC876AF98C4F0C588C45D34CDB8401FFFA48E1E3581AA0E,1,0,11,0,1,osmo16aypymlama0lk5s8c9s30s09eacpvwnav7ewjv,8.189299655642993E20,ibc/F16FDC11A7662B86BC0B9CE61871CBACF7C20606F95E86260FD38915184B75B4,732,1.756030540330951E9
42653528|1|1|0|11|2,1.756030537701E9,42653528,block_result,1,65D43022A1FFEE4DABC876AF98C4F0C588C45D34CDB8401FFFA48E1E3581AA0E,1,0,11,0,2,osmo16aypymlama0lk5s8c9s30s09eacpvwnav7ewjv,6.070547E7,uosmo,732,1.756030540330951E9
8096489|1|4|0|9|1,1.675387173935E9,8096489,block_result,1,C353656D05CC82FD2B0B98C8783B7ED6F1B71F5960BAAFFEE89AFD23B20E0694,4,0,9,0,1,osmo1s84q7zy0a0f7dchrpj2fk89gyglkwm2eqrzwxu,5.772330380962378E18,ibc/F16FDC11A7662B86BC0B9CE61871CBACF7C20606F95E86260FD38915184B75B4,732,1.717476785923034E9
9157277|1|0|0|9|1,1.681407398688E9,9157277,block_result,1,5529864F4B23ED848BFC1BA815850BA10D5BF075B128F890E3DE4A9753DC0A23,0,0,9,0,1,osmo17uyvfmejsljqmfgqqzv5y2vqrtaf4nlk87yxdz,7.751451739398852E19,ibc/F16FDC11A7662B86BC0B9CE61871CBACF7C20606F95E86260FD38915184B75B4,732,1.717448903464041E9
9149135|1|1|0|9|1,1.681360842154E9,9149135,block_result,1,FD048F4656C10CA447EB6BE0A5E20D49E7FF0309B07949D84D1D908A4792DC3B,1,0,9,0,1,osmo17uyvfmejsljqmfgqqzv5y2vqrtaf4nlk87yxdz,1.6912087307592776E21,ibc/F16FDC11A7662B86BC0B9CE61871CBACF7C20606F95E86260FD38915184B75B4,732,1.717448957483797E9
9146622|1|1|0|9|1,1.68134679282E9,9146622,block_result,1,E6B01A103E34E6838F096A153D4CB240DF0E0B2B6A2A9AE456E1D2679B45776A,1,0,9,0,1,osmo1s84q7zy0a0f7dchrpj2fk89gyglkwm2eqrzwxu,1.55E20,ibc/F16FDC11A7662B86BC0B9CE61871CBACF7C20606F95E86260FD38915184B75B4,732,1.717449021183463E9
9148180|1|1|0|9|1,1.681355507727E9,9148180,block_result,1,B0B3BC12DF0C24164F6D0BA4AB4D1176F48FAD1CB18B65CFDADCE147C2F771DF,1,0,9,0,1,osmo17uyvfmejsljqmfgqqzv5y2vqrtaf4nlk87yxdz,2.171547097627116E18,ibc/F16FDC11A7662B86BC0B9CE61871CBACF7C20606F95E86260FD38915184B75B4,732,1.717450116936714E9
5837521|1|55|0|9|1,1.662054575604E9,5837521,block_result,1,980EF05D9A6E49307FADCD56DC2C18D4637CCCDE245013E2C008EFEE5450A33F,55,0,9,0,1,osmo134ea3yazv5rfr7ydtdq5czxw0sl4aa2ufrgwyf,1000000.0,uosmo,732,1.717538937206852E9
9055754|1|3|0|9|1,1.680828237446E9,9055754,block_result,1,8FFDC45BB16AC03C4A2A290CEA4A0DD7E9C6F5E7901DA6ECB52DE192A45101BA,3,0,9,0,1,osmo1hfyzequmfdsqx5fs06p2lvhsllz9ym07cpk9ya,1.8855340824075184E17,ibc/F16FDC11A7662B86BC0B9CE61871CBACF7C20606F95E86260FD38915184B75B4,732,1.717451667817474E9
16825629|1|1|0|11|2,1.718570134791E9,16825629,block_result,1,A009613740E4A56B09E78BBF1A3450AD5E5711B4258ACD87EB4A20B20FACA9D4,1,0,11,0,2,osmo16aypymlama0lk5s8c9s30s09eacpvwnav7ewjv,6.340403E7,uosmo,732,1.718570168532267E9
16825629|1|1|0|11|1,1.718570134791E9,16825629,block_result,1,A009613740E4A56B09E78BBF1A3450AD5E5711B4258ACD87EB4A20B20FACA9D4,1,0,11,0,1,osmo16aypymlama0lk5s8c9s30s09eacpvwnav7ewjv,4.1440573794270744E21,ibc/F16FDC11A7662B86BC0B9CE61871CBACF7C20606F95E86260FD38915184B75B4,732,1.718570168532267E9
8555768|1|5|0|9|1,1.67797445424E9,8555768,block_result,1,5451D0E6197F9CB883C67CBE5469E778763631B5F4DA2F339A5F3969C8456235,5,0,9,0,1,osmo1s84q7zy0a0f7dchrpj2fk89gyglkwm2eqrzwxu,7.0E19,ibc/F16FDC11A7662B86BC0B9CE61871CBACF7C20606F95E86260FD38915184B75B4,732,1.717463654174353E9
9294789|1|0|0|9|1,1.682192577339E9,9294789,block_result,1,FBB63983A62303D94A36222C5538BA67CC4E0451B8FBD11C2F8419F40B6CE0F6,0,0,9,0,1,osmo1s84q7zy0a0f7dchrpj2fk89gyglkwm2eqrzwxu,2.49E20,ibc/F16FDC11A7662B86BC0B9CE61871CBACF7C20606F95E86260FD38915184B75B4,732,1.717446239614353E9
4784699|1|8|0|9|1,1.655503447059E9,4784699,block_result,1,173FA9191E95E050AF9C25EE8651EA3DAE630398AC4739978F5A731E2D4799E8,8,0,9,0,1,osmo1s8elzc7pltmwf3xfcdph44c09dvq7gsjfqf95a,5.0E21,ibc/F16FDC11A7662B86BC0B9CE61871CBACF7C20606F95E86260FD38915184B75B4,732,1.717600175590252E9
4784709|1|0|0|9|1,1.655503508219E9,4784709,block_result,1,602DE48EEB19B0C77A118728B0699FF9A69CCB8E5B2A6937B0BB77F4BF4E0E81,0,0,9,0,1,osmo1s8elzc7pltmwf3xfcdph44c09dvq7gsjfqf95a,1.0E21,ibc/F16FDC11A7662B86BC0B9CE61871CBACF7C20606F95E86260FD38915184B75B4,732,1.71760018161594E9
4784709|1|0|0|9|2,1.655503508219E9,4784709,block_result,1,602DE48EEB19B0C77A118728B0699FF9A69CCB8E5B2A6937B0BB77F4BF4E0E81,0,0,9,0,2,osmo1s8elzc7pltmwf3xfcdph44c09dvq7gsjfqf95a,5.3168188E7,uosmo,732,1.71760018161594E9
6592523|1|9|0|9|1,1.666670071616E9,6592523,block_result,1,17FA3319BC0E9E9D1F48E22377921091B3485A6D7760F7CA6477A275A4995604,9,0,9,0,1,osmo1qnlxnneluedfg3lusv8r36t5c0s4r2p0dlsn28,1.9999999999999816E19,ibc/F16FDC11A7662B86BC0B9CE61871CBACF7C20606F95E86260FD38915184B75B4,732,1.717522341131556E9
6592523|1|9|0|9|2,1.666670071616E9,6592523,block_result,1,17FA3319BC0E9E9D1F48E22377921091B3485A6D7760F7CA6477A275A4995604,9,0,9,0,2,osmo1qnlxnneluedfg3lusv8r36t5c0s4r2p0dlsn28,843513.0,uosmo,732,1.717522341131556E9
6315908|1|14|0|9|1,1.665012381175E9,6315908,block_result,1,7B897B04B20B16D36D89B698A1136B5CD9E6E04D9047082E6B98136EF36A3029,14,0,9,0,1,osmo1a20c4f5280pwza4649e88hjrq6qlaptxtzt57r,5.331217667983334E18,ibc/F16FDC11A7662B86BC0B9CE61871CBACF7C20606F95E86260FD38915184B75B4,732,1.717521020160834E9
6315908|1|14|0|9|2,1.665012381175E9,6315908,block_result,1,7B897B04B20B16D36D89B698A1136B5CD9E6E04D9047082E6B98136EF36A3029,14,0,9,0,2,osmo1a20c4f5280pwza4649e88hjrq6qlaptxtzt57r,284771.0,uosmo,732,1.717521020160834E9
8598491|1|1|0|9|1,1.67821754776E9,8598491,block_result,1,753C222F488BB5E7B6698BAEEC7922CAE651EB4F832A72E8B199354DDA57F1F1,1,0,9,0,1,osmo1s84q7zy0a0f7dchrpj2fk89gyglkwm2eqrzwxu,2.3704137196025192E19,ibc/F16FDC11A7662B86BC0B9CE61871CBACF7C20606F95E86260FD38915184B75B4,732,1.717462121244033E9
8598469|1|21|0|9|1,1.678217424588E9,8598469,block_result,1,C84C3D3EEBC6CFD2E32CD16C4525966E3AAD6BF9308D0660016D1C55DA966EEA,21,0,9,0,1,osmo1s84q7zy0a0f7dchrpj2fk89gyglkwm2eqrzwxu,9.539721308595213E19,ibc/F16FDC11A7662B86BC0B9CE61871CBACF7C20606F95E86260FD38915184B75B4,732,1.717462122347746E9
8598451|1|12|0|9|1,1.678217313775E9,8598451,block_result,1,9C62C6EF65F4EA0187407409808A124DC11186C39CF10FB4E234DEF45E8448FC,12,0,9,0,1,osmo1s84q7zy0a0f7dchrpj2fk89gyglkwm2eqrzwxu,3.8219171100675965E20,ibc/F16FDC11A7662B86BC0B9CE61871CBACF7C20606F95E86260FD38915184B75B4,732,1.717462124647964E9
8598460|1|17|0|9|1,1.678217369449E9,8598460,block_result,1,7B85DD4D090A4AD1A0AB9A769A10E611416B9DD26988DF6FF24C4ECBA8747C11,17,0,9,0,1,osmo1s84q7zy0a0f7dchrpj2fk89gyglkwm2eqrzwxu,1.9095854047123813E20,ibc/F16FDC11A7662B86BC0B9CE61871CBACF7C20606F95E86260FD38915184B75B4,732,1.717462154644226E9
8598479|1|6|0|9|1,1.678217482939E9,8598479,block_result,1,B85CCFE300B931AC1AB05E0FFFD3AC48F88A4DD0AFFAA10188A19BE9962F7028,6,0,9,0,1,osmo1s84q7zy0a0f7dchrpj2fk89gyglkwm2eqrzwxu,4.765425723152907E19,ibc/F16FDC11A7662B86BC0B9CE61871CBACF7C20606F95E86260FD38915184B75B4,732,1.717462163329963E9
8598363|1|3|0|9|1,1.678216805192E9,8598363,block_result,1,3DBA4D6DBE7E19AF01CDFDA04DFE77C0A55387FC04D320C56861551FB8CF0AA1,3,0,9,0,1,osmo1s84q7zy0a0f7dchrpj2fk89gyglkwm2eqrzwxu,4.91E20,ibc/F16FDC11A7662B86BC0B9CE61871CBACF7C20606F95E86260FD38915184B75B4,732,1.717462166288883E9
8597496|1|20|0|9|1,1.678211889242E9,8597496,block_result,1,BCA9CEBE2571BF6916951DE38010B08184D49BBF79D0FF8BB2B71208A2CB6185,20,0,9,0,1,osmo1s84q7zy0a0f7dchrpj2fk89gyglkwm2eqrzwxu,2.378207184829076E19,ibc/F16FDC11A7662B86BC0B9CE61871CBACF7C20606F95E86260FD38915184B75B4,732,1.717463242879666E9
8597374|1|2|0|9|1,1.678211177037E9,8597374,block_result,1,87BDF163095CB047D157D99FC998D4C8985B9D5F010DDACFBBE46D3BB0DCF2B5,2,0,9,0,1,osmo1s84q7zy0a0f7dchrpj2fk89gyglkwm2eqrzwxu,2.2E20,ibc/F16FDC11A7662B86BC0B9CE61871CBACF7C20606F95E86260FD38915184B75B4,732,1.717463259440581E9
8591509|1|5|0|9|1,1.678177483175E9,8591509,block_result,1,2BDE8E7D4A1B78D0A2C02197A6D82F18FCE07ED261DE0978E2C6F74969840C20,5,0,9,0,1,osmo1pahj9hrynev0fjsjtdmdg2gnxxp7n6vg6tdlea,2000000.0,uosmo,732,1.717463265655681E9
8591602|1|0|0|9|1,1.678178020549E9,8591602,block_result,1,5C1A9BDB30BA8DE89A1A92CF0655A788BDDB76980C8B525B92F8A020D6A213D4,0,0,9,0,1,osmo1pahj9hrynev0fjsjtdmdg2gnxxp7n6vg6tdlea,2500000.0,uosmo,732,1.717463266044924E9
8591532|1|1|0|9|1,1.678177623896E9,8591532,block_result,1,64D5BF336832475E312D4CF30728CDB0BBE758D8651D6F4E725DE1A479113C93,1,0,9,0,1,osmo1pahj9hrynev0fjsjtdmdg2gnxxp7n6vg6tdlea,3800000.0,uosmo,732,1.717463267836309E9
8590489|1|2|0|9|1,1.678171725022E9,8590489,block_result,1,FB9E24864DDC493FFA296273615048157697B11110F9B595596DE09F3426E4E8,2,0,9,0,1,osmo12960s7qmmxcewmtyh5gf95dlg3yl7vh22xq9kx,4.944E9,uosmo,732,1.717463271121188E9
8590467|1|8|0|9|1,1.678171603265E9,8590467,block_result,1,1CF412E799898ABDE371E3E9B5F4B78EAA3F25D5D1F5BB37DD259289FD86119A,8,0,9,0,1,osmo12960s7qmmxcewmtyh5gf95dlg3yl7vh22xq9kx,3.9471E22,ibc/F16FDC11A7662B86BC0B9CE61871CBACF7C20606F95E86260FD38915184B75B4,732,1.717463272141928E9
8590450|1|1|0|9|1,1.678171501287E9,8590450,block_result,1,F4642E5456C5D1B9031CBB110D3BD9FAD6A9441B68250B73BA9A3A11634E021E,1,0,9,0,1,osmo12960s7qmmxcewmtyh5gf95dlg3yl7vh22xq9kx,1.38E23,ibc/F16FDC11A7662B86BC0B9CE61871CBACF7C20606F95E86260FD38915184B75B4,732,1.717463273461514E9
8590460|1|5|0|9|1,1.678171555882E9,8590460,block_result,1,BB89F58E60328ACE9310F1285E0495F4ED7DF83037BAA20DDB10AC1269320F04,5,0,9,0,1,osmo12960s7qmmxcewmtyh5gf95dlg3yl7vh22xq9kx,7.5665E22,ibc/F16FDC11A7662B86BC0B9CE61871CBACF7C20606F95E86260FD38915184B75B4,732,1.717463273589802E9
8590379|1|0|0|9|1,1.678171108587E9,8590379,block_result,1,2A1D7A33815510147D5AD3FBA4ED42934DBF081858E8090106A3A636F3BB04FD,0,0,9,0,1,osmo12960s7qmmxcewmtyh5gf95dlg3yl7vh22xq9kx,2.565E9,uosmo,732,1.717463273801544E9
8590386|1|1|0|9|1,1.678171155891E9,8590386,block_result,1,3E70245B0EFF2CF3E56262A95AA804681D6E9A732EDA8B0C6529FFBB8A1C4E38,1,0,9,0,1,osmo12960s7qmmxcewmtyh5gf95dlg3yl7vh22xq9kx,1.327E9,uosmo,732,1.717463312655195E9
8590371|1|2|0|9|1,1.67817105992E9,8590371,block_result,1,3EA6D3BC3E7971DB8741A01C00532B4D42D3BD0BD3FDDBAD2B873823530E1935,2,0,9,0,1,osmo12960s7qmmxcewmtyh5gf95dlg3yl7vh22xq9kx,3.0E9,uosmo,732,1.717463457102838E9
7123689|1|18|0|9|1,1.669819639707E9,7123689,block_result,1,C2C271A8EF957EB89AA588745474950DA9A0041879888594A4D5864CE873FFB8,18,0,9,0,1,osmo1s84q7zy0a0f7dchrpj2fk89gyglkwm2eqrzwxu,9.445155333584781E19,ibc/F16FDC11A7662B86BC0B9CE61871CBACF7C20606F95E86260FD38915184B75B4,732,1.717506488339674E9
7011235|1|21|0|9|1,1.669159506264E9,7011235,block_result,1,E88087003ED781AABBB9147E9D30DA43EF0CC7256AB0207DD55D1416CB58F23D,21,0,9,0,1,osmo1s84q7zy0a0f7dchrpj2fk89gyglkwm2eqrzwxu,2.9126408987339633E19,ibc/F16FDC11A7662B86BC0B9CE61871CBACF7C20606F95E86260FD38915184B75B4,732,1.717502221584915E9
7008590|1|57|0|9|1,1.669143977964E9,7008590,block_result,1,F73B6727B53BCE7372FB4B2F8BCB20228181CDC3151C9D8194EE7F22D3F778CA,57,0,9,0,1,osmo1s84q7zy0a0f7dchrpj2fk89gyglkwm2eqrzwxu,5.536705865900938E19,ibc/F16FDC11A7662B86BC0B9CE61871CBACF7C20606F95E86260FD38915184B75B4,732,1.717502380969532E9
7008401|1|8|0|9|1,1.669142864974E9,7008401,block_result,1,3F4954F46669B2FB04CE8519D4FE7E31536D0D57E5C1EEF3FF886DDDBB507E89,8,0,9,0,1,osmo1s84q7zy0a0f7dchrpj2fk89gyglkwm2eqrzwxu,2.4727953379717946E20,ibc/F16FDC11A7662B86BC0B9CE61871CBACF7C20606F95E86260FD38915184B75B4,732,1.717502411198671E9
7008261|1|24|0|9|1,1.669142057861E9,7008261,block_result,1,0B3C5B8F61C6386D1525DA36EAF1A08DD1784D54D801ABF231684D58C3DCD0B0,24,0,9,0,1,osmo1s84q7zy0a0f7dchrpj2fk89gyglkwm2eqrzwxu,6.66E20,ibc/F16FDC11A7662B86BC0B9CE61871CBACF7C20606F95E86260FD38915184B75B4,732,1.717510379330249E9
6541825|1|12|0|9|1,1.666365627901E9,6541825,block_result,1,820210C5C0A44E779776E9690D13728FE1E1D8B5C2C61FDBCB3BDE0CD298AE85,12,0,9,0,1,osmo1s84q7zy0a0f7dchrpj2fk89gyglkwm2eqrzwxu,1.13E20,ibc/F16FDC11A7662B86BC0B9CE61871CBACF7C20606F95E86260FD38915184B75B4,732,1.717513620969797E9
51086857|1|1|0|11|2,1.766322998622E9,51086857,block_result,1,A0736E8FAEDDE8A7F099BB20FFC2005C1BD5F1C22607D81968E520B384987D7B,1,0,11,0,2,osmo16aypymlama0lk5s8c9s30s09eacpvwnav7ewjv,2.880783E8,uosmo,732,1.766323001083737E9
51086857|1|1|0|11|1,1.766322998622E9,51086857,block_result,1,A0736E8FAEDDE8A7F099BB20FFC2005C1BD5F1C22607D81968E520B384987D7B,1,0,11,0,1,osmo16aypymlama0lk5s8c9s30s09eacpvwnav7ewjv,1.348703474945307E21,ibc/F16FDC11A7662B86BC0B9CE61871CBACF7C20606F95E86260FD38915184B75B4,732,1.766323001083737E9
9885225|1|1|0|9|2,1.685582783318E9,9885225,block_result,1,74D9B0B0690EDDB4F3C59DB6A4DFAB63E4158A1D696643EE486D7F56B250DEEF,1,0,9,0,2,osmo16aypymlama0lk5s8c9s30s09eacpvwnav7ewjv,7.390865E7,uosmo,732,1.717431291944373E9
9885225|1|1|0|9|1,1.685582783318E9,9885225,block_result,1,74D9B0B0690EDDB4F3C59DB6A4DFAB63E4158A1D696643EE486D7F56B250DEEF,1,0,9,0,1,osmo16aypymlama0lk5s8c9s30s09eacpvwnav7ewjv,2.9845444177621586E21,ibc/F16FDC11A7662B86BC0B9CE61871CBACF7C20606F95E86260FD38915184B75B4,732,1.717431291944373E9
9896478|1|0|0|9|1,1.685647661196E9,9896478,block_result,1,F83428DB9F80DE9639F72DE6A38BFF1EC188CEC02FF5231826B2C137CF2E9649,0,0,9,0,1,osmo17uyvfmejsljqmfgqqzv5y2vqrtaf4nlk87yxdz,1.3655877048573803E20,ibc/F16FDC11A7662B86BC0B9CE61871CBACF7C20606F95E86260FD38915184B75B4,732,1.717431231476513E9
6924125|1|34|0|9|1,1.668641941555E9,6924125,block_result,1,1B8C4D9CE918BDB290497D293EBFF60C0750AD7F1CB25C904E0EF9ED76A62E2F,34,0,9,0,1,osmo15pwqxvf22r750lt3pgfda24trheakx7283mgug,3.5637507103380517E19,ibc/F16FDC11A7662B86BC0B9CE61871CBACF7C20606F95E86260FD38915184B75B4,732,1.717504060008382E9
6924125|1|34|0|9|2,1.668641941555E9,6924125,block_result,1,1B8C4D9CE918BDB290497D293EBFF60C0750AD7F1CB25C904E0EF9ED76A62E2F,34,0,9,0,2,osmo15pwqxvf22r750lt3pgfda24trheakx7283mgug,998077.0,uosmo,732,1.717504060008382E9
6924023|1|4|0|9|1,1.668641335163E9,6924023,block_result,1,76514FADF137AF610CD9E8B40805147F86F1784F17068E47B8663738932C8A07,4,0,9,0,1,osmo15pwqxvf22r750lt3pgfda24trheakx7283mgug,3.564295599309878E19,ibc/F16FDC11A7662B86BC0B9CE61871CBACF7C20606F95E86260FD38915184B75B4,732,1.717504101824688E9
6924023|1|4|0|9|2,1.668641335163E9,6924023,block_result,1,76514FADF137AF610CD9E8B40805147F86F1784F17068E47B8663738932C8A07,4,0,9,0,2,osmo15pwqxvf22r750lt3pgfda24trheakx7283mgug,998076.0,uosmo,732,1.717504101824688E9
9236153|1|0|0|9|1,1.681857330949E9,9236153,block_result,1,D7081853B98A07F5FD131840E752523993DCC55B7A60DB08FF614041BB496527,0,0,9,0,1,osmo17uyvfmejsljqmfgqqzv5y2vqrtaf4nlk87yxdz,4.268247614787524E20,ibc/F16FDC11A7662B86BC0B9CE61871CBACF7C20606F95E86260FD38915184B75B4,732,1.717447132356299E9
9233290|1|2|0|9|1,1.681841106688E9,9233290,block_result,1,2363D924FC5AD2E6B07BFC29989282B033582BA4A76F06ABBAED60E588DE619D,2,0,9,0,1,osmo17uyvfmejsljqmfgqqzv5y2vqrtaf4nlk87yxdz,4.973745673781087E19,ibc/F16FDC11A7662B86BC0B9CE61871CBACF7C20606F95E86260FD38915184B75B4,732,1.717447149562603E9
9233442|1|10|0|9|1,1.681841971838E9,9233442,block_result,1,3BAD789A875170A6DA37463254A54BA5B97FBC73B88E8B9E1533A661ADF777D8,10,0,9,0,1,osmo1s84q7zy0a0f7dchrpj2fk89gyglkwm2eqrzwxu,8.8E19,ibc/F16FDC11A7662B86BC0B9CE61871CBACF7C20606F95E86260FD38915184B75B4,732,1.717447172484031E9
14375135|1|19|0|11|1,1.710797735967E9,14375135,block_result,1,E2770FC34C426D8C99CE589FC5AD9C5E139EEFC5080880C85E662D890CC52919,19,0,11,0,1,osmo16aypymlama0lk5s8c9s30s09eacpvwnav7ewjv,2.429293482809419E21,ibc/F16FDC11A7662B86BC0B9CE61871CBACF7C20606F95E86260FD38915184B75B4,732,1.717034041979253E9
67789591|1|0|0|11|1,1.78582210643E9,67789591,block_result,1,3B5535F68F360258A1470BB74301A2FCDB47E992967281E01FD02078127CDE67,0,0,11,0,1,osmo1h3gmr3d27mq7tnaes0355fc5q6fjwhczzmydcs,675000.0,uosmo,732,1.785822109155E9
67828582|1|0|0|11|2,1.785870172843E9,67828582,block_result,1,104CE6D78A9AF506553300FB4E9C7F07829B314977BF1F50A43648562526F6AE,0,0,11,0,2,osmo1h3gmr3d27mq7tnaes0355fc5q6fjwhczzmydcs,726011.0,uosmo,732,1.785870175988E9
67828582|1|0|0|11|1,1.785870172843E9,67828582,block_result,1,104CE6D78A9AF506553300FB4E9C7F07829B314977BF1F50A43648562526F6AE,0,0,11,0,1,osmo1h3gmr3d27mq7tnaes0355fc5q6fjwhczzmydcs,1.7836836642004E17,ibc/F16FDC11A7662B86BC0B9CE61871CBACF7C20606F95E86260FD38915184B75B4,732,1.785870175988E9
67833135|1|0|0|11|2,1.785875776313E9,67833135,block_result,1,C379BDB40AAF855D736B0BACFD9B1E6834DF9C92430F136364F9C831BD532E4E,0,0,11,0,2,osmo16aypymlama0lk5s8c9s30s09eacpvwnav7ewjv,2.035145062E9,uosmo,732,1.785875778682E9
67833135|1|0|0|11|1,1.785875776313E9,67833135,block_result,1,C379BDB40AAF855D736B0BACFD9B1E6834DF9C92430F136364F9C831BD532E4E,0,0,11,0,1,osmo16aypymlama0lk5s8c9s30s09eacpvwnav7ewjv,5.0E20,ibc/F16FDC11A7662B86BC0B9CE61871CBACF7C20606F95E86260FD38915184B75B4,732,1.785875778682E9
5349857|1|10|0|9|1,1.659030560899E9,5349857,block_result,1,2FDF8FB3AEB51E170E8093320E07E9D05DE430E57AE78CF7BC35CC4F817ED8EE,10,0,9,0,1,osmo18lphzxcwgch88ymjcflpkhef9xh0wtqz9m58wc,1.33458692E8,uosmo,732,1.717571930710489E9
62436551|1|89|0|11|1,1.77965635698E9,62436551,block_result,1,0B5EC9DFDFF4909D5355771C1022B202B3BA5F53EC22343B548CEE772F0034FB,89,0,11,0,1,osmo1tyq3v8raeuw2d94klv2uct6nrgr62g5p9wx75j,2.5101807635751727E19,ibc/F16FDC11A7662B86BC0B9CE61871CBACF7C20606F95E86260FD38915184B75B4,732,1.77965636175E9
56364748|1|1|0|11|2,1.772583473613E9,56364748,block_result,1,6413AEF09AE93CAFC4188E8BE835E4DB55DC3747EA657C697CDCCA1021C2C1E8,1,0,11,0,2,osmo16aypymlama0lk5s8c9s30s09eacpvwnav7ewjv,1.002561E9,uosmo,732,1.772583477512E9
56364748|1|1|0|11|1,1.772583473613E9,56364748,block_result,1,6413AEF09AE93CAFC4188E8BE835E4DB55DC3747EA657C697CDCCA1021C2C1E8,1,0,11,0,1,osmo16aypymlama0lk5s8c9s30s09eacpvwnav7ewjv,2.4484141977678E21,ibc/F16FDC11A7662B86BC0B9CE61871CBACF7C20606F95E86260FD38915184B75B4,732,1.772583477512E9
7623638|1|11|0|9|1,1.672702917469E9,7623638,block_result,1,9C8F769744DF3886CC4AE07D9BA9FFB457CA4F39056EEDD2DE7F8BAB547A612A,11,0,9,0,1,osmo1s84q7zy0a0f7dchrpj2fk89gyglkwm2eqrzwxu,7.767593306091452E20,ibc/F16FDC11A7662B86BC0B9CE61871CBACF7C20606F95E86260FD38915184B75B4,732,1.717487658868509E9
7623649|1|1|0|9|1,1.672702980526E9,7623649,block_result,1,DEE2A1A951E7E5B7000C631CE3B1E73D60E698A6DF5B91ABAB4330713CF4D349,1,0,9,0,1,osmo1s84q7zy0a0f7dchrpj2fk89gyglkwm2eqrzwxu,3.88119678445707E20,ibc/F16FDC11A7662B86BC0B9CE61871CBACF7C20606F95E86260FD38915184B75B4,732,1.717487663674842E9
7623807|1|5|0|9|1,1.672703864123E9,7623807,block_result,1,28B6E55FFB025E3EDA8B724352D0260686FFE8C4C47960DBFC44D85FD54EBBEC,5,0,9,0,1,osmo1s84q7zy0a0f7dchrpj2fk89gyglkwm2eqrzwxu,1.9402451344279057E20,ibc/F16FDC11A7662B86BC0B9CE61871CBACF7C20606F95E86260FD38915184B75B4,732,1.717487671897669E9
7623613|1|0|0|9|1,1.672702777257E9,7623613,block_result,1,D2F90E6E3731B8948B26255A7CD565F41096F5B93CBF976B4D05CF99C87274F0,0,0,9,0,1,osmo1s84q7zy0a0f7dchrpj2fk89gyglkwm2eqrzwxu,1.5539640593373536E21,ibc/F16FDC11A7662B86BC0B9CE61871CBACF7C20606F95E86260FD38915184B75B4,732,1.717487733230472E9
7618946|1|2|0|9|1,1.672675853652E9,7618946,block_result,1,69808C0B0FC0CEE9DF3BBB16CE048ABB65A44AAA58F9973214AB6CF3ECFC4801,2,0,9,0,1,osmo1s84q7zy0a0f7dchrpj2fk89gyglkwm2eqrzwxu,4.6049978650051415E18,ibc/F16FDC11A7662B86BC0B9CE61871CBACF7C20606F95E86260FD38915184B75B4,732,1.717487745766065E9
7622933|1|3|0|9|1,1.672698932307E9,7622933,block_result,1,32B560E984A7BCF7BECC37099D294C91249739DDD07C47D691C2B931663117DF,3,0,9,0,1,osmo1s84q7zy0a0f7dchrpj2fk89gyglkwm2eqrzwxu,1.22E21,ibc/F16FDC11A7662B86BC0B9CE61871CBACF7C20606F95E86260FD38915184B75B4,732,1.717490997861723E9
32065861|1|2|0|11|1,1.742692112555E9,32065861,block_result,1,9969AB8D7EEB424E941ED08AE35F4ECA336D95DB9D4984A2A72DE302C865F01C,2,0,11,0,1,osmo16aypymlama0lk5s8c9s30s09eacpvwnav7ewjv,3.0E21,ibc/F16FDC11A7662B86BC0B9CE61871CBACF7C20606F95E86260FD38915184B75B4,732,1.742692143840091E9
45361613|1|1|0|11|1,1.759396419366E9,45361613,block_result,1,6AAD9856F6BF4BBB22271F2A4B82309CB65CD6E3021050582F5B2290016B7C18,1,0,11,0,1,osmo19h65cmarqlpaz80ja26jtn4gamuvwla00r0f66,1.4020667967775356E20,ibc/F16FDC11A7662B86BC0B9CE61871CBACF7C20606F95E86260FD38915184B75B4,732,1.759396422927398E9
45361613|1|1|0|11|2,1.759396419366E9,45361613,block_result,1,6AAD9856F6BF4BBB22271F2A4B82309CB65CD6E3021050582F5B2290016B7C18,1,0,11,0,2,osmo19h65cmarqlpaz80ja26jtn4gamuvwla00r0f66,1.618268E7,uosmo,732,1.759396422927398E9
45361633|1|1|0|11|1,1.759396444392E9,45361633,block_result,1,FF9B43D942FE797C8B76D0B5E1FD4310E7F77938109D1290CE5201DFEA524A68,1,0,11,0,1,osmo19h65cmarqlpaz80ja26jtn4gamuvwla00r0f66,2800000.0,uosmo,732,1.759396447031564E9
7679424|1|12|0|9|1,1.673019835159E9,7679424,block_result,1,1D94B25D239D5BF9E8C7C8973F30C5F64BFD8F3719282B0579C8520C0169A9B7,12,0,9,0,1,osmo1s84q7zy0a0f7dchrpj2fk89gyglkwm2eqrzwxu,371314.0,uosmo,732,1.717489719444566E9
6481500|1|5|0|9|1,1.66600556205E9,6481500,block_result,1,71919921390E8509FBCE7890950F03A4E8BA5FF78646218A0C9555E71C530839,5,0,9,0,1,osmo16aypymlama0lk5s8c9s30s09eacpvwnav7ewjv,8000000.0,uosmo,732,1.717516063558623E9
61373666|1|0|0|11|2,1.778480192114E9,61373666,block_result,1,5075E1075EFB1924332EACFB56874A6678C032515B621AE4DD1AE72896EFD38F,0,0,11,0,2,osmo1hgp002gnpvas3jz0xawh8ek39nghjycxqg8t8e,6.1311367E7,uosmo,732,1.778480194446E9
61373666|1|0|0|11|1,1.778480192114E9,61373666,block_result,1,5075E1075EFB1924332EACFB56874A6678C032515B621AE4DD1AE72896EFD38F,0,0,11,0,1,osmo1hgp002gnpvas3jz0xawh8ek39nghjycxqg8t8e,1.0005384106615947E20,ibc/F16FDC11A7662B86BC0B9CE61871CBACF7C20606F95E86260FD38915184B75B4,732,1.778480194446E9
4694150|1|10|0|9|1,1.654533703683E9,4694150,block_result,1,6A5D75204287A3D28A06AF4390C34F74460B866DF7EE862BAFBFC90C9C242796,10,0,9,0,1,osmo1uvnk984yhpw48jfu5srvsrqdt03kkvlcjqx8x5,8.0E18,ibc/F16FDC11A7662B86BC0B9CE61871CBACF7C20606F95E86260FD38915184B75B4,732,1.71758471414757E9
4694132|1|3|0|9|1,1.65453359006E9,4694132,block_result,1,1216AFD3AE6286C6305090C9B6D93BFE78458BA8BDBF1924B988750481732ED6,3,0,9,0,1,osmo1uvnk984yhpw48jfu5srvsrqdt03kkvlcjqx8x5,2.0E18,ibc/F16FDC11A7662B86BC0B9CE61871CBACF7C20606F95E86260FD38915184B75B4,732,1.717584719573642E9
4693832|1|1|0|9|1,1.65453162709E9,4693832,block_result,1,49B1C4DAD6CED5F5BBAFB3D57F93013F8F8C25E5CCEACC7BBD34C70AA4007BE8,1,0,9,0,1,osmo10yu8w9p4p0szf2xwhtndmfjnp0gfk4j7j3azdm,3.2475451759224737E22,ibc/F16FDC11A7662B86BC0B9CE61871CBACF7C20606F95E86260FD38915184B75B4,732,1.717584763809078E9
4693832|1|1|0|9|2,1.65453162709E9,4693832,block_result,1,49B1C4DAD6CED5F5BBAFB3D57F93013F8F8C25E5CCEACC7BBD34C70AA4007BE8,1,0,9,0,2,osmo10yu8w9p4p0szf2xwhtndmfjnp0gfk4j7j3azdm,8.72999999E8,uosmo,732,1.717584763809078E9
4695102|1|34|0|9|1,1.654540385907E9,4695102,block_result,1,3D84931461764D1E02FCB75D55DDCBB3D7D5C6611EF0BF68E2772E6D50D67818,34,0,9,0,1,osmo1pv8a4jpkem62n6x8ml8tsf4gr2mk2lcv24vydp,9.634324538033928E20,ibc/F16FDC11A7662B86BC0B9CE61871CBACF7C20606F95E86260FD38915184B75B4,732,1.717584825636858E9
4693819|1|17|0|9|1,1.654531542594E9,4693819,block_result,1,79661318B35AE83395B162AA8296F35C9BFF8DEF3637053C4A72FE5DC80C6BE6,17,0,9,0,1,osmo1s8elzc7pltmwf3xfcdph44c09dvq7gsjfqf95a,4.219274177525334E21,ibc/F16FDC11A7662B86BC0B9CE61871CBACF7C20606F95E86260FD38915184B75B4,732,1.717585056535316E9
4693819|1|17|0|9|2,1.654531542594E9,4693819,block_result,1,79661318B35AE83395B162AA8296F35C9BFF8DEF3637053C4A72FE5DC80C6BE6,17,0,9,0,2,osmo1s8elzc7pltmwf3xfcdph44c09dvq7gsjfqf95a,1.12999999E8,uosmo,732,1.717585056535316E9
4693783|1|3|0|9|1,1.654531310066E9,4693783,block_result,1,55ACABE37AADE9A3CA74630D60C9D522F9F375A9E271B5B45699139A0F4A05D8,3,0,9,0,1,osmo1s8elzc7pltmwf3xfcdph44c09dvq7gsjfqf95a,1.0E22,ibc/F16FDC11A7662B86BC0B9CE61871CBACF7C20606F95E86260FD38915184B75B4,732,1.717585282071241E9
4693783|1|3|0|9|2,1.654531310066E9,4693783,block_result,1,55ACABE37AADE9A3CA74630D60C9D522F9F375A9E271B5B45699139A0F4A05D8,3,0,9,0,2,osmo1s8elzc7pltmwf3xfcdph44c09dvq7gsjfqf95a,2.67112903E8,uosmo,732,1.717585282071241E9
12248285|1|8|0|9|1,1.699408347042E9,12248285,block_result,1,3B48A82BBEC561AD92CD0DC058C842A5542DF68D4A186CBE041235144FCBBF24,8,0,9,0,1,osmo1s84q7zy0a0f7dchrpj2fk89gyglkwm2eqrzwxu,1000000.0,uosmo,732,1.717115287319909E9
8325642|1|21|0|9|1,1.676677470012E9,8325642,block_result,1,6B7D829521E24CCD05BB3A153AEB99748C546778A4952ABD40BFE3EF71321A30,21,0,9,0,1,osmo1s84q7zy0a0f7dchrpj2fk89gyglkwm2eqrzwxu,8.553420777521422E18,ibc/F16FDC11A7662B86BC0B9CE61871CBACF7C20606F95E86260FD38915184B75B4,732,1.717470690612623E9
8325548|1|7|0|9|1,1.676676954629E9,8325548,block_result,1,CCECA70B0B717715E0F97B42AB4967BE8BB6A050ED56F4073F899F85277A8F5D,7,0,9,0,1,osmo1s84q7zy0a0f7dchrpj2fk89gyglkwm2eqrzwxu,3.2508459022784553E19,ibc/F16FDC11A7662B86BC0B9CE61871CBACF7C20606F95E86260FD38915184B75B4,732,1.71747069512112E9
8325597|1|4|0|9|1,1.676677229928E9,8325597,block_result,1,457AA9FB86C9EA24AC93D64371960BE638CC2804075FC3DC1371BD140D9295C7,4,0,9,0,1,osmo1s84q7zy0a0f7dchrpj2fk89gyglkwm2eqrzwxu,1.1721595527521526E20,ibc/F16FDC11A7662B86BC0B9CE61871CBACF7C20606F95E86260FD38915184B75B4,732,1.717470695343511E9
8325534|1|23|0|9|1,1.676676872598E9,8325534,block_result,1,47A2989F4DBDFD194A324AEED966B03E6942DDF05B68E5FCE96AD5A182A430B5,23,0,9,0,1,osmo1s84q7zy0a0f7dchrpj2fk89gyglkwm2eqrzwxu,1.365267208751539E20,ibc/F16FDC11A7662B86BC0B9CE61871CBACF7C20606F95E86260FD38915184B75B4,732,1.717470697196459E9
8323795|1|21|0|9|2,1.676667175075E9,8323795,block_result,1,70BF0853D59F22FCC5B6800A28A5D88C55E10AEBDFE2EA5A718EB4F53DEA6385,21,0,9,0,2,osmo1qksdaex4ws9rdakalcm2yl59uxfcxm5d7cvgma,108418.0,uosmo,732,1.717470841603093E9
8323795|1|21|0|9|1,1.676667175075E9,8323795,block_result,1,70BF0853D59F22FCC5B6800A28A5D88C55E10AEBDFE2EA5A718EB4F53DEA6385,21,0,9,0,1,osmo1qksdaex4ws9rdakalcm2yl59uxfcxm5d7cvgma,3.226580286402159E18,ibc/F16FDC11A7662B86BC0B9CE61871CBACF7C20606F95E86260FD38915184B75B4,732,1.717470841603093E9
19421514|1|0|0|11|1,1.72382472042E9,19421514,block_result,1,CD4393DE67D39EC6E6AE37EA04B63BCD44FBAF37090617C2CC771C3ADEF3829E,0,0,11,0,1,osmo1s84q7zy0a0f7dchrpj2fk89gyglkwm2eqrzwxu,1.501E21,ibc/F16FDC11A7662B86BC0B9CE61871CBACF7C20606F95E86260FD38915184B75B4,732,1.723824723167773E9
8172520|1|9|0|9|1,1.675814275611E9,8172520,block_result,1,FA1D106951EFA1467EC131F941BBD4E7471A08C57336E86B091FEA9B2896133F,9,0,9,0,1,osmo1s84q7zy0a0f7dchrpj2fk89gyglkwm2eqrzwxu,8.441946381300754E19,ibc/F16FDC11A7662B86BC0B9CE61871CBACF7C20606F95E86260FD38915184B75B4,732,1.717473869861646E9
8172461|1|53|0|9|1,1.675813951529E9,8172461,block_result,1,B3BEBC2EC97891883D4FDB53D38C5361D80F2A914B62054D5D362094D18D4C7A,53,0,9,0,1,osmo1s84q7zy0a0f7dchrpj2fk89gyglkwm2eqrzwxu,6.63446906180992E20,ibc/F16FDC11A7662B86BC0B9CE61871CBACF7C20606F95E86260FD38915184B75B4,732,1.717473896058066E9
8172479|1|1|0|9|1,1.675814047248E9,8172479,block_result,1,C96236A37FD96875BC82D38512ED8E3521FB9380EECF4DC7C551BB707FBE5FC4,1,0,9,0,1,osmo1s84q7zy0a0f7dchrpj2fk89gyglkwm2eqrzwxu,3.382423853107054E20,ibc/F16FDC11A7662B86BC0B9CE61871CBACF7C20606F95E86260FD38915184B75B4,732,1.717473901291089E9
8172390|1|20|0|9|1,1.675813557296E9,8172390,block_result,1,FFA82F2AD6733A87AF31B2DDC030C45A26E61C377A89C74475FAECDE3DE7B7DC,20,0,9,0,1,osmo1s84q7zy0a0f7dchrpj2fk89gyglkwm2eqrzwxu,1.66E21,ibc/F16FDC11A7662B86BC0B9CE61871CBACF7C20606F95E86260FD38915184B75B4,732,1.71747390427506E9
8172449|1|10|0|9|1,1.675813880822E9,8172449,block_result,1,39021C76175961E5371D568CC98DD162105BF7758FCD507EC88673141ED44068,10,0,9,0,1,osmo1s84q7zy0a0f7dchrpj2fk89gyglkwm2eqrzwxu,1.314332666091013E21,ibc/F16FDC11A7662B86BC0B9CE61871CBACF7C20606F95E86260FD38915184B75B4,732,1.717473908232744E9
8172496|1|9|0|9|1,1.675814139536E9,8172496,block_result,1,045A816D852EDBEB31DD47171EA5AAED896CC4D35BC60034FD6A5A0745DEEE81,9,0,9,0,1,osmo1s84q7zy0a0f7dchrpj2fk89gyglkwm2eqrzwxu,1.689893238692391E20,ibc/F16FDC11A7662B86BC0B9CE61871CBACF7C20606F95E86260FD38915184B75B4,732,1.717473921762229E9
6021145|1|4|0|9|2,1.663183212086E9,6021145,block_result,1,6CE0CE67888EF5EE566D3B6B21A93164A2BFBB21801AC36ACA64AA025BB5580C,4,0,9,0,2,osmo1rplwrht8y9e2uru7m9m7ffh86ryvssdrr33pkp,20163.0,uosmo,732,1.717540019647352E9
6021145|1|4|0|9|1,1.663183212086E9,6021145,block_result,1,6CE0CE67888EF5EE566D3B6B21A93164A2BFBB21801AC36ACA64AA025BB5580C,4,0,9,0,1,osmo1rplwrht8y9e2uru7m9m7ffh86ryvssdrr33pkp,2.978666380725198E17,ibc/F16FDC11A7662B86BC0B9CE61871CBACF7C20606F95E86260FD38915184B75B4,732,1.717540019647352E9
6021159|1|10|0|9|2,1.663183298883E9,6021159,block_result,1,37FB626F169A489757E8CA9A25500DBE05F970D27A91DCE3EBFF36CAA7D942EB,10,0,9,0,2,osmo1rplwrht8y9e2uru7m9m7ffh86ryvssdrr33pkp,724433.0,uosmo,732,1.717540042268023E9
6021159|1|10|0|9|1,1.663183298883E9,6021159,block_result,1,37FB626F169A489757E8CA9A25500DBE05F970D27A91DCE3EBFF36CAA7D942EB,10,0,9,0,1,osmo1rplwrht8y9e2uru7m9m7ffh86ryvssdrr33pkp,1.07019998124692E19,ibc/F16FDC11A7662B86BC0B9CE61871CBACF7C20606F95E86260FD38915184B75B4,732,1.717540042268023E9
30159314|1|0|0|11|2,1.740267534842E9,30159314,block_result,1,A33DB0BC3C0CC0F5D4D4ED3DF4B6DAF0AF026E7F815B40F0BAD9EDCAD427D0CC,0,0,11,0,2,osmo16aypymlama0lk5s8c9s30s09eacpvwnav7ewjv,4.2485948E7,uosmo,732,1.741472384872835E9
30159314|1|0|0|11|1,1.740267534842E9,30159314,block_result,1,A33DB0BC3C0CC0F5D4D4ED3DF4B6DAF0AF026E7F815B40F0BAD9EDCAD427D0CC,0,0,11,0,1,osmo16aypymlama0lk5s8c9s30s09eacpvwnav7ewjv,9.999999999999996E20,ibc/F16FDC11A7662B86BC0B9CE61871CBACF7C20606F95E86260FD38915184B75B4,732,1.741472384872835E9
30159340|1|1|0|11|1,1.74026756648E9,30159340,block_result,1,1880BFED8709A5A1ADB831F42CD65398FDA844ED10107EA3959693F086A27E3C,1,0,11,0,1,osmo16aypymlama0lk5s8c9s30s09eacpvwnav7ewjv,2.5E21,ibc/F16FDC11A7662B86BC0B9CE61871CBACF7C20606F95E86260FD38915184B75B4,732,1.741472384730404E9
65240258|1|0|0|11|2,1.782809571275E9,65240258,block_result,1,6E04E54853D0495E4AB9C8EF8B19339C6548FE859C7AB5C0756E8443EC81FA11,0,0,11,0,2,osmo147n6a8pnxw23zyufwc2scmff25u7avsyadzz0g,1.7744442E7,uosmo,732,1.782809573949E9
65240258|1|0|0|11|1,1.782809571275E9,65240258,block_result,1,6E04E54853D0495E4AB9C8EF8B19339C6548FE859C7AB5C0756E8443EC81FA11,0,0,11,0,1,osmo147n6a8pnxw23zyufwc2scmff25u7avsyadzz0g,1.9999999999999955E19,ibc/F16FDC11A7662B86BC0B9CE61871CBACF7C20606F95E86260FD38915184B75B4,732,1.782809573949E9
67688243|1|0|0|11|1,1.78569682287E9,67688243,block_result,1,496B8585C2954211C594AA11BCD8435F67984BC96D0193EDF71EBA92C476DA7B,0,0,11,0,1,osmo1h3gmr3d27mq7tnaes0355fc5q6fjwhczzmydcs,560000.0,uosmo,732,1.785696825063E9
7499015|1|10|0|9|1,1.67199347703E9,7499015,block_result,1,0213F86A679BCB310E0A48B48188FB7070E57EFBBA56199FF253A87D7D81C530,10,0,9,0,1,osmo19l9wsymdh3mp7munzrlk8rs03ttnu2uaujyktu,8.799999999998106E17,ibc/F16FDC11A7662B86BC0B9CE61871CBACF7C20606F95E86260FD38915184B75B4,732,1.717489366612755E9
7499015|1|10|0|9|2,1.67199347703E9,7499015,block_result,1,0213F86A679BCB310E0A48B48188FB7070E57EFBBA56199FF253A87D7D81C530,10,0,9,0,2,osmo19l9wsymdh3mp7munzrlk8rs03ttnu2uaujyktu,19951.0,uosmo,732,1.717489366612755E9
7500709|1|2|0|9|1,1.672003141924E9,7500709,block_result,1,599188DCB53E8ED8FD3DD0518695A8DDE7B1E629721D2EB8096F79A2FC9EE906,2,0,9,0,1,osmo1s84q7zy0a0f7dchrpj2fk89gyglkwm2eqrzwxu,4.87418572220807E19,ibc/F16FDC11A7662B86BC0B9CE61871CBACF7C20606F95E86260FD38915184B75B4,732,1.717492658136889E9
7455628|1|13|0|9|1,1.671746490174E9,7455628,block_result,1,66F35F498FC6D9A50384AF5C5FC02119201E8A07138D4AAA0D4555FBB2E65239,13,0,9,0,1,osmo1s84q7zy0a0f7dchrpj2fk89gyglkwm2eqrzwxu,1.2970075903794504E19,ibc/F16FDC11A7662B86BC0B9CE61871CBACF7C20606F95E86260FD38915184B75B4,732,1.717493322739065E9
6629994|1|37|0|9|1,1.6668940753E9,6629994,block_result,1,FDB97C7EEAC7D8D7876B52011BC525B3718D99FBEDBC6BAAD7CFA08179034B2B,37,0,9,0,1,osmo1255kd9glzk68ltavvya72m9fz03wte5pmklwa8,1.100086999999987E19,ibc/F16FDC11A7662B86BC0B9CE61871CBACF7C20606F95E86260FD38915184B75B4,732,1.717511032866227E9
6632442|1|27|0|9|1,1.666908702163E9,6632442,block_result,1,0831CD08AD655774325B9EE1E4B22FF256A37382E1D0AFDD79E6501EF7FB481E,27,0,9,0,1,osmo1qnlxnneluedfg3lusv8r36t5c0s4r2p0dlsn28,1.3169846130543417E19,ibc/F16FDC11A7662B86BC0B9CE61871CBACF7C20606F95E86260FD38915184B75B4,732,1.717511120953636E9
6632442|1|27|0|9|2,1.666908702163E9,6632442,block_result,1,0831CD08AD655774325B9EE1E4B22FF256A37382E1D0AFDD79E6501EF7FB481E,27,0,9,0,2,osmo1qnlxnneluedfg3lusv8r36t5c0s4r2p0dlsn28,500000.0,uosmo,732,1.717511120953636E9
6619072|1|5|0|9|1,1.666828855783E9,6619072,block_result,1,DF10EEE771551ED9A8337DD51E0E1747858129E3D850C4880C99E701D9991511,5,0,9,0,1,osmo1s84q7zy0a0f7dchrpj2fk89gyglkwm2eqrzwxu,6.7E19,ibc/F16FDC11A7662B86BC0B9CE61871CBACF7C20606F95E86260FD38915184B75B4,732,1.717511613627683E9
7029519|1|9|0|9|1,1.669266894638E9,7029519,block_result,1,252D5E45145CDCB518D340F3570C206FBB6E02F69D9C3A7BCDAC06DCA11B6F9D,9,0,9,0,1,osmo1s84q7zy0a0f7dchrpj2fk89gyglkwm2eqrzwxu,6.600604849106236E18,ibc/F16FDC11A7662B86BC0B9CE61871CBACF7C20606F95E86260FD38915184B75B4,732,1.717501538220214E9
7037550|1|2|0|9|1,1.669314141896E9,7037550,block_result,1,909DC21843755C6CFF06AB0FF9DF8CD42099C0570ECC04E96194A14FDFEBF3C1,2,0,9,0,1,osmo1s84q7zy0a0f7dchrpj2fk89gyglkwm2eqrzwxu,4.0E19,ibc/F16FDC11A7662B86BC0B9CE61871CBACF7C20606F95E86260FD38915184B75B4,732,1.717509553112552E9
7035974|1|3|0|9|1,1.669304421906E9,7035974,block_result,1,24B0406DEBEE88452A19178AE8C9009B16B076C2E6A224BFDA6F319706CA7360,3,0,9,0,1,osmo1s84q7zy0a0f7dchrpj2fk89gyglkwm2eqrzwxu,1.16E21,ibc/F16FDC11A7662B86BC0B9CE61871CBACF7C20606F95E86260FD38915184B75B4,732,1.717509563366308E9
7030789|1|7|0|9|1,1.669274268966E9,7030789,block_result,1,A742AADC60DBFD76A14FD71007C2DAAB863A8640F3C6BA3C13F77D3A80172BAE,7,0,9,0,1,osmo1kkaryts8yf99xjdytec467lgm8zjekx08raqza,3170000.0,uosmo,732,1.717509687547162E9
5952280|1|18|0|9|2,1.66276220476E9,5952280,block_result,1,E7BAB75A5CDA99D7E80F3C1D020FF345D39E0A5B3F87AF57D1D79A61538AB8F5,18,0,9,0,2,osmo1t5k8hym2vmr9c6p2vhv2rhznlfddzfkegzreat,724545.0,uosmo,732,1.717542215021318E9
5952280|1|18|0|9|1,1.66276220476E9,5952280,block_result,1,E7BAB75A5CDA99D7E80F3C1D020FF345D39E0A5B3F87AF57D1D79A61538AB8F5,18,0,9,0,1,osmo1t5k8hym2vmr9c6p2vhv2rhznlfddzfkegzreat,1.0999728149795891E19,ibc/F16FDC11A7662B86BC0B9CE61871CBACF7C20606F95E86260FD38915184B75B4,732,1.717542215021318E9
9187946|1|6|0|9|1,1.681582595126E9,9187946,block_result,1,8E5080F3140D4F6B0A66F9DB27F8BA381F6BDA351742FD63C58854EC4B125305,6,0,9,0,1,osmo17uyvfmejsljqmfgqqzv5y2vqrtaf4nlk87yxdz,8.937105051000278E19,ibc/F16FDC11A7662B86BC0B9CE61871CBACF7C20606F95E86260FD38915184B75B4,732,1.717449307274782E9
9186856|1|2|0|9|1,1.681575876819E9,9186856,block_result,1,EAC0FFB6CED7535209F511D047A06B83263E59F56A545D5F5C4AC13518F3087D,2,0,9,0,1,osmo16aypymlama0lk5s8c9s30s09eacpvwnav7ewjv,7.5E20,ibc/F16FDC11A7662B86BC0B9CE61871CBACF7C20606F95E86260FD38915184B75B4,732,1.717449427135085E9
8783973|1|0|0|9|1,1.679276284375E9,8783973,block_result,1,830AD6CEB99D3E27751D525CF645277FD5B3FF7D12F6E2A9E398FD020F07AC54,0,0,9,0,1,osmo1s84q7zy0a0f7dchrpj2fk89gyglkwm2eqrzwxu,8.0E20,ibc/F16FDC11A7662B86BC0B9CE61871CBACF7C20606F95E86260FD38915184B75B4,732,1.717458017411325E9
8783980|1|4|0|9|1,1.679276327019E9,8783980,block_result,1,361D8FB5253398B09A5C8BA78377A4616E4652FFE8DC958474C23C298FD5E266,4,0,9,0,1,osmo1s84q7zy0a0f7dchrpj2fk89gyglkwm2eqrzwxu,4.141543254597561E20,ibc/F16FDC11A7662B86BC0B9CE61871CBACF7C20606F95E86260FD38915184B75B4,732,1.717458019114226E9
8784010|1|0|0|9|1,1.679276494138E9,8784010,block_result,1,096649918166E9AF6D118B07B1EF0F422FAB3F57359E8AB3CCF22849C169A104,0,0,9,0,1,osmo1s84q7zy0a0f7dchrpj2fk89gyglkwm2eqrzwxu,2.259005936209764E19,ibc/F16FDC11A7662B86BC0B9CE61871CBACF7C20606F95E86260FD38915184B75B4,732,1.717458023116394E9
8783994|1|1|0|9|1,1.679276405649E9,8783994,block_result,1,3AD0EC217D26B748DF12646A2D4470B2942EB0F460E9FA36E62FFA665C7F7ABE,1,0,9,0,1,osmo1s84q7zy0a0f7dchrpj2fk89gyglkwm2eqrzwxu,1.0547633976919558E20,ibc/F16FDC11A7662B86BC0B9CE61871CBACF7C20606F95E86260FD38915184B75B4,732,1.717458111774761E9
8783987|1|0|0|9|1,1.679276363224E9,8783987,block_result,1,CB03752AE7F38440E6AC74304BEE66B1BF737D79731E7B73B96A863044772B49,0,0,9,0,1,osmo1s84q7zy0a0f7dchrpj2fk89gyglkwm2eqrzwxu,2.111267174648919E20,ibc/F16FDC11A7662B86BC0B9CE61871CBACF7C20606F95E86260FD38915184B75B4,732,1.71745813335123E9
8790811|1|0|0|9|1,1.679315033375E9,8790811,block_result,1,04DBF6840A3C90BF053A2C6E8DE9EC3E160EF9F5287FE807F23E4C196A8388B7,0,0,9,0,1,osmo1cw4dgpr52nv2sc9nu9fhe9n7ytrerj53tmcgj6,1.099965999999979E19,ibc/F16FDC11A7662B86BC0B9CE61871CBACF7C20606F95E86260FD38915184B75B4,732,1.717458796811675E9
53656163|1|0|0|11|1,1.769300794897E9,53656163,block_result,1,4A3450B987B06C23D5FC0F69885211D3964D4B59BAC5493A49595B5DD0462E2C,0,0,11,0,1,osmo16aypymlama0lk5s8c9s30s09eacpvwnav7ewjv,7.879812515903628E21,ibc/F16FDC11A7662B86BC0B9CE61871CBACF7C20606F95E86260FD38915184B75B4,732,1.769300797319967E9
53656163|1|0|0|11|2,1.769300794897E9,53656163,block_result,1,4A3450B987B06C23D5FC0F69885211D3964D4B59BAC5493A49595B5DD0462E2C,0,0,11,0,2,osmo16aypymlama0lk5s8c9s30s09eacpvwnav7ewjv,1.817807E9,uosmo,732,1.769300797319967E9
5555682|1|0|0|9|1,1.660314440256E9,5555682,block_result,1,AA96F85DEF35906794179BA958D40646BBAF7686D4A8C393A9DCEB406AE0491F,0,0,9,0,1,osmo1u4uke74tkpedvwcf7ghhj0ffyzk2kye4meeut8,1.099986999999987E19,ibc/F16FDC11A7662B86BC0B9CE61871CBACF7C20606F95E86260FD38915184B75B4,732,1.717562312558416E9
6642294|1|14|0|9|1,1.66696769625E9,6642294,block_result,1,71D97BF39B697A67058CCBBA3909415EF7645C74655E6569F99E28C3E9C9BCF0,14,0,9,0,1,osmo1s84q7zy0a0f7dchrpj2fk89gyglkwm2eqrzwxu,2.0E20,ibc/F16FDC11A7662B86BC0B9CE61871CBACF7C20606F95E86260FD38915184B75B4,732,1.71751095908889E9
65502348|1|1|0|11|1,1.783112624204E9,65502348,block_result,1,AF4DDB9460DBCE892E1597F76D68D4A98393F7F38A382E500C2B6D152C694E0B,1,0,11,0,1,osmo13k072z6ua8258533glfrrsep4ff6f4j5j3k3pc,2.3E22,ibc/F16FDC11A7662B86BC0B9CE61871CBACF7C20606F95E86260FD38915184B75B4,732,1.783112627128E9
8583901|1|7|0|9|1,1.678134612206E9,8583901,block_result,1,8E4610FA6A2E2F790002EF9AA78003C32250EEB3D977ED170873A66055BAF7D8,7,0,9,0,1,osmo1uvnk984yhpw48jfu5srvsrqdt03kkvlcjqx8x5,42281.0,uosmo,732,1.717464865831922E9
4813166|1|7|0|9|1,1.655682365267E9,4813166,block_result,1,2BBF67949E10BCE28B3952C2C0D27E7E8275A7092441BFFE9A7AE165399D8D65,7,0,9,0,1,osmo1s8elzc7pltmwf3xfcdph44c09dvq7gsjfqf95a,1.0E22,ibc/F16FDC11A7662B86BC0B9CE61871CBACF7C20606F95E86260FD38915184B75B4,732,1.717581302977551E9
4804037|1|0|0|9|2,1.655624863634E9,4804037,block_result,1,9BF0CD60EBF0484EDFAEF85175A90F78F950E01A337545487B73EA292E5F3215,0,0,9,0,2,osmo1gn2saq5vy2qjn9ktn8rl9cx9ajvn8drchcv355,128833.0,uosmo,732,1.717581500678378E9
4804037|1|0|0|9|1,1.655624863634E9,4804037,block_result,1,9BF0CD60EBF0484EDFAEF85175A90F78F950E01A337545487B73EA292E5F3215,0,0,9,0,1,osmo1gn2saq5vy2qjn9ktn8rl9cx9ajvn8drchcv355,9.999999999998788E17,ibc/F16FDC11A7662B86BC0B9CE61871CBACF7C20606F95E86260FD38915184B75B4,732,1.717581500678378E9
4804568|1|1|0|9|1,1.655628177892E9,4804568,block_result,1,DB1EF188B21AB9FF5C3E8CA15C6698817B7E20E194E4C1B4B1E1806A724501BF,1,0,9,0,1,osmo1gn2saq5vy2qjn9ktn8rl9cx9ajvn8drchcv355,35000.0,uosmo,732,1.717581506797688E9
5268336|1|22|0|9|1,1.658523090317E9,5268336,block_result,1,26DDC4BBAA5DF21B854DF464EF8F53C23497E2B494ADE7453DDE54D83F149E14,22,0,9,0,1,osmo1vv8cx3t0224c95lgnv9ths7j2g5wt052zz0v6g,9.999997172890092E18,ibc/F16FDC11A7662B86BC0B9CE61871CBACF7C20606F95E86260FD38915184B75B4,732,1.717559908755777E9
5268336|1|22|0|9|2,1.658523090317E9,5268336,block_result,1,26DDC4BBAA5DF21B854DF464EF8F53C23497E2B494ADE7453DDE54D83F149E14,22,0,9,0,2,osmo1vv8cx3t0224c95lgnv9ths7j2g5wt052zz0v6g,743191.0,uosmo,732,1.717559908755777E9
8046064|1|1|0|9|1,1.675104191901E9,8046064,block_result,1,8D74A00A99B1B994100B053D39EDEFA55E49E47E0A8E13092F59F70171422F22,1,0,9,0,1,osmo1zlnj7v8p37ypdjph8gqxva4w4ptl95g93swhgf,2.9113695815195027E20,ibc/F16FDC11A7662B86BC0B9CE61871CBACF7C20606F95E86260FD38915184B75B4,732,1.717478350914406E9
8046064|1|1|0|9|2,1.675104191901E9,8046064,block_result,1,8D74A00A99B1B994100B053D39EDEFA55E49E47E0A8E13092F59F70171422F22,1,0,9,0,2,osmo1zlnj7v8p37ypdjph8gqxva4w4ptl95g93swhgf,7917156.0,uosmo,732,1.717478350914406E9
40295442|1|4|0|11|2,1.753128321859E9,40295442,block_result,1,B6060FDB414713D72610EB7B889605749BD582B67133394BDE280FA0FCFCE5F3,4,0,11,0,2,osmo16aypymlama0lk5s8c9s30s09eacpvwnav7ewjv,5.37700893E8,uosmo,732,1.753128324630967E9
40295442|1|4|0|11|1,1.753128321859E9,40295442,block_result,1,B6060FDB414713D72610EB7B889605749BD582B67133394BDE280FA0FCFCE5F3,4,0,11,0,1,osmo16aypymlama0lk5s8c9s30s09eacpvwnav7ewjv,1.0E22,ibc/F16FDC11A7662B86BC0B9CE61871CBACF7C20606F95E86260FD38915184B75B4,732,1.753128324630967E9
40296143|1|1|0|11|1,1.753129213227E9,40296143,block_result,1,D90F9D7A3B0DF18D77B345A15BFF158402F1FB4345740B2AC618A091A25C6935,1,0,11,0,1,osmo16aypymlama0lk5s8c9s30s09eacpvwnav7ewjv,8.0E21,ibc/F16FDC11A7662B86BC0B9CE61871CBACF7C20606F95E86260FD38915184B75B4,732,1.753129216053804E9
40296143|1|1|0|11|2,1.753129213227E9,40296143,block_result,1,D90F9D7A3B0DF18D77B345A15BFF158402F1FB4345740B2AC618A091A25C6935,1,0,11,0,2,osmo16aypymlama0lk5s8c9s30s09eacpvwnav7ewjv,4.23821588E8,uosmo,732,1.753129216053804E9
40302767|1|1|0|11|1,1.753137574657E9,40302767,block_result,1,1AB5B17ADC2F4D7CECCA58D2CF6AFE67B2998109476F35D218AAD1C0EF2515C4,1,0,11,0,1,osmo16aypymlama0lk5s8c9s30s09eacpvwnav7ewjv,2.199999999999998E20,ibc/F16FDC11A7662B86BC0B9CE61871CBACF7C20606F95E86260FD38915184B75B4,732,1.753137577310379E9
40302767|1|1|0|11|2,1.753137574657E9,40302767,block_result,1,1AB5B17ADC2F4D7CECCA58D2CF6AFE67B2998109476F35D218AAD1C0EF2515C4,1,0,11,0,2,osmo16aypymlama0lk5s8c9s30s09eacpvwnav7ewjv,1.3131609E7,uosmo,732,1.753137577310379E9
7052940|1|1|0|9|1,1.669404448386E9,7052940,block_result,1,BEA1EFEDFEDA92E926E1E4E236706ED7D5990F8DC0D433BA239A297754365ECD,1,0,9,0,1,osmo1s84q7zy0a0f7dchrpj2fk89gyglkwm2eqrzwxu,1.3044701807526017E20,ibc/F16FDC11A7662B86BC0B9CE61871CBACF7C20606F95E86260FD38915184B75B4,732,1.717501340313378E9
7052926|1|20|0|9|1,1.669404369841E9,7052926,block_result,1,5950FAC9230B45D1593DA5471F4226FB4BCADD494CE04401F6539B572EF62100,20,0,9,0,1,osmo1s84q7zy0a0f7dchrpj2fk89gyglkwm2eqrzwxu,2.6112599043250117E20,ibc/F16FDC11A7662B86BC0B9CE61871CBACF7C20606F95E86260FD38915184B75B4,732,1.717501341059028E9
7052895|1|47|0|9|1,1.669404190007E9,7052895,block_result,1,E45587C0176236539341C216B6D2AB9852E12B28FF04C5610363FD15D889B03D,47,0,9,0,1,osmo1s84q7zy0a0f7dchrpj2fk89gyglkwm2eqrzwxu,1.0458930784316663E21,ibc/F16FDC11A7662B86BC0B9CE61871CBACF7C20606F95E86260FD38915184B75B4,732,1.717501344443738E9
7052901|1|22|0|9|1,1.669404226614E9,7052901,block_result,1,79CDAE541B497AF6BEF66DBABCA7F64CD1CC3FF3B3726C39AB911615B657E5A6,22,0,9,0,1,osmo1s84q7zy0a0f7dchrpj2fk89gyglkwm2eqrzwxu,5.226577443008565E20,ibc/F16FDC11A7662B86BC0B9CE61871CBACF7C20606F95E86260FD38915184B75B4,732,1.717501345347108E9
7052950|1|20|0|9|1,1.669404507132E9,7052950,block_result,1,37243B592E1C31110CB937176EE0CBC1A5C8529EEEDA1C106FA22A750E7A1F3A,20,0,9,0,1,osmo1s84q7zy0a0f7dchrpj2fk89gyglkwm2eqrzwxu,6.516192511105125E19,ibc/F16FDC11A7662B86BC0B9CE61871CBACF7C20606F95E86260FD38915184B75B4,732,1.717501347023423E9
9238329|1|2|0|9|1,1.681869540489E9,9238329,block_result,1,881AEFB7A7C92D00D2A8FB70FD57BB01B20330B952294D6B1AD102EC72BDDB26,2,0,9,0,1,osmo17uyvfmejsljqmfgqqzv5y2vqrtaf4nlk87yxdz,1.0360479821689498E21,ibc/F16FDC11A7662B86BC0B9CE61871CBACF7C20606F95E86260FD38915184B75B4,732,1.717447108097918E9
9237967|1|4|0|9|1,1.68186751399E9,9237967,block_result,1,BCA666B3BD6593B7D8DDCDCB58CA2F164C5EBF1DBF68B3D382FF2D408F15E007,4,0,9,0,1,osmo17uyvfmejsljqmfgqqzv5y2vqrtaf4nlk87yxdz,2.2797559296034718E20,ibc/F16FDC11A7662B86BC0B9CE61871CBACF7C20606F95E86260FD38915184B75B4,732,1.717447299481427E9
65135741|1|0|0|11|1,1.782687758743E9,65135741,block_result,1,5DB3DB1DCFDB11D3123C05B24B977908120279863E2DF085FE72D6814A6F3CB7,0,0,11,0,1,osmo12960s7qmmxcewmtyh5gf95dlg3yl7vh22xq9kx,3.0E22,ibc/F16FDC11A7662B86BC0B9CE61871CBACF7C20606F95E86260FD38915184B75B4,732,1.782687763161E9
65136176|1|1|0|11|1,1.782688273841E9,65136176,block_result,1,D1B4D348C3DA6F65E7A266E1296BD12400DFC76963B83695A7D3164C351E9D30,1,0,11,0,1,osmo12960s7qmmxcewmtyh5gf95dlg3yl7vh22xq9kx,3.0E22,ibc/F16FDC11A7662B86BC0B9CE61871CBACF7C20606F95E86260FD38915184B75B4,732,1.782688277073E9
30279618|1|1|0|11|1,1.740426752755E9,30279618,block_result,1,685CBA2AAB47737286C0EFC34F9A9E3ABA9BF34DDD33E55E6388BBDBF838B7FB,1,0,11,0,1,osmo16aypymlama0lk5s8c9s30s09eacpvwnav7ewjv,2.0E7,uosmo,732,1.741450429029893E9
7367687|1|11|0|9|1,1.671241892726E9,7367687,block_result,1,D9BF7177082B8BC9C724936BACAD38DF436B4D3D73F68619377EB9FB6098488E,11,0,9,0,1,osmo1s84q7zy0a0f7dchrpj2fk89gyglkwm2eqrzwxu,9.916521159611384E19,ibc/F16FDC11A7662B86BC0B9CE61871CBACF7C20606F95E86260FD38915184B75B4,732,1.717495415664311E9
7367672|1|1|0|9|1,1.671241812645E9,7367672,block_result,1,7589EB25046A3E6E83332CF5035096817CCD1C612361416F8E57F736BC194AD7,1,0,9,0,1,osmo1s84q7zy0a0f7dchrpj2fk89gyglkwm2eqrzwxu,1.9852658721556965E20,ibc/F16FDC11A7662B86BC0B9CE61871CBACF7C20606F95E86260FD38915184B75B4,732,1.717495418196221E9
7367644|1|5|0|9|1,1.671241647664E9,7367644,block_result,1,DFEE6040D67F1AC4BAABEBD6F7C31BEDCF404133F72DBC9CF1853687BC3B5279,5,0,9,0,1,osmo1s84q7zy0a0f7dchrpj2fk89gyglkwm2eqrzwxu,3.9736092622218415E20,ibc/F16FDC11A7662B86BC0B9CE61871CBACF7C20606F95E86260FD38915184B75B4,732,1.71749581869836E9
7367615|1|0|0|9|1,1.671241485466E9,7367615,block_result,1,239D8424925FB759B217E9BC546840605FED928A074223D1750E4F7BDC242AAA,0,0,9,0,1,osmo1s84q7zy0a0f7dchrpj2fk89gyglkwm2eqrzwxu,7.951580187118655E20,ibc/F16FDC11A7662B86BC0B9CE61871CBACF7C20606F95E86260FD38915184B75B4,732,1.717496235303389E9
22808148|1|4|0|11|1,1.729672743011E9,22808148,block_result,1,2C49C29FFA0CA5B7FA07BF92EE1F492EC11F183B2F180DA6C19A56E6F3B19FDD,4,0,11,0,1,osmo16aypymlama0lk5s8c9s30s09eacpvwnav7ewjv,1.0E7,uosmo,732,1.729672811919378E9
8873568|1|1|0|9|1,1.679788094336E9,8873568,block_result,1,5F9D8BE1075E60A7ACE1DA52115C11B753B03AC9602AE4755031E83C5920F6F0,1,0,9,0,1,osmo1s84q7zy0a0f7dchrpj2fk89gyglkwm2eqrzwxu,2.551205147288412E19,ibc/F16FDC11A7662B86BC0B9CE61871CBACF7C20606F95E86260FD38915184B75B4,732,1.717456232730788E9
42743258|1|0|0|11|2,1.756140553673E9,42743258,block_result,1,117D8052E0A394A188C0F58F3C684DC90DBF094ACE08D807F8E871E4485949D0,0,0,11,0,2,osmo16aypymlama0lk5s8c9s30s09eacpvwnav7ewjv,5.491938E7,uosmo,732,1.756140556110338E9
42743258|1|0|0|11|1,1.756140553673E9,42743258,block_result,1,117D8052E0A394A188C0F58F3C684DC90DBF094ACE08D807F8E871E4485949D0,0,0,11,0,1,osmo16aypymlama0lk5s8c9s30s09eacpvwnav7ewjv,7.154527913886738E20,ibc/F16FDC11A7662B86BC0B9CE61871CBACF7C20606F95E86260FD38915184B75B4,732,1.756140556110338E9
13578057|1|5|0|11|1,1.706845959983E9,13578057,block_result,1,C9716910C7A5CA1D8E3C68E5F1DF7A094A6DD069632B8D4033C14EAAE32660DC,5,0,11,0,1,osmo16aypymlama0lk5s8c9s30s09eacpvwnav7ewjv,2.0E7,uosmo,732,1.717071615279816E9
9049788|1|13|0|9|1,1.680793758166E9,9049788,block_result,1,AD1FC6BF9DF633F4743077949F99F6DFE0160A06A549FC5F4AFB0A12AF63B0B8,13,0,9,0,1,osmo1s84q7zy0a0f7dchrpj2fk89gyglkwm2eqrzwxu,1.873680142025581E19,ibc/F16FDC11A7662B86BC0B9CE61871CBACF7C20606F95E86260FD38915184B75B4,732,1.717452104000807E9
13523455|1|4|0|11|1,1.706576026378E9,13523455,block_result,1,4E535D00CC67ADE5F48282335F8E63FF82A951BA480B8A7A74A33934809C4A3F,4,0,11,0,1,osmo1s8elzc7pltmwf3xfcdph44c09dvq7gsjfqf95a,7.5E21,ibc/F16FDC11A7662B86BC0B9CE61871CBACF7C20606F95E86260FD38915184B75B4,732,1.717078698030178E9
9175359|1|15|0|9|1,1.68151071163E9,9175359,block_result,1,D4A3D34E3F1014393210EBB2D660B3CC16A5949837E7DA446B3A9CEF9264B0E5,15,0,9,0,1,osmo17uyvfmejsljqmfgqqzv5y2vqrtaf4nlk87yxdz,1.0910455871333081E19,ibc/F16FDC11A7662B86BC0B9CE61871CBACF7C20606F95E86260FD38915184B75B4,732,1.717448278372301E9
6575755|1|4|0|9|1,1.666569195627E9,6575755,block_result,1,17D4C04E3D96195F89349E5B081C59A26052D850A39D71C02338239EE5C9C478,4,0,9,0,1,osmo1s84q7zy0a0f7dchrpj2fk89gyglkwm2eqrzwxu,7.1E19,ibc/F16FDC11A7662B86BC0B9CE61871CBACF7C20606F95E86260FD38915184B75B4,732,1.717513189541852E9
6575517|1|15|0|9|1,1.666567786026E9,6575517,block_result,1,AA1736EB57704019A0F5ECE9FB3A03CE8A4E685411A6FC71512B3130D95CB2D5,15,0,9,0,1,osmo1s84q7zy0a0f7dchrpj2fk89gyglkwm2eqrzwxu,9.0E18,ibc/F16FDC11A7662B86BC0B9CE61871CBACF7C20606F95E86260FD38915184B75B4,732,1.717513193326842E9
4815834|1|2|0|9|1,1.655698946774E9,4815834,block_result,1,D0442B40357617CEFAC194129435B7E328F04A66DF42E06B6574EC9330600256,2,0,9,0,1,osmo1g3783muz65jmtljev4nm292dy3fkr5sqn4meag,200000.0,uosmo,732,1.717600006100336E9
5228633|1|12|0|9|1,1.658276688882E9,5228633,block_result,1,83CC5D96C2CD2CC6F1351BFE9A5F3B5CFAA8F75D6409CA8F9D6A7DD0D50D6561,12,0,9,0,1,osmo1v2z9rwxt5y98pnrs6ryhqp08ay5azzvmw92wnm,7.77E8,uosmo,732,1.717580690904484E9
65683412|1|1|0|11|1,1.783321719083E9,65683412,block_result,1,FA6333286F964C590926AD28CB8FA6DE3C021EEE533533C731A5B22F7FFC66E3,1,0,11,0,1,osmo13k072z6ua8258533glfrrsep4ff6f4j5j3k3pc,2.0E22,ibc/F16FDC11A7662B86BC0B9CE61871CBACF7C20606F95E86260FD38915184B75B4,732,1.783321721782E9
65685197|1|1|0|11|1,1.783323766017E9,65685197,block_result,1,F26B35828D6ED84A433A88FF3C095EB154F528C49C68A2FEE858D2EB50500CDB,1,0,11,0,1,osmo13k072z6ua8258533glfrrsep4ff6f4j5j3k3pc,1.0E22,ibc/F16FDC11A7662B86BC0B9CE61871CBACF7C20606F95E86260FD38915184B75B4,732,1.783323769772E9
65691292|1|0|0|11|1,1.783330766142E9,65691292,block_result,1,B23C2203D4D1CCDD4E98FEA068D3CB3CF889EA4FA0ED69E1484EB8A38D962211,0,0,11,0,1,osmo13k072z6ua8258533glfrrsep4ff6f4j5j3k3pc,2.1488E22,ibc/F16FDC11A7662B86BC0B9CE61871CBACF7C20606F95E86260FD38915184B75B4,732,1.783330771855E9
9131118|1|2|0|9|1,1.681258296763E9,9131118,block_result,1,18235ACE41F02940A7D721DCF386151D4F6C42696828D15573AD428F8905C3F4,2,0,9,0,1,osmo16aypymlama0lk5s8c9s30s09eacpvwnav7ewjv,1.682345993779256E20,ibc/F16FDC11A7662B86BC0B9CE61871CBACF7C20606F95E86260FD38915184B75B4,732,1.717449760670102E9
9131118|1|2|0|9|2,1.681258296763E9,9131118,block_result,1,18235ACE41F02940A7D721DCF386151D4F6C42696828D15573AD428F8905C3F4,2,0,9,0,2,osmo16aypymlama0lk5s8c9s30s09eacpvwnav7ewjv,7000000.0,uosmo,732,1.717449760670102E9
30473478|1|0|0|11|2,1.740677586996E9,30473478,block_result,1,B97C3C5769A41ABDBA5B05A901660A17C884CF7608EDC38F021AD8395ED578BC,0,0,11,0,2,osmo16aypymlama0lk5s8c9s30s09eacpvwnav7ewjv,1.0E8,uosmo,732,1.741375358620614E9
30473478|1|0|0|11|1,1.740677586996E9,30473478,block_result,1,B97C3C5769A41ABDBA5B05A901660A17C884CF7608EDC38F021AD8395ED578BC,0,0,11,0,1,osmo16aypymlama0lk5s8c9s30s09eacpvwnav7ewjv,2.652886707704349E21,ibc/F16FDC11A7662B86BC0B9CE61871CBACF7C20606F95E86260FD38915184B75B4,732,1.741375358620614E9
30473776|1|2|0|11|1,1.740677955659E9,30473776,block_result,1,C88A803D043FC8B5AD1676C7AF4CFED9BE7BA8450C7DB058E0E9C07822C29C92,2,0,11,0,1,osmo16aypymlama0lk5s8c9s30s09eacpvwnav7ewjv,1.9896650307782613E21,ibc/F16FDC11A7662B86BC0B9CE61871CBACF7C20606F95E86260FD38915184B75B4,732,1.741375343235314E9
30473776|1|2|0|11|2,1.740677955659E9,30473776,block_result,1,C88A803D043FC8B5AD1676C7AF4CFED9BE7BA8450C7DB058E0E9C07822C29C92,2,0,11,0,2,osmo16aypymlama0lk5s8c9s30s09eacpvwnav7ewjv,7.5E7,uosmo,732,1.741375343235314E9
4730853|1|9|0|9|2,1.655164750214E9,4730853,block_result,1,FBB24AE52E01E74D5FFFE64FAE716E986C89655950609CDDED4F491B1536C9C1,9,0,9,0,2,osmo1fdrmewgsdejuj4c7rcy9cl8y95zrgax7kurjnd,37741.0,uosmo,732,1.717583101028886E9
4730853|1|9|0|9|1,1.655164750214E9,4730853,block_result,1,FBB24AE52E01E74D5FFFE64FAE716E986C89655950609CDDED4F491B1536C9C1,9,0,9,0,1,osmo1fdrmewgsdejuj4c7rcy9cl8y95zrgax7kurjnd,9.999999999999094E17,ibc/F16FDC11A7662B86BC0B9CE61871CBACF7C20606F95E86260FD38915184B75B4,732,1.717583101028886E9
4718861|1|18|0|9|1,1.655089549172E9,4718861,block_result,1,D521E43FFCDF1364D67E4349BA9EF4F09DA7A4E5E3CC124CCBC5FAB17A9284B8,18,0,9,0,1,osmo16jexsf558vvdwwl2cfj0mzr4x63xjpac5cs9rv,2.540837926E20,ibc/F16FDC11A7662B86BC0B9CE61871CBACF7C20606F95E86260FD38915184B75B4,732,1.717583692944215E9
4730808|1|3|0|9|1,1.65516447117E9,4730808,block_result,1,4916832DD841034758A3756CE14D0F44DD39D3C6753431D70F3686621351B540,3,0,9,0,1,osmo1fdrmewgsdejuj4c7rcy9cl8y95zrgax7kurjnd,8.999868999999986E18,ibc/F16FDC11A7662B86BC0B9CE61871CBACF7C20606F95E86260FD38915184B75B4,732,1.717605713527928E9
4730808|1|3|0|9|2,1.65516447117E9,4730808,block_result,1,4916832DD841034758A3756CE14D0F44DD39D3C6753431D70F3686621351B540,3,0,9,0,2,osmo1fdrmewgsdejuj4c7rcy9cl8y95zrgax7kurjnd,339661.0,uosmo,732,1.717605713527928E9
30521998|1|4|0|11|2,1.740738783029E9,30521998,block_result,1,8C1DBE414EB2032396A9F58B5F88E777DE6FFB504221F4BBBED496D71FA1B689,4,0,11,0,2,osmo16aypymlama0lk5s8c9s30s09eacpvwnav7ewjv,1.0E8,uosmo,732,1.741368848685874E9
30521998|1|4|0|11|1,1.740738783029E9,30521998,block_result,1,8C1DBE414EB2032396A9F58B5F88E777DE6FFB504221F4BBBED496D71FA1B689,4,0,11,0,1,osmo16aypymlama0lk5s8c9s30s09eacpvwnav7ewjv,2.637188499619862E21,ibc/F16FDC11A7662B86BC0B9CE61871CBACF7C20606F95E86260FD38915184B75B4,732,1.741368848685874E9
30532115|1|1|0|11|1,1.740751407183E9,30532115,block_result,1,E5F58F20FC246332D1C2DF7D30917F6FE48B7DE3C67A73753EF796B2A2F01A3F,1,0,11,0,1,osmo16aypymlama0lk5s8c9s30s09eacpvwnav7ewjv,1.263311553645593E21,ibc/F16FDC11A7662B86BC0B9CE61871CBACF7C20606F95E86260FD38915184B75B4,732,1.741368444812484E9
30532115|1|1|0|11|2,1.740751407183E9,30532115,block_result,1,E5F58F20FC246332D1C2DF7D30917F6FE48B7DE3C67A73753EF796B2A2F01A3F,1,0,11,0,2,osmo16aypymlama0lk5s8c9s30s09eacpvwnav7ewjv,5.0E7,uosmo,732,1.741368444812484E9
30552315|1|2|0|11|2,1.74077665766E9,30552315,block_result,1,D9D60AEB2F1553ABFF6D9F72651D9F7FC82742E80C9542B7816DFEA123E1E994,2,0,11,0,2,osmo16aypymlama0lk5s8c9s30s09eacpvwnav7ewjv,1.2E8,uosmo,732,1.741365363788727E9
30552315|1|2|0|11|1,1.74077665766E9,30552315,block_result,1,D9D60AEB2F1553ABFF6D9F72651D9F7FC82742E80C9542B7816DFEA123E1E994,2,0,11,0,1,osmo16aypymlama0lk5s8c9s30s09eacpvwnav7ewjv,3.046656675073543E21,ibc/F16FDC11A7662B86BC0B9CE61871CBACF7C20606F95E86260FD38915184B75B4,732,1.741365363788727E9
30553006|1|5|0|11|2,1.74077751555E9,30553006,block_result,1,40725AD3A7CB5E6D2AF2DFB1C4497F797E5E6F8AE28DDB3C8925A2B7AF349CB5,5,0,11,0,2,osmo16aypymlama0lk5s8c9s30s09eacpvwnav7ewjv,7.0E7,uosmo,732,1.741365331861909E9
30553006|1|5|0|11|1,1.74077751555E9,30553006,block_result,1,40725AD3A7CB5E6D2AF2DFB1C4497F797E5E6F8AE28DDB3C8925A2B7AF349CB5,5,0,11,0,1,osmo16aypymlama0lk5s8c9s30s09eacpvwnav7ewjv,1.7772163937929E21,ibc/F16FDC11A7662B86BC0B9CE61871CBACF7C20606F95E86260FD38915184B75B4,732,1.741365331861909E9
30553813|1|1|0|11|1,1.740778515837E9,30553813,block_result,1,F0D30698C668A350FA91977A827DB694AB59DB4DAA01CF0770A4F0161FDB4F22,1,0,11,0,1,osmo16aypymlama0lk5s8c9s30s09eacpvwnav7ewjv,3.046656675073543E21,ibc/F16FDC11A7662B86BC0B9CE61871CBACF7C20606F95E86260FD38915184B75B4,732,1.741365291687868E9
30553813|1|1|0|11|2,1.740778515837E9,30553813,block_result,1,F0D30698C668A350FA91977A827DB694AB59DB4DAA01CF0770A4F0161FDB4F22,1,0,11,0,2,osmo16aypymlama0lk5s8c9s30s09eacpvwnav7ewjv,1.2E8,uosmo,732,1.741365291687868E9
30554917|1|4|0|11|2,1.740779884309E9,30554917,block_result,1,CC8C262B29DADE43AAE0346917EDCF1213EEDF095D40EA6AD52EF2B07299F888,4,0,11,0,2,osmo16aypymlama0lk5s8c9s30s09eacpvwnav7ewjv,1.0E8,uosmo,732,1.74136523532299E9
30554917|1|4|0|11|1,1.740779884309E9,30554917,block_result,1,CC8C262B29DADE43AAE0346917EDCF1213EEDF095D40EA6AD52EF2B07299F888,4,0,11,0,1,osmo16aypymlama0lk5s8c9s30s09eacpvwnav7ewjv,2.529334082031681E21,ibc/F16FDC11A7662B86BC0B9CE61871CBACF7C20606F95E86260FD38915184B75B4,732,1.74136523532299E9
8662368|1|15|0|9|1,1.678581031861E9,8662368,block_result,1,DA27A57A7DBF86C28D9EF8E93A47FAE9E0B6295B0ABFA8699AD0027AA920F889,15,0,9,0,1,osmo1s84q7zy0a0f7dchrpj2fk89gyglkwm2eqrzwxu,4.80457276779713E19,ibc/F16FDC11A7662B86BC0B9CE61871CBACF7C20606F95E86260FD38915184B75B4,732,1.717461117773458E9
8662393|1|10|0|9|1,1.678581175315E9,8662393,block_result,1,F2B4D0F54CFFFB6450861D87744C019F4BC4A0EAE8C2C45270ABE9BF12D115B4,10,0,9,0,1,osmo1s84q7zy0a0f7dchrpj2fk89gyglkwm2eqrzwxu,2.3899802203523916E19,ibc/F16FDC11A7662B86BC0B9CE61871CBACF7C20606F95E86260FD38915184B75B4,732,1.717461120375138E9
8662336|1|6|0|9|1,1.678580862664E9,8662336,block_result,1,2E5C2A481B503034BC834F06EDE9DD78C5E14ACBC8CD1A8767A6324A5809ECCD,6,0,9,0,1,osmo1s84q7zy0a0f7dchrpj2fk89gyglkwm2eqrzwxu,3.641E20,ibc/F16FDC11A7662B86BC0B9CE61871CBACF7C20606F95E86260FD38915184B75B4,732,1.717461124908824E9
8662347|1|13|0|9|1,1.678580924336E9,8662347,block_result,1,C56A53B6ED9CD0C4BDD8D8688B298965DA0A0F3D9F22786B2BBE183672EAEDF1,13,0,9,0,1,osmo1s84q7zy0a0f7dchrpj2fk89gyglkwm2eqrzwxu,1.9252150766224907E20,ibc/F16FDC11A7662B86BC0B9CE61871CBACF7C20606F95E86260FD38915184B75B4,732,1.717461125438737E9
8662353|1|28|0|9|1,1.678580954939E9,8662353,block_result,1,C63B695FA75D160CA1E81C24F940A410407A3760101EC0E91757DD76FAB0EF42,28,0,9,0,1,osmo1s84q7zy0a0f7dchrpj2fk89gyglkwm2eqrzwxu,9.617993067650659E19,ibc/F16FDC11A7662B86BC0B9CE61871CBACF7C20606F95E86260FD38915184B75B4,732,1.7174611269718E9
8662479|1|5|0|9|1,1.678581665385E9,8662479,block_result,1,4E3BE1B34C5419E4949F6CFE0CF3DF11B3568C81B806F4D70345B20869B25DF8,5,0,9,0,1,osmo1s84q7zy0a0f7dchrpj2fk89gyglkwm2eqrzwxu,2.0057790871681212E19,ibc/F16FDC11A7662B86BC0B9CE61871CBACF7C20606F95E86260FD38915184B75B4,732,1.717461170036046E9
32058495|1|0|0|11|1,1.742682942078E9,32058495,block_result,1,F5419D903DC48FBD0443B7DCEA54A300C112B89568D532F687696183B824827F,0,0,11,0,1,osmo16aypymlama0lk5s8c9s30s09eacpvwnav7ewjv,1.0E8,uosmo,732,1.74268296393106E9
31497188|1|4|0|11|1,1.741972140765E9,31497188,block_result,1,6ED8B679B0EE6B6623E6670C7A8ADDA75D88E4CE63BB206FCABD8FB2EDEED1C4,4,0,11,0,1,osmo16aypymlama0lk5s8c9s30s09eacpvwnav7ewjv,1.4999999999999995E21,ibc/F16FDC11A7662B86BC0B9CE61871CBACF7C20606F95E86260FD38915184B75B4,732,1.741972205434033E9
31497188|1|4|0|11|2,1.741972140765E9,31497188,block_result,1,6ED8B679B0EE6B6623E6670C7A8ADDA75D88E4CE63BB206FCABD8FB2EDEED1C4,4,0,11,0,2,osmo16aypymlama0lk5s8c9s30s09eacpvwnav7ewjv,4.971358E7,uosmo,732,1.741972205434033E9
7642062|1|0|0|9|1,1.672808109702E9,7642062,block_result,1,5CDD1E4C2EE488F17AD9A24F94BDC0A1DE910EC64FD1A4BDE327A03475488565,0,0,9,0,1,osmo1xkdcwxm7ce8zxa80sexkdjfejundlp2dcurc62,1000000.0,uosmo,732,1.717490605382724E9
60138842|1|0|0|11|2,1.777049214498E9,60138842,block_result,1,EB7158AB65334CBEE9BBA42361DFF485ABB619F47D6299FC39B928AECF9A0144,0,0,11,0,2,osmo1jvh8rple9vrc0egw6edk0t98tnpx4ffmu6f0e6,4.5E8,uosmo,732,1.77704921895E9
60138842|1|0|0|11|1,1.777049214498E9,60138842,block_result,1,EB7158AB65334CBEE9BBA42361DFF485ABB619F47D6299FC39B928AECF9A0144,0,0,11,0,1,osmo1jvh8rple9vrc0egw6edk0t98tnpx4ffmu6f0e6,3.526001115825931E20,ibc/F16FDC11A7662B86BC0B9CE61871CBACF7C20606F95E86260FD38915184B75B4,732,1.77704921895E9
8825390|1|2|0|9|1,1.679513264693E9,8825390,block_result,1,3F9AD86E68DBAB9FBDDC66B319391566F54BCAC4465EA5BFC529FBA0221CBE76,2,0,9,0,1,osmo1s84q7zy0a0f7dchrpj2fk89gyglkwm2eqrzwxu,5.063738648113189E19,ibc/F16FDC11A7662B86BC0B9CE61871CBACF7C20606F95E86260FD38915184B75B4,732,1.717457177490639E9
8825294|1|2|0|9|1,1.679512709348E9,8825294,block_result,1,D24B87065C8EA98941F0A2CB34636AE4305090D1AEB76A4E3DE00E23545AFE97,2,0,9,0,1,osmo1s84q7zy0a0f7dchrpj2fk89gyglkwm2eqrzwxu,1.8E20,ibc/F16FDC11A7662B86BC0B9CE61871CBACF7C20606F95E86260FD38915184B75B4,732,1.717457298303823E9
8825383|1|14|0|9|1,1.679513228106E9,8825383,block_result,1,8B0A8D9A3572F34F25174EA3D83F05372A29CAEAD4D5AD9977DF9546DD371A61,14,0,9,0,1,osmo1s84q7zy0a0f7dchrpj2fk89gyglkwm2eqrzwxu,1.015678E20,ibc/F16FDC11A7662B86BC0B9CE61871CBACF7C20606F95E86260FD38915184B75B4,732,1.717457526602304E9
12128081|1|0|0|9|1,1.698682124905E9,12128081,block_result,1,253158FA3FF30830508A70A7CE5A0D98C380F6F7C0C5190BDBE87E535B3798AA,0,0,9,0,1,osmo1s84q7zy0a0f7dchrpj2fk89gyglkwm2eqrzwxu,1.0944101375841403E19,ibc/F16FDC11A7662B86BC0B9CE61871CBACF7C20606F95E86260FD38915184B75B4,732,1.717189064385795E9
12128274|1|64|0|9|1,1.698683276736E9,12128274,block_result,1,6713930174CB774C84F3406963AA8AA25B678D8CD30A4E41A1EB62D8D4F9A8C8,64,0,9,0,1,osmo1s84q7zy0a0f7dchrpj2fk89gyglkwm2eqrzwxu,2.6745042323499622E19,ibc/F16FDC11A7662B86BC0B9CE61871CBACF7C20606F95E86260FD38915184B75B4,732,1.717189189773172E9
8205043|1|8|0|9|1,1.675997346848E9,8205043,block_result,1,E145CDEF5CD740C5312F699125CB910450C69ABC76FB3B0264756134F331122D,8,0,9,0,1,osmo1dtc9eky6pt0zfssh60k3duywjacfu88y93tpx6,1.286E9,uosmo,732,1.717473226761299E9
9312351|1|0|0|9|1,1.682293454358E9,9312351,block_result,1,86947C89C488D62B8AE05535D8ADF1896F9CE339F3AF8AD58A91FB61B85E8156,0,0,9,0,1,osmo1s84q7zy0a0f7dchrpj2fk89gyglkwm2eqrzwxu,1.99999E21,ibc/F16FDC11A7662B86BC0B9CE61871CBACF7C20606F95E86260FD38915184B75B4,732,1.717445304819739E9
6468691|1|1|0|9|1,1.665929412756E9,6468691,block_result,1,65B3E6C77E2FC73239704368143DC71B1B8CE755AEFBD2ABB4C94DF117C223E0,1,0,9,0,1,osmo16aypymlama0lk5s8c9s30s09eacpvwnav7ewjv,6.443457158133829E19,ibc/F16FDC11A7662B86BC0B9CE61871CBACF7C20606F95E86260FD38915184B75B4,732,1.717525429587243E9
6468691|1|1|0|9|2,1.665929412756E9,6468691,block_result,1,65B3E6C77E2FC73239704368143DC71B1B8CE755AEFBD2ABB4C94DF117C223E0,1,0,9,0,2,osmo16aypymlama0lk5s8c9s30s09eacpvwnav7ewjv,3600000.0,uosmo,732,1.717525429587243E9
71100233|1|1|0|11|1,1.790087235291E9,71100233,block_result,1,04BBD9BA5C533498984150BA5B823D20762369929AE07A14BE7C8C321C23016F,1,0,11,0,1,osmo16aypymlama0lk5s8c9s30s09eacpvwnav7ewjv,3.37630379808977E21,ibc/F16FDC11A7662B86BC0B9CE61871CBACF7C20606F95E86260FD38915184B75B4,732,1.790087240458E9
71100233|1|1|0|11|2,1.790087235291E9,71100233,block_result,1,04BBD9BA5C533498984150BA5B823D20762369929AE07A14BE7C8C321C23016F,1,0,11,0,2,osmo16aypymlama0lk5s8c9s30s09eacpvwnav7ewjv,9.401692E9,uosmo,732,1.790087240458E9
14067656|1|13|0|11|1,1.709280249183E9,14067656,block_result,1,0B478EDBBBDA4B957BF61C8036ADA7A7AED0946643CB22EAE5DD642EFC52F4F5,13,0,11,0,1,osmo16aypymlama0lk5s8c9s30s09eacpvwnav7ewjv,4.999999999999823E18,ibc/F16FDC11A7662B86BC0B9CE61871CBACF7C20606F95E86260FD38915184B75B4,732,1.717053238027315E9
14067656|1|13|0|11|2,1.709280249183E9,14067656,block_result,1,0B478EDBBBDA4B957BF61C8036ADA7A7AED0946643CB22EAE5DD642EFC52F4F5,13,0,11,0,2,osmo16aypymlama0lk5s8c9s30s09eacpvwnav7ewjv,189924.0,uosmo,732,1.717053238027315E9
22185649|1|3|0|11|2,1.728634238679E9,22185649,block_result,1,801AD80BC19FFB31A27918AB0AC5FC4EEA028DF560BF1AAC898F9B2B78733FBA,3,0,11,0,2,osmo16aypymlama0lk5s8c9s30s09eacpvwnav7ewjv,6371490.0,uosmo,732,1.728634242554581E9
22185649|1|3|0|11|1,1.728634238679E9,22185649,block_result,1,801AD80BC19FFB31A27918AB0AC5FC4EEA028DF560BF1AAC898F9B2B78733FBA,3,0,11,0,1,osmo16aypymlama0lk5s8c9s30s09eacpvwnav7ewjv,4.999999808001073E20,ibc/F16FDC11A7662B86BC0B9CE61871CBACF7C20606F95E86260FD38915184B75B4,732,1.728634242554581E9
8470700|1|16|0|9|1,1.677494740647E9,8470700,block_result,1,690BB7BEE5D90137DC8A01F42669A5DDD65AA7F2925408A3DA986E4A659C9C56,16,0,9,0,1,osmo16hp7wzudkeyw6fvgvalm0fh3elp9czhf9l3k7l,1680000.0,uosmo,732,1.717466894287623E9
4990775|1|1|0|9|1,1.656789006768E9,4990775,block_result,1,1A8DA37EAE43615689F24A5D0B246BD8645EBC4317F4530BE57942807CA6BD23,1,0,9,0,1,osmo1s8elzc7pltmwf3xfcdph44c09dvq7gsjfqf95a,9.28942057543689E19,ibc/F16FDC11A7662B86BC0B9CE61871CBACF7C20606F95E86260FD38915184B75B4,732,1.717568689437061E9
4990775|1|1|0|9|2,1.656789006768E9,4990775,block_result,1,1A8DA37EAE43615689F24A5D0B246BD8645EBC4317F4530BE57942807CA6BD23,1,0,9,0,2,osmo1s8elzc7pltmwf3xfcdph44c09dvq7gsjfqf95a,8482228.0,uosmo,732,1.717568689437061E9
4991374|1|13|0|9|1,1.656792742043E9,4991374,block_result,1,2F1D65DD1AAA788A14126127501F2C45BEB74551DEFB31B184FF47AB40A116A4,13,0,9,0,1,osmo16jexsf558vvdwwl2cfj0mzr4x63xjpac5cs9rv,350000.0,uosmo,732,1.717592920176891E9
6586213|1|4|0|9|1,1.666631742304E9,6586213,block_result,1,15356DD4E98F1C99932145CAC209D533251622795975645C1E220F7C0A9CC480,4,0,9,0,1,osmo1s84q7zy0a0f7dchrpj2fk89gyglkwm2eqrzwxu,8.877382347832603E19,ibc/F16FDC11A7662B86BC0B9CE61871CBACF7C20606F95E86260FD38915184B75B4,732,1.717513093837736E9
37188153|1|0|0|11|1,1.749231069451E9,37188153,block_result,1,99A33F76D43B8CFEFE9421D38002AD13F46851009330ABA7D0DE31DC641D1F6C,0,0,11,0,1,osmo1qctsnew9jprsk2jdngu6ddemgd3h4f49sg49p8,7.494710739261605E19,ibc/F16FDC11A7662B86BC0B9CE61871CBACF7C20606F95E86260FD38915184B75B4,732,1.749231124386726E9
7173765|1|18|0|9|1,1.670112537497E9,7173765,block_result,1,BA7884A776F0EC0D8033109C217FF7DDCB9E92BD3478F2287B9C67159847EC56,18,0,9,0,1,osmo1s84q7zy0a0f7dchrpj2fk89gyglkwm2eqrzwxu,3.2533787497952783E18,ibc/F16FDC11A7662B86BC0B9CE61871CBACF7C20606F95E86260FD38915184B75B4,732,1.717503324356419E9
7393019|1|11|0|9|1,1.671387569267E9,7393019,block_result,1,A3FB43330189492755F3171E38C7E3823A7245BD9737E101D8996AFD2C774823,11,0,9,0,1,osmo1s84q7zy0a0f7dchrpj2fk89gyglkwm2eqrzwxu,2.6095689251155415E18,ibc/F16FDC11A7662B86BC0B9CE61871CBACF7C20606F95E86260FD38915184B75B4,732,1.717494560485607E9
6908320|1|2|0|9|1,1.668548931162E9,6908320,block_result,1,1B53A9D0D9477E9C8A41B592A6B12C0933963A8547C7F905E682E22B6F7481A3,2,0,9,0,1,osmo1s84q7zy0a0f7dchrpj2fk89gyglkwm2eqrzwxu,5.3749443399195025E19,ibc/F16FDC11A7662B86BC0B9CE61871CBACF7C20606F95E86260FD38915184B75B4,732,1.717504284420014E9
6897244|1|3|0|9|1,1.668483323385E9,6897244,block_result,1,950A6FC2EE9D3B41B14EBE77824298FF74F98105BF9F45573023211E73DB3720,3,0,9,0,1,osmo1s84q7zy0a0f7dchrpj2fk89gyglkwm2eqrzwxu,8.943019489316345E19,ibc/F16FDC11A7662B86BC0B9CE61871CBACF7C20606F95E86260FD38915184B75B4,732,1.717514618379087E9
6895399|1|21|0|9|1,1.668472510023E9,6895399,block_result,1,D1E51D7C2280E358F3AA15305A3EFF4BA90FEB3481B0B8B3F75DFE3008FA785D,21,0,9,0,1,osmo1s84q7zy0a0f7dchrpj2fk89gyglkwm2eqrzwxu,8.360093462931813E20,ibc/F16FDC11A7662B86BC0B9CE61871CBACF7C20606F95E86260FD38915184B75B4,732,1.717514872741511E9
6519571|1|2|0|9|1,1.666233127738E9,6519571,block_result,1,02329DC0ACC88544AA90A7DC905766AD443ADB28285BE6AE38672B4148E661FF,2,0,9,0,1,osmo1s84q7zy0a0f7dchrpj2fk89gyglkwm2eqrzwxu,5.0E19,ibc/F16FDC11A7662B86BC0B9CE61871CBACF7C20606F95E86260FD38915184B75B4,732,1.717513907132958E9
6519364|1|4|0|9|1,1.666231903244E9,6519364,block_result,1,565AB7B761868F5D689731BB0FF6D65FED8D298D704EE886C2C69C42C9557692,4,0,9,0,1,osmo1s84q7zy0a0f7dchrpj2fk89gyglkwm2eqrzwxu,1.4E19,ibc/F16FDC11A7662B86BC0B9CE61871CBACF7C20606F95E86260FD38915184B75B4,732,1.717513918265991E9
6532119|1|33|0|9|1,1.666308113555E9,6532119,block_result,1,83414EFCB996366019122276AAA6D9A2FF22C50A8A48D6B12277A425F687C613,33,0,9,0,1,osmo1s84q7zy0a0f7dchrpj2fk89gyglkwm2eqrzwxu,8.0E18,ibc/F16FDC11A7662B86BC0B9CE61871CBACF7C20606F95E86260FD38915184B75B4,732,1.717523350208671E9
7167960|1|15|0|9|1,1.670078309E9,7167960,block_result,1,FF9065AB1E340125B52131C51345026664048B7EDC362C35703E20A1957F5F76,15,0,9,0,1,osmo1s84q7zy0a0f7dchrpj2fk89gyglkwm2eqrzwxu,6.464063203316066E20,ibc/F16FDC11A7662B86BC0B9CE61871CBACF7C20606F95E86260FD38915184B75B4,732,1.717499089160058E9
7167274|1|3|0|9|1,1.670074343554E9,7167274,block_result,1,6B8B0CA9B3C8DBBF6222CCF446F9EFEBDA8E9C15B5CE4B23446C694A1D39F773,3,0,9,0,1,osmo1s84q7zy0a0f7dchrpj2fk89gyglkwm2eqrzwxu,1.65E20,ibc/F16FDC11A7662B86BC0B9CE61871CBACF7C20606F95E86260FD38915184B75B4,732,1.717499121157616E9
7167648|1|15|0|9|1,1.670076509117E9,7167648,block_result,1,D55EE5E4CC45CEEB4BC777D91A44D98F1D6CF30353841526FCC448BAD4970BDF,15,0,9,0,1,osmo1s84q7zy0a0f7dchrpj2fk89gyglkwm2eqrzwxu,3.723080007855093E20,ibc/F16FDC11A7662B86BC0B9CE61871CBACF7C20606F95E86260FD38915184B75B4,732,1.717504641561463E9
5484080|1|12|0|9|1,1.659872487095E9,5484080,block_result,1,03553A78B7CCA066AE478A35810D44AC41B08C488EEC18045781223A18EF2711,12,0,9,0,1,osmo1ted047fe3lsqt22uraq5tqvgupkq8ues6qhywk,1.0E19,ibc/F16FDC11A7662B86BC0B9CE61871CBACF7C20606F95E86260FD38915184B75B4,732,1.717549656467356E9
5485326|1|22|0|9|1,1.659880108325E9,5485326,block_result,1,FA64B52A60E0317F27163D6188403DB90A5B14A5905A4CB7F59DB9E6BBF5E94D,22,0,9,0,1,osmo1zfdn9jpqkr4lcwpxredrxk2425s69cqx775akc,1.0E19,ibc/F16FDC11A7662B86BC0B9CE61871CBACF7C20606F95E86260FD38915184B75B4,732,1.717565605300661E9
5483628|1|32|0|9|1,1.659869721509E9,5483628,block_result,1,91D8A62E3E03FCE56D4D3B70A1BBF0555E76B4CC8D7306AAB544CE21EEEC7047,32,0,9,0,1,osmo1lggfye8nth72uzx5c5229vf37ksxlupgunjlpr,1.0E19,ibc/F16FDC11A7662B86BC0B9CE61871CBACF7C20606F95E86260FD38915184B75B4,732,1.71756563397126E9
5474012|1|4|0|9|1,1.659810843889E9,5474012,block_result,1,D92B43566EEBE1C1E489ECC8976C7AF18487448CB1D73BBA361928A6C62522FD,4,0,9,0,1,osmo134ea3yazv5rfr7ydtdq5czxw0sl4aa2ufrgwyf,1.09E19,ibc/F16FDC11A7662B86BC0B9CE61871CBACF7C20606F95E86260FD38915184B75B4,732,1.717566812741944E9
65205738|1|0|0|11|1,1.78276953132E9,65205738,block_result,1,8365B5B7871DA0891064E9702BE0D85FDE56BEB3AF2FCC6917E7E6D54913BA7C,0,0,11,0,1,osmo12960s7qmmxcewmtyh5gf95dlg3yl7vh22xq9kx,1.65E10,uosmo,732,1.782769534817E9
65157606|1|0|0|11|1,1.782713398731E9,65157606,block_result,1,6DA1809AA1925532D97719FF62B70C78FFC67E6CEC13E8450EB043804C65AFEB,0,0,11,0,1,osmo12960s7qmmxcewmtyh5gf95dlg3yl7vh22xq9kx,3.8674E22,ibc/F16FDC11A7662B86BC0B9CE61871CBACF7C20606F95E86260FD38915184B75B4,732,1.782713401827E9
6068866|1|17|0|9|1,1.663475230729E9,6068866,block_result,1,88CB0D6E1DAF3834D99118A6EE7A5E8D72EBE6512EBFD06E3F119518307E0EAF,17,0,9,0,1,osmo1jtc39dgp4k6myettzltd3nqrxf9eqfs2xshyts,1000000.0,uosmo,732,1.717539544461591E9
7200301|1|19|0|9|1,1.670266990601E9,7200301,block_result,1,FCAA933CCDE133558AE7714353D36E02AD29F38AB45447EE264EB51B4E25E641,19,0,9,0,1,osmo1s84q7zy0a0f7dchrpj2fk89gyglkwm2eqrzwxu,2.9723058830492926E19,ibc/F16FDC11A7662B86BC0B9CE61871CBACF7C20606F95E86260FD38915184B75B4,732,1.717498483621095E9
8846228|1|0|0|9|2,1.679631967785E9,8846228,block_result,1,18DAFDF537A689250002CD7AB265AC2E95727C5246127BF53D6B0C487FB8933C,0,0,9,0,2,osmo16aypymlama0lk5s8c9s30s09eacpvwnav7ewjv,2.6437781E7,uosmo,732,1.717456781082801E9
8846228|1|0|0|9|1,1.679631967785E9,8846228,block_result,1,18DAFDF537A689250002CD7AB265AC2E95727C5246127BF53D6B0C487FB8933C,0,0,9,0,1,osmo16aypymlama0lk5s8c9s30s09eacpvwnav7ewjv,3.9999999999999993E20,ibc/F16FDC11A7662B86BC0B9CE61871CBACF7C20606F95E86260FD38915184B75B4,732,1.717456781082801E9
44432676|1|0|0|11|1,1.758236802103E9,44432676,block_result,1,5AFD92AE9815C85FA02BBE9DD9537EEB709C32475B546DCBF5E9B0CDFBDAC458,0,0,11,0,1,osmo1h4lx8cm0vnrrahjjfgsjp79jjnyspy6wgts952,4.236E21,ibc/F16FDC11A7662B86BC0B9CE61871CBACF7C20606F95E86260FD38915184B75B4,732,1.758236804725313E9
8838088|1|1|0|9|1,1.679585332448E9,8838088,block_result,1,C9B505E5A3249D55A292566A6E26C5C17207A08CE66D73E008625B5CC2896FB6,1,0,9,0,1,osmo1s84q7zy0a0f7dchrpj2fk89gyglkwm2eqrzwxu,6.650435833005251E19,ibc/F16FDC11A7662B86BC0B9CE61871CBACF7C20606F95E86260FD38915184B75B4,732,1.717456913220404E9
8841429|1|2|0|9|1,1.679604821716E9,8841429,block_result,1,4434FCE9088C9061DC741741D2FA47F8E48FF4D865A6E9B5339795A6CD03A5F9,2,0,9,0,1,osmo1s84q7zy0a0f7dchrpj2fk89gyglkwm2eqrzwxu,5.7E19,ibc/F16FDC11A7662B86BC0B9CE61871CBACF7C20606F95E86260FD38915184B75B4,732,1.717457243299005E9
31611357|1|2|0|11|2,1.742117467254E9,31611357,block_result,1,FAF6B4B4F78A55003DB0010C6DDF524CEFDE913DBC305598E36D465761C0F32F,2,0,11,0,2,osmo16aypymlama0lk5s8c9s30s09eacpvwnav7ewjv,4.0119772E7,uosmo,732,1.742117524255319E9
31611357|1|2|0|11|1,1.742117467254E9,31611357,block_result,1,FAF6B4B4F78A55003DB0010C6DDF524CEFDE913DBC305598E36D465761C0F32F,2,0,11,0,1,osmo16aypymlama0lk5s8c9s30s09eacpvwnav7ewjv,9.999999999999999E20,ibc/F16FDC11A7662B86BC0B9CE61871CBACF7C20606F95E86260FD38915184B75B4,732,1.742117524255319E9
14219094|1|2|0|11|1,1.710026992574E9,14219094,block_result,1,6E43EA795D2F5C36F759358AA93A4E238521C602D2EF56B05811B567E1B8A28B,2,0,11,0,1,osmo1s8elzc7pltmwf3xfcdph44c09dvq7gsjfqf95a,2.0153206955197208E21,ibc/F16FDC11A7662B86BC0B9CE61871CBACF7C20606F95E86260FD38915184B75B4,732,1.717038758408538E9
14219094|1|2|0|11|2,1.710026992574E9,14219094,block_result,1,6E43EA795D2F5C36F759358AA93A4E238521C602D2EF56B05811B567E1B8A28B,2,0,11,0,2,osmo1s8elzc7pltmwf3xfcdph44c09dvq7gsjfqf95a,4.0E7,uosmo,732,1.717038758408538E9
27837622|1|2|0|11|1,1.737132245423E9,27837622,block_result,1,323AAE1650D2452BDBE9BD3F2EC6A06B2274D27F56399C593BBD2E69CA251609,2,0,11,0,1,osmo1qp878w88h7ed8pc5e5redc44ykjsfwz0f3xqd9,5000000.0,uosmo,732,1.737132248113029E9
27845157|1|3|0|11|1,1.737142390248E9,27845157,block_result,1,99E58BD3BA4E2C1A58C1E86A5C14910722546D1ADFE17335AA8C0F9001192CC1,3,0,11,0,1,osmo1qp878w88h7ed8pc5e5redc44ykjsfwz0f3xqd9,1.3248958147970367E22,ibc/F16FDC11A7662B86BC0B9CE61871CBACF7C20606F95E86260FD38915184B75B4,732,1.737142393106252E9
71561020|1|0|0|11|1,1.790684790579E9,71561020,block_result,1,D77D697A62EAB5BE822379245DB57249B10DCE801C2B3E0AC2E681E72263623D,0,0,11,0,1,osmo194lta9864uydejmxcf97nrjn0v0mdcj7pauaa0,1.0222382451223238E18,ibc/F16FDC11A7662B86BC0B9CE61871CBACF7C20606F95E86260FD38915184B75B4,732,1.790684793172E9
66017383|1|1|0|11|1,1.783709434252E9,66017383,block_result,1,082CA7C804DCCC8E7FD06CE5B757506C58A74A02161AA9A40CCBE8747AB0A94C,1,0,11,0,1,osmo13k072z6ua8258533glfrrsep4ff6f4j5j3k3pc,3.2E22,ibc/F16FDC11A7662B86BC0B9CE61871CBACF7C20606F95E86260FD38915184B75B4,732,1.783709440263E9
66018597|1|1|0|11|1,1.783710814552E9,66018597,block_result,1,02EF351A5BD63FAD6119E62DB292C9D6993DCFEC932EDED382B909B0E2E94D02,1,0,11,0,1,osmo13k072z6ua8258533glfrrsep4ff6f4j5j3k3pc,2.0E22,ibc/F16FDC11A7662B86BC0B9CE61871CBACF7C20606F95E86260FD38915184B75B4,732,1.783710818269E9
9482933|1|4|0|9|1,1.683267862407E9,9482933,block_result,1,F7C95BA1C67582FE0C67F1226855F7293BCAFFACCFB8EB9A4C36093BB3D63D4C,4,0,9,0,1,osmo17uyvfmejsljqmfgqqzv5y2vqrtaf4nlk87yxdz,4.0E20,ibc/F16FDC11A7662B86BC0B9CE61871CBACF7C20606F95E86260FD38915184B75B4,732,1.717442039062034E9
9483317|1|2|0|9|1,1.683270038041E9,9483317,block_result,1,DD48AB917729694D7AA6C4041CF6937B2BF083229D1AA6DBBC9BD407EAC9F290,2,0,9,0,1,osmo17uyvfmejsljqmfgqqzv5y2vqrtaf4nlk87yxdz,4.061040650488092E20,ibc/F16FDC11A7662B86BC0B9CE61871CBACF7C20606F95E86260FD38915184B75B4,732,1.717442036226945E9
9483698|1|1|0|9|1,1.683272210367E9,9483698,block_result,1,15BA01144C1F412E3BAD94E0358E91BF5B91F51AC4992ECC955EE9F35A8D7AE8,1,0,9,0,1,osmo17uyvfmejsljqmfgqqzv5y2vqrtaf4nlk87yxdz,8.044947437003869E20,ibc/F16FDC11A7662B86BC0B9CE61871CBACF7C20606F95E86260FD38915184B75B4,732,1.717442047488795E9
9431428|1|2|0|9|1,1.682974000097E9,9431428,block_result,1,55B98E965C97F0AF42465E2EFA2C7B9C4A63868ABD63BA0AC10A4103E9BBDB17,2,0,9,0,1,osmo16aypymlama0lk5s8c9s30s09eacpvwnav7ewjv,3.0001655211174726E21,ibc/F16FDC11A7662B86BC0B9CE61871CBACF7C20606F95E86260FD38915184B75B4,732,1.71744379136519E9
9431428|1|2|0|9|2,1.682974000097E9,9431428,block_result,1,55B98E965C97F0AF42465E2EFA2C7B9C4A63868ABD63BA0AC10A4103E9BBDB17,2,0,9,0,2,osmo16aypymlama0lk5s8c9s30s09eacpvwnav7ewjv,9.725849E7,uosmo,732,1.71744379136519E9
8823776|1|2|0|9|2,1.679503459345E9,8823776,block_result,1,B48CA456285ABF3C3B19640541BB085D651BF60869BFD03F53B5DB8B50BB08E6,2,0,9,0,2,osmo1uxthxgqhmxaqlh5u6990j48x5y0u2udf95krd5,2312976.0,uosmo,732,1.71745764857021E9
8823776|1|2|0|9|1,1.679503459345E9,8823776,block_result,1,B48CA456285ABF3C3B19640541BB085D651BF60869BFD03F53B5DB8B50BB08E6,2,0,9,0,1,osmo1uxthxgqhmxaqlh5u6990j48x5y0u2udf95krd5,3.5266026783629865E19,ibc/F16FDC11A7662B86BC0B9CE61871CBACF7C20606F95E86260FD38915184B75B4,732,1.71745764857021E9
8964086|1|1|0|9|2,1.680303810443E9,8964086,block_result,1,2BA8DE012B58E8A3F4EF7D217D3CFA7D21C1BAE01FB5F31ECD5EDFD86E5AB510,1,0,9,0,2,osmo1rf9730zsdspyukpky43xg5nkdjj3ccwdj8zur2,85435.0,uosmo,732,1.717453370377175E9
8964086|1|1|0|9|1,1.680303810443E9,8964086,block_result,1,2BA8DE012B58E8A3F4EF7D217D3CFA7D21C1BAE01FB5F31ECD5EDFD86E5AB510,1,0,9,0,1,osmo1rf9730zsdspyukpky43xg5nkdjj3ccwdj8zur2,1.5092192547822065E18,ibc/F16FDC11A7662B86BC0B9CE61871CBACF7C20606F95E86260FD38915184B75B4,732,1.717453370377175E9
8957891|1|2|0|9|1,1.680268283586E9,8957891,block_result,1,403B2C114CC0E5CC578BBFAC19D196D2C6403E30B9E11A7E5BA0D4C7D72CB024,2,0,9,0,1,osmo1s84q7zy0a0f7dchrpj2fk89gyglkwm2eqrzwxu,6.0E20,ibc/F16FDC11A7662B86BC0B9CE61871CBACF7C20606F95E86260FD38915184B75B4,732,1.717454740967763E9
8957903|1|5|0|9|1,1.680268350469E9,8957903,block_result,1,0FED3BF8353E2FA28D43C220961CB310C11ACE8C235301F0ECAFFF1E05BCC209,5,0,9,0,1,osmo1s84q7zy0a0f7dchrpj2fk89gyglkwm2eqrzwxu,1.7229898514309883E20,ibc/F16FDC11A7662B86BC0B9CE61871CBACF7C20606F95E86260FD38915184B75B4,732,1.717454839421213E9
8957896|1|0|0|9|1,1.680268314174E9,8957896,block_result,1,FB125E5FFF9D80B403A5BDEDA2C6E6E3B85C25A3AD05BA574D88B34C8D366B80,0,0,9,0,1,osmo1s84q7zy0a0f7dchrpj2fk89gyglkwm2eqrzwxu,3.448525832256117E20,ibc/F16FDC11A7662B86BC0B9CE61871CBACF7C20606F95E86260FD38915184B75B4,732,1.717454866374172E9
8957910|1|3|0|9|1,1.680268386945E9,8957910,block_result,1,919A3E466505BFCB38DEA27C4B1C89F55B0C95150C957245DF8E7351EC85E14E,3,0,9,0,1,osmo1s84q7zy0a0f7dchrpj2fk89gyglkwm2eqrzwxu,8.60646034435556E19,ibc/F16FDC11A7662B86BC0B9CE61871CBACF7C20606F95E86260FD38915184B75B4,732,1.717454867791078E9
10266754|1|0|0|9|1,1.68780076532E9,10266754,block_result,1,EC4D7F679112C77051ECAA51F53964768367475EAC83AC5622C790D919E6219C,0,0,9,0,1,osmo17uyvfmejsljqmfgqqzv5y2vqrtaf4nlk87yxdz,2.9446996112218934E20,ibc/F16FDC11A7662B86BC0B9CE61871CBACF7C20606F95E86260FD38915184B75B4,732,1.717425736457286E9
66177768|1|1|0|11|1,1.783893603186E9,66177768,block_result,1,8E2E0CFDD6349790907F0AD00A03B9C0C6CFB371038C9F97F4310E65FFF3A034,1,0,11,0,1,osmo13k072z6ua8258533glfrrsep4ff6f4j5j3k3pc,1.669E22,ibc/F16FDC11A7662B86BC0B9CE61871CBACF7C20606F95E86260FD38915184B75B4,732,1.783893607555E9
14197460|1|11|0|11|1,1.709921499706E9,14197460,block_result,1,776FBCAD2D1308169E2FC2987551DAE6EDB89A706D48DA1C5295AA0CD798E8EB,11,0,11,0,1,osmo19h65cmarqlpaz80ja26jtn4gamuvwla00r0f66,7.509922060140408E20,ibc/F16FDC11A7662B86BC0B9CE61871CBACF7C20606F95E86260FD38915184B75B4,732,1.717047753753345E9
14197460|1|11|0|11|2,1.709921499706E9,14197460,block_result,1,776FBCAD2D1308169E2FC2987551DAE6EDB89A706D48DA1C5295AA0CD798E8EB,11,0,11,0,2,osmo19h65cmarqlpaz80ja26jtn4gamuvwla00r0f66,1.3367843E7,uosmo,732,1.717047753753345E9
14197525|1|9|0|11|2,1.709921811745E9,14197525,block_result,1,F80E202E00F74270E69E64C9CC6C80DFBA909DF6EBC63D93B8477DAD66A25C37,9,0,11,0,2,osmo19h65cmarqlpaz80ja26jtn4gamuvwla00r0f66,3.0355135E7,uosmo,732,1.717047754078128E9
14197525|1|9|0|11|1,1.709921811745E9,14197525,block_result,1,F80E202E00F74270E69E64C9CC6C80DFBA909DF6EBC63D93B8477DAD66A25C37,9,0,11,0,1,osmo19h65cmarqlpaz80ja26jtn4gamuvwla00r0f66,1.694705661568863E21,ibc/F16FDC11A7662B86BC0B9CE61871CBACF7C20606F95E86260FD38915184B75B4,732,1.717047754078128E9
7791956|1|2|0|9|1,1.673660818815E9,7791956,block_result,1,097C8B7B8F333786D08A9C816A10CE395CFED23787AB84216DF08C9C3A77D9BD,2,0,9,0,1,osmo1h9tahv95naedsc7gtr76wrr3lrgv6tnras7mz2,2.174040683396704E19,ibc/F16FDC11A7662B86BC0B9CE61871CBACF7C20606F95E86260FD38915184B75B4,732,1.717484041514721E9
7791956|1|2|0|9|2,1.673660818815E9,7791956,block_result,1,097C8B7B8F333786D08A9C816A10CE395CFED23787AB84216DF08C9C3A77D9BD,2,0,9,0,2,osmo1h9tahv95naedsc7gtr76wrr3lrgv6tnras7mz2,718853.0,uosmo,732,1.717484041514721E9
6675852|1|7|0|9|1,1.667170182622E9,6675852,block_result,1,6032E50DF705ECAD7297FE283B51135520ECBA209ACE1CD9D266A68B7E7EDC2C,7,0,9,0,1,osmo1s84q7zy0a0f7dchrpj2fk89gyglkwm2eqrzwxu,6.214933086121933E20,ibc/F16FDC11A7662B86BC0B9CE61871CBACF7C20606F95E86260FD38915184B75B4,732,1.717509187057562E9
5082555|1|2|0|9|2,1.657362757559E9,5082555,block_result,1,63A3805481160D56151C1521CA54BD8229208E17C745393C3E8FF89DA84FA965,2,0,9,0,2,osmo1qg6fk9s7cq2vp53v75lvnc2ngp8e8nunk6eztd,601486.0,uosmo,732,1.717567967012318E9
5082555|1|2|0|9|1,1.657362757559E9,5082555,block_result,1,63A3805481160D56151C1521CA54BD8229208E17C745393C3E8FF89DA84FA965,2,0,9,0,1,osmo1qg6fk9s7cq2vp53v75lvnc2ngp8e8nunk6eztd,8.409754118438487E18,ibc/F16FDC11A7662B86BC0B9CE61871CBACF7C20606F95E86260FD38915184B75B4,732,1.717567967012318E9
8936147|1|4|0|9|1,1.680144311072E9,8936147,block_result,1,05BB54F0195F11C8F821EA2BFFAD3CDD92A4B40ECD68F11F99E75E9B413B3A91,4,0,9,0,1,osmo1hfyzequmfdsqx5fs06p2lvhsllz9ym07cpk9ya,8.606680887175717E19,ibc/F16FDC11A7662B86BC0B9CE61871CBACF7C20606F95E86260FD38915184B75B4,732,1.717454071144785E9
8936115|1|11|0|9|1,1.680144121683E9,8936115,block_result,1,1BFFF5B2FA395E490913E604B0C553546AF657969182A31C967E0E9721298C20,11,0,9,0,1,osmo1hfyzequmfdsqx5fs06p2lvhsllz9ym07cpk9ya,1.6033470568371084E20,ibc/F16FDC11A7662B86BC0B9CE61871CBACF7C20606F95E86260FD38915184B75B4,732,1.717454073234256E9
8936384|1|3|0|9|1,1.680145665995E9,8936384,block_result,1,0D52F25268E1310AFA706E76F1AB1276B4E772538D49F7023B4B3BED91BAE1B9,3,0,9,0,1,osmo1hfyzequmfdsqx5fs06p2lvhsllz9ym07cpk9ya,3.884465271544427E19,ibc/F16FDC11A7662B86BC0B9CE61871CBACF7C20606F95E86260FD38915184B75B4,732,1.717454084932877E9
8936461|1|6|0|9|1,1.680146102562E9,8936461,block_result,1,C5CFFB3B092AB8E205BBD926A3BB105810DBF7F7FF67152BA939AEA69A42A6A6,6,0,9,0,1,osmo1hfyzequmfdsqx5fs06p2lvhsllz9ym07cpk9ya,2.0971134472994075E20,ibc/F16FDC11A7662B86BC0B9CE61871CBACF7C20606F95E86260FD38915184B75B4,732,1.717454086454012E9
8936435|1|6|0|9|1,1.68014595062E9,8936435,block_result,1,AD6D81225E769F241CC378F610687916E72337720EAED6478BE10203193DF024,6,0,9,0,1,osmo1hfyzequmfdsqx5fs06p2lvhsllz9ym07cpk9ya,2.6774771346742415E20,ibc/F16FDC11A7662B86BC0B9CE61871CBACF7C20606F95E86260FD38915184B75B4,732,1.717454087179539E9
8937742|1|1|0|9|1,1.680153363881E9,8937742,block_result,1,DE745BFDD2B6B2126A4EA972348FBBBA0FEC87B1B95E03F5FEA1D3C38CAF5FA3,1,0,9,0,1,osmo1hfyzequmfdsqx5fs06p2lvhsllz9ym07cpk9ya,2.7119199409371615E19,ibc/F16FDC11A7662B86BC0B9CE61871CBACF7C20606F95E86260FD38915184B75B4,732,1.717454902491435E9
7829627|1|4|0|9|1,1.673875814809E9,7829627,block_result,1,0455511372B9836492CA7772FBE9D0728134DC5109BFB974E2B6435BFB43F39C,4,0,9,0,1,osmo1s84q7zy0a0f7dchrpj2fk89gyglkwm2eqrzwxu,2.95E20,ibc/F16FDC11A7662B86BC0B9CE61871CBACF7C20606F95E86260FD38915184B75B4,732,1.717484845173514E9
5626099|1|4|0|9|2,1.660748645705E9,5626099,block_result,1,F4A6E4BEE34999E493EA4AADA68DEF7B22EBD65CF3B852EBECC0F3F7D54FB318,4,0,9,0,2,osmo1m9wr2ey7lh3l7h4grvfty96zfdtjvwz3yen28w,82344.0,uosmo,732,1.717546928495683E9
5626099|1|4|0|9|1,1.660748645705E9,5626099,block_result,1,F4A6E4BEE34999E493EA4AADA68DEF7B22EBD65CF3B852EBECC0F3F7D54FB318,4,0,9,0,1,osmo1m9wr2ey7lh3l7h4grvfty96zfdtjvwz3yen28w,9.999999999998312E17,ibc/F16FDC11A7662B86BC0B9CE61871CBACF7C20606F95E86260FD38915184B75B4,732,1.717546928495683E9
5622689|1|11|0|9|1,1.660727823915E9,5622689,block_result,1,16EFA8D1285C9AC8552DE35208E457862950D0C32C6FFA4C5B7EDBEEE8441F40,11,0,9,0,1,osmo1cpat972rh4e88xmxlkfk3cg5h5zat7unx3xm9v,1.08E19,ibc/F16FDC11A7662B86BC0B9CE61871CBACF7C20606F95E86260FD38915184B75B4,732,1.717561087453008E9
63540572|1|1|0|11|1,1.780847411897E9,63540572,block_result,1,B066458B46600297F75FD78CFDDBD9B221C1473AB27D17E6432A8251A8ACBECF,1,0,11,0,1,osmo1qctsnew9jprsk2jdngu6ddemgd3h4f49sg49p8,2.2101436193148285E18,ibc/F16FDC11A7662B86BC0B9CE61871CBACF7C20606F95E86260FD38915184B75B4,732,1.7808474149E9
63540572|1|1|0|11|2,1.780847411897E9,63540572,block_result,1,B066458B46600297F75FD78CFDDBD9B221C1473AB27D17E6432A8251A8ACBECF,1,0,11,0,2,osmo1qctsnew9jprsk2jdngu6ddemgd3h4f49sg49p8,2869500.0,uosmo,732,1.7808474149E9
6788618|1|8|0|9|1,1.667838413873E9,6788618,block_result,1,C77D740A585A3A61CF4A0372EFA3C65841FFD5BD22C453D977E5249E3A4F7B2B,8,0,9,0,1,osmo1s84q7zy0a0f7dchrpj2fk89gyglkwm2eqrzwxu,4.121903802296761E19,ibc/F16FDC11A7662B86BC0B9CE61871CBACF7C20606F95E86260FD38915184B75B4,732,1.717507649229936E9
5601392|1|29|0|9|1,1.660596895773E9,5601392,block_result,1,98C2ADBC758B385182A7439C67408A329252E0BE208F8A1F7D0583DB7FDA4FA9,29,0,9,0,1,osmo134ea3yazv5rfr7ydtdq5czxw0sl4aa2ufrgwyf,9.111999999987E16,ibc/F16FDC11A7662B86BC0B9CE61871CBACF7C20606F95E86260FD38915184B75B4,732,1.717547722917289E9
5597908|1|7|0|9|1,1.660575143061E9,5597908,block_result,1,9DEE11001AE16C38FB5B1BC00815402723F557CD06239B096BD596E2D6451C88,7,0,9,0,1,osmo1fa59jlnx2aljljp7v2n9thc8ul9y74pwx35srk,1.33E20,ibc/F16FDC11A7662B86BC0B9CE61871CBACF7C20606F95E86260FD38915184B75B4,732,1.71756150176181E9
7319872|1|7|0|9|1,1.670963783011E9,7319872,block_result,1,781DE66E0E4D893E3DAC5CA1CD06C47BCD1E5DAC9B33CADA5A7279FE5795E552,7,0,9,0,1,osmo19l9wsymdh3mp7munzrlk8rs03ttnu2uaujyktu,8.899999999999448E17,ibc/F16FDC11A7662B86BC0B9CE61871CBACF7C20606F95E86260FD38915184B75B4,732,1.717496454951816E9
7319872|1|7|0|9|2,1.670963783011E9,7319872,block_result,1,781DE66E0E4D893E3DAC5CA1CD06C47BCD1E5DAC9B33CADA5A7279FE5795E552,7,0,9,0,2,osmo19l9wsymdh3mp7munzrlk8rs03ttnu2uaujyktu,16783.0,uosmo,732,1.717496454951816E9
7308632|1|254|0|9|1,1.670898729319E9,7308632,block_result,1,9F4B162B091EDFF22C377B84D290F332F804FBF116A9E17B38A5EC24B59D14BE,254,0,9,0,1,osmo19l9wsymdh3mp7munzrlk8rs03ttnu2uaujyktu,3.175268005441196E17,ibc/F16FDC11A7662B86BC0B9CE61871CBACF7C20606F95E86260FD38915184B75B4,732,1.717496849748005E9
7308632|1|254|0|9|2,1.670898729319E9,7308632,block_result,1,9F4B162B091EDFF22C377B84D290F332F804FBF116A9E17B38A5EC24B59D14BE,254,0,9,0,2,osmo19l9wsymdh3mp7munzrlk8rs03ttnu2uaujyktu,6393.0,uosmo,732,1.717496849748005E9
32179649|1|2|0|11|1,1.742834095183E9,32179649,block_result,1,414413F3F4A625904A2354AF305BE34BF38F94722A5A3089A5B14504A352B8CA,2,0,11,0,1,osmo16aypymlama0lk5s8c9s30s09eacpvwnav7ewjv,2.1791519002044816E21,ibc/F16FDC11A7662B86BC0B9CE61871CBACF7C20606F95E86260FD38915184B75B4,732,1.742834163753365E9
32179649|1|2|0|11|2,1.742834095183E9,32179649,block_result,1,414413F3F4A625904A2354AF305BE34BF38F94722A5A3089A5B14504A352B8CA,2,0,11,0,2,osmo16aypymlama0lk5s8c9s30s09eacpvwnav7ewjv,1.0E8,uosmo,732,1.742834163753365E9
32179668|1|6|0|11|1,1.742834118082E9,32179668,block_result,1,2F042D30492E944368648C53420D05C51846AE4F16833A8DE5643FE0C985C91E,6,0,11,0,1,osmo16aypymlama0lk5s8c9s30s09eacpvwnav7ewjv,4.358303800408964E21,ibc/F16FDC11A7662B86BC0B9CE61871CBACF7C20606F95E86260FD38915184B75B4,732,1.742834165093137E9
32179668|1|6|0|11|2,1.742834118082E9,32179668,block_result,1,2F042D30492E944368648C53420D05C51846AE4F16833A8DE5643FE0C985C91E,6,0,11,0,2,osmo16aypymlama0lk5s8c9s30s09eacpvwnav7ewjv,2.0E8,uosmo,732,1.742834165093137E9
32199583|1|2|0|11|2,1.742859152703E9,32199583,block_result,1,72FEA6AA543B4DD3FAB7BCB523B7FAF0D872B694C30D51F1C74B85A21336740A,2,0,11,0,2,osmo16aypymlama0lk5s8c9s30s09eacpvwnav7ewjv,5.0E7,uosmo,732,1.742859183602401E9
32199583|1|2|0|11|1,1.742859152703E9,32199583,block_result,1,72FEA6AA543B4DD3FAB7BCB523B7FAF0D872B694C30D51F1C74B85A21336740A,2,0,11,0,1,osmo16aypymlama0lk5s8c9s30s09eacpvwnav7ewjv,1.0749841058057627E21,ibc/F16FDC11A7662B86BC0B9CE61871CBACF7C20606F95E86260FD38915184B75B4,732,1.742859183602401E9
6126856|1|2|0|9|1,1.663829831525E9,6126856,block_result,1,5375AF93C9D8058D5FD8936BC99558430B36C635B41DD2C4A34CCA67546A8428,2,0,9,0,1,osmo1rplwrht8y9e2uru7m9m7ffh86ryvssdrr33pkp,2000000.0,uosmo,732,1.71752743436024E9
7018964|1|19|0|9|1,1.669204719943E9,7018964,block_result,1,F9DB2B85A413670E81965D613EEA059A7011016BCC1BC1EAF1C37662166B3299,19,0,9,0,1,osmo1kkaryts8yf99xjdytec467lgm8zjekx08raqza,4900000.0,uosmo,732,1.717501765774671E9
7022290|1|46|0|9|1,1.669224710216E9,7022290,block_result,1,6EDD0358C87B39DB9F8172835ED487327DA03C96ABD43BAC9E21DF275B9C8CEC,46,0,9,0,1,osmo1kkaryts8yf99xjdytec467lgm8zjekx08raqza,250000.0,uosmo,732,1.717509775870053E9
7022127|1|18|0|9|1,1.669223207564E9,7022127,block_result,1,74E460483D67EE4AB84CD5F18D034A075F5ABF0AB575FF240123F60A91C5350E,18,0,9,0,1,osmo1s84q7zy0a0f7dchrpj2fk89gyglkwm2eqrzwxu,1.3130656996813343E19,ibc/F16FDC11A7662B86BC0B9CE61871CBACF7C20606F95E86260FD38915184B75B4,732,1.717509800284841E9
7016667|1|0|0|9|1,1.669191216583E9,7016667,block_result,1,E36C02A2EC6E7B3B8B49F3EF9959AADC677B1EDA9A3DDC5C927DFAA7BE4ECD87,0,0,9,0,1,osmo1kkaryts8yf99xjdytec467lgm8zjekx08raqza,5.843132246754184E19,ibc/F16FDC11A7662B86BC0B9CE61871CBACF7C20606F95E86260FD38915184B75B4,732,1.717510063318115E9
7865707|1|1|0|9|1,1.674080532326E9,7865707,block_result,1,A37F709ACCB7FB9159F22CD2E943DC0886E29D10824C7FD02B8A719B263E4694,1,0,9,0,1,osmo1uvnk984yhpw48jfu5srvsrqdt03kkvlcjqx8x5,300000.0,uosmo,732,1.71748192572807E9
6143134|1|22|0|9|1,1.663929676778E9,6143134,block_result,1,3BD6B0D5F2F6CAF7379B9D9FDDAAA130A4EE2378056F02BD6F52994B360D7AE7,22,0,9,0,1,osmo1jmcqdyh9auemdr35xnqsywpagd9ty3yxqqgh55,9.9999967373251E18,ibc/F16FDC11A7662B86BC0B9CE61871CBACF7C20606F95E86260FD38915184B75B4,732,1.717536758302513E9
6143134|1|22|0|9|2,1.663929676778E9,6143134,block_result,1,3BD6B0D5F2F6CAF7379B9D9FDDAAA130A4EE2378056F02BD6F52994B360D7AE7,22,0,9,0,2,osmo1jmcqdyh9auemdr35xnqsywpagd9ty3yxqqgh55,612231.0,uosmo,732,1.717536758302513E9
28946928|1|2|0|11|2,1.738659168699E9,28946928,block_result,1,56956A4C14C8B38349C875019D5047C419C34DEBF8D5E78EAEB5C22C1CD1F306,2,0,11,0,2,osmo16aypymlama0lk5s8c9s30s09eacpvwnav7ewjv,1.0E8,uosmo,732,1.738659171793831E9
28946928|1|2|0|11|1,1.738659168699E9,28946928,block_result,1,56956A4C14C8B38349C875019D5047C419C34DEBF8D5E78EAEB5C22C1CD1F306,2,0,11,0,1,osmo16aypymlama0lk5s8c9s30s09eacpvwnav7ewjv,6.09549151256155E21,ibc/F16FDC11A7662B86BC0B9CE61871CBACF7C20606F95E86260FD38915184B75B4,732,1.738659171793831E9
7770563|1|4|0|9|1,1.67353886169E9,7770563,block_result,1,AB72B9B5F43FE4384A45D416214FDF576DE1282E144985D35500B9675CE3C1A1,4,0,9,0,1,osmo1s84q7zy0a0f7dchrpj2fk89gyglkwm2eqrzwxu,2.6460042716155104E20,ibc/F16FDC11A7662B86BC0B9CE61871CBACF7C20606F95E86260FD38915184B75B4,732,1.717485635045574E9
7770789|1|13|0|9|1,1.673540127058E9,7770789,block_result,1,196017D311D1B729ED0D02C51E35993912AA769B10A145E8C573892D01496398,13,0,9,0,1,osmo1s84q7zy0a0f7dchrpj2fk89gyglkwm2eqrzwxu,5.4041796841852264E19,ibc/F16FDC11A7662B86BC0B9CE61871CBACF7C20606F95E86260FD38915184B75B4,732,1.717485667511211E9
7770733|1|14|0|9|1,1.673539822494E9,7770733,block_result,1,F622BF3F5BD81E1A3D8404FBA270D0D356717DFECC0A8F950491ADD1354C70E3,14,0,9,0,1,osmo1s84q7zy0a0f7dchrpj2fk89gyglkwm2eqrzwxu,2.165588646340846E20,ibc/F16FDC11A7662B86BC0B9CE61871CBACF7C20606F95E86260FD38915184B75B4,732,1.717485745085857E9
7770783|1|16|0|9|1,1.673540089769E9,7770783,block_result,1,8829FBD279B7834ADF51E3DC38EEDD5CA98D8F6093E83E06CE67608FA6F9D441,16,0,9,0,1,osmo1s84q7zy0a0f7dchrpj2fk89gyglkwm2eqrzwxu,1.081849119428319E20,ibc/F16FDC11A7662B86BC0B9CE61871CBACF7C20606F95E86260FD38915184B75B4,732,1.71748574892843E9
7770714|1|2|0|9|1,1.673539719022E9,7770714,block_result,1,0BAEA258455A40D02D57D611AF30DA9D3C3CA61899385BBBD30B492833CC1FBE,2,0,9,0,1,osmo1s84q7zy0a0f7dchrpj2fk89gyglkwm2eqrzwxu,4.334409053974628E20,ibc/F16FDC11A7662B86BC0B9CE61871CBACF7C20606F95E86260FD38915184B75B4,732,1.717485752795603E9
7770796|1|6|0|9|1,1.673540169636E9,7770796,block_result,1,861FE3E4162FB7195BC86A8F250E51CBA2A6C52B312E2EA6F2A1EC995A09DF1E,6,0,9,0,1,osmo1s84q7zy0a0f7dchrpj2fk89gyglkwm2eqrzwxu,2.6984734192890286E19,ibc/F16FDC11A7662B86BC0B9CE61871CBACF7C20606F95E86260FD38915184B75B4,732,1.717485774836492E9
10028038|1|2|0|9|2,1.686414722136E9,10028038,block_result,1,9FA064048744FD4FDA335027ED1F4B35F560134E3CBF5CB6990851E22A74B588,2,0,9,0,2,osmo1requ5yfkfnlctyl44edx2pm27w5hwf5awggh98,48094.0,uosmo,732,1.717430353192594E9
10028038|1|2|0|9|1,1.686414722136E9,10028038,block_result,1,9FA064048744FD4FDA335027ED1F4B35F560134E3CBF5CB6990851E22A74B588,2,0,9,0,1,osmo1requ5yfkfnlctyl44edx2pm27w5hwf5awggh98,1.9999999999999475E18,ibc/F16FDC11A7662B86BC0B9CE61871CBACF7C20606F95E86260FD38915184B75B4,732,1.717430353192594E9
59838623|1|0|0|11|2,1.776720612565E9,59838623,block_result,1,B5D3A78366AA4ADB957A96395F45E99EC142D36E69A45480C8F150B7B5D338CE,0,0,11,0,2,osmo19h65cmarqlpaz80ja26jtn4gamuvwla00r0f66,5.219998E7,uosmo,732,1.776720614849E9
59838623|1|0|0|11|1,1.776720612565E9,59838623,block_result,1,B5D3A78366AA4ADB957A96395F45E99EC142D36E69A45480C8F150B7B5D338CE,0,0,11,0,1,osmo19h65cmarqlpaz80ja26jtn4gamuvwla00r0f66,9.419845972982099E19,ibc/F16FDC11A7662B86BC0B9CE61871CBACF7C20606F95E86260FD38915184B75B4,732,1.776720614849E9
59842445|1|0|0|11|1,1.776724857659E9,59842445,block_result,1,261D2AF2D3E8803FD2AD4D680AC0A226276E6EA43F588FDE696B4D80EF2BB151,0,0,11,0,1,osmo19h65cmarqlpaz80ja26jtn4gamuvwla00r0f66,3.939755609946458E20,ibc/F16FDC11A7662B86BC0B9CE61871CBACF7C20606F95E86260FD38915184B75B4,732,1.776724860285E9
59842445|1|0|0|11|2,1.776724857659E9,59842445,block_result,1,261D2AF2D3E8803FD2AD4D680AC0A226276E6EA43F588FDE696B4D80EF2BB151,0,0,11,0,2,osmo19h65cmarqlpaz80ja26jtn4gamuvwla00r0f66,2.19925E8,uosmo,732,1.776724860285E9
5568921|1|2|0|9|1,1.660396332249E9,5568921,block_result,1,AC20C1E3C4EDB7962DAC22449A7811D5FEBC094AA0C20E180B057F097E411FD1,2,0,9,0,1,osmo1g0ezv8rz38psvuguy2w5rgngpkk3cyxupe9yg4,100000.0,uosmo,732,1.717548396642886E9
5564846|1|23|0|9|2,1.660371102916E9,5564846,block_result,1,72081B9B5F3AD8A36AE2460016420E884B186F63C0C4C9A0ACB950A8690FFF0E,23,0,9,0,2,osmo1hqyr7t0shsqfl303cp7ea03fs2lfc5npavgtx7,169392.0,uosmo,732,1.717548399695199E9
5564846|1|23|0|9|1,1.660371102916E9,5564846,block_result,1,72081B9B5F3AD8A36AE2460016420E884B186F63C0C4C9A0ACB950A8690FFF0E,23,0,9,0,1,osmo1hqyr7t0shsqfl303cp7ea03fs2lfc5npavgtx7,1.562945999999848E18,ibc/F16FDC11A7662B86BC0B9CE61871CBACF7C20606F95E86260FD38915184B75B4,732,1.717548399695199E9
5566071|1|16|0|9|2,1.660378620198E9,5566071,block_result,1,AA8B5DB5F700D6D61018988D5B1F202B9490930FE1DF2EB9D5D12A7E6CCF1C1D,16,0,9,0,2,osmo1hqyr7t0shsqfl303cp7ea03fs2lfc5npavgtx7,742184.0,uosmo,732,1.717548444129275E9
5566071|1|16|0|9|1,1.660378620198E9,5566071,block_result,1,AA8B5DB5F700D6D61018988D5B1F202B9490930FE1DF2EB9D5D12A7E6CCF1C1D,16,0,9,0,1,osmo1hqyr7t0shsqfl303cp7ea03fs2lfc5npavgtx7,7.032689999999846E18,ibc/F16FDC11A7662B86BC0B9CE61871CBACF7C20606F95E86260FD38915184B75B4,732,1.717548444129275E9
6762357|1|3|0|9|1,1.66768384905E9,6762357,block_result,1,80E9AAE44EE20A2B8D70135C0DEA53D36430D2F2F5A358821262342361542C29,3,0,9,0,1,osmo1s84q7zy0a0f7dchrpj2fk89gyglkwm2eqrzwxu,8.0E20,ibc/F16FDC11A7662B86BC0B9CE61871CBACF7C20606F95E86260FD38915184B75B4,732,1.71750748641176E9
31559615|1|0|0|11|2,1.742051356117E9,31559615,block_result,1,9E8BCDF6BCF0885FDF87AC40863FE8E50CE3396AD80E75AB2E9BF2110272BA1B,0,0,11,0,2,osmo16aypymlama0lk5s8c9s30s09eacpvwnav7ewjv,3.303935E7,uosmo,732,1.742051405525738E9
31559615|1|0|0|11|1,1.742051356117E9,31559615,block_result,1,9E8BCDF6BCF0885FDF87AC40863FE8E50CE3396AD80E75AB2E9BF2110272BA1B,0,0,11,0,1,osmo16aypymlama0lk5s8c9s30s09eacpvwnav7ewjv,9.999998242372519E20,ibc/F16FDC11A7662B86BC0B9CE61871CBACF7C20606F95E86260FD38915184B75B4,732,1.742051405525738E9
31563003|1|3|0|11|1,1.742055702056E9,31563003,block_result,1,95658F1599244BCA940D41E5AAE195D108251F30E90AE3308CC98529EE073638,3,0,11,0,1,osmo16aypymlama0lk5s8c9s30s09eacpvwnav7ewjv,1.7959712069474933E22,ibc/F16FDC11A7662B86BC0B9CE61871CBACF7C20606F95E86260FD38915184B75B4,732,1.742055723858995E9
31563003|1|3|0|11|2,1.742055702056E9,31563003,block_result,1,95658F1599244BCA940D41E5AAE195D108251F30E90AE3308CC98529EE073638,3,0,11,0,2,osmo16aypymlama0lk5s8c9s30s09eacpvwnav7ewjv,6.463494E8,uosmo,732,1.742055723858995E9
6100176|1|33|0|9|1,1.663666472249E9,6100176,block_result,1,0E21542B9F580C9ACD06D35FE56F9A1A3F5FCA1174AD70F881D5E7177B0AE3BD,33,0,9,0,1,osmo1wfwqp447e2kl5hz5nyvzgurrm02tyrfv3cpnxr,200000.0,uosmo,732,1.717528578263046E9
6100167|1|48|0|9|1,1.663666417069E9,6100167,block_result,1,C98AF911F4215E19409CDAAEC4F9E0D7958CDF5DD312A1D0212E1DF534D9E0FE,48,0,9,0,1,osmo1wfwqp447e2kl5hz5nyvzgurrm02tyrfv3cpnxr,1.0788753090475877E18,ibc/F16FDC11A7662B86BC0B9CE61871CBACF7C20606F95E86260FD38915184B75B4,732,1.717528658954036E9
7696412|1|1|0|9|1,1.673117003842E9,7696412,block_result,1,880A3125A4D4E566233FEE11F4C0B9CAFFB4F9E353E549E5949F6F57B490D457,1,0,9,0,1,osmo1s84q7zy0a0f7dchrpj2fk89gyglkwm2eqrzwxu,9.981299932046069E19,ibc/F16FDC11A7662B86BC0B9CE61871CBACF7C20606F95E86260FD38915184B75B4,732,1.717488538581606E9
7696339|1|16|0|9|1,1.673116583112E9,7696339,block_result,1,237630565E8B78C4ED84DE07188D6C77968649221F32DBC434C496ABEB8A7113,16,0,9,0,1,osmo1s84q7zy0a0f7dchrpj2fk89gyglkwm2eqrzwxu,6.4E20,ibc/F16FDC11A7662B86BC0B9CE61871CBACF7C20606F95E86260FD38915184B75B4,732,1.71748854320137E9
7696392|1|26|0|9|1,1.673116884752E9,7696392,block_result,1,D3F257833084BD8373854B203A2AE13765112376F42B853FA178D5C60155CCB7,26,0,9,0,1,osmo1s84q7zy0a0f7dchrpj2fk89gyglkwm2eqrzwxu,3.99946789786595E20,ibc/F16FDC11A7662B86BC0B9CE61871CBACF7C20606F95E86260FD38915184B75B4,732,1.717488558586969E9
7696399|1|3|0|9|1,1.673116926387E9,7696399,block_result,1,F4EAA599B4DCD04AFB12F1136F70B53D13D99892AA06B79CCC1C0EFDF7676D2A,3,0,9,0,1,osmo1s84q7zy0a0f7dchrpj2fk89gyglkwm2eqrzwxu,1.998217156882365E20,ibc/F16FDC11A7662B86BC0B9CE61871CBACF7C20606F95E86260FD38915184B75B4,732,1.717488567483683E9
7688951|1|0|0|9|1,1.673074316458E9,7688951,block_result,1,055A4D7411F547002589D50B872D5E1472D2C45AF45CD06BD460E38FCB3D52C5,0,0,9,0,1,osmo1kqh9v54k9qvrz5ggplndzlgynflk2n33fylu8m,8.200434899907797E21,ibc/F16FDC11A7662B86BC0B9CE61871CBACF7C20606F95E86260FD38915184B75B4,732,1.717488729296854E9
6744708|1|2|0|9|1,1.667579400707E9,6744708,block_result,1,3F53741F6046D2FE5F86E84D0E0F25AC8564FAC690CD544DC1F849BC0B7C35F4,2,0,9,0,1,osmo1s84q7zy0a0f7dchrpj2fk89gyglkwm2eqrzwxu,1.06E20,ibc/F16FDC11A7662B86BC0B9CE61871CBACF7C20606F95E86260FD38915184B75B4,732,1.717518581204767E9
6717109|1|29|0|9|1,1.667415620725E9,6717109,block_result,1,81F05FEEDE3866EFCCEC79DB7CD9316154D8F5838D73BA8866E6AEAB68C4DDAF,29,0,9,0,1,osmo1s84q7zy0a0f7dchrpj2fk89gyglkwm2eqrzwxu,6.0E19,ibc/F16FDC11A7662B86BC0B9CE61871CBACF7C20606F95E86260FD38915184B75B4,732,1.717518434697604E9
6716649|1|20|0|9|1,1.667412862316E9,6716649,block_result,1,992AD9E5E8B464C30EE4D1DE7EA3B632AFFA7DF9F39FD1ED25A0D7CBF2102D70,20,0,9,0,1,osmo1s84q7zy0a0f7dchrpj2fk89gyglkwm2eqrzwxu,2.770280781557627E19,ibc/F16FDC11A7662B86BC0B9CE61871CBACF7C20606F95E86260FD38915184B75B4,732,1.717518453419806E9
6108980|1|3|0|9|1,1.663720424729E9,6108980,block_result,1,119DA47AB68D5C773EF91C1393871D072CC56FDC241EE684041907C8307E04A0,3,0,9,0,1,osmo1s8elzc7pltmwf3xfcdph44c09dvq7gsjfqf95a,1.5454630789744155E20,ibc/F16FDC11A7662B86BC0B9CE61871CBACF7C20606F95E86260FD38915184B75B4,732,1.717530230503299E9
6108980|1|3|0|9|2,1.663720424729E9,6108980,block_result,1,119DA47AB68D5C773EF91C1393871D072CC56FDC241EE684041907C8307E04A0,3,0,9,0,2,osmo1s8elzc7pltmwf3xfcdph44c09dvq7gsjfqf95a,9410331.0,uosmo,732,1.717530230503299E9
6121332|1|10|0|9|1,1.66379610873E9,6121332,block_result,1,B33E31A660B962AB59E234BF2253F086F1AEB4F3023ABEA9E8167C5AC15812C6,10,0,9,0,1,osmo1zalhqdjqye3d66r907e0290kw0xc4hnjte53wm,9.997999999997463E17,ibc/F16FDC11A7662B86BC0B9CE61871CBACF7C20606F95E86260FD38915184B75B4,732,1.717537081161013E9
6121332|1|10|0|9|2,1.66379610873E9,6121332,block_result,1,B33E31A660B962AB59E234BF2253F086F1AEB4F3023ABEA9E8167C5AC15812C6,10,0,9,0,2,osmo1zalhqdjqye3d66r907e0290kw0xc4hnjte53wm,61190.0,uosmo,732,1.717537081161013E9
8179588|1|3|0|9|1,1.675853627074E9,8179588,block_result,1,DF991146C3DD2E85AF2768CFFB00C659B220C61160FD5464E59BE04F0C7E3C36,3,0,9,0,1,osmo16aypymlama0lk5s8c9s30s09eacpvwnav7ewjv,1.8283322841209074E20,ibc/F16FDC11A7662B86BC0B9CE61871CBACF7C20606F95E86260FD38915184B75B4,732,1.717473799831893E9
8172749|1|8|0|9|1,1.675815549499E9,8172749,block_result,1,441E7DF7B4E2A4FBD9BDDACC0CF3FE1B5586A514564088F823095D02D17ECC45,8,0,9,0,1,osmo1s84q7zy0a0f7dchrpj2fk89gyglkwm2eqrzwxu,5.945929888723415E19,ibc/F16FDC11A7662B86BC0B9CE61871CBACF7C20606F95E86260FD38915184B75B4,732,1.717473892243389E9
8174101|1|16|0|9|1,1.675823056761E9,8174101,block_result,1,EFCF35E26309DEFCCE501B1BD011EDAAF8CBBF7A950C889F24EECA0C6ED0CC68,16,0,9,0,1,osmo1dtc9eky6pt0zfssh60k3duywjacfu88y93tpx6,2.355E9,uosmo,732,1.717474714744829E9
36770578|1|2|0|11|1,1.748704580534E9,36770578,block_result,1,92676B205252AF94F0691ECF8DA884594A6A98C726516241062B4D0437EBCEF3,2,0,11,0,1,osmo1ag940t2gd4sn0wey7xgfjl83x2t5v62m6629pc,3.010900472075455E22,ibc/F16FDC11A7662B86BC0B9CE61871CBACF7C20606F95E86260FD38915184B75B4,732,1.74870462886454E9
36770578|1|2|0|11|2,1.748704580534E9,36770578,block_result,1,92676B205252AF94F0691ECF8DA884594A6A98C726516241062B4D0437EBCEF3,2,0,11,0,2,osmo1ag940t2gd4sn0wey7xgfjl83x2t5v62m6629pc,1.60194E9,uosmo,732,1.74870462886454E9
66248722|1|0|0|11|1,1.783974723999E9,66248722,block_result,1,D1A1E1A0BF3A01F28027C87A1CAABC8D4AA7B15273C1B34AF05F2D8FBE7ED7E2,0,0,11,0,1,osmo13k072z6ua8258533glfrrsep4ff6f4j5j3k3pc,1.0E22,ibc/F16FDC11A7662B86BC0B9CE61871CBACF7C20606F95E86260FD38915184B75B4,732,1.783974726914E9
7359643|1|8|0|9|1,1.671195133505E9,7359643,block_result,1,331182ACAC0943E70D61716524C9C722B8CD88319DEE5079D77D86C9EB88FFBA,8,0,9,0,1,osmo19l9wsymdh3mp7munzrlk8rs03ttnu2uaujyktu,9.029278588449069E17,ibc/F16FDC11A7662B86BC0B9CE61871CBACF7C20606F95E86260FD38915184B75B4,732,1.717495965124476E9
7359643|1|8|0|9|2,1.671195133505E9,7359643,block_result,1,331182ACAC0943E70D61716524C9C722B8CD88319DEE5079D77D86C9EB88FFBA,8,0,9,0,2,osmo19l9wsymdh3mp7munzrlk8rs03ttnu2uaujyktu,17026.0,uosmo,732,1.717495965124476E9
12795461|1|55|0|9|2,1.702687023173E9,12795461,block_result,1,2971EF4DC02238177A1DB1A0A4EB7CBC60A72C47470307931600842FA2FFEA17,55,0,9,0,2,osmo16aypymlama0lk5s8c9s30s09eacpvwnav7ewjv,1853418.0,uosmo,732,1.717095210585005E9
12795461|1|55|0|9|1,1.702687023173E9,12795461,block_result,1,2971EF4DC02238177A1DB1A0A4EB7CBC60A72C47470307931600842FA2FFEA17,55,0,9,0,1,osmo16aypymlama0lk5s8c9s30s09eacpvwnav7ewjv,2.499999999999989E19,ibc/F16FDC11A7662B86BC0B9CE61871CBACF7C20606F95E86260FD38915184B75B4,732,1.717095210585005E9
6319131|1|5|0|9|2,1.665031869119E9,6319131,block_result,1,84782257015DAF56DCB4C7475BB091C991502D5AB8AD4B52074A08152D71D9F1,5,0,9,0,2,osmo1hsveqcu47fhay5y9u4ld7agqrlxfvm3pnutz35,587552.0,uosmo,732,1.717520981227637E9
6319131|1|5|0|9|1,1.665031869119E9,6319131,block_result,1,84782257015DAF56DCB4C7475BB091C991502D5AB8AD4B52074A08152D71D9F1,5,0,9,0,1,osmo1hsveqcu47fhay5y9u4ld7agqrlxfvm3pnutz35,1.0999869960297378E19,ibc/F16FDC11A7662B86BC0B9CE61871CBACF7C20606F95E86260FD38915184B75B4,732,1.717520981227637E9
66798115|1|1|0|11|1,1.784616820609E9,66798115,block_result,1,716F5B682E0FCDA7A8FE30BE67160167E109C8967A7C8B7ED2F73F1E5853962A,1,0,11,0,1,osmo13k072z6ua8258533glfrrsep4ff6f4j5j3k3pc,2.0E22,ibc/F16FDC11A7662B86BC0B9CE61871CBACF7C20606F95E86260FD38915184B75B4,732,1.78461682345E9
66798054|1|1|0|11|1,1.784616742824E9,66798054,block_result,1,785E5CAE94BBE9341B62088D3613AC347966FA553B4CD7139BA5AD2D3A9BDD30,1,0,11,0,1,osmo13k072z6ua8258533glfrrsep4ff6f4j5j3k3pc,1.9E22,ibc/F16FDC11A7662B86BC0B9CE61871CBACF7C20606F95E86260FD38915184B75B4,732,1.784616746071E9
6967063|1|9|0|9|1,1.66889545494E9,6967063,block_result,1,742806D9F1D687A009E2C040F33B00AD8838895A2DFBDBA6C4745458859B19D1,9,0,9,0,1,osmo1s84q7zy0a0f7dchrpj2fk89gyglkwm2eqrzwxu,1.4901E20,ibc/F16FDC11A7662B86BC0B9CE61871CBACF7C20606F95E86260FD38915184B75B4,732,1.717503413523302E9
32210642|1|1|0|11|2,1.742872851789E9,32210642,block_result,1,B1BE0B9F0EB4AEC781BE0E219635221F6D1E7B6EEAB6A1FCFD0581C60FCEDE4F,1,0,11,0,2,osmo16aypymlama0lk5s8c9s30s09eacpvwnav7ewjv,1.0E8,uosmo,732,1.742872880240382E9
32210642|1|1|0|11|1,1.742872851789E9,32210642,block_result,1,B1BE0B9F0EB4AEC781BE0E219635221F6D1E7B6EEAB6A1FCFD0581C60FCEDE4F,1,0,11,0,1,osmo16aypymlama0lk5s8c9s30s09eacpvwnav7ewjv,2.139110105529775E21,ibc/F16FDC11A7662B86BC0B9CE61871CBACF7C20606F95E86260FD38915184B75B4,732,1.742872880240382E9
32211867|1|0|0|11|2,1.742874373292E9,32211867,block_result,1,D4C8F877C8BC80AAB5E7F0F0182E5A9C26CC1D3956BFAD97B29812064F605D78,0,0,11,0,2,osmo16aypymlama0lk5s8c9s30s09eacpvwnav7ewjv,1.0E8,uosmo,732,1.742874428406383E9
32211867|1|0|0|11|1,1.742874373292E9,32211867,block_result,1,D4C8F877C8BC80AAB5E7F0F0182E5A9C26CC1D3956BFAD97B29812064F605D78,0,0,11,0,1,osmo16aypymlama0lk5s8c9s30s09eacpvwnav7ewjv,2.1109225874258744E21,ibc/F16FDC11A7662B86BC0B9CE61871CBACF7C20606F95E86260FD38915184B75B4,732,1.742874428406383E9
32215615|1|3|0|11|1,1.74287903679E9,32215615,block_result,1,01D2446AE6C7CC5B05C58C179CF9C14CD81B0BA01737162F09F6345DCEB0B2D4,3,0,11,0,1,osmo16aypymlama0lk5s8c9s30s09eacpvwnav7ewjv,4.9999999999999974E20,ibc/F16FDC11A7662B86BC0B9CE61871CBACF7C20606F95E86260FD38915184B75B4,732,1.742879108446263E9
32215615|1|3|0|11|2,1.74287903679E9,32215615,block_result,1,01D2446AE6C7CC5B05C58C179CF9C14CD81B0BA01737162F09F6345DCEB0B2D4,3,0,11,0,2,osmo16aypymlama0lk5s8c9s30s09eacpvwnav7ewjv,2.4050714E7,uosmo,732,1.742879108446263E9
5978813|1|7|0|9|1,1.662924181183E9,5978813,block_result,1,3E5ABDB4AB0FF4AD3BB1D4B3C387C594936EF6587C286289203B9BFD8A6A2679,7,0,9,0,1,osmo1czxfjwladw79wrzjsjhxtphxmcutmtxxg0ht3f,2.6123630659962335E19,ibc/F16FDC11A7662B86BC0B9CE61871CBACF7C20606F95E86260FD38915184B75B4,732,1.717541743878407E9
5978813|1|7|0|9|2,1.662924181183E9,5978813,block_result,1,3E5ABDB4AB0FF4AD3BB1D4B3C387C594936EF6587C286289203B9BFD8A6A2679,7,0,9,0,2,osmo1czxfjwladw79wrzjsjhxtphxmcutmtxxg0ht3f,1696746.0,uosmo,732,1.717541743878407E9
7349413|1|5|0|9|1,1.671136212586E9,7349413,block_result,1,E424269E336D789FAF29D880F28ED481DD0D4C3E9BC34635908D55C6EBE6CA7B,5,0,9,0,1,osmo1s84q7zy0a0f7dchrpj2fk89gyglkwm2eqrzwxu,4.8344595773589316E19,ibc/F16FDC11A7662B86BC0B9CE61871CBACF7C20606F95E86260FD38915184B75B4,732,1.71749560561869E9
7337621|1|4|0|9|1,1.671067461404E9,7337621,block_result,1,C1C19437C4D3CFC130145B02DEB84DD035B46EEA05F386F9C81B7198D551065C,4,0,9,0,1,osmo19l9wsymdh3mp7munzrlk8rs03ttnu2uaujyktu,8.151426400029448E17,ibc/F16FDC11A7662B86BC0B9CE61871CBACF7C20606F95E86260FD38915184B75B4,732,1.717496244487424E9
7337621|1|4|0|9|2,1.671067461404E9,7337621,block_result,1,C1C19437C4D3CFC130145B02DEB84DD035B46EEA05F386F9C81B7198D551065C,4,0,9,0,2,osmo19l9wsymdh3mp7munzrlk8rs03ttnu2uaujyktu,15370.0,uosmo,732,1.717496244487424E9
5658251|1|59|0|9|1,1.660947399308E9,5658251,block_result,1,1D02B5B7EFEB2BF85D3A96FD8BB1B7D55F931528EF0E181BD4D22C43D66DBDF7,59,0,9,0,1,osmo1wm5ze79fgfust78nc0372m9ls929qhrk66jq07,1.099986999999987E19,ibc/F16FDC11A7662B86BC0B9CE61871CBACF7C20606F95E86260FD38915184B75B4,732,1.717546339217248E9
52463521|1|0|0|11|1,1.767952658042E9,52463521,block_result,1,CB47CD17CB9FB046BAEBAD8FE81E3D04DF3D0F5AC523229DE9E9A18B467FE781,0,0,11,0,1,osmo16aypymlama0lk5s8c9s30s09eacpvwnav7ewjv,1.0E9,uosmo,732,1.767952660497404E9
6695595|1|5|0|9|2,1.667287651336E9,6695595,block_result,1,65A3F8A1813B7A2DA098F852874AF2E07541AFE9023E2FC04DE5C415FE5AD382,5,0,9,0,2,osmo1jvmktcagmc2ve9fmmjjyq4ap5wcren27u9lkgz,117220.0,uosmo,732,1.717508830931536E9
6695595|1|5|0|9|1,1.667287651336E9,6695595,block_result,1,65A3F8A1813B7A2DA098F852874AF2E07541AFE9023E2FC04DE5C415FE5AD382,5,0,9,0,1,osmo1jvmktcagmc2ve9fmmjjyq4ap5wcren27u9lkgz,3.274908608065243E18,ibc/F16FDC11A7662B86BC0B9CE61871CBACF7C20606F95E86260FD38915184B75B4,732,1.717508830931536E9
6692798|1|9|0|9|1,1.667271037014E9,6692798,block_result,1,9BD9C821B4A309909EA64E244A0548B99BCB2FE08C0ED705BFD7B0AE52960A63,9,0,9,0,1,osmo1s84q7zy0a0f7dchrpj2fk89gyglkwm2eqrzwxu,6.5E19,ibc/F16FDC11A7662B86BC0B9CE61871CBACF7C20606F95E86260FD38915184B75B4,732,1.717519006287691E9
7336289|1|2|0|9|1,1.671059667324E9,7336289,block_result,1,048DEB9834EABA6E69F669778462460C77B43EA0EF031F0AB78FED50A4056B20,2,0,9,0,1,osmo19l9wsymdh3mp7munzrlk8rs03ttnu2uaujyktu,5.598666773336048E17,ibc/F16FDC11A7662B86BC0B9CE61871CBACF7C20606F95E86260FD38915184B75B4,732,1.717495691634439E9
7336289|1|2|0|9|2,1.671059667324E9,7336289,block_result,1,048DEB9834EABA6E69F669778462460C77B43EA0EF031F0AB78FED50A4056B20,2,0,9,0,2,osmo19l9wsymdh3mp7munzrlk8rs03ttnu2uaujyktu,10557.0,uosmo,732,1.717495691634439E9
68370184|1|0|0|11|2,1.786554901583E9,68370184,block_result,1,44AAA74F538E79D2B932079FAF86B93473FDD46A4022FA43134B4A9153058D88,0,0,11,0,2,osmo1h3gmr3d27mq7tnaes0355fc5q6fjwhczzmydcs,2362419.0,uosmo,732,1.786554905148E9
68370184|1|0|0|11|1,1.786554901583E9,68370184,block_result,1,44AAA74F538E79D2B932079FAF86B93473FDD46A4022FA43134B4A9153058D88,0,0,11,0,1,osmo1h3gmr3d27mq7tnaes0355fc5q6fjwhczzmydcs,6.866390389595955E17,ibc/F16FDC11A7662B86BC0B9CE61871CBACF7C20606F95E86260FD38915184B75B4,732,1.786554905148E9
68382735|1|0|0|11|1,1.7865707881E9,68382735,block_result,1,A1AB905517FA146638A6ACAFD4C4E354D3278749DD78676BBC822C8B355A0795,0,0,11,0,1,osmo16aypymlama0lk5s8c9s30s09eacpvwnav7ewjv,5.731862349118487E20,ibc/F16FDC11A7662B86BC0B9CE61871CBACF7C20606F95E86260FD38915184B75B4,732,1.786570792471E9
68382735|1|0|0|11|2,1.7865707881E9,68382735,block_result,1,A1AB905517FA146638A6ACAFD4C4E354D3278749DD78676BBC822C8B355A0795,0,0,11,0,2,osmo16aypymlama0lk5s8c9s30s09eacpvwnav7ewjv,1.944609E9,uosmo,732,1.786570792471E9
8626320|1|7|0|9|1,1.678375558715E9,8626320,block_result,1,E0AE462F2F9F3A23F72A7DFF45023CD3B09A47C6DCE8B7FF1929838B3D76A279,7,0,9,0,1,osmo1s84q7zy0a0f7dchrpj2fk89gyglkwm2eqrzwxu,1.4378349019603065E20,ibc/F16FDC11A7662B86BC0B9CE61871CBACF7C20606F95E86260FD38915184B75B4,732,1.717463873445493E9
8626390|1|18|0|9|1,1.67837596386E9,8626390,block_result,1,0F92D95392042B03316C30E6BB15F1CFD53A6126A490D59261766EBB5AE21BAC,18,0,9,0,1,osmo1s84q7zy0a0f7dchrpj2fk89gyglkwm2eqrzwxu,1.7777212706267453E19,ibc/F16FDC11A7662B86BC0B9CE61871CBACF7C20606F95E86260FD38915184B75B4,732,1.717463923842335E9
8626339|1|11|0|9|1,1.67837567013E9,8626339,block_result,1,9509733145D2E06060B8487DE232383A704DBB3848303321F876B73DDC1DC573,11,0,9,0,1,osmo1s84q7zy0a0f7dchrpj2fk89gyglkwm2eqrzwxu,7.164442155651668E19,ibc/F16FDC11A7662B86BC0B9CE61871CBACF7C20606F95E86260FD38915184B75B4,732,1.717463925112265E9
8626376|1|1|0|9|1,1.67837588176E9,8626376,block_result,1,11BDFCC179B13F6338E536A0256DB7E9C3A0D2FE40346BF79E87C4FED22A184D,1,0,9,0,1,osmo1s84q7zy0a0f7dchrpj2fk89gyglkwm2eqrzwxu,3.578894073119815E19,ibc/F16FDC11A7662B86BC0B9CE61871CBACF7C20606F95E86260FD38915184B75B4,732,1.717463925897617E9
8626305|1|17|0|9|1,1.678375477323E9,8626305,block_result,1,22BAE9C9AFB9F272F53306F5583EE0FF0D12351ADF4DA7CFF3AE35031920586C,17,0,9,0,1,osmo1s84q7zy0a0f7dchrpj2fk89gyglkwm2eqrzwxu,2.7E20,ibc/F16FDC11A7662B86BC0B9CE61871CBACF7C20606F95E86260FD38915184B75B4,732,1.717464128977076E9
8616581|1|6|0|9|1,1.67832056479E9,8616581,block_result,1,4FA43B0B4EA7A66AABEA6E5C688E856C017C27D04956C97917231E5DE678844D,6,0,9,0,1,osmo1uvnk984yhpw48jfu5srvsrqdt03kkvlcjqx8x5,470000.0,uosmo,732,1.71746414324774E9
4856722|1|9|0|9|1,1.655953885973E9,4856722,block_result,1,0AF024DB4886FEDA2322EA65C950BEE07EE4F88FC7085BAA72D1B486EDA63B14,9,0,9,0,1,osmo1s8elzc7pltmwf3xfcdph44c09dvq7gsjfqf95a,5.0E21,ibc/F16FDC11A7662B86BC0B9CE61871CBACF7C20606F95E86260FD38915184B75B4,732,1.717599146775222E9
6995505|1|13|0|9|1,1.669066812372E9,6995505,block_result,1,8B7BB8D5D44621900DED33463ADB434C476ECBE87DC490A91855AF50042DD299,13,0,9,0,1,osmo1s84q7zy0a0f7dchrpj2fk89gyglkwm2eqrzwxu,1.26817678132764E21,ibc/F16FDC11A7662B86BC0B9CE61871CBACF7C20606F95E86260FD38915184B75B4,732,1.717502612354368E9
9388680|1|2|0|9|1,1.682728138923E9,9388680,block_result,1,E2655260EED331293BF62F1CAB98F350545600E5848589678CDEBBAFDC914991,2,0,9,0,1,osmo16aypymlama0lk5s8c9s30s09eacpvwnav7ewjv,9.131272529930849E20,ibc/F16FDC11A7662B86BC0B9CE61871CBACF7C20606F95E86260FD38915184B75B4,732,1.717443124555564E9
9388680|1|2|0|9|2,1.682728138923E9,9388680,block_result,1,E2655260EED331293BF62F1CAB98F350545600E5848589678CDEBBAFDC914991,2,0,9,0,2,osmo16aypymlama0lk5s8c9s30s09eacpvwnav7ewjv,3.0E7,uosmo,732,1.717443124555564E9
6894537|1|54|0|9|1,1.668467511146E9,6894537,block_result,1,E973E6A1E967B9B2F53AED48722D1F147BBE19EB0856265B159763BDB7156647,54,0,9,0,1,osmo1s84q7zy0a0f7dchrpj2fk89gyglkwm2eqrzwxu,1.848587358915394E19,ibc/F16FDC11A7662B86BC0B9CE61871CBACF7C20606F95E86260FD38915184B75B4,732,1.717504389840639E9
6234011|1|37|0|9|2,1.66448628422E9,6234011,block_result,1,BB3EE4B378060090861D326F04BDC8597A9F64D8562DD21ABAD87CB9F8DB8CA1,37,0,9,0,2,osmo16aypymlama0lk5s8c9s30s09eacpvwnav7ewjv,2.5276991E7,uosmo,732,1.717524426767565E9
6234011|1|37|0|9|1,1.66448628422E9,6234011,block_result,1,BB3EE4B378060090861D326F04BDC8597A9F64D8562DD21ABAD87CB9F8DB8CA1,37,0,9,0,1,osmo16aypymlama0lk5s8c9s30s09eacpvwnav7ewjv,4.209974520392205E20,ibc/F16FDC11A7662B86BC0B9CE61871CBACF7C20606F95E86260FD38915184B75B4,732,1.717524426767565E9
6227983|1|1|0|9|1,1.664449025182E9,6227983,block_result,1,F9A766D9E999A3948A52DF8F1CAC3FD20000AD8C67EBB32BFE7742FC8FB37FB7,1,0,9,0,1,osmo19l9wsymdh3mp7munzrlk8rs03ttnu2uaujyktu,3.7999999999999754E19,ibc/F16FDC11A7662B86BC0B9CE61871CBACF7C20606F95E86260FD38915184B75B4,732,1.717524470509313E9
6227983|1|1|0|9|2,1.664449025182E9,6227983,block_result,1,F9A766D9E999A3948A52DF8F1CAC3FD20000AD8C67EBB32BFE7742FC8FB37FB7,1,0,9,0,2,osmo19l9wsymdh3mp7munzrlk8rs03ttnu2uaujyktu,2137943.0,uosmo,732,1.717524470509313E9
6222535|1|0|0|9|2,1.664415822117E9,6222535,block_result,1,7644299C398713DFE98543323877F3DF8CE6CB10E82E2B3D9817707BA5836294,0,0,9,0,2,osmo16aypymlama0lk5s8c9s30s09eacpvwnav7ewjv,1.002272E7,uosmo,732,1.717533235316762E9
6222535|1|0|0|9|1,1.664415822117E9,6222535,block_result,1,7644299C398713DFE98543323877F3DF8CE6CB10E82E2B3D9817707BA5836294,0,0,9,0,1,osmo16aypymlama0lk5s8c9s30s09eacpvwnav7ewjv,1.786504440097439E20,ibc/F16FDC11A7662B86BC0B9CE61871CBACF7C20606F95E86260FD38915184B75B4,732,1.717533235316762E9
6221824|1|4|0|9|1,1.664411482559E9,6221824,block_result,1,75E83E1C19D0BE6E79F3C0285EC16C86034E22AC7CC9B3749BB39706E7756561,4,0,9,0,1,osmo16aypymlama0lk5s8c9s30s09eacpvwnav7ewjv,5.6065848662501655E19,ibc/F16FDC11A7662B86BC0B9CE61871CBACF7C20606F95E86260FD38915184B75B4,732,1.717533267551394E9
6222243|1|11|0|9|2,1.664414044965E9,6222243,block_result,1,6AA4995E5B42ECD6444B1EA656F9ABCDCDE13D4C6B46AF9B2CBF40E96F5CEACF,11,0,9,0,2,osmo16aypymlama0lk5s8c9s30s09eacpvwnav7ewjv,1.0088949E7,uosmo,732,1.717533833913491E9
6222243|1|11|0|9|1,1.664414044965E9,6222243,block_result,1,6AA4995E5B42ECD6444B1EA656F9ABCDCDE13D4C6B46AF9B2CBF40E96F5CEACF,11,0,9,0,1,osmo16aypymlama0lk5s8c9s30s09eacpvwnav7ewjv,1.7999999999999993E20,ibc/F16FDC11A7662B86BC0B9CE61871CBACF7C20606F95E86260FD38915184B75B4,732,1.717533833913491E9
6222825|1|0|0|9|1,1.664417582083E9,6222825,block_result,1,33EACDB521E8134517CCF56E9B6C2E6BB5B7EA611E534D77729B461AAEBE74B5,0,0,9,0,1,osmo1xpfdf7nfsxygh0gu5ewgaw9gqlf7y2fu4y23u3,3.10887757005003E20,ibc/F16FDC11A7662B86BC0B9CE61871CBACF7C20606F95E86260FD38915184B75B4,732,1.717533837129706E9
28775666|1|2|0|11|2,1.738426763428E9,28775666,block_result,1,175049C091E70A670693A8604B64FB3448542752FE2CBAB4210BE5141215108D,2,0,11,0,2,osmo16aypymlama0lk5s8c9s30s09eacpvwnav7ewjv,9.8074092E7,uosmo,732,1.738426766370419E9
28775666|1|2|0|11|1,1.738426763428E9,28775666,block_result,1,175049C091E70A670693A8604B64FB3448542752FE2CBAB4210BE5141215108D,2,0,11,0,1,osmo16aypymlama0lk5s8c9s30s09eacpvwnav7ewjv,6.340492705034045E21,ibc/F16FDC11A7662B86BC0B9CE61871CBACF7C20606F95E86260FD38915184B75B4,732,1.738426766370419E9
5615912|1|5|0|9|1,1.660686450994E9,5615912,block_result,1,1C243B5B8201FDD03C7E7C1FE9FB61674E1C81153D127084791994B51D843A04,5,0,9,0,1,osmo1v5k4st3duzftjsrd4m82gwvz8aygcgz8txtq5l,2.199977278799987E19,ibc/F16FDC11A7662B86BC0B9CE61871CBACF7C20606F95E86260FD38915184B75B4,732,1.717547554952107E9
8750577|1|2|0|9|1,1.679086083513E9,8750577,block_result,1,9784A4292144A0F7EBF1E64C1B31F4CABC340DA3E2DB3BFE11E6E5EA773707E2,2,0,9,0,1,osmo1s84q7zy0a0f7dchrpj2fk89gyglkwm2eqrzwxu,2.301E20,ibc/F16FDC11A7662B86BC0B9CE61871CBACF7C20606F95E86260FD38915184B75B4,732,1.717458502752168E9
8750630|1|1|0|9|1,1.679086377766E9,8750630,block_result,1,0D4FAA8A7526B53277187D67A225EADEA649D71E14B62D8EFBE054C005A746AA,1,0,9,0,1,osmo1s84q7zy0a0f7dchrpj2fk89gyglkwm2eqrzwxu,3.2536164691598385E19,ibc/F16FDC11A7662B86BC0B9CE61871CBACF7C20606F95E86260FD38915184B75B4,732,1.717459090525457E9
8750613|1|1|0|9|1,1.679086278552E9,8750613,block_result,1,25E55DA2BD039CB2A2D9F6F5BA007B16B8DD896E96D8D721DB2D33A13B46EDBA,1,0,9,0,1,osmo1s84q7zy0a0f7dchrpj2fk89gyglkwm2eqrzwxu,1.307849238124056E20,ibc/F16FDC11A7662B86BC0B9CE61871CBACF7C20606F95E86260FD38915184B75B4,732,1.717459091863127E9
8750618|1|2|0|9|1,1.679086310164E9,8750618,block_result,1,43F07E47B97B56EBB98D124E27869F90F03646C19BFDB4A218A93079A451B39D,2,0,9,0,1,osmo1s84q7zy0a0f7dchrpj2fk89gyglkwm2eqrzwxu,6.533413661529657E19,ibc/F16FDC11A7662B86BC0B9CE61871CBACF7C20606F95E86260FD38915184B75B4,732,1.717459093099309E9
8751120|1|0|0|9|1,1.679089158653E9,8751120,block_result,1,7926CC9D4C1A92B7FC826DCC126BDDD8DBC8483BB28FE7A42DEB9042737A7970,0,0,9,0,1,osmo1s84q7zy0a0f7dchrpj2fk89gyglkwm2eqrzwxu,4.538604687874462E18,ibc/F16FDC11A7662B86BC0B9CE61871CBACF7C20606F95E86260FD38915184B75B4,732,1.717459433008682E9
31202459|1|2|0|11|1,1.741593464672E9,31202459,block_result,1,C798F5826350E3FB78CF4F3945A5AAE42A1533C7CEE12DB549BE6265646D6763,2,0,11,0,1,osmo16aypymlama0lk5s8c9s30s09eacpvwnav7ewjv,1.5E8,uosmo,732,1.741593486180584E9
31235692|1|4|0|11|1,1.741637243339E9,31235692,block_result,1,9C15F915C013C1FA2536864944FD5D7592B3DC2FB1DD2A91F78926DB467307DF,4,0,11,0,1,osmo16aypymlama0lk5s8c9s30s09eacpvwnav7ewjv,1.7411848871455322E21,ibc/F16FDC11A7662B86BC0B9CE61871CBACF7C20606F95E86260FD38915184B75B4,732,1.741637284825509E9
31235692|1|4|0|11|2,1.741637243339E9,31235692,block_result,1,9C15F915C013C1FA2536864944FD5D7592B3DC2FB1DD2A91F78926DB467307DF,4,0,11,0,2,osmo16aypymlama0lk5s8c9s30s09eacpvwnav7ewjv,8.0E7,uosmo,732,1.741637284825509E9
31210374|1|6|0|11|1,1.741604043956E9,31210374,block_result,1,9DAEF75A71420C7521D31FE332F398018A5C756624B6A502A090648403F6706E,6,0,11,0,1,osmo16aypymlama0lk5s8c9s30s09eacpvwnav7ewjv,5.0E7,uosmo,732,1.741604108980672E9
7304147|1|26|0|9|1,1.670872847735E9,7304147,block_result,1,D3ACC7CC400EC51C414A496DCA8023FFBA97457DD1226C69419A53674B6E7B5E,26,0,9,0,1,osmo1s84q7zy0a0f7dchrpj2fk89gyglkwm2eqrzwxu,1.8968254672159564E19,ibc/F16FDC11A7662B86BC0B9CE61871CBACF7C20606F95E86260FD38915184B75B4,732,1.717496711867139E9
7306886|1|7|0|9|1,1.670888714669E9,7306886,block_result,1,1269F8BE7F544EF4EAC899D9BFD73669B78F4DE2ED730C08758D0F2788E63060,7,0,9,0,1,osmo19l9wsymdh3mp7munzrlk8rs03ttnu2uaujyktu,4.257857149263496E17,ibc/F16FDC11A7662B86BC0B9CE61871CBACF7C20606F95E86260FD38915184B75B4,732,1.717496820925434E9
7306654|1|5|0|9|1,1.67088737824E9,7306654,block_result,1,BD82C33338CCC659D0B1888AD4C8A9465C75EBD9CAC7E76B2706C3673B3BB7D5,5,0,9,0,1,osmo1s84q7zy0a0f7dchrpj2fk89gyglkwm2eqrzwxu,6.028089924259339E20,ibc/F16FDC11A7662B86BC0B9CE61871CBACF7C20606F95E86260FD38915184B75B4,732,1.717496851911069E9
7293508|1|0|0|9|1,1.67081088802E9,7293508,block_result,1,3D17A0C23B94CF7B58893AE6434F5B2908C7EE098CBBAE1F21AF301EC0606512,0,0,9,0,1,osmo1axhcn05qpfuaynnx7hlglcy04jujhh6pdp04yc,1.0999761985213123E19,ibc/F16FDC11A7662B86BC0B9CE61871CBACF7C20606F95E86260FD38915184B75B4,732,1.717497548683163E9
7293508|1|0|0|9|2,1.67081088802E9,7293508,block_result,1,3D17A0C23B94CF7B58893AE6434F5B2908C7EE098CBBAE1F21AF301EC0606512,0,0,9,0,2,osmo1axhcn05qpfuaynnx7hlglcy04jujhh6pdp04yc,219119.0,uosmo,732,1.717497548683163E9
5577273|1|0|0|9|1,1.660448475104E9,5577273,block_result,1,0554E8A82C6B6F0412DB0B75EC77B6A42A443C8CE479B1BF50D6B2206443329C,0,0,9,0,1,osmo1s8elzc7pltmwf3xfcdph44c09dvq7gsjfqf95a,8.454548163162977E20,ibc/F16FDC11A7662B86BC0B9CE61871CBACF7C20606F95E86260FD38915184B75B4,732,1.717561815714103E9
5577273|1|0|0|9|2,1.660448475104E9,5577273,block_result,1,0554E8A82C6B6F0412DB0B75EC77B6A42A443C8CE479B1BF50D6B2206443329C,0,0,9,0,2,osmo1s8elzc7pltmwf3xfcdph44c09dvq7gsjfqf95a,8.5E7,uosmo,732,1.717561815714103E9
7274050|1|30|0|9|1,1.670698390764E9,7274050,block_result,1,DB0C4CFC41C9E0F1865A9B6AD40C51BE7DE02F2C5D33AD97CBEA81C6ED42BC5E,30,0,9,0,1,osmo1s84q7zy0a0f7dchrpj2fk89gyglkwm2eqrzwxu,1.2797933614586714E21,ibc/F16FDC11A7662B86BC0B9CE61871CBACF7C20606F95E86260FD38915184B75B4,732,1.717497362813999E9
7274087|1|22|0|9|1,1.67069860814E9,7274087,block_result,1,4B366C1C77AF496F3D1B964C1193C84D6F00C7D68C81390175EB91EB030013DC,22,0,9,0,1,osmo1s84q7zy0a0f7dchrpj2fk89gyglkwm2eqrzwxu,6.395887390437166E20,ibc/F16FDC11A7662B86BC0B9CE61871CBACF7C20606F95E86260FD38915184B75B4,732,1.717497389817426E9
7270701|1|36|0|9|1,1.670678661807E9,7270701,block_result,1,567B50437D6A7B19F19F60BE42F39C19F66C2B2F632564024548C5617DE96627,36,0,9,0,1,osmo1s84q7zy0a0f7dchrpj2fk89gyglkwm2eqrzwxu,5.8908620648306115E19,ibc/F16FDC11A7662B86BC0B9CE61871CBACF7C20606F95E86260FD38915184B75B4,732,1.717497698431467E9
7273864|1|33|0|9|1,1.670697310972E9,7273864,block_result,1,B1877B5A735F379773E6570073DF55E5B66DF3EA9DBBA76C054B18F13D7AFA75,33,0,9,0,1,osmo1s84q7zy0a0f7dchrpj2fk89gyglkwm2eqrzwxu,1.05E21,ibc/F16FDC11A7662B86BC0B9CE61871CBACF7C20606F95E86260FD38915184B75B4,732,1.717497859721909E9
7270676|1|8|0|9|1,1.670678515602E9,7270676,block_result,1,D57E423E1D785D39ABC1252DF8C6C1FAB250230EF8A11136A78785CB2E5F3818,8,0,9,0,1,osmo1s84q7zy0a0f7dchrpj2fk89gyglkwm2eqrzwxu,1.6800691633779583E19,ibc/F16FDC11A7662B86BC0B9CE61871CBACF7C20606F95E86260FD38915184B75B4,732,1.717497873488344E9
15759023|1|0|0|11|1,1.715810386479E9,15759023,block_result,1,F54C6B00CDBAA17415B0D077294227CCCE9003A22D2D89BDAA878E6820762EDE,0,0,11,0,1,osmo1s84q7zy0a0f7dchrpj2fk89gyglkwm2eqrzwxu,1.453617473283243E19,ibc/F16FDC11A7662B86BC0B9CE61871CBACF7C20606F95E86260FD38915184B75B4,732,1.716989520438317E9
6934547|1|61|0|9|1,1.668702867133E9,6934547,block_result,1,73F11522C3796B898C9777A33FF517FB7AB3ED04FEB242655905A37DF7E6CA51,61,0,9,0,1,osmo1s84q7zy0a0f7dchrpj2fk89gyglkwm2eqrzwxu,7.919242461099919E20,ibc/F16FDC11A7662B86BC0B9CE61871CBACF7C20606F95E86260FD38915184B75B4,732,1.717503906050456E9
6925585|1|2|0|9|2,1.668650460292E9,6925585,block_result,1,5F26B2BA493F4C5406912CDFE05F9B2F2F7B4A1CAF8AA65389E61796FDD9C85D,2,0,9,0,2,osmo15pwqxvf22r750lt3pgfda24trheakx7283mgug,998001.0,uosmo,732,1.717512520055131E9
6925585|1|2|0|9|1,1.668650460292E9,6925585,block_result,1,5F26B2BA493F4C5406912CDFE05F9B2F2F7B4A1CAF8AA65389E61796FDD9C85D,2,0,9,0,1,osmo15pwqxvf22r750lt3pgfda24trheakx7283mgug,3.562930566099224E19,ibc/F16FDC11A7662B86BC0B9CE61871CBACF7C20606F95E86260FD38915184B75B4,732,1.717512520055131E9
6558679|1|19|0|9|1,1.666466677101E9,6558679,block_result,1,4D1B0C4D2D83F123C977D1454BFB24520636328612E51AEF36C57DC2CA66F6A0,19,0,9,0,1,osmo1s84q7zy0a0f7dchrpj2fk89gyglkwm2eqrzwxu,1.5E20,ibc/F16FDC11A7662B86BC0B9CE61871CBACF7C20606F95E86260FD38915184B75B4,732,1.717513422132428E9
6558676|1|54|0|9|1,1.666466661783E9,6558676,block_result,1,D86E0C64FA3B38A4A8573907F8229C8306F1A288A673B25C32E7191E5CB39255,54,0,9,0,1,osmo1s84q7zy0a0f7dchrpj2fk89gyglkwm2eqrzwxu,2.0E20,ibc/F16FDC11A7662B86BC0B9CE61871CBACF7C20606F95E86260FD38915184B75B4,732,1.717513423772712E9
6558682|1|19|0|9|1,1.666466695612E9,6558682,block_result,1,911216C750D7F1F5CF53C2C25AB6DEC382E9DD1B4542547608A08412D1CD7BC5,19,0,9,0,1,osmo1s84q7zy0a0f7dchrpj2fk89gyglkwm2eqrzwxu,1.5E20,ibc/F16FDC11A7662B86BC0B9CE61871CBACF7C20606F95E86260FD38915184B75B4,732,1.717513427493908E9
6556280|1|13|0|9|1,1.666451876649E9,6556280,block_result,1,ACA0C9E6F1CBBBB62950DE64A41B082CECE2492CFDF5CBD46F41C148F55C5D80,13,0,9,0,1,osmo1s84q7zy0a0f7dchrpj2fk89gyglkwm2eqrzwxu,1.0E20,ibc/F16FDC11A7662B86BC0B9CE61871CBACF7C20606F95E86260FD38915184B75B4,732,1.717513448665502E9
6556189|1|16|0|9|1,1.666451327116E9,6556189,block_result,1,094CD050DAB60DDA876E11EAAB4EE9EAC070DC65458A366FFCB1D4537EA27559,16,0,9,0,1,osmo1s84q7zy0a0f7dchrpj2fk89gyglkwm2eqrzwxu,8.608933626869984E19,ibc/F16FDC11A7662B86BC0B9CE61871CBACF7C20606F95E86260FD38915184B75B4,732,1.717513449637474E9
6556289|1|6|0|9|1,1.666451925834E9,6556289,block_result,1,B85ABA4B80599E5F61B85FC358EF7BA7F9117402CBEAA5C13056AAA9857F3F51,6,0,9,0,1,osmo1s84q7zy0a0f7dchrpj2fk89gyglkwm2eqrzwxu,1.0E20,ibc/F16FDC11A7662B86BC0B9CE61871CBACF7C20606F95E86260FD38915184B75B4,732,1.717513450010332E9
6556260|1|6|0|9|1,1.666451757556E9,6556260,block_result,1,965472F229534A157FF4369B4BCEA3B6F12D6203772678978A582968D021F3CE,6,0,9,0,1,osmo1s84q7zy0a0f7dchrpj2fk89gyglkwm2eqrzwxu,9.5E19,ibc/F16FDC11A7662B86BC0B9CE61871CBACF7C20606F95E86260FD38915184B75B4,732,1.717513450634911E9
8463011|1|2|0|9|1,1.677451534663E9,8463011,block_result,1,DA0CA18806E8823472004446489C62BFD94FE89995DEA9F0D3D138FEDD9645A0,2,0,9,0,1,osmo1s84q7zy0a0f7dchrpj2fk89gyglkwm2eqrzwxu,5.0E19,ibc/F16FDC11A7662B86BC0B9CE61871CBACF7C20606F95E86260FD38915184B75B4,732,1.71746713256164E9
8459424|1|15|0|9|1,1.677430775903E9,8459424,block_result,1,39CB7ECC167501061F56F3118634C63279649F02370CF2528562FF27E02C31F3,15,0,9,0,1,osmo16hp7wzudkeyw6fvgvalm0fh3elp9czhf9l3k7l,155043.0,uosmo,732,1.717467164787405E9
8458275|1|13|0|9|1,1.677424289073E9,8458275,block_result,1,EB5507E7DB03FB97A882E021D0110C06CD39E3425272AB4D544286D3A45CE755,13,0,9,0,1,osmo16hp7wzudkeyw6fvgvalm0fh3elp9czhf9l3k7l,18270.0,uosmo,732,1.717467282141268E9
